candidate_cohort_seed,cohort_position,query_id,method,method_family,direction,candidate_budget,rank,cfe_logit
101,0,5,dice_gradient_style,Baseline,disease_to_no_disease,1024,1,-0.9737162590026855
101,1,64,proposed_dp_eps16_sparse_diverse,DP-CounterGAN eps=16,disease_to_no_disease,1024,8,-0.5150011777877808
101,2,28,proposed_dp_eps2_sparse_diverse,DP-CounterGAN eps=2,disease_to_no_disease,1024,1,-0.3622641861438751
101,3,93,proposed_dp_eps4_sparse_diverse,DP-CounterGAN eps=4,disease_to_no_disease,1024,7,-0.1715539991855621
101,4,44,proposed_dp_eps8_sparse_diverse,DP-CounterGAN eps=8,disease_to_no_disease,1024,9,-0.3028022050857544
101,5,12,proposed_countergan,Non-DP CounterGAN,disease_to_no_disease,1024,9,-0.8344135284423828
101,6,100,uniform_random,Baseline,no_disease_to_disease,1024,2,0.5589702725410461
101,7,115,proposed_dp_eps16_sparse_diverse,DP-CounterGAN eps=16,no_disease_to_disease,1024,9,0.2456432580947876
101,8,136,proposed_dp_eps2_sparse_diverse,DP-CounterGAN eps=2,no_disease_to_disease,1024,3,0.3767499625682831
101,9,139,proposed_dp_eps4_sparse_diverse,DP-CounterGAN eps=4,no_disease_to_disease,1024,4,0.204046368598938
101,10,134,proposed_dp_eps8_sparse_diverse,DP-CounterGAN eps=8,no_disease_to_disease,1024,4,0.2438446581363678
101,11,103,proposed_countergan,Non-DP CounterGAN,no_disease_to_disease,1024,4,0.5435733795166016
101,12,39,genetic_cfe,Baseline,disease_to_no_disease,1024,2,-0.2654752135276794
101,13,7,proposed_dp_eps16_sparse_diverse,DP-CounterGAN eps=16,disease_to_no_disease,1024,7,-1.2738192081451416
101,14,95,proposed_dp_eps2_sparse_diverse,DP-CounterGAN eps=2,disease_to_no_disease,1024,9,-0.3883099257946014
101,15,74,proposed_dp_eps4_sparse_diverse,DP-CounterGAN eps=4,disease_to_no_disease,1024,8,-0.573357105255127
101,16,93,proposed_dp_eps8_sparse_diverse,DP-CounterGAN eps=8,disease_to_no_disease,1024,4,-0.1071300655603408
101,17,96,proposed_countergan,Non-DP CounterGAN,disease_to_no_disease,1024,2,-0.1077480465173721
101,18,118,genetic_cfe,Baseline,no_disease_to_disease,1024,3,0.1582772433757782
101,19,132,proposed_dp_eps16_sparse_diverse,DP-CounterGAN eps=16,no_disease_to_disease,1024,3,0.2763301432132721
101,20,157,proposed_dp_eps2_sparse_diverse,DP-CounterGAN eps=2,no_disease_to_disease,1024,4,0.2131914049386978
101,21,144,proposed_dp_eps4_sparse_diverse,DP-CounterGAN eps=4,no_disease_to_disease,1024,4,0.2333543002605438
101,22,116,proposed_dp_eps8_sparse_diverse,DP-CounterGAN eps=8,no_disease_to_disease,1024,10,0.3256378173828125
101,23,148,countergan_sparse_diverse_no_dp,Non-DP CounterGAN,no_disease_to_disease,1024,1,0.1106303259730339
101,24,47,dice_gradient_style,Baseline,disease_to_no_disease,1024,7,-0.5674394369125366
101,25,1,proposed_dp_eps16_sparse_diverse,DP-CounterGAN eps=16,disease_to_no_disease,1024,5,-0.3855569660663605
101,26,47,proposed_dp_eps2_sparse_diverse,DP-CounterGAN eps=2,disease_to_no_disease,1024,8,-0.4539084136486053
101,27,67,proposed_dp_eps4_sparse_diverse,DP-CounterGAN eps=4,disease_to_no_disease,1024,4,-0.1429307460784912
101,28,80,proposed_dp_eps8_sparse_diverse,DP-CounterGAN eps=8,disease_to_no_disease,1024,5,-0.1051599383354187
101,29,33,proposed_countergan,Non-DP CounterGAN,disease_to_no_disease,1024,9,-1.917011022567749
101,30,137,wachter_style,Baseline,no_disease_to_disease,1024,1,0.161090463399887
101,31,137,proposed_dp_eps16_sparse_diverse,DP-CounterGAN eps=16,no_disease_to_disease,1024,10,0.2350475937128067
101,32,125,proposed_dp_eps2_sparse_diverse,DP-CounterGAN eps=2,no_disease_to_disease,1024,5,0.2868705987930298
101,33,128,proposed_dp_eps4_sparse_diverse,DP-CounterGAN eps=4,no_disease_to_disease,1024,6,0.1498485803604126
101,34,122,proposed_dp_eps8_sparse_diverse,DP-CounterGAN eps=8,no_disease_to_disease,1024,7,0.1452945172786712
101,35,106,proposed_countergan,Non-DP CounterGAN,no_disease_to_disease,1024,8,0.8073164224624634
101,36,27,uniform_random,Baseline,disease_to_no_disease,1024,2,-0.8297824859619141
101,37,29,proposed_dp_eps16_sparse_diverse,DP-CounterGAN eps=16,disease_to_no_disease,1024,9,-0.2962420284748077
101,38,79,proposed_dp_eps2_sparse_diverse,DP-CounterGAN eps=2,disease_to_no_disease,1024,10,-0.2866975665092468
101,39,98,proposed_dp_eps4_sparse_diverse,DP-CounterGAN eps=4,disease_to_no_disease,1024,10,-0.2829901278018951
101,40,62,proposed_dp_eps8_sparse_diverse,DP-CounterGAN eps=8,disease_to_no_disease,1024,7,-0.8999794721603394
101,41,22,proposed_countergan,Non-DP CounterGAN,disease_to_no_disease,1024,8,-1.7407160997390747
101,42,130,uniform_random,Baseline,no_disease_to_disease,1024,8,0.4244062304496765
101,43,155,proposed_dp_eps16_sparse_diverse,DP-CounterGAN eps=16,no_disease_to_disease,1024,10,0.3607203066349029
101,44,111,proposed_dp_eps2_sparse_diverse,DP-CounterGAN eps=2,no_disease_to_disease,1024,2,0.4277306497097015
101,45,121,proposed_dp_eps4_sparse_diverse,DP-CounterGAN eps=4,no_disease_to_disease,1024,2,0.1779132783412933
101,46,121,proposed_dp_eps8_sparse_diverse,DP-CounterGAN eps=8,no_disease_to_disease,1024,5,0.3331542909145355
101,47,134,countergan_sparse_diverse_no_dp,Non-DP CounterGAN,no_disease_to_disease,1024,2,0.1035709381103515
101,48,18,genetic_cfe,Baseline,disease_to_no_disease,1024,5,-0.1082464754581451
101,49,27,proposed_dp_eps16_sparse_diverse,DP-CounterGAN eps=16,disease_to_no_disease,1024,3,-0.3726467192173004
101,50,10,proposed_dp_eps2_sparse_diverse,DP-CounterGAN eps=2,disease_to_no_disease,1024,2,-0.1487985849380493
101,51,68,proposed_dp_eps4_sparse_diverse,DP-CounterGAN eps=4,disease_to_no_disease,1024,4,-0.1177299916744232
101,52,67,proposed_dp_eps8_sparse_diverse,DP-CounterGAN eps=8,disease_to_no_disease,1024,10,-0.4135065376758575
101,53,13,countergan_sparse_diverse_no_dp,Non-DP CounterGAN,disease_to_no_disease,1024,2,-0.4162662923336029
101,54,116,dice_gradient_style,Baseline,no_disease_to_disease,1024,1,0.2004846781492233
101,55,121,proposed_dp_eps16_sparse_diverse,DP-CounterGAN eps=16,no_disease_to_disease,1024,9,0.4735360443592071
101,56,118,proposed_dp_eps2_sparse_diverse,DP-CounterGAN eps=2,no_disease_to_disease,1024,1,0.1379352360963821
101,57,135,proposed_dp_eps4_sparse_diverse,DP-CounterGAN eps=4,no_disease_to_disease,1024,7,0.2406691908836364
101,58,149,proposed_dp_eps8_sparse_diverse,DP-CounterGAN eps=8,no_disease_to_disease,1024,3,0.2544405460357666
101,59,163,countergan_one_shot,Non-DP CounterGAN,no_disease_to_disease,1024,1,0.4230047762393951
101,60,46,uniform_random,Baseline,disease_to_no_disease,1024,8,-0.2339505851268768
101,61,24,proposed_dp_eps16_sparse_diverse,DP-CounterGAN eps=16,disease_to_no_disease,1024,10,-1.430267572402954
101,62,26,proposed_dp_eps2_sparse_diverse,DP-CounterGAN eps=2,disease_to_no_disease,1024,5,-0.2468308508396148
101,63,15,proposed_dp_eps4_sparse_diverse,DP-CounterGAN eps=4,disease_to_no_disease,1024,1,-0.203349769115448
101,64,67,proposed_dp_eps8_sparse_diverse,DP-CounterGAN eps=8,disease_to_no_disease,1024,1,-0.1052321940660476
101,65,74,countergan_one_shot,Non-DP CounterGAN,disease_to_no_disease,1024,3,-0.6859749555587769
101,66,107,uniform_random,Baseline,no_disease_to_disease,1024,3,0.1525118052959442
101,67,104,proposed_dp_eps16_sparse_diverse,DP-CounterGAN eps=16,no_disease_to_disease,1024,5,0.1650175899267196
101,68,156,proposed_dp_eps2_sparse_diverse,DP-CounterGAN eps=2,no_disease_to_disease,1024,8,0.511054277420044
101,69,135,proposed_dp_eps4_sparse_diverse,DP-CounterGAN eps=4,no_disease_to_disease,1024,4,0.4218566119670868
101,70,119,proposed_dp_eps8_sparse_diverse,DP-CounterGAN eps=8,no_disease_to_disease,1024,9,0.2155026495456695
101,71,114,proposed_countergan,Non-DP CounterGAN,no_disease_to_disease,1024,2,1.6766908168792725
101,72,17,dice_gradient_style,Baseline,disease_to_no_disease,1024,1,-0.1658384799957275
101,73,88,proposed_dp_eps16_sparse_diverse,DP-CounterGAN eps=16,disease_to_no_disease,1024,10,-0.3895634114742279
101,74,98,proposed_dp_eps2_sparse_diverse,DP-CounterGAN eps=2,disease_to_no_disease,1024,1,-0.104394644498825
101,75,92,proposed_dp_eps4_sparse_diverse,DP-CounterGAN eps=4,disease_to_no_disease,1024,3,-0.1547296345233917
101,76,86,proposed_dp_eps8_sparse_diverse,DP-CounterGAN eps=8,disease_to_no_disease,1024,2,-0.1193931996822357
101,77,14,countergan_sparse_diverse_no_dp,Non-DP CounterGAN,disease_to_no_disease,1024,4,-1.0338650941848757
101,78,111,uniform_random,Baseline,no_disease_to_disease,1024,9,0.4409147202968597
101,79,162,proposed_dp_eps16_sparse_diverse,DP-CounterGAN eps=16,no_disease_to_disease,1024,8,0.5695402026176453
101,80,124,proposed_dp_eps2_sparse_diverse,DP-CounterGAN eps=2,no_disease_to_disease,1024,3,0.1098958104848861
101,81,106,proposed_dp_eps4_sparse_diverse,DP-CounterGAN eps=4,no_disease_to_disease,1024,7,0.3133576810359955
101,82,107,proposed_dp_eps8_sparse_diverse,DP-CounterGAN eps=8,no_disease_to_disease,1024,1,0.2217537611722946
101,83,119,countergan_one_shot,Non-DP CounterGAN,no_disease_to_disease,1024,1,0.2602859139442444
101,84,58,uniform_random,Baseline,disease_to_no_disease,1024,6,-0.4867606461048126
101,85,58,proposed_dp_eps16_sparse_diverse,DP-CounterGAN eps=16,disease_to_no_disease,1024,8,-0.5740973949432373
101,86,21,proposed_dp_eps2_sparse_diverse,DP-CounterGAN eps=2,disease_to_no_disease,1024,4,-2.155105829238892
101,87,55,proposed_dp_eps4_sparse_diverse,DP-CounterGAN eps=4,disease_to_no_disease,1024,7,-0.204862505197525
101,88,70,proposed_dp_eps8_sparse_diverse,DP-CounterGAN eps=8,disease_to_no_disease,1024,4,-0.3496334552764892
101,89,97,countergan_sparse_diverse_no_dp,Non-DP CounterGAN,disease_to_no_disease,1024,7,-0.1300222277641296
101,90,104,uniform_random,Baseline,no_disease_to_disease,1024,8,0.11410753428936
101,91,103,proposed_dp_eps16_sparse_diverse,DP-CounterGAN eps=16,no_disease_to_disease,1024,7,0.2873046994209289
101,92,124,proposed_dp_eps2_sparse_diverse,DP-CounterGAN eps=2,no_disease_to_disease,1024,10,0.5200429558753967
101,93,155,proposed_dp_eps4_sparse_diverse,DP-CounterGAN eps=4,no_disease_to_disease,1024,8,0.2524781227111816
101,94,163,proposed_dp_eps8_sparse_diverse,DP-CounterGAN eps=8,no_disease_to_disease,1024,8,0.4216925203800201
101,95,123,proposed_countergan,Non-DP CounterGAN,no_disease_to_disease,1024,4,0.1573478430509567
101,96,64,genetic_cfe,Baseline,disease_to_no_disease,1024,2,-0.1024088561534881
101,97,87,proposed_dp_eps16_sparse_diverse,DP-CounterGAN eps=16,disease_to_no_disease,1024,4,-0.5586754083633423
101,98,57,proposed_dp_eps2_sparse_diverse,DP-CounterGAN eps=2,disease_to_no_disease,1024,4,-0.1764620840549469
101,99,34,proposed_dp_eps4_sparse_diverse,DP-CounterGAN eps=4,disease_to_no_disease,1024,10,-0.4673463404178619
101,100,10,proposed_dp_eps8_sparse_diverse,DP-CounterGAN eps=8,disease_to_no_disease,1024,8,-1.8369520902633667
101,101,56,countergan_sparse_diverse_no_dp,Non-DP CounterGAN,disease_to_no_disease,1024,8,-0.1104183197021484
101,102,108,uniform_random,Baseline,no_disease_to_disease,1024,3,0.2095730602741241
101,103,131,proposed_dp_eps16_sparse_diverse,DP-CounterGAN eps=16,no_disease_to_disease,1024,4,0.4900204837322235
101,104,159,proposed_dp_eps2_sparse_diverse,DP-CounterGAN eps=2,no_disease_to_disease,1024,9,0.3047268986701965
101,105,141,proposed_dp_eps4_sparse_diverse,DP-CounterGAN eps=4,no_disease_to_disease,1024,1,0.3790650367736816
101,106,146,proposed_dp_eps8_sparse_diverse,DP-CounterGAN eps=8,no_disease_to_disease,1024,2,0.1910220086574554
101,107,163,countergan_sparse_diverse_no_dp,Non-DP CounterGAN,no_disease_to_disease,1024,3,0.3721629083156585
101,108,1,genetic_cfe,Baseline,disease_to_no_disease,1024,8,-0.1771444976329803
101,109,10,proposed_dp_eps16_sparse_diverse,DP-CounterGAN eps=16,disease_to_no_disease,1024,4,-1.507526993751526
101,110,76,proposed_dp_eps2_sparse_diverse,DP-CounterGAN eps=2,disease_to_no_disease,1024,10,-0.106932908296585
101,111,28,proposed_dp_eps4_sparse_diverse,DP-CounterGAN eps=4,disease_to_no_disease,1024,1,-0.3622641861438751
101,112,51,proposed_dp_eps8_sparse_diverse,DP-CounterGAN eps=8,disease_to_no_disease,1024,10,-0.2730700671672821
101,113,83,proposed_countergan,Non-DP CounterGAN,disease_to_no_disease,1024,9,-0.8569097518920898
101,114,110,uniform_random,Baseline,no_disease_to_disease,1024,3,0.5469459295272827
101,115,150,proposed_dp_eps16_sparse_diverse,DP-CounterGAN eps=16,no_disease_to_disease,1024,3,0.3780228495597839
101,116,131,proposed_dp_eps2_sparse_diverse,DP-CounterGAN eps=2,no_disease_to_disease,1024,10,0.2101138532161712
101,117,164,proposed_dp_eps4_sparse_diverse,DP-CounterGAN eps=4,no_disease_to_disease,1024,5,0.6374009251594543
101,118,124,proposed_dp_eps8_sparse_diverse,DP-CounterGAN eps=8,no_disease_to_disease,1024,1,0.2964145839214325
101,119,149,proposed_countergan,Non-DP CounterGAN,no_disease_to_disease,1024,9,0.8160895109176636
101,120,1,uniform_random,Baseline,disease_to_no_disease,1024,9,-0.2759954035282135
101,121,99,proposed_dp_eps16_sparse_diverse,DP-CounterGAN eps=16,disease_to_no_disease,1024,2,-0.426222950220108
101,122,19,proposed_dp_eps2_sparse_diverse,DP-CounterGAN eps=2,disease_to_no_disease,1024,5,-0.3090694844722748
101,123,97,proposed_dp_eps4_sparse_diverse,DP-CounterGAN eps=4,disease_to_no_disease,1024,7,-0.1307011246681213
101,124,79,proposed_dp_eps8_sparse_diverse,DP-CounterGAN eps=8,disease_to_no_disease,1024,10,-0.1450409889221191
101,125,46,proposed_countergan,Non-DP CounterGAN,disease_to_no_disease,1024,3,-1.0654091835021973
101,126,110,wachter_style,Baseline,no_disease_to_disease,1024,4,0.8289700746536255
101,127,130,proposed_dp_eps16_sparse_diverse,DP-CounterGAN eps=16,no_disease_to_disease,1024,5,0.1004660725593566
101,128,134,proposed_dp_eps2_sparse_diverse,DP-CounterGAN eps=2,no_disease_to_disease,1024,2,0.2202956080436706
101,129,155,proposed_dp_eps4_sparse_diverse,DP-CounterGAN eps=4,no_disease_to_disease,1024,2,0.2651459872722626
101,130,108,proposed_dp_eps8_sparse_diverse,DP-CounterGAN eps=8,no_disease_to_disease,1024,10,0.22684146463871
101,131,150,proposed_countergan,Non-DP CounterGAN,no_disease_to_disease,1024,5,0.8002606630325317
101,132,5,genetic_cfe,Baseline,disease_to_no_disease,1024,7,-0.8771985769271851
101,133,20,proposed_dp_eps16_sparse_diverse,DP-CounterGAN eps=16,disease_to_no_disease,1024,6,-1.0026609897613523
101,134,57,proposed_dp_eps2_sparse_diverse,DP-CounterGAN eps=2,disease_to_no_disease,1024,6,-0.143257737159729
101,135,15,proposed_dp_eps4_sparse_diverse,DP-CounterGAN eps=4,disease_to_no_disease,1024,6,-0.1110458672046661
101,136,63,proposed_dp_eps8_sparse_diverse,DP-CounterGAN eps=8,disease_to_no_disease,1024,8,-0.2931636273860931
101,137,42,proposed_countergan,Non-DP CounterGAN,disease_to_no_disease,1024,9,-0.4205563366413116
101,138,112,dice_gradient_style,Baseline,no_disease_to_disease,1024,2,0.7974749803543091
101,139,115,proposed_dp_eps16_sparse_diverse,DP-CounterGAN eps=16,no_disease_to_disease,1024,3,0.3977878987789154
101,140,141,proposed_dp_eps2_sparse_diverse,DP-CounterGAN eps=2,no_disease_to_disease,1024,3,0.4476686716079712
101,141,142,proposed_dp_eps4_sparse_diverse,DP-CounterGAN eps=4,no_disease_to_disease,1024,5,0.4471981227397918
101,142,136,proposed_dp_eps8_sparse_diverse,DP-CounterGAN eps=8,no_disease_to_disease,1024,9,0.5112500190734863
101,143,112,countergan_sparse_diverse_no_dp,Non-DP CounterGAN,no_disease_to_disease,1024,6,0.2730205655097961
101,144,30,uniform_random,Baseline,disease_to_no_disease,1024,2,-0.2884379923343658
101,145,11,proposed_dp_eps16_sparse_diverse,DP-CounterGAN eps=16,disease_to_no_disease,1024,5,-0.2280872166156768
101,146,76,proposed_dp_eps2_sparse_diverse,DP-CounterGAN eps=2,disease_to_no_disease,1024,8,-0.1871545016765594
101,147,12,proposed_dp_eps4_sparse_diverse,DP-CounterGAN eps=4,disease_to_no_disease,1024,7,-0.3685311377048492
101,148,60,proposed_dp_eps8_sparse_diverse,DP-CounterGAN eps=8,disease_to_no_disease,1024,2,-0.1184965074062347
101,149,61,countergan_sparse_diverse_no_dp,Non-DP CounterGAN,disease_to_no_disease,1024,4,-0.1821233332157135
101,150,124,dice_gradient_style,Baseline,no_disease_to_disease,1024,4,1.3652374744415283
101,151,112,proposed_dp_eps16_sparse_diverse,DP-CounterGAN eps=16,no_disease_to_disease,1024,4,0.1986539363861084
101,152,139,proposed_dp_eps2_sparse_diverse,DP-CounterGAN eps=2,no_disease_to_disease,1024,2,0.1803345382213592
101,153,159,proposed_dp_eps4_sparse_diverse,DP-CounterGAN eps=4,no_disease_to_disease,1024,4,0.2702817022800445
101,154,122,proposed_dp_eps8_sparse_diverse,DP-CounterGAN eps=8,no_disease_to_disease,1024,10,0.2258179783821106
101,155,122,countergan_sparse_diverse_no_dp,Non-DP CounterGAN,no_disease_to_disease,1024,6,0.1836418956518173
101,156,21,wachter_style,Baseline,disease_to_no_disease,1024,4,-2.638563632965088
101,157,55,proposed_dp_eps16_sparse_diverse,DP-CounterGAN eps=16,disease_to_no_disease,1024,7,-0.5854113101959229
101,158,87,proposed_dp_eps2_sparse_diverse,DP-CounterGAN eps=2,disease_to_no_disease,1024,9,-0.6968536376953125
101,159,1,proposed_dp_eps4_sparse_diverse,DP-CounterGAN eps=4,disease_to_no_disease,1024,2,-0.6445198059082031
101,160,77,proposed_dp_eps8_sparse_diverse,DP-CounterGAN eps=8,disease_to_no_disease,1024,7,-0.1736848056316375
101,161,13,countergan_sparse_diverse_no_dp,Non-DP CounterGAN,disease_to_no_disease,1024,7,-0.3028040826320648
101,162,157,dice_gradient_style,Baseline,no_disease_to_disease,1024,3,0.4563970863819122
101,163,135,proposed_dp_eps16_sparse_diverse,DP-CounterGAN eps=16,no_disease_to_disease,1024,8,0.2406691908836364
101,164,148,proposed_dp_eps2_sparse_diverse,DP-CounterGAN eps=2,no_disease_to_disease,1024,9,0.3174901604652405
101,165,130,proposed_dp_eps4_sparse_diverse,DP-CounterGAN eps=4,no_disease_to_disease,1024,2,0.1474587023258209
101,166,111,proposed_dp_eps8_sparse_diverse,DP-CounterGAN eps=8,no_disease_to_disease,1024,10,0.4771908819675445
101,167,114,countergan_one_shot,Non-DP CounterGAN,no_disease_to_disease,1024,5,1.378448486328125
101,168,57,uniform_random,Baseline,disease_to_no_disease,1024,5,-0.465749055147171
101,169,44,proposed_dp_eps16_sparse_diverse,DP-CounterGAN eps=16,disease_to_no_disease,1024,2,-0.230566918849945
101,170,26,proposed_dp_eps2_sparse_diverse,DP-CounterGAN eps=2,disease_to_no_disease,1024,10,-0.656098484992981
101,171,53,proposed_dp_eps4_sparse_diverse,DP-CounterGAN eps=4,disease_to_no_disease,1024,3,-0.1303474605083465
101,172,90,proposed_dp_eps8_sparse_diverse,DP-CounterGAN eps=8,disease_to_no_disease,1024,2,-0.1004191190004348
101,173,97,countergan_one_shot,Non-DP CounterGAN,disease_to_no_disease,1024,1,-0.8379508256912231
101,174,116,uniform_random,Baseline,no_disease_to_disease,1024,5,0.2972646355628967
101,175,124,proposed_dp_eps16_sparse_diverse,DP-CounterGAN eps=16,no_disease_to_disease,1024,8,0.2427606284618377
101,176,140,proposed_dp_eps2_sparse_diverse,DP-CounterGAN eps=2,no_disease_to_disease,1024,4,0.4678243994712829
101,177,144,proposed_dp_eps4_sparse_diverse,DP-CounterGAN eps=4,no_disease_to_disease,1024,10,0.3767406344413757
101,178,136,proposed_dp_eps8_sparse_diverse,DP-CounterGAN eps=8,no_disease_to_disease,1024,10,0.1269854307174682
101,179,138,countergan_sparse_diverse_no_dp,Non-DP CounterGAN,no_disease_to_disease,1024,8,0.2531391680240631
101,180,67,wachter_style,Baseline,disease_to_no_disease,1024,1,-0.2049485743045807
101,181,39,proposed_dp_eps16_sparse_diverse,DP-CounterGAN eps=16,disease_to_no_disease,1024,4,-0.1768624186515808
101,182,40,proposed_dp_eps2_sparse_diverse,DP-CounterGAN eps=2,disease_to_no_disease,1024,10,-0.7031378746032715
101,183,4,proposed_dp_eps4_sparse_diverse,DP-CounterGAN eps=4,disease_to_no_disease,1024,3,-0.1650155484676361
101,184,18,proposed_dp_eps8_sparse_diverse,DP-CounterGAN eps=8,disease_to_no_disease,1024,1,-0.3114769756793976
101,185,36,countergan_sparse_diverse_no_dp,Non-DP CounterGAN,disease_to_no_disease,1024,1,-0.1492861807346344
101,186,119,dice_gradient_style,Baseline,no_disease_to_disease,1024,3,0.3498162031173706
101,187,111,proposed_dp_eps16_sparse_diverse,DP-CounterGAN eps=16,no_disease_to_disease,1024,4,0.1721545904874801
101,188,146,proposed_dp_eps2_sparse_diverse,DP-CounterGAN eps=2,no_disease_to_disease,1024,7,0.5355334281921387
101,189,120,proposed_dp_eps4_sparse_diverse,DP-CounterGAN eps=4,no_disease_to_disease,1024,7,0.1079224348068237
101,190,148,proposed_dp_eps8_sparse_diverse,DP-CounterGAN eps=8,no_disease_to_disease,1024,3,0.2312683463096618
101,191,116,countergan_one_shot,Non-DP CounterGAN,no_disease_to_disease,1024,2,0.2321208119392395
101,192,62,genetic_cfe,Baseline,disease_to_no_disease,1024,5,-0.3598174154758453
101,193,92,proposed_dp_eps16_sparse_diverse,DP-CounterGAN eps=16,disease_to_no_disease,1024,4,-0.1583652794361114
101,194,12,proposed_dp_eps2_sparse_diverse,DP-CounterGAN eps=2,disease_to_no_disease,1024,10,-0.3334146738052368
101,195,91,proposed_dp_eps4_sparse_diverse,DP-CounterGAN eps=4,disease_to_no_disease,1024,5,-0.175062209367752
101,196,86,proposed_dp_eps8_sparse_diverse,DP-CounterGAN eps=8,disease_to_no_disease,1024,10,-0.3384775817394256
101,197,63,proposed_countergan,Non-DP CounterGAN,disease_to_no_disease,1024,9,-1.5316684246063232
101,198,138,dice_gradient_style,Baseline,no_disease_to_disease,1024,2,0.2867882251739502
101,199,135,proposed_dp_eps16_sparse_diverse,DP-CounterGAN eps=16,no_disease_to_disease,1024,3,0.4900321066379547
101,200,136,proposed_dp_eps2_sparse_diverse,DP-CounterGAN eps=2,no_disease_to_disease,1024,6,0.2133428752422332
101,201,103,proposed_dp_eps4_sparse_diverse,DP-CounterGAN eps=4,no_disease_to_disease,1024,6,0.2875200510025024
101,202,186,proposed_dp_eps8_sparse_diverse,DP-CounterGAN eps=8,no_disease_to_disease,1024,2,0.1037313342094421
101,203,163,proposed_countergan,Non-DP CounterGAN,no_disease_to_disease,1024,4,0.3327903151512146
101,204,67,genetic_cfe,Baseline,disease_to_no_disease,1024,2,-0.1609684824943542
101,205,20,proposed_dp_eps16_sparse_diverse,DP-CounterGAN eps=16,disease_to_no_disease,1024,5,-0.1553665101528167
101,206,79,proposed_dp_eps2_sparse_diverse,DP-CounterGAN eps=2,disease_to_no_disease,1024,6,-0.2097225189208984
101,207,22,proposed_dp_eps4_sparse_diverse,DP-CounterGAN eps=4,disease_to_no_disease,1024,8,-0.3246925771236419
101,208,30,proposed_dp_eps8_sparse_diverse,DP-CounterGAN eps=8,disease_to_no_disease,1024,4,-0.1549182832241058
101,209,15,proposed_countergan,Non-DP CounterGAN,disease_to_no_disease,1024,5,-0.9894472360610962
101,210,164,uniform_random,Baseline,no_disease_to_disease,1024,3,0.3804165720939636
101,211,159,proposed_dp_eps16_sparse_diverse,DP-CounterGAN eps=16,no_disease_to_disease,1024,4,0.2212351411581039
101,212,131,proposed_dp_eps2_sparse_diverse,DP-CounterGAN eps=2,no_disease_to_disease,1024,6,1.290509819984436
101,213,142,proposed_dp_eps4_sparse_diverse,DP-CounterGAN eps=4,no_disease_to_disease,1024,6,0.2316330224275589
101,214,115,proposed_dp_eps8_sparse_diverse,DP-CounterGAN eps=8,no_disease_to_disease,1024,4,0.2303531467914581
101,215,106,proposed_countergan,Non-DP CounterGAN,no_disease_to_disease,1024,3,0.6878325939178467
101,216,58,dice_gradient_style,Baseline,disease_to_no_disease,1024,4,-0.734046220779419
101,217,95,proposed_dp_eps16_sparse_diverse,DP-CounterGAN eps=16,disease_to_no_disease,1024,4,-0.537269115447998
101,218,88,proposed_dp_eps2_sparse_diverse,DP-CounterGAN eps=2,disease_to_no_disease,1024,6,-0.1658904254436493
101,219,86,proposed_dp_eps4_sparse_diverse,DP-CounterGAN eps=4,disease_to_no_disease,1024,2,-0.1196429133415222
101,220,57,proposed_dp_eps8_sparse_diverse,DP-CounterGAN eps=8,disease_to_no_disease,1024,9,-0.4343281090259552
101,221,10,countergan_one_shot,Non-DP CounterGAN,disease_to_no_disease,1024,8,-2.243481397628784
101,222,103,uniform_random,Baseline,no_disease_to_disease,1024,5,0.4016822874546051
101,223,155,proposed_dp_eps16_sparse_diverse,DP-CounterGAN eps=16,no_disease_to_disease,1024,7,0.1102188825607299
101,224,111,proposed_dp_eps2_sparse_diverse,DP-CounterGAN eps=2,no_disease_to_disease,1024,6,0.1104907616972923
101,225,146,proposed_dp_eps4_sparse_diverse,DP-CounterGAN eps=4,no_disease_to_disease,1024,1,0.1609611511230468
101,226,171,proposed_dp_eps8_sparse_diverse,DP-CounterGAN eps=8,no_disease_to_disease,1024,1,0.1096732318401336
101,227,148,countergan_one_shot,Non-DP CounterGAN,no_disease_to_disease,1024,1,0.2313833981752395
101,228,20,wachter_style,Baseline,disease_to_no_disease,1024,5,-0.7051870822906494
101,229,8,proposed_dp_eps16_sparse_diverse,DP-CounterGAN eps=16,disease_to_no_disease,1024,5,-1.014937400817871
101,230,6,proposed_dp_eps2_sparse_diverse,DP-CounterGAN eps=2,disease_to_no_disease,1024,6,-0.2345091998577118
101,231,63,proposed_dp_eps4_sparse_diverse,DP-CounterGAN eps=4,disease_to_no_disease,1024,1,-0.3637609779834747
101,232,69,proposed_dp_eps8_sparse_diverse,DP-CounterGAN eps=8,disease_to_no_disease,1024,3,-0.1435635387897491
101,233,89,countergan_sparse_diverse_no_dp,Non-DP CounterGAN,disease_to_no_disease,1024,5,-0.2491140067577362
101,234,131,dice_gradient_style,Baseline,no_disease_to_disease,1024,2,1.3424886465072632
101,235,128,proposed_dp_eps16_sparse_diverse,DP-CounterGAN eps=16,no_disease_to_disease,1024,3,0.3533951342105865
101,236,109,proposed_dp_eps2_sparse_diverse,DP-CounterGAN eps=2,no_disease_to_disease,1024,5,0.3141973614692688
101,237,150,proposed_dp_eps4_sparse_diverse,DP-CounterGAN eps=4,no_disease_to_disease,1024,7,0.5397289991378784
101,238,141,proposed_dp_eps8_sparse_diverse,DP-CounterGAN eps=8,no_disease_to_disease,1024,3,0.3855487108230591
101,239,138,proposed_countergan,Non-DP CounterGAN,no_disease_to_disease,1024,7,0.3847904801368713
101,240,27,uniform_random,Baseline,disease_to_no_disease,1024,1,-0.3817099034786224
101,241,32,proposed_dp_eps16_sparse_diverse,DP-CounterGAN eps=16,disease_to_no_disease,1024,3,-0.1974147856235504
101,242,45,proposed_dp_eps2_sparse_diverse,DP-CounterGAN eps=2,disease_to_no_disease,1024,3,-0.3084572851657867
101,243,46,proposed_dp_eps4_sparse_diverse,DP-CounterGAN eps=4,disease_to_no_disease,1024,5,-0.1096695065498352
101,244,24,proposed_dp_eps8_sparse_diverse,DP-CounterGAN eps=8,disease_to_no_disease,1024,7,-0.9130560159683228
101,245,74,countergan_sparse_diverse_no_dp,Non-DP CounterGAN,disease_to_no_disease,1024,10,-0.7773159742355347
101,246,125,genetic_cfe,Baseline,no_disease_to_disease,1024,4,0.2529063522815704
101,247,113,proposed_dp_eps16_sparse_diverse,DP-CounterGAN eps=16,no_disease_to_disease,1024,3,0.6480000019073486
101,248,137,proposed_dp_eps2_sparse_diverse,DP-CounterGAN eps=2,no_disease_to_disease,1024,10,0.198092445731163
101,249,109,proposed_dp_eps4_sparse_diverse,DP-CounterGAN eps=4,no_disease_to_disease,1024,8,0.4179893434047699
101,250,105,proposed_dp_eps8_sparse_diverse,DP-CounterGAN eps=8,no_disease_to_disease,1024,3,0.1113722622394561
101,251,118,proposed_countergan,Non-DP CounterGAN,no_disease_to_disease,1024,1,0.6847149133682251
101,252,99,uniform_random,Baseline,disease_to_no_disease,1024,4,-0.2873830497264862
101,253,4,proposed_dp_eps16_sparse_diverse,DP-CounterGAN eps=16,disease_to_no_disease,1024,9,-0.7758331298828125
101,254,45,proposed_dp_eps2_sparse_diverse,DP-CounterGAN eps=2,disease_to_no_disease,1024,9,-0.2198758125305175
101,255,36,proposed_dp_eps4_sparse_diverse,DP-CounterGAN eps=4,disease_to_no_disease,1024,5,-0.2829895317554474
101,256,80,proposed_dp_eps8_sparse_diverse,DP-CounterGAN eps=8,disease_to_no_disease,1024,3,-0.2309171855449676
101,257,23,countergan_sparse_diverse_no_dp,Non-DP CounterGAN,disease_to_no_disease,1024,6,-0.2116065323352813
101,258,126,uniform_random,Baseline,no_disease_to_disease,1024,2,0.2234841287136078
101,259,125,proposed_dp_eps16_sparse_diverse,DP-CounterGAN eps=16,no_disease_to_disease,1024,7,0.4767673015594482
101,260,115,proposed_dp_eps2_sparse_diverse,DP-CounterGAN eps=2,no_disease_to_disease,1024,10,0.2256839573383331
101,261,108,proposed_dp_eps4_sparse_diverse,DP-CounterGAN eps=4,no_disease_to_disease,1024,1,0.1325722932815551
101,262,126,proposed_dp_eps8_sparse_diverse,DP-CounterGAN eps=8,no_disease_to_disease,1024,7,0.1731152236461639
101,263,170,proposed_countergan,Non-DP CounterGAN,no_disease_to_disease,1024,3,0.1331333070993423
101,264,17,genetic_cfe,Baseline,disease_to_no_disease,1024,3,-0.1758462488651275
101,265,29,proposed_dp_eps16_sparse_diverse,DP-CounterGAN eps=16,disease_to_no_disease,1024,3,-0.2573163211345672
101,266,99,proposed_dp_eps2_sparse_diverse,DP-CounterGAN eps=2,disease_to_no_disease,1024,9,-1.5591068267822266
101,267,20,proposed_dp_eps4_sparse_diverse,DP-CounterGAN eps=4,disease_to_no_disease,1024,7,-1.0026609897613523
101,268,9,proposed_dp_eps8_sparse_diverse,DP-CounterGAN eps=8,disease_to_no_disease,1024,10,-2.2793374061584477
101,269,62,countergan_sparse_diverse_no_dp,Non-DP CounterGAN,disease_to_no_disease,1024,5,-0.3547075688838959
101,270,100,genetic_cfe,Baseline,no_disease_to_disease,1024,3,0.1195833086967468
101,271,119,proposed_dp_eps16_sparse_diverse,DP-CounterGAN eps=16,no_disease_to_disease,1024,5,0.1073323711752891
101,272,150,proposed_dp_eps2_sparse_diverse,DP-CounterGAN eps=2,no_disease_to_disease,1024,2,0.1465789526700973
101,273,111,proposed_dp_eps4_sparse_diverse,DP-CounterGAN eps=4,no_disease_to_disease,1024,2,0.1740937680006027
101,274,106,proposed_dp_eps8_sparse_diverse,DP-CounterGAN eps=8,no_disease_to_disease,1024,8,0.1744981706142425
101,275,114,countergan_one_shot,Non-DP CounterGAN,no_disease_to_disease,1024,3,1.4938898086547852
101,276,45,genetic_cfe,Baseline,disease_to_no_disease,1024,1,-0.1253130137920379
101,277,61,proposed_dp_eps16_sparse_diverse,DP-CounterGAN eps=16,disease_to_no_disease,1024,7,-0.1045705080032348
101,278,31,proposed_dp_eps2_sparse_diverse,DP-CounterGAN eps=2,disease_to_no_disease,1024,10,-0.740975022315979
101,279,56,proposed_dp_eps4_sparse_diverse,DP-CounterGAN eps=4,disease_to_no_disease,1024,9,-0.1153821051120758
101,280,92,proposed_dp_eps8_sparse_diverse,DP-CounterGAN eps=8,disease_to_no_disease,1024,10,-0.4942465722560882
101,281,73,countergan_sparse_diverse_no_dp,Non-DP CounterGAN,disease_to_no_disease,1024,9,-0.3399773240089416
101,282,140,wachter_style,Baseline,no_disease_to_disease,1024,1,0.1797118484973907
101,283,145,proposed_dp_eps16_sparse_diverse,DP-CounterGAN eps=16,no_disease_to_disease,1024,10,0.1339111030101776
101,284,143,proposed_dp_eps2_sparse_diverse,DP-CounterGAN eps=2,no_disease_to_disease,1024,6,0.3793882429599762
101,285,140,proposed_dp_eps4_sparse_diverse,DP-CounterGAN eps=4,no_disease_to_disease,1024,1,0.1326457858085632
101,286,100,proposed_dp_eps8_sparse_diverse,DP-CounterGAN eps=8,no_disease_to_disease,1024,9,0.177676111459732
101,287,131,countergan_sparse_diverse_no_dp,Non-DP CounterGAN,no_disease_to_disease,1024,3,0.10562264919281
101,288,32,uniform_random,Baseline,disease_to_no_disease,1024,9,-0.1240576207637786
101,289,26,proposed_dp_eps16_sparse_diverse,DP-CounterGAN eps=16,disease_to_no_disease,1024,7,-1.206418752670288
101,290,51,proposed_dp_eps2_sparse_diverse,DP-CounterGAN eps=2,disease_to_no_disease,1024,1,-0.156559556722641
101,291,82,proposed_dp_eps4_sparse_diverse,DP-CounterGAN eps=4,disease_to_no_disease,1024,8,-0.2895134389400482
101,292,21,proposed_dp_eps8_sparse_diverse,DP-CounterGAN eps=8,disease_to_no_disease,1024,1,-0.8153427839279175
101,293,53,countergan_sparse_diverse_no_dp,Non-DP CounterGAN,disease_to_no_disease,1024,5,-0.1376374363899231
101,294,162,genetic_cfe,Baseline,no_disease_to_disease,1024,1,0.4779628217220306
101,295,108,proposed_dp_eps16_sparse_diverse,DP-CounterGAN eps=16,no_disease_to_disease,1024,9,0.1029276847839355
101,296,149,proposed_dp_eps2_sparse_diverse,DP-CounterGAN eps=2,no_disease_to_disease,1024,7,0.6513580083847046
101,297,136,proposed_dp_eps4_sparse_diverse,DP-CounterGAN eps=4,no_disease_to_disease,1024,5,0.3197970390319824
101,298,103,proposed_dp_eps8_sparse_diverse,DP-CounterGAN eps=8,no_disease_to_disease,1024,9,0.1276487708091735
101,299,134,countergan_sparse_diverse_no_dp,Non-DP CounterGAN,no_disease_to_disease,1024,1,0.1392895579338073
101,300,66,uniform_random,Baseline,disease_to_no_disease,1024,1,-0.1869419515132904
101,301,80,proposed_dp_eps16_sparse_diverse,DP-CounterGAN eps=16,disease_to_no_disease,1024,7,-0.3331819176673889
101,302,83,proposed_dp_eps2_sparse_diverse,DP-CounterGAN eps=2,disease_to_no_disease,1024,7,-0.2267894446849823
101,303,7,proposed_dp_eps4_sparse_diverse,DP-CounterGAN eps=4,disease_to_no_disease,1024,7,-1.2738192081451416
101,304,34,proposed_dp_eps8_sparse_diverse,DP-CounterGAN eps=8,disease_to_no_disease,1024,8,-0.4673463404178619
101,305,37,countergan_sparse_diverse_no_dp,Non-DP CounterGAN,disease_to_no_disease,1024,1,-0.2046127021312713
101,306,110,genetic_cfe,Baseline,no_disease_to_disease,1024,3,0.2624925374984741
101,307,148,proposed_dp_eps16_sparse_diverse,DP-CounterGAN eps=16,no_disease_to_disease,1024,4,0.1860346347093582
101,308,149,proposed_dp_eps2_sparse_diverse,DP-CounterGAN eps=2,no_disease_to_disease,1024,2,0.1747815310955047
101,309,104,proposed_dp_eps4_sparse_diverse,DP-CounterGAN eps=4,no_disease_to_disease,1024,6,1.0998226404190063
101,310,137,proposed_dp_eps8_sparse_diverse,DP-CounterGAN eps=8,no_disease_to_disease,1024,6,0.1401612162590026
101,311,145,proposed_countergan,Non-DP CounterGAN,no_disease_to_disease,1024,3,0.5865254402160645
101,312,87,uniform_random,Baseline,disease_to_no_disease,1024,7,-0.4784688055515289
101,313,98,proposed_dp_eps16_sparse_diverse,DP-CounterGAN eps=16,disease_to_no_disease,1024,2,-0.3191387057304382
101,314,7,proposed_dp_eps2_sparse_diverse,DP-CounterGAN eps=2,disease_to_no_disease,1024,8,-1.2738192081451416
101,315,93,proposed_dp_eps4_sparse_diverse,DP-CounterGAN eps=4,disease_to_no_disease,1024,2,-0.1619173288345337
101,316,8,proposed_dp_eps8_sparse_diverse,DP-CounterGAN eps=8,disease_to_no_disease,1024,1,-0.6991243362426758
101,317,24,proposed_countergan,Non-DP CounterGAN,disease_to_no_disease,1024,1,-2.309359550476074
101,318,107,wachter_style,Baseline,no_disease_to_disease,1024,5,1.1686841249465942
101,319,162,proposed_dp_eps16_sparse_diverse,DP-CounterGAN eps=16,no_disease_to_disease,1024,5,0.4308871328830719
101,320,170,proposed_dp_eps2_sparse_diverse,DP-CounterGAN eps=2,no_disease_to_disease,1024,1,0.1505206525325775
101,321,147,proposed_dp_eps4_sparse_diverse,DP-CounterGAN eps=4,no_disease_to_disease,1024,7,0.1770334541797638
101,322,170,proposed_dp_eps8_sparse_diverse,DP-CounterGAN eps=8,no_disease_to_disease,1024,8,0.1310986131429672
101,323,135,proposed_countergan,Non-DP CounterGAN,no_disease_to_disease,1024,8,0.5179402232170105
101,324,53,dice_gradient_style,Baseline,disease_to_no_disease,1024,1,-0.2134930491447448
101,325,67,proposed_dp_eps16_sparse_diverse,DP-CounterGAN eps=16,disease_to_no_disease,1024,5,-0.5268204212188721
101,326,38,proposed_dp_eps2_sparse_diverse,DP-CounterGAN eps=2,disease_to_no_disease,1024,2,-0.1626282036304474
101,327,83,proposed_dp_eps4_sparse_diverse,DP-CounterGAN eps=4,disease_to_no_disease,1024,6,-0.3913955390453338
101,328,62,proposed_dp_eps8_sparse_diverse,DP-CounterGAN eps=8,disease_to_no_disease,1024,6,-0.162420779466629
101,329,15,proposed_countergan,Non-DP CounterGAN,disease_to_no_disease,1024,8,-0.7290843725204468
101,330,116,dice_gradient_style,Baseline,no_disease_to_disease,1024,6,1.368704080581665
101,331,118,proposed_dp_eps16_sparse_diverse,DP-CounterGAN eps=16,no_disease_to_disease,1024,8,0.3824444413185119
101,332,140,proposed_dp_eps2_sparse_diverse,DP-CounterGAN eps=2,no_disease_to_disease,1024,7,0.3653119206428528
101,333,125,proposed_dp_eps4_sparse_diverse,DP-CounterGAN eps=4,no_disease_to_disease,1024,7,0.4914930760860443
101,334,161,proposed_dp_eps8_sparse_diverse,DP-CounterGAN eps=8,no_disease_to_disease,1024,5,0.5865093469619751
101,335,102,proposed_countergan,Non-DP CounterGAN,no_disease_to_disease,1024,7,0.630630612373352
101,336,10,dice_gradient_style,Baseline,disease_to_no_disease,1024,8,-1.4582090377807615
101,337,46,proposed_dp_eps16_sparse_diverse,DP-CounterGAN eps=16,disease_to_no_disease,1024,4,-0.948843002319336
101,338,59,proposed_dp_eps2_sparse_diverse,DP-CounterGAN eps=2,disease_to_no_disease,1024,2,-0.3620438873767853
101,339,9,proposed_dp_eps4_sparse_diverse,DP-CounterGAN eps=4,disease_to_no_disease,1024,8,-2.725555658340454
101,340,64,proposed_dp_eps8_sparse_diverse,DP-CounterGAN eps=8,disease_to_no_disease,1024,7,-0.6587852239608765
101,341,64,proposed_countergan,Non-DP CounterGAN,disease_to_no_disease,1024,8,-2.250550985336304
101,342,123,wachter_style,Baseline,no_disease_to_disease,1024,1,0.2982330918312073
101,343,102,proposed_dp_eps16_sparse_diverse,DP-CounterGAN eps=16,no_disease_to_disease,1024,9,0.1050451397895813
101,344,121,proposed_dp_eps2_sparse_diverse,DP-CounterGAN eps=2,no_disease_to_disease,1024,9,0.4058338403701782
101,345,102,proposed_dp_eps4_sparse_diverse,DP-CounterGAN eps=4,no_disease_to_disease,1024,4,0.6078100800514221
101,346,135,proposed_dp_eps8_sparse_diverse,DP-CounterGAN eps=8,no_disease_to_disease,1024,10,0.6392883062362671
101,347,132,proposed_countergan,Non-DP CounterGAN,no_disease_to_disease,1024,8,0.9336793422698976
101,348,65,uniform_random,Baseline,disease_to_no_disease,1024,9,-0.2557647228240967
101,349,36,proposed_dp_eps16_sparse_diverse,DP-CounterGAN eps=16,disease_to_no_disease,1024,9,-0.1260323524475097
101,350,0,proposed_dp_eps2_sparse_diverse,DP-CounterGAN eps=2,disease_to_no_disease,1024,5,-1.2091622352600098
101,351,18,proposed_dp_eps4_sparse_diverse,DP-CounterGAN eps=4,disease_to_no_disease,1024,4,-0.8085694313049316
101,352,20,proposed_dp_eps8_sparse_diverse,DP-CounterGAN eps=8,disease_to_no_disease,1024,2,-0.1553665101528167
101,353,88,countergan_one_shot,Non-DP CounterGAN,disease_to_no_disease,1024,1,-0.6299000978469849
101,354,108,uniform_random,Baseline,no_disease_to_disease,1024,4,0.1583392918109893
101,355,130,proposed_dp_eps16_sparse_diverse,DP-CounterGAN eps=16,no_disease_to_disease,1024,1,0.2148832380771637
101,356,111,proposed_dp_eps2_sparse_diverse,DP-CounterGAN eps=2,no_disease_to_disease,1024,10,0.6480666399002075
101,357,145,proposed_dp_eps4_sparse_diverse,DP-CounterGAN eps=4,no_disease_to_disease,1024,8,0.4213895797729492
101,358,132,proposed_dp_eps8_sparse_diverse,DP-CounterGAN eps=8,no_disease_to_disease,1024,1,0.1410488784313202
101,359,171,proposed_countergan,Non-DP CounterGAN,no_disease_to_disease,1024,1,0.2102872431278228
101,360,87,uniform_random,Baseline,disease_to_no_disease,1024,6,-0.1556687653064727
101,361,91,proposed_dp_eps16_sparse_diverse,DP-CounterGAN eps=16,disease_to_no_disease,1024,6,-0.1685154139995575
101,362,68,proposed_dp_eps2_sparse_diverse,DP-CounterGAN eps=2,disease_to_no_disease,1024,9,-0.2978037893772125
101,363,74,proposed_dp_eps4_sparse_diverse,DP-CounterGAN eps=4,disease_to_no_disease,1024,2,-0.2152434885501861
101,364,32,proposed_dp_eps8_sparse_diverse,DP-CounterGAN eps=8,disease_to_no_disease,1024,1,-0.209717184305191
101,365,29,countergan_sparse_diverse_no_dp,Non-DP CounterGAN,disease_to_no_disease,1024,10,-0.455245703458786
101,366,119,genetic_cfe,Baseline,no_disease_to_disease,1024,4,0.4261688888072967
101,367,121,proposed_dp_eps16_sparse_diverse,DP-CounterGAN eps=16,no_disease_to_disease,1024,7,0.1492134928703308
101,368,144,proposed_dp_eps2_sparse_diverse,DP-CounterGAN eps=2,no_disease_to_disease,1024,7,0.2099019885063171
101,369,164,proposed_dp_eps4_sparse_diverse,DP-CounterGAN eps=4,no_disease_to_disease,1024,1,0.2086670398712158
101,370,132,proposed_dp_eps8_sparse_diverse,DP-CounterGAN eps=8,no_disease_to_disease,1024,6,0.1149998009204864
101,371,104,proposed_countergan,Non-DP CounterGAN,no_disease_to_disease,1024,4,1.0613826513290403
101,372,89,wachter_style,Baseline,disease_to_no_disease,1024,1,-0.3684390485286712
101,373,48,proposed_dp_eps16_sparse_diverse,DP-CounterGAN eps=16,disease_to_no_disease,1024,4,-0.6052509546279907
101,374,66,proposed_dp_eps2_sparse_diverse,DP-CounterGAN eps=2,disease_to_no_disease,1024,3,-0.1095400154590606
101,375,8,proposed_dp_eps4_sparse_diverse,DP-CounterGAN eps=4,disease_to_no_disease,1024,2,-0.5744935274124146
101,376,32,proposed_dp_eps8_sparse_diverse,DP-CounterGAN eps=8,disease_to_no_disease,1024,6,-0.5212597846984863
101,377,76,proposed_countergan,Non-DP CounterGAN,disease_to_no_disease,1024,3,-0.190191775560379
101,378,102,dice_gradient_style,Baseline,no_disease_to_disease,1024,3,0.9761396646499634
101,379,107,proposed_dp_eps16_sparse_diverse,DP-CounterGAN eps=16,no_disease_to_disease,1024,4,0.3598338365554809
101,380,139,proposed_dp_eps2_sparse_diverse,DP-CounterGAN eps=2,no_disease_to_disease,1024,8,0.1235640943050384
101,381,121,proposed_dp_eps4_sparse_diverse,DP-CounterGAN eps=4,no_disease_to_disease,1024,6,0.4735360443592071
101,382,157,proposed_dp_eps8_sparse_diverse,DP-CounterGAN eps=8,no_disease_to_disease,1024,1,0.2084543704986572
101,383,170,countergan_sparse_diverse_no_dp,Non-DP CounterGAN,no_disease_to_disease,1024,3,0.1808773130178451
101,384,61,genetic_cfe,Baseline,disease_to_no_disease,1024,7,-0.4880041778087616
101,385,97,proposed_dp_eps16_sparse_diverse,DP-CounterGAN eps=16,disease_to_no_disease,1024,2,-0.1444475352764129
101,386,54,proposed_dp_eps2_sparse_diverse,DP-CounterGAN eps=2,disease_to_no_disease,1024,10,-0.8976643085479736
101,387,8,proposed_dp_eps4_sparse_diverse,DP-CounterGAN eps=4,disease_to_no_disease,1024,4,-0.128570944070816
101,388,3,proposed_dp_eps8_sparse_diverse,DP-CounterGAN eps=8,disease_to_no_disease,1024,9,-1.7823798656463623
101,389,48,countergan_sparse_diverse_no_dp,Non-DP CounterGAN,disease_to_no_disease,1024,10,-0.1416775286197662
101,390,144,wachter_style,Baseline,no_disease_to_disease,1024,3,0.3286617994308471
101,391,113,proposed_dp_eps16_sparse_diverse,DP-CounterGAN eps=16,no_disease_to_disease,1024,7,0.1150324195623397
101,392,159,proposed_dp_eps2_sparse_diverse,DP-CounterGAN eps=2,no_disease_to_disease,1024,3,0.1186808943748474
101,393,120,proposed_dp_eps4_sparse_diverse,DP-CounterGAN eps=4,no_disease_to_disease,1024,5,0.1222814247012138
101,394,172,proposed_dp_eps8_sparse_diverse,DP-CounterGAN eps=8,no_disease_to_disease,1024,3,0.1029439195990562
101,395,159,proposed_countergan,Non-DP CounterGAN,no_disease_to_disease,1024,8,0.347330629825592
101,396,45,wachter_style,Baseline,disease_to_no_disease,1024,2,-0.6892349720001221
101,397,68,proposed_dp_eps16_sparse_diverse,DP-CounterGAN eps=16,disease_to_no_disease,1024,10,-0.2978037893772125
101,398,66,proposed_dp_eps2_sparse_diverse,DP-CounterGAN eps=2,disease_to_no_disease,1024,10,-0.1285887956619262
101,399,32,proposed_dp_eps4_sparse_diverse,DP-CounterGAN eps=4,disease_to_no_disease,1024,10,-0.2068473696708679
101,400,49,proposed_dp_eps8_sparse_diverse,DP-CounterGAN eps=8,disease_to_no_disease,1024,2,-0.1043256968259811
101,401,6,proposed_countergan,Non-DP CounterGAN,disease_to_no_disease,1024,8,-0.5349935293197632
101,402,104,wachter_style,Baseline,no_disease_to_disease,1024,2,1.8977301120758057
101,403,140,proposed_dp_eps16_sparse_diverse,DP-CounterGAN eps=16,no_disease_to_disease,1024,1,0.105740338563919
101,404,138,proposed_dp_eps2_sparse_diverse,DP-CounterGAN eps=2,no_disease_to_disease,1024,7,0.4230091869831085
101,405,139,proposed_dp_eps4_sparse_diverse,DP-CounterGAN eps=4,no_disease_to_disease,1024,10,0.5220913887023926
101,406,157,proposed_dp_eps8_sparse_diverse,DP-CounterGAN eps=8,no_disease_to_disease,1024,3,0.1460973769426345
101,407,103,countergan_one_shot,Non-DP CounterGAN,no_disease_to_disease,1024,2,0.944299578666687
101,408,27,uniform_random,Baseline,disease_to_no_disease,1024,10,-0.2580994665622711
101,409,52,proposed_dp_eps16_sparse_diverse,DP-CounterGAN eps=16,disease_to_no_disease,1024,10,-0.2923694550991058
101,410,70,proposed_dp_eps2_sparse_diverse,DP-CounterGAN eps=2,disease_to_no_disease,1024,2,-0.1955176293849945
101,411,28,proposed_dp_eps4_sparse_diverse,DP-CounterGAN eps=4,disease_to_no_disease,1024,9,-0.2165343165397644
101,412,93,proposed_dp_eps8_sparse_diverse,DP-CounterGAN eps=8,disease_to_no_disease,1024,2,-0.1795283854007721
101,413,98,proposed_countergan,Non-DP CounterGAN,disease_to_no_disease,1024,5,-0.5466607809066772
101,414,144,dice_gradient_style,Baseline,no_disease_to_disease,1024,8,0.3069266676902771
101,415,140,proposed_dp_eps16_sparse_diverse,DP-CounterGAN eps=16,no_disease_to_disease,1024,4,0.4153319299221039
101,416,121,proposed_dp_eps2_sparse_diverse,DP-CounterGAN eps=2,no_disease_to_disease,1024,10,0.368240475654602
101,417,135,proposed_dp_eps4_sparse_diverse,DP-CounterGAN eps=4,no_disease_to_disease,1024,1,0.1249948963522911
101,418,104,proposed_dp_eps8_sparse_diverse,DP-CounterGAN eps=8,no_disease_to_disease,1024,10,1.9649462699890137
101,419,157,proposed_countergan,Non-DP CounterGAN,no_disease_to_disease,1024,8,0.2130062580108642
101,420,61,uniform_random,Baseline,disease_to_no_disease,1024,6,-1.2556347846984863
101,421,65,proposed_dp_eps16_sparse_diverse,DP-CounterGAN eps=16,disease_to_no_disease,1024,10,-0.3637066185474396
101,422,70,proposed_dp_eps2_sparse_diverse,DP-CounterGAN eps=2,disease_to_no_disease,1024,3,-0.3496334552764892
101,423,40,proposed_dp_eps4_sparse_diverse,DP-CounterGAN eps=4,disease_to_no_disease,1024,5,-0.1140256226062774
101,424,22,proposed_dp_eps8_sparse_diverse,DP-CounterGAN eps=8,disease_to_no_disease,1024,3,-1.448162317276001
101,425,53,countergan_sparse_diverse_no_dp,Non-DP CounterGAN,disease_to_no_disease,1024,4,-0.1655588746070861
101,426,100,dice_gradient_style,Baseline,no_disease_to_disease,1024,4,0.8660119771957397
101,427,135,proposed_dp_eps16_sparse_diverse,DP-CounterGAN eps=16,no_disease_to_disease,1024,1,0.1249948963522911
101,428,101,proposed_dp_eps2_sparse_diverse,DP-CounterGAN eps=2,no_disease_to_disease,1024,3,0.2690162658691406
101,429,133,proposed_dp_eps4_sparse_diverse,DP-CounterGAN eps=4,no_disease_to_disease,1024,5,0.187415137887001
101,430,164,proposed_dp_eps8_sparse_diverse,DP-CounterGAN eps=8,no_disease_to_disease,1024,6,0.3107468783855438
101,431,108,countergan_one_shot,Non-DP CounterGAN,no_disease_to_disease,1024,5,1.0051686763763428
101,432,17,uniform_random,Baseline,disease_to_no_disease,1024,2,-0.1335839033126831
101,433,61,proposed_dp_eps16_sparse_diverse,DP-CounterGAN eps=16,disease_to_no_disease,1024,1,-0.6275942325592041
101,434,21,proposed_dp_eps2_sparse_diverse,DP-CounterGAN eps=2,disease_to_no_disease,1024,1,-0.8153427839279175
101,435,88,proposed_dp_eps4_sparse_diverse,DP-CounterGAN eps=4,disease_to_no_disease,1024,4,-0.1485621631145477
101,436,88,proposed_dp_eps8_sparse_diverse,DP-CounterGAN eps=8,disease_to_no_disease,1024,10,-0.3309225440025329
101,437,16,countergan_sparse_diverse_no_dp,Non-DP CounterGAN,disease_to_no_disease,1024,9,-0.3811263144016266
101,438,115,wachter_style,Baseline,no_disease_to_disease,1024,1,0.6982254981994629
101,439,120,proposed_dp_eps16_sparse_diverse,DP-CounterGAN eps=16,no_disease_to_disease,1024,4,0.522432804107666
101,440,131,proposed_dp_eps2_sparse_diverse,DP-CounterGAN eps=2,no_disease_to_disease,1024,8,0.7842817306518555
101,441,103,proposed_dp_eps4_sparse_diverse,DP-CounterGAN eps=4,no_disease_to_disease,1024,8,0.3954373896121979
101,442,137,proposed_dp_eps8_sparse_diverse,DP-CounterGAN eps=8,no_disease_to_disease,1024,10,0.2074146866798401
101,443,127,proposed_countergan,Non-DP CounterGAN,no_disease_to_disease,1024,8,0.4989065825939178
101,444,45,genetic_cfe,Baseline,disease_to_no_disease,1024,10,-0.1656319200992584
101,445,56,proposed_dp_eps16_sparse_diverse,DP-CounterGAN eps=16,disease_to_no_disease,1024,10,-0.2378031015396118
101,446,69,proposed_dp_eps2_sparse_diverse,DP-CounterGAN eps=2,disease_to_no_disease,1024,6,-0.2849524319171905
101,447,12,proposed_dp_eps4_sparse_diverse,DP-CounterGAN eps=4,disease_to_no_disease,1024,9,-0.410796195268631
101,448,61,proposed_dp_eps8_sparse_diverse,DP-CounterGAN eps=8,disease_to_no_disease,1024,9,-1.674273133277893
101,449,19,countergan_sparse_diverse_no_dp,Non-DP CounterGAN,disease_to_no_disease,1024,7,-0.3090694844722748
101,450,142,genetic_cfe,Baseline,no_disease_to_disease,1024,1,0.5368292331695557
101,451,120,proposed_dp_eps16_sparse_diverse,DP-CounterGAN eps=16,no_disease_to_disease,1024,10,0.2398622930049896
101,452,122,proposed_dp_eps2_sparse_diverse,DP-CounterGAN eps=2,no_disease_to_disease,1024,5,0.21096733212471
101,453,132,proposed_dp_eps4_sparse_diverse,DP-CounterGAN eps=4,no_disease_to_disease,1024,3,0.2763301432132721
101,454,116,proposed_dp_eps8_sparse_diverse,DP-CounterGAN eps=8,no_disease_to_disease,1024,4,0.9381116628646852
101,455,141,countergan_sparse_diverse_no_dp,Non-DP CounterGAN,no_disease_to_disease,1024,7,0.3772540986537933
101,456,48,dice_gradient_style,Baseline,disease_to_no_disease,1024,3,-0.4429409801959991
101,457,57,proposed_dp_eps16_sparse_diverse,DP-CounterGAN eps=16,disease_to_no_disease,1024,9,-0.1663243472576141
101,458,63,proposed_dp_eps2_sparse_diverse,DP-CounterGAN eps=2,disease_to_no_disease,1024,5,-0.110756516456604
101,459,4,proposed_dp_eps4_sparse_diverse,DP-CounterGAN eps=4,disease_to_no_disease,1024,10,-0.4183466136455536
101,460,32,proposed_dp_eps8_sparse_diverse,DP-CounterGAN eps=8,disease_to_no_disease,1024,7,-0.4261514246463775
101,461,6,proposed_countergan,Non-DP CounterGAN,disease_to_no_disease,1024,7,-0.5212148427963257
101,462,164,genetic_cfe,Baseline,no_disease_to_disease,1024,7,0.3833796977996826
101,463,147,proposed_dp_eps16_sparse_diverse,DP-CounterGAN eps=16,no_disease_to_disease,1024,4,0.2119082808494568
101,464,123,proposed_dp_eps2_sparse_diverse,DP-CounterGAN eps=2,no_disease_to_disease,1024,3,0.2251665741205215
101,465,119,proposed_dp_eps4_sparse_diverse,DP-CounterGAN eps=4,no_disease_to_disease,1024,9,0.5998250246047974
101,466,139,proposed_dp_eps8_sparse_diverse,DP-CounterGAN eps=8,no_disease_to_disease,1024,9,0.1062389388680458
101,467,114,proposed_countergan,Non-DP CounterGAN,no_disease_to_disease,1024,6,1.475817322731018
101,468,19,dice_gradient_style,Baseline,disease_to_no_disease,1024,3,-0.6258038282394409
101,469,52,proposed_dp_eps16_sparse_diverse,DP-CounterGAN eps=16,disease_to_no_disease,1024,9,-0.3325547575950622
101,470,44,proposed_dp_eps2_sparse_diverse,DP-CounterGAN eps=2,disease_to_no_disease,1024,7,-0.1867066919803619
101,471,69,proposed_dp_eps4_sparse_diverse,DP-CounterGAN eps=4,disease_to_no_disease,1024,8,-0.3056703209877014
101,472,58,proposed_dp_eps8_sparse_diverse,DP-CounterGAN eps=8,disease_to_no_disease,1024,10,-1.1020512580871582
101,473,77,proposed_countergan,Non-DP CounterGAN,disease_to_no_disease,1024,10,-0.4507395327091217
101,474,124,uniform_random,Baseline,no_disease_to_disease,1024,6,0.2798666357994079
101,475,106,proposed_dp_eps16_sparse_diverse,DP-CounterGAN eps=16,no_disease_to_disease,1024,10,0.1244602873921394
101,476,163,proposed_dp_eps2_sparse_diverse,DP-CounterGAN eps=2,no_disease_to_disease,1024,6,0.346411257982254
101,477,130,proposed_dp_eps4_sparse_diverse,DP-CounterGAN eps=4,no_disease_to_disease,1024,6,0.5255962610244751
101,478,170,proposed_dp_eps8_sparse_diverse,DP-CounterGAN eps=8,no_disease_to_disease,1024,9,0.2194846272468567
101,479,131,countergan_sparse_diverse_no_dp,Non-DP CounterGAN,no_disease_to_disease,1024,6,0.7713998556137085
101,480,68,genetic_cfe,Baseline,disease_to_no_disease,1024,2,-0.2094766795635223
101,481,68,proposed_dp_eps16_sparse_diverse,DP-CounterGAN eps=16,disease_to_no_disease,1024,7,-0.3068943321704864
101,482,27,proposed_dp_eps2_sparse_diverse,DP-CounterGAN eps=2,disease_to_no_disease,1024,4,-0.4369796216487884
101,483,51,proposed_dp_eps4_sparse_diverse,DP-CounterGAN eps=4,disease_to_no_disease,1024,2,-0.8298792839050293
101,484,30,proposed_dp_eps8_sparse_diverse,DP-CounterGAN eps=8,disease_to_no_disease,1024,5,-0.4173319041728973
101,485,52,countergan_sparse_diverse_no_dp,Non-DP CounterGAN,disease_to_no_disease,1024,8,-0.5834958553314209
101,486,101,uniform_random,Baseline,no_disease_to_disease,1024,9,0.1060304418206214
101,487,118,proposed_dp_eps16_sparse_diverse,DP-CounterGAN eps=16,no_disease_to_disease,1024,6,0.2070121467113495
101,488,135,proposed_dp_eps2_sparse_diverse,DP-CounterGAN eps=2,no_disease_to_disease,1024,4,0.4900321066379547
101,489,130,proposed_dp_eps4_sparse_diverse,DP-CounterGAN eps=4,no_disease_to_disease,1024,4,0.2184168696403503
101,490,171,proposed_dp_eps8_sparse_diverse,DP-CounterGAN eps=8,no_disease_to_disease,1024,2,0.1119850426912307
101,491,147,proposed_countergan,Non-DP CounterGAN,no_disease_to_disease,1024,2,0.2906598448753357
101,492,30,uniform_random,Baseline,disease_to_no_disease,1024,8,-0.3936699330806732
101,493,85,proposed_dp_eps16_sparse_diverse,DP-CounterGAN eps=16,disease_to_no_disease,1024,2,-0.1920965611934662
101,494,70,proposed_dp_eps2_sparse_diverse,DP-CounterGAN eps=2,disease_to_no_disease,1024,9,-0.2988605499267578
101,495,38,proposed_dp_eps4_sparse_diverse,DP-CounterGAN eps=4,disease_to_no_disease,1024,7,-0.2514150142669678
101,496,31,proposed_dp_eps8_sparse_diverse,DP-CounterGAN eps=8,disease_to_no_disease,1024,3,-0.506766676902771
101,497,47,countergan_sparse_diverse_no_dp,Non-DP CounterGAN,disease_to_no_disease,1024,7,-0.2853422164916992
101,498,112,uniform_random,Baseline,no_disease_to_disease,1024,4,0.3056259155273437
101,499,137,proposed_dp_eps16_sparse_diverse,DP-CounterGAN eps=16,no_disease_to_disease,1024,9,0.1474495530128479
101,500,120,proposed_dp_eps2_sparse_diverse,DP-CounterGAN eps=2,no_disease_to_disease,1024,3,0.1840220391750335
101,501,155,proposed_dp_eps4_sparse_diverse,DP-CounterGAN eps=4,no_disease_to_disease,1024,4,0.1309196352958679
101,502,124,proposed_dp_eps8_sparse_diverse,DP-CounterGAN eps=8,no_disease_to_disease,1024,4,0.4522374868392944
101,503,157,countergan_one_shot,Non-DP CounterGAN,no_disease_to_disease,1024,1,0.2471164613962173
101,504,11,uniform_random,Baseline,disease_to_no_disease,1024,10,-0.1551218032836914
101,505,2,proposed_dp_eps16_sparse_diverse,DP-CounterGAN eps=16,disease_to_no_disease,1024,9,-0.8834359645843506
101,506,50,proposed_dp_eps2_sparse_diverse,DP-CounterGAN eps=2,disease_to_no_disease,1024,4,-0.3465195894241333
101,507,32,proposed_dp_eps4_sparse_diverse,DP-CounterGAN eps=4,disease_to_no_disease,1024,7,-0.5212597846984863
101,508,36,proposed_dp_eps8_sparse_diverse,DP-CounterGAN eps=8,disease_to_no_disease,1024,2,-0.1476816833019256
101,509,59,proposed_countergan,Non-DP CounterGAN,disease_to_no_disease,1024,3,-2.262058973312378
101,510,116,wachter_style,Baseline,no_disease_to_disease,1024,9,1.001334547996521
101,511,123,proposed_dp_eps16_sparse_diverse,DP-CounterGAN eps=16,no_disease_to_disease,1024,4,0.2782026529312134
101,512,135,proposed_dp_eps2_sparse_diverse,DP-CounterGAN eps=2,no_disease_to_disease,1024,7,0.2406691908836364
101,513,162,proposed_dp_eps4_sparse_diverse,DP-CounterGAN eps=4,no_disease_to_disease,1024,1,0.1109627187252044
101,514,143,proposed_dp_eps8_sparse_diverse,DP-CounterGAN eps=8,no_disease_to_disease,1024,3,0.2726720571517944
101,515,103,proposed_countergan,Non-DP CounterGAN,no_disease_to_disease,1024,6,0.4234494864940643
101,516,24,uniform_random,Baseline,disease_to_no_disease,1024,10,-0.1521703600883484
101,517,43,proposed_dp_eps16_sparse_diverse,DP-CounterGAN eps=16,disease_to_no_disease,1024,8,-0.3430640399456024
101,518,97,proposed_dp_eps2_sparse_diverse,DP-CounterGAN eps=2,disease_to_no_disease,1024,4,-0.1660529673099517
101,519,98,proposed_dp_eps4_sparse_diverse,DP-CounterGAN eps=4,disease_to_no_disease,1024,7,-0.3375495970249176
101,520,82,proposed_dp_eps8_sparse_diverse,DP-CounterGAN eps=8,disease_to_no_disease,1024,3,-0.1699375510215759
101,521,12,proposed_countergan,Non-DP CounterGAN,disease_to_no_disease,1024,5,-1.200493335723877
101,522,115,genetic_cfe,Baseline,no_disease_to_disease,1024,2,0.2268320471048355
101,523,147,proposed_dp_eps16_sparse_diverse,DP-CounterGAN eps=16,no_disease_to_disease,1024,6,0.1111743152141571
101,524,122,proposed_dp_eps2_sparse_diverse,DP-CounterGAN eps=2,no_disease_to_disease,1024,6,0.3285724520683288
101,525,137,proposed_dp_eps4_sparse_diverse,DP-CounterGAN eps=4,no_disease_to_disease,1024,4,0.2497113049030304
101,526,127,proposed_dp_eps8_sparse_diverse,DP-CounterGAN eps=8,no_disease_to_disease,1024,3,0.134652242064476
101,527,121,countergan_sparse_diverse_no_dp,Non-DP CounterGAN,no_disease_to_disease,1024,9,0.2190789729356765
101,528,20,wachter_style,Baseline,disease_to_no_disease,1024,6,-1.1620184183120728
101,529,98,proposed_dp_eps16_sparse_diverse,DP-CounterGAN eps=16,disease_to_no_disease,1024,9,-0.1429215371608734
101,530,14,proposed_dp_eps2_sparse_diverse,DP-CounterGAN eps=2,disease_to_no_disease,1024,4,-1.0116666555404663
101,531,34,proposed_dp_eps4_sparse_diverse,DP-CounterGAN eps=4,disease_to_no_disease,1024,5,-0.6404112577438354
101,532,63,proposed_dp_eps8_sparse_diverse,DP-CounterGAN eps=8,disease_to_no_disease,1024,9,-0.8711827993392944
101,533,37,countergan_sparse_diverse_no_dp,Non-DP CounterGAN,disease_to_no_disease,1024,9,-0.990780234336853
101,534,103,genetic_cfe,Baseline,no_disease_to_disease,1024,6,0.2367147356271743
101,535,105,proposed_dp_eps16_sparse_diverse,DP-CounterGAN eps=16,no_disease_to_disease,1024,2,0.2689050137996673
101,536,109,proposed_dp_eps2_sparse_diverse,DP-CounterGAN eps=2,no_disease_to_disease,1024,6,0.237426072359085
101,537,125,proposed_dp_eps4_sparse_diverse,DP-CounterGAN eps=4,no_disease_to_disease,1024,5,0.2484348714351654
101,538,104,proposed_dp_eps8_sparse_diverse,DP-CounterGAN eps=8,no_disease_to_disease,1024,2,0.627245306968689
101,539,137,countergan_sparse_diverse_no_dp,Non-DP CounterGAN,no_disease_to_disease,1024,3,0.1959882974624633
101,540,12,uniform_random,Baseline,disease_to_no_disease,1024,5,-0.2777644097805023
101,541,85,proposed_dp_eps16_sparse_diverse,DP-CounterGAN eps=16,disease_to_no_disease,1024,4,-0.3749903738498688
101,542,65,proposed_dp_eps2_sparse_diverse,DP-CounterGAN eps=2,disease_to_no_disease,1024,8,-0.3811797797679901
101,543,7,proposed_dp_eps4_sparse_diverse,DP-CounterGAN eps=4,disease_to_no_disease,1024,4,-0.7348301410675049
101,544,90,proposed_dp_eps8_sparse_diverse,DP-CounterGAN eps=8,disease_to_no_disease,1024,1,-0.1131055653095245
101,545,92,countergan_sparse_diverse_no_dp,Non-DP CounterGAN,disease_to_no_disease,1024,8,-0.4942465722560882
101,546,109,uniform_random,Baseline,no_disease_to_disease,1024,2,0.3416092991828918
101,547,145,proposed_dp_eps16_sparse_diverse,DP-CounterGAN eps=16,no_disease_to_disease,1024,9,0.1088249236345291
101,548,163,proposed_dp_eps2_sparse_diverse,DP-CounterGAN eps=2,no_disease_to_disease,1024,8,0.2571710050106048
101,549,150,proposed_dp_eps4_sparse_diverse,DP-CounterGAN eps=4,no_disease_to_disease,1024,5,0.411255270242691
101,550,139,proposed_dp_eps8_sparse_diverse,DP-CounterGAN eps=8,no_disease_to_disease,1024,10,0.4859854280948639
101,551,131,countergan_sparse_diverse_no_dp,Non-DP CounterGAN,no_disease_to_disease,1024,7,0.5413810014724731
101,552,49,genetic_cfe,Baseline,disease_to_no_disease,1024,3,-0.1059738993644714
101,553,99,proposed_dp_eps16_sparse_diverse,DP-CounterGAN eps=16,disease_to_no_disease,1024,3,-1.0980815887451172
101,554,24,proposed_dp_eps2_sparse_diverse,DP-CounterGAN eps=2,disease_to_no_disease,1024,3,-0.1227592825889587
101,555,19,proposed_dp_eps4_sparse_diverse,DP-CounterGAN eps=4,disease_to_no_disease,1024,7,-0.1700919568538665
101,556,9,proposed_dp_eps8_sparse_diverse,DP-CounterGAN eps=8,disease_to_no_disease,1024,9,-1.987940788269043
101,557,39,proposed_countergan,Non-DP CounterGAN,disease_to_no_disease,1024,8,-1.0105311870574951
101,558,162,genetic_cfe,Baseline,no_disease_to_disease,1024,3,0.3180830180644989
101,559,171,proposed_dp_eps16_sparse_diverse,DP-CounterGAN eps=16,no_disease_to_disease,1024,1,0.100772924721241
101,560,155,proposed_dp_eps2_sparse_diverse,DP-CounterGAN eps=2,no_disease_to_disease,1024,7,0.413524866104126
101,561,172,proposed_dp_eps4_sparse_diverse,DP-CounterGAN eps=4,no_disease_to_disease,1024,4,0.2092731595039367
101,562,101,proposed_dp_eps8_sparse_diverse,DP-CounterGAN eps=8,no_disease_to_disease,1024,4,0.1344169527292251
101,563,143,countergan_sparse_diverse_no_dp,Non-DP CounterGAN,no_disease_to_disease,1024,5,0.1451029777526855
101,564,97,wachter_style,Baseline,disease_to_no_disease,1024,3,-0.6681276559829712
101,565,39,proposed_dp_eps16_sparse_diverse,DP-CounterGAN eps=16,disease_to_no_disease,1024,9,-0.1201661825180053
101,566,41,proposed_dp_eps2_sparse_diverse,DP-CounterGAN eps=2,disease_to_no_disease,1024,1,-0.1130687892436981
101,567,46,proposed_dp_eps4_sparse_diverse,DP-CounterGAN eps=4,disease_to_no_disease,1024,1,-0.1621874868869781
101,568,23,proposed_dp_eps8_sparse_diverse,DP-CounterGAN eps=8,disease_to_no_disease,1024,10,-1.1796770095825195
101,569,22,proposed_countergan,Non-DP CounterGAN,disease_to_no_disease,1024,9,-2.1756033897399902
101,570,164,uniform_random,Baseline,no_disease_to_disease,1024,4,0.2747033834457397
101,571,136,proposed_dp_eps16_sparse_diverse,DP-CounterGAN eps=16,no_disease_to_disease,1024,1,0.3440198302268982
101,572,119,proposed_dp_eps2_sparse_diverse,DP-CounterGAN eps=2,no_disease_to_disease,1024,3,0.1784728765487671
101,573,133,proposed_dp_eps4_sparse_diverse,DP-CounterGAN eps=4,no_disease_to_disease,1024,1,0.1400717943906784
101,574,111,proposed_dp_eps8_sparse_diverse,DP-CounterGAN eps=8,no_disease_to_disease,1024,3,0.2488250881433487
101,575,150,countergan_sparse_diverse_no_dp,Non-DP CounterGAN,no_disease_to_disease,1024,2,0.1784389466047287
101,576,86,genetic_cfe,Baseline,disease_to_no_disease,1024,5,-0.4890079796314239
101,577,7,proposed_dp_eps16_sparse_diverse,DP-CounterGAN eps=16,disease_to_no_disease,1024,3,-0.1882850229740142
101,578,38,proposed_dp_eps2_sparse_diverse,DP-CounterGAN eps=2,disease_to_no_disease,1024,10,-0.2183496057987213
101,579,20,proposed_dp_eps4_sparse_diverse,DP-CounterGAN eps=4,disease_to_no_disease,1024,2,-0.9434814453125
101,580,58,proposed_dp_eps8_sparse_diverse,DP-CounterGAN eps=8,disease_to_no_disease,1024,7,-0.2420353591442108
101,581,30,proposed_countergan,Non-DP CounterGAN,disease_to_no_disease,1024,5,-1.153031587600708
101,582,136,genetic_cfe,Baseline,no_disease_to_disease,1024,1,0.1107067316770553
101,583,136,proposed_dp_eps16_sparse_diverse,DP-CounterGAN eps=16,no_disease_to_disease,1024,5,0.5249311923980713
101,584,101,proposed_dp_eps2_sparse_diverse,DP-CounterGAN eps=2,no_disease_to_disease,1024,9,0.2894635796546936
101,585,149,proposed_dp_eps4_sparse_diverse,DP-CounterGAN eps=4,no_disease_to_disease,1024,10,0.2078809887170791
101,586,108,proposed_dp_eps8_sparse_diverse,DP-CounterGAN eps=8,no_disease_to_disease,1024,8,0.4568987786769867
101,587,143,countergan_sparse_diverse_no_dp,Non-DP CounterGAN,no_disease_to_disease,1024,3,0.221727654337883
101,588,62,dice_gradient_style,Baseline,disease_to_no_disease,1024,4,-0.7711988687515259
101,589,88,proposed_dp_eps16_sparse_diverse,DP-CounterGAN eps=16,disease_to_no_disease,1024,1,-0.3525584936141968
101,590,44,proposed_dp_eps2_sparse_diverse,DP-CounterGAN eps=2,disease_to_no_disease,1024,10,-0.3338035345077514
101,591,14,proposed_dp_eps4_sparse_diverse,DP-CounterGAN eps=4,disease_to_no_disease,1024,10,-2.362901210784912
101,592,14,proposed_dp_eps8_sparse_diverse,DP-CounterGAN eps=8,disease_to_no_disease,1024,6,-0.5058799982070923
101,593,69,proposed_countergan,Non-DP CounterGAN,disease_to_no_disease,1024,10,-0.9403866529464722
101,594,125,uniform_random,Baseline,no_disease_to_disease,1024,1,0.3805637955665588
101,595,128,proposed_dp_eps16_sparse_diverse,DP-CounterGAN eps=16,no_disease_to_disease,1024,8,0.1788029670715332
101,596,134,proposed_dp_eps2_sparse_diverse,DP-CounterGAN eps=2,no_disease_to_disease,1024,5,0.1146360039710998
101,597,101,proposed_dp_eps4_sparse_diverse,DP-CounterGAN eps=4,no_disease_to_disease,1024,3,0.2690162658691406
101,598,111,proposed_dp_eps8_sparse_diverse,DP-CounterGAN eps=8,no_disease_to_disease,1024,8,0.2017654478549957
101,599,137,proposed_countergan,Non-DP CounterGAN,no_disease_to_disease,1024,10,0.1545712947845459
101,600,53,uniform_random,Baseline,disease_to_no_disease,1024,4,-0.1446084678173065
101,601,12,proposed_dp_eps16_sparse_diverse,DP-CounterGAN eps=16,disease_to_no_disease,1024,2,-0.358086496591568
101,602,4,proposed_dp_eps2_sparse_diverse,DP-CounterGAN eps=2,disease_to_no_disease,1024,1,-0.4528730809688568
101,603,99,proposed_dp_eps4_sparse_diverse,DP-CounterGAN eps=4,disease_to_no_disease,1024,6,-0.8101630210876465
101,604,77,proposed_dp_eps8_sparse_diverse,DP-CounterGAN eps=8,disease_to_no_disease,1024,9,-0.2011320292949676
101,605,77,countergan_sparse_diverse_no_dp,Non-DP CounterGAN,disease_to_no_disease,1024,2,-0.4610437452793121
101,606,132,uniform_random,Baseline,no_disease_to_disease,1024,6,0.1174651086330413
101,607,149,proposed_dp_eps16_sparse_diverse,DP-CounterGAN eps=16,no_disease_to_disease,1024,2,0.1156597882509231
101,608,137,proposed_dp_eps2_sparse_diverse,DP-CounterGAN eps=2,no_disease_to_disease,1024,1,0.2182900756597519
101,609,121,proposed_dp_eps4_sparse_diverse,DP-CounterGAN eps=4,no_disease_to_disease,1024,4,0.2282395213842392
101,610,145,proposed_dp_eps8_sparse_diverse,DP-CounterGAN eps=8,no_disease_to_disease,1024,5,0.7448396682739258
101,611,124,countergan_one_shot,Non-DP CounterGAN,no_disease_to_disease,1024,2,1.154218673706055
101,612,97,uniform_random,Baseline,disease_to_no_disease,1024,10,-0.3449174165725708
101,613,0,proposed_dp_eps16_sparse_diverse,DP-CounterGAN eps=16,disease_to_no_disease,1024,6,-1.2091622352600098
101,614,85,proposed_dp_eps2_sparse_diverse,DP-CounterGAN eps=2,disease_to_no_disease,1024,6,-0.3353727757930755
101,615,2,proposed_dp_eps4_sparse_diverse,DP-CounterGAN eps=4,disease_to_no_disease,1024,7,-0.109530508518219
101,616,63,proposed_dp_eps8_sparse_diverse,DP-CounterGAN eps=8,disease_to_no_disease,1024,1,-0.3637609779834747
101,617,17,countergan_sparse_diverse_no_dp,Non-DP CounterGAN,disease_to_no_disease,1024,5,-0.4452704489231109
101,618,171,dice_gradient_style,Baseline,no_disease_to_disease,1024,1,0.1843400597572326
101,619,144,proposed_dp_eps16_sparse_diverse,DP-CounterGAN eps=16,no_disease_to_disease,1024,4,0.2333543002605438
101,620,120,proposed_dp_eps2_sparse_diverse,DP-CounterGAN eps=2,no_disease_to_disease,1024,5,0.3564509451389313
101,621,147,proposed_dp_eps4_sparse_diverse,DP-CounterGAN eps=4,no_disease_to_disease,1024,1,0.134132370352745
101,622,163,proposed_dp_eps8_sparse_diverse,DP-CounterGAN eps=8,no_disease_to_disease,1024,3,0.1582574844360351
101,623,165,proposed_countergan,Non-DP CounterGAN,no_disease_to_disease,1024,5,0.1380017846822738
101,624,21,uniform_random,Baseline,disease_to_no_disease,1024,1,-0.1007876396179199
101,625,18,proposed_dp_eps16_sparse_diverse,DP-CounterGAN eps=16,disease_to_no_disease,1024,9,-0.5935676097869873
101,626,17,proposed_dp_eps2_sparse_diverse,DP-CounterGAN eps=2,disease_to_no_disease,1024,2,-0.9118151664733888
101,627,34,proposed_dp_eps4_sparse_diverse,DP-CounterGAN eps=4,disease_to_no_disease,1024,9,-0.4578302204608917
101,628,68,proposed_dp_eps8_sparse_diverse,DP-CounterGAN eps=8,disease_to_no_disease,1024,10,-0.2978037893772125
101,629,63,countergan_sparse_diverse_no_dp,Non-DP CounterGAN,disease_to_no_disease,1024,1,-0.3637609779834747
101,630,115,uniform_random,Baseline,no_disease_to_disease,1024,7,0.3825541138648987
101,631,128,proposed_dp_eps16_sparse_diverse,DP-CounterGAN eps=16,no_disease_to_disease,1024,1,0.1728665232658386
101,632,103,proposed_dp_eps2_sparse_diverse,DP-CounterGAN eps=2,no_disease_to_disease,1024,1,0.2250297367572784
101,633,121,proposed_dp_eps4_sparse_diverse,DP-CounterGAN eps=4,no_disease_to_disease,1024,5,0.3331542909145355
101,634,164,proposed_dp_eps8_sparse_diverse,DP-CounterGAN eps=8,no_disease_to_disease,1024,8,0.9126665592193604
101,635,194,proposed_countergan,Non-DP CounterGAN,no_disease_to_disease,1024,2,0.1760450899600982
101,636,45,dice_gradient_style,Baseline,disease_to_no_disease,1024,4,-1.10477876663208
101,637,41,proposed_dp_eps16_sparse_diverse,DP-CounterGAN eps=16,disease_to_no_disease,1024,7,-0.3154632449150085
101,638,58,proposed_dp_eps2_sparse_diverse,DP-CounterGAN eps=2,disease_to_no_disease,1024,1,-0.1796530783176422
101,639,39,proposed_dp_eps4_sparse_diverse,DP-CounterGAN eps=4,disease_to_no_disease,1024,4,-0.1298279762268066
101,640,10,proposed_dp_eps8_sparse_diverse,DP-CounterGAN eps=8,disease_to_no_disease,1024,5,-1.4034130573272705
101,641,64,countergan_one_shot,Non-DP CounterGAN,disease_to_no_disease,1024,1,-1.5371168851852417
101,642,196,wachter_style,Baseline,no_disease_to_disease,1024,1,0.1338580995798111
101,643,100,proposed_dp_eps16_sparse_diverse,DP-CounterGAN eps=16,no_disease_to_disease,1024,10,0.7509230375289917
101,644,130,proposed_dp_eps2_sparse_diverse,DP-CounterGAN eps=2,no_disease_to_disease,1024,10,0.4024491608142853
101,645,113,proposed_dp_eps4_sparse_diverse,DP-CounterGAN eps=4,no_disease_to_disease,1024,7,0.1803750097751617
101,646,125,proposed_dp_eps8_sparse_diverse,DP-CounterGAN eps=8,no_disease_to_disease,1024,1,0.3946336507797241
101,647,112,countergan_one_shot,Non-DP CounterGAN,no_disease_to_disease,1024,5,0.5460222959518433
101,648,15,uniform_random,Baseline,disease_to_no_disease,1024,10,-0.332512617111206
101,649,62,proposed_dp_eps16_sparse_diverse,DP-CounterGAN eps=16,disease_to_no_disease,1024,7,-0.7234135866165161
101,650,36,proposed_dp_eps2_sparse_diverse,DP-CounterGAN eps=2,disease_to_no_disease,1024,3,-0.1386794149875641
101,651,31,proposed_dp_eps4_sparse_diverse,DP-CounterGAN eps=4,disease_to_no_disease,1024,3,-0.1352376639842987
101,652,4,proposed_dp_eps8_sparse_diverse,DP-CounterGAN eps=8,disease_to_no_disease,1024,2,-0.1042337268590927
101,653,20,proposed_countergan,Non-DP CounterGAN,disease_to_no_disease,1024,6,-1.8514364957809448
101,654,162,dice_gradient_style,Baseline,no_disease_to_disease,1024,1,0.2288776338100433
101,655,135,proposed_dp_eps16_sparse_diverse,DP-CounterGAN eps=16,no_disease_to_disease,1024,10,0.3461883068084717
101,656,157,proposed_dp_eps2_sparse_diverse,DP-CounterGAN eps=2,no_disease_to_disease,1024,5,0.2466273605823516
101,657,148,proposed_dp_eps4_sparse_diverse,DP-CounterGAN eps=4,no_disease_to_disease,1024,3,0.2312683463096618
101,658,102,proposed_dp_eps8_sparse_diverse,DP-CounterGAN eps=8,no_disease_to_disease,1024,7,0.4353749454021454
101,659,125,proposed_countergan,Non-DP CounterGAN,no_disease_to_disease,1024,3,0.2524052858352661
101,660,63,genetic_cfe,Baseline,disease_to_no_disease,1024,1,-0.3801653683185577
101,661,85,proposed_dp_eps16_sparse_diverse,DP-CounterGAN eps=16,disease_to_no_disease,1024,7,-0.3005144894123077
101,662,47,proposed_dp_eps2_sparse_diverse,DP-CounterGAN eps=2,disease_to_no_disease,1024,10,-0.1472542285919189
101,663,55,proposed_dp_eps4_sparse_diverse,DP-CounterGAN eps=4,disease_to_no_disease,1024,5,-0.1675841510295868
101,664,12,proposed_dp_eps8_sparse_diverse,DP-CounterGAN eps=8,disease_to_no_disease,1024,9,-0.1347308158874511
101,665,79,proposed_countergan,Non-DP CounterGAN,disease_to_no_disease,1024,2,-0.243581622838974
101,666,150,dice_gradient_style,Baseline,no_disease_to_disease,1024,1,0.7038673162460327
101,667,131,proposed_dp_eps16_sparse_diverse,DP-CounterGAN eps=16,no_disease_to_disease,1024,1,0.5838015079498291
101,668,143,proposed_dp_eps2_sparse_diverse,DP-CounterGAN eps=2,no_disease_to_disease,1024,1,0.156759113073349
101,669,144,proposed_dp_eps4_sparse_diverse,DP-CounterGAN eps=4,no_disease_to_disease,1024,9,0.2615585327148437
101,670,155,proposed_dp_eps8_sparse_diverse,DP-CounterGAN eps=8,no_disease_to_disease,1024,7,0.3258507847785949
101,671,150,countergan_sparse_diverse_no_dp,Non-DP CounterGAN,no_disease_to_disease,1024,10,0.1507500410079956
101,672,65,uniform_random,Baseline,disease_to_no_disease,1024,6,-0.1220879554748535
101,673,74,proposed_dp_eps16_sparse_diverse,DP-CounterGAN eps=16,disease_to_no_disease,1024,3,-0.1679884195327758
101,674,13,proposed_dp_eps2_sparse_diverse,DP-CounterGAN eps=2,disease_to_no_disease,1024,2,-0.4162662923336029
101,675,53,proposed_dp_eps4_sparse_diverse,DP-CounterGAN eps=4,disease_to_no_disease,1024,10,-0.1219861209392547
101,676,36,proposed_dp_eps8_sparse_diverse,DP-CounterGAN eps=8,disease_to_no_disease,1024,1,-0.1492861807346344
101,677,0,countergan_sparse_diverse_no_dp,Non-DP CounterGAN,disease_to_no_disease,1024,4,-1.1621942520141602
101,678,112,uniform_random,Baseline,no_disease_to_disease,1024,1,0.2519553899765014
101,679,137,proposed_dp_eps16_sparse_diverse,DP-CounterGAN eps=16,no_disease_to_disease,1024,1,0.1031767427921295
101,680,104,proposed_dp_eps2_sparse_diverse,DP-CounterGAN eps=2,no_disease_to_disease,1024,2,0.4681755602359772
101,681,156,proposed_dp_eps4_sparse_diverse,DP-CounterGAN eps=4,no_disease_to_disease,1024,5,0.2486239075660705
101,682,127,proposed_dp_eps8_sparse_diverse,DP-CounterGAN eps=8,no_disease_to_disease,1024,8,0.2856440544128418
101,683,139,countergan_sparse_diverse_no_dp,Non-DP CounterGAN,no_disease_to_disease,1024,9,0.1923501044511795
101,684,45,uniform_random,Baseline,disease_to_no_disease,1024,9,-0.3755411207675934
101,685,30,proposed_dp_eps16_sparse_diverse,DP-CounterGAN eps=16,disease_to_no_disease,1024,8,-0.110296607017517
101,686,50,proposed_dp_eps2_sparse_diverse,DP-CounterGAN eps=2,disease_to_no_disease,1024,2,-0.1061850637197494
101,687,8,proposed_dp_eps4_sparse_diverse,DP-CounterGAN eps=4,disease_to_no_disease,1024,3,-0.4347634613513946
101,688,51,proposed_dp_eps8_sparse_diverse,DP-CounterGAN eps=8,disease_to_no_disease,1024,2,-0.8298792839050293
101,689,15,proposed_countergan,Non-DP CounterGAN,disease_to_no_disease,1024,2,-0.9148240089416504
101,690,138,genetic_cfe,Baseline,no_disease_to_disease,1024,4,0.2887628078460693
101,691,100,proposed_dp_eps16_sparse_diverse,DP-CounterGAN eps=16,no_disease_to_disease,1024,4,0.7101249694824219
101,692,161,proposed_dp_eps2_sparse_diverse,DP-CounterGAN eps=2,no_disease_to_disease,1024,4,0.6925405263900757
101,693,126,proposed_dp_eps4_sparse_diverse,DP-CounterGAN eps=4,no_disease_to_disease,1024,1,0.2267860472202301
101,694,132,proposed_dp_eps8_sparse_diverse,DP-CounterGAN eps=8,no_disease_to_disease,1024,8,0.1949570178985595
101,695,117,countergan_sparse_diverse_no_dp,Non-DP CounterGAN,no_disease_to_disease,1024,8,0.1264587193727493
101,696,15,uniform_random,Baseline,disease_to_no_disease,1024,8,-0.2161347568035125
101,697,70,proposed_dp_eps16_sparse_diverse,DP-CounterGAN eps=16,disease_to_no_disease,1024,8,-0.3496334552764892
101,698,54,proposed_dp_eps2_sparse_diverse,DP-CounterGAN eps=2,disease_to_no_disease,1024,1,-0.2332797050476074
101,699,29,proposed_dp_eps4_sparse_diverse,DP-CounterGAN eps=4,disease_to_no_disease,1024,5,-0.1190210878849029
101,700,40,proposed_dp_eps8_sparse_diverse,DP-CounterGAN eps=8,disease_to_no_disease,1024,1,-0.3328480720520019
101,701,62,proposed_countergan,Non-DP CounterGAN,disease_to_no_disease,1024,7,-1.015683889389038
101,702,100,genetic_cfe,Baseline,no_disease_to_disease,1024,7,0.1621709018945694
101,703,110,proposed_dp_eps16_sparse_diverse,DP-CounterGAN eps=16,no_disease_to_disease,1024,2,0.6680665016174316
101,704,139,proposed_dp_eps2_sparse_diverse,DP-CounterGAN eps=2,no_disease_to_disease,1024,1,0.1783227324485778
101,705,119,proposed_dp_eps4_sparse_diverse,DP-CounterGAN eps=4,no_disease_to_disease,1024,1,0.1063527837395668
101,706,140,proposed_dp_eps8_sparse_diverse,DP-CounterGAN eps=8,no_disease_to_disease,1024,3,0.2216720879077911
101,707,159,countergan_sparse_diverse_no_dp,Non-DP CounterGAN,no_disease_to_disease,1024,9,0.3587562441825866
101,708,4,dice_gradient_style,Baseline,disease_to_no_disease,1024,4,-1.515977144241333
101,709,68,proposed_dp_eps16_sparse_diverse,DP-CounterGAN eps=16,disease_to_no_disease,1024,1,-0.1757923662662506
101,710,83,proposed_dp_eps2_sparse_diverse,DP-CounterGAN eps=2,disease_to_no_disease,1024,9,-0.3650944530963897
101,711,49,proposed_dp_eps4_sparse_diverse,DP-CounterGAN eps=4,disease_to_no_disease,1024,8,-0.2333339154720306
101,712,95,proposed_dp_eps8_sparse_diverse,DP-CounterGAN eps=8,disease_to_no_disease,1024,8,-0.5317331552505493
101,713,1,proposed_countergan,Non-DP CounterGAN,disease_to_no_disease,1024,3,-1.0656896829605105
101,714,111,wachter_style,Baseline,no_disease_to_disease,1024,1,0.4585263133049011
101,715,172,proposed_dp_eps16_sparse_diverse,DP-CounterGAN eps=16,no_disease_to_disease,1024,2,0.1584881544113159
101,716,111,proposed_dp_eps2_sparse_diverse,DP-CounterGAN eps=2,no_disease_to_disease,1024,7,0.4861336052417755
101,717,112,proposed_dp_eps4_sparse_diverse,DP-CounterGAN eps=4,no_disease_to_disease,1024,1,0.275151640176773
101,718,156,proposed_dp_eps8_sparse_diverse,DP-CounterGAN eps=8,no_disease_to_disease,1024,7,0.4668367207050323
101,719,165,proposed_countergan,Non-DP CounterGAN,no_disease_to_disease,1024,4,0.1425364911556244
101,720,68,dice_gradient_style,Baseline,disease_to_no_disease,1024,3,-0.2877055704593658
101,721,72,proposed_dp_eps16_sparse_diverse,DP-CounterGAN eps=16,disease_to_no_disease,1024,1,-0.1111112534999847
101,722,87,proposed_dp_eps2_sparse_diverse,DP-CounterGAN eps=2,disease_to_no_disease,1024,4,-0.5586754083633423
101,723,63,proposed_dp_eps4_sparse_diverse,DP-CounterGAN eps=4,disease_to_no_disease,1024,9,-0.8769468069076538
101,724,16,proposed_dp_eps8_sparse_diverse,DP-CounterGAN eps=8,disease_to_no_disease,1024,7,-0.4211979210376739
101,725,25,countergan_sparse_diverse_no_dp,Non-DP CounterGAN,disease_to_no_disease,1024,9,-1.2372593879699707
101,726,126,uniform_random,Baseline,no_disease_to_disease,1024,5,0.2909846305847168
101,727,127,proposed_dp_eps16_sparse_diverse,DP-CounterGAN eps=16,no_disease_to_disease,1024,9,0.2856440544128418
101,728,114,proposed_dp_eps2_sparse_diverse,DP-CounterGAN eps=2,no_disease_to_disease,1024,9,1.0346616506576538
101,729,125,proposed_dp_eps4_sparse_diverse,DP-CounterGAN eps=4,no_disease_to_disease,1024,8,0.9873930215835572
101,730,113,proposed_dp_eps8_sparse_diverse,DP-CounterGAN eps=8,no_disease_to_disease,1024,3,0.613065779209137
101,731,106,countergan_sparse_diverse_no_dp,Non-DP CounterGAN,no_disease_to_disease,1024,10,0.2534304857254028
101,732,33,wachter_style,Baseline,disease_to_no_disease,1024,4,-1.8171390295028689
101,733,88,proposed_dp_eps16_sparse_diverse,DP-CounterGAN eps=16,disease_to_no_disease,1024,5,-0.1658904254436493
101,734,64,proposed_dp_eps2_sparse_diverse,DP-CounterGAN eps=2,disease_to_no_disease,1024,2,-0.2654111385345459
101,735,80,proposed_dp_eps4_sparse_diverse,DP-CounterGAN eps=4,disease_to_no_disease,1024,4,-0.2353181540966034
101,736,85,proposed_dp_eps8_sparse_diverse,DP-CounterGAN eps=8,disease_to_no_disease,1024,2,-0.1920965611934662
101,737,21,proposed_countergan,Non-DP CounterGAN,disease_to_no_disease,1024,10,-3.4336752891540527
101,738,100,wachter_style,Baseline,no_disease_to_disease,1024,2,0.9588072299957277
101,739,107,proposed_dp_eps16_sparse_diverse,DP-CounterGAN eps=16,no_disease_to_disease,1024,6,0.4036135077476501
101,740,186,proposed_dp_eps2_sparse_diverse,DP-CounterGAN eps=2,no_disease_to_disease,1024,1,0.1037313342094421
101,741,104,proposed_dp_eps4_sparse_diverse,DP-CounterGAN eps=4,no_disease_to_disease,1024,4,0.1552636325359344
101,742,114,proposed_dp_eps8_sparse_diverse,DP-CounterGAN eps=8,no_disease_to_disease,1024,5,0.3963680565357208
101,743,172,proposed_countergan,Non-DP CounterGAN,no_disease_to_disease,1024,5,0.1291548460721969
101,744,10,genetic_cfe,Baseline,disease_to_no_disease,1024,10,-0.3042110502719879
101,745,43,proposed_dp_eps16_sparse_diverse,DP-CounterGAN eps=16,disease_to_no_disease,1024,3,-0.270298033952713
101,746,6,proposed_dp_eps2_sparse_diverse,DP-CounterGAN eps=2,disease_to_no_disease,1024,3,-0.1510790884494781
101,747,10,proposed_dp_eps4_sparse_diverse,DP-CounterGAN eps=4,disease_to_no_disease,1024,6,-0.999382734298706
101,748,80,proposed_dp_eps8_sparse_diverse,DP-CounterGAN eps=8,disease_to_no_disease,1024,2,-0.2341289818286895
101,749,7,countergan_sparse_diverse_no_dp,Non-DP CounterGAN,disease_to_no_disease,1024,9,-1.8415873050689695
101,750,140,dice_gradient_style,Baseline,no_disease_to_disease,1024,4,0.5290595293045044
101,751,131,proposed_dp_eps16_sparse_diverse,DP-CounterGAN eps=16,no_disease_to_disease,1024,6,0.1108721047639846
101,752,146,proposed_dp_eps2_sparse_diverse,DP-CounterGAN eps=2,no_disease_to_disease,1024,10,0.1816512644290924
101,753,148,proposed_dp_eps4_sparse_diverse,DP-CounterGAN eps=4,no_disease_to_disease,1024,1,0.1271226108074188
101,754,103,proposed_dp_eps8_sparse_diverse,DP-CounterGAN eps=8,no_disease_to_disease,1024,1,0.2250297367572784
101,755,138,countergan_sparse_diverse_no_dp,Non-DP CounterGAN,no_disease_to_disease,1024,1,0.2115085422992706
101,756,60,dice_gradient_style,Baseline,disease_to_no_disease,1024,3,-0.6025627851486206
101,757,41,proposed_dp_eps16_sparse_diverse,DP-CounterGAN eps=16,disease_to_no_disease,1024,9,-0.3079969584941864
101,758,85,proposed_dp_eps2_sparse_diverse,DP-CounterGAN eps=2,disease_to_no_disease,1024,2,-0.1920965611934662
101,759,25,proposed_dp_eps4_sparse_diverse,DP-CounterGAN eps=4,disease_to_no_disease,1024,6,-0.9015834331512452
101,760,2,proposed_dp_eps8_sparse_diverse,DP-CounterGAN eps=8,disease_to_no_disease,1024,9,-1.432684063911438
101,761,39,countergan_sparse_diverse_no_dp,Non-DP CounterGAN,disease_to_no_disease,1024,4,-0.1113252937793731
101,762,106,uniform_random,Baseline,no_disease_to_disease,1024,3,0.1407932639122009
101,763,102,proposed_dp_eps16_sparse_diverse,DP-CounterGAN eps=16,no_disease_to_disease,1024,2,0.1903584599494934
101,764,154,proposed_dp_eps2_sparse_diverse,DP-CounterGAN eps=2,no_disease_to_disease,1024,5,0.1084219068288803
101,765,113,proposed_dp_eps4_sparse_diverse,DP-CounterGAN eps=4,no_disease_to_disease,1024,1,0.4022731184959411
101,766,105,proposed_dp_eps8_sparse_diverse,DP-CounterGAN eps=8,no_disease_to_disease,1024,6,0.1497647315263748
101,767,186,proposed_countergan,Non-DP CounterGAN,no_disease_to_disease,1024,2,0.1326092332601547
101,768,52,uniform_random,Baseline,disease_to_no_disease,1024,2,-0.1144698560237884
101,769,60,proposed_dp_eps16_sparse_diverse,DP-CounterGAN eps=16,disease_to_no_disease,1024,1,-0.1337247788906097
101,770,32,proposed_dp_eps2_sparse_diverse,DP-CounterGAN eps=2,disease_to_no_disease,1024,10,-0.389539510011673
101,771,99,proposed_dp_eps4_sparse_diverse,DP-CounterGAN eps=4,disease_to_no_disease,1024,3,-0.3860357105731964
101,772,23,proposed_dp_eps8_sparse_diverse,DP-CounterGAN eps=8,disease_to_no_disease,1024,3,-0.6645904779434204
101,773,46,countergan_sparse_diverse_no_dp,Non-DP CounterGAN,disease_to_no_disease,1024,8,-1.2691837549209597
101,774,100,uniform_random,Baseline,no_disease_to_disease,1024,1,0.1127932593226432
101,775,146,proposed_dp_eps16_sparse_diverse,DP-CounterGAN eps=16,no_disease_to_disease,1024,2,0.1905891150236129
101,776,138,proposed_dp_eps2_sparse_diverse,DP-CounterGAN eps=2,no_disease_to_disease,1024,8,0.3485468029975891
101,777,139,proposed_dp_eps4_sparse_diverse,DP-CounterGAN eps=4,no_disease_to_disease,1024,9,0.1513584554195404
101,778,128,proposed_dp_eps8_sparse_diverse,DP-CounterGAN eps=8,no_disease_to_disease,1024,8,0.3062566518783569
101,779,126,countergan_one_shot,Non-DP CounterGAN,no_disease_to_disease,1024,7,0.4697181284427643
101,780,27,genetic_cfe,Baseline,disease_to_no_disease,1024,2,-0.3864547908306122
101,781,64,proposed_dp_eps16_sparse_diverse,DP-CounterGAN eps=16,disease_to_no_disease,1024,1,-0.2703938484191894
101,782,28,proposed_dp_eps2_sparse_diverse,DP-CounterGAN eps=2,disease_to_no_disease,1024,7,-0.1929928064346313
101,783,1,proposed_dp_eps4_sparse_diverse,DP-CounterGAN eps=4,disease_to_no_disease,1024,9,-0.6157771348953247
101,784,93,proposed_dp_eps8_sparse_diverse,DP-CounterGAN eps=8,disease_to_no_disease,1024,7,-0.1069272756576538
101,785,53,proposed_countergan,Non-DP CounterGAN,disease_to_no_disease,1024,5,-0.6287795305252075
101,786,125,wachter_style,Baseline,no_disease_to_disease,1024,3,0.4527458250522613
101,787,196,proposed_dp_eps16_sparse_diverse,DP-CounterGAN eps=16,no_disease_to_disease,1024,3,0.1460305154323578
101,788,118,proposed_dp_eps2_sparse_diverse,DP-CounterGAN eps=2,no_disease_to_disease,1024,10,0.3063149154186249
101,789,159,proposed_dp_eps4_sparse_diverse,DP-CounterGAN eps=4,no_disease_to_disease,1024,6,0.1008332669734954
101,790,133,proposed_dp_eps8_sparse_diverse,DP-CounterGAN eps=8,no_disease_to_disease,1024,2,0.1134070008993148
101,791,124,countergan_sparse_diverse_no_dp,Non-DP CounterGAN,no_disease_to_disease,1024,4,0.3129482269287109
101,792,51,wachter_style,Baseline,disease_to_no_disease,1024,6,-1.5660449266433716
101,793,46,proposed_dp_eps16_sparse_diverse,DP-CounterGAN eps=16,disease_to_no_disease,1024,2,-0.1144580245018005
101,794,33,proposed_dp_eps2_sparse_diverse,DP-CounterGAN eps=2,disease_to_no_disease,1024,8,-1.262899398803711
101,795,99,proposed_dp_eps4_sparse_diverse,DP-CounterGAN eps=4,disease_to_no_disease,1024,5,-0.8659013509750366
101,796,16,proposed_dp_eps8_sparse_diverse,DP-CounterGAN eps=8,disease_to_no_disease,1024,9,-0.2709303796291351
101,797,62,countergan_sparse_diverse_no_dp,Non-DP CounterGAN,disease_to_no_disease,1024,1,-0.2163552641868591
101,798,131,genetic_cfe,Baseline,no_disease_to_disease,1024,5,0.2502987086772918
101,799,142,proposed_dp_eps16_sparse_diverse,DP-CounterGAN eps=16,no_disease_to_disease,1024,6,0.2444786727428436
101,800,146,proposed_dp_eps2_sparse_diverse,DP-CounterGAN eps=2,no_disease_to_disease,1024,4,0.2925707995891571
101,801,123,proposed_dp_eps4_sparse_diverse,DP-CounterGAN eps=4,no_disease_to_disease,1024,9,0.5789337158203125
101,802,124,proposed_dp_eps8_sparse_diverse,DP-CounterGAN eps=8,no_disease_to_disease,1024,2,0.5746551752090454
101,803,126,countergan_one_shot,Non-DP CounterGAN,no_disease_to_disease,1024,4,0.7216619253158569
101,804,51,genetic_cfe,Baseline,disease_to_no_disease,1024,5,-0.1167555153369903
101,805,3,proposed_dp_eps16_sparse_diverse,DP-CounterGAN eps=16,disease_to_no_disease,1024,3,-0.1799667775630951
101,806,58,proposed_dp_eps2_sparse_diverse,DP-CounterGAN eps=2,disease_to_no_disease,1024,3,-0.6995197534561157
101,807,5,proposed_dp_eps4_sparse_diverse,DP-CounterGAN eps=4,disease_to_no_disease,1024,7,-0.9359837770462036
101,808,9,proposed_dp_eps8_sparse_diverse,DP-CounterGAN eps=8,disease_to_no_disease,1024,4,-1.2224414348602295
101,809,14,proposed_countergan,Non-DP CounterGAN,disease_to_no_disease,1024,2,-1.731814742088318
101,810,107,dice_gradient_style,Baseline,no_disease_to_disease,1024,2,0.8318045139312744
101,811,112,proposed_dp_eps16_sparse_diverse,DP-CounterGAN eps=16,no_disease_to_disease,1024,10,0.3225856125354767
101,812,106,proposed_dp_eps2_sparse_diverse,DP-CounterGAN eps=2,no_disease_to_disease,1024,8,0.6875295639038086
101,813,143,proposed_dp_eps4_sparse_diverse,DP-CounterGAN eps=4,no_disease_to_disease,1024,2,0.1115071177482605
101,814,133,proposed_dp_eps8_sparse_diverse,DP-CounterGAN eps=8,no_disease_to_disease,1024,3,0.1213059574365615
101,815,117,proposed_countergan,Non-DP CounterGAN,no_disease_to_disease,1024,9,0.5204664468765259
101,816,51,wachter_style,Baseline,disease_to_no_disease,1024,4,-0.9394237995147704
101,817,58,proposed_dp_eps16_sparse_diverse,DP-CounterGAN eps=16,disease_to_no_disease,1024,3,-0.4644458591938019
101,818,73,proposed_dp_eps2_sparse_diverse,DP-CounterGAN eps=2,disease_to_no_disease,1024,9,-0.2728272676467895
101,819,24,proposed_dp_eps4_sparse_diverse,DP-CounterGAN eps=4,disease_to_no_disease,1024,10,-0.3244631290435791
101,820,54,proposed_dp_eps8_sparse_diverse,DP-CounterGAN eps=8,disease_to_no_disease,1024,10,-0.6655794382095337
101,821,20,proposed_countergan,Non-DP CounterGAN,disease_to_no_disease,1024,2,-1.1441830396652222
101,822,138,genetic_cfe,Baseline,no_disease_to_disease,1024,2,0.1193360388278961
101,823,113,proposed_dp_eps16_sparse_diverse,DP-CounterGAN eps=16,no_disease_to_disease,1024,4,0.1129418313503265
101,824,170,proposed_dp_eps2_sparse_diverse,DP-CounterGAN eps=2,no_disease_to_disease,1024,10,0.118292436003685
101,825,161,proposed_dp_eps4_sparse_diverse,DP-CounterGAN eps=4,no_disease_to_disease,1024,8,0.1498136818408966
101,826,162,proposed_dp_eps8_sparse_diverse,DP-CounterGAN eps=8,no_disease_to_disease,1024,5,0.116116002202034
101,827,162,countergan_sparse_diverse_no_dp,Non-DP CounterGAN,no_disease_to_disease,1024,7,0.5368132591247559
101,828,97,genetic_cfe,Baseline,disease_to_no_disease,1024,5,-0.3508253395557403
101,829,49,proposed_dp_eps16_sparse_diverse,DP-CounterGAN eps=16,disease_to_no_disease,1024,5,-0.1080965846776962
101,830,73,proposed_dp_eps2_sparse_diverse,DP-CounterGAN eps=2,disease_to_no_disease,1024,3,-0.6980055570602417
101,831,27,proposed_dp_eps4_sparse_diverse,DP-CounterGAN eps=4,disease_to_no_disease,1024,8,-1.0224223136901855
101,832,80,proposed_dp_eps8_sparse_diverse,DP-CounterGAN eps=8,disease_to_no_disease,1024,1,-0.1119831502437591
101,833,49,proposed_countergan,Non-DP CounterGAN,disease_to_no_disease,1024,2,-0.1773195564746856
101,834,112,uniform_random,Baseline,no_disease_to_disease,1024,2,0.1373351812362671
101,835,101,proposed_dp_eps16_sparse_diverse,DP-CounterGAN eps=16,no_disease_to_disease,1024,1,0.1664189398288726
101,836,145,proposed_dp_eps2_sparse_diverse,DP-CounterGAN eps=2,no_disease_to_disease,1024,6,0.3638132214546203
101,837,113,proposed_dp_eps4_sparse_diverse,DP-CounterGAN eps=4,no_disease_to_disease,1024,3,0.6480000019073486
101,838,129,proposed_dp_eps8_sparse_diverse,DP-CounterGAN eps=8,no_disease_to_disease,1024,2,0.1387167870998382
101,839,128,countergan_one_shot,Non-DP CounterGAN,no_disease_to_disease,1024,1,0.1726203560829162
101,840,21,genetic_cfe,Baseline,disease_to_no_disease,1024,3,-0.1062086820602417
101,841,46,proposed_dp_eps16_sparse_diverse,DP-CounterGAN eps=16,disease_to_no_disease,1024,1,-0.1621874868869781
101,842,60,proposed_dp_eps2_sparse_diverse,DP-CounterGAN eps=2,disease_to_no_disease,1024,5,-0.392947643995285
101,843,42,proposed_dp_eps4_sparse_diverse,DP-CounterGAN eps=4,disease_to_no_disease,1024,4,-0.1059174835681915
101,844,18,proposed_dp_eps8_sparse_diverse,DP-CounterGAN eps=8,disease_to_no_disease,1024,10,-0.1556594669818878
101,845,9,proposed_countergan,Non-DP CounterGAN,disease_to_no_disease,1024,1,-2.258249998092652
101,846,108,genetic_cfe,Baseline,no_disease_to_disease,1024,5,0.1236466616392135
101,847,132,proposed_dp_eps16_sparse_diverse,DP-CounterGAN eps=16,no_disease_to_disease,1024,8,0.1704054027795791
101,848,125,proposed_dp_eps2_sparse_diverse,DP-CounterGAN eps=2,no_disease_to_disease,1024,3,0.2484348714351654
101,849,144,proposed_dp_eps4_sparse_diverse,DP-CounterGAN eps=4,no_disease_to_disease,1024,7,0.3530214428901672
101,850,133,proposed_dp_eps8_sparse_diverse,DP-CounterGAN eps=8,no_disease_to_disease,1024,4,0.1236073225736618
101,851,138,countergan_sparse_diverse_no_dp,Non-DP CounterGAN,no_disease_to_disease,1024,5,0.2951197028160095
101,852,25,genetic_cfe,Baseline,disease_to_no_disease,1024,4,-0.306310087442398
101,853,86,proposed_dp_eps16_sparse_diverse,DP-CounterGAN eps=16,disease_to_no_disease,1024,5,-0.4853997528553009
101,854,25,proposed_dp_eps2_sparse_diverse,DP-CounterGAN eps=2,disease_to_no_disease,1024,6,-0.9015834331512452
101,855,70,proposed_dp_eps4_sparse_diverse,DP-CounterGAN eps=4,disease_to_no_disease,1024,9,-0.7410954236984253
101,856,1,proposed_dp_eps8_sparse_diverse,DP-CounterGAN eps=8,disease_to_no_disease,1024,4,-0.5531545877456665
101,857,24,countergan_sparse_diverse_no_dp,Non-DP CounterGAN,disease_to_no_disease,1024,5,-0.6170309782028198
101,858,126,uniform_random,Baseline,no_disease_to_disease,1024,1,0.1848001480102539
101,859,109,proposed_dp_eps16_sparse_diverse,DP-CounterGAN eps=16,no_disease_to_disease,1024,6,0.2962634563446045
101,860,100,proposed_dp_eps2_sparse_diverse,DP-CounterGAN eps=2,no_disease_to_disease,1024,3,0.5568456649780273
101,861,102,proposed_dp_eps4_sparse_diverse,DP-CounterGAN eps=4,no_disease_to_disease,1024,2,0.2264559864997863
101,862,122,proposed_dp_eps8_sparse_diverse,DP-CounterGAN eps=8,no_disease_to_disease,1024,4,0.3285724520683288
101,863,152,countergan_sparse_diverse_no_dp,Non-DP CounterGAN,no_disease_to_disease,1024,6,0.3743817508220672
101,864,25,genetic_cfe,Baseline,disease_to_no_disease,1024,6,-0.2414454519748687
101,865,92,proposed_dp_eps16_sparse_diverse,DP-CounterGAN eps=16,disease_to_no_disease,1024,9,-0.3528850972652435
101,866,0,proposed_dp_eps2_sparse_diverse,DP-CounterGAN eps=2,disease_to_no_disease,1024,7,-1.066232681274414
101,867,64,proposed_dp_eps4_sparse_diverse,DP-CounterGAN eps=4,disease_to_no_disease,1024,9,-0.2272926867008209
101,868,91,proposed_dp_eps8_sparse_diverse,DP-CounterGAN eps=8,disease_to_no_disease,1024,8,-0.5542178153991699
101,869,13,proposed_countergan,Non-DP CounterGAN,disease_to_no_disease,1024,9,-0.4112062752246856
101,870,131,dice_gradient_style,Baseline,no_disease_to_disease,1024,3,0.7632154226303101
101,871,150,proposed_dp_eps16_sparse_diverse,DP-CounterGAN eps=16,no_disease_to_disease,1024,2,0.1384003311395645
101,872,121,proposed_dp_eps2_sparse_diverse,DP-CounterGAN eps=2,no_disease_to_disease,1024,5,0.2507484555244446
101,873,131,proposed_dp_eps4_sparse_diverse,DP-CounterGAN eps=4,no_disease_to_disease,1024,7,0.1111608296632766
101,874,172,proposed_dp_eps8_sparse_diverse,DP-CounterGAN eps=8,no_disease_to_disease,1024,9,0.3505609929561615
101,875,155,countergan_sparse_diverse_no_dp,Non-DP CounterGAN,no_disease_to_disease,1024,6,0.3279174268245697
101,876,65,uniform_random,Baseline,disease_to_no_disease,1024,8,-0.2180908918380737
101,877,27,proposed_dp_eps16_sparse_diverse,DP-CounterGAN eps=16,disease_to_no_disease,1024,1,-0.8281518220901489
101,878,58,proposed_dp_eps2_sparse_diverse,DP-CounterGAN eps=2,disease_to_no_disease,1024,4,-0.4689063131809234
101,879,89,proposed_dp_eps4_sparse_diverse,DP-CounterGAN eps=4,disease_to_no_disease,1024,10,-0.4040617048740387
101,880,30,proposed_dp_eps8_sparse_diverse,DP-CounterGAN eps=8,disease_to_no_disease,1024,9,-0.108037918806076
101,881,56,proposed_countergan,Non-DP CounterGAN,disease_to_no_disease,1024,4,-0.4263975918292999
101,882,140,uniform_random,Baseline,no_disease_to_disease,1024,1,0.1423648595809936
101,883,109,proposed_dp_eps16_sparse_diverse,DP-CounterGAN eps=16,no_disease_to_disease,1024,2,0.2304772734642028
101,884,107,proposed_dp_eps2_sparse_diverse,DP-CounterGAN eps=2,no_disease_to_disease,1024,1,0.1301473677158355
101,885,146,proposed_dp_eps4_sparse_diverse,DP-CounterGAN eps=4,no_disease_to_disease,1024,2,0.1268079876899719
101,886,121,proposed_dp_eps8_sparse_diverse,DP-CounterGAN eps=8,no_disease_to_disease,1024,2,0.2312361747026443
101,887,131,proposed_countergan,Non-DP CounterGAN,no_disease_to_disease,1024,7,0.9451932907104492
101,888,17,uniform_random,Baseline,disease_to_no_disease,1024,1,-0.2019098997116089
101,889,49,proposed_dp_eps16_sparse_diverse,DP-CounterGAN eps=16,disease_to_no_disease,1024,4,-0.1520937979221344
101,890,13,proposed_dp_eps2_sparse_diverse,DP-CounterGAN eps=2,disease_to_no_disease,1024,1,-0.1403222680091858
101,891,53,proposed_dp_eps4_sparse_diverse,DP-CounterGAN eps=4,disease_to_no_disease,1024,1,-0.3050694763660431
101,892,41,proposed_dp_eps8_sparse_diverse,DP-CounterGAN eps=8,disease_to_no_disease,1024,4,-0.2326933443546295
101,893,60,proposed_countergan,Non-DP CounterGAN,disease_to_no_disease,1024,6,-0.1184697449207305
101,894,139,dice_gradient_style,Baseline,no_disease_to_disease,1024,2,0.2023943960666656
101,895,149,proposed_dp_eps16_sparse_diverse,DP-CounterGAN eps=16,no_disease_to_disease,1024,3,0.6680992841720581
101,896,107,proposed_dp_eps2_sparse_diverse,DP-CounterGAN eps=2,no_disease_to_disease,1024,8,0.5394774675369263
101,897,155,proposed_dp_eps4_sparse_diverse,DP-CounterGAN eps=4,no_disease_to_disease,1024,1,0.1533695757389068
101,898,109,proposed_dp_eps8_sparse_diverse,DP-CounterGAN eps=8,no_disease_to_disease,1024,4,0.1017922461032867
101,899,152,countergan_sparse_diverse_no_dp,Non-DP CounterGAN,no_disease_to_disease,1024,1,0.2225793302059173
101,900,61,wachter_style,Baseline,disease_to_no_disease,1024,1,-1.6576015949249268
101,901,3,proposed_dp_eps16_sparse_diverse,DP-CounterGAN eps=16,disease_to_no_disease,1024,5,-0.1483454704284668
101,902,76,proposed_dp_eps2_sparse_diverse,DP-CounterGAN eps=2,disease_to_no_disease,1024,4,-0.1769042313098907
101,903,51,proposed_dp_eps4_sparse_diverse,DP-CounterGAN eps=4,disease_to_no_disease,1024,3,-0.1203649044036865
101,904,56,proposed_dp_eps8_sparse_diverse,DP-CounterGAN eps=8,disease_to_no_disease,1024,1,-0.1864004731178283
101,905,5,proposed_countergan,Non-DP CounterGAN,disease_to_no_disease,1024,2,-1.2130990028381348
101,906,121,uniform_random,Baseline,no_disease_to_disease,1024,7,0.4515215754508972
101,907,118,proposed_dp_eps16_sparse_diverse,DP-CounterGAN eps=16,no_disease_to_disease,1024,9,0.1824254393577575
101,908,102,proposed_dp_eps2_sparse_diverse,DP-CounterGAN eps=2,no_disease_to_disease,1024,6,0.2790201008319855
101,909,177,proposed_dp_eps4_sparse_diverse,DP-CounterGAN eps=4,no_disease_to_disease,1024,1,0.1367021650075912
101,910,120,proposed_dp_eps8_sparse_diverse,DP-CounterGAN eps=8,no_disease_to_disease,1024,5,0.522432804107666
101,911,122,countergan_sparse_diverse_no_dp,Non-DP CounterGAN,no_disease_to_disease,1024,9,0.334656298160553
101,912,4,genetic_cfe,Baseline,disease_to_no_disease,1024,1,-0.116472989320755
101,913,90,proposed_dp_eps16_sparse_diverse,DP-CounterGAN eps=16,disease_to_no_disease,1024,2,-0.101416066288948
101,914,62,proposed_dp_eps2_sparse_diverse,DP-CounterGAN eps=2,disease_to_no_disease,1024,6,-0.7234135866165161
101,915,86,proposed_dp_eps4_sparse_diverse,DP-CounterGAN eps=4,disease_to_no_disease,1024,6,-0.4853997528553009
101,916,67,proposed_dp_eps8_sparse_diverse,DP-CounterGAN eps=8,disease_to_no_disease,1024,3,-0.3613217175006866
101,917,70,proposed_countergan,Non-DP CounterGAN,disease_to_no_disease,1024,4,-0.4678492248058319
101,918,104,wachter_style,Baseline,no_disease_to_disease,1024,1,1.0444185733795166
101,919,115,proposed_dp_eps16_sparse_diverse,DP-CounterGAN eps=16,no_disease_to_disease,1024,6,0.5989958643913269
101,920,104,proposed_dp_eps2_sparse_diverse,DP-CounterGAN eps=2,no_disease_to_disease,1024,1,0.1391215920448303
101,921,139,proposed_dp_eps4_sparse_diverse,DP-CounterGAN eps=4,no_disease_to_disease,1024,2,0.1220277473330497
101,922,134,proposed_dp_eps8_sparse_diverse,DP-CounterGAN eps=8,no_disease_to_disease,1024,2,0.1036109775304794
101,923,132,countergan_sparse_diverse_no_dp,Non-DP CounterGAN,no_disease_to_disease,1024,2,0.1402588039636612
101,924,7,uniform_random,Baseline,disease_to_no_disease,1024,7,-0.4410753548145294
101,925,64,proposed_dp_eps16_sparse_diverse,DP-CounterGAN eps=16,disease_to_no_disease,1024,5,-0.6587108373641968
101,926,99,proposed_dp_eps2_sparse_diverse,DP-CounterGAN eps=2,disease_to_no_disease,1024,10,-0.9705384969711304
101,927,63,proposed_dp_eps4_sparse_diverse,DP-CounterGAN eps=4,disease_to_no_disease,1024,3,-0.8032392263412476
101,928,27,proposed_dp_eps8_sparse_diverse,DP-CounterGAN eps=8,disease_to_no_disease,1024,10,-1.4128938913345337
101,929,58,countergan_one_shot,Non-DP CounterGAN,disease_to_no_disease,1024,1,-1.4144976139068604
101,930,101,genetic_cfe,Baseline,no_disease_to_disease,1024,6,0.7352778911590576
101,931,140,proposed_dp_eps16_sparse_diverse,DP-CounterGAN eps=16,no_disease_to_disease,1024,2,0.182479053735733
101,932,147,proposed_dp_eps2_sparse_diverse,DP-CounterGAN eps=2,no_disease_to_disease,1024,9,0.1791517883539199
101,933,147,proposed_dp_eps4_sparse_diverse,DP-CounterGAN eps=4,no_disease_to_disease,1024,5,0.2119082808494568
101,934,110,proposed_dp_eps8_sparse_diverse,DP-CounterGAN eps=8,no_disease_to_disease,1024,9,0.230340227484703
101,935,147,proposed_countergan,Non-DP CounterGAN,no_disease_to_disease,1024,4,0.4555723369121551
101,936,86,dice_gradient_style,Baseline,disease_to_no_disease,1024,5,-0.8524817228317261
101,937,19,proposed_dp_eps16_sparse_diverse,DP-CounterGAN eps=16,disease_to_no_disease,1024,7,-0.3298580050468445
101,938,77,proposed_dp_eps2_sparse_diverse,DP-CounterGAN eps=2,disease_to_no_disease,1024,1,-0.1132803261280059
101,939,29,proposed_dp_eps4_sparse_diverse,DP-CounterGAN eps=4,disease_to_no_disease,1024,4,-0.2573163211345672
101,940,62,proposed_dp_eps8_sparse_diverse,DP-CounterGAN eps=8,disease_to_no_disease,1024,1,-0.2163552641868591
101,941,90,countergan_sparse_diverse_no_dp,Non-DP CounterGAN,disease_to_no_disease,1024,2,-0.100168690085411
101,942,120,wachter_style,Baseline,no_disease_to_disease,1024,3,0.9962561130523682
101,943,171,proposed_dp_eps16_sparse_diverse,DP-CounterGAN eps=16,no_disease_to_disease,1024,3,0.1143971532583236
101,944,156,proposed_dp_eps2_sparse_diverse,DP-CounterGAN eps=2,no_disease_to_disease,1024,9,0.6056207418441772
101,945,172,proposed_dp_eps4_sparse_diverse,DP-CounterGAN eps=4,no_disease_to_disease,1024,5,0.1997290551662445
101,946,159,proposed_dp_eps8_sparse_diverse,DP-CounterGAN eps=8,no_disease_to_disease,1024,9,0.1050624400377273
101,947,113,proposed_countergan,Non-DP CounterGAN,no_disease_to_disease,1024,8,0.6922605037689209
101,948,62,dice_gradient_style,Baseline,disease_to_no_disease,1024,5,-1.0568902492523191
101,949,19,proposed_dp_eps16_sparse_diverse,DP-CounterGAN eps=16,disease_to_no_disease,1024,9,-0.6627581119537354
101,950,74,proposed_dp_eps2_sparse_diverse,DP-CounterGAN eps=2,disease_to_no_disease,1024,2,-0.1155958771705627
101,951,27,proposed_dp_eps4_sparse_diverse,DP-CounterGAN eps=4,disease_to_no_disease,1024,6,-1.843024969100952
101,952,7,proposed_dp_eps8_sparse_diverse,DP-CounterGAN eps=8,disease_to_no_disease,1024,9,-0.9772762060165404
101,953,7,proposed_countergan,Non-DP CounterGAN,disease_to_no_disease,1024,4,-1.9647941589355469
101,954,121,genetic_cfe,Baseline,no_disease_to_disease,1024,5,0.3353728353977203
101,955,118,proposed_dp_eps16_sparse_diverse,DP-CounterGAN eps=16,no_disease_to_disease,1024,3,0.2067671120166778
101,956,102,proposed_dp_eps2_sparse_diverse,DP-CounterGAN eps=2,no_disease_to_disease,1024,1,0.7159982919692993
101,957,103,proposed_dp_eps4_sparse_diverse,DP-CounterGAN eps=4,no_disease_to_disease,1024,3,0.2317285239696502
101,958,107,proposed_dp_eps8_sparse_diverse,DP-CounterGAN eps=8,no_disease_to_disease,1024,4,0.7393859624862671
101,959,113,countergan_one_shot,Non-DP CounterGAN,no_disease_to_disease,1024,3,0.804445743560791
101,960,99,genetic_cfe,Baseline,disease_to_no_disease,1024,10,-0.183473527431488
101,961,41,proposed_dp_eps16_sparse_diverse,DP-CounterGAN eps=16,disease_to_no_disease,1024,8,-0.1279355585575103
101,962,95,proposed_dp_eps2_sparse_diverse,DP-CounterGAN eps=2,disease_to_no_disease,1024,7,-0.1437712609767913
101,963,32,proposed_dp_eps4_sparse_diverse,DP-CounterGAN eps=4,disease_to_no_disease,1024,6,-0.487418919801712
101,964,17,proposed_dp_eps8_sparse_diverse,DP-CounterGAN eps=8,disease_to_no_disease,1024,2,-0.1790740489959716
101,965,32,countergan_sparse_diverse_no_dp,Non-DP CounterGAN,disease_to_no_disease,1024,1,-0.2506910264492035
101,966,126,genetic_cfe,Baseline,no_disease_to_disease,1024,3,0.1829095482826233
101,967,131,proposed_dp_eps16_sparse_diverse,DP-CounterGAN eps=16,no_disease_to_disease,1024,8,0.7713998556137085
101,968,106,proposed_dp_eps2_sparse_diverse,DP-CounterGAN eps=2,no_disease_to_disease,1024,7,0.2534304857254028
101,969,102,proposed_dp_eps4_sparse_diverse,DP-CounterGAN eps=4,no_disease_to_disease,1024,7,0.1050451397895813
101,970,139,proposed_dp_eps8_sparse_diverse,DP-CounterGAN eps=8,no_disease_to_disease,1024,2,0.1230249851942062
101,971,132,countergan_sparse_diverse_no_dp,Non-DP CounterGAN,no_disease_to_disease,1024,5,0.1064928174018859
101,972,40,uniform_random,Baseline,disease_to_no_disease,1024,5,-0.1567010283470153
101,973,93,proposed_dp_eps16_sparse_diverse,DP-CounterGAN eps=16,disease_to_no_disease,1024,9,-0.1764289438724517
101,974,39,proposed_dp_eps2_sparse_diverse,DP-CounterGAN eps=2,disease_to_no_disease,1024,3,-0.3373778462409973
101,975,48,proposed_dp_eps4_sparse_diverse,DP-CounterGAN eps=4,disease_to_no_disease,1024,5,-0.1416775286197662
101,976,29,proposed_dp_eps8_sparse_diverse,DP-CounterGAN eps=8,disease_to_no_disease,1024,10,-0.2430488169193267
101,977,32,proposed_countergan,Non-DP CounterGAN,disease_to_no_disease,1024,7,-1.2455172538757324
101,978,118,uniform_random,Baseline,no_disease_to_disease,1024,1,0.1148867905139923
101,979,121,proposed_dp_eps16_sparse_diverse,DP-CounterGAN eps=16,no_disease_to_disease,1024,5,0.11385428160429
101,980,127,proposed_dp_eps2_sparse_diverse,DP-CounterGAN eps=2,no_disease_to_disease,1024,4,0.2856440544128418
101,981,149,proposed_dp_eps4_sparse_diverse,DP-CounterGAN eps=4,no_disease_to_disease,1024,7,0.5591447949409485
101,982,139,proposed_dp_eps8_sparse_diverse,DP-CounterGAN eps=8,no_disease_to_disease,1024,1,0.1247484013438224
101,983,127,countergan_sparse_diverse_no_dp,Non-DP CounterGAN,no_disease_to_disease,1024,6,0.107207104563713
101,984,28,uniform_random,Baseline,disease_to_no_disease,1024,10,-0.5951471328735352
101,985,76,proposed_dp_eps16_sparse_diverse,DP-CounterGAN eps=16,disease_to_no_disease,1024,6,-0.1493294537067413
101,986,69,proposed_dp_eps2_sparse_diverse,DP-CounterGAN eps=2,disease_to_no_disease,1024,4,-0.1435635387897491
101,987,61,proposed_dp_eps4_sparse_diverse,DP-CounterGAN eps=4,disease_to_no_disease,1024,3,-0.1211251318454742
101,988,5,proposed_dp_eps8_sparse_diverse,DP-CounterGAN eps=8,disease_to_no_disease,1024,7,-1.1052097082138062
101,989,48,proposed_countergan,Non-DP CounterGAN,disease_to_no_disease,1024,5,-0.5084762573242188
101,990,150,wachter_style,Baseline,no_disease_to_disease,1024,1,0.7027827501296997
101,991,109,proposed_dp_eps16_sparse_diverse,DP-CounterGAN eps=16,no_disease_to_disease,1024,5,0.1680843830108642
101,992,146,proposed_dp_eps2_sparse_diverse,DP-CounterGAN eps=2,no_disease_to_disease,1024,2,0.1910220086574554
101,993,116,proposed_dp_eps4_sparse_diverse,DP-CounterGAN eps=4,no_disease_to_disease,1024,4,0.2418901026248932
101,994,146,proposed_dp_eps8_sparse_diverse,DP-CounterGAN eps=8,no_disease_to_disease,1024,5,0.2925707995891571
101,995,103,countergan_sparse_diverse_no_dp,Non-DP CounterGAN,no_disease_to_disease,1024,5,0.4085197448730469
101,996,38,uniform_random,Baseline,disease_to_no_disease,1024,5,-0.1084005534648895
101,997,83,proposed_dp_eps16_sparse_diverse,DP-CounterGAN eps=16,disease_to_no_disease,1024,9,-0.3913955390453338
101,998,33,proposed_dp_eps2_sparse_diverse,DP-CounterGAN eps=2,disease_to_no_disease,1024,1,-0.6476062536239624
101,999,59,proposed_dp_eps4_sparse_diverse,DP-CounterGAN eps=4,disease_to_no_disease,1024,6,-1.037935495376587
101,1000,38,proposed_dp_eps8_sparse_diverse,DP-CounterGAN eps=8,disease_to_no_disease,1024,3,-0.2975467145442962
101,1001,55,proposed_countergan,Non-DP CounterGAN,disease_to_no_disease,1024,9,-1.3858758211135864
101,1002,144,dice_gradient_style,Baseline,no_disease_to_disease,1024,5,0.336310863494873
101,1003,144,proposed_dp_eps16_sparse_diverse,DP-CounterGAN eps=16,no_disease_to_disease,1024,1,0.317467451095581
101,1004,141,proposed_dp_eps2_sparse_diverse,DP-CounterGAN eps=2,no_disease_to_disease,1024,6,0.3999823033809662
101,1005,136,proposed_dp_eps4_sparse_diverse,DP-CounterGAN eps=4,no_disease_to_disease,1024,2,0.5979735851287842
101,1006,132,proposed_dp_eps8_sparse_diverse,DP-CounterGAN eps=8,no_disease_to_disease,1024,5,0.2614670097827911
101,1007,156,countergan_sparse_diverse_no_dp,Non-DP CounterGAN,no_disease_to_disease,1024,2,0.4817329943180084
101,1008,70,genetic_cfe,Baseline,disease_to_no_disease,1024,2,-0.1237757205963134
101,1009,63,proposed_dp_eps16_sparse_diverse,DP-CounterGAN eps=16,disease_to_no_disease,1024,5,-1.0125043392181396
101,1010,87,proposed_dp_eps2_sparse_diverse,DP-CounterGAN eps=2,disease_to_no_disease,1024,5,-0.3004803955554962
101,1011,30,proposed_dp_eps4_sparse_diverse,DP-CounterGAN eps=4,disease_to_no_disease,1024,3,-0.2510919868946075
101,1012,6,proposed_dp_eps8_sparse_diverse,DP-CounterGAN eps=8,disease_to_no_disease,1024,5,-0.2345091998577118
101,1013,17,proposed_countergan,Non-DP CounterGAN,disease_to_no_disease,1024,1,-1.0608608722686768
101,1014,100,uniform_random,Baseline,no_disease_to_disease,1024,3,0.1564948856830597
101,1015,159,proposed_dp_eps16_sparse_diverse,DP-CounterGAN eps=16,no_disease_to_disease,1024,8,0.2050901651382446
101,1016,103,proposed_dp_eps2_sparse_diverse,DP-CounterGAN eps=2,no_disease_to_disease,1024,2,0.354354590177536
101,1017,100,proposed_dp_eps4_sparse_diverse,DP-CounterGAN eps=4,no_disease_to_disease,1024,3,0.5568456649780273
101,1018,109,proposed_dp_eps8_sparse_diverse,DP-CounterGAN eps=8,no_disease_to_disease,1024,6,0.2594795823097229
101,1019,150,countergan_sparse_diverse_no_dp,Non-DP CounterGAN,no_disease_to_disease,1024,8,0.3429799377918243
101,1020,15,dice_gradient_style,Baseline,disease_to_no_disease,1024,1,-0.895046591758728
101,1021,74,proposed_dp_eps16_sparse_diverse,DP-CounterGAN eps=16,disease_to_no_disease,1024,2,-0.2146049439907074
101,1022,2,proposed_dp_eps2_sparse_diverse,DP-CounterGAN eps=2,disease_to_no_disease,1024,1,-0.1613273322582245
101,1023,23,proposed_dp_eps4_sparse_diverse,DP-CounterGAN eps=4,disease_to_no_disease,1024,6,-0.5337584018707275
202,0,92,uniform_random,Baseline,disease_to_no_disease,1024,3,-0.3592162430286407
202,1,96,proposed_dp_eps16_sparse_diverse,DP-CounterGAN eps=16,disease_to_no_disease,1024,5,-0.3404250741004944
202,2,99,proposed_dp_eps2_sparse_diverse,DP-CounterGAN eps=2,disease_to_no_disease,1024,1,-0.3990676701068878
202,3,9,proposed_dp_eps4_sparse_diverse,DP-CounterGAN eps=4,disease_to_no_disease,1024,1,-0.1434243619441986
202,4,34,proposed_dp_eps8_sparse_diverse,DP-CounterGAN eps=8,disease_to_no_disease,1024,6,-0.4930182993412018
202,5,36,countergan_sparse_diverse_no_dp,Non-DP CounterGAN,disease_to_no_disease,1024,8,-0.4817216694355011
202,6,148,wachter_style,Baseline,no_disease_to_disease,1024,1,0.2093779891729354
202,7,125,proposed_dp_eps16_sparse_diverse,DP-CounterGAN eps=16,no_disease_to_disease,1024,5,0.2484348714351654
202,8,131,proposed_dp_eps2_sparse_diverse,DP-CounterGAN eps=2,no_disease_to_disease,1024,2,0.1790231764316558
202,9,156,proposed_dp_eps4_sparse_diverse,DP-CounterGAN eps=4,no_disease_to_disease,1024,9,0.1021427363157272
202,10,115,proposed_dp_eps8_sparse_diverse,DP-CounterGAN eps=8,no_disease_to_disease,1024,7,0.4195132553577423
202,11,120,countergan_sparse_diverse_no_dp,Non-DP CounterGAN,no_disease_to_disease,1024,8,0.6682833433151245
202,12,46,uniform_random,Baseline,disease_to_no_disease,1024,1,-0.1865833103656768
202,13,43,proposed_dp_eps16_sparse_diverse,DP-CounterGAN eps=16,disease_to_no_disease,1024,3,-0.270298033952713
202,14,61,proposed_dp_eps2_sparse_diverse,DP-CounterGAN eps=2,disease_to_no_disease,1024,4,-1.2172417640686035
202,15,50,proposed_dp_eps4_sparse_diverse,DP-CounterGAN eps=4,disease_to_no_disease,1024,1,-0.1188856661319732
202,16,33,proposed_dp_eps8_sparse_diverse,DP-CounterGAN eps=8,disease_to_no_disease,1024,6,-1.5485424995422363
202,17,10,countergan_one_shot,Non-DP CounterGAN,disease_to_no_disease,1024,6,-1.2650355100631714
202,18,109,genetic_cfe,Baseline,no_disease_to_disease,1024,4,0.2925112247467041
202,19,110,proposed_dp_eps16_sparse_diverse,DP-CounterGAN eps=16,no_disease_to_disease,1024,9,0.1053289026021957
202,20,114,proposed_dp_eps2_sparse_diverse,DP-CounterGAN eps=2,no_disease_to_disease,1024,4,0.3963680565357208
202,21,130,proposed_dp_eps4_sparse_diverse,DP-CounterGAN eps=4,no_disease_to_disease,1024,2,0.1474587023258209
202,22,116,proposed_dp_eps8_sparse_diverse,DP-CounterGAN eps=8,no_disease_to_disease,1024,9,1.3429017066955566
202,23,134,countergan_one_shot,Non-DP CounterGAN,no_disease_to_disease,1024,1,0.4244207441806793
202,24,12,genetic_cfe,Baseline,disease_to_no_disease,1024,7,-0.3642090857028961
202,25,39,proposed_dp_eps16_sparse_diverse,DP-CounterGAN eps=16,disease_to_no_disease,1024,5,-0.5165446996688843
202,26,22,proposed_dp_eps2_sparse_diverse,DP-CounterGAN eps=2,disease_to_no_disease,1024,4,-2.072222948074341
202,27,45,proposed_dp_eps4_sparse_diverse,DP-CounterGAN eps=4,disease_to_no_disease,1024,7,-0.8435598611831665
202,28,88,proposed_dp_eps8_sparse_diverse,DP-CounterGAN eps=8,disease_to_no_disease,1024,6,-0.10236856341362
202,29,53,countergan_sparse_diverse_no_dp,Non-DP CounterGAN,disease_to_no_disease,1024,2,-0.227941632270813
202,30,136,uniform_random,Baseline,no_disease_to_disease,1024,1,0.1884581297636032
202,31,162,proposed_dp_eps16_sparse_diverse,DP-CounterGAN eps=16,no_disease_to_disease,1024,8,0.5695402026176453
202,32,130,proposed_dp_eps2_sparse_diverse,DP-CounterGAN eps=2,no_disease_to_disease,1024,2,0.1894343197345733
202,33,105,proposed_dp_eps4_sparse_diverse,DP-CounterGAN eps=4,no_disease_to_disease,1024,4,0.1529605984687805
202,34,155,proposed_dp_eps8_sparse_diverse,DP-CounterGAN eps=8,no_disease_to_disease,1024,7,0.3258507847785949
202,35,128,proposed_countergan,Non-DP CounterGAN,no_disease_to_disease,1024,3,0.1338715851306915
202,36,95,genetic_cfe,Baseline,disease_to_no_disease,1024,9,-0.3783510029315948
202,37,16,proposed_dp_eps16_sparse_diverse,DP-CounterGAN eps=16,disease_to_no_disease,1024,3,-0.3623743951320648
202,38,26,proposed_dp_eps2_sparse_diverse,DP-CounterGAN eps=2,disease_to_no_disease,1024,8,-0.3481422364711761
202,39,96,proposed_dp_eps4_sparse_diverse,DP-CounterGAN eps=4,disease_to_no_disease,1024,4,-0.1714252233505249
202,40,51,proposed_dp_eps8_sparse_diverse,DP-CounterGAN eps=8,disease_to_no_disease,1024,1,-0.156559556722641
202,41,65,proposed_countergan,Non-DP CounterGAN,disease_to_no_disease,1024,9,-1.5164352655410769
202,42,114,genetic_cfe,Baseline,no_disease_to_disease,1024,3,0.1010135114192962
202,43,149,proposed_dp_eps16_sparse_diverse,DP-CounterGAN eps=16,no_disease_to_disease,1024,2,0.1156597882509231
202,44,172,proposed_dp_eps2_sparse_diverse,DP-CounterGAN eps=2,no_disease_to_disease,1024,4,0.2141750156879425
202,45,164,proposed_dp_eps4_sparse_diverse,DP-CounterGAN eps=4,no_disease_to_disease,1024,4,0.8540513515472412
202,46,162,proposed_dp_eps8_sparse_diverse,DP-CounterGAN eps=8,no_disease_to_disease,1024,4,0.10146364569664
202,47,148,countergan_sparse_diverse_no_dp,Non-DP CounterGAN,no_disease_to_disease,1024,1,0.1106303259730339
202,48,38,uniform_random,Baseline,disease_to_no_disease,1024,4,-0.1088044345378875
202,49,72,proposed_dp_eps16_sparse_diverse,DP-CounterGAN eps=16,disease_to_no_disease,1024,3,-0.153597205877304
202,50,38,proposed_dp_eps2_sparse_diverse,DP-CounterGAN eps=2,disease_to_no_disease,1024,3,-0.2236620187759399
202,51,14,proposed_dp_eps4_sparse_diverse,DP-CounterGAN eps=4,disease_to_no_disease,1024,2,-1.6672917604446411
202,52,64,proposed_dp_eps8_sparse_diverse,DP-CounterGAN eps=8,disease_to_no_disease,1024,5,-0.6587108373641968
202,53,97,countergan_sparse_diverse_no_dp,Non-DP CounterGAN,disease_to_no_disease,1024,8,-0.2273464798927307
202,54,116,uniform_random,Baseline,no_disease_to_disease,1024,9,0.193755567073822
202,55,139,proposed_dp_eps16_sparse_diverse,DP-CounterGAN eps=16,no_disease_to_disease,1024,4,0.4588355123996734
202,56,109,proposed_dp_eps2_sparse_diverse,DP-CounterGAN eps=2,no_disease_to_disease,1024,9,0.4596086144447326
202,57,113,proposed_dp_eps4_sparse_diverse,DP-CounterGAN eps=4,no_disease_to_disease,1024,8,0.9851233959197998
202,58,164,proposed_dp_eps8_sparse_diverse,DP-CounterGAN eps=8,no_disease_to_disease,1024,8,0.9126665592193604
202,59,131,proposed_countergan,Non-DP CounterGAN,no_disease_to_disease,1024,2,0.8535424470901489
202,60,45,uniform_random,Baseline,disease_to_no_disease,1024,2,-0.1594759821891784
202,61,52,proposed_dp_eps16_sparse_diverse,DP-CounterGAN eps=16,disease_to_no_disease,1024,4,-0.2860268354415893
202,62,59,proposed_dp_eps2_sparse_diverse,DP-CounterGAN eps=2,disease_to_no_disease,1024,2,-0.3620438873767853
202,63,0,proposed_dp_eps4_sparse_diverse,DP-CounterGAN eps=4,disease_to_no_disease,1024,5,-1.2091622352600098
202,64,61,proposed_dp_eps8_sparse_diverse,DP-CounterGAN eps=8,disease_to_no_disease,1024,8,-0.1346961259841919
202,65,6,countergan_sparse_diverse_no_dp,Non-DP CounterGAN,disease_to_no_disease,1024,7,-0.2218522727489471
202,66,149,genetic_cfe,Baseline,no_disease_to_disease,1024,4,0.8508269786834717
202,67,198,proposed_dp_eps16_sparse_diverse,DP-CounterGAN eps=16,no_disease_to_disease,1024,1,0.1629887372255325
202,68,123,proposed_dp_eps2_sparse_diverse,DP-CounterGAN eps=2,no_disease_to_disease,1024,6,0.2670931220054626
202,69,128,proposed_dp_eps4_sparse_diverse,DP-CounterGAN eps=4,no_disease_to_disease,1024,2,0.1271248161792755
202,70,119,proposed_dp_eps8_sparse_diverse,DP-CounterGAN eps=8,no_disease_to_disease,1024,6,0.1036190241575241
202,71,147,countergan_sparse_diverse_no_dp,Non-DP CounterGAN,no_disease_to_disease,1024,2,0.3963790833950043
202,72,57,wachter_style,Baseline,disease_to_no_disease,1024,3,-0.5226566791534424
202,73,6,proposed_dp_eps16_sparse_diverse,DP-CounterGAN eps=16,disease_to_no_disease,1024,9,-0.2120683789253235
202,74,47,proposed_dp_eps2_sparse_diverse,DP-CounterGAN eps=2,disease_to_no_disease,1024,5,-0.3595399558544159
202,75,40,proposed_dp_eps4_sparse_diverse,DP-CounterGAN eps=4,disease_to_no_disease,1024,7,-0.204234778881073
202,76,99,proposed_dp_eps8_sparse_diverse,DP-CounterGAN eps=8,disease_to_no_disease,1024,1,-0.3950795829296112
202,77,27,proposed_countergan,Non-DP CounterGAN,disease_to_no_disease,1024,10,-1.5900591611862185
202,78,124,wachter_style,Baseline,no_disease_to_disease,1024,2,0.4020137786865234
202,79,109,proposed_dp_eps16_sparse_diverse,DP-CounterGAN eps=16,no_disease_to_disease,1024,2,0.2304772734642028
202,80,120,proposed_dp_eps2_sparse_diverse,DP-CounterGAN eps=2,no_disease_to_disease,1024,5,0.3564509451389313
202,81,104,proposed_dp_eps4_sparse_diverse,DP-CounterGAN eps=4,no_disease_to_disease,1024,3,0.1391215920448303
202,82,112,proposed_dp_eps8_sparse_diverse,DP-CounterGAN eps=8,no_disease_to_disease,1024,8,0.1908306330442428
202,83,112,proposed_countergan,Non-DP CounterGAN,no_disease_to_disease,1024,8,0.6339106559753418
202,84,49,uniform_random,Baseline,disease_to_no_disease,1024,2,-0.1314224898815155
202,85,10,proposed_dp_eps16_sparse_diverse,DP-CounterGAN eps=16,disease_to_no_disease,1024,6,-1.070908784866333
202,86,29,proposed_dp_eps2_sparse_diverse,DP-CounterGAN eps=2,disease_to_no_disease,1024,5,-0.1123807728290557
202,87,54,proposed_dp_eps4_sparse_diverse,DP-CounterGAN eps=4,disease_to_no_disease,1024,4,-0.4432319700717926
202,88,83,proposed_dp_eps8_sparse_diverse,DP-CounterGAN eps=8,disease_to_no_disease,1024,10,-0.3913955390453338
202,89,69,proposed_countergan,Non-DP CounterGAN,disease_to_no_disease,1024,4,-0.6553734540939331
202,90,119,dice_gradient_style,Baseline,no_disease_to_disease,1024,4,0.3866162896156311
202,91,142,proposed_dp_eps16_sparse_diverse,DP-CounterGAN eps=16,no_disease_to_disease,1024,9,0.2860588133335113
202,92,170,proposed_dp_eps2_sparse_diverse,DP-CounterGAN eps=2,no_disease_to_disease,1024,2,0.2196961194276809
202,93,145,proposed_dp_eps4_sparse_diverse,DP-CounterGAN eps=4,no_disease_to_disease,1024,10,0.6930299997329712
202,94,101,proposed_dp_eps8_sparse_diverse,DP-CounterGAN eps=8,no_disease_to_disease,1024,6,0.4341855049133301
202,95,103,countergan_sparse_diverse_no_dp,Non-DP CounterGAN,no_disease_to_disease,1024,10,0.2737089991569519
202,96,40,dice_gradient_style,Baseline,disease_to_no_disease,1024,5,-0.5084257125854492
202,97,8,proposed_dp_eps16_sparse_diverse,DP-CounterGAN eps=16,disease_to_no_disease,1024,9,-1.332536220550537
202,98,7,proposed_dp_eps2_sparse_diverse,DP-CounterGAN eps=2,disease_to_no_disease,1024,6,-0.1556362807750702
202,99,43,proposed_dp_eps4_sparse_diverse,DP-CounterGAN eps=4,disease_to_no_disease,1024,5,-0.1289213597774505
202,100,93,proposed_dp_eps8_sparse_diverse,DP-CounterGAN eps=8,disease_to_no_disease,1024,9,-0.1124288737773895
202,101,6,countergan_sparse_diverse_no_dp,Non-DP CounterGAN,disease_to_no_disease,1024,9,-0.2474353313446045
202,102,115,genetic_cfe,Baseline,no_disease_to_disease,1024,3,0.6421490907669067
202,103,112,proposed_dp_eps16_sparse_diverse,DP-CounterGAN eps=16,no_disease_to_disease,1024,5,0.2573325037956238
202,104,101,proposed_dp_eps2_sparse_diverse,DP-CounterGAN eps=2,no_disease_to_disease,1024,9,0.2894635796546936
202,105,112,proposed_dp_eps4_sparse_diverse,DP-CounterGAN eps=4,no_disease_to_disease,1024,3,0.3826864659786224
202,106,139,proposed_dp_eps8_sparse_diverse,DP-CounterGAN eps=8,no_disease_to_disease,1024,8,0.1096579805016517
202,107,140,countergan_sparse_diverse_no_dp,Non-DP CounterGAN,no_disease_to_disease,1024,8,0.5279251933097839
202,108,9,uniform_random,Baseline,disease_to_no_disease,1024,3,-0.2105457186698913
202,109,22,proposed_dp_eps16_sparse_diverse,DP-CounterGAN eps=16,disease_to_no_disease,1024,1,-0.8527911901473999
202,110,72,proposed_dp_eps2_sparse_diverse,DP-CounterGAN eps=2,disease_to_no_disease,1024,2,-0.1528953909873962
202,111,16,proposed_dp_eps4_sparse_diverse,DP-CounterGAN eps=4,disease_to_no_disease,1024,3,-0.5185420513153076
202,112,41,proposed_dp_eps8_sparse_diverse,DP-CounterGAN eps=8,disease_to_no_disease,1024,9,-0.1878754794597625
202,113,10,proposed_countergan,Non-DP CounterGAN,disease_to_no_disease,1024,3,-2.631532907485962
202,114,126,genetic_cfe,Baseline,no_disease_to_disease,1024,2,0.2834387719631195
202,115,100,proposed_dp_eps16_sparse_diverse,DP-CounterGAN eps=16,no_disease_to_disease,1024,5,0.7358890771865845
202,116,107,proposed_dp_eps2_sparse_diverse,DP-CounterGAN eps=2,no_disease_to_disease,1024,4,0.1146662831306457
202,117,163,proposed_dp_eps4_sparse_diverse,DP-CounterGAN eps=4,no_disease_to_disease,1024,8,0.4221812784671783
202,118,140,proposed_dp_eps8_sparse_diverse,DP-CounterGAN eps=8,no_disease_to_disease,1024,4,0.1711786985397339
202,119,106,countergan_one_shot,Non-DP CounterGAN,no_disease_to_disease,1024,3,0.8624377250671387
202,120,9,genetic_cfe,Baseline,disease_to_no_disease,1024,4,-0.2449240386486053
202,121,44,proposed_dp_eps16_sparse_diverse,DP-CounterGAN eps=16,disease_to_no_disease,1024,7,-0.3681584894657135
202,122,79,proposed_dp_eps2_sparse_diverse,DP-CounterGAN eps=2,disease_to_no_disease,1024,6,-0.2097225189208984
202,123,64,proposed_dp_eps4_sparse_diverse,DP-CounterGAN eps=4,disease_to_no_disease,1024,6,-0.2654111385345459
202,124,98,proposed_dp_eps8_sparse_diverse,DP-CounterGAN eps=8,disease_to_no_disease,1024,3,-0.2349343597888946
202,125,62,proposed_countergan,Non-DP CounterGAN,disease_to_no_disease,1024,1,-1.5481724739074707
202,126,162,genetic_cfe,Baseline,no_disease_to_disease,1024,4,0.2218973040580749
202,127,172,proposed_dp_eps16_sparse_diverse,DP-CounterGAN eps=16,no_disease_to_disease,1024,4,0.136994257569313
202,128,138,proposed_dp_eps2_sparse_diverse,DP-CounterGAN eps=2,no_disease_to_disease,1024,10,0.3873317837715149
202,129,101,proposed_dp_eps4_sparse_diverse,DP-CounterGAN eps=4,no_disease_to_disease,1024,3,0.2690162658691406
202,130,113,proposed_dp_eps8_sparse_diverse,DP-CounterGAN eps=8,no_disease_to_disease,1024,5,0.1806766837835312
202,131,142,countergan_one_shot,Non-DP CounterGAN,no_disease_to_disease,1024,1,1.0207973718643188
202,132,86,genetic_cfe,Baseline,disease_to_no_disease,1024,2,-0.3141337931156158
202,133,47,proposed_dp_eps16_sparse_diverse,DP-CounterGAN eps=16,disease_to_no_disease,1024,6,-0.24660325050354
202,134,0,proposed_dp_eps2_sparse_diverse,DP-CounterGAN eps=2,disease_to_no_disease,1024,2,-0.1201516389846801
202,135,8,proposed_dp_eps4_sparse_diverse,DP-CounterGAN eps=4,disease_to_no_disease,1024,10,-0.7852647304534912
202,136,11,proposed_dp_eps8_sparse_diverse,DP-CounterGAN eps=8,disease_to_no_disease,1024,2,-0.3139700293540954
202,137,11,countergan_sparse_diverse_no_dp,Non-DP CounterGAN,disease_to_no_disease,1024,1,-0.3139700293540954
202,138,124,dice_gradient_style,Baseline,no_disease_to_disease,1024,1,0.3256561160087585
202,139,156,proposed_dp_eps16_sparse_diverse,DP-CounterGAN eps=16,no_disease_to_disease,1024,9,0.5103915929794312
202,140,108,proposed_dp_eps2_sparse_diverse,DP-CounterGAN eps=2,no_disease_to_disease,1024,1,0.1325722932815551
202,141,107,proposed_dp_eps4_sparse_diverse,DP-CounterGAN eps=4,no_disease_to_disease,1024,10,0.3006144762039184
202,142,128,proposed_dp_eps8_sparse_diverse,DP-CounterGAN eps=8,no_disease_to_disease,1024,8,0.3062566518783569
202,143,110,proposed_countergan,Non-DP CounterGAN,no_disease_to_disease,1024,4,0.842179536819458
202,144,87,uniform_random,Baseline,disease_to_no_disease,1024,4,-0.7206987142562866
202,145,17,proposed_dp_eps16_sparse_diverse,DP-CounterGAN eps=16,disease_to_no_disease,1024,9,-0.1834604144096374
202,146,59,proposed_dp_eps2_sparse_diverse,DP-CounterGAN eps=2,disease_to_no_disease,1024,8,-0.1563226282596588
202,147,28,proposed_dp_eps4_sparse_diverse,DP-CounterGAN eps=4,disease_to_no_disease,1024,9,-0.2165343165397644
202,148,44,proposed_dp_eps8_sparse_diverse,DP-CounterGAN eps=8,disease_to_no_disease,1024,3,-0.131865918636322
202,149,92,proposed_countergan,Non-DP CounterGAN,disease_to_no_disease,1024,7,-1.0877926349639893
202,150,133,genetic_cfe,Baseline,no_disease_to_disease,1024,1,0.1350113153457641
202,151,128,proposed_dp_eps16_sparse_diverse,DP-CounterGAN eps=16,no_disease_to_disease,1024,9,0.1572641432285308
202,152,150,proposed_dp_eps2_sparse_diverse,DP-CounterGAN eps=2,no_disease_to_disease,1024,8,0.4772683382034302
202,153,114,proposed_dp_eps4_sparse_diverse,DP-CounterGAN eps=4,no_disease_to_disease,1024,6,0.3963680565357208
202,154,105,proposed_dp_eps8_sparse_diverse,DP-CounterGAN eps=8,no_disease_to_disease,1024,7,0.2658507823944092
202,155,144,countergan_sparse_diverse_no_dp,Non-DP CounterGAN,no_disease_to_disease,1024,7,0.2844976186752319
202,156,45,dice_gradient_style,Baseline,disease_to_no_disease,1024,4,-1.10477876663208
202,157,64,proposed_dp_eps16_sparse_diverse,DP-CounterGAN eps=16,disease_to_no_disease,1024,3,-0.2657355070114136
202,158,58,proposed_dp_eps2_sparse_diverse,DP-CounterGAN eps=2,disease_to_no_disease,1024,1,-0.1796530783176422
202,159,1,proposed_dp_eps4_sparse_diverse,DP-CounterGAN eps=4,disease_to_no_disease,1024,2,-0.6445198059082031
202,160,56,proposed_dp_eps8_sparse_diverse,DP-CounterGAN eps=8,disease_to_no_disease,1024,3,-0.2569504082202911
202,161,55,countergan_sparse_diverse_no_dp,Non-DP CounterGAN,disease_to_no_disease,1024,9,-0.8835558891296387
202,162,149,uniform_random,Baseline,no_disease_to_disease,1024,1,0.1004534065723419
202,163,136,proposed_dp_eps16_sparse_diverse,DP-CounterGAN eps=16,no_disease_to_disease,1024,2,0.5979735851287842
202,164,104,proposed_dp_eps2_sparse_diverse,DP-CounterGAN eps=2,no_disease_to_disease,1024,6,0.1650175899267196
202,165,107,proposed_dp_eps4_sparse_diverse,DP-CounterGAN eps=4,no_disease_to_disease,1024,1,0.2217537611722946
202,166,120,proposed_dp_eps8_sparse_diverse,DP-CounterGAN eps=8,no_disease_to_disease,1024,3,0.1840220391750335
202,167,111,countergan_sparse_diverse_no_dp,Non-DP CounterGAN,no_disease_to_disease,1024,7,0.2540310621261596
202,168,39,uniform_random,Baseline,disease_to_no_disease,1024,1,-0.1580521464347839
202,169,9,proposed_dp_eps16_sparse_diverse,DP-CounterGAN eps=16,disease_to_no_disease,1024,4,-1.2224414348602295
202,170,34,proposed_dp_eps2_sparse_diverse,DP-CounterGAN eps=2,disease_to_no_disease,1024,1,-0.3849410116672516
202,171,46,proposed_dp_eps4_sparse_diverse,DP-CounterGAN eps=4,disease_to_no_disease,1024,2,-0.2053413093090057
202,172,63,proposed_dp_eps8_sparse_diverse,DP-CounterGAN eps=8,disease_to_no_disease,1024,6,-0.7658901214599609
202,173,61,proposed_countergan,Non-DP CounterGAN,disease_to_no_disease,1024,8,-2.0127627849578857
202,174,127,genetic_cfe,Baseline,no_disease_to_disease,1024,1,0.1207869425415992
202,175,124,proposed_dp_eps16_sparse_diverse,DP-CounterGAN eps=16,no_disease_to_disease,1024,6,0.4050017893314361
202,176,126,proposed_dp_eps2_sparse_diverse,DP-CounterGAN eps=2,no_disease_to_disease,1024,6,0.3146125376224518
202,177,126,proposed_dp_eps4_sparse_diverse,DP-CounterGAN eps=4,no_disease_to_disease,1024,8,0.2280678749084472
202,178,131,proposed_dp_eps8_sparse_diverse,DP-CounterGAN eps=8,no_disease_to_disease,1024,4,0.4900204837322235
202,179,117,proposed_countergan,Non-DP CounterGAN,no_disease_to_disease,1024,1,0.1730857193470001
202,180,26,uniform_random,Baseline,disease_to_no_disease,1024,8,-0.1095690429210662
202,181,93,proposed_dp_eps16_sparse_diverse,DP-CounterGAN eps=16,disease_to_no_disease,1024,8,-0.1452577710151672
202,182,26,proposed_dp_eps2_sparse_diverse,DP-CounterGAN eps=2,disease_to_no_disease,1024,3,-0.1796709299087524
202,183,86,proposed_dp_eps4_sparse_diverse,DP-CounterGAN eps=4,disease_to_no_disease,1024,7,-0.3111431896686554
202,184,43,proposed_dp_eps8_sparse_diverse,DP-CounterGAN eps=8,disease_to_no_disease,1024,6,-0.1538537740707397
202,185,47,proposed_countergan,Non-DP CounterGAN,disease_to_no_disease,1024,2,-0.5669549703598022
202,186,114,dice_gradient_style,Baseline,no_disease_to_disease,1024,5,0.578650951385498
202,187,157,proposed_dp_eps16_sparse_diverse,DP-CounterGAN eps=16,no_disease_to_disease,1024,1,0.2181915491819381
202,188,120,proposed_dp_eps2_sparse_diverse,DP-CounterGAN eps=2,no_disease_to_disease,1024,10,0.2473412901163101
202,189,172,proposed_dp_eps4_sparse_diverse,DP-CounterGAN eps=4,no_disease_to_disease,1024,9,0.1906921565532684
202,190,105,proposed_dp_eps8_sparse_diverse,DP-CounterGAN eps=8,no_disease_to_disease,1024,8,0.4575284123420715
202,191,172,countergan_sparse_diverse_no_dp,Non-DP CounterGAN,no_disease_to_disease,1024,1,0.1584881544113159
202,192,52,uniform_random,Baseline,disease_to_no_disease,1024,9,-0.3329340517520904
202,193,79,proposed_dp_eps16_sparse_diverse,DP-CounterGAN eps=16,disease_to_no_disease,1024,10,-0.151751697063446
202,194,37,proposed_dp_eps2_sparse_diverse,DP-CounterGAN eps=2,disease_to_no_disease,1024,5,-0.4552440941333771
202,195,27,proposed_dp_eps4_sparse_diverse,DP-CounterGAN eps=4,disease_to_no_disease,1024,4,-0.9899994134902954
202,196,27,proposed_dp_eps8_sparse_diverse,DP-CounterGAN eps=8,disease_to_no_disease,1024,5,-1.843024969100952
202,197,8,proposed_countergan,Non-DP CounterGAN,disease_to_no_disease,1024,6,-1.119959592819214
202,198,110,dice_gradient_style,Baseline,no_disease_to_disease,1024,5,1.514811873435974
202,199,145,proposed_dp_eps16_sparse_diverse,DP-CounterGAN eps=16,no_disease_to_disease,1024,5,0.3638132214546203
202,200,149,proposed_dp_eps2_sparse_diverse,DP-CounterGAN eps=2,no_disease_to_disease,1024,2,0.1747815310955047
202,201,103,proposed_dp_eps4_sparse_diverse,DP-CounterGAN eps=4,no_disease_to_disease,1024,5,0.4085197448730469
202,202,132,proposed_dp_eps8_sparse_diverse,DP-CounterGAN eps=8,no_disease_to_disease,1024,1,0.1410488784313202
202,203,144,countergan_sparse_diverse_no_dp,Non-DP CounterGAN,no_disease_to_disease,1024,5,0.2983178496360779
202,204,63,uniform_random,Baseline,disease_to_no_disease,1024,2,-0.3695673644542694
202,205,24,proposed_dp_eps16_sparse_diverse,DP-CounterGAN eps=16,disease_to_no_disease,1024,3,-0.1227592825889587
202,206,52,proposed_dp_eps2_sparse_diverse,DP-CounterGAN eps=2,disease_to_no_disease,1024,1,-0.1868599355220794
202,207,17,proposed_dp_eps4_sparse_diverse,DP-CounterGAN eps=4,disease_to_no_disease,1024,8,-0.3749518096446991
202,208,31,proposed_dp_eps8_sparse_diverse,DP-CounterGAN eps=8,disease_to_no_disease,1024,9,-2.110511779785156
202,209,1,proposed_countergan,Non-DP CounterGAN,disease_to_no_disease,1024,3,-1.0656896829605105
202,210,118,uniform_random,Baseline,no_disease_to_disease,1024,3,0.1460459232330322
202,211,126,proposed_dp_eps16_sparse_diverse,DP-CounterGAN eps=16,no_disease_to_disease,1024,8,0.2833591103553772
202,212,127,proposed_dp_eps2_sparse_diverse,DP-CounterGAN eps=2,no_disease_to_disease,1024,3,0.134652242064476
202,213,127,proposed_dp_eps4_sparse_diverse,DP-CounterGAN eps=4,no_disease_to_disease,1024,2,0.1338076889514923
202,214,139,proposed_dp_eps8_sparse_diverse,DP-CounterGAN eps=8,no_disease_to_disease,1024,1,0.1247484013438224
202,215,157,countergan_sparse_diverse_no_dp,Non-DP CounterGAN,no_disease_to_disease,1024,8,0.1858551651239395
202,216,23,wachter_style,Baseline,disease_to_no_disease,1024,6,-1.5030431747436523
202,217,23,proposed_dp_eps16_sparse_diverse,DP-CounterGAN eps=16,disease_to_no_disease,1024,1,-0.413412481546402
202,218,62,proposed_dp_eps2_sparse_diverse,DP-CounterGAN eps=2,disease_to_no_disease,1024,7,-0.5789976119995117
202,219,56,proposed_dp_eps4_sparse_diverse,DP-CounterGAN eps=4,disease_to_no_disease,1024,1,-0.1864004731178283
202,220,0,proposed_dp_eps8_sparse_diverse,DP-CounterGAN eps=8,disease_to_no_disease,1024,9,-1.892517328262329
202,221,69,countergan_sparse_diverse_no_dp,Non-DP CounterGAN,disease_to_no_disease,1024,6,-0.2849524319171905
202,222,107,dice_gradient_style,Baseline,no_disease_to_disease,1024,5,1.1694469451904297
202,223,139,proposed_dp_eps16_sparse_diverse,DP-CounterGAN eps=16,no_disease_to_disease,1024,1,0.1783227324485778
202,224,198,proposed_dp_eps2_sparse_diverse,DP-CounterGAN eps=2,no_disease_to_disease,1024,2,0.1303494274616241
202,225,112,proposed_dp_eps4_sparse_diverse,DP-CounterGAN eps=4,no_disease_to_disease,1024,4,0.2911352813243866
202,226,162,proposed_dp_eps8_sparse_diverse,DP-CounterGAN eps=8,no_disease_to_disease,1024,10,0.2546708285808563
202,227,165,proposed_countergan,Non-DP CounterGAN,no_disease_to_disease,1024,2,0.2022217363119125
202,228,64,wachter_style,Baseline,disease_to_no_disease,1024,3,-0.924224615097046
202,229,20,proposed_dp_eps16_sparse_diverse,DP-CounterGAN eps=16,disease_to_no_disease,1024,9,-0.4973423779010772
202,230,11,proposed_dp_eps2_sparse_diverse,DP-CounterGAN eps=2,disease_to_no_disease,1024,3,-0.4982308447360992
202,231,38,proposed_dp_eps4_sparse_diverse,DP-CounterGAN eps=4,disease_to_no_disease,1024,1,-0.1052069067955017
202,232,32,proposed_dp_eps8_sparse_diverse,DP-CounterGAN eps=8,disease_to_no_disease,1024,1,-0.209717184305191
202,233,66,proposed_countergan,Non-DP CounterGAN,disease_to_no_disease,1024,7,-0.922966480255127
202,234,107,wachter_style,Baseline,no_disease_to_disease,1024,5,1.1686841249465942
202,235,135,proposed_dp_eps16_sparse_diverse,DP-CounterGAN eps=16,no_disease_to_disease,1024,9,0.1185528561472892
202,236,131,proposed_dp_eps2_sparse_diverse,DP-CounterGAN eps=2,no_disease_to_disease,1024,3,0.10562264919281
202,237,116,proposed_dp_eps4_sparse_diverse,DP-CounterGAN eps=4,no_disease_to_disease,1024,8,0.2904365062713623
202,238,110,proposed_dp_eps8_sparse_diverse,DP-CounterGAN eps=8,no_disease_to_disease,1024,8,0.4824431240558624
202,239,138,countergan_sparse_diverse_no_dp,Non-DP CounterGAN,no_disease_to_disease,1024,6,0.4363359212875366
202,240,5,genetic_cfe,Baseline,disease_to_no_disease,1024,6,-0.1927302479743957
202,241,39,proposed_dp_eps16_sparse_diverse,DP-CounterGAN eps=16,disease_to_no_disease,1024,7,-0.9398837089538574
202,242,98,proposed_dp_eps2_sparse_diverse,DP-CounterGAN eps=2,disease_to_no_disease,1024,3,-0.1581968665122985
202,243,91,proposed_dp_eps4_sparse_diverse,DP-CounterGAN eps=4,disease_to_no_disease,1024,6,-0.1379249393939972
202,244,96,proposed_dp_eps8_sparse_diverse,DP-CounterGAN eps=8,disease_to_no_disease,1024,7,-0.1022541970014572
202,245,11,proposed_countergan,Non-DP CounterGAN,disease_to_no_disease,1024,6,-1.2095422744750977
202,246,111,uniform_random,Baseline,no_disease_to_disease,1024,6,0.2585856318473816
202,247,171,proposed_dp_eps16_sparse_diverse,DP-CounterGAN eps=16,no_disease_to_disease,1024,3,0.1143971532583236
202,248,125,proposed_dp_eps2_sparse_diverse,DP-CounterGAN eps=2,no_disease_to_disease,1024,3,0.2484348714351654
202,249,135,proposed_dp_eps4_sparse_diverse,DP-CounterGAN eps=4,no_disease_to_disease,1024,3,0.1580318510532379
202,250,156,proposed_dp_eps8_sparse_diverse,DP-CounterGAN eps=8,no_disease_to_disease,1024,9,0.5364115238189697
202,251,161,countergan_sparse_diverse_no_dp,Non-DP CounterGAN,no_disease_to_disease,1024,4,0.6790943145751953
202,252,83,uniform_random,Baseline,disease_to_no_disease,1024,6,-0.1728715002536773
202,253,57,proposed_dp_eps16_sparse_diverse,DP-CounterGAN eps=16,disease_to_no_disease,1024,8,-0.1037337034940719
202,254,55,proposed_dp_eps2_sparse_diverse,DP-CounterGAN eps=2,disease_to_no_disease,1024,7,-0.2606996595859527
202,255,54,proposed_dp_eps4_sparse_diverse,DP-CounterGAN eps=4,disease_to_no_disease,1024,5,-0.2298802435398101
202,256,28,proposed_dp_eps8_sparse_diverse,DP-CounterGAN eps=8,disease_to_no_disease,1024,7,-0.156372994184494
202,257,47,countergan_sparse_diverse_no_dp,Non-DP CounterGAN,disease_to_no_disease,1024,1,-0.2521192729473114
202,258,140,uniform_random,Baseline,no_disease_to_disease,1024,1,0.1423648595809936
202,259,108,proposed_dp_eps16_sparse_diverse,DP-CounterGAN eps=16,no_disease_to_disease,1024,8,0.2088736146688461
202,260,154,proposed_dp_eps2_sparse_diverse,DP-CounterGAN eps=2,no_disease_to_disease,1024,1,0.1139899790287017
202,261,171,proposed_dp_eps4_sparse_diverse,DP-CounterGAN eps=4,no_disease_to_disease,1024,2,0.1247374936938285
202,262,121,proposed_dp_eps8_sparse_diverse,DP-CounterGAN eps=8,no_disease_to_disease,1024,1,0.3606220483779907
202,263,155,countergan_sparse_diverse_no_dp,Non-DP CounterGAN,no_disease_to_disease,1024,9,0.103027731180191
202,264,86,uniform_random,Baseline,disease_to_no_disease,1024,8,-0.1067375540733337
202,265,89,proposed_dp_eps16_sparse_diverse,DP-CounterGAN eps=16,disease_to_no_disease,1024,2,-0.1774633824825287
202,266,42,proposed_dp_eps2_sparse_diverse,DP-CounterGAN eps=2,disease_to_no_disease,1024,5,-0.2642776370048523
202,267,65,proposed_dp_eps4_sparse_diverse,DP-CounterGAN eps=4,disease_to_no_disease,1024,9,-0.2118109762668609
202,268,65,proposed_dp_eps8_sparse_diverse,DP-CounterGAN eps=8,disease_to_no_disease,1024,7,-0.2118109762668609
202,269,49,proposed_countergan,Non-DP CounterGAN,disease_to_no_disease,1024,6,-0.2345473766326904
202,270,110,dice_gradient_style,Baseline,no_disease_to_disease,1024,8,1.042587399482727
202,271,118,proposed_dp_eps16_sparse_diverse,DP-CounterGAN eps=16,no_disease_to_disease,1024,1,0.2861716747283935
202,272,120,proposed_dp_eps2_sparse_diverse,DP-CounterGAN eps=2,no_disease_to_disease,1024,8,0.7483663558959961
202,273,142,proposed_dp_eps4_sparse_diverse,DP-CounterGAN eps=4,no_disease_to_disease,1024,4,0.2121109962463379
202,274,138,proposed_dp_eps8_sparse_diverse,DP-CounterGAN eps=8,no_disease_to_disease,1024,6,0.3485468029975891
202,275,107,countergan_sparse_diverse_no_dp,Non-DP CounterGAN,no_disease_to_disease,1024,10,0.5394774675369263
202,276,83,genetic_cfe,Baseline,disease_to_no_disease,1024,4,-0.1777974367141723
202,277,38,proposed_dp_eps16_sparse_diverse,DP-CounterGAN eps=16,disease_to_no_disease,1024,5,-0.1605919301509857
202,278,95,proposed_dp_eps2_sparse_diverse,DP-CounterGAN eps=2,disease_to_no_disease,1024,3,-0.3032508790493011
202,279,33,proposed_dp_eps4_sparse_diverse,DP-CounterGAN eps=4,disease_to_no_disease,1024,1,-0.1942692697048187
202,280,57,proposed_dp_eps8_sparse_diverse,DP-CounterGAN eps=8,disease_to_no_disease,1024,3,-0.1491349041461944
202,281,83,proposed_countergan,Non-DP CounterGAN,disease_to_no_disease,1024,1,-0.6840230226516724
202,282,121,genetic_cfe,Baseline,no_disease_to_disease,1024,5,0.3353728353977203
202,283,125,proposed_dp_eps16_sparse_diverse,DP-CounterGAN eps=16,no_disease_to_disease,1024,4,0.2069539874792099
202,284,159,proposed_dp_eps2_sparse_diverse,DP-CounterGAN eps=2,no_disease_to_disease,1024,2,0.1675304323434829
202,285,163,proposed_dp_eps4_sparse_diverse,DP-CounterGAN eps=4,no_disease_to_disease,1024,4,0.1966573297977447
202,286,130,proposed_dp_eps8_sparse_diverse,DP-CounterGAN eps=8,no_disease_to_disease,1024,4,0.1441290378570556
202,287,139,countergan_one_shot,Non-DP CounterGAN,no_disease_to_disease,1024,4,0.759113073348999
202,288,55,dice_gradient_style,Baseline,disease_to_no_disease,1024,2,-0.595159649848938
202,289,16,proposed_dp_eps16_sparse_diverse,DP-CounterGAN eps=16,disease_to_no_disease,1024,10,-0.4629999697208404
202,290,34,proposed_dp_eps2_sparse_diverse,DP-CounterGAN eps=2,disease_to_no_disease,1024,3,-0.3595368564128876
202,291,52,proposed_dp_eps4_sparse_diverse,DP-CounterGAN eps=4,disease_to_no_disease,1024,3,-0.3108318448066711
202,292,80,proposed_dp_eps8_sparse_diverse,DP-CounterGAN eps=8,disease_to_no_disease,1024,1,-0.1119831502437591
202,293,36,countergan_sparse_diverse_no_dp,Non-DP CounterGAN,disease_to_no_disease,1024,3,-0.2829895317554474
202,294,156,genetic_cfe,Baseline,no_disease_to_disease,1024,1,0.2941826283931732
202,295,130,proposed_dp_eps16_sparse_diverse,DP-CounterGAN eps=16,no_disease_to_disease,1024,3,0.3887132406234741
202,296,121,proposed_dp_eps2_sparse_diverse,DP-CounterGAN eps=2,no_disease_to_disease,1024,6,0.4620645046234131
202,297,120,proposed_dp_eps4_sparse_diverse,DP-CounterGAN eps=4,no_disease_to_disease,1024,7,0.1079224348068237
202,298,145,proposed_dp_eps8_sparse_diverse,DP-CounterGAN eps=8,no_disease_to_disease,1024,8,0.2400789260864257
202,299,144,countergan_sparse_diverse_no_dp,Non-DP CounterGAN,no_disease_to_disease,1024,2,0.3559280633926391
202,300,29,genetic_cfe,Baseline,disease_to_no_disease,1024,6,-0.1683263480663299
202,301,90,proposed_dp_eps16_sparse_diverse,DP-CounterGAN eps=16,disease_to_no_disease,1024,1,-0.1126562654972076
202,302,91,proposed_dp_eps2_sparse_diverse,DP-CounterGAN eps=2,disease_to_no_disease,1024,4,-0.1006861925125122
202,303,99,proposed_dp_eps4_sparse_diverse,DP-CounterGAN eps=4,disease_to_no_disease,1024,7,-0.1815743744373321
202,304,39,proposed_dp_eps8_sparse_diverse,DP-CounterGAN eps=8,disease_to_no_disease,1024,8,-0.9398837089538574
202,305,74,countergan_sparse_diverse_no_dp,Non-DP CounterGAN,disease_to_no_disease,1024,2,-0.4026608765125274
202,306,121,uniform_random,Baseline,no_disease_to_disease,1024,7,0.4515215754508972
202,307,103,proposed_dp_eps16_sparse_diverse,DP-CounterGAN eps=16,no_disease_to_disease,1024,6,0.2851253449916839
202,308,128,proposed_dp_eps2_sparse_diverse,DP-CounterGAN eps=2,no_disease_to_disease,1024,3,0.1444080173969268
202,309,101,proposed_dp_eps4_sparse_diverse,DP-CounterGAN eps=4,no_disease_to_disease,1024,4,0.1069693118333816
202,310,162,proposed_dp_eps8_sparse_diverse,DP-CounterGAN eps=8,no_disease_to_disease,1024,5,0.116116002202034
202,311,145,proposed_countergan,Non-DP CounterGAN,no_disease_to_disease,1024,6,0.7273528575897217
202,312,22,uniform_random,Baseline,disease_to_no_disease,1024,1,-0.2514751553535461
202,313,8,proposed_dp_eps16_sparse_diverse,DP-CounterGAN eps=16,disease_to_no_disease,1024,2,-0.5744935274124146
202,314,88,proposed_dp_eps2_sparse_diverse,DP-CounterGAN eps=2,disease_to_no_disease,1024,3,-0.1435310244560241
202,315,55,proposed_dp_eps4_sparse_diverse,DP-CounterGAN eps=4,disease_to_no_disease,1024,3,-0.408205896615982
202,316,59,proposed_dp_eps8_sparse_diverse,DP-CounterGAN eps=8,disease_to_no_disease,1024,10,-1.5500237941741943
202,317,66,countergan_sparse_diverse_no_dp,Non-DP CounterGAN,disease_to_no_disease,1024,4,-0.1837055385112762
202,318,149,wachter_style,Baseline,no_disease_to_disease,1024,2,0.7878594398498535
202,319,118,proposed_dp_eps16_sparse_diverse,DP-CounterGAN eps=16,no_disease_to_disease,1024,4,0.191282108426094
202,320,146,proposed_dp_eps2_sparse_diverse,DP-CounterGAN eps=2,no_disease_to_disease,1024,4,0.2925707995891571
202,321,139,proposed_dp_eps4_sparse_diverse,DP-CounterGAN eps=4,no_disease_to_disease,1024,9,0.1513584554195404
202,322,123,proposed_dp_eps8_sparse_diverse,DP-CounterGAN eps=8,no_disease_to_disease,1024,9,0.4714694619178772
202,323,133,countergan_sparse_diverse_no_dp,Non-DP CounterGAN,no_disease_to_disease,1024,5,0.2103839516639709
202,324,21,genetic_cfe,Baseline,disease_to_no_disease,1024,3,-0.1062086820602417
202,325,63,proposed_dp_eps16_sparse_diverse,DP-CounterGAN eps=16,disease_to_no_disease,1024,9,-1.3160276412963867
202,326,16,proposed_dp_eps2_sparse_diverse,DP-CounterGAN eps=2,disease_to_no_disease,1024,9,-0.196196049451828
202,327,70,proposed_dp_eps4_sparse_diverse,DP-CounterGAN eps=4,disease_to_no_disease,1024,5,-0.3496334552764892
202,328,40,proposed_dp_eps8_sparse_diverse,DP-CounterGAN eps=8,disease_to_no_disease,1024,3,-0.2523403167724609
202,329,77,countergan_sparse_diverse_no_dp,Non-DP CounterGAN,disease_to_no_disease,1024,8,-0.4422432482242584
202,330,139,genetic_cfe,Baseline,no_disease_to_disease,1024,1,0.1002206951379776
202,331,115,proposed_dp_eps16_sparse_diverse,DP-CounterGAN eps=16,no_disease_to_disease,1024,8,0.1119733825325965
202,332,119,proposed_dp_eps2_sparse_diverse,DP-CounterGAN eps=2,no_disease_to_disease,1024,1,0.1063527837395668
202,333,111,proposed_dp_eps4_sparse_diverse,DP-CounterGAN eps=4,no_disease_to_disease,1024,6,0.5937550067901611
202,334,125,proposed_dp_eps8_sparse_diverse,DP-CounterGAN eps=8,no_disease_to_disease,1024,10,0.6569271087646484
202,335,110,countergan_sparse_diverse_no_dp,Non-DP CounterGAN,no_disease_to_disease,1024,7,0.3038105368614197
202,336,24,genetic_cfe,Baseline,disease_to_no_disease,1024,8,-0.4932155907154083
202,337,18,proposed_dp_eps16_sparse_diverse,DP-CounterGAN eps=16,disease_to_no_disease,1024,8,-0.4250004589557647
202,338,33,proposed_dp_eps2_sparse_diverse,DP-CounterGAN eps=2,disease_to_no_disease,1024,2,-0.2222514152526855
202,339,34,proposed_dp_eps4_sparse_diverse,DP-CounterGAN eps=4,disease_to_no_disease,1024,2,-0.7364662885665894
202,340,97,proposed_dp_eps8_sparse_diverse,DP-CounterGAN eps=8,disease_to_no_disease,1024,4,-0.2035942077636718
202,341,80,countergan_sparse_diverse_no_dp,Non-DP CounterGAN,disease_to_no_disease,1024,6,-0.1200167536735534
202,342,140,wachter_style,Baseline,no_disease_to_disease,1024,1,0.1797118484973907
202,343,105,proposed_dp_eps16_sparse_diverse,DP-CounterGAN eps=16,no_disease_to_disease,1024,4,0.1113566309213638
202,344,145,proposed_dp_eps2_sparse_diverse,DP-CounterGAN eps=2,no_disease_to_disease,1024,8,0.2400789260864257
202,345,126,proposed_dp_eps4_sparse_diverse,DP-CounterGAN eps=4,no_disease_to_disease,1024,3,0.2408375442028045
202,346,132,proposed_dp_eps8_sparse_diverse,DP-CounterGAN eps=8,no_disease_to_disease,1024,5,0.2614670097827911
202,347,130,countergan_sparse_diverse_no_dp,Non-DP CounterGAN,no_disease_to_disease,1024,2,0.2993288338184356
202,348,49,uniform_random,Baseline,disease_to_no_disease,1024,1,-0.1066475063562393
202,349,6,proposed_dp_eps16_sparse_diverse,DP-CounterGAN eps=16,disease_to_no_disease,1024,8,-0.5022494792938232
202,350,66,proposed_dp_eps2_sparse_diverse,DP-CounterGAN eps=2,disease_to_no_disease,1024,5,-0.1072912514209747
202,351,7,proposed_dp_eps4_sparse_diverse,DP-CounterGAN eps=4,disease_to_no_disease,1024,2,-0.1012466549873352
202,352,86,proposed_dp_eps8_sparse_diverse,DP-CounterGAN eps=8,disease_to_no_disease,1024,10,-0.3384775817394256
202,353,48,countergan_one_shot,Non-DP CounterGAN,disease_to_no_disease,1024,1,-0.905947208404541
202,354,116,uniform_random,Baseline,no_disease_to_disease,1024,4,0.2477800995111465
202,355,177,proposed_dp_eps16_sparse_diverse,DP-CounterGAN eps=16,no_disease_to_disease,1024,1,0.1435879021883011
202,356,155,proposed_dp_eps2_sparse_diverse,DP-CounterGAN eps=2,no_disease_to_disease,1024,3,0.132470890879631
202,357,163,proposed_dp_eps4_sparse_diverse,DP-CounterGAN eps=4,no_disease_to_disease,1024,3,0.2144263982772827
202,358,115,proposed_dp_eps8_sparse_diverse,DP-CounterGAN eps=8,no_disease_to_disease,1024,10,1.345685362815857
202,359,163,countergan_sparse_diverse_no_dp,Non-DP CounterGAN,no_disease_to_disease,1024,7,0.346411257982254
202,360,39,wachter_style,Baseline,disease_to_no_disease,1024,2,-0.4995350539684295
202,361,98,proposed_dp_eps16_sparse_diverse,DP-CounterGAN eps=16,disease_to_no_disease,1024,6,-0.1055621802806854
202,362,39,proposed_dp_eps2_sparse_diverse,DP-CounterGAN eps=2,disease_to_no_disease,1024,6,-0.5165446996688843
202,363,99,proposed_dp_eps4_sparse_diverse,DP-CounterGAN eps=4,disease_to_no_disease,1024,10,-0.6926267147064209
202,364,92,proposed_dp_eps8_sparse_diverse,DP-CounterGAN eps=8,disease_to_no_disease,1024,2,-0.1418696343898773
202,365,17,countergan_one_shot,Non-DP CounterGAN,disease_to_no_disease,1024,2,-1.1158592700958252
202,366,112,genetic_cfe,Baseline,no_disease_to_disease,1024,6,0.1028693988919258
202,367,138,proposed_dp_eps16_sparse_diverse,DP-CounterGAN eps=16,no_disease_to_disease,1024,1,0.3311583995819092
202,368,186,proposed_dp_eps2_sparse_diverse,DP-CounterGAN eps=2,no_disease_to_disease,1024,1,0.1037313342094421
202,369,156,proposed_dp_eps4_sparse_diverse,DP-CounterGAN eps=4,no_disease_to_disease,1024,7,0.2682415843009949
202,370,126,proposed_dp_eps8_sparse_diverse,DP-CounterGAN eps=8,no_disease_to_disease,1024,9,0.2786794900894165
202,371,135,proposed_countergan,Non-DP CounterGAN,no_disease_to_disease,1024,9,0.3476237058639526
202,372,82,genetic_cfe,Baseline,disease_to_no_disease,1024,2,-0.2185524404048919
202,373,13,proposed_dp_eps16_sparse_diverse,DP-CounterGAN eps=16,disease_to_no_disease,1024,10,-0.555293083190918
202,374,15,proposed_dp_eps2_sparse_diverse,DP-CounterGAN eps=2,disease_to_no_disease,1024,5,-0.22449991106987
202,375,57,proposed_dp_eps4_sparse_diverse,DP-CounterGAN eps=4,disease_to_no_disease,1024,6,-0.4343281090259552
202,376,10,proposed_dp_eps8_sparse_diverse,DP-CounterGAN eps=8,disease_to_no_disease,1024,1,-1.1475753784179688
202,377,48,countergan_sparse_diverse_no_dp,Non-DP CounterGAN,disease_to_no_disease,1024,4,-0.211523175239563
202,378,144,wachter_style,Baseline,no_disease_to_disease,1024,3,0.3286617994308471
202,379,173,proposed_dp_eps16_sparse_diverse,DP-CounterGAN eps=16,no_disease_to_disease,1024,1,0.1726346611976623
202,380,137,proposed_dp_eps2_sparse_diverse,DP-CounterGAN eps=2,no_disease_to_disease,1024,8,0.2702060043811798
202,381,148,proposed_dp_eps4_sparse_diverse,DP-CounterGAN eps=4,no_disease_to_disease,1024,7,0.2630286812782287
202,382,120,proposed_dp_eps8_sparse_diverse,DP-CounterGAN eps=8,no_disease_to_disease,1024,6,0.3982532322406769
202,383,131,countergan_sparse_diverse_no_dp,Non-DP CounterGAN,no_disease_to_disease,1024,6,0.7713998556137085
202,384,65,wachter_style,Baseline,disease_to_no_disease,1024,1,-0.1355468928813934
202,385,19,proposed_dp_eps16_sparse_diverse,DP-CounterGAN eps=16,disease_to_no_disease,1024,6,-0.1700919568538665
202,386,79,proposed_dp_eps2_sparse_diverse,DP-CounterGAN eps=2,disease_to_no_disease,1024,1,-0.1310653090476989
202,387,47,proposed_dp_eps4_sparse_diverse,DP-CounterGAN eps=4,disease_to_no_disease,1024,10,-0.3073510825634002
202,388,86,proposed_dp_eps8_sparse_diverse,DP-CounterGAN eps=8,disease_to_no_disease,1024,5,-0.4392463862895965
202,389,55,proposed_countergan,Non-DP CounterGAN,disease_to_no_disease,1024,2,-1.7325119972229004
202,390,144,wachter_style,Baseline,no_disease_to_disease,1024,5,0.336310863494873
202,391,100,proposed_dp_eps16_sparse_diverse,DP-CounterGAN eps=16,no_disease_to_disease,1024,7,0.1499213576316833
202,392,198,proposed_dp_eps2_sparse_diverse,DP-CounterGAN eps=2,no_disease_to_disease,1024,1,0.2119359374046325
202,393,106,proposed_dp_eps4_sparse_diverse,DP-CounterGAN eps=4,no_disease_to_disease,1024,7,0.3133576810359955
202,394,101,proposed_dp_eps8_sparse_diverse,DP-CounterGAN eps=8,no_disease_to_disease,1024,10,0.3996545374393463
202,395,109,proposed_countergan,Non-DP CounterGAN,no_disease_to_disease,1024,5,0.9147847890853882
202,396,66,wachter_style,Baseline,disease_to_no_disease,1024,3,-0.707298755645752
202,397,4,proposed_dp_eps16_sparse_diverse,DP-CounterGAN eps=16,disease_to_no_disease,1024,7,-0.3454529941082001
202,398,25,proposed_dp_eps2_sparse_diverse,DP-CounterGAN eps=2,disease_to_no_disease,1024,5,-0.238053411245346
202,399,75,proposed_dp_eps4_sparse_diverse,DP-CounterGAN eps=4,disease_to_no_disease,1024,3,-0.1473529934883117
202,400,55,proposed_dp_eps8_sparse_diverse,DP-CounterGAN eps=8,disease_to_no_disease,1024,6,-0.2108433544635772
202,401,23,countergan_sparse_diverse_no_dp,Non-DP CounterGAN,disease_to_no_disease,1024,9,-1.1796770095825195
202,402,150,dice_gradient_style,Baseline,no_disease_to_disease,1024,3,0.7373286485671997
202,403,124,proposed_dp_eps16_sparse_diverse,DP-CounterGAN eps=16,no_disease_to_disease,1024,3,0.1098958104848861
202,404,147,proposed_dp_eps2_sparse_diverse,DP-CounterGAN eps=2,no_disease_to_disease,1024,9,0.1791517883539199
202,405,106,proposed_dp_eps4_sparse_diverse,DP-CounterGAN eps=4,no_disease_to_disease,1024,5,0.2265364825725555
202,406,154,proposed_dp_eps8_sparse_diverse,DP-CounterGAN eps=8,no_disease_to_disease,1024,6,0.2129324823617935
202,407,161,countergan_sparse_diverse_no_dp,Non-DP CounterGAN,no_disease_to_disease,1024,2,0.6527445316314697
202,408,86,genetic_cfe,Baseline,disease_to_no_disease,1024,10,-0.5651923418045044
202,409,63,proposed_dp_eps16_sparse_diverse,DP-CounterGAN eps=16,disease_to_no_disease,1024,10,-1.2983250617980957
202,410,53,proposed_dp_eps2_sparse_diverse,DP-CounterGAN eps=2,disease_to_no_disease,1024,3,-0.123326152563095
202,411,32,proposed_dp_eps4_sparse_diverse,DP-CounterGAN eps=4,disease_to_no_disease,1024,2,-0.3315083384513855
202,412,97,proposed_dp_eps8_sparse_diverse,DP-CounterGAN eps=8,disease_to_no_disease,1024,6,-0.2273464798927307
202,413,26,countergan_sparse_diverse_no_dp,Non-DP CounterGAN,disease_to_no_disease,1024,2,-0.1341015100479126
202,414,103,genetic_cfe,Baseline,no_disease_to_disease,1024,3,0.2278838753700256
202,415,104,proposed_dp_eps16_sparse_diverse,DP-CounterGAN eps=16,no_disease_to_disease,1024,9,0.4330328404903412
202,416,146,proposed_dp_eps2_sparse_diverse,DP-CounterGAN eps=2,no_disease_to_disease,1024,8,0.5476092100143433
202,417,105,proposed_dp_eps4_sparse_diverse,DP-CounterGAN eps=4,no_disease_to_disease,1024,10,0.1030480414628982
202,418,109,proposed_dp_eps8_sparse_diverse,DP-CounterGAN eps=8,no_disease_to_disease,1024,6,0.2594795823097229
202,419,150,countergan_one_shot,Non-DP CounterGAN,no_disease_to_disease,1024,1,1.300273895263672
202,420,25,genetic_cfe,Baseline,disease_to_no_disease,1024,5,-0.422988086938858
202,421,74,proposed_dp_eps16_sparse_diverse,DP-CounterGAN eps=16,disease_to_no_disease,1024,8,-0.5813038349151611
202,422,9,proposed_dp_eps2_sparse_diverse,DP-CounterGAN eps=2,disease_to_no_disease,1024,7,-0.2635429501533508
202,423,73,proposed_dp_eps4_sparse_diverse,DP-CounterGAN eps=4,disease_to_no_disease,1024,4,-0.2594115138053894
202,424,24,proposed_dp_eps8_sparse_diverse,DP-CounterGAN eps=8,disease_to_no_disease,1024,8,-1.1288589239120483
202,425,22,countergan_one_shot,Non-DP CounterGAN,disease_to_no_disease,1024,2,-2.288364887237549
202,426,115,uniform_random,Baseline,no_disease_to_disease,1024,3,0.2099655419588089
202,427,145,proposed_dp_eps16_sparse_diverse,DP-CounterGAN eps=16,no_disease_to_disease,1024,10,0.1339111030101776
202,428,148,proposed_dp_eps2_sparse_diverse,DP-CounterGAN eps=2,no_disease_to_disease,1024,6,0.1466515064239502
202,429,123,proposed_dp_eps4_sparse_diverse,DP-CounterGAN eps=4,no_disease_to_disease,1024,8,0.2161625623703003
202,430,121,proposed_dp_eps8_sparse_diverse,DP-CounterGAN eps=8,no_disease_to_disease,1024,10,0.368240475654602
202,431,127,proposed_countergan,Non-DP CounterGAN,no_disease_to_disease,1024,3,0.1610328257083892
202,432,51,dice_gradient_style,Baseline,disease_to_no_disease,1024,6,-1.5639697313308716
202,433,17,proposed_dp_eps16_sparse_diverse,DP-CounterGAN eps=16,disease_to_no_disease,1024,5,-0.2197018563747406
202,434,44,proposed_dp_eps2_sparse_diverse,DP-CounterGAN eps=2,disease_to_no_disease,1024,2,-0.4411706030368805
202,435,93,proposed_dp_eps4_sparse_diverse,DP-CounterGAN eps=4,disease_to_no_disease,1024,4,-0.1071300655603408
202,436,88,proposed_dp_eps8_sparse_diverse,DP-CounterGAN eps=8,disease_to_no_disease,1024,5,-0.1428256630897522
202,437,40,proposed_countergan,Non-DP CounterGAN,disease_to_no_disease,1024,3,-0.5241423845291138
202,438,115,uniform_random,Baseline,no_disease_to_disease,1024,2,0.2604911923408508
202,439,126,proposed_dp_eps16_sparse_diverse,DP-CounterGAN eps=16,no_disease_to_disease,1024,6,0.3812566697597503
202,440,117,proposed_dp_eps2_sparse_diverse,DP-CounterGAN eps=2,no_disease_to_disease,1024,4,0.3143948912620544
202,441,155,proposed_dp_eps4_sparse_diverse,DP-CounterGAN eps=4,no_disease_to_disease,1024,1,0.1533695757389068
202,442,118,proposed_dp_eps8_sparse_diverse,DP-CounterGAN eps=8,no_disease_to_disease,1024,6,0.3824444413185119
202,443,106,countergan_sparse_diverse_no_dp,Non-DP CounterGAN,no_disease_to_disease,1024,4,0.2441855520009994
202,444,21,genetic_cfe,Baseline,disease_to_no_disease,1024,5,-0.4272129833698272
202,445,55,proposed_dp_eps16_sparse_diverse,DP-CounterGAN eps=16,disease_to_no_disease,1024,2,-0.1996683180332183
202,446,95,proposed_dp_eps2_sparse_diverse,DP-CounterGAN eps=2,disease_to_no_disease,1024,2,-0.2703684568405151
202,447,97,proposed_dp_eps4_sparse_diverse,DP-CounterGAN eps=4,disease_to_no_disease,1024,5,-0.1530645489692688
202,448,18,proposed_dp_eps8_sparse_diverse,DP-CounterGAN eps=8,disease_to_no_disease,1024,7,-0.4250004589557647
202,449,88,countergan_sparse_diverse_no_dp,Non-DP CounterGAN,disease_to_no_disease,1024,2,-0.1930177807807922
202,450,100,uniform_random,Baseline,no_disease_to_disease,1024,7,0.5014697909355164
202,451,117,proposed_dp_eps16_sparse_diverse,DP-CounterGAN eps=16,no_disease_to_disease,1024,8,0.1670297235250473
202,452,122,proposed_dp_eps2_sparse_diverse,DP-CounterGAN eps=2,no_disease_to_disease,1024,4,0.2846693992614746
202,453,141,proposed_dp_eps4_sparse_diverse,DP-CounterGAN eps=4,no_disease_to_disease,1024,2,0.3008212447166443
202,454,113,proposed_dp_eps8_sparse_diverse,DP-CounterGAN eps=8,no_disease_to_disease,1024,7,0.1060267984867096
202,455,149,proposed_countergan,Non-DP CounterGAN,no_disease_to_disease,1024,7,0.6904076337814331
202,456,28,genetic_cfe,Baseline,disease_to_no_disease,1024,6,-0.6906598806381226
202,457,21,proposed_dp_eps16_sparse_diverse,DP-CounterGAN eps=16,disease_to_no_disease,1024,10,-0.1580702662467956
202,458,79,proposed_dp_eps2_sparse_diverse,DP-CounterGAN eps=2,disease_to_no_disease,1024,5,-0.1920913159847259
202,459,8,proposed_dp_eps4_sparse_diverse,DP-CounterGAN eps=4,disease_to_no_disease,1024,1,-0.6991243362426758
202,460,5,proposed_dp_eps8_sparse_diverse,DP-CounterGAN eps=8,disease_to_no_disease,1024,1,-0.2917646467685699
202,461,23,countergan_one_shot,Non-DP CounterGAN,disease_to_no_disease,1024,1,-1.291069269180298
202,462,109,uniform_random,Baseline,no_disease_to_disease,1024,4,0.353866845369339
202,463,135,proposed_dp_eps16_sparse_diverse,DP-CounterGAN eps=16,no_disease_to_disease,1024,5,0.1298320889472961
202,464,137,proposed_dp_eps2_sparse_diverse,DP-CounterGAN eps=2,no_disease_to_disease,1024,7,0.1094424873590469
202,465,127,proposed_dp_eps4_sparse_diverse,DP-CounterGAN eps=4,no_disease_to_disease,1024,1,0.171018436551094
202,466,157,proposed_dp_eps8_sparse_diverse,DP-CounterGAN eps=8,no_disease_to_disease,1024,4,0.2461029440164566
202,467,134,countergan_sparse_diverse_no_dp,Non-DP CounterGAN,no_disease_to_disease,1024,3,0.1498346328735351
202,468,68,uniform_random,Baseline,disease_to_no_disease,1024,5,-0.355453222990036
202,469,98,proposed_dp_eps16_sparse_diverse,DP-CounterGAN eps=16,disease_to_no_disease,1024,5,-0.1062158942222595
202,470,6,proposed_dp_eps2_sparse_diverse,DP-CounterGAN eps=2,disease_to_no_disease,1024,3,-0.1510790884494781
202,471,9,proposed_dp_eps4_sparse_diverse,DP-CounterGAN eps=4,disease_to_no_disease,1024,8,-2.725555658340454
202,472,93,proposed_dp_eps8_sparse_diverse,DP-CounterGAN eps=8,disease_to_no_disease,1024,6,-0.2667309939861297
202,473,23,proposed_countergan,Non-DP CounterGAN,disease_to_no_disease,1024,3,-0.9700522422790528
202,474,113,genetic_cfe,Baseline,no_disease_to_disease,1024,1,0.4021271169185638
202,475,117,proposed_dp_eps16_sparse_diverse,DP-CounterGAN eps=16,no_disease_to_disease,1024,9,0.1597062200307846
202,476,126,proposed_dp_eps2_sparse_diverse,DP-CounterGAN eps=2,no_disease_to_disease,1024,2,0.117364302277565
202,477,112,proposed_dp_eps4_sparse_diverse,DP-CounterGAN eps=4,no_disease_to_disease,1024,10,0.2721627950668335
202,478,161,proposed_dp_eps8_sparse_diverse,DP-CounterGAN eps=8,no_disease_to_disease,1024,8,0.6505622863769531
202,479,110,proposed_countergan,Non-DP CounterGAN,no_disease_to_disease,1024,10,1.3918397426605225
202,480,89,dice_gradient_style,Baseline,disease_to_no_disease,1024,1,-0.3755370676517486
202,481,18,proposed_dp_eps16_sparse_diverse,DP-CounterGAN eps=16,disease_to_no_disease,1024,1,-0.3114769756793976
202,482,7,proposed_dp_eps2_sparse_diverse,DP-CounterGAN eps=2,disease_to_no_disease,1024,7,-0.5058088302612305
202,483,58,proposed_dp_eps4_sparse_diverse,DP-CounterGAN eps=4,disease_to_no_disease,1024,8,-0.730014443397522
202,484,88,proposed_dp_eps8_sparse_diverse,DP-CounterGAN eps=8,disease_to_no_disease,1024,10,-0.3309225440025329
202,485,69,countergan_sparse_diverse_no_dp,Non-DP CounterGAN,disease_to_no_disease,1024,7,-0.6387521028518677
202,486,121,uniform_random,Baseline,no_disease_to_disease,1024,10,0.4280024170875549
202,487,155,proposed_dp_eps16_sparse_diverse,DP-CounterGAN eps=16,no_disease_to_disease,1024,5,0.2524781227111816
202,488,124,proposed_dp_eps2_sparse_diverse,DP-CounterGAN eps=2,no_disease_to_disease,1024,9,0.7489240169525146
202,489,194,proposed_dp_eps4_sparse_diverse,DP-CounterGAN eps=4,no_disease_to_disease,1024,2,0.1030600890517234
202,490,124,proposed_dp_eps8_sparse_diverse,DP-CounterGAN eps=8,no_disease_to_disease,1024,2,0.5746551752090454
202,491,127,countergan_one_shot,Non-DP CounterGAN,no_disease_to_disease,1024,1,0.3732232451438904
202,492,27,genetic_cfe,Baseline,disease_to_no_disease,1024,7,-0.3460922241210937
202,493,73,proposed_dp_eps16_sparse_diverse,DP-CounterGAN eps=16,disease_to_no_disease,1024,4,-0.2728272676467895
202,494,20,proposed_dp_eps2_sparse_diverse,DP-CounterGAN eps=2,disease_to_no_disease,1024,1,-0.263252854347229
202,495,63,proposed_dp_eps4_sparse_diverse,DP-CounterGAN eps=4,disease_to_no_disease,1024,9,-0.8769468069076538
202,496,79,proposed_dp_eps8_sparse_diverse,DP-CounterGAN eps=8,disease_to_no_disease,1024,5,-0.2071331441402435
202,497,36,proposed_countergan,Non-DP CounterGAN,disease_to_no_disease,1024,5,-0.2255331873893737
202,498,149,wachter_style,Baseline,no_disease_to_disease,1024,1,0.7328084707260132
202,499,117,proposed_dp_eps16_sparse_diverse,DP-CounterGAN eps=16,no_disease_to_disease,1024,6,0.5749014616012573
202,500,136,proposed_dp_eps2_sparse_diverse,DP-CounterGAN eps=2,no_disease_to_disease,1024,3,0.3767499625682831
202,501,123,proposed_dp_eps4_sparse_diverse,DP-CounterGAN eps=4,no_disease_to_disease,1024,10,0.2356486618518829
202,502,122,proposed_dp_eps8_sparse_diverse,DP-CounterGAN eps=8,no_disease_to_disease,1024,9,0.2846987843513489
202,503,127,proposed_countergan,Non-DP CounterGAN,no_disease_to_disease,1024,9,0.2954440116882324
202,504,25,wachter_style,Baseline,disease_to_no_disease,1024,4,-1.9920673370361328
202,505,42,proposed_dp_eps16_sparse_diverse,DP-CounterGAN eps=16,disease_to_no_disease,1024,6,-0.4626002609729767
202,506,2,proposed_dp_eps2_sparse_diverse,DP-CounterGAN eps=2,disease_to_no_disease,1024,4,-0.5154080390930176
202,507,3,proposed_dp_eps4_sparse_diverse,DP-CounterGAN eps=4,disease_to_no_disease,1024,8,-1.7424743175506592
202,508,20,proposed_dp_eps8_sparse_diverse,DP-CounterGAN eps=8,disease_to_no_disease,1024,3,-0.2988367974758148
202,509,54,countergan_sparse_diverse_no_dp,Non-DP CounterGAN,disease_to_no_disease,1024,1,-0.2332797050476074
202,510,157,genetic_cfe,Baseline,no_disease_to_disease,1024,1,0.2732793986797333
202,511,114,proposed_dp_eps16_sparse_diverse,DP-CounterGAN eps=16,no_disease_to_disease,1024,4,0.1401956975460052
202,512,131,proposed_dp_eps2_sparse_diverse,DP-CounterGAN eps=2,no_disease_to_disease,1024,7,0.5326557159423828
202,513,135,proposed_dp_eps4_sparse_diverse,DP-CounterGAN eps=4,no_disease_to_disease,1024,6,0.2630859315395355
202,514,153,proposed_dp_eps8_sparse_diverse,DP-CounterGAN eps=8,no_disease_to_disease,1024,1,0.1016464233398437
202,515,130,proposed_countergan,Non-DP CounterGAN,no_disease_to_disease,1024,6,1.1990331411361694
202,516,58,uniform_random,Baseline,disease_to_no_disease,1024,3,-0.1616207659244537
202,517,80,proposed_dp_eps16_sparse_diverse,DP-CounterGAN eps=16,disease_to_no_disease,1024,1,-0.1119831502437591
202,518,29,proposed_dp_eps2_sparse_diverse,DP-CounterGAN eps=2,disease_to_no_disease,1024,4,-0.2573163211345672
202,519,98,proposed_dp_eps4_sparse_diverse,DP-CounterGAN eps=4,disease_to_no_disease,1024,6,-0.1359103918075561
202,520,26,proposed_dp_eps8_sparse_diverse,DP-CounterGAN eps=8,disease_to_no_disease,1024,6,-0.4449371993541717
202,521,7,countergan_sparse_diverse_no_dp,Non-DP CounterGAN,disease_to_no_disease,1024,9,-1.8415873050689695
202,522,108,uniform_random,Baseline,no_disease_to_disease,1024,10,0.2087301313877105
202,523,147,proposed_dp_eps16_sparse_diverse,DP-CounterGAN eps=16,no_disease_to_disease,1024,8,0.1477382332086563
202,524,108,proposed_dp_eps2_sparse_diverse,DP-CounterGAN eps=2,no_disease_to_disease,1024,9,0.5199742913246155
202,525,161,proposed_dp_eps4_sparse_diverse,DP-CounterGAN eps=4,no_disease_to_disease,1024,8,0.1498136818408966
202,526,104,proposed_dp_eps8_sparse_diverse,DP-CounterGAN eps=8,no_disease_to_disease,1024,9,0.1492149531841278
202,527,136,countergan_sparse_diverse_no_dp,Non-DP CounterGAN,no_disease_to_disease,1024,10,0.3172197341918945
202,528,3,wachter_style,Baseline,disease_to_no_disease,1024,5,-1.9061262607574463
202,529,38,proposed_dp_eps16_sparse_diverse,DP-CounterGAN eps=16,disease_to_no_disease,1024,7,-0.4187593758106231
202,530,30,proposed_dp_eps2_sparse_diverse,DP-CounterGAN eps=2,disease_to_no_disease,1024,2,-0.8424499034881592
202,531,58,proposed_dp_eps4_sparse_diverse,DP-CounterGAN eps=4,disease_to_no_disease,1024,10,-0.7517200708389282
202,532,12,proposed_dp_eps8_sparse_diverse,DP-CounterGAN eps=8,disease_to_no_disease,1024,9,-0.1347308158874511
202,533,30,proposed_countergan,Non-DP CounterGAN,disease_to_no_disease,1024,3,-0.7027312517166138
202,534,124,uniform_random,Baseline,no_disease_to_disease,1024,5,0.2046888470649719
202,535,133,proposed_dp_eps16_sparse_diverse,DP-CounterGAN eps=16,no_disease_to_disease,1024,5,0.120812602341175
202,536,159,proposed_dp_eps2_sparse_diverse,DP-CounterGAN eps=2,no_disease_to_disease,1024,1,0.1550178527832031
202,537,155,proposed_dp_eps4_sparse_diverse,DP-CounterGAN eps=4,no_disease_to_disease,1024,10,0.1451613754034042
202,538,111,proposed_dp_eps8_sparse_diverse,DP-CounterGAN eps=8,no_disease_to_disease,1024,5,0.2206770181655883
202,539,109,proposed_countergan,Non-DP CounterGAN,no_disease_to_disease,1024,3,0.6394494771957397
202,540,16,wachter_style,Baseline,disease_to_no_disease,1024,1,-0.2790906131267547
202,541,5,proposed_dp_eps16_sparse_diverse,DP-CounterGAN eps=16,disease_to_no_disease,1024,6,-0.2695692479610443
202,542,73,proposed_dp_eps2_sparse_diverse,DP-CounterGAN eps=2,disease_to_no_disease,1024,1,-0.1560903489589691
202,543,82,proposed_dp_eps4_sparse_diverse,DP-CounterGAN eps=4,disease_to_no_disease,1024,6,-0.4201350510120392
202,544,6,proposed_dp_eps8_sparse_diverse,DP-CounterGAN eps=8,disease_to_no_disease,1024,1,-0.2669168710708618
202,545,78,countergan_sparse_diverse_no_dp,Non-DP CounterGAN,disease_to_no_disease,1024,6,-0.3743415772914886
202,546,115,uniform_random,Baseline,no_disease_to_disease,1024,8,0.1476058214902877
202,547,164,proposed_dp_eps16_sparse_diverse,DP-CounterGAN eps=16,no_disease_to_disease,1024,4,0.8540513515472412
202,548,123,proposed_dp_eps2_sparse_diverse,DP-CounterGAN eps=2,no_disease_to_disease,1024,1,0.24880251288414
202,549,126,proposed_dp_eps4_sparse_diverse,DP-CounterGAN eps=4,no_disease_to_disease,1024,2,0.1899628490209579
202,550,130,proposed_dp_eps8_sparse_diverse,DP-CounterGAN eps=8,no_disease_to_disease,1024,9,0.103121668100357
202,551,126,countergan_sparse_diverse_no_dp,Non-DP CounterGAN,no_disease_to_disease,1024,1,0.2267860472202301
202,552,52,wachter_style,Baseline,disease_to_no_disease,1024,2,-0.4068733751773834
202,553,33,proposed_dp_eps16_sparse_diverse,DP-CounterGAN eps=16,disease_to_no_disease,1024,3,-0.768028974533081
202,554,45,proposed_dp_eps2_sparse_diverse,DP-CounterGAN eps=2,disease_to_no_disease,1024,1,-0.2762996256351471
202,555,44,proposed_dp_eps4_sparse_diverse,DP-CounterGAN eps=4,disease_to_no_disease,1024,9,-0.2117091715335846
202,556,46,proposed_dp_eps8_sparse_diverse,DP-CounterGAN eps=8,disease_to_no_disease,1024,3,-0.8071269989013672
202,557,99,countergan_sparse_diverse_no_dp,Non-DP CounterGAN,disease_to_no_disease,1024,7,-1.1901800632476809
202,558,142,wachter_style,Baseline,no_disease_to_disease,1024,1,0.6540939807891846
202,559,134,proposed_dp_eps16_sparse_diverse,DP-CounterGAN eps=16,no_disease_to_disease,1024,5,0.1324131041765213
202,560,110,proposed_dp_eps2_sparse_diverse,DP-CounterGAN eps=2,no_disease_to_disease,1024,10,0.1053289026021957
202,561,146,proposed_dp_eps4_sparse_diverse,DP-CounterGAN eps=4,no_disease_to_disease,1024,3,0.5355334281921387
202,562,154,proposed_dp_eps8_sparse_diverse,DP-CounterGAN eps=8,no_disease_to_disease,1024,3,0.2261019051074981
202,563,114,countergan_sparse_diverse_no_dp,Non-DP CounterGAN,no_disease_to_disease,1024,7,0.10733213275671
202,564,54,genetic_cfe,Baseline,disease_to_no_disease,1024,3,-0.1540501117706298
202,565,1,proposed_dp_eps16_sparse_diverse,DP-CounterGAN eps=16,disease_to_no_disease,1024,6,-0.2493713796138763
202,566,47,proposed_dp_eps2_sparse_diverse,DP-CounterGAN eps=2,disease_to_no_disease,1024,10,-0.1472542285919189
202,567,55,proposed_dp_eps4_sparse_diverse,DP-CounterGAN eps=4,disease_to_no_disease,1024,6,-0.1140936017036438
202,568,58,proposed_dp_eps8_sparse_diverse,DP-CounterGAN eps=8,disease_to_no_disease,1024,3,-1.0149534940719604
202,569,24,proposed_countergan,Non-DP CounterGAN,disease_to_no_disease,1024,3,-1.7269291877746582
202,570,114,uniform_random,Baseline,no_disease_to_disease,1024,7,0.3097802698612213
202,571,110,proposed_dp_eps16_sparse_diverse,DP-CounterGAN eps=16,no_disease_to_disease,1024,2,0.6680665016174316
202,572,163,proposed_dp_eps2_sparse_diverse,DP-CounterGAN eps=2,no_disease_to_disease,1024,6,0.346411257982254
202,573,123,proposed_dp_eps4_sparse_diverse,DP-CounterGAN eps=4,no_disease_to_disease,1024,9,0.5789337158203125
202,574,144,proposed_dp_eps8_sparse_diverse,DP-CounterGAN eps=8,no_disease_to_disease,1024,9,0.8226779699325562
202,575,164,countergan_sparse_diverse_no_dp,Non-DP CounterGAN,no_disease_to_disease,1024,10,0.971060276031494
202,576,17,genetic_cfe,Baseline,disease_to_no_disease,1024,7,-0.2268656194210052
202,577,36,proposed_dp_eps16_sparse_diverse,DP-CounterGAN eps=16,disease_to_no_disease,1024,8,-0.1386794149875641
202,578,1,proposed_dp_eps2_sparse_diverse,DP-CounterGAN eps=2,disease_to_no_disease,1024,4,-0.3855569660663605
202,579,29,proposed_dp_eps4_sparse_diverse,DP-CounterGAN eps=4,disease_to_no_disease,1024,8,-0.1132049858570098
202,580,18,proposed_dp_eps8_sparse_diverse,DP-CounterGAN eps=8,disease_to_no_disease,1024,8,-0.5935676097869873
202,581,99,proposed_countergan,Non-DP CounterGAN,disease_to_no_disease,1024,9,-2.194721937179565
202,582,130,genetic_cfe,Baseline,no_disease_to_disease,1024,4,0.3041789531707763
202,583,109,proposed_dp_eps16_sparse_diverse,DP-CounterGAN eps=16,no_disease_to_disease,1024,9,0.2171778529882431
202,584,109,proposed_dp_eps2_sparse_diverse,DP-CounterGAN eps=2,no_disease_to_disease,1024,1,0.3532238304615021
202,585,145,proposed_dp_eps4_sparse_diverse,DP-CounterGAN eps=4,no_disease_to_disease,1024,9,0.1805011481046676
202,586,136,proposed_dp_eps8_sparse_diverse,DP-CounterGAN eps=8,no_disease_to_disease,1024,2,0.5979735851287842
202,587,177,countergan_sparse_diverse_no_dp,Non-DP CounterGAN,no_disease_to_disease,1024,8,0.1065912395715713
202,588,51,uniform_random,Baseline,disease_to_no_disease,1024,5,-0.264233648777008
202,589,5,proposed_dp_eps16_sparse_diverse,DP-CounterGAN eps=16,disease_to_no_disease,1024,10,-0.4638849794864654
202,590,21,proposed_dp_eps2_sparse_diverse,DP-CounterGAN eps=2,disease_to_no_disease,1024,3,-0.1064875125885009
202,591,52,proposed_dp_eps4_sparse_diverse,DP-CounterGAN eps=4,disease_to_no_disease,1024,2,-0.2860268354415893
202,592,0,proposed_dp_eps8_sparse_diverse,DP-CounterGAN eps=8,disease_to_no_disease,1024,5,-1.121875524520874
202,593,92,countergan_one_shot,Non-DP CounterGAN,disease_to_no_disease,1024,1,-0.8959407806396484
202,594,125,dice_gradient_style,Baseline,no_disease_to_disease,1024,4,1.0147819519042969
202,595,150,proposed_dp_eps16_sparse_diverse,DP-CounterGAN eps=16,no_disease_to_disease,1024,7,0.257125973701477
202,596,148,proposed_dp_eps2_sparse_diverse,DP-CounterGAN eps=2,no_disease_to_disease,1024,10,0.146363079547882
202,597,118,proposed_dp_eps4_sparse_diverse,DP-CounterGAN eps=4,no_disease_to_disease,1024,7,0.3171359002590179
202,598,124,proposed_dp_eps8_sparse_diverse,DP-CounterGAN eps=8,no_disease_to_disease,1024,1,0.2964145839214325
202,599,146,countergan_one_shot,Non-DP CounterGAN,no_disease_to_disease,1024,2,0.611463189125061
202,600,8,uniform_random,Baseline,disease_to_no_disease,1024,3,-0.2504979074001312
202,601,0,proposed_dp_eps16_sparse_diverse,DP-CounterGAN eps=16,disease_to_no_disease,1024,1,-0.7809635400772095
202,602,58,proposed_dp_eps2_sparse_diverse,DP-CounterGAN eps=2,disease_to_no_disease,1024,10,-0.2420353591442108
202,603,33,proposed_dp_eps4_sparse_diverse,DP-CounterGAN eps=4,disease_to_no_disease,1024,7,-0.8945627212524414
202,604,7,proposed_dp_eps8_sparse_diverse,DP-CounterGAN eps=8,disease_to_no_disease,1024,4,-0.7348301410675049
202,605,25,proposed_countergan,Non-DP CounterGAN,disease_to_no_disease,1024,7,-2.114001512527466
202,606,134,genetic_cfe,Baseline,no_disease_to_disease,1024,2,0.4452721178531647
202,607,132,proposed_dp_eps16_sparse_diverse,DP-CounterGAN eps=16,no_disease_to_disease,1024,1,0.1465552449226379
202,608,107,proposed_dp_eps2_sparse_diverse,DP-CounterGAN eps=2,no_disease_to_disease,1024,7,0.1450211852788925
202,609,113,proposed_dp_eps4_sparse_diverse,DP-CounterGAN eps=4,no_disease_to_disease,1024,7,0.1803750097751617
202,610,156,proposed_dp_eps8_sparse_diverse,DP-CounterGAN eps=8,no_disease_to_disease,1024,6,0.9370535612106324
202,611,186,proposed_countergan,Non-DP CounterGAN,no_disease_to_disease,1024,2,0.1326092332601547
202,612,24,uniform_random,Baseline,disease_to_no_disease,1024,9,-0.4568903148174286
202,613,96,proposed_dp_eps16_sparse_diverse,DP-CounterGAN eps=16,disease_to_no_disease,1024,2,-0.1484574973583221
202,614,51,proposed_dp_eps2_sparse_diverse,DP-CounterGAN eps=2,disease_to_no_disease,1024,10,-0.2730700671672821
202,615,45,proposed_dp_eps4_sparse_diverse,DP-CounterGAN eps=4,disease_to_no_disease,1024,9,-0.7039890289306641
202,616,99,proposed_dp_eps8_sparse_diverse,DP-CounterGAN eps=8,disease_to_no_disease,1024,8,-1.8153923749923704
202,617,21,proposed_countergan,Non-DP CounterGAN,disease_to_no_disease,1024,9,-2.4274933338165283
202,618,142,uniform_random,Baseline,no_disease_to_disease,1024,2,0.1974742114543914
202,619,134,proposed_dp_eps16_sparse_diverse,DP-CounterGAN eps=16,no_disease_to_disease,1024,2,0.1017102599143982
202,620,150,proposed_dp_eps2_sparse_diverse,DP-CounterGAN eps=2,no_disease_to_disease,1024,9,1.101756930351257
202,621,144,proposed_dp_eps4_sparse_diverse,DP-CounterGAN eps=4,no_disease_to_disease,1024,9,0.2615585327148437
202,622,110,proposed_dp_eps8_sparse_diverse,DP-CounterGAN eps=8,no_disease_to_disease,1024,2,0.4971228539943695
202,623,132,countergan_sparse_diverse_no_dp,Non-DP CounterGAN,no_disease_to_disease,1024,8,0.3532391786575317
202,624,54,genetic_cfe,Baseline,disease_to_no_disease,1024,4,-0.2181958258152008
202,625,87,proposed_dp_eps16_sparse_diverse,DP-CounterGAN eps=16,disease_to_no_disease,1024,5,-0.3004803955554962
202,626,12,proposed_dp_eps2_sparse_diverse,DP-CounterGAN eps=2,disease_to_no_disease,1024,8,-1.002537727355957
202,627,10,proposed_dp_eps4_sparse_diverse,DP-CounterGAN eps=4,disease_to_no_disease,1024,7,-1.1316875219345093
202,628,2,proposed_dp_eps8_sparse_diverse,DP-CounterGAN eps=8,disease_to_no_disease,1024,10,-1.2394025325775146
202,629,76,countergan_sparse_diverse_no_dp,Non-DP CounterGAN,disease_to_no_disease,1024,6,-0.2195923328399658
202,630,100,uniform_random,Baseline,no_disease_to_disease,1024,4,0.1459768861532211
202,631,115,proposed_dp_eps16_sparse_diverse,DP-CounterGAN eps=16,no_disease_to_disease,1024,3,0.3977878987789154
202,632,116,proposed_dp_eps2_sparse_diverse,DP-CounterGAN eps=2,no_disease_to_disease,1024,2,0.4651331901550293
202,633,134,proposed_dp_eps4_sparse_diverse,DP-CounterGAN eps=4,no_disease_to_disease,1024,3,0.2202956080436706
202,634,163,proposed_dp_eps8_sparse_diverse,DP-CounterGAN eps=8,no_disease_to_disease,1024,8,0.4216925203800201
202,635,103,countergan_sparse_diverse_no_dp,Non-DP CounterGAN,no_disease_to_disease,1024,8,0.2418633103370666
202,636,68,wachter_style,Baseline,disease_to_no_disease,1024,4,-0.6258058547973633
202,637,29,proposed_dp_eps16_sparse_diverse,DP-CounterGAN eps=16,disease_to_no_disease,1024,3,-0.2573163211345672
202,638,28,proposed_dp_eps2_sparse_diverse,DP-CounterGAN eps=2,disease_to_no_disease,1024,5,-0.3449617922306061
202,639,75,proposed_dp_eps4_sparse_diverse,DP-CounterGAN eps=4,disease_to_no_disease,1024,4,-0.2937496304512024
202,640,28,proposed_dp_eps8_sparse_diverse,DP-CounterGAN eps=8,disease_to_no_disease,1024,6,-0.4840215742588043
202,641,85,countergan_sparse_diverse_no_dp,Non-DP CounterGAN,disease_to_no_disease,1024,7,-0.3005144894123077
202,642,107,genetic_cfe,Baseline,no_disease_to_disease,1024,3,0.2654149830341339
202,643,186,proposed_dp_eps16_sparse_diverse,DP-CounterGAN eps=16,no_disease_to_disease,1024,3,0.1265057027339935
202,644,131,proposed_dp_eps2_sparse_diverse,DP-CounterGAN eps=2,no_disease_to_disease,1024,10,0.2101138532161712
202,645,147,proposed_dp_eps4_sparse_diverse,DP-CounterGAN eps=4,no_disease_to_disease,1024,4,0.1324071735143661
202,646,112,proposed_dp_eps8_sparse_diverse,DP-CounterGAN eps=8,no_disease_to_disease,1024,2,0.2911352813243866
202,647,121,proposed_countergan,Non-DP CounterGAN,no_disease_to_disease,1024,7,0.3059278726577759
202,648,68,genetic_cfe,Baseline,disease_to_no_disease,1024,3,-0.1474928557872772
202,649,96,proposed_dp_eps16_sparse_diverse,DP-CounterGAN eps=16,disease_to_no_disease,1024,1,-0.2352427840232849
202,650,42,proposed_dp_eps2_sparse_diverse,DP-CounterGAN eps=2,disease_to_no_disease,1024,2,-0.1253365576267242
202,651,30,proposed_dp_eps4_sparse_diverse,DP-CounterGAN eps=4,disease_to_no_disease,1024,2,-0.8424499034881592
202,652,8,proposed_dp_eps8_sparse_diverse,DP-CounterGAN eps=8,disease_to_no_disease,1024,10,-0.1284348666667938
202,653,9,countergan_sparse_diverse_no_dp,Non-DP CounterGAN,disease_to_no_disease,1024,5,-1.987940788269043
202,654,140,wachter_style,Baseline,no_disease_to_disease,1024,2,0.5208535194396973
202,655,115,proposed_dp_eps16_sparse_diverse,DP-CounterGAN eps=16,no_disease_to_disease,1024,10,0.4195132553577423
202,656,104,proposed_dp_eps2_sparse_diverse,DP-CounterGAN eps=2,no_disease_to_disease,1024,7,0.1823407411575317
202,657,108,proposed_dp_eps4_sparse_diverse,DP-CounterGAN eps=4,no_disease_to_disease,1024,10,0.2159829139709472
202,658,122,proposed_dp_eps8_sparse_diverse,DP-CounterGAN eps=8,no_disease_to_disease,1024,6,0.2885101437568664
202,659,130,countergan_sparse_diverse_no_dp,Non-DP CounterGAN,no_disease_to_disease,1024,3,0.1547751575708389
202,660,55,wachter_style,Baseline,disease_to_no_disease,1024,4,-0.9750293493270874
202,661,17,proposed_dp_eps16_sparse_diverse,DP-CounterGAN eps=16,disease_to_no_disease,1024,8,-0.3043566644191742
202,662,85,proposed_dp_eps2_sparse_diverse,DP-CounterGAN eps=2,disease_to_no_disease,1024,5,-0.3005144894123077
202,663,33,proposed_dp_eps4_sparse_diverse,DP-CounterGAN eps=4,disease_to_no_disease,1024,3,-1.0197373628616333
202,664,56,proposed_dp_eps8_sparse_diverse,DP-CounterGAN eps=8,disease_to_no_disease,1024,10,-0.1315359473228454
202,665,12,countergan_sparse_diverse_no_dp,Non-DP CounterGAN,disease_to_no_disease,1024,6,-0.3591875731945038
202,666,101,uniform_random,Baseline,no_disease_to_disease,1024,9,0.1060304418206214
202,667,101,proposed_dp_eps16_sparse_diverse,DP-CounterGAN eps=16,no_disease_to_disease,1024,4,0.1515538990497589
202,668,137,proposed_dp_eps2_sparse_diverse,DP-CounterGAN eps=2,no_disease_to_disease,1024,1,0.2182900756597519
202,669,157,proposed_dp_eps4_sparse_diverse,DP-CounterGAN eps=4,no_disease_to_disease,1024,1,0.2084543704986572
202,670,134,proposed_dp_eps8_sparse_diverse,DP-CounterGAN eps=8,no_disease_to_disease,1024,6,0.1812620460987091
202,671,106,proposed_countergan,Non-DP CounterGAN,no_disease_to_disease,1024,3,0.6878325939178467
202,672,62,wachter_style,Baseline,disease_to_no_disease,1024,3,-0.7711988687515259
202,673,64,proposed_dp_eps16_sparse_diverse,DP-CounterGAN eps=16,disease_to_no_disease,1024,1,-0.2703938484191894
202,674,67,proposed_dp_eps2_sparse_diverse,DP-CounterGAN eps=2,disease_to_no_disease,1024,9,-0.1278432011604309
202,675,68,proposed_dp_eps4_sparse_diverse,DP-CounterGAN eps=4,disease_to_no_disease,1024,4,-0.1177299916744232
202,676,8,proposed_dp_eps8_sparse_diverse,DP-CounterGAN eps=8,disease_to_no_disease,1024,4,-0.4347634613513946
202,677,34,proposed_countergan,Non-DP CounterGAN,disease_to_no_disease,1024,5,-0.4844699800014496
202,678,101,wachter_style,Baseline,no_disease_to_disease,1024,1,0.4553266167640686
202,679,120,proposed_dp_eps16_sparse_diverse,DP-CounterGAN eps=16,no_disease_to_disease,1024,6,0.3982532322406769
202,680,109,proposed_dp_eps2_sparse_diverse,DP-CounterGAN eps=2,no_disease_to_disease,1024,5,0.3141973614692688
202,681,150,proposed_dp_eps4_sparse_diverse,DP-CounterGAN eps=4,no_disease_to_disease,1024,3,0.3780228495597839
202,682,163,proposed_dp_eps8_sparse_diverse,DP-CounterGAN eps=8,no_disease_to_disease,1024,1,0.2804466485977173
202,683,146,countergan_one_shot,Non-DP CounterGAN,no_disease_to_disease,1024,1,0.6134251952171326
202,684,16,uniform_random,Baseline,disease_to_no_disease,1024,2,-0.1253679394721985
202,685,66,proposed_dp_eps16_sparse_diverse,DP-CounterGAN eps=16,disease_to_no_disease,1024,5,-0.1837055385112762
202,686,59,proposed_dp_eps2_sparse_diverse,DP-CounterGAN eps=2,disease_to_no_disease,1024,7,-1.156186819076538
202,687,59,proposed_dp_eps4_sparse_diverse,DP-CounterGAN eps=4,disease_to_no_disease,1024,9,-1.0053269863128662
202,688,17,proposed_dp_eps8_sparse_diverse,DP-CounterGAN eps=8,disease_to_no_disease,1024,2,-0.1790740489959716
202,689,18,countergan_sparse_diverse_no_dp,Non-DP CounterGAN,disease_to_no_disease,1024,4,-0.8085694313049316
202,690,139,dice_gradient_style,Baseline,no_disease_to_disease,1024,2,0.2023943960666656
202,691,145,proposed_dp_eps16_sparse_diverse,DP-CounterGAN eps=16,no_disease_to_disease,1024,1,0.151761770248413
202,692,130,proposed_dp_eps2_sparse_diverse,DP-CounterGAN eps=2,no_disease_to_disease,1024,1,0.2148832380771637
202,693,133,proposed_dp_eps4_sparse_diverse,DP-CounterGAN eps=4,no_disease_to_disease,1024,4,0.1222129762172699
202,694,140,proposed_dp_eps8_sparse_diverse,DP-CounterGAN eps=8,no_disease_to_disease,1024,1,0.1326457858085632
202,695,125,proposed_countergan,Non-DP CounterGAN,no_disease_to_disease,1024,3,0.2524052858352661
202,696,18,dice_gradient_style,Baseline,disease_to_no_disease,1024,2,-0.5874078273773193
202,697,11,proposed_dp_eps16_sparse_diverse,DP-CounterGAN eps=16,disease_to_no_disease,1024,3,-0.3384561836719513
202,698,13,proposed_dp_eps2_sparse_diverse,DP-CounterGAN eps=2,disease_to_no_disease,1024,6,-0.2812717854976654
202,699,49,proposed_dp_eps4_sparse_diverse,DP-CounterGAN eps=4,disease_to_no_disease,1024,8,-0.2333339154720306
202,700,15,proposed_dp_eps8_sparse_diverse,DP-CounterGAN eps=8,disease_to_no_disease,1024,2,-0.1272152662277221
202,701,40,countergan_sparse_diverse_no_dp,Non-DP CounterGAN,disease_to_no_disease,1024,6,-0.1967066824436187
202,702,148,wachter_style,Baseline,no_disease_to_disease,1024,2,0.2363120019435882
202,703,104,proposed_dp_eps16_sparse_diverse,DP-CounterGAN eps=16,no_disease_to_disease,1024,5,0.1650175899267196
202,704,137,proposed_dp_eps2_sparse_diverse,DP-CounterGAN eps=2,no_disease_to_disease,1024,10,0.198092445731163
202,705,114,proposed_dp_eps4_sparse_diverse,DP-CounterGAN eps=4,no_disease_to_disease,1024,10,0.1052234843373298
202,706,100,proposed_dp_eps8_sparse_diverse,DP-CounterGAN eps=8,no_disease_to_disease,1024,7,0.1099259182810783
202,707,114,countergan_one_shot,Non-DP CounterGAN,no_disease_to_disease,1024,5,1.378448486328125
202,708,1,dice_gradient_style,Baseline,disease_to_no_disease,1024,1,-0.9398529529571532
202,709,47,proposed_dp_eps16_sparse_diverse,DP-CounterGAN eps=16,disease_to_no_disease,1024,8,-0.1885631084442138
202,710,0,proposed_dp_eps2_sparse_diverse,DP-CounterGAN eps=2,disease_to_no_disease,1024,1,-0.7809635400772095
202,711,2,proposed_dp_eps4_sparse_diverse,DP-CounterGAN eps=4,disease_to_no_disease,1024,2,-1.3539090156555176
202,712,95,proposed_dp_eps8_sparse_diverse,DP-CounterGAN eps=8,disease_to_no_disease,1024,3,-0.7846479415893555
202,713,16,proposed_countergan,Non-DP CounterGAN,disease_to_no_disease,1024,1,-0.9961380958557128
202,714,124,genetic_cfe,Baseline,no_disease_to_disease,1024,3,0.3175972998142242
202,715,128,proposed_dp_eps16_sparse_diverse,DP-CounterGAN eps=16,no_disease_to_disease,1024,8,0.1788029670715332
202,716,170,proposed_dp_eps2_sparse_diverse,DP-CounterGAN eps=2,no_disease_to_disease,1024,7,0.2132673114538192
202,717,113,proposed_dp_eps4_sparse_diverse,DP-CounterGAN eps=4,no_disease_to_disease,1024,5,0.1188726425170898
202,718,124,proposed_dp_eps8_sparse_diverse,DP-CounterGAN eps=8,no_disease_to_disease,1024,10,1.134804606437683
202,719,113,proposed_countergan,Non-DP CounterGAN,no_disease_to_disease,1024,5,1.198047399520874
202,720,24,dice_gradient_style,Baseline,disease_to_no_disease,1024,2,-0.6557302474975586
202,721,60,proposed_dp_eps16_sparse_diverse,DP-CounterGAN eps=16,disease_to_no_disease,1024,1,-0.1337247788906097
202,722,18,proposed_dp_eps2_sparse_diverse,DP-CounterGAN eps=2,disease_to_no_disease,1024,10,-0.2959935963153839
202,723,95,proposed_dp_eps4_sparse_diverse,DP-CounterGAN eps=4,disease_to_no_disease,1024,8,-0.666191816329956
202,724,53,proposed_dp_eps8_sparse_diverse,DP-CounterGAN eps=8,disease_to_no_disease,1024,7,-0.1621529161930084
202,725,95,countergan_sparse_diverse_no_dp,Non-DP CounterGAN,disease_to_no_disease,1024,10,-0.8438599109649658
202,726,125,genetic_cfe,Baseline,no_disease_to_disease,1024,3,0.4178657829761505
202,727,125,proposed_dp_eps16_sparse_diverse,DP-CounterGAN eps=16,no_disease_to_disease,1024,3,0.1036637499928474
202,728,148,proposed_dp_eps2_sparse_diverse,DP-CounterGAN eps=2,no_disease_to_disease,1024,4,0.1662599295377731
202,729,119,proposed_dp_eps4_sparse_diverse,DP-CounterGAN eps=4,no_disease_to_disease,1024,4,0.204003095626831
202,730,143,proposed_dp_eps8_sparse_diverse,DP-CounterGAN eps=8,no_disease_to_disease,1024,5,0.4359444081783294
202,731,173,proposed_countergan,Non-DP CounterGAN,no_disease_to_disease,1024,3,0.2049709409475326
202,732,66,genetic_cfe,Baseline,disease_to_no_disease,1024,3,-0.1865614354610443
202,733,26,proposed_dp_eps16_sparse_diverse,DP-CounterGAN eps=16,disease_to_no_disease,1024,6,-0.2468308508396148
202,734,24,proposed_dp_eps2_sparse_diverse,DP-CounterGAN eps=2,disease_to_no_disease,1024,4,-0.1065537631511688
202,735,39,proposed_dp_eps4_sparse_diverse,DP-CounterGAN eps=4,disease_to_no_disease,1024,8,-0.4627133309841156
202,736,11,proposed_dp_eps8_sparse_diverse,DP-CounterGAN eps=8,disease_to_no_disease,1024,1,-0.4658723771572113
202,737,48,proposed_countergan,Non-DP CounterGAN,disease_to_no_disease,1024,2,-0.6963163614273071
202,738,126,uniform_random,Baseline,no_disease_to_disease,1024,9,0.1408841013908386
202,739,133,proposed_dp_eps16_sparse_diverse,DP-CounterGAN eps=16,no_disease_to_disease,1024,1,0.1400717943906784
202,740,111,proposed_dp_eps2_sparse_diverse,DP-CounterGAN eps=2,no_disease_to_disease,1024,8,0.5999314785003662
202,741,156,proposed_dp_eps4_sparse_diverse,DP-CounterGAN eps=4,no_disease_to_disease,1024,5,0.2486239075660705
202,742,142,proposed_dp_eps8_sparse_diverse,DP-CounterGAN eps=8,no_disease_to_disease,1024,3,0.2440893352031707
202,743,134,countergan_sparse_diverse_no_dp,Non-DP CounterGAN,no_disease_to_disease,1024,8,0.2823187112808227
202,744,53,wachter_style,Baseline,disease_to_no_disease,1024,1,-0.2135260999202728
202,745,86,proposed_dp_eps16_sparse_diverse,DP-CounterGAN eps=16,disease_to_no_disease,1024,4,-0.1140810549259185
202,746,61,proposed_dp_eps2_sparse_diverse,DP-CounterGAN eps=2,disease_to_no_disease,1024,7,-1.4383100271224976
202,747,72,proposed_dp_eps4_sparse_diverse,DP-CounterGAN eps=4,disease_to_no_disease,1024,3,-0.1519427895545959
202,748,96,proposed_dp_eps8_sparse_diverse,DP-CounterGAN eps=8,disease_to_no_disease,1024,4,-0.1195003092288971
202,749,97,countergan_sparse_diverse_no_dp,Non-DP CounterGAN,disease_to_no_disease,1024,1,-0.1444475352764129
202,750,104,genetic_cfe,Baseline,no_disease_to_disease,1024,1,0.2230943739414215
202,751,113,proposed_dp_eps16_sparse_diverse,DP-CounterGAN eps=16,no_disease_to_disease,1024,5,0.7090035676956177
202,752,141,proposed_dp_eps2_sparse_diverse,DP-CounterGAN eps=2,no_disease_to_disease,1024,9,0.3531027734279632
202,753,130,proposed_dp_eps4_sparse_diverse,DP-CounterGAN eps=4,no_disease_to_disease,1024,5,0.1380794644355774
202,754,146,proposed_dp_eps8_sparse_diverse,DP-CounterGAN eps=8,no_disease_to_disease,1024,4,0.439071387052536
202,755,108,countergan_sparse_diverse_no_dp,Non-DP CounterGAN,no_disease_to_disease,1024,7,0.140280932188034
202,756,10,genetic_cfe,Baseline,disease_to_no_disease,1024,7,-0.3373201787471771
202,757,73,proposed_dp_eps16_sparse_diverse,DP-CounterGAN eps=16,disease_to_no_disease,1024,7,-0.3399773240089416
202,758,61,proposed_dp_eps2_sparse_diverse,DP-CounterGAN eps=2,disease_to_no_disease,1024,5,-1.6552958488464355
202,759,69,proposed_dp_eps4_sparse_diverse,DP-CounterGAN eps=4,disease_to_no_disease,1024,1,-0.2212500274181366
202,760,98,proposed_dp_eps8_sparse_diverse,DP-CounterGAN eps=8,disease_to_no_disease,1024,5,-0.1863730549812317
202,761,88,proposed_countergan,Non-DP CounterGAN,disease_to_no_disease,1024,6,-0.4517072737216949
202,762,107,dice_gradient_style,Baseline,no_disease_to_disease,1024,4,0.804085373878479
202,763,116,proposed_dp_eps16_sparse_diverse,DP-CounterGAN eps=16,no_disease_to_disease,1024,8,0.2776850461959839
202,764,117,proposed_dp_eps2_sparse_diverse,DP-CounterGAN eps=2,no_disease_to_disease,1024,3,0.1242289692163467
202,765,105,proposed_dp_eps4_sparse_diverse,DP-CounterGAN eps=4,no_disease_to_disease,1024,7,0.1497647315263748
202,766,130,proposed_dp_eps8_sparse_diverse,DP-CounterGAN eps=8,no_disease_to_disease,1024,5,0.7202988862991333
202,767,172,proposed_countergan,Non-DP CounterGAN,no_disease_to_disease,1024,3,0.3201465606689453
202,768,55,dice_gradient_style,Baseline,disease_to_no_disease,1024,1,-0.3047449886798858
202,769,54,proposed_dp_eps16_sparse_diverse,DP-CounterGAN eps=16,disease_to_no_disease,1024,6,-0.1757681965827942
202,770,82,proposed_dp_eps2_sparse_diverse,DP-CounterGAN eps=2,disease_to_no_disease,1024,1,-0.1985572278499603
202,771,27,proposed_dp_eps4_sparse_diverse,DP-CounterGAN eps=4,disease_to_no_disease,1024,8,-1.0224223136901855
202,772,24,proposed_dp_eps8_sparse_diverse,DP-CounterGAN eps=8,disease_to_no_disease,1024,4,-0.6170309782028198
202,773,82,proposed_countergan,Non-DP CounterGAN,disease_to_no_disease,1024,10,-0.1841626465320587
202,774,143,dice_gradient_style,Baseline,no_disease_to_disease,1024,1,0.4465104937553406
202,775,114,proposed_dp_eps16_sparse_diverse,DP-CounterGAN eps=16,no_disease_to_disease,1024,1,0.2280702441930771
202,776,125,proposed_dp_eps2_sparse_diverse,DP-CounterGAN eps=2,no_disease_to_disease,1024,2,0.1837440431118011
202,777,108,proposed_dp_eps4_sparse_diverse,DP-CounterGAN eps=4,no_disease_to_disease,1024,5,0.4083603322505951
202,778,136,proposed_dp_eps8_sparse_diverse,DP-CounterGAN eps=8,no_disease_to_disease,1024,1,0.3440198302268982
202,779,136,countergan_sparse_diverse_no_dp,Non-DP CounterGAN,no_disease_to_disease,1024,6,0.3767499625682831
202,780,29,uniform_random,Baseline,disease_to_no_disease,1024,5,-0.1012367010116577
202,781,92,proposed_dp_eps16_sparse_diverse,DP-CounterGAN eps=16,disease_to_no_disease,1024,7,-0.4942465722560882
202,782,76,proposed_dp_eps2_sparse_diverse,DP-CounterGAN eps=2,disease_to_no_disease,1024,4,-0.1769042313098907
202,783,74,proposed_dp_eps4_sparse_diverse,DP-CounterGAN eps=4,disease_to_no_disease,1024,6,-0.1664318740367889
202,784,80,proposed_dp_eps8_sparse_diverse,DP-CounterGAN eps=8,disease_to_no_disease,1024,2,-0.2341289818286895
202,785,16,proposed_countergan,Non-DP CounterGAN,disease_to_no_disease,1024,7,-0.6309231519699097
202,786,138,wachter_style,Baseline,no_disease_to_disease,1024,4,0.1301385760307312
202,787,109,proposed_dp_eps16_sparse_diverse,DP-CounterGAN eps=16,no_disease_to_disease,1024,4,0.237426072359085
202,788,146,proposed_dp_eps2_sparse_diverse,DP-CounterGAN eps=2,no_disease_to_disease,1024,3,0.1938194632530212
202,789,119,proposed_dp_eps4_sparse_diverse,DP-CounterGAN eps=4,no_disease_to_disease,1024,2,0.1441451907157898
202,790,163,proposed_dp_eps8_sparse_diverse,DP-CounterGAN eps=8,no_disease_to_disease,1024,6,0.286592960357666
202,791,128,countergan_sparse_diverse_no_dp,Non-DP CounterGAN,no_disease_to_disease,1024,10,0.1774896681308746
202,792,37,uniform_random,Baseline,disease_to_no_disease,1024,10,-0.1385626494884491
202,793,11,proposed_dp_eps16_sparse_diverse,DP-CounterGAN eps=16,disease_to_no_disease,1024,2,-0.2629169821739197
202,794,87,proposed_dp_eps2_sparse_diverse,DP-CounterGAN eps=2,disease_to_no_disease,1024,4,-0.5586754083633423
202,795,88,proposed_dp_eps4_sparse_diverse,DP-CounterGAN eps=4,disease_to_no_disease,1024,7,-0.3982113301753998
202,796,67,proposed_dp_eps8_sparse_diverse,DP-CounterGAN eps=8,disease_to_no_disease,1024,2,-0.3036976754665375
202,797,48,countergan_sparse_diverse_no_dp,Non-DP CounterGAN,disease_to_no_disease,1024,10,-0.1416775286197662
202,798,124,uniform_random,Baseline,no_disease_to_disease,1024,3,0.5705219507217407
202,799,133,proposed_dp_eps16_sparse_diverse,DP-CounterGAN eps=16,no_disease_to_disease,1024,4,0.2058016955852508
202,800,107,proposed_dp_eps2_sparse_diverse,DP-CounterGAN eps=2,no_disease_to_disease,1024,5,0.1611509919166565
202,801,129,proposed_dp_eps4_sparse_diverse,DP-CounterGAN eps=4,no_disease_to_disease,1024,2,0.1068272292613983
202,802,105,proposed_dp_eps8_sparse_diverse,DP-CounterGAN eps=8,no_disease_to_disease,1024,1,0.1155835390090942
202,803,139,countergan_sparse_diverse_no_dp,Non-DP CounterGAN,no_disease_to_disease,1024,5,0.204046368598938
202,804,21,uniform_random,Baseline,disease_to_no_disease,1024,2,-0.1371372640132904
202,805,29,proposed_dp_eps16_sparse_diverse,DP-CounterGAN eps=16,disease_to_no_disease,1024,10,-0.2856971621513366
202,806,64,proposed_dp_eps2_sparse_diverse,DP-CounterGAN eps=2,disease_to_no_disease,1024,8,-0.7872469425201416
202,807,91,proposed_dp_eps4_sparse_diverse,DP-CounterGAN eps=4,disease_to_no_disease,1024,2,-0.1281068623065948
202,808,25,proposed_dp_eps8_sparse_diverse,DP-CounterGAN eps=8,disease_to_no_disease,1024,2,-0.9169802665710448
202,809,40,countergan_sparse_diverse_no_dp,Non-DP CounterGAN,disease_to_no_disease,1024,3,-0.404825359582901
202,810,112,genetic_cfe,Baseline,no_disease_to_disease,1024,3,0.2729876935482025
202,811,147,proposed_dp_eps16_sparse_diverse,DP-CounterGAN eps=16,no_disease_to_disease,1024,1,0.134132370352745
202,812,145,proposed_dp_eps2_sparse_diverse,DP-CounterGAN eps=2,no_disease_to_disease,1024,3,0.4793005287647247
202,813,116,proposed_dp_eps4_sparse_diverse,DP-CounterGAN eps=4,no_disease_to_disease,1024,9,0.4383989870548248
202,814,125,proposed_dp_eps8_sparse_diverse,DP-CounterGAN eps=8,no_disease_to_disease,1024,7,0.9873930215835572
202,815,102,proposed_countergan,Non-DP CounterGAN,no_disease_to_disease,1024,8,0.5555520057678223
202,816,25,uniform_random,Baseline,disease_to_no_disease,1024,9,-0.3006059527397156
202,817,80,proposed_dp_eps16_sparse_diverse,DP-CounterGAN eps=16,disease_to_no_disease,1024,7,-0.3331819176673889
202,818,89,proposed_dp_eps2_sparse_diverse,DP-CounterGAN eps=2,disease_to_no_disease,1024,1,-0.1055602431297302
202,819,21,proposed_dp_eps4_sparse_diverse,DP-CounterGAN eps=4,disease_to_no_disease,1024,6,-0.468411773443222
202,820,4,proposed_dp_eps8_sparse_diverse,DP-CounterGAN eps=8,disease_to_no_disease,1024,6,-0.1965667903423309
202,821,92,proposed_countergan,Non-DP CounterGAN,disease_to_no_disease,1024,10,-0.5079166889190674
202,822,126,genetic_cfe,Baseline,no_disease_to_disease,1024,3,0.1829095482826233
202,823,147,proposed_dp_eps16_sparse_diverse,DP-CounterGAN eps=16,no_disease_to_disease,1024,2,0.161706805229187
202,824,172,proposed_dp_eps2_sparse_diverse,DP-CounterGAN eps=2,no_disease_to_disease,1024,5,0.3507995009422302
202,825,136,proposed_dp_eps4_sparse_diverse,DP-CounterGAN eps=4,no_disease_to_disease,1024,5,0.3197970390319824
202,826,133,proposed_dp_eps8_sparse_diverse,DP-CounterGAN eps=8,no_disease_to_disease,1024,1,0.1400717943906784
202,827,110,proposed_countergan,Non-DP CounterGAN,no_disease_to_disease,1024,8,1.1581350564956665
202,828,55,genetic_cfe,Baseline,disease_to_no_disease,1024,7,-0.3930638134479522
202,829,58,proposed_dp_eps16_sparse_diverse,DP-CounterGAN eps=16,disease_to_no_disease,1024,7,-0.9705839157104492
202,830,45,proposed_dp_eps2_sparse_diverse,DP-CounterGAN eps=2,disease_to_no_disease,1024,3,-0.3084572851657867
202,831,92,proposed_dp_eps4_sparse_diverse,DP-CounterGAN eps=4,disease_to_no_disease,1024,4,-0.1174099743366241
202,832,6,proposed_dp_eps8_sparse_diverse,DP-CounterGAN eps=8,disease_to_no_disease,1024,3,-0.1510790884494781
202,833,77,countergan_sparse_diverse_no_dp,Non-DP CounterGAN,disease_to_no_disease,1024,3,-0.7218567132949829
202,834,124,uniform_random,Baseline,no_disease_to_disease,1024,6,0.2798666357994079
202,835,108,proposed_dp_eps16_sparse_diverse,DP-CounterGAN eps=16,no_disease_to_disease,1024,10,0.140280932188034
202,836,103,proposed_dp_eps2_sparse_diverse,DP-CounterGAN eps=2,no_disease_to_disease,1024,9,0.1276487708091735
202,837,148,proposed_dp_eps4_sparse_diverse,DP-CounterGAN eps=4,no_disease_to_disease,1024,4,0.1106303259730339
202,838,133,proposed_dp_eps8_sparse_diverse,DP-CounterGAN eps=8,no_disease_to_disease,1024,4,0.1236073225736618
202,839,100,countergan_sparse_diverse_no_dp,Non-DP CounterGAN,no_disease_to_disease,1024,7,0.7358890771865845
202,840,8,genetic_cfe,Baseline,disease_to_no_disease,1024,3,-0.4217007458209991
202,841,40,proposed_dp_eps16_sparse_diverse,DP-CounterGAN eps=16,disease_to_no_disease,1024,4,-0.230359673500061
202,842,42,proposed_dp_eps2_sparse_diverse,DP-CounterGAN eps=2,disease_to_no_disease,1024,3,-0.1059174835681915
202,843,57,proposed_dp_eps4_sparse_diverse,DP-CounterGAN eps=4,disease_to_no_disease,1024,5,-0.1562388837337494
202,844,49,proposed_dp_eps8_sparse_diverse,DP-CounterGAN eps=8,disease_to_no_disease,1024,4,-0.1176860928535461
202,845,89,countergan_sparse_diverse_no_dp,Non-DP CounterGAN,disease_to_no_disease,1024,3,-0.1774633824825287
202,846,114,wachter_style,Baseline,no_disease_to_disease,1024,1,0.436071366071701
202,847,127,proposed_dp_eps16_sparse_diverse,DP-CounterGAN eps=16,no_disease_to_disease,1024,2,0.1338076889514923
202,848,161,proposed_dp_eps2_sparse_diverse,DP-CounterGAN eps=2,no_disease_to_disease,1024,5,0.7319051027297974
202,849,106,proposed_dp_eps4_sparse_diverse,DP-CounterGAN eps=4,no_disease_to_disease,1024,10,0.4549568295478821
202,850,156,proposed_dp_eps8_sparse_diverse,DP-CounterGAN eps=8,no_disease_to_disease,1024,8,0.4473122060298919
202,851,135,countergan_sparse_diverse_no_dp,Non-DP CounterGAN,no_disease_to_disease,1024,6,0.4359534978866577
202,852,59,wachter_style,Baseline,disease_to_no_disease,1024,5,-0.2962716519832611
202,853,73,proposed_dp_eps16_sparse_diverse,DP-CounterGAN eps=16,disease_to_no_disease,1024,10,-0.1292093098163604
202,854,48,proposed_dp_eps2_sparse_diverse,DP-CounterGAN eps=2,disease_to_no_disease,1024,8,-0.1416775286197662
202,855,4,proposed_dp_eps4_sparse_diverse,DP-CounterGAN eps=4,disease_to_no_disease,1024,5,-0.8021144866943359
202,856,29,proposed_dp_eps8_sparse_diverse,DP-CounterGAN eps=8,disease_to_no_disease,1024,5,-0.1190210878849029
202,857,40,proposed_countergan,Non-DP CounterGAN,disease_to_no_disease,1024,9,-0.4797044694423675
202,858,106,dice_gradient_style,Baseline,no_disease_to_disease,1024,4,0.8561233282089233
202,859,137,proposed_dp_eps16_sparse_diverse,DP-CounterGAN eps=16,no_disease_to_disease,1024,5,0.2278603911399841
202,860,110,proposed_dp_eps2_sparse_diverse,DP-CounterGAN eps=2,no_disease_to_disease,1024,5,0.6160544157028198
202,861,126,proposed_dp_eps4_sparse_diverse,DP-CounterGAN eps=4,no_disease_to_disease,1024,5,0.1284327805042266
202,862,112,proposed_dp_eps8_sparse_diverse,DP-CounterGAN eps=8,no_disease_to_disease,1024,3,0.1986539363861084
202,863,133,countergan_sparse_diverse_no_dp,Non-DP CounterGAN,no_disease_to_disease,1024,1,0.1400717943906784
202,864,23,dice_gradient_style,Baseline,disease_to_no_disease,1024,3,-1.135925054550171
202,865,36,proposed_dp_eps16_sparse_diverse,DP-CounterGAN eps=16,disease_to_no_disease,1024,1,-0.1209050118923187
202,866,8,proposed_dp_eps2_sparse_diverse,DP-CounterGAN eps=2,disease_to_no_disease,1024,10,-0.9842195510864258
202,867,19,proposed_dp_eps4_sparse_diverse,DP-CounterGAN eps=4,disease_to_no_disease,1024,1,-0.2519803941249847
202,868,91,proposed_dp_eps8_sparse_diverse,DP-CounterGAN eps=8,disease_to_no_disease,1024,2,-0.1224372088909149
202,869,45,countergan_sparse_diverse_no_dp,Non-DP CounterGAN,disease_to_no_disease,1024,3,-0.2720747888088226
202,870,100,genetic_cfe,Baseline,no_disease_to_disease,1024,7,0.1621709018945694
202,871,127,proposed_dp_eps16_sparse_diverse,DP-CounterGAN eps=16,no_disease_to_disease,1024,3,0.134652242064476
202,872,112,proposed_dp_eps2_sparse_diverse,DP-CounterGAN eps=2,no_disease_to_disease,1024,10,0.3368766903877258
202,873,134,proposed_dp_eps4_sparse_diverse,DP-CounterGAN eps=4,no_disease_to_disease,1024,5,0.1017102599143982
202,874,105,proposed_dp_eps8_sparse_diverse,DP-CounterGAN eps=8,no_disease_to_disease,1024,9,0.1402671337127685
202,875,134,countergan_sparse_diverse_no_dp,Non-DP CounterGAN,no_disease_to_disease,1024,1,0.1392895579338073
202,876,67,uniform_random,Baseline,disease_to_no_disease,1024,1,-0.1012997925281524
202,877,47,proposed_dp_eps16_sparse_diverse,DP-CounterGAN eps=16,disease_to_no_disease,1024,5,-0.1400340795516967
202,878,16,proposed_dp_eps2_sparse_diverse,DP-CounterGAN eps=2,disease_to_no_disease,1024,10,-0.4333569705486297
202,879,55,proposed_dp_eps4_sparse_diverse,DP-CounterGAN eps=4,disease_to_no_disease,1024,2,-0.1996683180332183
202,880,61,proposed_dp_eps8_sparse_diverse,DP-CounterGAN eps=8,disease_to_no_disease,1024,6,-1.0717153549194336
202,881,45,proposed_countergan,Non-DP CounterGAN,disease_to_no_disease,1024,6,-0.7748481035232544
202,882,100,uniform_random,Baseline,no_disease_to_disease,1024,1,0.1127932593226432
202,883,104,proposed_dp_eps16_sparse_diverse,DP-CounterGAN eps=16,no_disease_to_disease,1024,4,1.0998226404190063
202,884,156,proposed_dp_eps2_sparse_diverse,DP-CounterGAN eps=2,no_disease_to_disease,1024,5,0.2682415843009949
202,885,113,proposed_dp_eps4_sparse_diverse,DP-CounterGAN eps=4,no_disease_to_disease,1024,2,0.613065779209137
202,886,138,proposed_dp_eps8_sparse_diverse,DP-CounterGAN eps=8,no_disease_to_disease,1024,9,0.3637732863426208
202,887,140,proposed_countergan,Non-DP CounterGAN,no_disease_to_disease,1024,2,0.7757548093795776
202,888,62,genetic_cfe,Baseline,disease_to_no_disease,1024,5,-0.3598174154758453
202,889,7,proposed_dp_eps16_sparse_diverse,DP-CounterGAN eps=16,disease_to_no_disease,1024,1,-0.4700376689434051
202,890,30,proposed_dp_eps2_sparse_diverse,DP-CounterGAN eps=2,disease_to_no_disease,1024,9,-0.2920087873935699
202,891,80,proposed_dp_eps4_sparse_diverse,DP-CounterGAN eps=4,disease_to_no_disease,1024,3,-0.4591705501079559
202,892,32,proposed_dp_eps8_sparse_diverse,DP-CounterGAN eps=8,disease_to_no_disease,1024,8,-0.7318102121353149
202,893,42,countergan_sparse_diverse_no_dp,Non-DP CounterGAN,disease_to_no_disease,1024,10,-0.4816245138645172
202,894,138,wachter_style,Baseline,no_disease_to_disease,1024,2,0.2860250174999237
202,895,131,proposed_dp_eps16_sparse_diverse,DP-CounterGAN eps=16,no_disease_to_disease,1024,2,0.10562264919281
202,896,139,proposed_dp_eps2_sparse_diverse,DP-CounterGAN eps=2,no_disease_to_disease,1024,5,0.4410573840141296
202,897,120,proposed_dp_eps4_sparse_diverse,DP-CounterGAN eps=4,no_disease_to_disease,1024,1,0.5588046908378601
202,898,130,proposed_dp_eps8_sparse_diverse,DP-CounterGAN eps=8,no_disease_to_disease,1024,7,0.1380794644355774
202,899,126,countergan_sparse_diverse_no_dp,Non-DP CounterGAN,no_disease_to_disease,1024,5,0.2031493484973907
202,900,26,uniform_random,Baseline,disease_to_no_disease,1024,10,-0.5331752300262451
202,901,52,proposed_dp_eps16_sparse_diverse,DP-CounterGAN eps=16,disease_to_no_disease,1024,10,-0.2923694550991058
202,902,62,proposed_dp_eps2_sparse_diverse,DP-CounterGAN eps=2,disease_to_no_disease,1024,10,-1.016285061836243
202,903,73,proposed_dp_eps4_sparse_diverse,DP-CounterGAN eps=4,disease_to_no_disease,1024,1,-0.1560903489589691
202,904,38,proposed_dp_eps8_sparse_diverse,DP-CounterGAN eps=8,disease_to_no_disease,1024,9,-0.2514150142669678
202,905,11,countergan_sparse_diverse_no_dp,Non-DP CounterGAN,disease_to_no_disease,1024,4,-0.7824435234069824
202,906,136,wachter_style,Baseline,no_disease_to_disease,1024,4,0.469890832901001
202,907,135,proposed_dp_eps16_sparse_diverse,DP-CounterGAN eps=16,no_disease_to_disease,1024,2,0.1298114359378814
202,908,130,proposed_dp_eps2_sparse_diverse,DP-CounterGAN eps=2,no_disease_to_disease,1024,4,0.1380794644355774
202,909,110,proposed_dp_eps4_sparse_diverse,DP-CounterGAN eps=4,no_disease_to_disease,1024,7,0.1840323060750961
202,910,145,proposed_dp_eps8_sparse_diverse,DP-CounterGAN eps=8,no_disease_to_disease,1024,10,0.3674862384796142
202,911,149,countergan_sparse_diverse_no_dp,Non-DP CounterGAN,no_disease_to_disease,1024,9,0.7438428401947021
202,912,5,uniform_random,Baseline,disease_to_no_disease,1024,1,-0.106825515627861
202,913,52,proposed_dp_eps16_sparse_diverse,DP-CounterGAN eps=16,disease_to_no_disease,1024,3,-0.3441179990768432
202,914,24,proposed_dp_eps2_sparse_diverse,DP-CounterGAN eps=2,disease_to_no_disease,1024,8,-1.1288589239120483
202,915,61,proposed_dp_eps4_sparse_diverse,DP-CounterGAN eps=4,disease_to_no_disease,1024,7,-1.0717153549194336
202,916,9,proposed_dp_eps8_sparse_diverse,DP-CounterGAN eps=8,disease_to_no_disease,1024,4,-1.2224414348602295
202,917,13,countergan_sparse_diverse_no_dp,Non-DP CounterGAN,disease_to_no_disease,1024,5,-0.314133733510971
202,918,106,dice_gradient_style,Baseline,no_disease_to_disease,1024,2,0.7861844301223755
202,919,162,proposed_dp_eps16_sparse_diverse,DP-CounterGAN eps=16,no_disease_to_disease,1024,2,0.1258425265550613
202,920,137,proposed_dp_eps2_sparse_diverse,DP-CounterGAN eps=2,no_disease_to_disease,1024,4,0.2497113049030304
202,921,112,proposed_dp_eps4_sparse_diverse,DP-CounterGAN eps=4,no_disease_to_disease,1024,5,0.1795006245374679
202,922,139,proposed_dp_eps8_sparse_diverse,DP-CounterGAN eps=8,no_disease_to_disease,1024,9,0.1062389388680458
202,923,135,proposed_countergan,Non-DP CounterGAN,no_disease_to_disease,1024,5,0.4783014357089996
202,924,32,wachter_style,Baseline,disease_to_no_disease,1024,4,-0.494112879037857
202,925,28,proposed_dp_eps16_sparse_diverse,DP-CounterGAN eps=16,disease_to_no_disease,1024,2,-0.6745669841766357
202,926,55,proposed_dp_eps2_sparse_diverse,DP-CounterGAN eps=2,disease_to_no_disease,1024,2,-0.1735316216945648
202,927,68,proposed_dp_eps4_sparse_diverse,DP-CounterGAN eps=4,disease_to_no_disease,1024,1,-0.1757923662662506
202,928,34,proposed_dp_eps8_sparse_diverse,DP-CounterGAN eps=8,disease_to_no_disease,1024,10,-0.9353598356246948
202,929,8,proposed_countergan,Non-DP CounterGAN,disease_to_no_disease,1024,2,-1.167987585067749
202,930,130,uniform_random,Baseline,no_disease_to_disease,1024,7,0.1039492487907409
202,931,112,proposed_dp_eps16_sparse_diverse,DP-CounterGAN eps=16,no_disease_to_disease,1024,6,0.6918818950653076
202,932,140,proposed_dp_eps2_sparse_diverse,DP-CounterGAN eps=2,no_disease_to_disease,1024,4,0.4678243994712829
202,933,116,proposed_dp_eps4_sparse_diverse,DP-CounterGAN eps=4,no_disease_to_disease,1024,6,0.5982460975646973
202,934,161,proposed_dp_eps8_sparse_diverse,DP-CounterGAN eps=8,no_disease_to_disease,1024,1,0.6343098878860474
202,935,113,proposed_countergan,Non-DP CounterGAN,no_disease_to_disease,1024,1,0.3684448003768921
202,936,5,dice_gradient_style,Baseline,disease_to_no_disease,1024,1,-0.9737162590026855
202,937,25,proposed_dp_eps16_sparse_diverse,DP-CounterGAN eps=16,disease_to_no_disease,1024,5,-0.238053411245346
202,938,60,proposed_dp_eps2_sparse_diverse,DP-CounterGAN eps=2,disease_to_no_disease,1024,8,-0.1766380369663238
202,939,89,proposed_dp_eps4_sparse_diverse,DP-CounterGAN eps=4,disease_to_no_disease,1024,4,-0.1499606668949127
202,940,82,proposed_dp_eps8_sparse_diverse,DP-CounterGAN eps=8,disease_to_no_disease,1024,10,-0.5127980709075928
202,941,18,countergan_sparse_diverse_no_dp,Non-DP CounterGAN,disease_to_no_disease,1024,3,-0.1058153808116912
202,942,122,genetic_cfe,Baseline,no_disease_to_disease,1024,2,0.2130476087331771
202,943,133,proposed_dp_eps16_sparse_diverse,DP-CounterGAN eps=16,no_disease_to_disease,1024,7,0.2101982533931732
202,944,102,proposed_dp_eps2_sparse_diverse,DP-CounterGAN eps=2,no_disease_to_disease,1024,8,0.8228614330291748
202,945,114,proposed_dp_eps4_sparse_diverse,DP-CounterGAN eps=4,no_disease_to_disease,1024,5,0.4346724152565002
202,946,148,proposed_dp_eps8_sparse_diverse,DP-CounterGAN eps=8,no_disease_to_disease,1024,5,0.1155902445316314
202,947,117,countergan_sparse_diverse_no_dp,Non-DP CounterGAN,no_disease_to_disease,1024,4,0.2065944075584411
202,948,5,genetic_cfe,Baseline,disease_to_no_disease,1024,4,-0.1266783475875854
202,949,29,proposed_dp_eps16_sparse_diverse,DP-CounterGAN eps=16,disease_to_no_disease,1024,7,-0.4639318883419037
202,950,77,proposed_dp_eps2_sparse_diverse,DP-CounterGAN eps=2,disease_to_no_disease,1024,6,-0.5777022838592529
202,951,61,proposed_dp_eps4_sparse_diverse,DP-CounterGAN eps=4,disease_to_no_disease,1024,4,-1.6552958488464355
202,952,23,proposed_dp_eps8_sparse_diverse,DP-CounterGAN eps=8,disease_to_no_disease,1024,2,-1.1037259101867676
202,953,44,countergan_sparse_diverse_no_dp,Non-DP CounterGAN,disease_to_no_disease,1024,4,-0.1315004825592041
202,954,115,uniform_random,Baseline,no_disease_to_disease,1024,6,0.3054457902908325
202,955,118,proposed_dp_eps16_sparse_diverse,DP-CounterGAN eps=16,no_disease_to_disease,1024,10,0.1461050063371658
202,956,141,proposed_dp_eps2_sparse_diverse,DP-CounterGAN eps=2,no_disease_to_disease,1024,4,0.1963075250387191
202,957,150,proposed_dp_eps4_sparse_diverse,DP-CounterGAN eps=4,no_disease_to_disease,1024,9,0.1750191003084182
202,958,119,proposed_dp_eps8_sparse_diverse,DP-CounterGAN eps=8,no_disease_to_disease,1024,2,0.1441451907157898
202,959,144,countergan_one_shot,Non-DP CounterGAN,no_disease_to_disease,1024,4,0.8229914903640747
202,960,19,wachter_style,Baseline,disease_to_no_disease,1024,2,-0.345581978559494
202,961,30,proposed_dp_eps16_sparse_diverse,DP-CounterGAN eps=16,disease_to_no_disease,1024,6,-0.1220975816249847
202,962,12,proposed_dp_eps2_sparse_diverse,DP-CounterGAN eps=2,disease_to_no_disease,1024,3,-0.6742618083953857
202,963,45,proposed_dp_eps4_sparse_diverse,DP-CounterGAN eps=4,disease_to_no_disease,1024,1,-0.2461731135845184
202,964,63,proposed_dp_eps8_sparse_diverse,DP-CounterGAN eps=8,disease_to_no_disease,1024,5,-0.8560147285461426
202,965,48,countergan_sparse_diverse_no_dp,Non-DP CounterGAN,disease_to_no_disease,1024,5,-0.5184389352798462
202,966,124,dice_gradient_style,Baseline,no_disease_to_disease,1024,4,1.3652374744415283
202,967,128,proposed_dp_eps16_sparse_diverse,DP-CounterGAN eps=16,no_disease_to_disease,1024,3,0.3533951342105865
202,968,107,proposed_dp_eps2_sparse_diverse,DP-CounterGAN eps=2,no_disease_to_disease,1024,1,0.1301473677158355
202,969,113,proposed_dp_eps4_sparse_diverse,DP-CounterGAN eps=4,no_disease_to_disease,1024,3,0.6480000019073486
202,970,138,proposed_dp_eps8_sparse_diverse,DP-CounterGAN eps=8,no_disease_to_disease,1024,3,0.1744861155748367
202,971,102,countergan_sparse_diverse_no_dp,Non-DP CounterGAN,no_disease_to_disease,1024,7,0.8293743133544922
202,972,68,wachter_style,Baseline,disease_to_no_disease,1024,3,-0.2876323163509369
202,973,60,proposed_dp_eps16_sparse_diverse,DP-CounterGAN eps=16,disease_to_no_disease,1024,10,-0.692685604095459
202,974,75,proposed_dp_eps2_sparse_diverse,DP-CounterGAN eps=2,disease_to_no_disease,1024,1,-0.1337215304374694
202,975,26,proposed_dp_eps4_sparse_diverse,DP-CounterGAN eps=4,disease_to_no_disease,1024,7,-1.206418752670288
202,976,64,proposed_dp_eps8_sparse_diverse,DP-CounterGAN eps=8,disease_to_no_disease,1024,7,-0.6587852239608765
202,977,31,countergan_sparse_diverse_no_dp,Non-DP CounterGAN,disease_to_no_disease,1024,6,-2.110511779785156
202,978,145,wachter_style,Baseline,no_disease_to_disease,1024,4,0.8386400938034058
202,979,121,proposed_dp_eps16_sparse_diverse,DP-CounterGAN eps=16,no_disease_to_disease,1024,8,0.2362391352653503
202,980,122,proposed_dp_eps2_sparse_diverse,DP-CounterGAN eps=2,no_disease_to_disease,1024,1,0.1324548423290252
202,981,130,proposed_dp_eps4_sparse_diverse,DP-CounterGAN eps=4,no_disease_to_disease,1024,8,0.3925711214542389
202,982,137,proposed_dp_eps8_sparse_diverse,DP-CounterGAN eps=8,no_disease_to_disease,1024,8,0.2722978591918945
202,983,140,countergan_sparse_diverse_no_dp,Non-DP CounterGAN,no_disease_to_disease,1024,4,0.3067556023597717
202,984,33,genetic_cfe,Baseline,disease_to_no_disease,1024,2,-0.2521544396877289
202,985,63,proposed_dp_eps16_sparse_diverse,DP-CounterGAN eps=16,disease_to_no_disease,1024,3,-0.8032392263412476
202,986,53,proposed_dp_eps2_sparse_diverse,DP-CounterGAN eps=2,disease_to_no_disease,1024,8,-0.2400839328765869
202,987,26,proposed_dp_eps4_sparse_diverse,DP-CounterGAN eps=4,disease_to_no_disease,1024,8,-0.7019890546798706
202,988,37,proposed_dp_eps8_sparse_diverse,DP-CounterGAN eps=8,disease_to_no_disease,1024,4,-0.3354546129703522
202,989,7,countergan_sparse_diverse_no_dp,Non-DP CounterGAN,disease_to_no_disease,1024,4,-1.3913185596466064
202,990,110,genetic_cfe,Baseline,no_disease_to_disease,1024,7,0.1268065124750137
202,991,113,proposed_dp_eps16_sparse_diverse,DP-CounterGAN eps=16,no_disease_to_disease,1024,9,1.01905620098114
202,992,126,proposed_dp_eps2_sparse_diverse,DP-CounterGAN eps=2,no_disease_to_disease,1024,7,0.2314271628856659
202,993,150,proposed_dp_eps4_sparse_diverse,DP-CounterGAN eps=4,no_disease_to_disease,1024,6,1.101756930351257
202,994,143,proposed_dp_eps8_sparse_diverse,DP-CounterGAN eps=8,no_disease_to_disease,1024,4,0.3635491132736206
202,995,109,countergan_sparse_diverse_no_dp,Non-DP CounterGAN,no_disease_to_disease,1024,2,0.2304772734642028
202,996,23,dice_gradient_style,Baseline,disease_to_no_disease,1024,1,-0.7558869123458862
202,997,32,proposed_dp_eps16_sparse_diverse,DP-CounterGAN eps=16,disease_to_no_disease,1024,3,-0.1974147856235504
202,998,60,proposed_dp_eps2_sparse_diverse,DP-CounterGAN eps=2,disease_to_no_disease,1024,6,-0.4063663780689239
202,999,40,proposed_dp_eps4_sparse_diverse,DP-CounterGAN eps=4,disease_to_no_disease,1024,3,-0.3328480720520019
202,1000,77,proposed_dp_eps8_sparse_diverse,DP-CounterGAN eps=8,disease_to_no_disease,1024,9,-0.2011320292949676
202,1001,59,countergan_sparse_diverse_no_dp,Non-DP CounterGAN,disease_to_no_disease,1024,8,-0.1030558496713638
202,1002,130,uniform_random,Baseline,no_disease_to_disease,1024,2,0.1878642737865448
202,1003,154,proposed_dp_eps16_sparse_diverse,DP-CounterGAN eps=16,no_disease_to_disease,1024,1,0.1101693734526634
202,1004,154,proposed_dp_eps2_sparse_diverse,DP-CounterGAN eps=2,no_disease_to_disease,1024,2,0.1027447283267974
202,1005,123,proposed_dp_eps4_sparse_diverse,DP-CounterGAN eps=4,no_disease_to_disease,1024,1,0.24880251288414
202,1006,145,proposed_dp_eps8_sparse_diverse,DP-CounterGAN eps=8,no_disease_to_disease,1024,3,0.4793005287647247
202,1007,145,countergan_sparse_diverse_no_dp,Non-DP CounterGAN,no_disease_to_disease,1024,3,0.337119996547699
202,1008,0,wachter_style,Baseline,disease_to_no_disease,1024,4,-0.1646384000778198
202,1009,26,proposed_dp_eps16_sparse_diverse,DP-CounterGAN eps=16,disease_to_no_disease,1024,5,-0.4449371993541717
202,1010,33,proposed_dp_eps2_sparse_diverse,DP-CounterGAN eps=2,disease_to_no_disease,1024,9,-0.6319432258605957
202,1011,11,proposed_dp_eps4_sparse_diverse,DP-CounterGAN eps=4,disease_to_no_disease,1024,4,-0.7824435234069824
202,1012,67,proposed_dp_eps8_sparse_diverse,DP-CounterGAN eps=8,disease_to_no_disease,1024,8,-0.1290864646434784
202,1013,82,countergan_sparse_diverse_no_dp,Non-DP CounterGAN,disease_to_no_disease,1024,1,-0.1985572278499603
202,1014,149,genetic_cfe,Baseline,no_disease_to_disease,1024,1,0.1217999309301376
202,1015,103,proposed_dp_eps16_sparse_diverse,DP-CounterGAN eps=16,no_disease_to_disease,1024,4,0.1687905192375183
202,1016,130,proposed_dp_eps2_sparse_diverse,DP-CounterGAN eps=2,no_disease_to_disease,1024,9,0.5255962610244751
202,1017,144,proposed_dp_eps4_sparse_diverse,DP-CounterGAN eps=4,no_disease_to_disease,1024,3,0.4486359357833862
202,1018,132,proposed_dp_eps8_sparse_diverse,DP-CounterGAN eps=8,no_disease_to_disease,1024,2,0.1402588039636612
202,1019,120,proposed_countergan,Non-DP CounterGAN,no_disease_to_disease,1024,7,0.6415375471115112
202,1020,92,genetic_cfe,Baseline,disease_to_no_disease,1024,1,-0.1500232815742492
202,1021,32,proposed_dp_eps16_sparse_diverse,DP-CounterGAN eps=16,disease_to_no_disease,1024,6,-0.4924487173557281
202,1022,64,proposed_dp_eps2_sparse_diverse,DP-CounterGAN eps=2,disease_to_no_disease,1024,2,-0.2654111385345459
202,1023,79,proposed_dp_eps4_sparse_diverse,DP-CounterGAN eps=4,disease_to_no_disease,1024,6,-0.2097225189208984
303,0,59,uniform_random,Baseline,disease_to_no_disease,1024,6,-0.2121298015117645
303,1,82,proposed_dp_eps16_sparse_diverse,DP-CounterGAN eps=16,disease_to_no_disease,1024,6,-0.4201350510120392
303,2,11,proposed_dp_eps2_sparse_diverse,DP-CounterGAN eps=2,disease_to_no_disease,1024,9,-0.7824435234069824
303,3,98,proposed_dp_eps4_sparse_diverse,DP-CounterGAN eps=4,disease_to_no_disease,1024,6,-0.1359103918075561
303,4,95,proposed_dp_eps8_sparse_diverse,DP-CounterGAN eps=8,disease_to_no_disease,1024,4,-0.2703684568405151
303,5,77,countergan_sparse_diverse_no_dp,Non-DP CounterGAN,disease_to_no_disease,1024,3,-0.7218567132949829
303,6,164,genetic_cfe,Baseline,no_disease_to_disease,1024,8,0.2985357642173767
303,7,170,proposed_dp_eps16_sparse_diverse,DP-CounterGAN eps=16,no_disease_to_disease,1024,2,0.2083394825458526
303,8,170,proposed_dp_eps2_sparse_diverse,DP-CounterGAN eps=2,no_disease_to_disease,1024,10,0.118292436003685
303,9,112,proposed_dp_eps4_sparse_diverse,DP-CounterGAN eps=4,no_disease_to_disease,1024,9,0.211590364575386
303,10,170,proposed_dp_eps8_sparse_diverse,DP-CounterGAN eps=8,no_disease_to_disease,1024,5,0.1015394926071167
303,11,133,countergan_sparse_diverse_no_dp,Non-DP CounterGAN,no_disease_to_disease,1024,6,0.2090224027633667
303,12,29,uniform_random,Baseline,disease_to_no_disease,1024,5,-0.1012367010116577
303,13,38,proposed_dp_eps16_sparse_diverse,DP-CounterGAN eps=16,disease_to_no_disease,1024,6,-0.1386432945728302
303,14,21,proposed_dp_eps2_sparse_diverse,DP-CounterGAN eps=2,disease_to_no_disease,1024,8,-0.949832797050476
303,15,52,proposed_dp_eps4_sparse_diverse,DP-CounterGAN eps=4,disease_to_no_disease,1024,10,-0.3433148562908172
303,16,96,proposed_dp_eps8_sparse_diverse,DP-CounterGAN eps=8,disease_to_no_disease,1024,6,-0.1405476927757263
303,17,52,countergan_sparse_diverse_no_dp,Non-DP CounterGAN,disease_to_no_disease,1024,8,-0.5834958553314209
303,18,111,genetic_cfe,Baseline,no_disease_to_disease,1024,5,0.2202180624008178
303,19,112,proposed_dp_eps16_sparse_diverse,DP-CounterGAN eps=16,no_disease_to_disease,1024,10,0.3225856125354767
303,20,140,proposed_dp_eps2_sparse_diverse,DP-CounterGAN eps=2,no_disease_to_disease,1024,6,0.1670517027378082
303,21,154,proposed_dp_eps4_sparse_diverse,DP-CounterGAN eps=4,no_disease_to_disease,1024,2,0.103523351252079
303,22,171,proposed_dp_eps8_sparse_diverse,DP-CounterGAN eps=8,no_disease_to_disease,1024,3,0.1016452312469482
303,23,143,countergan_sparse_diverse_no_dp,Non-DP CounterGAN,no_disease_to_disease,1024,10,0.2072229087352752
303,24,12,dice_gradient_style,Baseline,disease_to_no_disease,1024,1,-0.6544831991195679
303,25,8,proposed_dp_eps16_sparse_diverse,DP-CounterGAN eps=16,disease_to_no_disease,1024,10,-1.0676345825195312
303,26,60,proposed_dp_eps2_sparse_diverse,DP-CounterGAN eps=2,disease_to_no_disease,1024,1,-0.2419683039188385
303,27,24,proposed_dp_eps4_sparse_diverse,DP-CounterGAN eps=4,disease_to_no_disease,1024,5,-0.1051055490970611
303,28,17,proposed_dp_eps8_sparse_diverse,DP-CounterGAN eps=8,disease_to_no_disease,1024,4,-0.1893067061901092
303,29,68,proposed_countergan,Non-DP CounterGAN,disease_to_no_disease,1024,2,-0.2357942163944244
303,30,171,dice_gradient_style,Baseline,no_disease_to_disease,1024,1,0.1843400597572326
303,31,116,proposed_dp_eps16_sparse_diverse,DP-CounterGAN eps=16,no_disease_to_disease,1024,6,0.4927279353141784
303,32,113,proposed_dp_eps2_sparse_diverse,DP-CounterGAN eps=2,no_disease_to_disease,1024,1,0.4022731184959411
303,33,172,proposed_dp_eps4_sparse_diverse,DP-CounterGAN eps=4,no_disease_to_disease,1024,8,0.2691800594329834
303,34,148,proposed_dp_eps8_sparse_diverse,DP-CounterGAN eps=8,no_disease_to_disease,1024,6,0.1265781819820404
303,35,108,proposed_countergan,Non-DP CounterGAN,no_disease_to_disease,1024,9,0.7527583837509155
303,36,63,uniform_random,Baseline,disease_to_no_disease,1024,8,-0.2929807603359222
303,37,96,proposed_dp_eps16_sparse_diverse,DP-CounterGAN eps=16,disease_to_no_disease,1024,2,-0.1484574973583221
303,38,0,proposed_dp_eps2_sparse_diverse,DP-CounterGAN eps=2,disease_to_no_disease,1024,5,-1.2091622352600098
303,39,60,proposed_dp_eps4_sparse_diverse,DP-CounterGAN eps=4,disease_to_no_disease,1024,5,-0.1470832824707031
303,40,67,proposed_dp_eps8_sparse_diverse,DP-CounterGAN eps=8,disease_to_no_disease,1024,1,-0.1052321940660476
303,41,18,proposed_countergan,Non-DP CounterGAN,disease_to_no_disease,1024,5,-1.23006272315979
303,42,106,genetic_cfe,Baseline,no_disease_to_disease,1024,6,0.273868054151535
303,43,150,proposed_dp_eps16_sparse_diverse,DP-CounterGAN eps=16,no_disease_to_disease,1024,3,0.3780228495597839
303,44,104,proposed_dp_eps2_sparse_diverse,DP-CounterGAN eps=2,no_disease_to_disease,1024,8,0.1311753988265991
303,45,150,proposed_dp_eps4_sparse_diverse,DP-CounterGAN eps=4,no_disease_to_disease,1024,5,0.411255270242691
303,46,139,proposed_dp_eps8_sparse_diverse,DP-CounterGAN eps=8,no_disease_to_disease,1024,6,0.1867972016334533
303,47,139,countergan_sparse_diverse_no_dp,Non-DP CounterGAN,no_disease_to_disease,1024,7,0.4189818203449249
303,48,63,uniform_random,Baseline,disease_to_no_disease,1024,1,-0.3774239122867584
303,49,60,proposed_dp_eps16_sparse_diverse,DP-CounterGAN eps=16,disease_to_no_disease,1024,3,-0.1353989541530609
303,50,97,proposed_dp_eps2_sparse_diverse,DP-CounterGAN eps=2,disease_to_no_disease,1024,9,-0.1985784769058227
303,51,98,proposed_dp_eps4_sparse_diverse,DP-CounterGAN eps=4,disease_to_no_disease,1024,10,-0.2829901278018951
303,52,36,proposed_dp_eps8_sparse_diverse,DP-CounterGAN eps=8,disease_to_no_disease,1024,8,-0.2311470210552215
303,53,83,proposed_countergan,Non-DP CounterGAN,disease_to_no_disease,1024,5,-0.6772741079330444
303,54,118,uniform_random,Baseline,no_disease_to_disease,1024,3,0.1460459232330322
303,55,125,proposed_dp_eps16_sparse_diverse,DP-CounterGAN eps=16,no_disease_to_disease,1024,6,0.2038406431674957
303,56,112,proposed_dp_eps2_sparse_diverse,DP-CounterGAN eps=2,no_disease_to_disease,1024,10,0.3368766903877258
303,57,153,proposed_dp_eps4_sparse_diverse,DP-CounterGAN eps=4,no_disease_to_disease,1024,2,0.1171285212039947
303,58,152,proposed_dp_eps8_sparse_diverse,DP-CounterGAN eps=8,no_disease_to_disease,1024,2,0.1733261495828628
303,59,126,countergan_sparse_diverse_no_dp,Non-DP CounterGAN,no_disease_to_disease,1024,3,0.5857640504837036
303,60,61,genetic_cfe,Baseline,disease_to_no_disease,1024,1,-0.6331992149353027
303,61,79,proposed_dp_eps16_sparse_diverse,DP-CounterGAN eps=16,disease_to_no_disease,1024,4,-0.216786652803421
303,62,98,proposed_dp_eps2_sparse_diverse,DP-CounterGAN eps=2,disease_to_no_disease,1024,2,-0.5187104940414429
303,63,55,proposed_dp_eps4_sparse_diverse,DP-CounterGAN eps=4,disease_to_no_disease,1024,10,-0.2150851190090179
303,64,45,proposed_dp_eps8_sparse_diverse,DP-CounterGAN eps=8,disease_to_no_disease,1024,8,-0.3981008231639862
303,65,60,countergan_sparse_diverse_no_dp,Non-DP CounterGAN,disease_to_no_disease,1024,5,-0.3512549698352813
303,66,103,wachter_style,Baseline,no_disease_to_disease,1024,1,0.4210036098957062
303,67,103,proposed_dp_eps16_sparse_diverse,DP-CounterGAN eps=16,no_disease_to_disease,1024,3,0.1043995171785354
303,68,149,proposed_dp_eps2_sparse_diverse,DP-CounterGAN eps=2,no_disease_to_disease,1024,3,0.1156597882509231
303,69,118,proposed_dp_eps4_sparse_diverse,DP-CounterGAN eps=4,no_disease_to_disease,1024,4,0.191282108426094
303,70,137,proposed_dp_eps8_sparse_diverse,DP-CounterGAN eps=8,no_disease_to_disease,1024,9,0.1040225997567176
303,71,161,proposed_countergan,Non-DP CounterGAN,no_disease_to_disease,1024,8,0.5831311941146851
303,72,70,uniform_random,Baseline,disease_to_no_disease,1024,3,-0.4331631958484649
303,73,63,proposed_dp_eps16_sparse_diverse,DP-CounterGAN eps=16,disease_to_no_disease,1024,10,-1.2983250617980957
303,74,89,proposed_dp_eps2_sparse_diverse,DP-CounterGAN eps=2,disease_to_no_disease,1024,10,-0.5280550718307495
303,75,91,proposed_dp_eps4_sparse_diverse,DP-CounterGAN eps=4,disease_to_no_disease,1024,5,-0.175062209367752
303,76,3,proposed_dp_eps8_sparse_diverse,DP-CounterGAN eps=8,disease_to_no_disease,1024,9,-1.7823798656463623
303,77,8,countergan_sparse_diverse_no_dp,Non-DP CounterGAN,disease_to_no_disease,1024,2,-0.5744935274124146
303,78,106,genetic_cfe,Baseline,no_disease_to_disease,1024,7,0.4597022235393524
303,79,111,proposed_dp_eps16_sparse_diverse,DP-CounterGAN eps=16,no_disease_to_disease,1024,6,0.2660755515098572
303,80,144,proposed_dp_eps2_sparse_diverse,DP-CounterGAN eps=2,no_disease_to_disease,1024,1,0.3559280633926391
303,81,161,proposed_dp_eps4_sparse_diverse,DP-CounterGAN eps=4,no_disease_to_disease,1024,3,0.5661793947219849
303,82,108,proposed_dp_eps8_sparse_diverse,DP-CounterGAN eps=8,no_disease_to_disease,1024,8,0.4568987786769867
303,83,154,proposed_countergan,Non-DP CounterGAN,no_disease_to_disease,1024,2,0.4141091406345367
303,84,65,genetic_cfe,Baseline,disease_to_no_disease,1024,5,-0.1141292750835418
303,85,61,proposed_dp_eps16_sparse_diverse,DP-CounterGAN eps=16,disease_to_no_disease,1024,7,-0.1045705080032348
303,86,5,proposed_dp_eps2_sparse_diverse,DP-CounterGAN eps=2,disease_to_no_disease,1024,1,-0.257491797208786
303,87,56,proposed_dp_eps4_sparse_diverse,DP-CounterGAN eps=4,disease_to_no_disease,1024,4,-0.2569504082202911
303,88,0,proposed_dp_eps8_sparse_diverse,DP-CounterGAN eps=8,disease_to_no_disease,1024,10,-1.215552568435669
303,89,42,proposed_countergan,Non-DP CounterGAN,disease_to_no_disease,1024,8,-0.6683300733566284
303,90,132,uniform_random,Baseline,no_disease_to_disease,1024,10,0.5748168230056763
303,91,137,proposed_dp_eps16_sparse_diverse,DP-CounterGAN eps=16,no_disease_to_disease,1024,3,0.1937887966632843
303,92,106,proposed_dp_eps2_sparse_diverse,DP-CounterGAN eps=2,no_disease_to_disease,1024,5,0.5130988955497742
303,93,147,proposed_dp_eps4_sparse_diverse,DP-CounterGAN eps=4,no_disease_to_disease,1024,6,0.3310272693634033
303,94,156,proposed_dp_eps8_sparse_diverse,DP-CounterGAN eps=8,no_disease_to_disease,1024,3,0.4619615375995636
303,95,132,countergan_sparse_diverse_no_dp,Non-DP CounterGAN,no_disease_to_disease,1024,4,0.3196368217468261
303,96,59,wachter_style,Baseline,disease_to_no_disease,1024,8,-1.7443705797195437
303,97,54,proposed_dp_eps16_sparse_diverse,DP-CounterGAN eps=16,disease_to_no_disease,1024,5,-0.2298802435398101
303,98,47,proposed_dp_eps2_sparse_diverse,DP-CounterGAN eps=2,disease_to_no_disease,1024,4,-0.1474687755107879
303,99,74,proposed_dp_eps4_sparse_diverse,DP-CounterGAN eps=4,disease_to_no_disease,1024,3,-0.1112469136714935
303,100,54,proposed_dp_eps8_sparse_diverse,DP-CounterGAN eps=8,disease_to_no_disease,1024,5,-0.593451976776123
303,101,57,countergan_sparse_diverse_no_dp,Non-DP CounterGAN,disease_to_no_disease,1024,2,-0.4226405918598175
303,102,102,wachter_style,Baseline,no_disease_to_disease,1024,3,0.9754446744918824
303,103,115,proposed_dp_eps16_sparse_diverse,DP-CounterGAN eps=16,no_disease_to_disease,1024,1,0.227231428027153
303,104,130,proposed_dp_eps2_sparse_diverse,DP-CounterGAN eps=2,no_disease_to_disease,1024,1,0.2148832380771637
303,105,110,proposed_dp_eps4_sparse_diverse,DP-CounterGAN eps=4,no_disease_to_disease,1024,3,0.230340227484703
303,106,108,proposed_dp_eps8_sparse_diverse,DP-CounterGAN eps=8,no_disease_to_disease,1024,7,0.140280932188034
303,107,162,countergan_sparse_diverse_no_dp,Non-DP CounterGAN,no_disease_to_disease,1024,2,0.1258425265550613
303,108,60,genetic_cfe,Baseline,disease_to_no_disease,1024,3,-0.1274455785751342
303,109,21,proposed_dp_eps16_sparse_diverse,DP-CounterGAN eps=16,disease_to_no_disease,1024,3,-0.1285913288593292
303,110,73,proposed_dp_eps2_sparse_diverse,DP-CounterGAN eps=2,disease_to_no_disease,1024,3,-0.6980055570602417
303,111,57,proposed_dp_eps4_sparse_diverse,DP-CounterGAN eps=4,disease_to_no_disease,1024,4,-0.143257737159729
303,112,70,proposed_dp_eps8_sparse_diverse,DP-CounterGAN eps=8,disease_to_no_disease,1024,9,-0.7410954236984253
303,113,5,countergan_sparse_diverse_no_dp,Non-DP CounterGAN,disease_to_no_disease,1024,8,-0.7689073085784912
303,114,112,genetic_cfe,Baseline,no_disease_to_disease,1024,9,0.258272111415863
303,115,105,proposed_dp_eps16_sparse_diverse,DP-CounterGAN eps=16,no_disease_to_disease,1024,7,0.1005890965461731
303,116,119,proposed_dp_eps2_sparse_diverse,DP-CounterGAN eps=2,no_disease_to_disease,1024,6,0.3235291242599487
303,117,112,proposed_dp_eps4_sparse_diverse,DP-CounterGAN eps=4,no_disease_to_disease,1024,7,0.1996490955352783
303,118,123,proposed_dp_eps8_sparse_diverse,DP-CounterGAN eps=8,no_disease_to_disease,1024,7,0.1995314657688141
303,119,162,countergan_sparse_diverse_no_dp,Non-DP CounterGAN,no_disease_to_disease,1024,3,0.5326640009880066
303,120,52,wachter_style,Baseline,disease_to_no_disease,1024,2,-0.4068733751773834
303,121,1,proposed_dp_eps16_sparse_diverse,DP-CounterGAN eps=16,disease_to_no_disease,1024,4,-0.8357412815093994
303,122,65,proposed_dp_eps2_sparse_diverse,DP-CounterGAN eps=2,disease_to_no_disease,1024,10,-0.2440622150897979
303,123,89,proposed_dp_eps4_sparse_diverse,DP-CounterGAN eps=4,disease_to_no_disease,1024,9,-0.2293320596218109
303,124,57,proposed_dp_eps8_sparse_diverse,DP-CounterGAN eps=8,disease_to_no_disease,1024,4,-0.1764620840549469
303,125,95,proposed_countergan,Non-DP CounterGAN,disease_to_no_disease,1024,3,-0.8536068201065063
303,126,115,uniform_random,Baseline,no_disease_to_disease,1024,3,0.2099655419588089
303,127,122,proposed_dp_eps16_sparse_diverse,DP-CounterGAN eps=16,no_disease_to_disease,1024,7,0.2494982182979583
303,128,138,proposed_dp_eps2_sparse_diverse,DP-CounterGAN eps=2,no_disease_to_disease,1024,3,0.1744861155748367
303,129,135,proposed_dp_eps4_sparse_diverse,DP-CounterGAN eps=4,no_disease_to_disease,1024,10,0.1664399057626724
303,130,154,proposed_dp_eps8_sparse_diverse,DP-CounterGAN eps=8,no_disease_to_disease,1024,3,0.2261019051074981
303,131,124,proposed_countergan,Non-DP CounterGAN,no_disease_to_disease,1024,8,0.4605419039726257
303,132,99,uniform_random,Baseline,disease_to_no_disease,1024,8,-0.239626407623291
303,133,15,proposed_dp_eps16_sparse_diverse,DP-CounterGAN eps=16,disease_to_no_disease,1024,3,-0.2188511788845062
303,134,17,proposed_dp_eps2_sparse_diverse,DP-CounterGAN eps=2,disease_to_no_disease,1024,10,-0.1124917268753051
303,135,58,proposed_dp_eps4_sparse_diverse,DP-CounterGAN eps=4,disease_to_no_disease,1024,6,-0.4644458591938019
303,136,98,proposed_dp_eps8_sparse_diverse,DP-CounterGAN eps=8,disease_to_no_disease,1024,4,-0.2486657202243805
303,137,31,proposed_countergan,Non-DP CounterGAN,disease_to_no_disease,1024,8,-4.289220333099365
303,138,136,uniform_random,Baseline,no_disease_to_disease,1024,1,0.1884581297636032
303,139,123,proposed_dp_eps16_sparse_diverse,DP-CounterGAN eps=16,no_disease_to_disease,1024,10,0.5471770763397217
303,140,156,proposed_dp_eps2_sparse_diverse,DP-CounterGAN eps=2,no_disease_to_disease,1024,1,0.2919708788394928
303,141,149,proposed_dp_eps4_sparse_diverse,DP-CounterGAN eps=4,no_disease_to_disease,1024,6,0.4598495066165924
303,142,116,proposed_dp_eps8_sparse_diverse,DP-CounterGAN eps=8,no_disease_to_disease,1024,1,0.3543049097061157
303,143,157,proposed_countergan,Non-DP CounterGAN,no_disease_to_disease,1024,8,0.2130062580108642
303,144,63,wachter_style,Baseline,disease_to_no_disease,1024,3,-1.1566987037658691
303,145,83,proposed_dp_eps16_sparse_diverse,DP-CounterGAN eps=16,disease_to_no_disease,1024,5,-0.260750263929367
303,146,89,proposed_dp_eps2_sparse_diverse,DP-CounterGAN eps=2,disease_to_no_disease,1024,8,-0.3965795934200287
303,147,34,proposed_dp_eps4_sparse_diverse,DP-CounterGAN eps=4,disease_to_no_disease,1024,5,-0.6404112577438354
303,148,24,proposed_dp_eps8_sparse_diverse,DP-CounterGAN eps=8,disease_to_no_disease,1024,7,-0.9130560159683228
303,149,11,countergan_sparse_diverse_no_dp,Non-DP CounterGAN,disease_to_no_disease,1024,7,-0.3467444777488708
303,150,107,uniform_random,Baseline,no_disease_to_disease,1024,3,0.1525118052959442
303,151,124,proposed_dp_eps16_sparse_diverse,DP-CounterGAN eps=16,no_disease_to_disease,1024,3,0.1098958104848861
303,152,146,proposed_dp_eps2_sparse_diverse,DP-CounterGAN eps=2,no_disease_to_disease,1024,7,0.5355334281921387
303,153,148,proposed_dp_eps4_sparse_diverse,DP-CounterGAN eps=4,no_disease_to_disease,1024,10,0.3473043441772461
303,154,109,proposed_dp_eps8_sparse_diverse,DP-CounterGAN eps=8,no_disease_to_disease,1024,8,0.3141973614692688
303,155,137,countergan_one_shot,Non-DP CounterGAN,no_disease_to_disease,1024,2,0.26968914270401
303,156,21,genetic_cfe,Baseline,disease_to_no_disease,1024,6,-0.2523719370365143
303,157,45,proposed_dp_eps16_sparse_diverse,DP-CounterGAN eps=16,disease_to_no_disease,1024,8,-0.6352781057357788
303,158,53,proposed_dp_eps2_sparse_diverse,DP-CounterGAN eps=2,disease_to_no_disease,1024,7,-0.1062895059585571
303,159,58,proposed_dp_eps4_sparse_diverse,DP-CounterGAN eps=4,disease_to_no_disease,1024,2,-1.1054532527923584
303,160,45,proposed_dp_eps8_sparse_diverse,DP-CounterGAN eps=8,disease_to_no_disease,1024,9,-0.8534121513366699
303,161,7,countergan_one_shot,Non-DP CounterGAN,disease_to_no_disease,1024,1,-1.7838928699493408
303,162,117,wachter_style,Baseline,no_disease_to_disease,1024,2,0.5827704668045044
303,163,131,proposed_dp_eps16_sparse_diverse,DP-CounterGAN eps=16,no_disease_to_disease,1024,6,0.1108721047639846
303,164,132,proposed_dp_eps2_sparse_diverse,DP-CounterGAN eps=2,no_disease_to_disease,1024,5,0.2753956317901611
303,165,142,proposed_dp_eps4_sparse_diverse,DP-CounterGAN eps=4,no_disease_to_disease,1024,9,0.988478660583496
303,166,107,proposed_dp_eps8_sparse_diverse,DP-CounterGAN eps=8,no_disease_to_disease,1024,8,0.1968455612659454
303,167,136,countergan_sparse_diverse_no_dp,Non-DP CounterGAN,no_disease_to_disease,1024,4,0.1177106797695159
303,168,59,genetic_cfe,Baseline,disease_to_no_disease,1024,7,-0.1081873476505279
303,169,38,proposed_dp_eps16_sparse_diverse,DP-CounterGAN eps=16,disease_to_no_disease,1024,2,-0.1626282036304474
303,170,68,proposed_dp_eps2_sparse_diverse,DP-CounterGAN eps=2,disease_to_no_disease,1024,7,-0.2733110189437866
303,171,32,proposed_dp_eps4_sparse_diverse,DP-CounterGAN eps=4,disease_to_no_disease,1024,5,-0.1808414757251739
303,172,68,proposed_dp_eps8_sparse_diverse,DP-CounterGAN eps=8,disease_to_no_disease,1024,7,-0.6042518615722656
303,173,70,proposed_countergan,Non-DP CounterGAN,disease_to_no_disease,1024,9,-1.1742023229599
303,174,103,genetic_cfe,Baseline,no_disease_to_disease,1024,6,0.2367147356271743
303,175,118,proposed_dp_eps16_sparse_diverse,DP-CounterGAN eps=16,no_disease_to_disease,1024,7,0.3171359002590179
303,176,122,proposed_dp_eps2_sparse_diverse,DP-CounterGAN eps=2,no_disease_to_disease,1024,4,0.2846693992614746
303,177,104,proposed_dp_eps4_sparse_diverse,DP-CounterGAN eps=4,no_disease_to_disease,1024,7,0.1778500229120254
303,178,118,proposed_dp_eps8_sparse_diverse,DP-CounterGAN eps=8,no_disease_to_disease,1024,1,0.1323582082986831
303,179,118,proposed_countergan,Non-DP CounterGAN,no_disease_to_disease,1024,4,0.2463741153478622
303,180,15,uniform_random,Baseline,disease_to_no_disease,1024,8,-0.2161347568035125
303,181,65,proposed_dp_eps16_sparse_diverse,DP-CounterGAN eps=16,disease_to_no_disease,1024,6,-0.521066427230835
303,182,34,proposed_dp_eps2_sparse_diverse,DP-CounterGAN eps=2,disease_to_no_disease,1024,5,-0.5136266946792603
303,183,8,proposed_dp_eps4_sparse_diverse,DP-CounterGAN eps=4,disease_to_no_disease,1024,7,-0.5729522705078125
303,184,61,proposed_dp_eps8_sparse_diverse,DP-CounterGAN eps=8,disease_to_no_disease,1024,4,-0.1262195408344268
303,185,0,countergan_sparse_diverse_no_dp,Non-DP CounterGAN,disease_to_no_disease,1024,10,-1.689249038696289
303,186,145,dice_gradient_style,Baseline,no_disease_to_disease,1024,4,0.8386977910995483
303,187,105,proposed_dp_eps16_sparse_diverse,DP-CounterGAN eps=16,no_disease_to_disease,1024,2,0.2689050137996673
303,188,140,proposed_dp_eps2_sparse_diverse,DP-CounterGAN eps=2,no_disease_to_disease,1024,1,0.1326457858085632
303,189,112,proposed_dp_eps4_sparse_diverse,DP-CounterGAN eps=4,no_disease_to_disease,1024,4,0.2911352813243866
303,190,102,proposed_dp_eps8_sparse_diverse,DP-CounterGAN eps=8,no_disease_to_disease,1024,1,0.7159982919692993
303,191,114,countergan_sparse_diverse_no_dp,Non-DP CounterGAN,no_disease_to_disease,1024,9,0.5528148412704468
303,192,45,wachter_style,Baseline,disease_to_no_disease,1024,4,-1.105563759803772
303,193,8,proposed_dp_eps16_sparse_diverse,DP-CounterGAN eps=16,disease_to_no_disease,1024,3,-0.4347634613513946
303,194,91,proposed_dp_eps2_sparse_diverse,DP-CounterGAN eps=2,disease_to_no_disease,1024,9,-0.1013343036174774
303,195,55,proposed_dp_eps4_sparse_diverse,DP-CounterGAN eps=4,disease_to_no_disease,1024,8,-0.6634180545806885
303,196,61,proposed_dp_eps8_sparse_diverse,DP-CounterGAN eps=8,disease_to_no_disease,1024,10,-0.5817561149597168
303,197,16,countergan_sparse_diverse_no_dp,Non-DP CounterGAN,disease_to_no_disease,1024,7,-0.4211979210376739
303,198,114,dice_gradient_style,Baseline,no_disease_to_disease,1024,4,0.7283062934875488
303,199,164,proposed_dp_eps16_sparse_diverse,DP-CounterGAN eps=16,no_disease_to_disease,1024,10,1.0179510116577148
303,200,136,proposed_dp_eps2_sparse_diverse,DP-CounterGAN eps=2,no_disease_to_disease,1024,7,0.1648455262184143
303,201,156,proposed_dp_eps4_sparse_diverse,DP-CounterGAN eps=4,no_disease_to_disease,1024,8,0.2012136876583099
303,202,135,proposed_dp_eps8_sparse_diverse,DP-CounterGAN eps=8,no_disease_to_disease,1024,10,0.6392883062362671
303,203,149,proposed_countergan,Non-DP CounterGAN,no_disease_to_disease,1024,4,0.1087463349103927
303,204,2,uniform_random,Baseline,disease_to_no_disease,1024,4,-0.4571981728076935
303,205,8,proposed_dp_eps16_sparse_diverse,DP-CounterGAN eps=16,disease_to_no_disease,1024,5,-1.014937400817871
303,206,99,proposed_dp_eps2_sparse_diverse,DP-CounterGAN eps=2,disease_to_no_disease,1024,3,-0.426222950220108
303,207,38,proposed_dp_eps4_sparse_diverse,DP-CounterGAN eps=4,disease_to_no_disease,1024,7,-0.2514150142669678
303,208,53,proposed_dp_eps8_sparse_diverse,DP-CounterGAN eps=8,disease_to_no_disease,1024,9,-0.2916504740715027
303,209,67,countergan_sparse_diverse_no_dp,Non-DP CounterGAN,disease_to_no_disease,1024,1,-0.1052321940660476
303,210,100,dice_gradient_style,Baseline,no_disease_to_disease,1024,2,0.9583472013473512
303,211,112,proposed_dp_eps16_sparse_diverse,DP-CounterGAN eps=16,no_disease_to_disease,1024,6,0.6918818950653076
303,212,164,proposed_dp_eps2_sparse_diverse,DP-CounterGAN eps=2,no_disease_to_disease,1024,2,0.8992384672164917
303,213,121,proposed_dp_eps4_sparse_diverse,DP-CounterGAN eps=4,no_disease_to_disease,1024,8,0.2242188453674316
303,214,107,proposed_dp_eps8_sparse_diverse,DP-CounterGAN eps=8,no_disease_to_disease,1024,6,0.2616652846336365
303,215,102,countergan_one_shot,Non-DP CounterGAN,no_disease_to_disease,1024,3,1.284669280052185
303,216,59,genetic_cfe,Baseline,disease_to_no_disease,1024,2,-0.3657369911670685
303,217,74,proposed_dp_eps16_sparse_diverse,DP-CounterGAN eps=16,disease_to_no_disease,1024,4,-0.3712154924869537
303,218,12,proposed_dp_eps2_sparse_diverse,DP-CounterGAN eps=2,disease_to_no_disease,1024,2,-0.358086496591568
303,219,5,proposed_dp_eps4_sparse_diverse,DP-CounterGAN eps=4,disease_to_no_disease,1024,2,-0.8083227872848511
303,220,70,proposed_dp_eps8_sparse_diverse,DP-CounterGAN eps=8,disease_to_no_disease,1024,8,-0.1386828124523162
303,221,63,proposed_countergan,Non-DP CounterGAN,disease_to_no_disease,1024,5,-1.390981674194336
303,222,100,uniform_random,Baseline,no_disease_to_disease,1024,10,0.2900207042694092
303,223,137,proposed_dp_eps16_sparse_diverse,DP-CounterGAN eps=16,no_disease_to_disease,1024,4,0.1600734740495681
303,224,113,proposed_dp_eps2_sparse_diverse,DP-CounterGAN eps=2,no_disease_to_disease,1024,9,1.01905620098114
303,225,161,proposed_dp_eps4_sparse_diverse,DP-CounterGAN eps=4,no_disease_to_disease,1024,7,0.3965049982070923
303,226,152,proposed_dp_eps8_sparse_diverse,DP-CounterGAN eps=8,no_disease_to_disease,1024,1,0.1037201732397079
303,227,150,proposed_countergan,Non-DP CounterGAN,no_disease_to_disease,1024,4,1.0475122928619385
303,228,51,uniform_random,Baseline,disease_to_no_disease,1024,7,-0.1001263111829757
303,229,36,proposed_dp_eps16_sparse_diverse,DP-CounterGAN eps=16,disease_to_no_disease,1024,8,-0.1386794149875641
303,230,60,proposed_dp_eps2_sparse_diverse,DP-CounterGAN eps=2,disease_to_no_disease,1024,6,-0.4063663780689239
303,231,53,proposed_dp_eps4_sparse_diverse,DP-CounterGAN eps=4,disease_to_no_disease,1024,6,-0.1335159838199615
303,232,56,proposed_dp_eps8_sparse_diverse,DP-CounterGAN eps=8,disease_to_no_disease,1024,7,-0.2239499986171722
303,233,36,proposed_countergan,Non-DP CounterGAN,disease_to_no_disease,1024,9,-0.2338018715381622
303,234,121,uniform_random,Baseline,no_disease_to_disease,1024,6,0.3863461911678314
303,235,119,proposed_dp_eps16_sparse_diverse,DP-CounterGAN eps=16,no_disease_to_disease,1024,2,0.1441451907157898
303,236,171,proposed_dp_eps2_sparse_diverse,DP-CounterGAN eps=2,no_disease_to_disease,1024,1,0.1085076481103897
303,237,100,proposed_dp_eps4_sparse_diverse,DP-CounterGAN eps=4,no_disease_to_disease,1024,10,0.1373638659715652
303,238,117,proposed_dp_eps8_sparse_diverse,DP-CounterGAN eps=8,no_disease_to_disease,1024,4,0.198512390255928
303,239,143,countergan_sparse_diverse_no_dp,Non-DP CounterGAN,no_disease_to_disease,1024,4,0.3635491132736206
303,240,63,dice_gradient_style,Baseline,disease_to_no_disease,1024,1,-0.8135528564453125
303,241,2,proposed_dp_eps16_sparse_diverse,DP-CounterGAN eps=16,disease_to_no_disease,1024,8,-0.7051346302032471
303,242,99,proposed_dp_eps2_sparse_diverse,DP-CounterGAN eps=2,disease_to_no_disease,1024,7,-0.3950795829296112
303,243,60,proposed_dp_eps4_sparse_diverse,DP-CounterGAN eps=4,disease_to_no_disease,1024,10,-0.1303084790706634
303,244,77,proposed_dp_eps8_sparse_diverse,DP-CounterGAN eps=8,disease_to_no_disease,1024,4,-0.4610437452793121
303,245,93,countergan_sparse_diverse_no_dp,Non-DP CounterGAN,disease_to_no_disease,1024,2,-0.1407976150512695
303,246,106,genetic_cfe,Baseline,no_disease_to_disease,1024,8,0.4895241856575012
303,247,150,proposed_dp_eps16_sparse_diverse,DP-CounterGAN eps=16,no_disease_to_disease,1024,9,1.101756930351257
303,248,140,proposed_dp_eps2_sparse_diverse,DP-CounterGAN eps=2,no_disease_to_disease,1024,5,0.183444008231163
303,249,134,proposed_dp_eps4_sparse_diverse,DP-CounterGAN eps=4,no_disease_to_disease,1024,7,0.1337247639894485
303,250,141,proposed_dp_eps8_sparse_diverse,DP-CounterGAN eps=8,no_disease_to_disease,1024,2,0.3978618681430816
303,251,103,proposed_countergan,Non-DP CounterGAN,no_disease_to_disease,1024,9,0.5067874193191528
303,252,17,genetic_cfe,Baseline,disease_to_no_disease,1024,3,-0.1758462488651275
303,253,48,proposed_dp_eps16_sparse_diverse,DP-CounterGAN eps=16,disease_to_no_disease,1024,3,-0.1928932964801788
303,254,24,proposed_dp_eps2_sparse_diverse,DP-CounterGAN eps=2,disease_to_no_disease,1024,9,-0.5265293121337891
303,255,77,proposed_dp_eps4_sparse_diverse,DP-CounterGAN eps=4,disease_to_no_disease,1024,5,-0.1736848056316375
303,256,52,proposed_dp_eps8_sparse_diverse,DP-CounterGAN eps=8,disease_to_no_disease,1024,1,-0.1935028731822967
303,257,28,proposed_countergan,Non-DP CounterGAN,disease_to_no_disease,1024,9,-1.9106204509735107
303,258,121,uniform_random,Baseline,no_disease_to_disease,1024,4,0.3614699840545654
303,259,145,proposed_dp_eps16_sparse_diverse,DP-CounterGAN eps=16,no_disease_to_disease,1024,3,0.2603980600833893
303,260,108,proposed_dp_eps2_sparse_diverse,DP-CounterGAN eps=2,no_disease_to_disease,1024,4,0.1270575523376464
303,261,162,proposed_dp_eps4_sparse_diverse,DP-CounterGAN eps=4,no_disease_to_disease,1024,1,0.1109627187252044
303,262,145,proposed_dp_eps8_sparse_diverse,DP-CounterGAN eps=8,no_disease_to_disease,1024,4,0.1185088157653808
303,263,127,countergan_sparse_diverse_no_dp,Non-DP CounterGAN,no_disease_to_disease,1024,3,0.134652242064476
303,264,95,uniform_random,Baseline,disease_to_no_disease,1024,5,-0.2690255343914032
303,265,66,proposed_dp_eps16_sparse_diverse,DP-CounterGAN eps=16,disease_to_no_disease,1024,10,-0.2325262129306793
303,266,53,proposed_dp_eps2_sparse_diverse,DP-CounterGAN eps=2,disease_to_no_disease,1024,3,-0.123326152563095
303,267,45,proposed_dp_eps4_sparse_diverse,DP-CounterGAN eps=4,disease_to_no_disease,1024,2,-0.3172127604484558
303,268,19,proposed_dp_eps8_sparse_diverse,DP-CounterGAN eps=8,disease_to_no_disease,1024,5,-0.1700919568538665
303,269,57,countergan_sparse_diverse_no_dp,Non-DP CounterGAN,disease_to_no_disease,1024,6,-0.4343281090259552
303,270,141,dice_gradient_style,Baseline,no_disease_to_disease,1024,2,0.4914363920688629
303,271,131,proposed_dp_eps16_sparse_diverse,DP-CounterGAN eps=16,no_disease_to_disease,1024,7,0.5222464799880981
303,272,148,proposed_dp_eps2_sparse_diverse,DP-CounterGAN eps=2,no_disease_to_disease,1024,3,0.1106303259730339
303,273,116,proposed_dp_eps4_sparse_diverse,DP-CounterGAN eps=4,no_disease_to_disease,1024,8,0.2904365062713623
303,274,172,proposed_dp_eps8_sparse_diverse,DP-CounterGAN eps=8,no_disease_to_disease,1024,5,0.1878593266010284
303,275,128,countergan_sparse_diverse_no_dp,Non-DP CounterGAN,no_disease_to_disease,1024,3,0.3533951342105865
303,276,85,uniform_random,Baseline,disease_to_no_disease,1024,3,-0.2451954782009124
303,277,1,proposed_dp_eps16_sparse_diverse,DP-CounterGAN eps=16,disease_to_no_disease,1024,9,-0.4977542459964752
303,278,66,proposed_dp_eps2_sparse_diverse,DP-CounterGAN eps=2,disease_to_no_disease,1024,5,-0.1072912514209747
303,279,44,proposed_dp_eps4_sparse_diverse,DP-CounterGAN eps=4,disease_to_no_disease,1024,4,-0.1463164091110229
303,280,93,proposed_dp_eps8_sparse_diverse,DP-CounterGAN eps=8,disease_to_no_disease,1024,10,-0.1446546912193298
303,281,22,proposed_countergan,Non-DP CounterGAN,disease_to_no_disease,1024,3,-2.643506526947021
303,282,109,uniform_random,Baseline,no_disease_to_disease,1024,5,0.3636893332004547
303,283,110,proposed_dp_eps16_sparse_diverse,DP-CounterGAN eps=16,no_disease_to_disease,1024,6,0.8202577829360962
303,284,156,proposed_dp_eps2_sparse_diverse,DP-CounterGAN eps=2,no_disease_to_disease,1024,7,1.108273148536682
303,285,115,proposed_dp_eps4_sparse_diverse,DP-CounterGAN eps=4,no_disease_to_disease,1024,2,0.375636339187622
303,286,163,proposed_dp_eps8_sparse_diverse,DP-CounterGAN eps=8,no_disease_to_disease,1024,9,0.3528623282909393
303,287,112,countergan_one_shot,Non-DP CounterGAN,no_disease_to_disease,1024,2,0.6405200958251953
303,288,57,genetic_cfe,Baseline,disease_to_no_disease,1024,4,-0.4206883013248443
303,289,37,proposed_dp_eps16_sparse_diverse,DP-CounterGAN eps=16,disease_to_no_disease,1024,4,-0.1647683084011078
303,290,25,proposed_dp_eps2_sparse_diverse,DP-CounterGAN eps=2,disease_to_no_disease,1024,7,-0.9169802665710448
303,291,5,proposed_dp_eps4_sparse_diverse,DP-CounterGAN eps=4,disease_to_no_disease,1024,3,-0.2917646467685699
303,292,53,proposed_dp_eps8_sparse_diverse,DP-CounterGAN eps=8,disease_to_no_disease,1024,6,-0.1595490872859954
303,293,36,proposed_countergan,Non-DP CounterGAN,disease_to_no_disease,1024,5,-0.2255331873893737
303,294,149,wachter_style,Baseline,no_disease_to_disease,1024,2,0.7878594398498535
303,295,110,proposed_dp_eps16_sparse_diverse,DP-CounterGAN eps=16,no_disease_to_disease,1024,4,0.169230654835701
303,296,114,proposed_dp_eps2_sparse_diverse,DP-CounterGAN eps=2,no_disease_to_disease,1024,9,1.0346616506576538
303,297,111,proposed_dp_eps4_sparse_diverse,DP-CounterGAN eps=4,no_disease_to_disease,1024,7,0.4059675633907318
303,298,113,proposed_dp_eps8_sparse_diverse,DP-CounterGAN eps=8,no_disease_to_disease,1024,9,0.1803750097751617
303,299,107,proposed_countergan,Non-DP CounterGAN,no_disease_to_disease,1024,10,0.5456588268280029
303,300,8,genetic_cfe,Baseline,disease_to_no_disease,1024,5,-0.3735846579074859
303,301,77,proposed_dp_eps16_sparse_diverse,DP-CounterGAN eps=16,disease_to_no_disease,1024,6,-0.3225283324718475
303,302,12,proposed_dp_eps2_sparse_diverse,DP-CounterGAN eps=2,disease_to_no_disease,1024,3,-0.6742618083953857
303,303,1,proposed_dp_eps4_sparse_diverse,DP-CounterGAN eps=4,disease_to_no_disease,1024,2,-0.6445198059082031
303,304,55,proposed_dp_eps8_sparse_diverse,DP-CounterGAN eps=8,disease_to_no_disease,1024,8,-0.5854113101959229
303,305,52,countergan_sparse_diverse_no_dp,Non-DP CounterGAN,disease_to_no_disease,1024,3,-0.2893397212028503
303,306,117,genetic_cfe,Baseline,no_disease_to_disease,1024,10,0.5014673471450806
303,307,128,proposed_dp_eps16_sparse_diverse,DP-CounterGAN eps=16,no_disease_to_disease,1024,5,0.2822037935256958
303,308,138,proposed_dp_eps2_sparse_diverse,DP-CounterGAN eps=2,no_disease_to_disease,1024,5,0.1959725171327591
303,309,155,proposed_dp_eps4_sparse_diverse,DP-CounterGAN eps=4,no_disease_to_disease,1024,8,0.2524781227111816
303,310,145,proposed_dp_eps8_sparse_diverse,DP-CounterGAN eps=8,no_disease_to_disease,1024,9,0.3909711241722107
303,311,141,countergan_sparse_diverse_no_dp,Non-DP CounterGAN,no_disease_to_disease,1024,7,0.3772540986537933
303,312,29,genetic_cfe,Baseline,disease_to_no_disease,1024,3,-0.3185938596725464
303,313,20,proposed_dp_eps16_sparse_diverse,DP-CounterGAN eps=16,disease_to_no_disease,1024,8,-0.5316035747528076
303,314,30,proposed_dp_eps2_sparse_diverse,DP-CounterGAN eps=2,disease_to_no_disease,1024,8,-0.8587120771408081
303,315,1,proposed_dp_eps4_sparse_diverse,DP-CounterGAN eps=4,disease_to_no_disease,1024,9,-0.6157771348953247
303,316,73,proposed_dp_eps8_sparse_diverse,DP-CounterGAN eps=8,disease_to_no_disease,1024,1,-0.1063997149467468
303,317,69,proposed_countergan,Non-DP CounterGAN,disease_to_no_disease,1024,3,-0.5719550848007202
303,318,118,dice_gradient_style,Baseline,no_disease_to_disease,1024,3,0.5834946632385254
303,319,114,proposed_dp_eps16_sparse_diverse,DP-CounterGAN eps=16,no_disease_to_disease,1024,7,0.4949445724487304
303,320,170,proposed_dp_eps2_sparse_diverse,DP-CounterGAN eps=2,no_disease_to_disease,1024,6,0.1104919910430908
303,321,111,proposed_dp_eps4_sparse_diverse,DP-CounterGAN eps=4,no_disease_to_disease,1024,1,0.3674712181091308
303,322,162,proposed_dp_eps8_sparse_diverse,DP-CounterGAN eps=8,no_disease_to_disease,1024,2,0.1405984014272689
303,323,151,proposed_countergan,Non-DP CounterGAN,no_disease_to_disease,1024,1,0.1178395003080368
303,324,86,genetic_cfe,Baseline,disease_to_no_disease,1024,1,-0.2331263124942779
303,325,65,proposed_dp_eps16_sparse_diverse,DP-CounterGAN eps=16,disease_to_no_disease,1024,10,-0.3637066185474396
303,326,33,proposed_dp_eps2_sparse_diverse,DP-CounterGAN eps=2,disease_to_no_disease,1024,2,-0.2222514152526855
303,327,19,proposed_dp_eps4_sparse_diverse,DP-CounterGAN eps=4,disease_to_no_disease,1024,1,-0.2519803941249847
303,328,52,proposed_dp_eps8_sparse_diverse,DP-CounterGAN eps=8,disease_to_no_disease,1024,9,-0.1535277068614959
303,329,68,proposed_countergan,Non-DP CounterGAN,disease_to_no_disease,1024,5,-0.2640471756458282
303,330,110,genetic_cfe,Baseline,no_disease_to_disease,1024,10,0.3782878816127777
303,331,164,proposed_dp_eps16_sparse_diverse,DP-CounterGAN eps=16,no_disease_to_disease,1024,2,0.8992384672164917
303,332,134,proposed_dp_eps2_sparse_diverse,DP-CounterGAN eps=2,no_disease_to_disease,1024,1,0.1283174455165863
303,333,110,proposed_dp_eps4_sparse_diverse,DP-CounterGAN eps=4,no_disease_to_disease,1024,8,0.4074494540691376
303,334,148,proposed_dp_eps8_sparse_diverse,DP-CounterGAN eps=8,no_disease_to_disease,1024,4,0.1766001284122467
303,335,116,countergan_one_shot,Non-DP CounterGAN,no_disease_to_disease,1024,7,0.6526995897293091
303,336,56,uniform_random,Baseline,disease_to_no_disease,1024,3,-0.561457633972168
303,337,98,proposed_dp_eps16_sparse_diverse,DP-CounterGAN eps=16,disease_to_no_disease,1024,8,-0.1141611635684967
303,338,53,proposed_dp_eps2_sparse_diverse,DP-CounterGAN eps=2,disease_to_no_disease,1024,5,-0.1376374363899231
303,339,52,proposed_dp_eps4_sparse_diverse,DP-CounterGAN eps=4,disease_to_no_disease,1024,6,-0.2149690687656402
303,340,89,proposed_dp_eps8_sparse_diverse,DP-CounterGAN eps=8,disease_to_no_disease,1024,2,-0.2261103093624115
303,341,8,proposed_countergan,Non-DP CounterGAN,disease_to_no_disease,1024,5,-1.144353985786438
303,342,119,wachter_style,Baseline,no_disease_to_disease,1024,2,0.3503511548042297
303,343,144,proposed_dp_eps16_sparse_diverse,DP-CounterGAN eps=16,no_disease_to_disease,1024,6,0.2336557507514953
303,344,111,proposed_dp_eps2_sparse_diverse,DP-CounterGAN eps=2,no_disease_to_disease,1024,8,0.5999314785003662
303,345,101,proposed_dp_eps4_sparse_diverse,DP-CounterGAN eps=4,no_disease_to_disease,1024,6,0.3852759003639221
303,346,122,proposed_dp_eps8_sparse_diverse,DP-CounterGAN eps=8,no_disease_to_disease,1024,5,0.1486032754182815
303,347,155,countergan_sparse_diverse_no_dp,Non-DP CounterGAN,no_disease_to_disease,1024,9,0.103027731180191
303,348,70,genetic_cfe,Baseline,disease_to_no_disease,1024,1,-0.1346459090709686
303,349,18,proposed_dp_eps16_sparse_diverse,DP-CounterGAN eps=16,disease_to_no_disease,1024,4,-0.8085694313049316
303,350,92,proposed_dp_eps2_sparse_diverse,DP-CounterGAN eps=2,disease_to_no_disease,1024,10,-0.3469538688659668
303,351,93,proposed_dp_eps4_sparse_diverse,DP-CounterGAN eps=4,disease_to_no_disease,1024,3,-0.2525061666965484
303,352,70,proposed_dp_eps8_sparse_diverse,DP-CounterGAN eps=8,disease_to_no_disease,1024,6,-0.1329323351383209
303,353,88,countergan_sparse_diverse_no_dp,Non-DP CounterGAN,disease_to_no_disease,1024,7,-0.3882414400577545
303,354,113,genetic_cfe,Baseline,no_disease_to_disease,1024,2,0.648148775100708
303,355,133,proposed_dp_eps16_sparse_diverse,DP-CounterGAN eps=16,no_disease_to_disease,1024,5,0.120812602341175
303,356,104,proposed_dp_eps2_sparse_diverse,DP-CounterGAN eps=2,no_disease_to_disease,1024,3,0.3763695359230041
303,357,186,proposed_dp_eps4_sparse_diverse,DP-CounterGAN eps=4,no_disease_to_disease,1024,1,0.1037312895059585
303,358,149,proposed_dp_eps8_sparse_diverse,DP-CounterGAN eps=8,no_disease_to_disease,1024,8,0.6510498523712158
303,359,162,proposed_countergan,Non-DP CounterGAN,no_disease_to_disease,1024,6,0.4713293612003326
303,360,52,uniform_random,Baseline,disease_to_no_disease,1024,6,-0.2589644491672516
303,361,47,proposed_dp_eps16_sparse_diverse,DP-CounterGAN eps=16,disease_to_no_disease,1024,8,-0.1885631084442138
303,362,21,proposed_dp_eps2_sparse_diverse,DP-CounterGAN eps=2,disease_to_no_disease,1024,5,-0.468411773443222
303,363,10,proposed_dp_eps4_sparse_diverse,DP-CounterGAN eps=4,disease_to_no_disease,1024,2,-3.447898626327514
303,364,28,proposed_dp_eps8_sparse_diverse,DP-CounterGAN eps=8,disease_to_no_disease,1024,10,-0.2916653454303741
303,365,70,countergan_sparse_diverse_no_dp,Non-DP CounterGAN,disease_to_no_disease,1024,1,-0.2882530093193054
303,366,110,uniform_random,Baseline,no_disease_to_disease,1024,8,0.3129940629005432
303,367,145,proposed_dp_eps16_sparse_diverse,DP-CounterGAN eps=16,no_disease_to_disease,1024,5,0.3638132214546203
303,368,101,proposed_dp_eps2_sparse_diverse,DP-CounterGAN eps=2,no_disease_to_disease,1024,3,0.2690162658691406
303,369,148,proposed_dp_eps4_sparse_diverse,DP-CounterGAN eps=4,no_disease_to_disease,1024,2,0.1105343699455261
303,370,159,proposed_dp_eps8_sparse_diverse,DP-CounterGAN eps=8,no_disease_to_disease,1024,2,0.1051400303840637
303,371,114,countergan_sparse_diverse_no_dp,Non-DP CounterGAN,no_disease_to_disease,1024,3,0.1408154368400573
303,372,46,dice_gradient_style,Baseline,disease_to_no_disease,1024,1,-0.942933201789856
303,373,99,proposed_dp_eps16_sparse_diverse,DP-CounterGAN eps=16,disease_to_no_disease,1024,9,-1.1901800632476809
303,374,97,proposed_dp_eps2_sparse_diverse,DP-CounterGAN eps=2,disease_to_no_disease,1024,4,-0.1660529673099517
303,375,44,proposed_dp_eps4_sparse_diverse,DP-CounterGAN eps=4,disease_to_no_disease,1024,8,-0.3028022050857544
303,376,83,proposed_dp_eps8_sparse_diverse,DP-CounterGAN eps=8,disease_to_no_disease,1024,8,-0.5774619579315186
303,377,41,proposed_countergan,Non-DP CounterGAN,disease_to_no_disease,1024,3,-0.1239743828773498
303,378,157,dice_gradient_style,Baseline,no_disease_to_disease,1024,1,0.2686618864536285
303,379,123,proposed_dp_eps16_sparse_diverse,DP-CounterGAN eps=16,no_disease_to_disease,1024,8,0.174231618642807
303,380,163,proposed_dp_eps2_sparse_diverse,DP-CounterGAN eps=2,no_disease_to_disease,1024,10,0.4289149641990661
303,381,172,proposed_dp_eps4_sparse_diverse,DP-CounterGAN eps=4,no_disease_to_disease,1024,5,0.1997290551662445
303,382,145,proposed_dp_eps8_sparse_diverse,DP-CounterGAN eps=8,no_disease_to_disease,1024,6,0.3657592535018921
303,383,124,proposed_countergan,Non-DP CounterGAN,no_disease_to_disease,1024,10,0.6289861798286438
303,384,44,dice_gradient_style,Baseline,disease_to_no_disease,1024,2,-0.6505852937698364
303,385,68,proposed_dp_eps16_sparse_diverse,DP-CounterGAN eps=16,disease_to_no_disease,1024,5,-0.2177880108356475
303,386,43,proposed_dp_eps2_sparse_diverse,DP-CounterGAN eps=2,disease_to_no_disease,1024,9,-0.5458207130432129
303,387,77,proposed_dp_eps4_sparse_diverse,DP-CounterGAN eps=4,disease_to_no_disease,1024,10,-0.2076631784439087
303,388,39,proposed_dp_eps8_sparse_diverse,DP-CounterGAN eps=8,disease_to_no_disease,1024,10,-0.4627133309841156
303,389,9,countergan_sparse_diverse_no_dp,Non-DP CounterGAN,disease_to_no_disease,1024,2,-1.6301778554916382
303,390,113,dice_gradient_style,Baseline,no_disease_to_disease,1024,2,0.7897666692733765
303,391,173,proposed_dp_eps16_sparse_diverse,DP-CounterGAN eps=16,no_disease_to_disease,1024,1,0.1726346611976623
303,392,106,proposed_dp_eps2_sparse_diverse,DP-CounterGAN eps=2,no_disease_to_disease,1024,4,0.4106016159057617
303,393,100,proposed_dp_eps4_sparse_diverse,DP-CounterGAN eps=4,no_disease_to_disease,1024,5,0.3498104810714721
303,394,110,proposed_dp_eps8_sparse_diverse,DP-CounterGAN eps=8,no_disease_to_disease,1024,4,0.6680665016174316
303,395,100,proposed_countergan,Non-DP CounterGAN,no_disease_to_disease,1024,2,1.0361558198928833
303,396,20,wachter_style,Baseline,disease_to_no_disease,1024,9,-1.1906232833862305
303,397,48,proposed_dp_eps16_sparse_diverse,DP-CounterGAN eps=16,disease_to_no_disease,1024,2,-0.1107798516750335
303,398,47,proposed_dp_eps2_sparse_diverse,DP-CounterGAN eps=2,disease_to_no_disease,1024,3,-0.472692996263504
303,399,63,proposed_dp_eps4_sparse_diverse,DP-CounterGAN eps=4,disease_to_no_disease,1024,2,-0.5289859771728516
303,400,69,proposed_dp_eps8_sparse_diverse,DP-CounterGAN eps=8,disease_to_no_disease,1024,1,-0.2212500274181366
303,401,12,proposed_countergan,Non-DP CounterGAN,disease_to_no_disease,1024,3,-0.7352766990661621
303,402,104,genetic_cfe,Baseline,no_disease_to_disease,1024,1,0.2230943739414215
303,403,100,proposed_dp_eps16_sparse_diverse,DP-CounterGAN eps=16,no_disease_to_disease,1024,10,0.7509230375289917
303,404,164,proposed_dp_eps2_sparse_diverse,DP-CounterGAN eps=2,no_disease_to_disease,1024,9,0.340954065322876
303,405,142,proposed_dp_eps4_sparse_diverse,DP-CounterGAN eps=4,no_disease_to_disease,1024,4,0.2121109962463379
303,406,104,proposed_dp_eps8_sparse_diverse,DP-CounterGAN eps=8,no_disease_to_disease,1024,6,0.1941757947206497
303,407,124,countergan_sparse_diverse_no_dp,Non-DP CounterGAN,no_disease_to_disease,1024,9,1.134804606437683
303,408,95,uniform_random,Baseline,disease_to_no_disease,1024,4,-0.3723450601100921
303,409,30,proposed_dp_eps16_sparse_diverse,DP-CounterGAN eps=16,disease_to_no_disease,1024,2,-0.8424499034881592
303,410,24,proposed_dp_eps2_sparse_diverse,DP-CounterGAN eps=2,disease_to_no_disease,1024,7,-0.1652986705303192
303,411,99,proposed_dp_eps4_sparse_diverse,DP-CounterGAN eps=4,disease_to_no_disease,1024,3,-0.3860357105731964
303,412,9,proposed_dp_eps8_sparse_diverse,DP-CounterGAN eps=8,disease_to_no_disease,1024,1,-1.0271849632263184
303,413,50,countergan_sparse_diverse_no_dp,Non-DP CounterGAN,disease_to_no_disease,1024,3,-0.2873983085155487
303,414,109,uniform_random,Baseline,no_disease_to_disease,1024,8,0.4670006334781647
303,415,126,proposed_dp_eps16_sparse_diverse,DP-CounterGAN eps=16,no_disease_to_disease,1024,10,0.2332053035497665
303,416,128,proposed_dp_eps2_sparse_diverse,DP-CounterGAN eps=2,no_disease_to_disease,1024,10,0.306113451719284
303,417,123,proposed_dp_eps4_sparse_diverse,DP-CounterGAN eps=4,no_disease_to_disease,1024,4,0.140410378575325
303,418,159,proposed_dp_eps8_sparse_diverse,DP-CounterGAN eps=8,no_disease_to_disease,1024,6,0.1275010854005813
303,419,121,countergan_sparse_diverse_no_dp,Non-DP CounterGAN,no_disease_to_disease,1024,4,0.3331542909145355
303,420,97,genetic_cfe,Baseline,disease_to_no_disease,1024,2,-0.1006684601306915
303,421,30,proposed_dp_eps16_sparse_diverse,DP-CounterGAN eps=16,disease_to_no_disease,1024,8,-0.110296607017517
303,422,22,proposed_dp_eps2_sparse_diverse,DP-CounterGAN eps=2,disease_to_no_disease,1024,2,-0.1359859108924865
303,423,96,proposed_dp_eps4_sparse_diverse,DP-CounterGAN eps=4,disease_to_no_disease,1024,9,-0.3673496544361114
303,424,13,proposed_dp_eps8_sparse_diverse,DP-CounterGAN eps=8,disease_to_no_disease,1024,10,-0.2029346525669098
303,425,0,countergan_sparse_diverse_no_dp,Non-DP CounterGAN,disease_to_no_disease,1024,7,-0.9338874816894532
303,426,138,genetic_cfe,Baseline,no_disease_to_disease,1024,3,0.1597091853618621
303,427,100,proposed_dp_eps16_sparse_diverse,DP-CounterGAN eps=16,no_disease_to_disease,1024,1,0.4083115756511688
303,428,161,proposed_dp_eps2_sparse_diverse,DP-CounterGAN eps=2,no_disease_to_disease,1024,3,0.1301619708538055
303,429,100,proposed_dp_eps4_sparse_diverse,DP-CounterGAN eps=4,no_disease_to_disease,1024,2,0.1898851990699768
303,430,125,proposed_dp_eps8_sparse_diverse,DP-CounterGAN eps=8,no_disease_to_disease,1024,5,0.5466614961624146
303,431,107,proposed_countergan,Non-DP CounterGAN,no_disease_to_disease,1024,4,0.5825698971748352
303,432,21,genetic_cfe,Baseline,disease_to_no_disease,1024,10,-0.4987063705921173
303,433,89,proposed_dp_eps16_sparse_diverse,DP-CounterGAN eps=16,disease_to_no_disease,1024,3,-0.1499606668949127
303,434,62,proposed_dp_eps2_sparse_diverse,DP-CounterGAN eps=2,disease_to_no_disease,1024,10,-1.016285061836243
303,435,83,proposed_dp_eps4_sparse_diverse,DP-CounterGAN eps=4,disease_to_no_disease,1024,7,-0.5774619579315186
303,436,47,proposed_dp_eps8_sparse_diverse,DP-CounterGAN eps=8,disease_to_no_disease,1024,10,-0.3550181090831756
303,437,57,proposed_countergan,Non-DP CounterGAN,disease_to_no_disease,1024,10,-1.0034598112106323
303,438,133,uniform_random,Baseline,no_disease_to_disease,1024,1,0.1536578983068466
303,439,107,proposed_dp_eps16_sparse_diverse,DP-CounterGAN eps=16,no_disease_to_disease,1024,7,0.2272676825523376
303,440,123,proposed_dp_eps2_sparse_diverse,DP-CounterGAN eps=2,no_disease_to_disease,1024,1,0.24880251288414
303,441,149,proposed_dp_eps4_sparse_diverse,DP-CounterGAN eps=4,no_disease_to_disease,1024,10,0.2078809887170791
303,442,107,proposed_dp_eps8_sparse_diverse,DP-CounterGAN eps=8,no_disease_to_disease,1024,1,0.2217537611722946
303,443,122,countergan_sparse_diverse_no_dp,Non-DP CounterGAN,no_disease_to_disease,1024,1,0.21096733212471
303,444,45,wachter_style,Baseline,disease_to_no_disease,1024,1,-0.4127422273159027
303,445,95,proposed_dp_eps16_sparse_diverse,DP-CounterGAN eps=16,disease_to_no_disease,1024,7,-0.2914404571056366
303,446,36,proposed_dp_eps2_sparse_diverse,DP-CounterGAN eps=2,disease_to_no_disease,1024,3,-0.1386794149875641
303,447,25,proposed_dp_eps4_sparse_diverse,DP-CounterGAN eps=4,disease_to_no_disease,1024,7,-0.1223057508468627
303,448,97,proposed_dp_eps8_sparse_diverse,DP-CounterGAN eps=8,disease_to_no_disease,1024,1,-0.2379813492298126
303,449,18,countergan_sparse_diverse_no_dp,Non-DP CounterGAN,disease_to_no_disease,1024,2,-0.3167040050029754
303,450,157,wachter_style,Baseline,no_disease_to_disease,1024,1,0.2700220346450805
303,451,115,proposed_dp_eps16_sparse_diverse,DP-CounterGAN eps=16,no_disease_to_disease,1024,5,0.1621948778629303
303,452,146,proposed_dp_eps2_sparse_diverse,DP-CounterGAN eps=2,no_disease_to_disease,1024,6,0.302623301744461
303,453,118,proposed_dp_eps4_sparse_diverse,DP-CounterGAN eps=4,no_disease_to_disease,1024,3,0.2067671120166778
303,454,130,proposed_dp_eps8_sparse_diverse,DP-CounterGAN eps=8,no_disease_to_disease,1024,2,0.2998273372650146
303,455,118,countergan_sparse_diverse_no_dp,Non-DP CounterGAN,no_disease_to_disease,1024,1,0.1155056655406951
303,456,97,uniform_random,Baseline,disease_to_no_disease,1024,8,-0.290994256734848
303,457,51,proposed_dp_eps16_sparse_diverse,DP-CounterGAN eps=16,disease_to_no_disease,1024,5,-0.2371946275234222
303,458,73,proposed_dp_eps2_sparse_diverse,DP-CounterGAN eps=2,disease_to_no_disease,1024,8,-0.4347990453243255
303,459,6,proposed_dp_eps4_sparse_diverse,DP-CounterGAN eps=4,disease_to_no_disease,1024,2,-0.1375392377376556
303,460,54,proposed_dp_eps8_sparse_diverse,DP-CounterGAN eps=8,disease_to_no_disease,1024,8,-0.8976643085479736
303,461,7,countergan_sparse_diverse_no_dp,Non-DP CounterGAN,disease_to_no_disease,1024,2,-0.1224870383739471
303,462,125,genetic_cfe,Baseline,no_disease_to_disease,1024,4,0.2529063522815704
303,463,106,proposed_dp_eps16_sparse_diverse,DP-CounterGAN eps=16,no_disease_to_disease,1024,9,0.1793554127216339
303,464,127,proposed_dp_eps2_sparse_diverse,DP-CounterGAN eps=2,no_disease_to_disease,1024,5,0.1495839357376098
303,465,124,proposed_dp_eps4_sparse_diverse,DP-CounterGAN eps=4,no_disease_to_disease,1024,6,0.1544682830572128
303,466,132,proposed_dp_eps8_sparse_diverse,DP-CounterGAN eps=8,no_disease_to_disease,1024,3,0.2763301432132721
303,467,101,countergan_sparse_diverse_no_dp,Non-DP CounterGAN,no_disease_to_disease,1024,7,0.2894635796546936
303,468,51,dice_gradient_style,Baseline,disease_to_no_disease,1024,4,-1.2804796695709229
303,469,59,proposed_dp_eps16_sparse_diverse,DP-CounterGAN eps=16,disease_to_no_disease,1024,4,-1.4944097995758057
303,470,62,proposed_dp_eps2_sparse_diverse,DP-CounterGAN eps=2,disease_to_no_disease,1024,4,-0.3690446317195892
303,471,83,proposed_dp_eps4_sparse_diverse,DP-CounterGAN eps=4,disease_to_no_disease,1024,1,-0.1298888921737671
303,472,68,proposed_dp_eps8_sparse_diverse,DP-CounterGAN eps=8,disease_to_no_disease,1024,3,-0.4202294051647186
303,473,57,proposed_countergan,Non-DP CounterGAN,disease_to_no_disease,1024,8,-0.741674542427063
303,474,130,uniform_random,Baseline,no_disease_to_disease,1024,8,0.4244062304496765
303,475,198,proposed_dp_eps16_sparse_diverse,DP-CounterGAN eps=16,no_disease_to_disease,1024,1,0.1629887372255325
303,476,172,proposed_dp_eps2_sparse_diverse,DP-CounterGAN eps=2,no_disease_to_disease,1024,6,0.1968317627906799
303,477,148,proposed_dp_eps4_sparse_diverse,DP-CounterGAN eps=4,no_disease_to_disease,1024,8,0.4003355801105499
303,478,146,proposed_dp_eps8_sparse_diverse,DP-CounterGAN eps=8,no_disease_to_disease,1024,1,0.1609611511230468
303,479,128,proposed_countergan,Non-DP CounterGAN,no_disease_to_disease,1024,7,0.4236683249473572
303,480,21,dice_gradient_style,Baseline,disease_to_no_disease,1024,2,-1.967616319656372
303,481,28,proposed_dp_eps16_sparse_diverse,DP-CounterGAN eps=16,disease_to_no_disease,1024,1,-0.3622641861438751
303,482,31,proposed_dp_eps2_sparse_diverse,DP-CounterGAN eps=2,disease_to_no_disease,1024,3,-0.1352376639842987
303,483,40,proposed_dp_eps4_sparse_diverse,DP-CounterGAN eps=4,disease_to_no_disease,1024,4,-0.1618163585662841
303,484,83,proposed_dp_eps8_sparse_diverse,DP-CounterGAN eps=8,disease_to_no_disease,1024,3,-0.2218335568904876
303,485,23,proposed_countergan,Non-DP CounterGAN,disease_to_no_disease,1024,8,-1.5459622144699097
303,486,118,genetic_cfe,Baseline,no_disease_to_disease,1024,1,0.114855870604515
303,487,118,proposed_dp_eps16_sparse_diverse,DP-CounterGAN eps=16,no_disease_to_disease,1024,3,0.2067671120166778
303,488,143,proposed_dp_eps2_sparse_diverse,DP-CounterGAN eps=2,no_disease_to_disease,1024,2,0.2726720571517944
303,489,136,proposed_dp_eps4_sparse_diverse,DP-CounterGAN eps=4,no_disease_to_disease,1024,5,0.3197970390319824
303,490,171,proposed_dp_eps8_sparse_diverse,DP-CounterGAN eps=8,no_disease_to_disease,1024,1,0.1096732318401336
303,491,124,countergan_one_shot,Non-DP CounterGAN,no_disease_to_disease,1024,2,1.154218673706055
303,492,4,genetic_cfe,Baseline,disease_to_no_disease,1024,6,-0.1690253317356109
303,493,51,proposed_dp_eps16_sparse_diverse,DP-CounterGAN eps=16,disease_to_no_disease,1024,3,-0.5625953674316406
303,494,55,proposed_dp_eps2_sparse_diverse,DP-CounterGAN eps=2,disease_to_no_disease,1024,5,-0.408205896615982
303,495,19,proposed_dp_eps4_sparse_diverse,DP-CounterGAN eps=4,disease_to_no_disease,1024,8,-0.3068781793117523
303,496,88,proposed_dp_eps8_sparse_diverse,DP-CounterGAN eps=8,disease_to_no_disease,1024,10,-0.3309225440025329
303,497,68,proposed_countergan,Non-DP CounterGAN,disease_to_no_disease,1024,9,-0.3916646540164947
303,498,126,genetic_cfe,Baseline,no_disease_to_disease,1024,10,0.136123314499855
303,499,107,proposed_dp_eps16_sparse_diverse,DP-CounterGAN eps=16,no_disease_to_disease,1024,8,0.3036122024059295
303,500,131,proposed_dp_eps2_sparse_diverse,DP-CounterGAN eps=2,no_disease_to_disease,1024,3,0.10562264919281
303,501,101,proposed_dp_eps4_sparse_diverse,DP-CounterGAN eps=4,no_disease_to_disease,1024,5,0.293239951133728
303,502,134,proposed_dp_eps8_sparse_diverse,DP-CounterGAN eps=8,no_disease_to_disease,1024,3,0.1498346328735351
303,503,119,proposed_countergan,Non-DP CounterGAN,no_disease_to_disease,1024,2,0.2287797480821609
303,504,97,uniform_random,Baseline,disease_to_no_disease,1024,1,-0.1841180622577667
303,505,38,proposed_dp_eps16_sparse_diverse,DP-CounterGAN eps=16,disease_to_no_disease,1024,1,-0.1081212311983108
303,506,92,proposed_dp_eps2_sparse_diverse,DP-CounterGAN eps=2,disease_to_no_disease,1024,1,-0.1484862267971038
303,507,74,proposed_dp_eps4_sparse_diverse,DP-CounterGAN eps=4,disease_to_no_disease,1024,2,-0.2152434885501861
303,508,92,proposed_dp_eps8_sparse_diverse,DP-CounterGAN eps=8,disease_to_no_disease,1024,8,-0.2469159662723541
303,509,10,proposed_countergan,Non-DP CounterGAN,disease_to_no_disease,1024,2,-1.8128472566604612
303,510,118,uniform_random,Baseline,no_disease_to_disease,1024,2,0.1155963242053985
303,511,110,proposed_dp_eps16_sparse_diverse,DP-CounterGAN eps=16,no_disease_to_disease,1024,9,0.1053289026021957
303,512,100,proposed_dp_eps2_sparse_diverse,DP-CounterGAN eps=2,no_disease_to_disease,1024,2,0.1898851990699768
303,513,156,proposed_dp_eps4_sparse_diverse,DP-CounterGAN eps=4,no_disease_to_disease,1024,10,0.511054277420044
303,514,130,proposed_dp_eps8_sparse_diverse,DP-CounterGAN eps=8,no_disease_to_disease,1024,6,0.117509439587593
303,515,162,countergan_one_shot,Non-DP CounterGAN,no_disease_to_disease,1024,2,0.4754132926464081
303,516,20,uniform_random,Baseline,disease_to_no_disease,1024,1,-0.2642834782600403
303,517,33,proposed_dp_eps16_sparse_diverse,DP-CounterGAN eps=16,disease_to_no_disease,1024,10,-1.1918201446533203
303,518,69,proposed_dp_eps2_sparse_diverse,DP-CounterGAN eps=2,disease_to_no_disease,1024,7,-0.2868265211582184
303,519,98,proposed_dp_eps4_sparse_diverse,DP-CounterGAN eps=4,disease_to_no_disease,1024,1,-0.1200700104236602
303,520,62,proposed_dp_eps8_sparse_diverse,DP-CounterGAN eps=8,disease_to_no_disease,1024,7,-0.8999794721603394
303,521,31,proposed_countergan,Non-DP CounterGAN,disease_to_no_disease,1024,9,-3.6650333404541016
303,522,108,uniform_random,Baseline,no_disease_to_disease,1024,10,0.2087301313877105
303,523,104,proposed_dp_eps16_sparse_diverse,DP-CounterGAN eps=16,no_disease_to_disease,1024,4,1.0998226404190063
303,524,112,proposed_dp_eps2_sparse_diverse,DP-CounterGAN eps=2,no_disease_to_disease,1024,4,0.1986539363861084
303,525,119,proposed_dp_eps4_sparse_diverse,DP-CounterGAN eps=4,no_disease_to_disease,1024,6,0.1073323711752891
303,526,162,proposed_dp_eps8_sparse_diverse,DP-CounterGAN eps=8,no_disease_to_disease,1024,4,0.10146364569664
303,527,138,proposed_countergan,Non-DP CounterGAN,no_disease_to_disease,1024,5,0.3782764971256256
303,528,53,dice_gradient_style,Baseline,disease_to_no_disease,1024,1,-0.2134930491447448
303,529,6,proposed_dp_eps16_sparse_diverse,DP-CounterGAN eps=16,disease_to_no_disease,1024,7,-0.801520824432373
303,530,67,proposed_dp_eps2_sparse_diverse,DP-CounterGAN eps=2,disease_to_no_disease,1024,1,-0.1052321940660476
303,531,93,proposed_dp_eps4_sparse_diverse,DP-CounterGAN eps=4,disease_to_no_disease,1024,5,-0.1089424788951873
303,532,49,proposed_dp_eps8_sparse_diverse,DP-CounterGAN eps=8,disease_to_no_disease,1024,10,-0.5269044637680054
303,533,92,countergan_one_shot,Non-DP CounterGAN,disease_to_no_disease,1024,1,-0.8959407806396484
303,534,110,uniform_random,Baseline,no_disease_to_disease,1024,7,0.3326789140701294
303,535,146,proposed_dp_eps16_sparse_diverse,DP-CounterGAN eps=16,no_disease_to_disease,1024,10,0.3305259943008423
303,536,141,proposed_dp_eps2_sparse_diverse,DP-CounterGAN eps=2,no_disease_to_disease,1024,1,0.3790650367736816
303,537,123,proposed_dp_eps4_sparse_diverse,DP-CounterGAN eps=4,no_disease_to_disease,1024,2,0.1074494644999504
303,538,161,proposed_dp_eps8_sparse_diverse,DP-CounterGAN eps=8,no_disease_to_disease,1024,2,0.1073092818260192
303,539,142,proposed_countergan,Non-DP CounterGAN,no_disease_to_disease,1024,8,0.7707637548446655
303,540,24,uniform_random,Baseline,disease_to_no_disease,1024,7,-0.2228786647319793
303,541,58,proposed_dp_eps16_sparse_diverse,DP-CounterGAN eps=16,disease_to_no_disease,1024,10,-1.1404824256896973
303,542,5,proposed_dp_eps2_sparse_diverse,DP-CounterGAN eps=2,disease_to_no_disease,1024,10,-0.3299413025379181
303,543,95,proposed_dp_eps4_sparse_diverse,DP-CounterGAN eps=4,disease_to_no_disease,1024,8,-0.666191816329956
303,544,99,proposed_dp_eps8_sparse_diverse,DP-CounterGAN eps=8,disease_to_no_disease,1024,2,-1.0980815887451172
303,545,98,proposed_countergan,Non-DP CounterGAN,disease_to_no_disease,1024,8,-0.1049686074256897
303,546,152,dice_gradient_style,Baseline,no_disease_to_disease,1024,1,0.3278646767139435
303,547,106,proposed_dp_eps16_sparse_diverse,DP-CounterGAN eps=16,no_disease_to_disease,1024,1,0.2891984283924103
303,548,149,proposed_dp_eps2_sparse_diverse,DP-CounterGAN eps=2,no_disease_to_disease,1024,6,0.7438428401947021
303,549,106,proposed_dp_eps4_sparse_diverse,DP-CounterGAN eps=4,no_disease_to_disease,1024,8,0.2534304857254028
303,550,134,proposed_dp_eps8_sparse_diverse,DP-CounterGAN eps=8,no_disease_to_disease,1024,1,0.1323406994342804
303,551,119,countergan_sparse_diverse_no_dp,Non-DP CounterGAN,no_disease_to_disease,1024,7,0.3243132531642914
303,552,40,dice_gradient_style,Baseline,disease_to_no_disease,1024,1,-0.1759954988956451
303,553,79,proposed_dp_eps16_sparse_diverse,DP-CounterGAN eps=16,disease_to_no_disease,1024,1,-0.1310653090476989
303,554,63,proposed_dp_eps2_sparse_diverse,DP-CounterGAN eps=2,disease_to_no_disease,1024,1,-0.3637609779834747
303,555,46,proposed_dp_eps4_sparse_diverse,DP-CounterGAN eps=4,disease_to_no_disease,1024,4,-0.948843002319336
303,556,2,proposed_dp_eps8_sparse_diverse,DP-CounterGAN eps=8,disease_to_no_disease,1024,2,-0.8024636507034302
303,557,7,proposed_countergan,Non-DP CounterGAN,disease_to_no_disease,1024,9,-1.8332748413085935
303,558,126,uniform_random,Baseline,no_disease_to_disease,1024,1,0.1848001480102539
303,559,107,proposed_dp_eps16_sparse_diverse,DP-CounterGAN eps=16,no_disease_to_disease,1024,3,0.1702609658241272
303,560,102,proposed_dp_eps2_sparse_diverse,DP-CounterGAN eps=2,no_disease_to_disease,1024,3,0.1974449455738067
303,561,107,proposed_dp_eps4_sparse_diverse,DP-CounterGAN eps=4,no_disease_to_disease,1024,8,0.3177377879619598
303,562,170,proposed_dp_eps8_sparse_diverse,DP-CounterGAN eps=8,no_disease_to_disease,1024,7,0.1851229071617126
303,563,104,countergan_sparse_diverse_no_dp,Non-DP CounterGAN,no_disease_to_disease,1024,8,0.1650175899267196
303,564,97,uniform_random,Baseline,disease_to_no_disease,1024,7,-0.1004951894283294
303,565,53,proposed_dp_eps16_sparse_diverse,DP-CounterGAN eps=16,disease_to_no_disease,1024,7,-0.2488875687122345
303,566,51,proposed_dp_eps2_sparse_diverse,DP-CounterGAN eps=2,disease_to_no_disease,1024,3,-0.1886854469776153
303,567,96,proposed_dp_eps4_sparse_diverse,DP-CounterGAN eps=4,disease_to_no_disease,1024,5,-0.2057113945484161
303,568,69,proposed_dp_eps8_sparse_diverse,DP-CounterGAN eps=8,disease_to_no_disease,1024,7,-0.6387521028518677
303,569,85,countergan_sparse_diverse_no_dp,Non-DP CounterGAN,disease_to_no_disease,1024,3,-0.1295945942401886
303,570,108,uniform_random,Baseline,no_disease_to_disease,1024,8,0.2329740971326828
303,571,115,proposed_dp_eps16_sparse_diverse,DP-CounterGAN eps=16,no_disease_to_disease,1024,6,0.5989958643913269
303,572,102,proposed_dp_eps2_sparse_diverse,DP-CounterGAN eps=2,no_disease_to_disease,1024,7,0.1050451397895813
303,573,132,proposed_dp_eps4_sparse_diverse,DP-CounterGAN eps=4,no_disease_to_disease,1024,1,0.1287592947483062
303,574,104,proposed_dp_eps8_sparse_diverse,DP-CounterGAN eps=8,no_disease_to_disease,1024,1,0.1373933106660843
303,575,172,countergan_sparse_diverse_no_dp,Non-DP CounterGAN,no_disease_to_disease,1024,3,0.1968317627906799
303,576,33,uniform_random,Baseline,disease_to_no_disease,1024,4,-0.2632476985454559
303,577,65,proposed_dp_eps16_sparse_diverse,DP-CounterGAN eps=16,disease_to_no_disease,1024,4,-0.6722402572631836
303,578,40,proposed_dp_eps2_sparse_diverse,DP-CounterGAN eps=2,disease_to_no_disease,1024,1,-0.1773788034915924
303,579,6,proposed_dp_eps4_sparse_diverse,DP-CounterGAN eps=4,disease_to_no_disease,1024,10,-0.1625016331672668
303,580,36,proposed_dp_eps8_sparse_diverse,DP-CounterGAN eps=8,disease_to_no_disease,1024,9,-0.3035079836845398
303,581,38,countergan_sparse_diverse_no_dp,Non-DP CounterGAN,disease_to_no_disease,1024,5,-0.4265550673007965
303,582,138,dice_gradient_style,Baseline,no_disease_to_disease,1024,2,0.2867882251739502
303,583,104,proposed_dp_eps16_sparse_diverse,DP-CounterGAN eps=16,no_disease_to_disease,1024,7,0.1007549166679382
303,584,102,proposed_dp_eps2_sparse_diverse,DP-CounterGAN eps=2,no_disease_to_disease,1024,9,0.8559838533401489
303,585,156,proposed_dp_eps4_sparse_diverse,DP-CounterGAN eps=4,no_disease_to_disease,1024,3,0.4270531833171844
303,586,108,proposed_dp_eps8_sparse_diverse,DP-CounterGAN eps=8,no_disease_to_disease,1024,4,0.4083603322505951
303,587,126,countergan_sparse_diverse_no_dp,Non-DP CounterGAN,no_disease_to_disease,1024,5,0.2031493484973907
303,588,59,uniform_random,Baseline,disease_to_no_disease,1024,4,-0.331598550081253
303,589,5,proposed_dp_eps16_sparse_diverse,DP-CounterGAN eps=16,disease_to_no_disease,1024,3,-0.8083227872848511
303,590,45,proposed_dp_eps2_sparse_diverse,DP-CounterGAN eps=2,disease_to_no_disease,1024,7,-0.2461731135845184
303,591,55,proposed_dp_eps4_sparse_diverse,DP-CounterGAN eps=4,disease_to_no_disease,1024,1,-0.182546317577362
303,592,54,proposed_dp_eps8_sparse_diverse,DP-CounterGAN eps=8,disease_to_no_disease,1024,2,-0.3871426880359649
303,593,46,proposed_countergan,Non-DP CounterGAN,disease_to_no_disease,1024,8,-1.3486955165863037
303,594,112,genetic_cfe,Baseline,no_disease_to_disease,1024,7,0.3653494417667389
303,595,112,proposed_dp_eps16_sparse_diverse,DP-CounterGAN eps=16,no_disease_to_disease,1024,9,0.2772124707698822
303,596,100,proposed_dp_eps2_sparse_diverse,DP-CounterGAN eps=2,no_disease_to_disease,1024,9,0.2054566740989685
303,597,159,proposed_dp_eps4_sparse_diverse,DP-CounterGAN eps=4,no_disease_to_disease,1024,2,0.1186808943748474
303,598,112,proposed_dp_eps8_sparse_diverse,DP-CounterGAN eps=8,no_disease_to_disease,1024,2,0.2911352813243866
303,599,103,countergan_one_shot,Non-DP CounterGAN,no_disease_to_disease,1024,3,0.8304669857025146
303,600,15,genetic_cfe,Baseline,disease_to_no_disease,1024,2,-0.1041524112224578
303,601,92,proposed_dp_eps16_sparse_diverse,DP-CounterGAN eps=16,disease_to_no_disease,1024,5,-0.2653439939022064
303,602,2,proposed_dp_eps2_sparse_diverse,DP-CounterGAN eps=2,disease_to_no_disease,1024,8,-0.1909907758235931
303,603,49,proposed_dp_eps4_sparse_diverse,DP-CounterGAN eps=4,disease_to_no_disease,1024,3,-0.1176860928535461
303,604,45,proposed_dp_eps8_sparse_diverse,DP-CounterGAN eps=8,disease_to_no_disease,1024,5,-0.3263659179210663
303,605,67,proposed_countergan,Non-DP CounterGAN,disease_to_no_disease,1024,4,-0.1191174089908599
303,606,109,genetic_cfe,Baseline,no_disease_to_disease,1024,6,0.4471252262592315
303,607,114,proposed_dp_eps16_sparse_diverse,DP-CounterGAN eps=16,no_disease_to_disease,1024,2,0.6061650514602661
303,608,128,proposed_dp_eps2_sparse_diverse,DP-CounterGAN eps=2,no_disease_to_disease,1024,2,0.1728665232658386
303,609,155,proposed_dp_eps4_sparse_diverse,DP-CounterGAN eps=4,no_disease_to_disease,1024,6,0.3279174268245697
303,610,132,proposed_dp_eps8_sparse_diverse,DP-CounterGAN eps=8,no_disease_to_disease,1024,1,0.1410488784313202
303,611,144,countergan_one_shot,Non-DP CounterGAN,no_disease_to_disease,1024,2,0.762975811958313
303,612,74,wachter_style,Baseline,disease_to_no_disease,1024,2,-0.352851539850235
303,613,47,proposed_dp_eps16_sparse_diverse,DP-CounterGAN eps=16,disease_to_no_disease,1024,7,-0.1295090615749359
303,614,79,proposed_dp_eps2_sparse_diverse,DP-CounterGAN eps=2,disease_to_no_disease,1024,2,-0.1266278624534607
303,615,90,proposed_dp_eps4_sparse_diverse,DP-CounterGAN eps=4,disease_to_no_disease,1024,1,-0.1120855212211608
303,616,32,proposed_dp_eps8_sparse_diverse,DP-CounterGAN eps=8,disease_to_no_disease,1024,1,-0.209717184305191
303,617,50,proposed_countergan,Non-DP CounterGAN,disease_to_no_disease,1024,2,-0.4108097851276397
303,618,126,genetic_cfe,Baseline,no_disease_to_disease,1024,3,0.1829095482826233
303,619,121,proposed_dp_eps16_sparse_diverse,DP-CounterGAN eps=16,no_disease_to_disease,1024,4,0.1779132783412933
303,620,133,proposed_dp_eps2_sparse_diverse,DP-CounterGAN eps=2,no_disease_to_disease,1024,4,0.123360276222229
303,621,150,proposed_dp_eps4_sparse_diverse,DP-CounterGAN eps=4,no_disease_to_disease,1024,6,1.101756930351257
303,622,116,proposed_dp_eps8_sparse_diverse,DP-CounterGAN eps=8,no_disease_to_disease,1024,3,0.4136982560157776
303,623,126,countergan_sparse_diverse_no_dp,Non-DP CounterGAN,no_disease_to_disease,1024,7,0.4027391672134399
303,624,4,uniform_random,Baseline,disease_to_no_disease,1024,10,-0.1986335515975952
303,625,56,proposed_dp_eps16_sparse_diverse,DP-CounterGAN eps=16,disease_to_no_disease,1024,7,-0.2239499986171722
303,626,37,proposed_dp_eps2_sparse_diverse,DP-CounterGAN eps=2,disease_to_no_disease,1024,9,-0.1223568618297576
303,627,73,proposed_dp_eps4_sparse_diverse,DP-CounterGAN eps=4,disease_to_no_disease,1024,2,-0.1063997149467468
303,628,76,proposed_dp_eps8_sparse_diverse,DP-CounterGAN eps=8,disease_to_no_disease,1024,1,-0.1549305617809295
303,629,11,countergan_one_shot,Non-DP CounterGAN,disease_to_no_disease,1024,1,-0.9803915023803712
303,630,140,genetic_cfe,Baseline,no_disease_to_disease,1024,2,0.1640195548534393
303,631,106,proposed_dp_eps16_sparse_diverse,DP-CounterGAN eps=16,no_disease_to_disease,1024,5,0.2441855520009994
303,632,159,proposed_dp_eps2_sparse_diverse,DP-CounterGAN eps=2,no_disease_to_disease,1024,8,0.1275010854005813
303,633,103,proposed_dp_eps4_sparse_diverse,DP-CounterGAN eps=4,no_disease_to_disease,1024,10,0.162655308842659
303,634,104,proposed_dp_eps8_sparse_diverse,DP-CounterGAN eps=8,no_disease_to_disease,1024,8,0.1180670708417892
303,635,116,countergan_sparse_diverse_no_dp,Non-DP CounterGAN,no_disease_to_disease,1024,7,0.4625861346721649
303,636,13,dice_gradient_style,Baseline,disease_to_no_disease,1024,1,-0.5684219598770142
303,637,98,proposed_dp_eps16_sparse_diverse,DP-CounterGAN eps=16,disease_to_no_disease,1024,9,-0.1429215371608734
303,638,24,proposed_dp_eps2_sparse_diverse,DP-CounterGAN eps=2,disease_to_no_disease,1024,4,-0.1065537631511688
303,639,52,proposed_dp_eps4_sparse_diverse,DP-CounterGAN eps=4,disease_to_no_disease,1024,2,-0.2860268354415893
303,640,27,proposed_dp_eps8_sparse_diverse,DP-CounterGAN eps=8,disease_to_no_disease,1024,8,-0.1858206689357757
303,641,47,countergan_sparse_diverse_no_dp,Non-DP CounterGAN,disease_to_no_disease,1024,10,-0.5266450643539429
303,642,110,genetic_cfe,Baseline,no_disease_to_disease,1024,6,0.2853227853775024
303,643,121,proposed_dp_eps16_sparse_diverse,DP-CounterGAN eps=16,no_disease_to_disease,1024,9,0.4735360443592071
303,644,105,proposed_dp_eps2_sparse_diverse,DP-CounterGAN eps=2,no_disease_to_disease,1024,4,0.1001642420887947
303,645,104,proposed_dp_eps4_sparse_diverse,DP-CounterGAN eps=4,no_disease_to_disease,1024,10,0.3763695359230041
303,646,137,proposed_dp_eps8_sparse_diverse,DP-CounterGAN eps=8,no_disease_to_disease,1024,4,0.1604830026626587
303,647,117,countergan_sparse_diverse_no_dp,Non-DP CounterGAN,no_disease_to_disease,1024,4,0.2065944075584411
303,648,64,wachter_style,Baseline,disease_to_no_disease,1024,2,-0.7122533321380615
303,649,46,proposed_dp_eps16_sparse_diverse,DP-CounterGAN eps=16,disease_to_no_disease,1024,10,-0.6629412174224854
303,650,51,proposed_dp_eps2_sparse_diverse,DP-CounterGAN eps=2,disease_to_no_disease,1024,10,-0.2730700671672821
303,651,10,proposed_dp_eps4_sparse_diverse,DP-CounterGAN eps=4,disease_to_no_disease,1024,8,-0.5906472206115723
303,652,82,proposed_dp_eps8_sparse_diverse,DP-CounterGAN eps=8,disease_to_no_disease,1024,2,-0.2289786338806152
303,653,60,proposed_countergan,Non-DP CounterGAN,disease_to_no_disease,1024,3,-0.2018229067325592
303,654,111,uniform_random,Baseline,no_disease_to_disease,1024,6,0.2585856318473816
303,655,108,proposed_dp_eps16_sparse_diverse,DP-CounterGAN eps=16,no_disease_to_disease,1024,9,0.1029276847839355
303,656,149,proposed_dp_eps2_sparse_diverse,DP-CounterGAN eps=2,no_disease_to_disease,1024,10,0.2078809887170791
303,657,170,proposed_dp_eps4_sparse_diverse,DP-CounterGAN eps=4,no_disease_to_disease,1024,2,0.2983478307723999
303,658,121,proposed_dp_eps8_sparse_diverse,DP-CounterGAN eps=8,no_disease_to_disease,1024,5,0.3331542909145355
303,659,157,proposed_countergan,Non-DP CounterGAN,no_disease_to_disease,1024,10,0.3775366544723511
303,660,23,genetic_cfe,Baseline,disease_to_no_disease,1024,2,-0.4138207733631134
303,661,73,proposed_dp_eps16_sparse_diverse,DP-CounterGAN eps=16,disease_to_no_disease,1024,3,-0.1612160205841064
303,662,89,proposed_dp_eps2_sparse_diverse,DP-CounterGAN eps=2,disease_to_no_disease,1024,9,-0.2054088413715362
303,663,68,proposed_dp_eps4_sparse_diverse,DP-CounterGAN eps=4,disease_to_no_disease,1024,4,-0.1177299916744232
303,664,10,proposed_dp_eps8_sparse_diverse,DP-CounterGAN eps=8,disease_to_no_disease,1024,1,-1.1475753784179688
303,665,18,proposed_countergan,Non-DP CounterGAN,disease_to_no_disease,1024,10,-1.519059419631958
303,666,117,genetic_cfe,Baseline,no_disease_to_disease,1024,8,0.1024169772863388
303,667,117,proposed_dp_eps16_sparse_diverse,DP-CounterGAN eps=16,no_disease_to_disease,1024,9,0.1597062200307846
303,668,124,proposed_dp_eps2_sparse_diverse,DP-CounterGAN eps=2,no_disease_to_disease,1024,10,0.5200429558753967
303,669,115,proposed_dp_eps4_sparse_diverse,DP-CounterGAN eps=4,no_disease_to_disease,1024,5,0.1621948778629303
303,670,161,proposed_dp_eps8_sparse_diverse,DP-CounterGAN eps=8,no_disease_to_disease,1024,7,0.5661793947219849
303,671,126,countergan_one_shot,Non-DP CounterGAN,no_disease_to_disease,1024,1,0.8772982358932495
303,672,29,genetic_cfe,Baseline,disease_to_no_disease,1024,2,-0.338833749294281
303,673,92,proposed_dp_eps16_sparse_diverse,DP-CounterGAN eps=16,disease_to_no_disease,1024,8,-0.2083441317081451
303,674,44,proposed_dp_eps2_sparse_diverse,DP-CounterGAN eps=2,disease_to_no_disease,1024,1,-0.1116511225700378
303,675,16,proposed_dp_eps4_sparse_diverse,DP-CounterGAN eps=4,disease_to_no_disease,1024,3,-0.5185420513153076
303,676,95,proposed_dp_eps8_sparse_diverse,DP-CounterGAN eps=8,disease_to_no_disease,1024,7,-0.5205693244934082
303,677,1,proposed_countergan,Non-DP CounterGAN,disease_to_no_disease,1024,10,-0.7640819549560547
303,678,132,genetic_cfe,Baseline,no_disease_to_disease,1024,7,0.3358575105667114
303,679,130,proposed_dp_eps16_sparse_diverse,DP-CounterGAN eps=16,no_disease_to_disease,1024,7,0.1487385481595993
303,680,164,proposed_dp_eps2_sparse_diverse,DP-CounterGAN eps=2,no_disease_to_disease,1024,3,0.2534432411193847
303,681,141,proposed_dp_eps4_sparse_diverse,DP-CounterGAN eps=4,no_disease_to_disease,1024,1,0.3790650367736816
303,682,136,proposed_dp_eps8_sparse_diverse,DP-CounterGAN eps=8,no_disease_to_disease,1024,1,0.3440198302268982
303,683,156,proposed_countergan,Non-DP CounterGAN,no_disease_to_disease,1024,2,0.5573699474334717
303,684,48,uniform_random,Baseline,disease_to_no_disease,1024,3,-0.1517533659934997
303,685,15,proposed_dp_eps16_sparse_diverse,DP-CounterGAN eps=16,disease_to_no_disease,1024,10,-0.4715794622898102
303,686,17,proposed_dp_eps2_sparse_diverse,DP-CounterGAN eps=2,disease_to_no_disease,1024,4,-0.3667084872722626
303,687,46,proposed_dp_eps4_sparse_diverse,DP-CounterGAN eps=4,disease_to_no_disease,1024,3,-0.8071269989013672
303,688,83,proposed_dp_eps8_sparse_diverse,DP-CounterGAN eps=8,disease_to_no_disease,1024,10,-0.3913955390453338
303,689,17,proposed_countergan,Non-DP CounterGAN,disease_to_no_disease,1024,2,-1.0322929620742798
303,690,119,genetic_cfe,Baseline,no_disease_to_disease,1024,5,0.3596698343753814
303,691,116,proposed_dp_eps16_sparse_diverse,DP-CounterGAN eps=16,no_disease_to_disease,1024,7,0.5982460975646973
303,692,131,proposed_dp_eps2_sparse_diverse,DP-CounterGAN eps=2,no_disease_to_disease,1024,10,0.2101138532161712
303,693,127,proposed_dp_eps4_sparse_diverse,DP-CounterGAN eps=4,no_disease_to_disease,1024,1,0.171018436551094
303,694,145,proposed_dp_eps8_sparse_diverse,DP-CounterGAN eps=8,no_disease_to_disease,1024,2,0.337119996547699
303,695,104,countergan_one_shot,Non-DP CounterGAN,no_disease_to_disease,1024,8,1.578982710838318
303,696,87,uniform_random,Baseline,disease_to_no_disease,1024,8,-0.3975390493869781
303,697,29,proposed_dp_eps16_sparse_diverse,DP-CounterGAN eps=16,disease_to_no_disease,1024,3,-0.2573163211345672
303,698,11,proposed_dp_eps2_sparse_diverse,DP-CounterGAN eps=2,disease_to_no_disease,1024,10,-0.3384561836719513
303,699,86,proposed_dp_eps4_sparse_diverse,DP-CounterGAN eps=4,disease_to_no_disease,1024,3,-0.1140810549259185
303,700,17,proposed_dp_eps8_sparse_diverse,DP-CounterGAN eps=8,disease_to_no_disease,1024,7,-0.2379662096500396
303,701,99,countergan_sparse_diverse_no_dp,Non-DP CounterGAN,disease_to_no_disease,1024,5,-0.206137865781784
303,702,101,uniform_random,Baseline,no_disease_to_disease,1024,5,0.1773757040500641
303,703,146,proposed_dp_eps16_sparse_diverse,DP-CounterGAN eps=16,no_disease_to_disease,1024,3,0.2925707995891571
303,704,130,proposed_dp_eps2_sparse_diverse,DP-CounterGAN eps=2,no_disease_to_disease,1024,2,0.1894343197345733
303,705,177,proposed_dp_eps4_sparse_diverse,DP-CounterGAN eps=4,no_disease_to_disease,1024,1,0.1367021650075912
303,706,119,proposed_dp_eps8_sparse_diverse,DP-CounterGAN eps=8,no_disease_to_disease,1024,5,0.1047635972499847
303,707,102,countergan_one_shot,Non-DP CounterGAN,no_disease_to_disease,1024,4,1.2138854265213013
303,708,61,dice_gradient_style,Baseline,disease_to_no_disease,1024,3,-2.240121841430664
303,709,57,proposed_dp_eps16_sparse_diverse,DP-CounterGAN eps=16,disease_to_no_disease,1024,4,-0.1562388837337494
303,710,68,proposed_dp_eps2_sparse_diverse,DP-CounterGAN eps=2,disease_to_no_disease,1024,1,-0.1757923662662506
303,711,61,proposed_dp_eps4_sparse_diverse,DP-CounterGAN eps=4,disease_to_no_disease,1024,10,-1.674273133277893
303,712,99,proposed_dp_eps8_sparse_diverse,DP-CounterGAN eps=8,disease_to_no_disease,1024,9,-1.0863299369812012
303,713,34,countergan_sparse_diverse_no_dp,Non-DP CounterGAN,disease_to_no_disease,1024,2,-0.7364662885665894
303,714,125,dice_gradient_style,Baseline,no_disease_to_disease,1024,1,0.4170834720134735
303,715,170,proposed_dp_eps16_sparse_diverse,DP-CounterGAN eps=16,no_disease_to_disease,1024,3,0.4386697709560394
303,716,103,proposed_dp_eps2_sparse_diverse,DP-CounterGAN eps=2,no_disease_to_disease,1024,10,0.2349294126033783
303,717,130,proposed_dp_eps4_sparse_diverse,DP-CounterGAN eps=4,no_disease_to_disease,1024,4,0.2184168696403503
303,718,170,proposed_dp_eps8_sparse_diverse,DP-CounterGAN eps=8,no_disease_to_disease,1024,4,0.1748118996620178
303,719,117,proposed_countergan,Non-DP CounterGAN,no_disease_to_disease,1024,4,0.3763777017593384
303,720,22,genetic_cfe,Baseline,disease_to_no_disease,1024,10,-0.5915424823760986
303,721,80,proposed_dp_eps16_sparse_diverse,DP-CounterGAN eps=16,disease_to_no_disease,1024,4,-0.4037418067455292
303,722,66,proposed_dp_eps2_sparse_diverse,DP-CounterGAN eps=2,disease_to_no_disease,1024,6,-0.2293793559074401
303,723,7,proposed_dp_eps4_sparse_diverse,DP-CounterGAN eps=4,disease_to_no_disease,1024,10,-1.2190947532653809
303,724,99,proposed_dp_eps8_sparse_diverse,DP-CounterGAN eps=8,disease_to_no_disease,1024,1,-0.3950795829296112
303,725,92,proposed_countergan,Non-DP CounterGAN,disease_to_no_disease,1024,10,-0.5079166889190674
303,726,130,uniform_random,Baseline,no_disease_to_disease,1024,2,0.1878642737865448
303,727,111,proposed_dp_eps16_sparse_diverse,DP-CounterGAN eps=16,no_disease_to_disease,1024,2,0.2976348102092743
303,728,136,proposed_dp_eps2_sparse_diverse,DP-CounterGAN eps=2,no_disease_to_disease,1024,3,0.3767499625682831
303,729,123,proposed_dp_eps4_sparse_diverse,DP-CounterGAN eps=4,no_disease_to_disease,1024,9,0.5789337158203125
303,730,159,proposed_dp_eps8_sparse_diverse,DP-CounterGAN eps=8,no_disease_to_disease,1024,10,0.1909716129302978
303,731,105,countergan_sparse_diverse_no_dp,Non-DP CounterGAN,no_disease_to_disease,1024,10,0.1158757805824279
303,732,49,dice_gradient_style,Baseline,disease_to_no_disease,1024,1,-0.1674043834209442
303,733,83,proposed_dp_eps16_sparse_diverse,DP-CounterGAN eps=16,disease_to_no_disease,1024,8,-0.3650944530963897
303,734,89,proposed_dp_eps2_sparse_diverse,DP-CounterGAN eps=2,disease_to_no_disease,1024,2,-0.1644419729709625
303,735,49,proposed_dp_eps4_sparse_diverse,DP-CounterGAN eps=4,disease_to_no_disease,1024,10,-0.1149300038814544
303,736,64,proposed_dp_eps8_sparse_diverse,DP-CounterGAN eps=8,disease_to_no_disease,1024,4,-0.415620893239975
303,737,11,countergan_sparse_diverse_no_dp,Non-DP CounterGAN,disease_to_no_disease,1024,3,-0.5257056951522827
303,738,164,genetic_cfe,Baseline,no_disease_to_disease,1024,7,0.3833796977996826
303,739,129,proposed_dp_eps16_sparse_diverse,DP-CounterGAN eps=16,no_disease_to_disease,1024,1,0.1500194221735
303,740,100,proposed_dp_eps2_sparse_diverse,DP-CounterGAN eps=2,no_disease_to_disease,1024,10,0.1102373152971267
303,741,106,proposed_dp_eps4_sparse_diverse,DP-CounterGAN eps=4,no_disease_to_disease,1024,4,0.4106016159057617
303,742,100,proposed_dp_eps8_sparse_diverse,DP-CounterGAN eps=8,no_disease_to_disease,1024,10,0.7453151941299438
303,743,101,countergan_sparse_diverse_no_dp,Non-DP CounterGAN,no_disease_to_disease,1024,5,0.1192650571465492
303,744,7,uniform_random,Baseline,disease_to_no_disease,1024,7,-0.4410753548145294
303,745,83,proposed_dp_eps16_sparse_diverse,DP-CounterGAN eps=16,disease_to_no_disease,1024,10,-0.8119045495986938
303,746,4,proposed_dp_eps2_sparse_diverse,DP-CounterGAN eps=2,disease_to_no_disease,1024,9,-1.0883803367614746
303,747,53,proposed_dp_eps4_sparse_diverse,DP-CounterGAN eps=4,disease_to_no_disease,1024,5,-0.1376374363899231
303,748,80,proposed_dp_eps8_sparse_diverse,DP-CounterGAN eps=8,disease_to_no_disease,1024,3,-0.2309171855449676
303,749,16,countergan_sparse_diverse_no_dp,Non-DP CounterGAN,disease_to_no_disease,1024,6,-0.2668316662311554
303,750,103,dice_gradient_style,Baseline,no_disease_to_disease,1024,2,0.9287532567977904
303,751,136,proposed_dp_eps16_sparse_diverse,DP-CounterGAN eps=16,no_disease_to_disease,1024,8,0.217276394367218
303,752,109,proposed_dp_eps2_sparse_diverse,DP-CounterGAN eps=2,no_disease_to_disease,1024,9,0.4596086144447326
303,753,107,proposed_dp_eps4_sparse_diverse,DP-CounterGAN eps=4,no_disease_to_disease,1024,9,0.3419921994209289
303,754,153,proposed_dp_eps8_sparse_diverse,DP-CounterGAN eps=8,no_disease_to_disease,1024,2,0.1171285212039947
303,755,112,countergan_sparse_diverse_no_dp,Non-DP CounterGAN,no_disease_to_disease,1024,8,0.2357404083013534
303,756,2,genetic_cfe,Baseline,disease_to_no_disease,1024,4,-0.1735401451587677
303,757,46,proposed_dp_eps16_sparse_diverse,DP-CounterGAN eps=16,disease_to_no_disease,1024,8,-0.2524916231632232
303,758,28,proposed_dp_eps2_sparse_diverse,DP-CounterGAN eps=2,disease_to_no_disease,1024,1,-0.3622641861438751
303,759,1,proposed_dp_eps4_sparse_diverse,DP-CounterGAN eps=4,disease_to_no_disease,1024,4,-0.1071996986865997
303,760,38,proposed_dp_eps8_sparse_diverse,DP-CounterGAN eps=8,disease_to_no_disease,1024,4,-0.2226282358169555
303,761,41,countergan_sparse_diverse_no_dp,Non-DP CounterGAN,disease_to_no_disease,1024,7,-0.3032162189483642
303,762,141,dice_gradient_style,Baseline,no_disease_to_disease,1024,1,0.4122340381145477
303,763,124,proposed_dp_eps16_sparse_diverse,DP-CounterGAN eps=16,no_disease_to_disease,1024,5,0.1544682830572128
303,764,164,proposed_dp_eps2_sparse_diverse,DP-CounterGAN eps=2,no_disease_to_disease,1024,5,0.6374009251594543
303,765,128,proposed_dp_eps4_sparse_diverse,DP-CounterGAN eps=4,no_disease_to_disease,1024,5,0.178836703300476
303,766,126,proposed_dp_eps8_sparse_diverse,DP-CounterGAN eps=8,no_disease_to_disease,1024,10,0.2261217832565307
303,767,170,countergan_sparse_diverse_no_dp,Non-DP CounterGAN,no_disease_to_disease,1024,7,0.1833838373422622
303,768,2,genetic_cfe,Baseline,disease_to_no_disease,1024,7,-0.6972328424453735
303,769,82,proposed_dp_eps16_sparse_diverse,DP-CounterGAN eps=16,disease_to_no_disease,1024,2,-0.2289786338806152
303,770,25,proposed_dp_eps2_sparse_diverse,DP-CounterGAN eps=2,disease_to_no_disease,1024,2,-0.1876704692840576
303,771,63,proposed_dp_eps4_sparse_diverse,DP-CounterGAN eps=4,disease_to_no_disease,1024,1,-0.3637609779834747
303,772,51,proposed_dp_eps8_sparse_diverse,DP-CounterGAN eps=8,disease_to_no_disease,1024,4,-0.3533166944980621
303,773,85,proposed_countergan,Non-DP CounterGAN,disease_to_no_disease,1024,7,-0.5674437284469604
303,774,130,dice_gradient_style,Baseline,no_disease_to_disease,1024,1,0.7803398370742798
303,775,100,proposed_dp_eps16_sparse_diverse,DP-CounterGAN eps=16,no_disease_to_disease,1024,2,0.1898851990699768
303,776,120,proposed_dp_eps2_sparse_diverse,DP-CounterGAN eps=2,no_disease_to_disease,1024,2,0.2175835520029068
303,777,135,proposed_dp_eps4_sparse_diverse,DP-CounterGAN eps=4,no_disease_to_disease,1024,3,0.1580318510532379
303,778,136,proposed_dp_eps8_sparse_diverse,DP-CounterGAN eps=8,no_disease_to_disease,1024,5,0.6413708925247192
303,779,106,countergan_one_shot,Non-DP CounterGAN,no_disease_to_disease,1024,4,0.6887761354446411
303,780,99,genetic_cfe,Baseline,disease_to_no_disease,1024,6,-0.4307312071323395
303,781,33,proposed_dp_eps16_sparse_diverse,DP-CounterGAN eps=16,disease_to_no_disease,1024,9,-1.359264612197876
303,782,88,proposed_dp_eps2_sparse_diverse,DP-CounterGAN eps=2,disease_to_no_disease,1024,10,-0.1833003759384155
303,783,49,proposed_dp_eps4_sparse_diverse,DP-CounterGAN eps=4,disease_to_no_disease,1024,1,-0.1168894171714782
303,784,3,proposed_dp_eps8_sparse_diverse,DP-CounterGAN eps=8,disease_to_no_disease,1024,5,-0.1483454704284668
303,785,64,countergan_sparse_diverse_no_dp,Non-DP CounterGAN,disease_to_no_disease,1024,9,-0.2097756266593933
303,786,149,genetic_cfe,Baseline,no_disease_to_disease,1024,4,0.8508269786834717
303,787,164,proposed_dp_eps16_sparse_diverse,DP-CounterGAN eps=16,no_disease_to_disease,1024,7,0.9392483234405518
303,788,148,proposed_dp_eps2_sparse_diverse,DP-CounterGAN eps=2,no_disease_to_disease,1024,8,0.1730969548225402
303,789,100,proposed_dp_eps4_sparse_diverse,DP-CounterGAN eps=4,no_disease_to_disease,1024,9,0.2254766672849655
303,790,155,proposed_dp_eps8_sparse_diverse,DP-CounterGAN eps=8,no_disease_to_disease,1024,7,0.3258507847785949
303,791,162,countergan_sparse_diverse_no_dp,Non-DP CounterGAN,no_disease_to_disease,1024,5,0.1663369536399841
303,792,20,dice_gradient_style,Baseline,disease_to_no_disease,1024,4,-0.8249095678329468
303,793,21,proposed_dp_eps16_sparse_diverse,DP-CounterGAN eps=16,disease_to_no_disease,1024,9,-0.2053600251674652
303,794,83,proposed_dp_eps2_sparse_diverse,DP-CounterGAN eps=2,disease_to_no_disease,1024,8,-0.2218335568904876
303,795,1,proposed_dp_eps4_sparse_diverse,DP-CounterGAN eps=4,disease_to_no_disease,1024,5,-0.8357412815093994
303,796,91,proposed_dp_eps8_sparse_diverse,DP-CounterGAN eps=8,disease_to_no_disease,1024,5,-0.1899623572826385
303,797,13,countergan_sparse_diverse_no_dp,Non-DP CounterGAN,disease_to_no_disease,1024,5,-0.314133733510971
303,798,161,dice_gradient_style,Baseline,no_disease_to_disease,1024,2,0.7695654630661011
303,799,114,proposed_dp_eps16_sparse_diverse,DP-CounterGAN eps=16,no_disease_to_disease,1024,5,0.1294913738965988
303,800,113,proposed_dp_eps2_sparse_diverse,DP-CounterGAN eps=2,no_disease_to_disease,1024,3,0.613065779209137
303,801,163,proposed_dp_eps4_sparse_diverse,DP-CounterGAN eps=4,no_disease_to_disease,1024,1,0.2804466485977173
303,802,122,proposed_dp_eps8_sparse_diverse,DP-CounterGAN eps=8,no_disease_to_disease,1024,8,0.1285862475633621
303,803,172,proposed_countergan,Non-DP CounterGAN,no_disease_to_disease,1024,2,0.2949496805667877
303,804,32,uniform_random,Baseline,disease_to_no_disease,1024,1,-0.2076751887798309
303,805,48,proposed_dp_eps16_sparse_diverse,DP-CounterGAN eps=16,disease_to_no_disease,1024,5,-0.3655047714710235
303,806,69,proposed_dp_eps2_sparse_diverse,DP-CounterGAN eps=2,disease_to_no_disease,1024,10,-0.4540670216083526
303,807,5,proposed_dp_eps4_sparse_diverse,DP-CounterGAN eps=4,disease_to_no_disease,1024,8,-0.5747406482696533
303,808,70,proposed_dp_eps8_sparse_diverse,DP-CounterGAN eps=8,disease_to_no_disease,1024,7,-0.6702932119369507
303,809,61,proposed_countergan,Non-DP CounterGAN,disease_to_no_disease,1024,6,-3.1958601474761963
303,810,103,uniform_random,Baseline,no_disease_to_disease,1024,10,0.2359992563724517
303,811,121,proposed_dp_eps16_sparse_diverse,DP-CounterGAN eps=16,no_disease_to_disease,1024,2,0.2317272126674652
303,812,172,proposed_dp_eps2_sparse_diverse,DP-CounterGAN eps=2,no_disease_to_disease,1024,3,0.1029439195990562
303,813,100,proposed_dp_eps4_sparse_diverse,DP-CounterGAN eps=4,no_disease_to_disease,1024,3,0.5568456649780273
303,814,104,proposed_dp_eps8_sparse_diverse,DP-CounterGAN eps=8,no_disease_to_disease,1024,5,1.0998226404190063
303,815,163,countergan_sparse_diverse_no_dp,Non-DP CounterGAN,no_disease_to_disease,1024,8,0.2942443788051605
303,816,95,uniform_random,Baseline,disease_to_no_disease,1024,1,-0.1122987866401672
303,817,8,proposed_dp_eps16_sparse_diverse,DP-CounterGAN eps=16,disease_to_no_disease,1024,8,-1.2463597059249878
303,818,82,proposed_dp_eps2_sparse_diverse,DP-CounterGAN eps=2,disease_to_no_disease,1024,9,-0.7373424768447876
303,819,85,proposed_dp_eps4_sparse_diverse,DP-CounterGAN eps=4,disease_to_no_disease,1024,10,-0.4631467163562774
303,820,2,proposed_dp_eps8_sparse_diverse,DP-CounterGAN eps=8,disease_to_no_disease,1024,5,-0.8856239318847656
303,821,70,proposed_countergan,Non-DP CounterGAN,disease_to_no_disease,1024,5,-0.5098170042037964
303,822,108,uniform_random,Baseline,no_disease_to_disease,1024,6,0.1383926272392273
303,823,121,proposed_dp_eps16_sparse_diverse,DP-CounterGAN eps=16,no_disease_to_disease,1024,5,0.11385428160429
303,824,111,proposed_dp_eps2_sparse_diverse,DP-CounterGAN eps=2,no_disease_to_disease,1024,5,0.3857178092002868
303,825,124,proposed_dp_eps4_sparse_diverse,DP-CounterGAN eps=4,no_disease_to_disease,1024,5,0.3129482269287109
303,826,141,proposed_dp_eps8_sparse_diverse,DP-CounterGAN eps=8,no_disease_to_disease,1024,7,0.4652433097362518
303,827,118,countergan_sparse_diverse_no_dp,Non-DP CounterGAN,no_disease_to_disease,1024,6,0.1461050063371658
303,828,67,wachter_style,Baseline,disease_to_no_disease,1024,3,-0.2456770241260528
303,829,57,proposed_dp_eps16_sparse_diverse,DP-CounterGAN eps=16,disease_to_no_disease,1024,6,-0.6123546361923218
303,830,85,proposed_dp_eps2_sparse_diverse,DP-CounterGAN eps=2,disease_to_no_disease,1024,7,-0.5267857313156128
303,831,17,proposed_dp_eps4_sparse_diverse,DP-CounterGAN eps=4,disease_to_no_disease,1024,9,-0.1893067061901092
303,832,47,proposed_dp_eps8_sparse_diverse,DP-CounterGAN eps=8,disease_to_no_disease,1024,6,-0.2380109131336212
303,833,30,proposed_countergan,Non-DP CounterGAN,disease_to_no_disease,1024,6,-2.169560194015503
303,834,148,wachter_style,Baseline,no_disease_to_disease,1024,4,0.2315903156995773
303,835,194,proposed_dp_eps16_sparse_diverse,DP-CounterGAN eps=16,no_disease_to_disease,1024,1,0.1185978204011917
303,836,106,proposed_dp_eps2_sparse_diverse,DP-CounterGAN eps=2,no_disease_to_disease,1024,10,0.1244602873921394
303,837,144,proposed_dp_eps4_sparse_diverse,DP-CounterGAN eps=4,no_disease_to_disease,1024,7,0.3530214428901672
303,838,127,proposed_dp_eps8_sparse_diverse,DP-CounterGAN eps=8,no_disease_to_disease,1024,2,0.1338076889514923
303,839,132,countergan_one_shot,Non-DP CounterGAN,no_disease_to_disease,1024,1,0.3078277707099914
303,840,39,uniform_random,Baseline,disease_to_no_disease,1024,8,-0.4138752520084381
303,841,54,proposed_dp_eps16_sparse_diverse,DP-CounterGAN eps=16,disease_to_no_disease,1024,9,-0.4986506998538971
303,842,10,proposed_dp_eps2_sparse_diverse,DP-CounterGAN eps=2,disease_to_no_disease,1024,8,-1.0251572132110596
303,843,23,proposed_dp_eps4_sparse_diverse,DP-CounterGAN eps=4,disease_to_no_disease,1024,3,-0.1603794395923614
303,844,7,proposed_dp_eps8_sparse_diverse,DP-CounterGAN eps=8,disease_to_no_disease,1024,10,-1.2738192081451416
303,845,54,countergan_one_shot,Non-DP CounterGAN,disease_to_no_disease,1024,1,-0.7416486740112305
303,846,131,uniform_random,Baseline,no_disease_to_disease,1024,10,0.3669197261333465
303,847,126,proposed_dp_eps16_sparse_diverse,DP-CounterGAN eps=16,no_disease_to_disease,1024,9,0.3146125376224518
303,848,117,proposed_dp_eps2_sparse_diverse,DP-CounterGAN eps=2,no_disease_to_disease,1024,4,0.3143948912620544
303,849,134,proposed_dp_eps4_sparse_diverse,DP-CounterGAN eps=4,no_disease_to_disease,1024,4,0.1974091529846191
303,850,164,proposed_dp_eps8_sparse_diverse,DP-CounterGAN eps=8,no_disease_to_disease,1024,7,0.9081342220306396
303,851,150,countergan_sparse_diverse_no_dp,Non-DP CounterGAN,no_disease_to_disease,1024,6,0.1545942276716232
303,852,60,dice_gradient_style,Baseline,disease_to_no_disease,1024,6,-0.557924747467041
303,853,98,proposed_dp_eps16_sparse_diverse,DP-CounterGAN eps=16,disease_to_no_disease,1024,1,-0.104394644498825
303,854,68,proposed_dp_eps2_sparse_diverse,DP-CounterGAN eps=2,disease_to_no_disease,1024,4,-0.1354447901248932
303,855,5,proposed_dp_eps4_sparse_diverse,DP-CounterGAN eps=4,disease_to_no_disease,1024,9,-0.4638849794864654
303,856,74,proposed_dp_eps8_sparse_diverse,DP-CounterGAN eps=8,disease_to_no_disease,1024,8,-0.5021753311157227
303,857,14,countergan_sparse_diverse_no_dp,Non-DP CounterGAN,disease_to_no_disease,1024,5,-1.1761494874954224
303,858,126,uniform_random,Baseline,no_disease_to_disease,1024,8,0.1318235248327255
303,859,113,proposed_dp_eps16_sparse_diverse,DP-CounterGAN eps=16,no_disease_to_disease,1024,1,0.4022731184959411
303,860,119,proposed_dp_eps2_sparse_diverse,DP-CounterGAN eps=2,no_disease_to_disease,1024,7,0.1009174287319183
303,861,156,proposed_dp_eps4_sparse_diverse,DP-CounterGAN eps=4,no_disease_to_disease,1024,7,0.2682415843009949
303,862,118,proposed_dp_eps8_sparse_diverse,DP-CounterGAN eps=8,no_disease_to_disease,1024,2,0.1155056655406951
303,863,131,countergan_sparse_diverse_no_dp,Non-DP CounterGAN,no_disease_to_disease,1024,1,0.5838015079498291
303,864,97,dice_gradient_style,Baseline,disease_to_no_disease,1024,4,-0.903924822807312
303,865,61,proposed_dp_eps16_sparse_diverse,DP-CounterGAN eps=16,disease_to_no_disease,1024,8,-0.2283218204975128
303,866,6,proposed_dp_eps2_sparse_diverse,DP-CounterGAN eps=2,disease_to_no_disease,1024,1,-0.2669168710708618
303,867,88,proposed_dp_eps4_sparse_diverse,DP-CounterGAN eps=4,disease_to_no_disease,1024,7,-0.3982113301753998
303,868,39,proposed_dp_eps8_sparse_diverse,DP-CounterGAN eps=8,disease_to_no_disease,1024,4,-0.1051656156778335
303,869,69,proposed_countergan,Non-DP CounterGAN,disease_to_no_disease,1024,10,-0.9403866529464722
303,870,146,dice_gradient_style,Baseline,no_disease_to_disease,1024,3,0.6155076026916504
303,871,102,proposed_dp_eps16_sparse_diverse,DP-CounterGAN eps=16,no_disease_to_disease,1024,5,0.6078100800514221
303,872,104,proposed_dp_eps2_sparse_diverse,DP-CounterGAN eps=2,no_disease_to_disease,1024,2,0.4681755602359772
303,873,106,proposed_dp_eps4_sparse_diverse,DP-CounterGAN eps=4,no_disease_to_disease,1024,2,0.1744981706142425
303,874,149,proposed_dp_eps8_sparse_diverse,DP-CounterGAN eps=8,no_disease_to_disease,1024,3,0.2544405460357666
303,875,103,countergan_sparse_diverse_no_dp,Non-DP CounterGAN,no_disease_to_disease,1024,2,0.354354590177536
303,876,38,uniform_random,Baseline,disease_to_no_disease,1024,8,-0.2970960140228271
303,877,2,proposed_dp_eps16_sparse_diverse,DP-CounterGAN eps=16,disease_to_no_disease,1024,4,-2.9682419300079346
303,878,87,proposed_dp_eps2_sparse_diverse,DP-CounterGAN eps=2,disease_to_no_disease,1024,2,-0.1351433396339416
303,879,54,proposed_dp_eps4_sparse_diverse,DP-CounterGAN eps=4,disease_to_no_disease,1024,1,-0.2332797050476074
303,880,39,proposed_dp_eps8_sparse_diverse,DP-CounterGAN eps=8,disease_to_no_disease,1024,3,-0.1403412520885467
303,881,67,countergan_sparse_diverse_no_dp,Non-DP CounterGAN,disease_to_no_disease,1024,9,-0.1971651315689087
303,882,100,genetic_cfe,Baseline,no_disease_to_disease,1024,6,0.7115006446838379
303,883,134,proposed_dp_eps16_sparse_diverse,DP-CounterGAN eps=16,no_disease_to_disease,1024,2,0.1017102599143982
303,884,159,proposed_dp_eps2_sparse_diverse,DP-CounterGAN eps=2,no_disease_to_disease,1024,2,0.1675304323434829
303,885,164,proposed_dp_eps4_sparse_diverse,DP-CounterGAN eps=4,no_disease_to_disease,1024,8,0.3107468783855438
303,886,119,proposed_dp_eps8_sparse_diverse,DP-CounterGAN eps=8,no_disease_to_disease,1024,7,0.2282287329435348
303,887,110,countergan_one_shot,Non-DP CounterGAN,no_disease_to_disease,1024,4,1.1784203052520752
303,888,55,genetic_cfe,Baseline,disease_to_no_disease,1024,4,-0.1049204766750335
303,889,77,proposed_dp_eps16_sparse_diverse,DP-CounterGAN eps=16,disease_to_no_disease,1024,2,-0.2588405609130859
303,890,92,proposed_dp_eps2_sparse_diverse,DP-CounterGAN eps=2,disease_to_no_disease,1024,9,-0.2083441317081451
303,891,74,proposed_dp_eps4_sparse_diverse,DP-CounterGAN eps=4,disease_to_no_disease,1024,10,-0.567878007888794
303,892,19,proposed_dp_eps8_sparse_diverse,DP-CounterGAN eps=8,disease_to_no_disease,1024,3,-0.1828826665878296
303,893,13,proposed_countergan,Non-DP CounterGAN,disease_to_no_disease,1024,10,-0.848191499710083
303,894,121,uniform_random,Baseline,no_disease_to_disease,1024,5,0.2830999791622162
303,895,118,proposed_dp_eps16_sparse_diverse,DP-CounterGAN eps=16,no_disease_to_disease,1024,1,0.2861716747283935
303,896,105,proposed_dp_eps2_sparse_diverse,DP-CounterGAN eps=2,no_disease_to_disease,1024,1,0.1155835390090942
303,897,144,proposed_dp_eps4_sparse_diverse,DP-CounterGAN eps=4,no_disease_to_disease,1024,6,0.3901816308498382
303,898,126,proposed_dp_eps8_sparse_diverse,DP-CounterGAN eps=8,no_disease_to_disease,1024,5,0.2324268817901611
303,899,126,proposed_countergan,Non-DP CounterGAN,no_disease_to_disease,1024,2,0.2784606516361236
303,900,64,wachter_style,Baseline,disease_to_no_disease,1024,4,-1.2208421230316162
303,901,6,proposed_dp_eps16_sparse_diverse,DP-CounterGAN eps=16,disease_to_no_disease,1024,5,-0.1984692215919494
303,902,20,proposed_dp_eps2_sparse_diverse,DP-CounterGAN eps=2,disease_to_no_disease,1024,3,-0.2798438668251037
303,903,63,proposed_dp_eps4_sparse_diverse,DP-CounterGAN eps=4,disease_to_no_disease,1024,6,-0.2407565116882324
303,904,85,proposed_dp_eps8_sparse_diverse,DP-CounterGAN eps=8,disease_to_no_disease,1024,3,-0.3749903738498688
303,905,63,countergan_sparse_diverse_no_dp,Non-DP CounterGAN,disease_to_no_disease,1024,3,-1.2983250617980957
303,906,146,wachter_style,Baseline,no_disease_to_disease,1024,1,0.4380796253681183
303,907,155,proposed_dp_eps16_sparse_diverse,DP-CounterGAN eps=16,no_disease_to_disease,1024,8,0.2624117136001587
303,908,161,proposed_dp_eps2_sparse_diverse,DP-CounterGAN eps=2,no_disease_to_disease,1024,6,0.4452973306179046
303,909,164,proposed_dp_eps4_sparse_diverse,DP-CounterGAN eps=4,no_disease_to_disease,1024,3,0.2534432411193847
303,910,122,proposed_dp_eps8_sparse_diverse,DP-CounterGAN eps=8,no_disease_to_disease,1024,3,0.2846693992614746
303,911,155,countergan_one_shot,Non-DP CounterGAN,no_disease_to_disease,1024,4,0.4587374627590179
303,912,45,uniform_random,Baseline,disease_to_no_disease,1024,8,-0.1735102236270904
303,913,98,proposed_dp_eps16_sparse_diverse,DP-CounterGAN eps=16,disease_to_no_disease,1024,6,-0.1055621802806854
303,914,90,proposed_dp_eps2_sparse_diverse,DP-CounterGAN eps=2,disease_to_no_disease,1024,1,-0.110768049955368
303,915,86,proposed_dp_eps4_sparse_diverse,DP-CounterGAN eps=4,disease_to_no_disease,1024,4,-0.2947365641593933
303,916,85,proposed_dp_eps8_sparse_diverse,DP-CounterGAN eps=8,disease_to_no_disease,1024,10,-0.5267857313156128
303,917,15,countergan_one_shot,Non-DP CounterGAN,disease_to_no_disease,1024,1,-1.2369322776794434
303,918,115,genetic_cfe,Baseline,no_disease_to_disease,1024,5,0.2425944209098816
303,919,142,proposed_dp_eps16_sparse_diverse,DP-CounterGAN eps=16,no_disease_to_disease,1024,6,0.2444786727428436
303,920,141,proposed_dp_eps2_sparse_diverse,DP-CounterGAN eps=2,no_disease_to_disease,1024,9,0.3531027734279632
303,921,140,proposed_dp_eps4_sparse_diverse,DP-CounterGAN eps=4,no_disease_to_disease,1024,1,0.1326457858085632
303,922,125,proposed_dp_eps8_sparse_diverse,DP-CounterGAN eps=8,no_disease_to_disease,1024,10,0.6569271087646484
303,923,157,countergan_sparse_diverse_no_dp,Non-DP CounterGAN,no_disease_to_disease,1024,10,0.231730580329895
303,924,32,uniform_random,Baseline,disease_to_no_disease,1024,8,-0.1866807639598846
303,925,11,proposed_dp_eps16_sparse_diverse,DP-CounterGAN eps=16,disease_to_no_disease,1024,2,-0.2629169821739197
303,926,6,proposed_dp_eps2_sparse_diverse,DP-CounterGAN eps=2,disease_to_no_disease,1024,3,-0.1510790884494781
303,927,40,proposed_dp_eps4_sparse_diverse,DP-CounterGAN eps=4,disease_to_no_disease,1024,9,-0.4133484661579132
303,928,15,proposed_dp_eps8_sparse_diverse,DP-CounterGAN eps=8,disease_to_no_disease,1024,6,-0.22449991106987
303,929,48,proposed_countergan,Non-DP CounterGAN,disease_to_no_disease,1024,5,-0.5084762573242188
303,930,119,genetic_cfe,Baseline,no_disease_to_disease,1024,6,0.1496844440698623
303,931,103,proposed_dp_eps16_sparse_diverse,DP-CounterGAN eps=16,no_disease_to_disease,1024,4,0.1687905192375183
303,932,131,proposed_dp_eps2_sparse_diverse,DP-CounterGAN eps=2,no_disease_to_disease,1024,4,0.1355320215225219
303,933,173,proposed_dp_eps4_sparse_diverse,DP-CounterGAN eps=4,no_disease_to_disease,1024,2,0.1676577627658844
303,934,163,proposed_dp_eps8_sparse_diverse,DP-CounterGAN eps=8,no_disease_to_disease,1024,10,0.4330118000507355
303,935,102,countergan_sparse_diverse_no_dp,Non-DP CounterGAN,no_disease_to_disease,1024,2,0.1903584599494934
303,936,86,uniform_random,Baseline,disease_to_no_disease,1024,5,-0.1223246753215789
303,937,89,proposed_dp_eps16_sparse_diverse,DP-CounterGAN eps=16,disease_to_no_disease,1024,9,-0.1061862707138061
303,938,0,proposed_dp_eps2_sparse_diverse,DP-CounterGAN eps=2,disease_to_no_disease,1024,4,-1.4242899417877195
303,939,4,proposed_dp_eps4_sparse_diverse,DP-CounterGAN eps=4,disease_to_no_disease,1024,7,-0.1965667903423309
303,940,60,proposed_dp_eps8_sparse_diverse,DP-CounterGAN eps=8,disease_to_no_disease,1024,2,-0.1184965074062347
303,941,63,proposed_countergan,Non-DP CounterGAN,disease_to_no_disease,1024,10,-1.4896721839904783
303,942,126,uniform_random,Baseline,no_disease_to_disease,1024,9,0.1408841013908386
303,943,131,proposed_dp_eps16_sparse_diverse,DP-CounterGAN eps=16,no_disease_to_disease,1024,1,0.5838015079498291
303,944,145,proposed_dp_eps2_sparse_diverse,DP-CounterGAN eps=2,no_disease_to_disease,1024,5,0.7448396682739258
303,945,113,proposed_dp_eps4_sparse_diverse,DP-CounterGAN eps=4,no_disease_to_disease,1024,2,0.613065779209137
303,946,101,proposed_dp_eps8_sparse_diverse,DP-CounterGAN eps=8,no_disease_to_disease,1024,4,0.1344169527292251
303,947,106,proposed_countergan,Non-DP CounterGAN,no_disease_to_disease,1024,7,0.8105289936065674
303,948,1,uniform_random,Baseline,disease_to_no_disease,1024,4,-0.2348992526531219
303,949,55,proposed_dp_eps16_sparse_diverse,DP-CounterGAN eps=16,disease_to_no_disease,1024,9,-0.2150851190090179
303,950,73,proposed_dp_eps2_sparse_diverse,DP-CounterGAN eps=2,disease_to_no_disease,1024,10,-0.4049591720104217
303,951,67,proposed_dp_eps4_sparse_diverse,DP-CounterGAN eps=4,disease_to_no_disease,1024,10,-0.2792734205722809
303,952,58,proposed_dp_eps8_sparse_diverse,DP-CounterGAN eps=8,disease_to_no_disease,1024,8,-0.1273241937160492
303,953,4,countergan_sparse_diverse_no_dp,Non-DP CounterGAN,disease_to_no_disease,1024,8,-0.7758331298828125
303,954,121,uniform_random,Baseline,no_disease_to_disease,1024,1,0.3605150282382965
303,955,142,proposed_dp_eps16_sparse_diverse,DP-CounterGAN eps=16,no_disease_to_disease,1024,1,0.1933967769145965
303,956,143,proposed_dp_eps2_sparse_diverse,DP-CounterGAN eps=2,no_disease_to_disease,1024,6,0.3793882429599762
303,957,103,proposed_dp_eps4_sparse_diverse,DP-CounterGAN eps=4,no_disease_to_disease,1024,1,0.2250297367572784
303,958,124,proposed_dp_eps8_sparse_diverse,DP-CounterGAN eps=8,no_disease_to_disease,1024,5,0.1817083358764648
303,959,144,countergan_one_shot,Non-DP CounterGAN,no_disease_to_disease,1024,6,1.12725567817688
303,960,21,genetic_cfe,Baseline,disease_to_no_disease,1024,5,-0.4272129833698272
303,961,51,proposed_dp_eps16_sparse_diverse,DP-CounterGAN eps=16,disease_to_no_disease,1024,1,-0.156559556722641
303,962,45,proposed_dp_eps2_sparse_diverse,DP-CounterGAN eps=2,disease_to_no_disease,1024,2,-0.2720747888088226
303,963,0,proposed_dp_eps4_sparse_diverse,DP-CounterGAN eps=4,disease_to_no_disease,1024,10,-0.1487779915332794
303,964,93,proposed_dp_eps8_sparse_diverse,DP-CounterGAN eps=8,disease_to_no_disease,1024,6,-0.2667309939861297
303,965,86,countergan_sparse_diverse_no_dp,Non-DP CounterGAN,disease_to_no_disease,1024,4,-0.1140810549259185
303,966,144,dice_gradient_style,Baseline,no_disease_to_disease,1024,2,0.1964840143918991
303,967,172,proposed_dp_eps16_sparse_diverse,DP-CounterGAN eps=16,no_disease_to_disease,1024,8,0.3243334591388702
303,968,147,proposed_dp_eps2_sparse_diverse,DP-CounterGAN eps=2,no_disease_to_disease,1024,6,0.1240084767341613
303,969,126,proposed_dp_eps4_sparse_diverse,DP-CounterGAN eps=4,no_disease_to_disease,1024,2,0.1899628490209579
303,970,154,proposed_dp_eps8_sparse_diverse,DP-CounterGAN eps=8,no_disease_to_disease,1024,4,0.1135792583227157
303,971,135,countergan_one_shot,Non-DP CounterGAN,no_disease_to_disease,1024,3,0.3805818259716034
303,972,66,wachter_style,Baseline,disease_to_no_disease,1024,2,-0.3067997395992279
303,973,53,proposed_dp_eps16_sparse_diverse,DP-CounterGAN eps=16,disease_to_no_disease,1024,3,-0.1143397092819213
303,974,40,proposed_dp_eps2_sparse_diverse,DP-CounterGAN eps=2,disease_to_no_disease,1024,7,-0.1741243600845337
303,975,27,proposed_dp_eps4_sparse_diverse,DP-CounterGAN eps=4,disease_to_no_disease,1024,1,-0.8281518220901489
303,976,87,proposed_dp_eps8_sparse_diverse,DP-CounterGAN eps=8,disease_to_no_disease,1024,3,-0.5586754083633423
303,977,20,countergan_sparse_diverse_no_dp,Non-DP CounterGAN,disease_to_no_disease,1024,3,-0.3359227478504181
303,978,119,dice_gradient_style,Baseline,no_disease_to_disease,1024,4,0.3866162896156311
303,979,122,proposed_dp_eps16_sparse_diverse,DP-CounterGAN eps=16,no_disease_to_disease,1024,4,0.2024613171815872
303,980,162,proposed_dp_eps2_sparse_diverse,DP-CounterGAN eps=2,no_disease_to_disease,1024,3,0.5326640009880066
303,981,108,proposed_dp_eps4_sparse_diverse,DP-CounterGAN eps=4,no_disease_to_disease,1024,2,0.1955432891845703
303,982,120,proposed_dp_eps8_sparse_diverse,DP-CounterGAN eps=8,no_disease_to_disease,1024,1,0.5588046908378601
303,983,125,countergan_sparse_diverse_no_dp,Non-DP CounterGAN,no_disease_to_disease,1024,9,0.9873930215835572
303,984,31,dice_gradient_style,Baseline,disease_to_no_disease,1024,10,-2.2600200176239014
303,985,28,proposed_dp_eps16_sparse_diverse,DP-CounterGAN eps=16,disease_to_no_disease,1024,9,-0.6942967176437378
303,986,85,proposed_dp_eps2_sparse_diverse,DP-CounterGAN eps=2,disease_to_no_disease,1024,3,-0.3749903738498688
303,987,61,proposed_dp_eps4_sparse_diverse,DP-CounterGAN eps=4,disease_to_no_disease,1024,8,-0.2283218204975128
303,988,91,proposed_dp_eps8_sparse_diverse,DP-CounterGAN eps=8,disease_to_no_disease,1024,3,-0.1437313258647918
303,989,14,countergan_sparse_diverse_no_dp,Non-DP CounterGAN,disease_to_no_disease,1024,9,-0.8400552272796631
303,990,125,uniform_random,Baseline,no_disease_to_disease,1024,2,0.2165416926145553
303,991,107,proposed_dp_eps16_sparse_diverse,DP-CounterGAN eps=16,no_disease_to_disease,1024,10,0.3419921994209289
303,992,155,proposed_dp_eps2_sparse_diverse,DP-CounterGAN eps=2,no_disease_to_disease,1024,5,0.3891633749008178
303,993,115,proposed_dp_eps4_sparse_diverse,DP-CounterGAN eps=4,no_disease_to_disease,1024,9,0.8868371248245239
303,994,165,proposed_dp_eps8_sparse_diverse,DP-CounterGAN eps=8,no_disease_to_disease,1024,1,0.1489676237106323
303,995,130,proposed_countergan,Non-DP CounterGAN,no_disease_to_disease,1024,5,0.5366319417953491
303,996,38,uniform_random,Baseline,disease_to_no_disease,1024,3,-0.1241809129714965
303,997,11,proposed_dp_eps16_sparse_diverse,DP-CounterGAN eps=16,disease_to_no_disease,1024,10,-0.7504571676254272
303,998,79,proposed_dp_eps2_sparse_diverse,DP-CounterGAN eps=2,disease_to_no_disease,1024,4,-0.1020675301551818
303,999,48,proposed_dp_eps4_sparse_diverse,DP-CounterGAN eps=4,disease_to_no_disease,1024,4,-0.1879720985889434
303,1000,24,proposed_dp_eps8_sparse_diverse,DP-CounterGAN eps=8,disease_to_no_disease,1024,2,-1.155079007148743
303,1001,62,proposed_countergan,Non-DP CounterGAN,disease_to_no_disease,1024,3,-0.7142394781112671
303,1002,130,genetic_cfe,Baseline,no_disease_to_disease,1024,8,0.2159945368766784
303,1003,109,proposed_dp_eps16_sparse_diverse,DP-CounterGAN eps=16,no_disease_to_disease,1024,9,0.2171778529882431
303,1004,128,proposed_dp_eps2_sparse_diverse,DP-CounterGAN eps=2,no_disease_to_disease,1024,1,0.1019084826111793
303,1005,147,proposed_dp_eps4_sparse_diverse,DP-CounterGAN eps=4,no_disease_to_disease,1024,5,0.2119082808494568
303,1006,121,proposed_dp_eps8_sparse_diverse,DP-CounterGAN eps=8,no_disease_to_disease,1024,4,0.3534106016159057
303,1007,121,countergan_sparse_diverse_no_dp,Non-DP CounterGAN,no_disease_to_disease,1024,1,0.3606220483779907
303,1008,52,uniform_random,Baseline,disease_to_no_disease,1024,5,-0.3548306226730346
303,1009,55,proposed_dp_eps16_sparse_diverse,DP-CounterGAN eps=16,disease_to_no_disease,1024,4,-0.5338444709777832
303,1010,9,proposed_dp_eps2_sparse_diverse,DP-CounterGAN eps=2,disease_to_no_disease,1024,9,-1.1103456020355225
303,1011,42,proposed_dp_eps4_sparse_diverse,DP-CounterGAN eps=4,disease_to_no_disease,1024,3,-0.2430006563663482
303,1012,32,proposed_dp_eps8_sparse_diverse,DP-CounterGAN eps=8,disease_to_no_disease,1024,6,-0.5212597846984863
303,1013,57,countergan_one_shot,Non-DP CounterGAN,disease_to_no_disease,1024,1,-1.1421772241592407
303,1014,149,uniform_random,Baseline,no_disease_to_disease,1024,1,0.1004534065723419
303,1015,132,proposed_dp_eps16_sparse_diverse,DP-CounterGAN eps=16,no_disease_to_disease,1024,4,0.3807728290557861
303,1016,123,proposed_dp_eps2_sparse_diverse,DP-CounterGAN eps=2,no_disease_to_disease,1024,6,0.2670931220054626
303,1017,146,proposed_dp_eps4_sparse_diverse,DP-CounterGAN eps=4,no_disease_to_disease,1024,4,0.302623301744461
303,1018,121,proposed_dp_eps8_sparse_diverse,DP-CounterGAN eps=8,no_disease_to_disease,1024,10,0.368240475654602
303,1019,161,countergan_sparse_diverse_no_dp,Non-DP CounterGAN,no_disease_to_disease,1024,4,0.6790943145751953
303,1020,1,genetic_cfe,Baseline,disease_to_no_disease,1024,7,-0.1740318834781646
303,1021,4,proposed_dp_eps16_sparse_diverse,DP-CounterGAN eps=16,disease_to_no_disease,1024,3,-0.1650155484676361
303,1022,27,proposed_dp_eps2_sparse_diverse,DP-CounterGAN eps=2,disease_to_no_disease,1024,3,-0.9899994134902954
303,1023,65,proposed_dp_eps4_sparse_diverse,DP-CounterGAN eps=4,disease_to_no_disease,1024,5,-0.7296501398086548
