direction,method,method_family,cfe_logit,plaintext_logit_recomputed,he_logit,abs_logit_error,label_agreement
no_disease_to_disease,genetic_cfe,Baseline,0.1000292301177978,0.1000293609674041,0.09992918483431829,0.00010017613308581363,True
no_disease_to_disease,countergan_one_shot,Non-DP CounterGAN,0.1000463515520095,0.10004649727729435,0.09988763919803335,0.00015885807926099837,True
disease_to_no_disease,genetic_cfe,Baseline,-0.1000551283359527,-0.10005516809013287,-0.09972638307544342,0.0003287850146894561,True
disease_to_no_disease,proposed_dp_eps16_sparse_diverse,DP-CounterGAN eps=16,-0.1000574827194213,-0.10005746409206606,-0.09999167037254324,6.579371952282476e-05,True
disease_to_no_disease,genetic_cfe,Baseline,-0.100058689713478,-0.1000587032888482,-0.09968426114297615,0.0003744421458720393,True
no_disease_to_disease,countergan_sparse_diverse_no_dp,Non-DP CounterGAN,0.1000680401921272,0.1000680401574918,0.10035272003897348,0.0002846798814816892,True
no_disease_to_disease,countergan_sparse_diverse_no_dp,Non-DP CounterGAN,0.1000788360834121,0.10007892268677578,0.1008141263148199,0.0007352036280441204,True
no_disease_to_disease,genetic_cfe,Baseline,0.1001124382019043,0.10011249178291509,0.10076380654038557,0.0006513147574704753,True
disease_to_no_disease,proposed_dp_eps2_sparse_diverse,DP-CounterGAN eps=2,-0.1001150161027908,-0.10011495466949466,-0.09999030844704587,0.00012464622244878765,True
disease_to_no_disease,proposed_dp_eps8_sparse_diverse,DP-CounterGAN eps=8,-0.1001224815845489,-0.100122547729257,-0.09978363004944073,0.00033891767981626686,True
disease_to_no_disease,uniform_random,Baseline,-0.1001263111829757,-0.10012604213725965,-0.10114413231561037,0.0010180901783507224,True
no_disease_to_disease,proposed_dp_eps2_sparse_diverse,DP-CounterGAN eps=2,0.1001642420887947,0.1001642574725704,0.10094394776963601,0.0007796902970656078,True
disease_to_no_disease,countergan_sparse_diverse_no_dp,Non-DP CounterGAN,-0.100168690085411,-0.1001686202789549,-0.10007469976925121,9.392050970369326e-05,True
disease_to_no_disease,genetic_cfe,Baseline,-0.1001902520656585,-0.10019018013113412,-0.10027346608923736,8.328595810323802e-05,True
no_disease_to_disease,uniform_random,Baseline,0.1002063825726509,0.1002064197214039,0.10110951777538627,0.0009030980539823652,True
no_disease_to_disease,genetic_cfe,Baseline,0.1002206951379776,0.1002205678103734,0.10051349798228418,0.0002929301719107741,True
no_disease_to_disease,genetic_cfe,Baseline,0.100225381553173,0.1002253655663145,0.10067480499295255,0.00044943942663804026,True
disease_to_no_disease,genetic_cfe,Baseline,-0.1002376079559326,-0.10023759450865727,-0.10061312721890525,0.0003755327102479833,True
disease_to_no_disease,countergan_sparse_diverse_no_dp,Non-DP CounterGAN,-0.1002534478902816,-0.10025344251190851,-0.10064731341752373,0.0003938709056152123,True
no_disease_to_disease,proposed_dp_eps8_sparse_diverse,DP-CounterGAN eps=8,0.1002623438835144,0.10026244529613876,0.10124096973308377,0.0009785244369450163,True
no_disease_to_disease,countergan_sparse_diverse_no_dp,Non-DP CounterGAN,0.1002850532531738,0.10028511805702534,0.09878949479816221,0.0014956232588631269,True
no_disease_to_disease,proposed_dp_eps2_sparse_diverse,DP-CounterGAN eps=2,0.1002850532531738,0.10028511805702534,0.09879694591094904,0.0014881721460762998,True
no_disease_to_disease,genetic_cfe,Baseline,0.1003292351961135,0.10032927953949664,0.10092324974955781,0.000593970210061176,True
disease_to_no_disease,countergan_sparse_diverse_no_dp,Non-DP CounterGAN,-0.1003820300102233,-0.10038200126542762,-0.09979510864793105,0.0005868926174965733,True
no_disease_to_disease,proposed_dp_eps2_sparse_diverse,DP-CounterGAN eps=2,0.100410059094429,0.10041002830420839,0.10117308394962855,0.0007630556454201604,True
disease_to_no_disease,proposed_dp_eps8_sparse_diverse,DP-CounterGAN eps=8,-0.1004191190004348,-0.10041903774733726,-0.1003300415873095,8.899616002776278e-05,True
no_disease_to_disease,genetic_cfe,Baseline,0.1004364788532257,0.10043652553166577,0.10152507813945164,0.0010885526077858698,True
no_disease_to_disease,uniform_random,Baseline,0.1004534065723419,0.10045346837267088,0.10070709701578937,0.0002536286431184809,True
no_disease_to_disease,countergan_one_shot,Non-DP CounterGAN,0.100454494357109,0.10045447444286174,0.10057303965923231,0.00011856521637057527,True
no_disease_to_disease,proposed_countergan,Non-DP CounterGAN,0.100454494357109,0.10045447444286174,0.10062719008978445,0.00017271564692271368,True
no_disease_to_disease,countergan_sparse_diverse_no_dp,Non-DP CounterGAN,0.1004660725593566,0.10046609630690279,0.10160153113955546,0.0011354348326526736,True
no_disease_to_disease,proposed_dp_eps16_sparse_diverse,DP-CounterGAN eps=16,0.1004660725593566,0.10046609630690279,0.10174107889787685,0.0012749825909740692,True
disease_to_no_disease,proposed_dp_eps4_sparse_diverse,DP-CounterGAN eps=4,-0.1004827320575714,-0.10048272057716748,-0.10114571395652476,0.0006629933793572823,True
disease_to_no_disease,uniform_random,Baseline,-0.1004951894283294,-0.1004951648330335,-0.10031661407334554,0.00017855075968796486,True
no_disease_to_disease,countergan_one_shot,Non-DP CounterGAN,0.1004960089921951,0.10049601600374557,0.10130647466240103,0.0008104586586554635,True
disease_to_no_disease,uniform_random,Baseline,-0.100551426410675,-0.1005514830736926,-0.10009074593656905,0.00046073713712355135,True
disease_to_no_disease,uniform_random,Baseline,-0.1005827337503433,-0.10058261262074547,-0.10110841699922145,0.0005258043784759775,True
no_disease_to_disease,proposed_dp_eps16_sparse_diverse,DP-CounterGAN eps=16,0.1005890965461731,0.10058905569696319,0.10125831855550134,0.0006692628585381472,True
no_disease_to_disease,countergan_one_shot,Non-DP CounterGAN,0.1006521880626678,0.10065207649840185,0.10125082217390421,0.0005987456755023601,True
disease_to_no_disease,genetic_cfe,Baseline,-0.1006684601306915,-0.10066835632050644,-0.10074500413747224,7.66478169657997e-05,True
disease_to_no_disease,dice_gradient_style,Baseline,-0.1006810069084167,-0.1006811014079737,-0.10034364096809559,0.0003374604398781178,True
no_disease_to_disease,genetic_cfe,Baseline,0.1006841957569122,0.10068407951744672,0.10044869794248784,0.0002353815749588789,True
no_disease_to_disease,countergan_sparse_diverse_no_dp,Non-DP CounterGAN,0.1006849557161331,0.10068504180160133,0.10071540693656292,3.0365134961587992e-05,True
disease_to_no_disease,proposed_dp_eps16_sparse_diverse,DP-CounterGAN eps=16,-0.1006861925125122,-0.1006861886109851,-0.10091058896303712,0.00022440035205201214,True
disease_to_no_disease,proposed_dp_eps2_sparse_diverse,DP-CounterGAN eps=2,-0.1006861925125122,-0.1006861886109851,-0.1007657854168354,7.95968058502905e-05,True
no_disease_to_disease,proposed_dp_eps16_sparse_diverse,DP-CounterGAN eps=16,0.1007549166679382,0.10075488800355356,0.10158560028305565,0.0008307122795020855,True
no_disease_to_disease,proposed_dp_eps16_sparse_diverse,DP-CounterGAN eps=16,0.100772924721241,0.10077280305430023,0.10232999766953016,0.0015571946152299343,True
disease_to_no_disease,uniform_random,Baseline,-0.1007876396179199,-0.10078757478416245,-0.10085002708560983,6.245230144738545e-05,True
disease_to_no_disease,genetic_cfe,Baseline,-0.1007924675941467,-0.1007924842644718,-0.1003798608598777,0.0004126234045940952,True
disease_to_no_disease,uniform_random,Baseline,-0.1008017510175705,-0.10080174251258328,-0.10098646084763988,0.00018471833505659396,True
no_disease_to_disease,proposed_dp_eps8_sparse_diverse,DP-CounterGAN eps=8,0.1008030176162719,0.10080304057074545,0.1015616071408018,0.0007585665700563515,True
disease_to_no_disease,proposed_dp_eps8_sparse_diverse,DP-CounterGAN eps=8,-0.1008194684982299,-0.10081928803783563,-0.10080014200015636,1.914603767927403e-05,True
no_disease_to_disease,genetic_cfe,Baseline,0.1008202880620956,0.10082026182192608,0.10113431091994307,0.0003140490980169941,True
no_disease_to_disease,countergan_sparse_diverse_no_dp,Non-DP CounterGAN,0.1008332669734954,0.10083330651382183,0.10147187865572264,0.0006385721419008145,True
no_disease_to_disease,proposed_dp_eps16_sparse_diverse,DP-CounterGAN eps=16,0.1008332669734954,0.10083330651382183,0.10144950784487516,0.0006162013310533343,True
no_disease_to_disease,proposed_dp_eps4_sparse_diverse,DP-CounterGAN eps=4,0.1008332669734954,0.10083330651382183,0.10137989135437779,0.0005465848405559609,True
disease_to_no_disease,proposed_dp_eps4_sparse_diverse,DP-CounterGAN eps=4,-0.1008504629135131,-0.10085048924426812,-0.10077748273933977,7.300650492834959e-05,True
disease_to_no_disease,proposed_dp_eps16_sparse_diverse,DP-CounterGAN eps=16,-0.1009040772914886,-0.10090401047450565,-0.10078127788979427,0.00012273258471137694,True
disease_to_no_disease,proposed_countergan,Non-DP CounterGAN,-0.1009160578250885,-0.10091587032938609,-0.10063547774817773,0.0002803925812083635,True
no_disease_to_disease,proposed_dp_eps2_sparse_diverse,DP-CounterGAN eps=2,0.1009174287319183,0.10091739752325343,0.10212630544562107,0.0012089079223676358,True
no_disease_to_disease,genetic_cfe,Baseline,0.1009327918291091,0.10093269530482288,0.10245989311213523,0.0015271978073123499,True
no_disease_to_disease,countergan_sparse_diverse_no_dp,Non-DP CounterGAN,0.100933589041233,0.1009336220366686,0.1017449050157565,0.0008112829790879045,True
disease_to_no_disease,genetic_cfe,Baseline,-0.1009442210197448,-0.10094418201222932,-0.10070526966631073,0.00023891234591859323,True
no_disease_to_disease,proposed_dp_eps8_sparse_diverse,DP-CounterGAN eps=8,0.1009553149342536,0.10095526603102281,0.10120793198416125,0.0002526659531384423,True
disease_to_no_disease,proposed_dp_eps8_sparse_diverse,DP-CounterGAN eps=8,-0.1010096222162246,-0.10100962551618409,-0.10011383365442135,0.0008957918617627375,True
disease_to_no_disease,genetic_cfe,Baseline,-0.1010127961635589,-0.10101278253955412,-0.1011384684388092,0.00012568589925508744,True
no_disease_to_disease,genetic_cfe,Baseline,0.1010135114192962,0.1010135602067565,0.10147513776214065,0.00046157755538414613,True
no_disease_to_disease,countergan_sparse_diverse_no_dp,Non-DP CounterGAN,0.1010293662548065,0.1010294356673801,0.1012936386741216,0.00026420300674150077,True
disease_to_no_disease,uniform_random,Baseline,-0.1010668873786926,-0.10106684987186473,-0.10075227741149646,0.00031457246036827036,True
disease_to_no_disease,countergan_sparse_diverse_no_dp,Non-DP CounterGAN,-0.1010755598545074,-0.1010755128573651,-0.10152987047218069,0.0004543576148155898,True
no_disease_to_disease,proposed_dp_eps8_sparse_diverse,DP-CounterGAN eps=8,0.1010885760188102,0.10108865118592737,0.10173872530580652,0.0006500741198791488,True
disease_to_no_disease,genetic_cfe,Baseline,-0.1011399775743484,-0.1011400418072122,-0.10073759820072205,0.0004024436064901521,True
disease_to_no_disease,proposed_dp_eps8_sparse_diverse,DP-CounterGAN eps=8,-0.1011463403701782,-0.10114622020669742,-0.10103541850497783,0.0001108017017195928,True
disease_to_no_disease,genetic_cfe,Baseline,-0.101168543100357,-0.10116853327550418,-0.10086449323822,0.00030404003728418116,True
disease_to_no_disease,proposed_dp_eps4_sparse_diverse,DP-CounterGAN eps=4,-0.1011997461318969,-0.10119971683421347,-0.10124139843611393,4.168160190046177e-05,True
disease_to_no_disease,genetic_cfe,Baseline,-0.101227194070816,-0.10122713008267814,-0.10082429386850408,0.00040283621417405713,True
disease_to_no_disease,uniform_random,Baseline,-0.1012367010116577,-0.10123671843288243,-0.10176121923342676,0.0005245008005443363,True
disease_to_no_disease,proposed_dp_eps16_sparse_diverse,DP-CounterGAN eps=16,-0.1012457758188247,-0.10124578386684552,-0.101059469041294,0.0001863148255515229,True
disease_to_no_disease,proposed_dp_eps4_sparse_diverse,DP-CounterGAN eps=4,-0.1012466549873352,-0.10124659324410917,-0.1018638946953286,0.0006173014512194236,True
disease_to_no_disease,uniform_random,Baseline,-0.1012997925281524,-0.10129973807142184,-0.10103941801751504,0.000260320053906804,True
disease_to_no_disease,genetic_cfe,Baseline,-0.1013229638338089,-0.10132294885136936,-0.10089842657965528,0.0004245222717140784,True
disease_to_no_disease,proposed_dp_eps2_sparse_diverse,DP-CounterGAN eps=2,-0.1013343036174774,-0.10133422149032023,-0.10074215244500008,0.000592069045320151,True
disease_to_no_disease,proposed_dp_eps2_sparse_diverse,DP-CounterGAN eps=2,-0.101383090019226,-0.10138306102514233,-0.10085173030725472,0.000531330717887607,True
disease_to_no_disease,proposed_dp_eps4_sparse_diverse,DP-CounterGAN eps=4,-0.101383090019226,-0.10138306102514233,-0.10091388492687493,0.0004691760982673959,True
disease_to_no_disease,uniform_random,Baseline,-0.1013935357332229,-0.1013935160293831,-0.1009382323183743,0.0004552837110087943,True
disease_to_no_disease,proposed_dp_eps8_sparse_diverse,DP-CounterGAN eps=8,-0.1014148741960525,-0.10141487731295612,-0.10109833889673094,0.0003165384162251844,True
disease_to_no_disease,proposed_dp_eps16_sparse_diverse,DP-CounterGAN eps=16,-0.101416066288948,-0.10141601795250077,-0.10132455697905295,9.146097344782389e-05,True
disease_to_no_disease,uniform_random,Baseline,-0.1014344096183776,-0.10143441626988062,-0.10172536692060495,0.0002909506507243337,True
disease_to_no_disease,genetic_cfe,Baseline,-0.1014376133680343,-0.1014375749352466,-0.10160797834378077,0.00017040340853416436,True
no_disease_to_disease,proposed_dp_eps8_sparse_diverse,DP-CounterGAN eps=8,0.10146364569664,0.10146369685505846,0.10279792851994674,0.0013342316648882746,True
disease_to_no_disease,proposed_dp_eps2_sparse_diverse,DP-CounterGAN eps=2,-0.1014871597290039,-0.10148710676463557,-0.10135155388716867,0.0001355528774669018,True
disease_to_no_disease,proposed_dp_eps4_sparse_diverse,DP-CounterGAN eps=4,-0.1015068292617797,-0.1015069437243804,-0.1019959626003765,0.000489018875996089,True
disease_to_no_disease,countergan_sparse_diverse_no_dp,Non-DP CounterGAN,-0.1015352308750152,-0.10153523100373679,-0.10136155830917593,0.00017367269456086687,True
no_disease_to_disease,proposed_dp_eps8_sparse_diverse,DP-CounterGAN eps=8,0.1015394926071167,0.10153947642355166,0.10198405124709362,0.00044457482354196,True
no_disease_to_disease,countergan_one_shot,Non-DP CounterGAN,0.1015727370977401,0.10157279142394215,0.1018599917891235,0.00028720036518134484,True
disease_to_no_disease,uniform_random,Baseline,-0.1015944480895996,-0.10159444024320488,-0.10120827904168234,0.00038616120152254463,True
disease_to_no_disease,genetic_cfe,Baseline,-0.1016088277101516,-0.10160884453770733,-0.10146100286152997,0.00014784167617735988,True
no_disease_to_disease,proposed_dp_eps8_sparse_diverse,DP-CounterGAN eps=8,0.1016452312469482,0.10164504258071667,0.10324122251538136,0.0015961799346646821,True
no_disease_to_disease,proposed_dp_eps8_sparse_diverse,DP-CounterGAN eps=8,0.1016464233398437,0.10164638940321685,0.10261219672918007,0.0009658073259632138,True
no_disease_to_disease,countergan_one_shot,Non-DP CounterGAN,0.1016839072108268,0.10168383929299887,0.10208071025402425,0.0003968709610253779,True
no_disease_to_disease,countergan_sparse_diverse_no_dp,Non-DP CounterGAN,0.1016902029514312,0.10169025963957833,0.10204571410738586,0.00035545446780753387,True
no_disease_to_disease,proposed_countergan,Non-DP CounterGAN,0.1017087623476982,0.10170881530724762,0.1020834875988792,0.00037467229163157256,True
no_disease_to_disease,proposed_dp_eps16_sparse_diverse,DP-CounterGAN eps=16,0.1017102599143982,0.10171032930041177,0.10108737249280861,0.0006229568076031589,True
no_disease_to_disease,proposed_dp_eps4_sparse_diverse,DP-CounterGAN eps=4,0.1017102599143982,0.10171032930041177,0.10111881221175179,0.0005915170886599819,True
no_disease_to_disease,proposed_dp_eps8_sparse_diverse,DP-CounterGAN eps=8,0.1017922461032867,0.10179237108096911,0.10207249666688827,0.0002801255859191526,True
disease_to_no_disease,uniform_random,Baseline,-0.101843774318695,-0.10184379369789365,-0.10159386131167189,0.0002499323862217573,True
disease_to_no_disease,genetic_cfe,Baseline,-0.1018557101488113,-0.10185575206787023,-0.10163793103109038,0.00021782103677984999,True
no_disease_to_disease,countergan_sparse_diverse_no_dp,Non-DP CounterGAN,0.1019084826111793,0.10190848473897712,0.1028013138890087,0.0008928291500315821,True
no_disease_to_disease,proposed_dp_eps2_sparse_diverse,DP-CounterGAN eps=2,0.1019084826111793,0.10190848473897712,0.10293876766910855,0.0010302829301314237,True
no_disease_to_disease,proposed_dp_eps8_sparse_diverse,DP-CounterGAN eps=8,0.1019084826111793,0.10190848473897712,0.10281269445761596,0.000904209718638832,True
no_disease_to_disease,proposed_dp_eps16_sparse_diverse,DP-CounterGAN eps=16,0.1019350811839103,0.10193502401290563,0.10308444510617044,0.0011494210932648102,True
no_disease_to_disease,proposed_dp_eps4_sparse_diverse,DP-CounterGAN eps=4,0.1019628942012786,0.10196291091758208,0.10254564664512404,0.0005827357275419581,True
disease_to_no_disease,proposed_dp_eps2_sparse_diverse,DP-CounterGAN eps=2,-0.1019662916660308,-0.10196635348692412,-0.10135458730670557,0.0006117661802185481,True
disease_to_no_disease,countergan_sparse_diverse_no_dp,Non-DP CounterGAN,-0.1019773185253143,-0.10197733571250037,-0.10162426934013388,0.00035306637236648397,True
no_disease_to_disease,genetic_cfe,Baseline,0.1020049601793289,0.1020049845321912,0.10285863538547477,0.0008536508532835663,True
no_disease_to_disease,proposed_countergan,Non-DP CounterGAN,0.1020050048828125,0.1020049845321912,0.10285245871755687,0.0008474741853656681,True
disease_to_no_disease,genetic_cfe,Baseline,-0.102007582783699,-0.10200755442370674,-0.10167613619889976,0.0003314182248069786,True
no_disease_to_disease,proposed_dp_eps8_sparse_diverse,DP-CounterGAN eps=8,0.1020394563674926,0.10203942797758693,0.102373484574691,0.00033405659710407376,True
disease_to_no_disease,proposed_dp_eps2_sparse_diverse,DP-CounterGAN eps=2,-0.102044939994812,-0.10204493685187241,-0.10201775645026813,2.718040160427926e-05,True
disease_to_no_disease,proposed_dp_eps2_sparse_diverse,DP-CounterGAN eps=2,-0.1020675301551818,-0.10206759207635757,-0.10222612947099552,0.00015853739463794758,True
no_disease_to_disease,proposed_dp_eps4_sparse_diverse,DP-CounterGAN eps=4,0.1021427363157272,0.1021427504697014,0.1026253275664365,0.00048257709673510396,True
disease_to_no_disease,uniform_random,Baseline,-0.1021523177623748,-0.10215232814131792,-0.10241575360442721,0.0002634254631092986,True
disease_to_no_disease,proposed_dp_eps8_sparse_diverse,DP-CounterGAN eps=8,-0.1021708697080612,-0.10217073192145082,-0.10223146232160175,6.0730400150935115e-05,True
disease_to_no_disease,proposed_countergan,Non-DP CounterGAN,-0.1022017002105712,-0.10220169966831702,-0.10177015237735508,0.00043154729096193944,True
disease_to_no_disease,genetic_cfe,Baseline,-0.1022184193134307,-0.10221840956187281,-0.1027959109256915,0.0005775013638186915,True
no_disease_to_disease,proposed_dp_eps4_sparse_diverse,DP-CounterGAN eps=4,0.1022317856550216,0.10223184330486987,0.10292845555458875,0.0006966122497188837,True
disease_to_no_disease,countergan_sparse_diverse_no_dp,Non-DP CounterGAN,-0.1022480726242065,-0.10224803712895084,-0.10229781860585112,4.9781476900281896e-05,True
disease_to_no_disease,proposed_dp_eps8_sparse_diverse,DP-CounterGAN eps=8,-0.1022541970014572,-0.10225414704219923,-0.10200145836248815,0.00025268867971108,True
disease_to_no_disease,proposed_dp_eps8_sparse_diverse,DP-CounterGAN eps=8,-0.1022575348615646,-0.10225749128789413,-0.10337337493615437,0.0011158836482602352,True
disease_to_no_disease,proposed_dp_eps4_sparse_diverse,DP-CounterGAN eps=4,-0.1023204624652862,-0.10232054124737788,-0.10169375133554906,0.0006267899118288234,True
no_disease_to_disease,genetic_cfe,Baseline,0.1023513972759246,0.10235139269010193,0.1029252624434491,0.0005738697533471671,True
no_disease_to_disease,proposed_dp_eps2_sparse_diverse,DP-CounterGAN eps=2,0.1023658961057663,0.10236590799732229,0.10302291431649727,0.0006570063191749798,True
disease_to_no_disease,proposed_dp_eps8_sparse_diverse,DP-CounterGAN eps=8,-0.10236856341362,-0.10236854866226364,-0.10171791781065319,0.0006506308516104481,True
disease_to_no_disease,proposed_dp_eps2_sparse_diverse,DP-CounterGAN eps=2,-0.1023742854595184,-0.1023741871746755,-0.10217913283262574,0.00019505434204976357,True
no_disease_to_disease,countergan_sparse_diverse_no_dp,Non-DP CounterGAN,0.1023996844887733,0.10239965244632435,0.1030564739446217,0.0006568214982973497,True
disease_to_no_disease,genetic_cfe,Baseline,-0.1024088561534881,-0.10240881976009822,-0.10293573114034284,0.0005269113802446185,True
no_disease_to_disease,genetic_cfe,Baseline,0.1024169772863388,0.102417008434186,0.1033099921386955,0.0008929837045095063,True
no_disease_to_disease,proposed_dp_eps8_sparse_diverse,DP-CounterGAN eps=8,0.1024428308010101,0.10244285647889861,0.10369145666689518,0.0012486001879965652,True
no_disease_to_disease,proposed_dp_eps4_sparse_diverse,DP-CounterGAN eps=4,0.1024960875511169,0.10249614981896868,0.10372704852593737,0.001230898706968686,True
no_disease_to_disease,proposed_dp_eps4_sparse_diverse,DP-CounterGAN eps=4,0.1025107204914093,0.10251072362039604,0.10290579702059484,0.00039507340019880044,True
disease_to_no_disease,genetic_cfe,Baseline,-0.1025323271751403,-0.10253229599641275,-0.10226954285133733,0.00026275314507542835,True
disease_to_no_disease,countergan_sparse_diverse_no_dp,Non-DP CounterGAN,-0.1025519073009491,-0.10255193007666225,-0.10202131336472343,0.0005306167119388111,True
disease_to_no_disease,proposed_dp_eps16_sparse_diverse,DP-CounterGAN eps=16,-0.1025519073009491,-0.10255193007666225,-0.10199342506376738,0.0005585050128948665,True
disease_to_no_disease,proposed_countergan,Non-DP CounterGAN,-0.1025523096323013,-0.10255228348194778,-0.10255692327509726,4.639793149477378e-06,True
no_disease_to_disease,proposed_dp_eps16_sparse_diverse,DP-CounterGAN eps=16,0.1026228666305542,0.10262288401312436,0.10286500961829666,0.00024212560517229698,True
disease_to_no_disease,uniform_random,Baseline,-0.1026270240545272,-0.1026269883746449,-0.10282437943622579,0.00019739106158088437,True
disease_to_no_disease,countergan_sparse_diverse_no_dp,Non-DP CounterGAN,-0.1026318818330764,-0.10263178106774407,-0.10333432123740585,0.0007025401696617861,True
no_disease_to_disease,proposed_dp_eps2_sparse_diverse,DP-CounterGAN eps=2,0.1027447283267974,0.10274471149908394,0.10294971578475622,0.00020500428567227225,True
disease_to_no_disease,proposed_dp_eps16_sparse_diverse,DP-CounterGAN eps=16,-0.102754920721054,-0.1027549106606796,-0.10270210139793928,5.28092627403165e-05,True
disease_to_no_disease,genetic_cfe,Baseline,-0.1027822494506836,-0.10278229833974506,-0.10367627208841494,0.0008939737486698823,True
disease_to_no_disease,proposed_dp_eps16_sparse_diverse,DP-CounterGAN eps=16,-0.1028206944465637,-0.10282063494894444,-0.10324329182968837,0.0004226568807439296,True
no_disease_to_disease,proposed_countergan,Non-DP CounterGAN,0.1028435081243515,0.1028435018284548,0.10349562917689854,0.0006521273484437484,True
no_disease_to_disease,genetic_cfe,Baseline,0.1028693988919258,0.10286940964586382,0.10271835300186347,0.00015105664400034968,True
disease_to_no_disease,genetic_cfe,Baseline,-0.1028815507888794,-0.1028814990331009,-0.10489898534881546,0.0020174863157145645,True
no_disease_to_disease,countergan_sparse_diverse_no_dp,Non-DP CounterGAN,0.1029089912772178,0.10290903609337496,0.10361411440123912,0.0007050783078641626,True
disease_to_no_disease,proposed_dp_eps16_sparse_diverse,DP-CounterGAN eps=16,-0.1029201298952102,-0.10292012932685807,-0.10257149953352733,0.0003486297933307375,True
no_disease_to_disease,proposed_dp_eps2_sparse_diverse,DP-CounterGAN eps=2,0.1029210686683654,0.10292098903399109,0.10384075990222795,0.0009197708682368577,True
no_disease_to_disease,proposed_dp_eps16_sparse_diverse,DP-CounterGAN eps=16,0.1029276847839355,0.10292771289878197,0.10344654848525571,0.0005188355864737398,True
no_disease_to_disease,proposed_dp_eps16_sparse_diverse,DP-CounterGAN eps=16,0.1029439195990562,0.1029439357118638,0.10371697056255297,0.0007730348506891638,True
no_disease_to_disease,proposed_dp_eps2_sparse_diverse,DP-CounterGAN eps=2,0.1029439195990562,0.1029439357118638,0.10374867402673496,0.0008047383148711562,True
no_disease_to_disease,proposed_dp_eps4_sparse_diverse,DP-CounterGAN eps=4,0.1029439195990562,0.1029439357118638,0.10377836270203974,0.0008344269901759405,True
no_disease_to_disease,proposed_dp_eps8_sparse_diverse,DP-CounterGAN eps=8,0.1029439195990562,0.1029439357118638,0.10379454400711996,0.0008506082952561556,True
disease_to_no_disease,proposed_dp_eps8_sparse_diverse,DP-CounterGAN eps=8,-0.1029600501060485,-0.10296006214560832,-0.10245538198731127,0.0005046801582970495,True
disease_to_no_disease,proposed_countergan,Non-DP CounterGAN,-0.1029677093029022,-0.10296762022129763,-0.10256496688762587,0.0004026533336717597,True
disease_to_no_disease,genetic_cfe,Baseline,-0.1029714345932006,-0.10297139691415483,-0.10306836605343932,9.696913928448903e-05,True
no_disease_to_disease,countergan_sparse_diverse_no_dp,Non-DP CounterGAN,0.103027731180191,0.10302756816314129,0.1036561428509553,0.0006285746878140069,True
no_disease_to_disease,proposed_dp_eps4_sparse_diverse,DP-CounterGAN eps=4,0.1030480414628982,0.10304813370221708,0.10402986892550546,0.0009817352232883853,True
disease_to_no_disease,countergan_sparse_diverse_no_dp,Non-DP CounterGAN,-0.1030558496713638,-0.10305592150528237,-0.10348972691987293,0.00043380541459056565,True
disease_to_no_disease,proposed_dp_eps16_sparse_diverse,DP-CounterGAN eps=16,-0.1030558496713638,-0.10305592150528237,-0.10361027023551454,0.0005543487302321765,True
disease_to_no_disease,proposed_dp_eps8_sparse_diverse,DP-CounterGAN eps=8,-0.1030558496713638,-0.10305592150528237,-0.10353017656700512,0.00047425506172275866,True
no_disease_to_disease,proposed_dp_eps4_sparse_diverse,DP-CounterGAN eps=4,0.1030600890517234,0.10306005099479712,0.10346550570953011,0.00040545471473299455,True
no_disease_to_disease,proposed_dp_eps8_sparse_diverse,DP-CounterGAN eps=8,0.103121668100357,0.10312175455303865,0.10462127936668018,0.0014995248136415312,True
disease_to_no_disease,proposed_dp_eps8_sparse_diverse,DP-CounterGAN eps=8,-0.1031315326690673,-0.10313153523289678,-0.10339485092740959,0.00026331569451280845,True
no_disease_to_disease,proposed_dp_eps8_sparse_diverse,DP-CounterGAN eps=8,0.103140115737915,0.10314013694185292,0.10359432345377965,0.00045418651192673243,True
disease_to_no_disease,countergan_sparse_diverse_no_dp,Non-DP CounterGAN,-0.1031505763530731,-0.10315056327285402,-0.10362495503044185,0.00047439175758783036,True
disease_to_no_disease,proposed_dp_eps16_sparse_diverse,DP-CounterGAN eps=16,-0.1031505763530731,-0.10315056327285402,-0.10358423186379509,0.000433668590941072,True
disease_to_no_disease,proposed_dp_eps2_sparse_diverse,DP-CounterGAN eps=2,-0.1031505763530731,-0.10315056327285402,-0.10358724178225404,0.00043667850940001807,True
disease_to_no_disease,proposed_dp_eps4_sparse_diverse,DP-CounterGAN eps=4,-0.1031505763530731,-0.10315056327285402,-0.10365649371711434,0.0005059304442603246,True
disease_to_no_disease,proposed_dp_eps8_sparse_diverse,DP-CounterGAN eps=8,-0.1031505763530731,-0.10315056327285402,-0.1035778135588668,0.0004272502860127869,True
disease_to_no_disease,genetic_cfe,Baseline,-0.1031710803508758,-0.10317104950438608,-0.10314685425689771,2.4195247488367766e-05,True
no_disease_to_disease,proposed_dp_eps16_sparse_diverse,DP-CounterGAN eps=16,0.1031767427921295,0.10317669810657255,0.10331710819313572,0.0001404100865631669,True
no_disease_to_disease,proposed_countergan,Non-DP CounterGAN,0.1032050848007202,0.10320507881156163,0.10318633803509016,1.8740776471473652e-05,True
disease_to_no_disease,proposed_dp_eps8_sparse_diverse,DP-CounterGAN eps=8,-0.1032209992408752,-0.10322094050726133,-0.10281338573355117,0.0004075547737101559,True
disease_to_no_disease,proposed_dp_eps4_sparse_diverse,DP-CounterGAN eps=4,-0.1032276451587677,-0.10322759827484196,-0.10289485307054487,0.00033274520429708854,True
disease_to_no_disease,uniform_random,Baseline,-0.1032827049493789,-0.10328273673914812,-0.1029761921404806,0.00030654459866752415,True
disease_to_no_disease,uniform_random,Baseline,-0.1032900661230087,-0.1032900666090513,-0.10321084425967675,7.922234937454697e-05,True
no_disease_to_disease,genetic_cfe,Baseline,0.1033166795969009,0.10331666524926936,0.10404391289394413,0.0007272476446747722,True
disease_to_no_disease,proposed_dp_eps2_sparse_diverse,DP-CounterGAN eps=2,-0.1033771634101867,-0.10337708069655713,-0.10272311701503165,0.0006539636815254823,True
disease_to_no_disease,genetic_cfe,Baseline,-0.1034137904644012,-0.1034137942666741,-0.10389334427845481,0.00047955001178071055,True
disease_to_no_disease,genetic_cfe,Baseline,-0.1035044938325882,-0.1035045504327283,-0.10333715608960022,0.00016739434312808277,True
no_disease_to_disease,proposed_dp_eps4_sparse_diverse,DP-CounterGAN eps=4,0.1035147011280059,0.10351473714222281,0.10392701545359578,0.0004122783113729711,True
no_disease_to_disease,proposed_dp_eps4_sparse_diverse,DP-CounterGAN eps=4,0.103523351252079,0.10352325043676427,0.10368447968520667,0.0001612292484423905,True
disease_to_no_disease,uniform_random,Baseline,-0.1035551577806472,-0.10355517833272307,-0.10343645543087511,0.00011872290184795908,True
no_disease_to_disease,proposed_dp_eps8_sparse_diverse,DP-CounterGAN eps=8,0.1035674884915351,0.10356754706806212,0.10416712220490261,0.0005995751368404884,True
no_disease_to_disease,countergan_sparse_diverse_no_dp,Non-DP CounterGAN,0.1035709381103515,0.10357098434692374,0.10301544094839286,0.0005555433985308805,True
disease_to_no_disease,proposed_dp_eps4_sparse_diverse,DP-CounterGAN eps=4,-0.103571206331253,-0.10357118854122677,-0.10326604481165523,0.0003051437295715359,True
no_disease_to_disease,proposed_countergan,Non-DP CounterGAN,0.1035732552409172,0.10357324430284097,0.10425111936161038,0.0006778750587694143,True
no_disease_to_disease,proposed_dp_eps8_sparse_diverse,DP-CounterGAN eps=8,0.1036109775304794,0.10361106682966667,0.10295882145921201,0.0006522453704546627,True
no_disease_to_disease,proposed_dp_eps2_sparse_diverse,DP-CounterGAN eps=2,0.1036190241575241,0.1036190740254273,0.10450116760256825,0.0008820935771409466,True
no_disease_to_disease,proposed_dp_eps8_sparse_diverse,DP-CounterGAN eps=8,0.1036190241575241,0.1036190740254273,0.10453066925192528,0.0009115952264979743,True
no_disease_to_disease,countergan_sparse_diverse_no_dp,Non-DP CounterGAN,0.1036198586225509,0.10361988856526205,0.10464861597022135,0.0010287274049592954,True
disease_to_no_disease,proposed_dp_eps2_sparse_diverse,DP-CounterGAN eps=2,-0.1036484539508819,-0.10364843596938916,-0.10332671390282136,0.00032172206656780333,True
no_disease_to_disease,genetic_cfe,Baseline,0.1036492735147476,0.10364923027265693,0.10416800189043679,0.0005187716177798563,True
no_disease_to_disease,proposed_dp_eps16_sparse_diverse,DP-CounterGAN eps=16,0.1036637499928474,0.10366381529387513,0.1039768273385069,0.0003130120446317719,True
no_disease_to_disease,proposed_dp_eps4_sparse_diverse,DP-CounterGAN eps=4,0.1036637499928474,0.10366381529387513,0.10397399323811149,0.00031017794423636447,True
no_disease_to_disease,proposed_countergan,Non-DP CounterGAN,0.1036699265241622,0.10366991787663705,0.10347028968576726,0.00019962819086979944,True
disease_to_no_disease,countergan_sparse_diverse_no_dp,Non-DP CounterGAN,-0.1036738008260726,-0.10367378048105841,-0.10349661123185798,0.00017716924920042898,True
disease_to_no_disease,proposed_dp_eps16_sparse_diverse,DP-CounterGAN eps=16,-0.1036738008260726,-0.10367378048105841,-0.10346038474619208,0.00021339573486632568,True
disease_to_no_disease,proposed_dp_eps2_sparse_diverse,DP-CounterGAN eps=2,-0.1036738008260726,-0.10367378048105841,-0.10347896463032273,0.0001948158507356773,True
disease_to_no_disease,proposed_dp_eps4_sparse_diverse,DP-CounterGAN eps=4,-0.1036738008260726,-0.10367378048105841,-0.10349075252283532,0.00018302795822308648,True
disease_to_no_disease,proposed_dp_eps8_sparse_diverse,DP-CounterGAN eps=8,-0.1036738008260726,-0.10367378048105841,-0.10350351583311845,0.000170264647939955,True
disease_to_no_disease,proposed_dp_eps8_sparse_diverse,DP-CounterGAN eps=8,-0.1037165075540542,-0.10371657463387324,-0.1043930484232257,0.0006764737893524692,True
no_disease_to_disease,proposed_dp_eps8_sparse_diverse,DP-CounterGAN eps=8,0.1037201732397079,0.10372020988141653,0.10463314262158485,0.0009129327401683207,True
disease_to_no_disease,genetic_cfe,Baseline,-0.103730171918869,-0.10373012873841414,-0.10392283227609429,0.0001927035376801528,True
no_disease_to_disease,proposed_dp_eps4_sparse_diverse,DP-CounterGAN eps=4,0.1037312895059585,0.10373128492215417,0.10417102119039182,0.00043973626823765044,True
no_disease_to_disease,proposed_dp_eps2_sparse_diverse,DP-CounterGAN eps=2,0.1037313342094421,0.10373128492215417,0.10416140816504112,0.00043012324288695114,True
no_disease_to_disease,proposed_dp_eps8_sparse_diverse,DP-CounterGAN eps=8,0.1037313342094421,0.10373128492215417,0.10413548624713696,0.0004042013249827975,True
disease_to_no_disease,proposed_dp_eps16_sparse_diverse,DP-CounterGAN eps=16,-0.1037337034940719,-0.10373377384866037,-0.10339880252463989,0.00033497132402048047,True
disease_to_no_disease,proposed_dp_eps4_sparse_diverse,DP-CounterGAN eps=4,-0.1037622541189193,-0.10376221790844015,-0.10422847840907214,0.0004662605006319903,True
no_disease_to_disease,proposed_dp_eps8_sparse_diverse,DP-CounterGAN eps=8,0.1037753373384475,0.10377537286974658,0.10490362213643212,0.0011282492666855326,True
no_disease_to_disease,countergan_sparse_diverse_no_dp,Non-DP CounterGAN,0.1037758290767669,0.10377583033845135,0.10455675593976137,0.0007809256013100174,True
no_disease_to_disease,proposed_dp_eps16_sparse_diverse,DP-CounterGAN eps=16,0.1037758290767669,0.10377583033845135,0.10455490209201491,0.000779071753563565,True
no_disease_to_disease,proposed_dp_eps2_sparse_diverse,DP-CounterGAN eps=2,0.1037758290767669,0.10377583033845135,0.10449127069077584,0.0007154403523244868,True
no_disease_to_disease,proposed_dp_eps4_sparse_diverse,DP-CounterGAN eps=4,0.1037758290767669,0.10377583033845135,0.10454725423518951,0.0007714238967381631,True
no_disease_to_disease,proposed_dp_eps8_sparse_diverse,DP-CounterGAN eps=8,0.1037758290767669,0.10377583033845135,0.10456135641834298,0.0007855260798916297,True
disease_to_no_disease,proposed_dp_eps4_sparse_diverse,DP-CounterGAN eps=4,-0.1037781685590744,-0.10377804202943919,-0.10379414002421886,1.6097994779668e-05,True
disease_to_no_disease,genetic_cfe,Baseline,-0.1038306504487991,-0.10383070972446867,-0.10355178893961717,0.0002789207848515052,True
disease_to_no_disease,countergan_sparse_diverse_no_dp,Non-DP CounterGAN,-0.1038594543933868,-0.10385944780569423,-0.1043453759685718,0.0004859281628775691,True
no_disease_to_disease,uniform_random,Baseline,0.1039492487907409,0.10394929015224669,0.10535833499214273,0.0014090448398960398,True
disease_to_no_disease,proposed_dp_eps8_sparse_diverse,DP-CounterGAN eps=8,-0.1040039658546447,-0.1040038953269441,-0.10502721323393384,0.001023317906989743,True
no_disease_to_disease,proposed_dp_eps8_sparse_diverse,DP-CounterGAN eps=8,0.1040225997567176,0.10402263392033033,0.1034267481388538,0.0005958857814765267,True
disease_to_no_disease,proposed_dp_eps4_sparse_diverse,DP-CounterGAN eps=4,-0.1040577590465545,-0.10405778625742954,-0.10348158267884877,0.000576203578580764,True
no_disease_to_disease,proposed_dp_eps16_sparse_diverse,DP-CounterGAN eps=16,0.1040580123662948,0.10405801371339798,0.10338246859367123,0.0006755451197267559,True
no_disease_to_disease,proposed_dp_eps16_sparse_diverse,DP-CounterGAN eps=16,0.1040610074996948,0.10406107766892206,0.1050160350573189,0.0009549573883968349,True
disease_to_no_disease,uniform_random,Baseline,-0.1040878742933273,-0.10408813814515105,-0.10747031905180533,0.003382180906654278,True
no_disease_to_disease,proposed_dp_eps4_sparse_diverse,DP-CounterGAN eps=4,0.10408815741539,0.10408814180235804,0.10281780002374871,0.001270341778609324,True
disease_to_no_disease,uniform_random,Baseline,-0.1041272431612014,-0.10412724623293157,-0.10395984270839556,0.00016740352453600837,True
disease_to_no_disease,genetic_cfe,Baseline,-0.1041524112224578,-0.1041523112908807,-0.10426499643508268,0.00011268514420197107,True
disease_to_no_disease,uniform_random,Baseline,-0.1041524112224578,-0.1041523112908807,-0.1041883173075271,3.600601664639769e-05,True
disease_to_no_disease,proposed_dp_eps2_sparse_diverse,DP-CounterGAN eps=2,-0.1041768789291381,-0.1041769427091434,-0.1048772465852498,0.0007003038761063951,True
no_disease_to_disease,countergan_sparse_diverse_no_dp,Non-DP CounterGAN,0.1041777580976486,0.10417782206666014,0.10473798431436991,0.0005601622477097723,True
no_disease_to_disease,uniform_random,Baseline,0.1042001470923423,0.10420000774426832,0.10458638070043284,0.0003863729561645185,True
disease_to_no_disease,genetic_cfe,Baseline,-0.1042157560586929,-0.10421577474757762,-0.10365079220696169,0.0005649825406159326,True
disease_to_no_disease,countergan_sparse_diverse_no_dp,Non-DP CounterGAN,-0.1042337268590927,-0.10423364999990042,-0.10487519378950558,0.0006415437896051535,True
disease_to_no_disease,proposed_dp_eps16_sparse_diverse,DP-CounterGAN eps=16,-0.1042337268590927,-0.10423364999990042,-0.10500349467241245,0.0007698446725120239,True
disease_to_no_disease,proposed_dp_eps2_sparse_diverse,DP-CounterGAN eps=2,-0.1042337268590927,-0.10423364999990042,-0.10488488331705224,0.0006512333171518198,True
disease_to_no_disease,proposed_dp_eps4_sparse_diverse,DP-CounterGAN eps=4,-0.1042337268590927,-0.10423364999990042,-0.10495528665078513,0.000721636650884705,True
disease_to_no_disease,proposed_dp_eps8_sparse_diverse,DP-CounterGAN eps=8,-0.1042337268590927,-0.10423364999990042,-0.104914265927053,0.0006806159271525725,True
disease_to_no_disease,proposed_dp_eps16_sparse_diverse,DP-CounterGAN eps=16,-0.1042428165674209,-0.10424281285958814,-0.10391978126698502,0.00032303159260312075,True
disease_to_no_disease,proposed_dp_eps2_sparse_diverse,DP-CounterGAN eps=2,-0.1042735427618026,-0.104273398345607,-0.10477600581866055,0.0005026074730535429,True
no_disease_to_disease,proposed_dp_eps8_sparse_diverse,DP-CounterGAN eps=8,0.1042743325233459,0.10427428323102794,0.10494417797288816,0.0006698947418602164,True
disease_to_no_disease,genetic_cfe,Baseline,-0.1042891144752502,-0.10428898795298558,-0.10439917190937707,0.00011018395639149359,True
disease_to_no_disease,proposed_dp_eps8_sparse_diverse,DP-CounterGAN eps=8,-0.1043256968259811,-0.10432565787600445,-0.10394679181505642,0.0003788660609480299,True
disease_to_no_disease,proposed_countergan,Non-DP CounterGAN,-0.1043472290039062,-0.10434722494519807,-0.10457787698204325,0.00023065203684517754,True
no_disease_to_disease,proposed_dp_eps4_sparse_diverse,DP-CounterGAN eps=4,0.1043619737029075,0.10436204429503522,0.10511442545231504,0.0007523811572798245,True
disease_to_no_disease,countergan_sparse_diverse_no_dp,Non-DP CounterGAN,-0.104394644498825,-0.10439464076307908,-0.1043294793511757,6.516141190338054e-05,True
disease_to_no_disease,proposed_dp_eps16_sparse_diverse,DP-CounterGAN eps=16,-0.104394644498825,-0.10439464076307908,-0.1043374678200846,5.717294299448228e-05,True
disease_to_no_disease,proposed_dp_eps2_sparse_diverse,DP-CounterGAN eps=2,-0.104394644498825,-0.10439464076307908,-0.10429814549219453,9.64952708845529e-05,True
no_disease_to_disease,countergan_sparse_diverse_no_dp,Non-DP CounterGAN,0.1043995171785354,0.10439947902523707,0.10506225165491354,0.0006627726296764697,True
no_disease_to_disease,proposed_dp_eps16_sparse_diverse,DP-CounterGAN eps=16,0.1043995171785354,0.10439947902523707,0.10509385641012742,0.0006943773848903517,True
no_disease_to_disease,proposed_dp_eps2_sparse_diverse,DP-CounterGAN eps=2,0.1043995171785354,0.10439947902523707,0.10510060087046975,0.0007011218452326884,True
disease_to_no_disease,proposed_dp_eps4_sparse_diverse,DP-CounterGAN eps=4,-0.1044150441884994,-0.10441498344045413,-0.10379433539644341,0.000620648044010727,True
disease_to_no_disease,proposed_dp_eps4_sparse_diverse,DP-CounterGAN eps=4,-0.1044964045286178,-0.10449638994137428,-0.10564020495008207,0.0011438150087077908,True
no_disease_to_disease,countergan_sparse_diverse_no_dp,Non-DP CounterGAN,0.1045101135969162,0.10451007823176081,0.10554179863605397,0.0010317204042931544,True
disease_to_no_disease,proposed_countergan,Non-DP CounterGAN,-0.1045256853103637,-0.10452552127445064,-0.10454820610380108,2.268482935044447e-05,True
no_disease_to_disease,proposed_dp_eps2_sparse_diverse,DP-CounterGAN eps=2,0.1045511290431022,0.10455114893709427,0.10539799305851262,0.000846844121418347,True
disease_to_no_disease,proposed_dp_eps16_sparse_diverse,DP-CounterGAN eps=16,-0.1045705080032348,-0.10457043499639718,-0.10511622855133185,0.0005457935549346704,True
disease_to_no_disease,proposed_dp_eps16_sparse_diverse,DP-CounterGAN eps=16,-0.1045766770839691,-0.10457665500367452,-0.10473654332595253,0.00015988832227800676,True
disease_to_no_disease,proposed_dp_eps2_sparse_diverse,DP-CounterGAN eps=2,-0.1045973598957061,-0.10459732607568725,-0.10427337772554561,0.00032394835014164236,True
disease_to_no_disease,proposed_dp_eps16_sparse_diverse,DP-CounterGAN eps=16,-0.1046244651079177,-0.10462450836421772,-0.10451635038632388,0.00010815797789383297,True
disease_to_no_disease,countergan_sparse_diverse_no_dp,Non-DP CounterGAN,-0.1046273410320282,-0.10462738569720148,-0.10434328507074583,0.0002841006264556467,True
disease_to_no_disease,proposed_dp_eps16_sparse_diverse,DP-CounterGAN eps=16,-0.1046273410320282,-0.10462738569720148,-0.1043286428812015,0.00029874281599998054,True
disease_to_no_disease,genetic_cfe,Baseline,-0.104718416929245,-0.10471845000623078,-0.1050299144309445,0.00031146442471371993,True
no_disease_to_disease,proposed_dp_eps4_sparse_diverse,DP-CounterGAN eps=4,0.1047435998916626,0.10474362240614739,0.10476539441445372,2.177200830633108e-05,True
no_disease_to_disease,proposed_dp_eps8_sparse_diverse,DP-CounterGAN eps=8,0.1047635972499847,0.10476362261993137,0.10610704045285299,0.00134341783292162,True
no_disease_to_disease,genetic_cfe,Baseline,0.1047766804695129,0.10477670884614633,0.10518721905368614,0.0004105102075398076,True
disease_to_no_disease,genetic_cfe,Baseline,-0.1048048734664917,-0.1048048400940711,-0.10471058084061484,9.42592534562553e-05,True
disease_to_no_disease,uniform_random,Baseline,-0.1048545092344284,-0.10485450051107975,-0.10487136752203043,1.6867010950674666e-05,True
disease_to_no_disease,genetic_cfe,Baseline,-0.1048863530158996,-0.10488636226448028,-0.1045098785496067,0.0003764837148735878,True
disease_to_no_disease,genetic_cfe,Baseline,-0.1049204766750335,-0.10492045098475372,-0.10464815813310999,0.00027229285164373507,True
disease_to_no_disease,proposed_dp_eps2_sparse_diverse,DP-CounterGAN eps=2,-0.1049474775791168,-0.10494737974520335,-0.10497164186497453,2.4262119771176205e-05,True
disease_to_no_disease,proposed_countergan,Non-DP CounterGAN,-0.1049686074256897,-0.10496857841379292,-0.10473722832286234,0.00023135009093058767,True
no_disease_to_disease,genetic_cfe,Baseline,0.1049840524792671,0.10498411978708987,0.10532542089976142,0.00034130111267155483,True
disease_to_no_disease,genetic_cfe,Baseline,-0.1050217747688293,-0.10502173233707013,-0.10410498384893235,0.0009167484881377752,True
no_disease_to_disease,proposed_dp_eps16_sparse_diverse,DP-CounterGAN eps=16,0.1050451397895813,0.10504514822477352,0.10615923887656274,0.001114090651789218,True
no_disease_to_disease,proposed_dp_eps2_sparse_diverse,DP-CounterGAN eps=2,0.1050451397895813,0.10504514822477352,0.10616970638871931,0.0011245581639457852,True
no_disease_to_disease,proposed_dp_eps4_sparse_diverse,DP-CounterGAN eps=4,0.1050451397895813,0.10504514822477352,0.10616847049474179,0.001123322269968266,True
no_disease_to_disease,proposed_dp_eps8_sparse_diverse,DP-CounterGAN eps=8,0.1050451397895813,0.10504514822477352,0.10617019041245011,0.0011250421876765893,True
disease_to_no_disease,countergan_sparse_diverse_no_dp,Non-DP CounterGAN,-0.1050547361373901,-0.10505470743156745,-0.10500507504020272,4.963239136472619e-05,True
disease_to_no_disease,proposed_dp_eps16_sparse_diverse,DP-CounterGAN eps=16,-0.1050547361373901,-0.10505470743156745,-0.10499193183330421,6.277559826323165e-05,True
disease_to_no_disease,proposed_dp_eps2_sparse_diverse,DP-CounterGAN eps=2,-0.1050547361373901,-0.10505470743156745,-0.10495228513315427,0.00010242229841317396,True
no_disease_to_disease,proposed_dp_eps8_sparse_diverse,DP-CounterGAN eps=8,0.1050624400377273,0.10506241300082077,0.10544280836301063,0.000380395362189867,True
disease_to_no_disease,proposed_dp_eps2_sparse_diverse,DP-CounterGAN eps=2,-0.1050636023283004,-0.10506361754071675,-0.10552944035717551,0.00046582281645876633,True
disease_to_no_disease,proposed_dp_eps4_sparse_diverse,DP-CounterGAN eps=4,-0.1051055490970611,-0.10510546321125794,-0.10623422344729046,0.0011287602360325194,True
no_disease_to_disease,proposed_dp_eps2_sparse_diverse,DP-CounterGAN eps=2,0.1051400303840637,0.10514007132940015,0.10559999879550692,0.00045992746610677704,True
no_disease_to_disease,proposed_dp_eps8_sparse_diverse,DP-CounterGAN eps=8,0.1051400303840637,0.10514007132940015,0.10563983225953509,0.0004997609301349432,True
no_disease_to_disease,genetic_cfe,Baseline,0.1051498353481292,0.10514992422934338,0.10644342652551998,0.001293502296176599,True
disease_to_no_disease,genetic_cfe,Baseline,-0.1051576137542724,-0.10515749480869196,-0.10460592459941952,0.0005515702092724478,True
disease_to_no_disease,proposed_dp_eps8_sparse_diverse,DP-CounterGAN eps=8,-0.1051599383354187,-0.10515997225791301,-0.10466094327375151,0.0004990289841615009,True
disease_to_no_disease,proposed_dp_eps8_sparse_diverse,DP-CounterGAN eps=8,-0.1051656156778335,-0.10516559220408622,-0.10556923145019331,0.00040363924610709034,True
disease_to_no_disease,genetic_cfe,Baseline,-0.1051666885614395,-0.1051666809690783,-0.1049664792130715,0.0002002017560067959,True
disease_to_no_disease,proposed_dp_eps16_sparse_diverse,DP-CounterGAN eps=16,-0.1052044630050659,-0.1052044280909965,-0.10542261539192259,0.0002181873009260843,True
disease_to_no_disease,proposed_dp_eps4_sparse_diverse,DP-CounterGAN eps=4,-0.1052069067955017,-0.10520689212394913,-0.10474968417396734,0.0004572079499817888,True
disease_to_no_disease,uniform_random,Baseline,-0.1052174866199493,-0.10521737595041059,-0.10601682474514176,0.0007994487947311779,True
no_disease_to_disease,proposed_dp_eps4_sparse_diverse,DP-CounterGAN eps=4,0.1052234843373298,0.10522354330644787,0.10629856312601378,0.0010750198195659116,True
disease_to_no_disease,countergan_sparse_diverse_no_dp,Non-DP CounterGAN,-0.1052321940660476,-0.10523218454715316,-0.10477278660228001,0.0004593979448731522,True
disease_to_no_disease,proposed_dp_eps16_sparse_diverse,DP-CounterGAN eps=16,-0.1052321940660476,-0.10523218454715316,-0.10471859804389547,0.0005135865032576958,True
disease_to_no_disease,proposed_dp_eps2_sparse_diverse,DP-CounterGAN eps=2,-0.1052321940660476,-0.10523218454715316,-0.1048328189872076,0.0003993655599455609,True
disease_to_no_disease,proposed_dp_eps4_sparse_diverse,DP-CounterGAN eps=4,-0.1052321940660476,-0.10523218454715316,-0.10482703279791147,0.00040515174924168895,True
disease_to_no_disease,proposed_dp_eps8_sparse_diverse,DP-CounterGAN eps=8,-0.1052321940660476,-0.10523218454715316,-0.10481481547089913,0.00041736907625403163,True
no_disease_to_disease,uniform_random,Baseline,0.1052818298339843,0.10528186067485182,0.10609563352986637,0.0008137728550145495,True
no_disease_to_disease,proposed_countergan,Non-DP CounterGAN,0.1053103655576706,0.1053103528893661,0.1056778943014135,0.0003675414120473952,True
no_disease_to_disease,genetic_cfe,Baseline,0.1053168401122093,0.10531690915263552,0.10591035424919022,0.0005934450965547067,True
disease_to_no_disease,uniform_random,Baseline,-0.1053194999694824,-0.10531946547467658,-0.10518625273154066,0.00013321274313592146,True
no_disease_to_disease,proposed_dp_eps16_sparse_diverse,DP-CounterGAN eps=16,0.1053289026021957,0.1053289968075351,0.10624638823351501,0.0009173914259799076,True
no_disease_to_disease,proposed_dp_eps2_sparse_diverse,DP-CounterGAN eps=2,0.1053289026021957,0.1053289968075351,0.10633035995937147,0.001001363151836368,True
no_disease_to_disease,genetic_cfe,Baseline,0.1053679659962654,0.10536798625027945,0.10638122491709603,0.0010132386668165877,True
disease_to_no_disease,genetic_cfe,Baseline,-0.1054250299930572,-0.10542501080620481,-0.10562630436313489,0.00020129355693007667,True
disease_to_no_disease,countergan_sparse_diverse_no_dp,Non-DP CounterGAN,-0.1054272055625915,-0.10542712433320489,-0.10586196737730706,0.00043484304410217056,True
disease_to_no_disease,proposed_dp_eps8_sparse_diverse,DP-CounterGAN eps=8,-0.1054594367742538,-0.10545945746508975,-0.10609654046575309,0.000637083000663341,True
disease_to_no_disease,proposed_dp_eps16_sparse_diverse,DP-CounterGAN eps=16,-0.1055069118738174,-0.10550688422183965,-0.10597323648162521,0.0004663522597855574,True
disease_to_no_disease,proposed_dp_eps8_sparse_diverse,DP-CounterGAN eps=8,-0.1055188775062561,-0.10551877496014639,-0.1060573795683947,0.0005386046082483109,True
no_disease_to_disease,uniform_random,Baseline,0.1055262982845306,0.10552633807723336,0.10622922963297975,0.0007028915557463905,True
disease_to_no_disease,proposed_dp_eps16_sparse_diverse,DP-CounterGAN eps=16,-0.1055286228656768,-0.1055286022384666,-0.10629145758053286,0.000762855342066257,True
disease_to_no_disease,uniform_random,Baseline,-0.1055592596530914,-0.10555916088665876,-0.10532443105402682,0.00023472983263193858,True
disease_to_no_disease,proposed_dp_eps16_sparse_diverse,DP-CounterGAN eps=16,-0.1055602431297302,-0.105560180428969,-0.10554728523042754,1.2895198541459929e-05,True
disease_to_no_disease,proposed_dp_eps2_sparse_diverse,DP-CounterGAN eps=2,-0.1055602431297302,-0.105560180428969,-0.10557953318732016,1.9352758351159904e-05,True
disease_to_no_disease,proposed_dp_eps4_sparse_diverse,DP-CounterGAN eps=4,-0.1055602431297302,-0.105560180428969,-0.10559318786883774,3.300743986874022e-05,True
disease_to_no_disease,proposed_dp_eps8_sparse_diverse,DP-CounterGAN eps=8,-0.1055602431297302,-0.105560180428969,-0.10557184410189983,1.1663672930831148e-05,True
disease_to_no_disease,proposed_dp_eps16_sparse_diverse,DP-CounterGAN eps=16,-0.1055621802806854,-0.10556220514775441,-0.10515655232843772,0.0004056528193166903,True
disease_to_no_disease,proposed_dp_eps16_sparse_diverse,DP-CounterGAN eps=16,-0.1055843234062194,-0.10558426928259076,-0.10494298598489368,0.0006412832976970817,True
no_disease_to_disease,countergan_sparse_diverse_no_dp,Non-DP CounterGAN,0.1055907309055328,0.1055907304568932,0.10574603350361389,0.00015530304672069228,True
no_disease_to_disease,proposed_dp_eps2_sparse_diverse,DP-CounterGAN eps=2,0.1055907309055328,0.1055907304568932,0.10578258947670519,0.00019185901981198794,True
no_disease_to_disease,proposed_dp_eps8_sparse_diverse,DP-CounterGAN eps=8,0.1055907309055328,0.1055907304568932,0.10575373376724921,0.00016300331035601356,True
no_disease_to_disease,countergan_sparse_diverse_no_dp,Non-DP CounterGAN,0.10562264919281,0.10562268192334592,0.10663556907069979,0.0010128871473538692,True
no_disease_to_disease,proposed_dp_eps16_sparse_diverse,DP-CounterGAN eps=16,0.10562264919281,0.10562268192334592,0.10663187659317856,0.0010091946698326387,True
no_disease_to_disease,proposed_dp_eps2_sparse_diverse,DP-CounterGAN eps=2,0.10562264919281,0.10562268192334592,0.10665020540102312,0.0010275234776771919,True
no_disease_to_disease,proposed_dp_eps4_sparse_diverse,DP-CounterGAN eps=4,0.10562264919281,0.10562268192334592,0.10663040152126396,0.0010077195979180387,True
disease_to_no_disease,proposed_dp_eps8_sparse_diverse,DP-CounterGAN eps=8,-0.1056915968656539,-0.10569155777731798,-0.10538036980121901,0.00031118797609897,True
no_disease_to_disease,countergan_sparse_diverse_no_dp,Non-DP CounterGAN,0.105740338563919,0.10574054138206194,0.10672528507214768,0.0009847436900857348,True
no_disease_to_disease,proposed_dp_eps16_sparse_diverse,DP-CounterGAN eps=16,0.105740338563919,0.10574054138206194,0.10668540377681064,0.0009448623947486967,True
no_disease_to_disease,proposed_dp_eps2_sparse_diverse,DP-CounterGAN eps=2,0.105740338563919,0.10574054138206194,0.10667944372319903,0.0009389023411370823,True
no_disease_to_disease,proposed_dp_eps4_sparse_diverse,DP-CounterGAN eps=4,0.105740338563919,0.10574054138206194,0.10669447158312606,0.0009539302010641154,True
no_disease_to_disease,proposed_dp_eps8_sparse_diverse,DP-CounterGAN eps=8,0.105740338563919,0.10574054138206194,0.10675667713274893,0.0010161357506869861,True
disease_to_no_disease,uniform_random,Baseline,-0.1057700812816619,-0.1057699894888949,-0.10525780289749345,0.0005121865914014534,True
no_disease_to_disease,countergan_one_shot,Non-DP CounterGAN,0.1057703346014022,0.10577035749110705,0.10628780960280612,0.0005174521116990682,True
no_disease_to_disease,proposed_dp_eps2_sparse_diverse,DP-CounterGAN eps=2,0.1057766452431678,0.10577659946795755,0.10559463852303255,0.00018196094492499426,True
disease_to_no_disease,countergan_sparse_diverse_no_dp,Non-DP CounterGAN,-0.1057809293270111,-0.10578090216281616,-0.10666469690612368,0.00088379474330752,True
disease_to_no_disease,countergan_sparse_diverse_no_dp,Non-DP CounterGAN,-0.1058153808116912,-0.10581541915728848,-0.10570366835981818,0.00011175079747030581,True
disease_to_no_disease,proposed_dp_eps16_sparse_diverse,DP-CounterGAN eps=16,-0.1058153808116912,-0.10581541915728848,-0.10571855395118995,9.686520609852867e-05,True
disease_to_no_disease,proposed_dp_eps2_sparse_diverse,DP-CounterGAN eps=2,-0.1058153808116912,-0.10581541915728848,-0.10573584908457566,7.95700727128229e-05,True
disease_to_no_disease,proposed_dp_eps4_sparse_diverse,DP-CounterGAN eps=4,-0.1058153808116912,-0.10581541915728848,-0.10569696702181884,0.00011845213546964051,True
disease_to_no_disease,proposed_dp_eps8_sparse_diverse,DP-CounterGAN eps=8,-0.1058153808116912,-0.10581541915728848,-0.10573899022345891,7.642893382957261e-05,True
disease_to_no_disease,proposed_dp_eps16_sparse_diverse,DP-CounterGAN eps=16,-0.1058175265789032,-0.10581745835601086,-0.10586192631503953,4.44679590286684e-05,True
no_disease_to_disease,countergan_sparse_diverse_no_dp,Non-DP CounterGAN,0.1058277115225792,0.10582776896010766,0.10607717813312374,0.0002494091730160797,True
disease_to_no_disease,countergan_sparse_diverse_no_dp,Non-DP CounterGAN,-0.1059174835681915,-0.10591748386315733,-0.10597242411843792,5.4940255280591654e-05,True
disease_to_no_disease,proposed_dp_eps16_sparse_diverse,DP-CounterGAN eps=16,-0.1059174835681915,-0.10591748386315733,-0.10596029104307961,4.280717992227734e-05,True
disease_to_no_disease,proposed_dp_eps2_sparse_diverse,DP-CounterGAN eps=2,-0.1059174835681915,-0.10591748386315733,-0.10594817114815032,3.0687284992989006e-05,True
disease_to_no_disease,proposed_dp_eps4_sparse_diverse,DP-CounterGAN eps=4,-0.1059174835681915,-0.10591748386315733,-0.10595036869820798,3.288483505065054e-05,True
disease_to_no_disease,proposed_dp_eps8_sparse_diverse,DP-CounterGAN eps=8,-0.1059174835681915,-0.10591748386315733,-0.10601943265731639,0.00010194879415906244,True
disease_to_no_disease,uniform_random,Baseline,-0.105957806110382,-0.10595776771538681,-0.10567269516021364,0.00028507255517316865,True
disease_to_no_disease,genetic_cfe,Baseline,-0.1059738993644714,-0.10597386519844387,-0.10610145582151072,0.000127590623066845,True
disease_to_no_disease,proposed_dp_eps2_sparse_diverse,DP-CounterGAN eps=2,-0.1059785336256027,-0.10597847812511349,-0.10561079387527732,0.00036768424983617265,True
disease_to_no_disease,proposed_dp_eps4_sparse_diverse,DP-CounterGAN eps=4,-0.1059785336256027,-0.10597847812511349,-0.10564039887723302,0.00033807924788047117,True
disease_to_no_disease,proposed_countergan,Non-DP CounterGAN,-0.1060023307800293,-0.10600227528470912,-0.10642962724294804,0.00042735195823891126,True
no_disease_to_disease,proposed_dp_eps8_sparse_diverse,DP-CounterGAN eps=8,0.1060267984867096,0.1060268156370886,0.10667099121097158,0.0006441755738829796,True
no_disease_to_disease,uniform_random,Baseline,0.1060304418206214,0.10603035956995605,0.10723507650270567,0.001204716932749622,True
disease_to_no_disease,genetic_cfe,Baseline,-0.1060334742069244,-0.10603342398731647,-0.1064207514729543,0.00038732748563782837,True
no_disease_to_disease,genetic_cfe,Baseline,0.1060546189546585,0.10605456956254997,0.10711085097681126,0.001056281414261298,True
no_disease_to_disease,uniform_random,Baseline,0.1060546189546585,0.10605456956254997,0.10710984790101677,0.001055278338466803,True
disease_to_no_disease,proposed_dp_eps8_sparse_diverse,DP-CounterGAN eps=8,-0.1060851663351059,-0.10608513191750099,-0.1056530116027755,0.00043212031472548984,True
disease_to_no_disease,uniform_random,Baseline,-0.1060923337936401,-0.10609235158346961,-0.1058355430302523,0.00025680855321730256,True
no_disease_to_disease,proposed_dp_eps8_sparse_diverse,DP-CounterGAN eps=8,0.1060942113399505,0.10609421211611583,0.1065767048480318,0.0004824927319159733,True
no_disease_to_disease,genetic_cfe,Baseline,0.1060959547758102,0.10609596278638228,0.10729643280142016,0.0012004700150378828,True
no_disease_to_disease,proposed_dp_eps4_sparse_diverse,DP-CounterGAN eps=4,0.1061043515801429,0.10610432181793177,0.10777870669196318,0.0016743848740314177,True
disease_to_no_disease,genetic_cfe,Baseline,-0.1061108410358429,-0.10611077481891829,-0.10555819621311689,0.0005525786058013932,True
disease_to_no_disease,genetic_cfe,Baseline,-0.1061184853315353,-0.10611845931738795,-0.1060864347352713,3.2024582116652045e-05,True
no_disease_to_disease,wachter_style,Baseline,0.1061190366744995,0.10611904785711587,0.10680265122528512,0.0006836033681692499,True
disease_to_no_disease,proposed_dp_eps2_sparse_diverse,DP-CounterGAN eps=2,-0.1061356961727142,-0.10613567686308015,-0.10558701763990441,0.0005486592231757348,True
disease_to_no_disease,countergan_sparse_diverse_no_dp,Non-DP CounterGAN,-0.1061535626649856,-0.10615345929811768,-0.10669788699684214,0.0005444276987244673,True
disease_to_no_disease,proposed_dp_eps8_sparse_diverse,DP-CounterGAN eps=8,-0.1061535626649856,-0.10615345929811768,-0.10675641744472482,0.0006029581466071438,True
disease_to_no_disease,proposed_dp_eps8_sparse_diverse,DP-CounterGAN eps=8,-0.1061662584543228,-0.10616623166604233,-0.10597330778034385,0.0001929238856984844,True
disease_to_no_disease,proposed_dp_eps2_sparse_diverse,DP-CounterGAN eps=2,-0.1061850637197494,-0.10618498759664097,-0.10671502880790275,0.0005300412112617808,True
disease_to_no_disease,proposed_dp_eps16_sparse_diverse,DP-CounterGAN eps=16,-0.1061862707138061,-0.10618612792283261,-0.10717573671058211,0.0009896087877495074,True
disease_to_no_disease,countergan_sparse_diverse_no_dp,Non-DP CounterGAN,-0.1061948090791702,-0.10619476707661452,-0.10612423815614767,7.05289204668419e-05,True
disease_to_no_disease,genetic_cfe,Baseline,-0.1062086820602417,-0.10620861418498823,-0.10635046028136251,0.00014184609637428458,True
disease_to_no_disease,proposed_dp_eps4_sparse_diverse,DP-CounterGAN eps=4,-0.1062124371528625,-0.10621235759347075,-0.10579426452906031,0.0004180930644104436,True
disease_to_no_disease,proposed_dp_eps16_sparse_diverse,DP-CounterGAN eps=16,-0.1062158942222595,-0.10621583503802864,-0.10607133430149661,0.00014450073653203555,True
disease_to_no_disease,proposed_dp_eps8_sparse_diverse,DP-CounterGAN eps=8,-0.1062305122613906,-0.1062305119356581,-0.10690872281817874,0.0006782108825206384,True
no_disease_to_disease,proposed_dp_eps8_sparse_diverse,DP-CounterGAN eps=8,0.1062389388680458,0.10623897276113209,0.10689380922378201,0.0006548364626499242,True
disease_to_no_disease,uniform_random,Baseline,-0.1062501072883606,-0.10625007690696295,-0.10662153090249725,0.0003714539955343016,True
disease_to_no_disease,uniform_random,Baseline,-0.1062650978565216,-0.10626506868384408,-0.10598158463530259,0.0002834840485414908,True
no_disease_to_disease,proposed_dp_eps16_sparse_diverse,DP-CounterGAN eps=16,0.106278195977211,0.10627817213216988,0.1070674732838569,0.0007893011516870302,True
disease_to_no_disease,proposed_dp_eps16_sparse_diverse,DP-CounterGAN eps=16,-0.1062895059585571,-0.10628938451596687,-0.10631144564457257,2.206112860569931e-05,True
disease_to_no_disease,proposed_dp_eps2_sparse_diverse,DP-CounterGAN eps=2,-0.1062895059585571,-0.10628938451596687,-0.10622192654932809,6.74579666387759e-05,True
disease_to_no_disease,proposed_dp_eps4_sparse_diverse,DP-CounterGAN eps=4,-0.1062895059585571,-0.10628938451596687,-0.10630185958194352,1.24750659766526e-05,True
disease_to_no_disease,proposed_dp_eps4_sparse_diverse,DP-CounterGAN eps=4,-0.106289803981781,-0.10628980398137561,-0.10594322074905844,0.00034658323231716304,True
disease_to_no_disease,countergan_sparse_diverse_no_dp,Non-DP CounterGAN,-0.1063079386949539,-0.1063079743895182,-0.10648387871486563,0.00017590432534743405,True
disease_to_no_disease,countergan_sparse_diverse_no_dp,Non-DP CounterGAN,-0.1063127517700195,-0.10631268549107092,-0.1081782995009283,0.0018656140098573804,True
no_disease_to_disease,genetic_cfe,Baseline,0.1063211411237716,0.10632114811619771,0.10698440582851237,0.000663257712314666,True
no_disease_to_disease,countergan_sparse_diverse_no_dp,Non-DP CounterGAN,0.1063527837395668,0.10635283348332156,0.10764498394345393,0.0012921504601323686,True
no_disease_to_disease,proposed_dp_eps16_sparse_diverse,DP-CounterGAN eps=16,0.1063527837395668,0.10635283348332156,0.1076116382262249,0.0012588047429033383,True
no_disease_to_disease,proposed_dp_eps2_sparse_diverse,DP-CounterGAN eps=2,0.1063527837395668,0.10635283348332156,0.10759441054820412,0.0012415770648825653,True
no_disease_to_disease,proposed_dp_eps4_sparse_diverse,DP-CounterGAN eps=4,0.1063527837395668,0.10635283348332156,0.10766954773044742,0.001316714247125858,True
no_disease_to_disease,proposed_dp_eps8_sparse_diverse,DP-CounterGAN eps=8,0.1063527837395668,0.10635283348332156,0.10762385905854248,0.0012710255752209215,True
disease_to_no_disease,uniform_random,Baseline,-0.1063636839389801,-0.10636376592145358,-0.10665810568306876,0.0002943397616151783,True
disease_to_no_disease,countergan_sparse_diverse_no_dp,Non-DP CounterGAN,-0.1063997149467468,-0.10639960563293449,-0.10601396850938663,0.0003856371235478606,True
disease_to_no_disease,proposed_dp_eps16_sparse_diverse,DP-CounterGAN eps=16,-0.1063997149467468,-0.10639960563293449,-0.106055952442586,0.0003436531903484863,True
disease_to_no_disease,proposed_dp_eps2_sparse_diverse,DP-CounterGAN eps=2,-0.1063997149467468,-0.10639960563293449,-0.10602742889993867,0.00037217673299581866,True
disease_to_no_disease,proposed_dp_eps4_sparse_diverse,DP-CounterGAN eps=4,-0.1063997149467468,-0.10639960563293449,-0.10603323572035722,0.00036636991257726903,True
disease_to_no_disease,proposed_dp_eps8_sparse_diverse,DP-CounterGAN eps=8,-0.1063997149467468,-0.10639960563293449,-0.10605711502733486,0.00034249060559962685,True
no_disease_to_disease,genetic_cfe,Baseline,0.1064100489020347,0.10640996958248983,0.10773278085569955,0.0013228112732097258,True
no_disease_to_disease,proposed_dp_eps2_sparse_diverse,DP-CounterGAN eps=2,0.1064266189932823,0.10642667248900266,0.10699996221674901,0.0005732897277463539,True
disease_to_no_disease,proposed_dp_eps4_sparse_diverse,DP-CounterGAN eps=4,-0.1064349561929702,-0.10643495846313916,-0.10615029078259888,0.00028466768054027924,True
disease_to_no_disease,proposed_dp_eps2_sparse_diverse,DP-CounterGAN eps=2,-0.1064875125885009,-0.10648744204719515,-0.10724904934168668,0.0007616072944915259,True
no_disease_to_disease,countergan_sparse_diverse_no_dp,Non-DP CounterGAN,0.1064884662628173,0.10648847365362973,0.10574269177879854,0.0007457818748311945,True
no_disease_to_disease,countergan_sparse_diverse_no_dp,Non-DP CounterGAN,0.1064928174018859,0.10649281597221014,0.10688987481645407,0.00039705884424393045,True
no_disease_to_disease,dice_gradient_style,Baseline,0.1065135151147842,0.1065134848705784,0.10719329968906524,0.0006798148184868347,True
no_disease_to_disease,genetic_cfe,Baseline,0.1065168231725692,0.10651693943413101,0.10707738834178712,0.0005604489076561081,True
disease_to_no_disease,proposed_dp_eps4_sparse_diverse,DP-CounterGAN eps=4,-0.1065307855606079,-0.10653076752677432,-0.10587102552117067,0.0006597420056036474,True
disease_to_no_disease,proposed_dp_eps2_sparse_diverse,DP-CounterGAN eps=2,-0.1065537631511688,-0.10655367030346341,-0.10887826406924331,0.0023245937657798976,True
disease_to_no_disease,proposed_dp_eps4_sparse_diverse,DP-CounterGAN eps=4,-0.1065537631511688,-0.10655367030346341,-0.10879973402293405,0.0022460637194706423,True
disease_to_no_disease,proposed_dp_eps8_sparse_diverse,DP-CounterGAN eps=8,-0.1065537631511688,-0.10655367030346341,-0.10882375833656399,0.0022700880331005813,True
disease_to_no_disease,uniform_random,Baseline,-0.1065781563520431,-0.10657817169346573,-0.10610038142155692,0.00047779027190880674,True
no_disease_to_disease,countergan_sparse_diverse_no_dp,Non-DP CounterGAN,0.1065912395715713,0.10659113502589161,0.10721639900701453,0.0006252639811229199,True
disease_to_no_disease,uniform_random,Baseline,-0.1066475063562393,-0.10664747291626755,-0.106883597423677,0.00023612450740943813,True
disease_to_no_disease,uniform_random,Baseline,-0.1066612601280212,-0.10666126148045679,-0.10630087104941138,0.0003603904310454098,True
no_disease_to_disease,proposed_dp_eps2_sparse_diverse,DP-CounterGAN eps=2,0.1067216694355011,0.10672171713283146,0.10662137005199798,0.00010034708083347943,True
disease_to_no_disease,proposed_dp_eps2_sparse_diverse,DP-CounterGAN eps=2,-0.1067234128713607,-0.10672345876846151,-0.10672332443450168,1.3433395983086793e-07,True
disease_to_no_disease,uniform_random,Baseline,-0.1067375540733337,-0.10673753623885479,-0.10742314310081473,0.0006856068619599393,True
disease_to_no_disease,proposed_dp_eps16_sparse_diverse,DP-CounterGAN eps=16,-0.1068060845136642,-0.10680615780386979,-0.10696787071113442,0.00016171290726463283,True
disease_to_no_disease,uniform_random,Baseline,-0.106825515627861,-0.10682564777413076,-0.10781743460356905,0.0009917868294382903,True
no_disease_to_disease,proposed_countergan,Non-DP CounterGAN,0.1068272292613983,0.10682721494949055,0.10726196642397863,0.0004347514744880848,True
no_disease_to_disease,proposed_dp_eps4_sparse_diverse,DP-CounterGAN eps=4,0.1068272292613983,0.10682721494949055,0.10725156082142306,0.0004243458719325188,True
disease_to_no_disease,proposed_dp_eps4_sparse_diverse,DP-CounterGAN eps=4,-0.1068385690450668,-0.10683855955008634,-0.10692071829409336,8.21587440070215e-05,True
no_disease_to_disease,proposed_dp_eps4_sparse_diverse,DP-CounterGAN eps=4,0.1069115251302719,0.1069115909427209,0.10742025503485368,0.0005086640921327795,True
disease_to_no_disease,proposed_dp_eps8_sparse_diverse,DP-CounterGAN eps=8,-0.1069272756576538,-0.10692721260305044,-0.10641257101245517,0.0005146415905952634,True
disease_to_no_disease,proposed_dp_eps2_sparse_diverse,DP-CounterGAN eps=2,-0.106932908296585,-0.10693288286188754,-0.10707430956336025,0.0001414267014727133,True
disease_to_no_disease,proposed_dp_eps8_sparse_diverse,DP-CounterGAN eps=8,-0.1069419234991073,-0.10694190129618236,-0.10811587367277485,0.0011739723765924887,True
no_disease_to_disease,proposed_dp_eps4_sparse_diverse,DP-CounterGAN eps=4,0.1069693118333816,0.10696937902165168,0.10688813805086295,8.124097078873738e-05,True
disease_to_no_disease,uniform_random,Baseline,-0.1070333123207092,-0.10703327081112038,-0.10661643722725075,0.00041683358386962466,True
disease_to_no_disease,proposed_dp_eps4_sparse_diverse,DP-CounterGAN eps=4,-0.1071300655603408,-0.1071300135732495,-0.10666792499450534,0.0004620885787441631,True
disease_to_no_disease,proposed_dp_eps8_sparse_diverse,DP-CounterGAN eps=8,-0.1071300655603408,-0.1071300135732495,-0.10669042677191973,0.0004395868013297721,True
disease_to_no_disease,proposed_dp_eps8_sparse_diverse,DP-CounterGAN eps=8,-0.1071328222751617,-0.10713293458747872,-0.10666286987999726,0.00047006470748145457,True
no_disease_to_disease,countergan_sparse_diverse_no_dp,Non-DP CounterGAN,0.1071446239948272,0.10714457614263202,0.10775038736510101,0.0006058112224689854,True
disease_to_no_disease,proposed_dp_eps8_sparse_diverse,DP-CounterGAN eps=8,-0.107147142291069,-0.10714712525147499,-0.10697407439027173,0.00017305086120325552,True
disease_to_no_disease,proposed_dp_eps4_sparse_diverse,DP-CounterGAN eps=4,-0.1071996986865997,-0.10719965489231675,-0.1068397443404067,0.0003599105519100504,True
disease_to_no_disease,proposed_dp_eps8_sparse_diverse,DP-CounterGAN eps=8,-0.1071997433900833,-0.10719976059542674,-0.1079056858769332,0.0007059252815064532,True
no_disease_to_disease,countergan_sparse_diverse_no_dp,Non-DP CounterGAN,0.107207104563713,0.10720708925999343,0.10783199963725872,0.0006249103772652809,True
no_disease_to_disease,proposed_dp_eps4_sparse_diverse,DP-CounterGAN eps=4,0.107207104563713,0.10720708925999343,0.10783516265675855,0.0006280733967651136,True
disease_to_no_disease,proposed_dp_eps2_sparse_diverse,DP-CounterGAN eps=2,-0.1072912514209747,-0.10729121505230865,-0.10670202398590349,0.0005891910664051619,True
no_disease_to_disease,proposed_dp_eps8_sparse_diverse,DP-CounterGAN eps=8,0.1073092818260192,0.10730929766956959,0.10772257948768071,0.00041328181811112197,True
no_disease_to_disease,proposed_dp_eps4_sparse_diverse,DP-CounterGAN eps=4,0.1073138192296028,0.10731382616692425,0.10782393781991,0.0005101116529857425,True
disease_to_no_disease,uniform_random,Baseline,-0.1073211729526519,-0.10732118043976832,-0.10724537909736204,7.580134240628422e-05,True
no_disease_to_disease,countergan_sparse_diverse_no_dp,Non-DP CounterGAN,0.10733213275671,0.10733216308168929,0.10843415125833511,0.0011019881766458212,True
no_disease_to_disease,proposed_dp_eps16_sparse_diverse,DP-CounterGAN eps=16,0.1073323711752891,0.10733240350399545,0.10852329848425957,0.0011908949802641178,True
no_disease_to_disease,proposed_dp_eps4_sparse_diverse,DP-CounterGAN eps=4,0.1073323711752891,0.10733240350399545,0.10851103074502598,0.0011786272410305304,True
no_disease_to_disease,countergan_sparse_diverse_no_dp,Non-DP CounterGAN,0.1074027046561241,0.10740268271204675,0.10900137731164787,0.0015986945996011165,True
disease_to_no_disease,proposed_dp_eps4_sparse_diverse,DP-CounterGAN eps=4,-0.107415109872818,-0.10741492679811587,-0.10892229366375653,0.0015073668656406525,True
disease_to_no_disease,uniform_random,Baseline,-0.1074357628822326,-0.10743584196919315,-0.10713365526366808,0.0003021867055250649,True
disease_to_no_disease,proposed_dp_eps4_sparse_diverse,DP-CounterGAN eps=4,-0.1074399054050445,-0.10743981181196274,-0.10724273922943969,0.00019707258252305015,True
disease_to_no_disease,uniform_random,Baseline,-0.1074452996253967,-0.10744537650240649,-0.107562409558215,0.00011703305580851309,True
no_disease_to_disease,countergan_sparse_diverse_no_dp,Non-DP CounterGAN,0.1074494644999504,0.10744951643093605,0.10842861738910789,0.000979100958171844,True
no_disease_to_disease,proposed_dp_eps16_sparse_diverse,DP-CounterGAN eps=16,0.1074494644999504,0.10744951643093605,0.10841200106353291,0.0009624846325968633,True
no_disease_to_disease,proposed_dp_eps4_sparse_diverse,DP-CounterGAN eps=4,0.1074494644999504,0.10744951643093605,0.10843263926320264,0.000983122832266592,True
disease_to_no_disease,proposed_dp_eps2_sparse_diverse,DP-CounterGAN eps=2,-0.1074821352958679,-0.10748220044352008,-0.10699606544482383,0.0004861349986962499,True
disease_to_no_disease,countergan_sparse_diverse_no_dp,Non-DP CounterGAN,-0.1074955761432647,-0.10749552574473845,-0.10770537273888807,0.00020984699414962338,True
disease_to_no_disease,proposed_dp_eps16_sparse_diverse,DP-CounterGAN eps=16,-0.1075301319360733,-0.10753010701813853,-0.10830050671091443,0.0007703996927758971,True
disease_to_no_disease,uniform_random,Baseline,-0.1076060235500335,-0.10760598905273341,-0.10760803094940637,2.0418966729524035e-06,True
no_disease_to_disease,proposed_dp_eps16_sparse_diverse,DP-CounterGAN eps=16,0.1076781079173088,0.10767806986682882,0.10812234984425506,0.0004442799774262429,True
disease_to_no_disease,countergan_sparse_diverse_no_dp,Non-DP CounterGAN,-0.1076807677745819,-0.10768067677276599,-0.10770669156627702,2.6014793511025536e-05,True
no_disease_to_disease,uniform_random,Baseline,0.1076823621988296,0.10768238067376062,0.10886098607815224,0.0011786054043916167,True
disease_to_no_disease,genetic_cfe,Baseline,-0.1077217459678649,-0.10772172100388797,-0.10737976838009546,0.00034195262379251024,True
disease_to_no_disease,proposed_countergan,Non-DP CounterGAN,-0.1077480465173721,-0.10774802293834845,-0.10734773995876153,0.00040028297958692727,True
no_disease_to_disease,uniform_random,Baseline,0.1077681854367256,0.10776819395488908,0.10825620904455871,0.00048801508966962726,True
disease_to_no_disease,proposed_dp_eps8_sparse_diverse,DP-CounterGAN eps=8,-0.1078031808137893,-0.1078032172076997,-0.1077654159352229,3.78012724767951e-05,True
no_disease_to_disease,proposed_dp_eps16_sparse_diverse,DP-CounterGAN eps=16,0.1078155040740966,0.10781553243764298,0.10877875683153154,0.0009632243938885593,True
no_disease_to_disease,proposed_dp_eps8_sparse_diverse,DP-CounterGAN eps=8,0.1078502386808395,0.10785025427666739,0.10854970594733696,0.0006994516706695653,True
disease_to_no_disease,countergan_sparse_diverse_no_dp,Non-DP CounterGAN,-0.1079195737838745,-0.10791972565106056,-0.10939365177139761,0.0014739261203370463,True
no_disease_to_disease,proposed_dp_eps4_sparse_diverse,DP-CounterGAN eps=4,0.1079224348068237,0.10792234830436231,0.10862952770063244,0.00070717939627013,True
no_disease_to_disease,proposed_dp_eps4_sparse_diverse,DP-CounterGAN eps=4,0.1079290583729744,0.10792918336539396,0.10818870609379642,0.0002595227284024615,True
no_disease_to_disease,proposed_dp_eps8_sparse_diverse,DP-CounterGAN eps=8,0.1079290583729744,0.10792918336539396,0.10820160339261724,0.00027242002722327463,True
no_disease_to_disease,countergan_sparse_diverse_no_dp,Non-DP CounterGAN,0.1079291477799415,0.10792918336539396,0.10821918035521323,0.0002899969898192689,True
no_disease_to_disease,proposed_dp_eps2_sparse_diverse,DP-CounterGAN eps=2,0.1079291477799415,0.10792918336539396,0.10818335631133258,0.00025417294593861606,True
disease_to_no_disease,genetic_cfe,Baseline,-0.1079918891191482,-0.10799198357506665,-0.10759856196853158,0.0003934216065350632,True
disease_to_no_disease,proposed_dp_eps4_sparse_diverse,DP-CounterGAN eps=4,-0.1080134958028793,-0.10801356358191716,-0.10893121667372793,0.0009176530918107717,True
no_disease_to_disease,genetic_cfe,Baseline,0.1080205515027046,0.10802049555045068,0.1078575141459487,0.00016298140450198007,True
disease_to_no_disease,proposed_dp_eps8_sparse_diverse,DP-CounterGAN eps=8,-0.108037918806076,-0.10803792393198122,-0.10774317115302862,0.0002947527789526061,True
disease_to_no_disease,uniform_random,Baseline,-0.1080486178398132,-0.10804861609911592,-0.10751897878009664,0.0005296373190192827,True
disease_to_no_disease,uniform_random,Baseline,-0.1080858558416366,-0.10808575632799244,-0.1085489582374739,0.0004632019094814588,True
no_disease_to_disease,uniform_random,Baseline,0.1080871298909187,0.10808715477826439,0.10833902348772455,0.0002518687094601596,True
disease_to_no_disease,proposed_dp_eps16_sparse_diverse,DP-CounterGAN eps=16,-0.1080965846776962,-0.10809650622252617,-0.1079779948304081,0.00011851139211807582,True
disease_to_no_disease,proposed_dp_eps16_sparse_diverse,DP-CounterGAN eps=16,-0.1081212311983108,-0.10812120798723385,-0.10761757014843155,0.0005036378388022927,True
disease_to_no_disease,countergan_sparse_diverse_no_dp,Non-DP CounterGAN,-0.1081545650959014,-0.10815452344631138,-0.1080087109504608,0.00014581249585057798,True
disease_to_no_disease,uniform_random,Baseline,-0.1081789433956146,-0.10817893903031806,-0.10797404956414869,0.00020488946616936676,True
disease_to_no_disease,genetic_cfe,Baseline,-0.1081873476505279,-0.10818739794978571,-0.1081378370391773,4.956091060841217e-05,True
disease_to_no_disease,genetic_cfe,Baseline,-0.1082464754581451,-0.10824649399624786,-0.10841670604493092,0.0001702120486830605,True
disease_to_no_disease,uniform_random,Baseline,-0.1082464754581451,-0.10824649399624786,-0.10839869512307604,0.00015220112682817755,True
disease_to_no_disease,uniform_random,Baseline,-0.1082561314105987,-0.10825606950884359,-0.10827799799414524,2.192848530165048e-05,True
disease_to_no_disease,proposed_dp_eps8_sparse_diverse,DP-CounterGAN eps=8,-0.1082583963871002,-0.10825843829176096,-0.10882311263923891,0.0005646743474779503,True
disease_to_no_disease,proposed_dp_eps8_sparse_diverse,DP-CounterGAN eps=8,-0.1082934439182281,-0.10829344503828764,-0.10819527509060627,9.816994768137299e-05,True
no_disease_to_disease,proposed_dp_eps8_sparse_diverse,DP-CounterGAN eps=8,0.1083261966705322,0.10832622585873997,0.10886545608189253,0.0005392302231525675,True
disease_to_no_disease,uniform_random,Baseline,-0.1083300709724426,-0.10833003927111501,-0.10855287314573114,0.00022283387461613513,True
disease_to_no_disease,proposed_dp_eps4_sparse_diverse,DP-CounterGAN eps=4,-0.1083431243896484,-0.1083430729246268,-0.108706781757959,0.00036370883333219917,True
disease_to_no_disease,wachter_style,Baseline,-0.1083997189998626,-0.10839968328021882,-0.10893057078436222,0.0005308875041434014,True
disease_to_no_disease,uniform_random,Baseline,-0.1084005534648895,-0.10840053245958037,-0.10827539804182122,0.0001251344177591457,True
disease_to_no_disease,dice_gradient_style,Baseline,-0.1084106266498565,-0.10841052217876923,-0.10892132165067153,0.0005107994719023012,True
no_disease_to_disease,proposed_dp_eps2_sparse_diverse,DP-CounterGAN eps=2,0.1084219068288803,0.10842188460587043,0.10893486036292876,0.0005129757570583315,True
no_disease_to_disease,countergan_sparse_diverse_no_dp,Non-DP CounterGAN,0.1084400340914726,0.10844008882414508,0.10943642978574525,0.0009963409616001728,True
disease_to_no_disease,proposed_dp_eps16_sparse_diverse,DP-CounterGAN eps=16,-0.1084640622138977,-0.10846393225864265,-0.10893454208711158,0.0004706098284689292,True
no_disease_to_disease,proposed_dp_eps4_sparse_diverse,DP-CounterGAN eps=4,0.1084671765565872,0.10846706066851061,0.1091418091628613,0.0006747484943506882,True
no_disease_to_disease,proposed_dp_eps2_sparse_diverse,DP-CounterGAN eps=2,0.1085076481103897,0.10850754417227025,0.1100956465229339,0.001588102350663645,True
disease_to_no_disease,proposed_countergan,Non-DP CounterGAN,-0.1085091829299926,-0.10850910837680489,-0.1078976832710492,0.0006114251057556808,True
disease_to_no_disease,countergan_sparse_diverse_no_dp,Non-DP CounterGAN,-0.1085106432437896,-0.10851066550302968,-0.108084192234331,0.00042647326869868496,True
disease_to_no_disease,proposed_dp_eps2_sparse_diverse,DP-CounterGAN eps=2,-0.1085106432437896,-0.10851066550302968,-0.10815302140563755,0.0003576440973921263,True
disease_to_no_disease,proposed_dp_eps8_sparse_diverse,DP-CounterGAN eps=8,-0.1085106432437896,-0.10851066550302968,-0.10816296723457214,0.00034769826845754137,True
disease_to_no_disease,countergan_sparse_diverse_no_dp,Non-DP CounterGAN,-0.1085202693939209,-0.10852019140043301,-0.10797286760119108,0.000547323799241925,True
no_disease_to_disease,proposed_dp_eps4_sparse_diverse,DP-CounterGAN eps=4,0.1086738854646682,0.10867388597384112,0.10923424028478135,0.0005603543109402309,True
disease_to_no_disease,genetic_cfe,Baseline,-0.1086814701557159,-0.10868153845819029,-0.10876861717139352,8.70787132032369e-05,True
disease_to_no_disease,dice_gradient_style,Baseline,-0.1086833775043487,-0.10868331804466669,-0.10814105700023323,0.0005422610444334591,True
no_disease_to_disease,proposed_countergan,Non-DP CounterGAN,0.1087463349103927,0.1087463246744862,0.10945011518985286,0.0007037905153666618,True
disease_to_no_disease,proposed_countergan,Non-DP CounterGAN,-0.1087526381015777,-0.10875256583169934,-0.1087277335324794,2.48322992199429e-05,True
disease_to_no_disease,proposed_dp_eps16_sparse_diverse,DP-CounterGAN eps=16,-0.1087622344493866,-0.1087622234399589,-0.10957536524229267,0.0008131418023337722,True
disease_to_no_disease,uniform_random,Baseline,-0.1087622344493866,-0.1087622234399589,-0.10957528168354712,0.0008130582435882244,True
disease_to_no_disease,countergan_sparse_diverse_no_dp,Non-DP CounterGAN,-0.1087723970413208,-0.10877238239916637,-0.1091027092557067,0.00033032685654033056,True
disease_to_no_disease,uniform_random,Baseline,-0.1088044345378875,-0.10880443942634,-0.10847181305177835,0.0003326263745616481,True
no_disease_to_disease,proposed_dp_eps16_sparse_diverse,DP-CounterGAN eps=16,0.1088249236345291,0.10882497218885996,0.10963439261571317,0.0008094204268532107,True
disease_to_no_disease,uniform_random,Baseline,-0.1088261902332305,-0.10882624257739915,-0.1088603004017782,3.4057824379055135e-05,True
no_disease_to_disease,proposed_dp_eps8_sparse_diverse,DP-CounterGAN eps=8,0.1088268607854843,0.10882689072005608,0.10898094011490893,0.0001540493948528482,True
disease_to_no_disease,proposed_dp_eps4_sparse_diverse,DP-CounterGAN eps=4,-0.1088611483573913,-0.10886108034533071,-0.10838047544937508,0.0004806048959556247,True
disease_to_no_disease,proposed_dp_eps16_sparse_diverse,DP-CounterGAN eps=16,-0.1088835597038269,-0.10888357224617351,-0.10893864952941223,5.507728323872474e-05,True
disease_to_no_disease,proposed_dp_eps4_sparse_diverse,DP-CounterGAN eps=4,-0.1088835597038269,-0.10888357224617351,-0.10888198745171905,1.5847944544594705e-06,True
disease_to_no_disease,proposed_dp_eps4_sparse_diverse,DP-CounterGAN eps=4,-0.1089424788951873,-0.10894241352851097,-0.10885123386824101,9.11796602699605e-05,True
disease_to_no_disease,genetic_cfe,Baseline,-0.1089498400688171,-0.1089499242232907,-0.1085274979575342,0.0004224262657564898,True
disease_to_no_disease,genetic_cfe,Baseline,-0.1089538633823394,-0.10895379582687792,-0.10886312433114671,9.067149573120659e-05,True
disease_to_no_disease,countergan_sparse_diverse_no_dp,Non-DP CounterGAN,-0.1090836822986602,-0.10908363579413827,-0.10864115247736209,0.00044248331677618213,True
disease_to_no_disease,countergan_sparse_diverse_no_dp,Non-DP CounterGAN,-0.1091025173664093,-0.10910234376778333,-0.1101746867642787,0.0010723429964953762,True
disease_to_no_disease,proposed_dp_eps2_sparse_diverse,DP-CounterGAN eps=2,-0.10910364985466,-0.10910368343105653,-0.10938293619948447,0.00027925276842794,True
disease_to_no_disease,proposed_dp_eps2_sparse_diverse,DP-CounterGAN eps=2,-0.1091547906398773,-0.10915479720138577,-0.10855964946532522,0.00059514773606055,True
disease_to_no_disease,countergan_sparse_diverse_no_dp,Non-DP CounterGAN,-0.109267771244049,-0.10926773590923133,-0.109391280385367,0.00012354447613566188,True
disease_to_no_disease,proposed_dp_eps16_sparse_diverse,DP-CounterGAN eps=16,-0.109267771244049,-0.10926773590923133,-0.10941640565059985,0.0001486697413685123,True
disease_to_no_disease,proposed_dp_eps2_sparse_diverse,DP-CounterGAN eps=2,-0.109267771244049,-0.10926773590923133,-0.10942187616814862,0.00015414025891728744,True
disease_to_no_disease,proposed_dp_eps4_sparse_diverse,DP-CounterGAN eps=4,-0.109267771244049,-0.10926773590923133,-0.10945270217478142,0.00018496626555009055,True
disease_to_no_disease,proposed_dp_eps8_sparse_diverse,DP-CounterGAN eps=8,-0.109267771244049,-0.10926773590923133,-0.10940396694806998,0.00013623103883864118,True
disease_to_no_disease,genetic_cfe,Baseline,-0.1093324422836303,-0.10933244219861804,-0.10947742526181659,0.00014498306319854493,True
no_disease_to_disease,proposed_dp_eps16_sparse_diverse,DP-CounterGAN eps=16,0.1093474626541137,0.10934757329367925,0.10988963624313974,0.0005420629494604923,True
no_disease_to_disease,proposed_dp_eps8_sparse_diverse,DP-CounterGAN eps=8,0.1094025671482086,0.10940265810755676,0.11084438967630166,0.0014417315687449,True
no_disease_to_disease,proposed_dp_eps2_sparse_diverse,DP-CounterGAN eps=2,0.1094424873590469,0.10944249708273004,0.10916516140577928,0.0002773356769507629,True
disease_to_no_disease,proposed_dp_eps2_sparse_diverse,DP-CounterGAN eps=2,-0.1094466149806976,-0.1094466581154575,-0.10988714809990484,0.00044048998444733145,True
no_disease_to_disease,countergan_sparse_diverse_no_dp,Non-DP CounterGAN,0.1094789057970047,0.10947883582916676,0.1094973343968085,1.8498567641744845e-05,True
no_disease_to_disease,countergan_sparse_diverse_no_dp,Non-DP CounterGAN,0.1094851642847061,0.10948512408897348,0.11063407174185455,0.001148947652881066,True
no_disease_to_disease,proposed_dp_eps4_sparse_diverse,DP-CounterGAN eps=4,0.1094851791858673,0.10948524442642367,0.11037585540036993,0.000890610973946257,True
disease_to_no_disease,proposed_dp_eps4_sparse_diverse,DP-CounterGAN eps=4,-0.109530508518219,-0.10953055966137082,-0.1093615151945843,0.0001690444667865193,True
disease_to_no_disease,proposed_dp_eps16_sparse_diverse,DP-CounterGAN eps=16,-0.1095343828201294,-0.10953437672588717,-0.10905694809998369,0.0004774286259034838,True
disease_to_no_disease,uniform_random,Baseline,-0.1095391511917114,-0.10953912527375814,-0.10994764943412638,0.0004085241603682399,True
disease_to_no_disease,proposed_dp_eps16_sparse_diverse,DP-CounterGAN eps=16,-0.1095400154590606,-0.10953998458342357,-0.10929453600545226,0.00024544857797130504,True
disease_to_no_disease,proposed_dp_eps2_sparse_diverse,DP-CounterGAN eps=2,-0.1095400154590606,-0.10953998458342357,-0.10924992701397901,0.0002900575694445573,True
disease_to_no_disease,proposed_dp_eps4_sparse_diverse,DP-CounterGAN eps=4,-0.1095400154590606,-0.10953998458342357,-0.1092735101485136,0.0002664744349099718,True
disease_to_no_disease,uniform_random,Baseline,-0.1095690429210662,-0.1095690358538629,-0.10941904384296933,0.00014999201089357928,True
no_disease_to_disease,proposed_countergan,Non-DP CounterGAN,0.1095710024237632,0.10957103865070934,0.11020224748052222,0.0006312088298128793,True
no_disease_to_disease,proposed_countergan,Non-DP CounterGAN,0.109577789902687,0.1095777686162431,0.10985531723515668,0.00027754861891357563,True
disease_to_no_disease,genetic_cfe,Baseline,-0.1095988154411315,-0.1095987858324432,-0.10915762674025611,0.0004411590921870878,True
no_disease_to_disease,proposed_dp_eps4_sparse_diverse,DP-CounterGAN eps=4,0.109603464603424,0.10960352278750785,0.1097595983708533,0.0001560755833454608,True
disease_to_no_disease,genetic_cfe,Baseline,-0.1096091866493225,-0.10960919736390412,-0.10906497576434517,0.0005442215995589555,True
no_disease_to_disease,countergan_sparse_diverse_no_dp,Non-DP CounterGAN,0.1096248179674148,0.10962478739460527,0.10976121570889973,0.00013642831429445945,True
disease_to_no_disease,proposed_dp_eps2_sparse_diverse,DP-CounterGAN eps=2,-0.1096277832984924,-0.10962778152392771,-0.11075841846826558,0.0011306369443378622,True
disease_to_no_disease,proposed_dp_eps8_sparse_diverse,DP-CounterGAN eps=8,-0.1096452176570892,-0.10964516575107885,-0.11014364340333974,0.0004984776522608814,True
no_disease_to_disease,proposed_dp_eps8_sparse_diverse,DP-CounterGAN eps=8,0.1096579805016517,0.109657998926804,0.11046637739127403,0.0008083784644700304,True
no_disease_to_disease,uniform_random,Baseline,0.1096582859754562,0.10965831066294959,0.11010203839245626,0.0004437277295066683,True
disease_to_no_disease,proposed_dp_eps4_sparse_diverse,DP-CounterGAN eps=4,-0.1096695065498352,-0.10966949347909799,-0.11048669777436297,0.0008172042952649811,True
no_disease_to_disease,proposed_dp_eps8_sparse_diverse,DP-CounterGAN eps=8,0.1096732318401336,0.10967312009435982,0.11126304959865121,0.0015899295042913902,True
disease_to_no_disease,uniform_random,Baseline,-0.1096895039081573,-0.10968944321269558,-0.10952477017193474,0.00016467304076084321,True
disease_to_no_disease,proposed_dp_eps2_sparse_diverse,DP-CounterGAN eps=2,-0.1097035706043243,-0.10970357471015435,-0.10922969223944219,0.0004738824707121586,True
disease_to_no_disease,countergan_sparse_diverse_no_dp,Non-DP CounterGAN,-0.1097599565982818,-0.10975996966872298,-0.10927086063457142,0.000489109034151558,True
no_disease_to_disease,proposed_countergan,Non-DP CounterGAN,0.1098273620009422,0.10982738631016298,0.1104481754533167,0.0006207891431537216,True
no_disease_to_disease,proposed_countergan,Non-DP CounterGAN,0.109832763671875,0.10983275028938644,0.11112720213154716,0.0012944518421607182,True
disease_to_no_disease,proposed_dp_eps4_sparse_diverse,DP-CounterGAN eps=4,-0.1098402738571167,-0.1098402718647728,-0.10941841480526075,0.0004218570595120458,True
no_disease_to_disease,countergan_sparse_diverse_no_dp,Non-DP CounterGAN,0.1098958104848861,0.10989579487349407,0.11028773882351693,0.00039194395002285776,True
no_disease_to_disease,proposed_dp_eps16_sparse_diverse,DP-CounterGAN eps=16,0.1098958104848861,0.10989579487349407,0.11030678901349726,0.00041099414000318746,True
no_disease_to_disease,proposed_dp_eps2_sparse_diverse,DP-CounterGAN eps=2,0.1098958104848861,0.10989579487349407,0.11032346802512381,0.00042767315162973996,True
no_disease_to_disease,proposed_dp_eps4_sparse_diverse,DP-CounterGAN eps=4,0.1098958104848861,0.10989579487349407,0.11032221154118155,0.00042641666768747366,True
disease_to_no_disease,proposed_dp_eps2_sparse_diverse,DP-CounterGAN eps=2,-0.109919399023056,-0.1099193073936594,-0.10976279732364116,0.0001565100700182398,True
no_disease_to_disease,proposed_dp_eps8_sparse_diverse,DP-CounterGAN eps=8,0.1099259182810783,0.10992599110576398,0.11097635987692522,0.001050368771161242,True
no_disease_to_disease,proposed_dp_eps4_sparse_diverse,DP-CounterGAN eps=4,0.1099596917629242,0.10995966015194067,0.11104925144089674,0.0010895912889560683,True
no_disease_to_disease,proposed_dp_eps4_sparse_diverse,DP-CounterGAN eps=4,0.1099826842546463,0.10998265396531637,0.11130107997469971,0.0013184260093833389,True
disease_to_no_disease,countergan_sparse_diverse_no_dp,Non-DP CounterGAN,-0.1100063621997833,-0.11000644635188678,-0.10996751216741793,3.893418446884733e-05,True
disease_to_no_disease,proposed_dp_eps16_sparse_diverse,DP-CounterGAN eps=16,-0.1100063621997833,-0.11000644635188678,-0.10997219769647669,3.4248655410087925e-05,True
disease_to_no_disease,proposed_dp_eps2_sparse_diverse,DP-CounterGAN eps=2,-0.1100063621997833,-0.11000644635188678,-0.11001194785730292,5.50150541614447e-06,True
disease_to_no_disease,proposed_dp_eps4_sparse_diverse,DP-CounterGAN eps=4,-0.1100063621997833,-0.11000644635188678,-0.10998745940234943,1.898694953735014e-05,True
disease_to_no_disease,proposed_dp_eps8_sparse_diverse,DP-CounterGAN eps=8,-0.1100063621997833,-0.11000644635188678,-0.10998104517902985,2.5401172856931442e-05,True
no_disease_to_disease,uniform_random,Baseline,0.1100297048687934,0.11002977580528082,0.11060085405541449,0.0005710782501336664,True
disease_to_no_disease,uniform_random,Baseline,-0.1100511252880096,-0.11005115474671873,-0.11201849172365931,0.001967336976940584,True
no_disease_to_disease,countergan_sparse_diverse_no_dp,Non-DP CounterGAN,0.1100513041019439,0.1100512048977296,0.11066123826080092,0.000610033363071319,True
no_disease_to_disease,proposed_countergan,Non-DP CounterGAN,0.1100617796182632,0.11006183360455185,0.11032515665203467,0.0002633230474828191,True
disease_to_no_disease,uniform_random,Baseline,-0.1101255714893341,-0.11012552245248075,-0.10975981945412322,0.00036570299835753106,True
disease_to_no_disease,countergan_sparse_diverse_no_dp,Non-DP CounterGAN,-0.1101292371749877,-0.11012918607274491,-0.11003789695639533,9.128911634957715e-05,True
disease_to_no_disease,proposed_countergan,Non-DP CounterGAN,-0.1101434528827667,-0.11014348631130016,-0.10982418210552054,0.00031930420577962193,True
disease_to_no_disease,proposed_dp_eps4_sparse_diverse,DP-CounterGAN eps=4,-0.1101647913455963,-0.1101647155365148,-0.10981006977026804,0.00035464576624676114,True
no_disease_to_disease,proposed_dp_eps16_sparse_diverse,DP-CounterGAN eps=16,0.1101693734526634,0.11016934876078711,0.11066437605703307,0.0004950272962459534,True
disease_to_no_disease,genetic_cfe,Baseline,-0.1101782619953155,-0.11017823720046449,-0.11027532235532453,9.708515486003821e-05,True
no_disease_to_disease,proposed_dp_eps16_sparse_diverse,DP-CounterGAN eps=16,0.1102188825607299,0.11021887320864088,0.11113260832654324,0.0009137351179023673,True
no_disease_to_disease,proposed_dp_eps2_sparse_diverse,DP-CounterGAN eps=2,0.1102373152971267,0.11023736043367227,0.11065834041354157,0.0004209799798692987,True
disease_to_no_disease,uniform_random,Baseline,-0.1102944016456604,-0.11029437167164924,-0.1107041216438471,0.0004097499721978648,True
disease_to_no_disease,proposed_dp_eps16_sparse_diverse,DP-CounterGAN eps=16,-0.110296607017517,-0.11029661008465153,-0.11045283988541088,0.00015622980075935544,True
disease_to_no_disease,proposed_dp_eps2_sparse_diverse,DP-CounterGAN eps=2,-0.110296607017517,-0.11029661008465153,-0.11046805384059151,0.0001714437559399845,True
disease_to_no_disease,proposed_dp_eps4_sparse_diverse,DP-CounterGAN eps=4,-0.110296607017517,-0.11029661008465153,-0.11044785564742221,0.00015124556277068546,True
disease_to_no_disease,proposed_dp_eps8_sparse_diverse,DP-CounterGAN eps=8,-0.110296607017517,-0.11029661008465153,-0.11036822027905425,7.161019440272975e-05,True
disease_to_no_disease,genetic_cfe,Baseline,-0.1103100180625915,-0.11031004277462275,-0.10982610686090463,0.00048393591371811984,True
no_disease_to_disease,proposed_dp_eps8_sparse_diverse,DP-CounterGAN eps=8,0.1103236973285675,0.11032376457247378,0.1107880315195853,0.00046426694711151906,True
no_disease_to_disease,proposed_countergan,Non-DP CounterGAN,0.1103301793336868,0.11033029707740619,0.11060070876309178,0.0002704116856855898,True
no_disease_to_disease,proposed_dp_eps2_sparse_diverse,DP-CounterGAN eps=2,0.1103489473462104,0.11034892657501383,0.1109804272168065,0.0006315006417926677,True
disease_to_no_disease,genetic_cfe,Baseline,-0.1103606820106506,-0.11036059254880265,-0.1105358602707509,0.00017526772194824403,True
disease_to_no_disease,countergan_sparse_diverse_no_dp,Non-DP CounterGAN,-0.1104183197021484,-0.11041831236502742,-0.11016951870067711,0.00024879366435030803,True
disease_to_no_disease,proposed_dp_eps2_sparse_diverse,DP-CounterGAN eps=2,-0.110429435968399,-0.11042939708445831,-0.11014439673759949,0.0002850003468588269,True
disease_to_no_disease,proposed_dp_eps4_sparse_diverse,DP-CounterGAN eps=4,-0.110429435968399,-0.11042939708445831,-0.11017511050286177,0.00025428658159654116,True
no_disease_to_disease,genetic_cfe,Baseline,0.1104461848735809,0.11044631772164482,0.11149936054199362,0.0010530428203488068,True
disease_to_no_disease,proposed_dp_eps4_sparse_diverse,DP-CounterGAN eps=4,-0.1104627847671508,-0.11046273681956326,-0.11125655786048214,0.0007938210409188795,True
no_disease_to_disease,proposed_dp_eps2_sparse_diverse,DP-CounterGAN eps=2,0.1104907616972923,0.11049076708201787,0.11154069747980389,0.001049930397786017,True
no_disease_to_disease,proposed_dp_eps8_sparse_diverse,DP-CounterGAN eps=8,0.1104907616972923,0.11049076708201787,0.11159973519233518,0.0011089681103173127,True
no_disease_to_disease,proposed_dp_eps2_sparse_diverse,DP-CounterGAN eps=2,0.1104919910430908,0.11049203772772848,0.11109802083707816,0.0006059831093496865,True
no_disease_to_disease,proposed_dp_eps4_sparse_diverse,DP-CounterGAN eps=4,0.1105343699455261,0.11053434109001548,0.11128931680816283,0.0007549757181473521,True
no_disease_to_disease,proposed_dp_eps8_sparse_diverse,DP-CounterGAN eps=8,0.1105343699455261,0.11053434109001548,0.11128720755639396,0.0007528664663784823,True
no_disease_to_disease,countergan_sparse_diverse_no_dp,Non-DP CounterGAN,0.1106303259730339,0.11063039274772221,0.1110151201984118,0.00038472745068958425,True
no_disease_to_disease,proposed_dp_eps2_sparse_diverse,DP-CounterGAN eps=2,0.1106303259730339,0.11063039274772221,0.11106605456265473,0.0004356618149325142,True
no_disease_to_disease,proposed_dp_eps4_sparse_diverse,DP-CounterGAN eps=4,0.1106303259730339,0.11063039274772221,0.11112390100323814,0.0004935082555159315,True
no_disease_to_disease,genetic_cfe,Baseline,0.1107067316770553,0.11070667389475139,0.1114971737061111,0.0007904998113597156,True
disease_to_no_disease,proposed_dp_eps2_sparse_diverse,DP-CounterGAN eps=2,-0.1107319295406341,-0.11073183028754757,-0.11078632219571004,5.449190816246563e-05,True
disease_to_no_disease,proposed_dp_eps2_sparse_diverse,DP-CounterGAN eps=2,-0.110756516456604,-0.11075651756568916,-0.11045583798844606,0.0003006795772430987,True
disease_to_no_disease,proposed_dp_eps2_sparse_diverse,DP-CounterGAN eps=2,-0.110768049955368,-0.11076810610477683,-0.11082555649678646,5.7450392009633644e-05,True
disease_to_no_disease,countergan_sparse_diverse_no_dp,Non-DP CounterGAN,-0.1107798516750335,-0.11077982640372347,-0.11056549688315048,0.0002143295205729867,True
disease_to_no_disease,proposed_dp_eps16_sparse_diverse,DP-CounterGAN eps=16,-0.1107798516750335,-0.11077982640372347,-0.11057180269954581,0.00020802370417766225,True
disease_to_no_disease,proposed_dp_eps4_sparse_diverse,DP-CounterGAN eps=4,-0.1107798516750335,-0.11077982640372347,-0.11060770602286547,0.00017212038085799575,True
disease_to_no_disease,dice_gradient_style,Baseline,-0.1108470857143402,-0.11084712327922297,-0.11058602466063402,0.00026109861858894523,True
disease_to_no_disease,wachter_style,Baseline,-0.1108470857143402,-0.11084712327922297,-0.11057927907159092,0.00026784420763205363,True
no_disease_to_disease,proposed_dp_eps16_sparse_diverse,DP-CounterGAN eps=16,0.1108721047639846,0.11087211190649682,0.1119701478922642,0.0010980359857673816,True
disease_to_no_disease,genetic_cfe,Baseline,-0.1108996272087097,-0.11089962675986254,-0.1106231697032345,0.00027645705662802944,True
disease_to_no_disease,countergan_sparse_diverse_no_dp,Non-DP CounterGAN,-0.110902190208435,-0.11090214355152006,-0.11043290283392727,0.0004692407175927865,True
disease_to_no_disease,proposed_dp_eps4_sparse_diverse,DP-CounterGAN eps=4,-0.1109107732772827,-0.11091082842684274,-0.11031974436882333,0.0005910840580194143,True
no_disease_to_disease,proposed_dp_eps16_sparse_diverse,DP-CounterGAN eps=16,0.1109135523438453,0.11091357679781419,0.111569721063112,0.0006561442652978089,True
disease_to_no_disease,proposed_dp_eps16_sparse_diverse,DP-CounterGAN eps=16,-0.110924631357193,-0.11092468315668252,-0.1106465069667095,0.0002781761899730284,True
disease_to_no_disease,proposed_dp_eps2_sparse_diverse,DP-CounterGAN eps=2,-0.110924631357193,-0.11092468315668252,-0.1106553302604766,0.0002693528962059294,True
no_disease_to_disease,uniform_random,Baseline,0.1109518036246299,0.11095183209406742,0.11096058783421395,8.75574014652658e-06,True
no_disease_to_disease,proposed_countergan,Non-DP CounterGAN,0.1109615787863731,0.1109614886814689,0.11159138018381501,0.0006298915023461027,True
no_disease_to_disease,countergan_sparse_diverse_no_dp,Non-DP CounterGAN,0.1109627187252044,0.11096284632319466,0.1118952498446755,0.0009324035214808429,True
no_disease_to_disease,proposed_dp_eps2_sparse_diverse,DP-CounterGAN eps=2,0.1109627187252044,0.11096284632319466,0.11198994135068946,0.0010270950274948037,True
no_disease_to_disease,proposed_dp_eps4_sparse_diverse,DP-CounterGAN eps=4,0.1109627187252044,0.11096284632319466,0.11193733424448156,0.000974487921286904,True
no_disease_to_disease,proposed_dp_eps8_sparse_diverse,DP-CounterGAN eps=8,0.1109627187252044,0.11096284632319466,0.11194162605369445,0.0009787797304997986,True
disease_to_no_disease,proposed_dp_eps4_sparse_diverse,DP-CounterGAN eps=4,-0.1110458672046661,-0.11104580347912768,-0.11123097801352207,0.00018517453439438614,True
disease_to_no_disease,genetic_cfe,Baseline,-0.1110619306564331,-0.1110619569957012,-0.11091260045929076,0.0001493565364104471,True
disease_to_no_disease,proposed_countergan,Non-DP CounterGAN,-0.1110805869102478,-0.11108051549407172,-0.11085835007019886,0.00022216542387286375,True
disease_to_no_disease,countergan_sparse_diverse_no_dp,Non-DP CounterGAN,-0.1110812127590179,-0.11108121491772721,-0.11141176839684235,0.0003305534791151338,True
disease_to_no_disease,proposed_dp_eps16_sparse_diverse,DP-CounterGAN eps=16,-0.1111112534999847,-0.111111109376541,-0.11115085319340798,3.9743816866971704e-05,True
no_disease_to_disease,proposed_dp_eps4_sparse_diverse,DP-CounterGAN eps=4,0.1111608296632766,0.11116083412144803,0.1122553754025113,0.0010945412810632743,True
no_disease_to_disease,proposed_dp_eps16_sparse_diverse,DP-CounterGAN eps=16,0.1111743152141571,0.11117436351876361,0.11241833720350844,0.0012439736847448257,True
no_disease_to_disease,proposed_dp_eps4_sparse_diverse,DP-CounterGAN eps=4,0.1111806184053421,0.11118065923926457,0.11148018827341712,0.0002995290341525486,True
disease_to_no_disease,uniform_random,Baseline,-0.1111954152584075,-0.11119541074992234,-0.11151289362729015,0.0003174828773678112,True
no_disease_to_disease,countergan_sparse_diverse_no_dp,Non-DP CounterGAN,0.1112361103296279,0.11123614613485644,0.11178391020685682,0.000547764072000384,True
no_disease_to_disease,countergan_sparse_diverse_no_dp,Non-DP CounterGAN,0.1112368553876876,0.11123691579798389,0.11234690577417768,0.0011099899761937843,True
disease_to_no_disease,proposed_dp_eps4_sparse_diverse,DP-CounterGAN eps=4,-0.1112469136714935,-0.11124687112719878,-0.11081701361613146,0.0004298575110673192,True
disease_to_no_disease,countergan_sparse_diverse_no_dp,Non-DP CounterGAN,-0.1112592220306396,-0.11125913800122711,-0.11108545330652267,0.00017368469470444015,True
disease_to_no_disease,proposed_dp_eps16_sparse_diverse,DP-CounterGAN eps=16,-0.1112592220306396,-0.11125913800122711,-0.11109113160190108,0.0001680063993260289,True
disease_to_no_disease,proposed_dp_eps2_sparse_diverse,DP-CounterGAN eps=2,-0.1112592220306396,-0.11125913800122711,-0.11107115081834718,0.000187987182879934,True
disease_to_no_disease,proposed_dp_eps4_sparse_diverse,DP-CounterGAN eps=4,-0.1112592220306396,-0.11125913800122711,-0.11108387729490068,0.00017526070632642443,True
disease_to_no_disease,proposed_dp_eps8_sparse_diverse,DP-CounterGAN eps=8,-0.1112592220306396,-0.11125913800122711,-0.11112125323144911,0.00013788476977799613,True
disease_to_no_disease,proposed_dp_eps8_sparse_diverse,DP-CounterGAN eps=8,-0.1113035976886749,-0.11130356928613339,-0.11094805725566476,0.0003555120304686299,True
disease_to_no_disease,countergan_sparse_diverse_no_dp,Non-DP CounterGAN,-0.1113252937793731,-0.11132522248385268,-0.11180117144411117,0.00047594896025848765,True
no_disease_to_disease,proposed_dp_eps16_sparse_diverse,DP-CounterGAN eps=16,0.1113566309213638,0.11135665447074052,0.11226673635754651,0.0009100818868059968,True
no_disease_to_disease,proposed_dp_eps8_sparse_diverse,DP-CounterGAN eps=8,0.1113722622394561,0.1113722915919214,0.11228325394099792,0.000910962349076519,True
disease_to_no_disease,countergan_sparse_diverse_no_dp,Non-DP CounterGAN,-0.1114106178283691,-0.11141044915200649,-0.11082882196158723,0.000581627190419251,True
disease_to_no_disease,proposed_dp_eps4_sparse_diverse,DP-CounterGAN eps=4,-0.1114398539066314,-0.11143988794687604,-0.11155351294418792,0.00011362499731187858,True
no_disease_to_disease,proposed_dp_eps4_sparse_diverse,DP-CounterGAN eps=4,0.1115071177482605,0.11150712236594391,0.11215043535263067,0.0006433129866867532,True
disease_to_no_disease,genetic_cfe,Baseline,-0.1115173995494842,-0.11151739704308583,-0.11181599396205688,0.00029859691897105023,True
disease_to_no_disease,proposed_dp_eps4_sparse_diverse,DP-CounterGAN eps=4,-0.111623078584671,-0.11162303356023395,-0.1112415408600264,0.00038149270020755577,True
disease_to_no_disease,proposed_dp_eps4_sparse_diverse,DP-CounterGAN eps=4,-0.1116272211074829,-0.11162721484926863,-0.11208178270508751,0.00045456785581887704,True
disease_to_no_disease,proposed_dp_eps2_sparse_diverse,DP-CounterGAN eps=2,-0.1116511225700378,-0.11165118412318847,-0.11159952046364899,5.166365953948593e-05,True
disease_to_no_disease,proposed_dp_eps4_sparse_diverse,DP-CounterGAN eps=4,-0.1116511225700378,-0.11165118412318847,-0.11161422199451701,3.696212867146387e-05,True
no_disease_to_disease,proposed_dp_eps4_sparse_diverse,DP-CounterGAN eps=4,0.1116874814033508,0.11168747519021457,0.11261999471886085,0.0009325195286462723,True
no_disease_to_disease,countergan_sparse_diverse_no_dp,Non-DP CounterGAN,0.1117122843861579,0.11171219282927125,0.11234215144779018,0.0006299586185189304,True
disease_to_no_disease,proposed_countergan,Non-DP CounterGAN,-0.1117365062236785,-0.1117364739483564,-0.11152636556216128,0.00021010838619511807,True
disease_to_no_disease,dice_gradient_style,Baseline,-0.1117517054080963,-0.11175169733497536,-0.11138219840899234,0.00036949892598302225,True
disease_to_no_disease,wachter_style,Baseline,-0.1117517054080963,-0.11175169733497536,-0.11136706821208407,0.0003846291228912918,True
disease_to_no_disease,uniform_random,Baseline,-0.1117867827415466,-0.11178674339492578,-0.11172131859637605,6.542479854973471e-05,True
disease_to_no_disease,proposed_dp_eps2_sparse_diverse,DP-CounterGAN eps=2,-0.1118007600307464,-0.11180074309685373,-0.11246803031856449,0.0006672872217107634,True
no_disease_to_disease,wachter_style,Baseline,0.1118093878030777,0.11180941029386234,0.11203384323298486,0.00022443293912252638,True
no_disease_to_disease,countergan_sparse_diverse_no_dp,Non-DP CounterGAN,0.1118206828832626,0.11182071838375818,0.11242020338118941,0.0005994849974312322,True
no_disease_to_disease,countergan_one_shot,Non-DP CounterGAN,0.1118533611297607,0.11185340916064741,0.11267237163139926,0.0008189624707518467,True
no_disease_to_disease,proposed_countergan,Non-DP CounterGAN,0.1118534058332443,0.11185340916064741,0.11267898745322939,0.0008255782925819799,True
disease_to_no_disease,countergan_sparse_diverse_no_dp,Non-DP CounterGAN,-0.1119288504123687,-0.11192882531216125,-0.11211178051914385,0.00018295520698259626,True
disease_to_no_disease,proposed_countergan,Non-DP CounterGAN,-0.1119498908519744,-0.11194988458577942,-0.11186361444487018,8.627014090924201e-05,True
disease_to_no_disease,proposed_dp_eps2_sparse_diverse,DP-CounterGAN eps=2,-0.1119621098041534,-0.11196202340106387,-0.11266689658156841,0.0007048731805045366,True
disease_to_no_disease,genetic_cfe,Baseline,-0.1119664013385772,-0.11196626439805268,-0.11143222172448003,0.0005340426735726544,True
no_disease_to_disease,proposed_dp_eps16_sparse_diverse,DP-CounterGAN eps=16,0.1119733825325965,0.11197338830975626,0.11276034216290133,0.0007869538531450754,True
disease_to_no_disease,proposed_dp_eps16_sparse_diverse,DP-CounterGAN eps=16,-0.1119831502437591,-0.11198318997196838,-0.11219218794810253,0.00020899797613414817,True
disease_to_no_disease,proposed_dp_eps2_sparse_diverse,DP-CounterGAN eps=2,-0.1119831502437591,-0.11198318997196838,-0.11224297733759013,0.00025978736562175253,True
disease_to_no_disease,proposed_dp_eps4_sparse_diverse,DP-CounterGAN eps=4,-0.1119831502437591,-0.11198318997196838,-0.11217240888590647,0.00018921891393809676,True
disease_to_no_disease,proposed_dp_eps8_sparse_diverse,DP-CounterGAN eps=8,-0.1119831502437591,-0.11198318997196838,-0.11221312070765033,0.0002299307356819491,True
no_disease_to_disease,proposed_dp_eps8_sparse_diverse,DP-CounterGAN eps=8,0.1119850426912307,0.11198501681597664,0.11361422606139458,0.0016292092454179424,True
disease_to_no_disease,proposed_dp_eps4_sparse_diverse,DP-CounterGAN eps=4,-0.1120855212211608,-0.11208546523317725,-0.11213308563608736,4.7620402910106274e-05,True
no_disease_to_disease,countergan_sparse_diverse_no_dp,Non-DP CounterGAN,0.1121112927794456,0.11211137178603976,0.11292819426330107,0.0008168224772613086,True
no_disease_to_disease,proposed_dp_eps4_sparse_diverse,DP-CounterGAN eps=4,0.1121112927794456,0.11211137178603976,0.11289035007980745,0.0007789782937676903,True
no_disease_to_disease,proposed_dp_eps4_sparse_diverse,DP-CounterGAN eps=4,0.1121254190802574,0.1121253921986952,0.1123925846053389,0.00026719240664369037,True
disease_to_no_disease,countergan_sparse_diverse_no_dp,Non-DP CounterGAN,-0.1121271550655365,-0.11212712954385928,-0.11183768414629494,0.00028944539756434184,True
disease_to_no_disease,proposed_dp_eps16_sparse_diverse,DP-CounterGAN eps=16,-0.1121271550655365,-0.11212712954385928,-0.11183133694669833,0.00029579259716094874,True
disease_to_no_disease,proposed_dp_eps2_sparse_diverse,DP-CounterGAN eps=2,-0.1121271550655365,-0.11212712954385928,-0.11184520675668748,0.00028192278717180386,True
disease_to_no_disease,proposed_dp_eps4_sparse_diverse,DP-CounterGAN eps=4,-0.1121271550655365,-0.11212712954385928,-0.1118163864674693,0.0003107430763899799,True
disease_to_no_disease,proposed_dp_eps8_sparse_diverse,DP-CounterGAN eps=8,-0.1121271550655365,-0.11212712954385928,-0.11177852945127681,0.00034860009258247393,True
disease_to_no_disease,proposed_dp_eps16_sparse_diverse,DP-CounterGAN eps=16,-0.1121337413787841,-0.11213370321071342,-0.1118277516780913,0.0003059515326221257,True
disease_to_no_disease,genetic_cfe,Baseline,-0.1121372878551483,-0.11213726873998026,-0.1119654554490554,0.00017181329092486042,True
disease_to_no_disease,countergan_sparse_diverse_no_dp,Non-DP CounterGAN,-0.1121467053890228,-0.11214667531001937,-0.11198009329598672,0.0001665820140326485,True
disease_to_no_disease,genetic_cfe,Baseline,-0.1121622323989868,-0.11216215515617728,-0.1120841586423741,7.79965138031774e-05,True
no_disease_to_disease,proposed_countergan,Non-DP CounterGAN,0.1121723130345344,0.11217228992008026,0.11252649729229043,0.0003542073722101746,True
no_disease_to_disease,dice_gradient_style,Baseline,0.1121875196695327,0.11218747211505257,0.11246533461666428,0.00027786250161170034,True
disease_to_no_disease,uniform_random,Baseline,-0.1121968030929565,-0.11219670497132722,-0.11245716946648991,0.00026046449516269055,True
disease_to_no_disease,proposed_dp_eps2_sparse_diverse,DP-CounterGAN eps=2,-0.1122134923934936,-0.1122134579166656,-0.11293401112497371,0.0007205532083081195,True
disease_to_no_disease,uniform_random,Baseline,-0.1122850775718689,-0.11228506370291019,-0.1118850477398609,0.00040001596304929665,True
disease_to_no_disease,uniform_random,Baseline,-0.1122987866401672,-0.11229874194599848,-0.11187774046890261,0.000421001477095867,True
disease_to_no_disease,countergan_sparse_diverse_no_dp,Non-DP CounterGAN,-0.1123336255550384,-0.11233364090243336,-0.11296532194043601,0.0006316810380026516,True
disease_to_no_disease,proposed_dp_eps2_sparse_diverse,DP-CounterGAN eps=2,-0.1123807728290557,-0.112380698581236,-0.11282352132354355,0.00044282274230754426,True
disease_to_no_disease,proposed_dp_eps2_sparse_diverse,DP-CounterGAN eps=2,-0.1123927533626556,-0.11239265433772894,-0.1120134029434297,0.00037925139429924315,True
disease_to_no_disease,proposed_dp_eps8_sparse_diverse,DP-CounterGAN eps=8,-0.1124288737773895,-0.11242883082755983,-0.11271511608143799,0.00028628525387815185,True
disease_to_no_disease,proposed_dp_eps8_sparse_diverse,DP-CounterGAN eps=8,-0.112455278635025,-0.1124550714614323,-0.11289766596488592,0.0004425945034536166,True
no_disease_to_disease,countergan_sparse_diverse_no_dp,Non-DP CounterGAN,0.1124739721417427,0.11247395726706536,0.11278037550695243,0.0003064182398870713,True
disease_to_no_disease,uniform_random,Baseline,-0.1124893128871917,-0.1124892630199743,-0.1126339333563229,0.0001446703363485874,True
disease_to_no_disease,proposed_dp_eps2_sparse_diverse,DP-CounterGAN eps=2,-0.1124917268753051,-0.11249170511527357,-0.11204664669586481,0.0004450584194087559,True
disease_to_no_disease,wachter_style,Baseline,-0.1125190258026123,-0.11251903754114789,-0.11191932286713009,0.0005997146740178011,True
disease_to_no_disease,countergan_sparse_diverse_no_dp,Non-DP CounterGAN,-0.1126081645488739,-0.11260818439120829,-0.11208971641097652,0.0005184679802317654,True
disease_to_no_disease,countergan_sparse_diverse_no_dp,Non-DP CounterGAN,-0.1126416027545929,-0.11264154128053083,-0.11245156897120083,0.00018997230933000264,True
disease_to_no_disease,proposed_dp_eps16_sparse_diverse,DP-CounterGAN eps=16,-0.1126416027545929,-0.11264154128053083,-0.11250308915352762,0.00013845212700321075,True
disease_to_no_disease,proposed_dp_eps2_sparse_diverse,DP-CounterGAN eps=2,-0.1126416027545929,-0.11264154128053083,-0.11242742980263513,0.00021411147789569818,True
disease_to_no_disease,proposed_dp_eps4_sparse_diverse,DP-CounterGAN eps=4,-0.1126416027545929,-0.11264154128053083,-0.11242373835147286,0.0002178029290579725,True
disease_to_no_disease,proposed_dp_eps8_sparse_diverse,DP-CounterGAN eps=8,-0.1126416027545929,-0.11264154128053083,-0.1124517431832819,0.00018979809724893604,True
no_disease_to_disease,uniform_random,Baseline,0.112653762102127,0.11265366137377802,0.11380608706224064,0.0011524256884626188,True
disease_to_no_disease,proposed_dp_eps16_sparse_diverse,DP-CounterGAN eps=16,-0.1126562654972076,-0.11265623711453299,-0.11272006241975878,6.382530522579255e-05,True
no_disease_to_disease,uniform_random,Baseline,0.1126956492662429,0.11269570633689324,0.11322318131314889,0.0005274749762556458,True
disease_to_no_disease,uniform_random,Baseline,-0.1127263605594635,-0.11272638881591229,-0.11296569957993473,0.00023931076402243512,True
disease_to_no_disease,uniform_random,Baseline,-0.1127615869045257,-0.11276154486251627,-0.11247120804057392,0.00029033682194234967,True
disease_to_no_disease,uniform_random,Baseline,-0.1127663850784301,-0.11276632890601229,-0.11277852194123573,1.2193035223442839e-05,True
disease_to_no_disease,countergan_sparse_diverse_no_dp,Non-DP CounterGAN,-0.1127777993679046,-0.11277778181545489,-0.11338836020842806,0.0006105783929731684,True
no_disease_to_disease,countergan_sparse_diverse_no_dp,Non-DP CounterGAN,0.1127877682447433,0.11278781488345946,0.11369029008631498,0.0009024752028555239,True
no_disease_to_disease,uniform_random,Baseline,0.1127932593226432,0.11279333124813394,0.11349102112775487,0.000697689879620933,True
no_disease_to_disease,proposed_dp_eps8_sparse_diverse,DP-CounterGAN eps=8,0.1128990873694419,0.11289910680937737,0.11312671648700331,0.00022760967762594508,True
no_disease_to_disease,proposed_dp_eps16_sparse_diverse,DP-CounterGAN eps=16,0.1129418313503265,0.11294188316877943,0.11334417538777462,0.0004022922189951955,True
no_disease_to_disease,proposed_dp_eps4_sparse_diverse,DP-CounterGAN eps=4,0.1129418313503265,0.11294188316877943,0.1133608674810274,0.0004189843122479747,True
disease_to_no_disease,uniform_random,Baseline,-0.112992525100708,-0.11299249913452669,-0.11309969792414348,0.00010719878961679141,True
disease_to_no_disease,proposed_dp_eps2_sparse_diverse,DP-CounterGAN eps=2,-0.1130687892436981,-0.11306869496262578,-0.11337936120496901,0.0003106662423432299,True
disease_to_no_disease,genetic_cfe,Baseline,-0.113083004951477,-0.11308299507377106,-0.11286528590260601,0.00021770917116505084,True
disease_to_no_disease,proposed_dp_eps8_sparse_diverse,DP-CounterGAN eps=8,-0.1131055653095245,-0.11310553043015342,-0.11316637199500841,6.084156485498815e-05,True
disease_to_no_disease,genetic_cfe,Baseline,-0.1131161153316497,-0.11311614243055146,-0.11313058840771907,1.4445977167612534e-05,True
disease_to_no_disease,genetic_cfe,Baseline,-0.1131233274936676,-0.11312329756080697,-0.11333658457586965,0.00021328701506267977,True
disease_to_no_disease,uniform_random,Baseline,-0.1131632030010223,-0.11316322203780105,-0.11304657757499485,0.00011664446280619523,True
no_disease_to_disease,countergan_sparse_diverse_no_dp,Non-DP CounterGAN,0.1131632328033447,0.11316331883730608,0.11391136806880844,0.0007480492315023596,True
no_disease_to_disease,proposed_dp_eps16_sparse_diverse,DP-CounterGAN eps=16,0.1131632328033447,0.11316331883730608,0.11386500122366153,0.0007016823863554428,True
no_disease_to_disease,proposed_dp_eps4_sparse_diverse,DP-CounterGAN eps=4,0.1131632328033447,0.11316331883730608,0.11395846614734974,0.0007951473100436535,True
no_disease_to_disease,proposed_dp_eps8_sparse_diverse,DP-CounterGAN eps=8,0.1131632328033447,0.11316331883730608,0.1139261389544137,0.0007628201171076127,True
disease_to_no_disease,genetic_cfe,Baseline,-0.1131715476512909,-0.11317149611440214,-0.11290738492250545,0.0002641111918966904,True
disease_to_no_disease,countergan_sparse_diverse_no_dp,Non-DP CounterGAN,-0.1131915748119354,-0.11319162599466293,-0.1128185129739415,0.00037311302072141894,True
disease_to_no_disease,proposed_dp_eps16_sparse_diverse,DP-CounterGAN eps=16,-0.1131915748119354,-0.11319162599466293,-0.11277577717816058,0.0004158488165023483,True
disease_to_no_disease,proposed_dp_eps2_sparse_diverse,DP-CounterGAN eps=2,-0.1131915748119354,-0.11319162599466293,-0.11273570114834264,0.00045592484632028807,True
disease_to_no_disease,proposed_dp_eps4_sparse_diverse,DP-CounterGAN eps=4,-0.1131915748119354,-0.11319162599466293,-0.11274131689708304,0.0004503090975798846,True
disease_to_no_disease,proposed_dp_eps8_sparse_diverse,DP-CounterGAN eps=8,-0.1131915748119354,-0.11319162599466293,-0.11273557594141437,0.00045605005324855785,True
no_disease_to_disease,countergan_sparse_diverse_no_dp,Non-DP CounterGAN,0.1131991297006607,0.11319902742842067,0.11371292095062945,0.0005138935222087776,True
disease_to_no_disease,countergan_sparse_diverse_no_dp,Non-DP CounterGAN,-0.1132049858570098,-0.11320499103646109,-0.11313968572730829,6.53053091528022e-05,True
disease_to_no_disease,proposed_dp_eps16_sparse_diverse,DP-CounterGAN eps=16,-0.1132049858570098,-0.11320499103646109,-0.11313055517610242,7.443586035867089e-05,True
disease_to_no_disease,proposed_dp_eps2_sparse_diverse,DP-CounterGAN eps=2,-0.1132049858570098,-0.11320499103646109,-0.11312969708663441,7.52939498266797e-05,True
disease_to_no_disease,proposed_dp_eps4_sparse_diverse,DP-CounterGAN eps=4,-0.1132049858570098,-0.11320499103646109,-0.11311258973031509,9.240130614600328e-05,True
disease_to_no_disease,proposed_dp_eps8_sparse_diverse,DP-CounterGAN eps=8,-0.1132049858570098,-0.11320499103646109,-0.1131389129822964,6.607805416468382e-05,True
disease_to_no_disease,countergan_sparse_diverse_no_dp,Non-DP CounterGAN,-0.1132140457630157,-0.1132139310812933,-0.1132414593791534,2.7528297860110462e-05,True
disease_to_no_disease,genetic_cfe,Baseline,-0.1132586300373077,-0.1132585856977793,-0.1134154950683271,0.00015690937054779752,True
disease_to_no_disease,proposed_dp_eps16_sparse_diverse,DP-CounterGAN eps=16,-0.1132803261280059,-0.11328032349400252,-0.1132771413985016,3.1820955009170815e-06,True
disease_to_no_disease,proposed_dp_eps2_sparse_diverse,DP-CounterGAN eps=2,-0.1132803261280059,-0.11328032349400252,-0.11332465404417491,4.433055017238896e-05,True
disease_to_no_disease,proposed_dp_eps2_sparse_diverse,DP-CounterGAN eps=2,-0.1132870018482208,-0.11328703407219953,-0.11285055463733022,0.00043647943486931073,True
disease_to_no_disease,countergan_sparse_diverse_no_dp,Non-DP CounterGAN,-0.113334983587265,-0.1133350038921388,-0.1131376709546831,0.00019733293745569092,True
disease_to_no_disease,genetic_cfe,Baseline,-0.1133548021316528,-0.1133548543111102,-0.11378182409120942,0.0004269697800992206,True
disease_to_no_disease,uniform_random,Baseline,-0.1133631765842437,-0.11336312283574757,-0.11316853793264027,0.00019458490310729493,True
disease_to_no_disease,proposed_dp_eps2_sparse_diverse,DP-CounterGAN eps=2,-0.1133983433246612,-0.11339830020095265,-0.1133174923142769,8.08078866757489e-05,True
no_disease_to_disease,countergan_sparse_diverse_no_dp,Non-DP CounterGAN,0.1134070008993148,0.11340701963530023,0.11438860258461234,0.0009815829493121098,True
no_disease_to_disease,proposed_dp_eps16_sparse_diverse,DP-CounterGAN eps=16,0.1134070008993148,0.11340701963530023,0.11437508843798407,0.0009680688026838385,True
no_disease_to_disease,proposed_dp_eps2_sparse_diverse,DP-CounterGAN eps=2,0.1134070008993148,0.11340701963530023,0.1143470153079547,0.0009399956726544728,True
no_disease_to_disease,proposed_dp_eps4_sparse_diverse,DP-CounterGAN eps=4,0.1134070008993148,0.11340701963530023,0.11440507363827145,0.0009980540029712187,True
no_disease_to_disease,proposed_dp_eps8_sparse_diverse,DP-CounterGAN eps=8,0.1134070008993148,0.11340701963530023,0.11434177611991292,0.0009347564846126921,True
no_disease_to_disease,uniform_random,Baseline,0.1134077608585357,0.1134077214897989,0.11449378416803581,0.0010860626782369098,True
disease_to_no_disease,uniform_random,Baseline,-0.1134193241596221,-0.11341934047699109,-0.1138514907596911,0.00043215028270000844,True
disease_to_no_disease,genetic_cfe,Baseline,-0.1134640276432037,-0.11346405509925905,-0.11384260348184339,0.00037854838258433166,True
no_disease_to_disease,proposed_dp_eps16_sparse_diverse,DP-CounterGAN eps=16,0.1134646087884903,0.11346457459772477,0.11306798164124233,0.0003965929564824361,True
no_disease_to_disease,countergan_sparse_diverse_no_dp,Non-DP CounterGAN,0.1135102659463882,0.11351024496321369,0.11407096423142163,0.0005607192682079432,True
disease_to_no_disease,proposed_dp_eps16_sparse_diverse,DP-CounterGAN eps=16,-0.1135417819023132,-0.11354176642919916,-0.11439261873075893,0.0008508523015597624,True
no_disease_to_disease,proposed_dp_eps2_sparse_diverse,DP-CounterGAN eps=2,0.1135771572589874,0.11357730945238931,0.11455979590803375,0.0009824864556444435,True
no_disease_to_disease,proposed_dp_eps8_sparse_diverse,DP-CounterGAN eps=8,0.1135792583227157,0.11357928269227993,0.11414295095649951,0.00056366826421958,True
no_disease_to_disease,proposed_dp_eps16_sparse_diverse,DP-CounterGAN eps=16,0.1135975420475006,0.11359761098601287,0.11257939333518233,0.001018217650830544,True
disease_to_no_disease,uniform_random,Baseline,-0.1136896014213562,-0.11368957230624954,-0.1136586359595578,3.093634669174006e-05,True
no_disease_to_disease,proposed_dp_eps4_sparse_diverse,DP-CounterGAN eps=4,0.1137537956237793,0.11375378577985892,0.11414848989961958,0.00039470411976065545,True
disease_to_no_disease,uniform_random,Baseline,-0.11378675699234,-0.11378677954404254,-0.1143288594174451,0.0005420798734025595,True
disease_to_no_disease,genetic_cfe,Baseline,-0.1138116419315338,-0.11381162586418969,-0.11400937417183621,0.00019774830764651696,True
disease_to_no_disease,uniform_random,Baseline,-0.1138116419315338,-0.11381162586418969,-0.11399727963659408,0.0001856537724043844,True
no_disease_to_disease,wachter_style,Baseline,0.1138527244329452,0.11385263242638281,0.1137450429076359,0.0001075895187469117,True
no_disease_to_disease,proposed_dp_eps16_sparse_diverse,DP-CounterGAN eps=16,0.11385428160429,0.11385433505983814,0.11443433907711105,0.0005800040172729143,True
disease_to_no_disease,proposed_dp_eps16_sparse_diverse,DP-CounterGAN eps=16,-0.1138800084590911,-0.11387996562356828,-0.11366056911914327,0.00021939650442501235,True
disease_to_no_disease,proposed_dp_eps2_sparse_diverse,DP-CounterGAN eps=2,-0.1138800084590911,-0.11387996562356828,-0.11364325611589904,0.0002367095076692416,True
disease_to_no_disease,proposed_dp_eps4_sparse_diverse,DP-CounterGAN eps=4,-0.1138800084590911,-0.11387996562356828,-0.11365948240954978,0.0002204832140185048,True
disease_to_no_disease,countergan_sparse_diverse_no_dp,Non-DP CounterGAN,-0.1139062345027923,-0.1139061610604844,-0.11376069478657083,0.00014546627391356926,True
disease_to_no_disease,proposed_dp_eps16_sparse_diverse,DP-CounterGAN eps=16,-0.1139608323574066,-0.11396084761532077,-0.11433734453905733,0.0003764969237365634,True
no_disease_to_disease,proposed_dp_eps2_sparse_diverse,DP-CounterGAN eps=2,0.1139899790287017,0.11398996246316724,0.11448358823511937,0.0004936257719521248,True
no_disease_to_disease,proposed_dp_eps8_sparse_diverse,DP-CounterGAN eps=8,0.1139943748712539,0.11399425050149373,0.11520739781969033,0.0012131473181966057,True
disease_to_no_disease,proposed_dp_eps4_sparse_diverse,DP-CounterGAN eps=4,-0.1140256226062774,-0.11402561205364459,-0.11394749053239174,7.812152125284688e-05,True
no_disease_to_disease,dice_gradient_style,Baseline,0.1140276119112968,0.11402756230762948,0.1142092899102568,0.00018172760262732957,True
disease_to_no_disease,proposed_dp_eps2_sparse_diverse,DP-CounterGAN eps=2,-0.1140309870243072,-0.11403098329610506,-0.11536327901775119,0.001332295721646129,True
disease_to_no_disease,countergan_sparse_diverse_no_dp,Non-DP CounterGAN,-0.1140521764755249,-0.1140521474109002,-0.11352747154107834,0.0005246758698218557,True
disease_to_no_disease,countergan_sparse_diverse_no_dp,Non-DP CounterGAN,-0.1140776574611663,-0.11407761408471745,-0.11466491991687937,0.000587305832161919,True
disease_to_no_disease,countergan_sparse_diverse_no_dp,Non-DP CounterGAN,-0.1140810549259185,-0.11408102404264026,-0.11405222231007403,2.880173256622487e-05,True
disease_to_no_disease,proposed_dp_eps16_sparse_diverse,DP-CounterGAN eps=16,-0.1140810549259185,-0.11408102404264026,-0.114048834637715,3.21894049252619e-05,True
disease_to_no_disease,proposed_dp_eps2_sparse_diverse,DP-CounterGAN eps=2,-0.1140810549259185,-0.11408102404264026,-0.11407893789363512,2.0861490051399256e-06,True
disease_to_no_disease,proposed_dp_eps4_sparse_diverse,DP-CounterGAN eps=4,-0.1140810549259185,-0.11408102404264026,-0.11402935778217942,5.166626046083922e-05,True
disease_to_no_disease,proposed_dp_eps8_sparse_diverse,DP-CounterGAN eps=8,-0.1140810549259185,-0.11408102404264026,-0.11406202200209303,1.9002040547222432e-05,True
disease_to_no_disease,proposed_dp_eps4_sparse_diverse,DP-CounterGAN eps=4,-0.1140936017036438,-0.11409365114411668,-0.11384235340362925,0.0002512977404874328,True
no_disease_to_disease,uniform_random,Baseline,0.11410753428936,0.11410748497884876,0.11472255626577504,0.0006150712869262831,True
disease_to_no_disease,genetic_cfe,Baseline,-0.1141292750835418,-0.11412922712182022,-0.11359902380472506,0.0005302033170951626,True
disease_to_no_disease,proposed_dp_eps16_sparse_diverse,DP-CounterGAN eps=16,-0.1141611635684967,-0.11416115846454922,-0.11391409215212946,0.00024706631241976085,True
no_disease_to_disease,wachter_style,Baseline,0.1141650974750518,0.1141649449240765,0.11462377284069405,0.0004588279166175546,True
no_disease_to_disease,genetic_cfe,Baseline,0.1142262145876884,0.11422622089994772,0.11478860271397243,0.0005623818140247094,True
disease_to_no_disease,proposed_dp_eps8_sparse_diverse,DP-CounterGAN eps=8,-0.1142694652080535,-0.11426940872039892,-0.114252241309597,1.7167410801918748e-05,True
no_disease_to_disease,countergan_sparse_diverse_no_dp,Non-DP CounterGAN,0.1142731457948684,0.1142731899985157,0.11409413121506119,0.00017905878345450543,True
no_disease_to_disease,proposed_dp_eps16_sparse_diverse,DP-CounterGAN eps=16,0.1143051385879516,0.11430516219279871,0.11436761835988038,6.245616708167034e-05,True
no_disease_to_disease,proposed_dp_eps2_sparse_diverse,DP-CounterGAN eps=2,0.1143051385879516,0.11430516219279871,0.11437776397759011,7.2601784791404e-05,True
no_disease_to_disease,proposed_dp_eps4_sparse_diverse,DP-CounterGAN eps=4,0.1143051385879516,0.11430516219279871,0.11436894171883363,6.377952603492387e-05,True
disease_to_no_disease,proposed_dp_eps16_sparse_diverse,DP-CounterGAN eps=16,-0.1143397092819213,-0.11433972030317097,-0.11494082496434208,0.0006011046611711091,True
disease_to_no_disease,proposed_dp_eps16_sparse_diverse,DP-CounterGAN eps=16,-0.114353209733963,-0.11435314207499259,-0.11496286571716534,0.000609723642172752,True
disease_to_no_disease,proposed_dp_eps4_sparse_diverse,DP-CounterGAN eps=4,-0.1143575608730316,-0.11435755415928389,-0.11412919314046831,0.00022836101881558435,True
disease_to_no_disease,countergan_sparse_diverse_no_dp,Non-DP CounterGAN,-0.1143882274627685,-0.11438831583916081,-0.11560494027356517,0.0012166244344043592,True
no_disease_to_disease,proposed_dp_eps16_sparse_diverse,DP-CounterGAN eps=16,0.1143971532583236,0.11439693266827672,0.11598333658827698,0.0015864039200002567,True
disease_to_no_disease,proposed_dp_eps16_sparse_diverse,DP-CounterGAN eps=16,-0.1144028902053833,-0.11440281871661867,-0.11533479283223791,0.0009319741156192385,True
no_disease_to_disease,genetic_cfe,Baseline,0.1144276037812233,0.11442751286032546,0.11487491835740937,0.00044740549708391364,True
disease_to_no_disease,proposed_dp_eps16_sparse_diverse,DP-CounterGAN eps=16,-0.1144580245018005,-0.11445814872870763,-0.11567861912756355,0.0012204703988559218,True
disease_to_no_disease,proposed_dp_eps4_sparse_diverse,DP-CounterGAN eps=4,-0.1144580245018005,-0.11445814872870763,-0.11568928165496133,0.0012311329262536946,True
no_disease_to_disease,proposed_countergan,Non-DP CounterGAN,0.1144682466983795,0.11446819787245739,0.11489055139296533,0.0004223535205079426,True
disease_to_no_disease,uniform_random,Baseline,-0.1144698560237884,-0.11446991596738831,-0.1153397252376462,0.0008698092702578847,True
no_disease_to_disease,dice_gradient_style,Baseline,0.1144778132438659,0.11447784848950504,0.1148548561023878,0.0003770076128827571,True
no_disease_to_disease,countergan_sparse_diverse_no_dp,Non-DP CounterGAN,0.1144817844033241,0.11448179777561777,0.11474290590747406,0.0002611081318562858,True
no_disease_to_disease,proposed_dp_eps2_sparse_diverse,DP-CounterGAN eps=2,0.1144817844033241,0.11448179777561777,0.11483872529956708,0.0003569275239493075,True
disease_to_no_disease,proposed_dp_eps2_sparse_diverse,DP-CounterGAN eps=2,-0.1144849359989166,-0.11448505549843735,-0.11533553804797163,0.0008504825495342788,True
disease_to_no_disease,proposed_dp_eps2_sparse_diverse,DP-CounterGAN eps=2,-0.1145021021366119,-0.11450206426429732,-0.11383034677350296,0.0006717174907943657,True
disease_to_no_disease,countergan_sparse_diverse_no_dp,Non-DP CounterGAN,-0.1145080626010894,-0.11450810594217309,-0.1142250373720581,0.0002830685701149943,True
disease_to_no_disease,proposed_dp_eps2_sparse_diverse,DP-CounterGAN eps=2,-0.1146045327186584,-0.11460447323538325,-0.11446670972475162,0.00013776351063163328,True
no_disease_to_disease,proposed_dp_eps2_sparse_diverse,DP-CounterGAN eps=2,0.1146360039710998,0.11463587731071162,0.11375966131906953,0.0008762159916420875,True
no_disease_to_disease,countergan_sparse_diverse_no_dp,Non-DP CounterGAN,0.1146662831306457,0.11466622366050704,0.11570776894615462,0.0010415452856475799,True
no_disease_to_disease,proposed_dp_eps2_sparse_diverse,DP-CounterGAN eps=2,0.1146662831306457,0.11466622366050704,0.11567173928201271,0.0010055156215056787,True
disease_to_no_disease,genetic_cfe,Baseline,-0.114718347787857,-0.11471838484700425,-0.11565151971850908,0.0009331348715048288,True
disease_to_no_disease,countergan_sparse_diverse_no_dp,Non-DP CounterGAN,-0.1147894263267517,-0.11478940075567662,-0.11510379877227334,0.0003143980165967175,True
disease_to_no_disease,proposed_dp_eps16_sparse_diverse,DP-CounterGAN eps=16,-0.1147894263267517,-0.11478940075567662,-0.11515357155400754,0.00036417079833092614,True
no_disease_to_disease,genetic_cfe,Baseline,0.114855870604515,0.11485572813916112,0.11568581786743158,0.0008300897282704639,True
no_disease_to_disease,uniform_random,Baseline,0.1148867905139923,0.1148868685573308,0.11573703272927452,0.0008501641719437236,True
no_disease_to_disease,countergan_sparse_diverse_no_dp,Non-DP CounterGAN,0.114889271557331,0.1148892323396158,0.11617333150565226,0.0012840991660364592,True
disease_to_no_disease,wachter_style,Baseline,-0.1149038076400756,-0.11490371957308937,-0.11453612731557201,0.0003675922575173546,True
disease_to_no_disease,proposed_dp_eps4_sparse_diverse,DP-CounterGAN eps=4,-0.1149300038814544,-0.11493004176692306,-0.11469279469771167,0.0002372470692113965,True
disease_to_no_disease,proposed_dp_eps8_sparse_diverse,DP-CounterGAN eps=8,-0.1149343848228454,-0.11493429393857663,-0.11459704848362129,0.0003372454549553372,True
disease_to_no_disease,proposed_countergan,Non-DP CounterGAN,-0.1149540245532989,-0.11495397676560293,-0.11477383512839912,0.00018014163720381227,True
no_disease_to_disease,proposed_dp_eps8_sparse_diverse,DP-CounterGAN eps=8,0.1149998009204864,0.11499982191471032,0.1155803259396364,0.0005805040249260707,True
no_disease_to_disease,proposed_dp_eps16_sparse_diverse,DP-CounterGAN eps=16,0.1150324195623397,0.11503244039056887,0.11562442883102864,0.0005919884404597675,True
no_disease_to_disease,proposed_dp_eps2_sparse_diverse,DP-CounterGAN eps=2,0.1151974350214004,0.11519751759291486,0.11630343994100117,0.001105922348086319,True
disease_to_no_disease,uniform_random,Baseline,-0.115214854478836,-0.11521473185954845,-0.11599517279841287,0.000780440938864424,True
disease_to_no_disease,uniform_random,Baseline,-0.1152867674827575,-0.11528671947462166,-0.11577518079829649,0.0004884613236748325,True
disease_to_no_disease,proposed_dp_eps16_sparse_diverse,DP-CounterGAN eps=16,-0.1153097450733184,-0.11530968640009132,-0.11499064941552638,0.00031903698456493823,True
disease_to_no_disease,proposed_dp_eps4_sparse_diverse,DP-CounterGAN eps=4,-0.1153097450733184,-0.11530968640009132,-0.11503102764013842,0.00027865875995289335,True
disease_to_no_disease,countergan_sparse_diverse_no_dp,Non-DP CounterGAN,-0.1153534948825836,-0.11535349457477517,-0.11486559269397954,0.0004879018807956298,True
disease_to_no_disease,proposed_dp_eps2_sparse_diverse,DP-CounterGAN eps=2,-0.1153821051120758,-0.1153820906883245,-0.11510815852647113,0.00027393216185336855,True
disease_to_no_disease,proposed_dp_eps4_sparse_diverse,DP-CounterGAN eps=4,-0.1153821051120758,-0.1153820906883245,-0.11512691971154637,0.0002551709767781296,True
no_disease_to_disease,proposed_dp_eps4_sparse_diverse,DP-CounterGAN eps=4,0.1154258325695991,0.11542590622594368,0.11605948627698943,0.0006335800510457595,True
no_disease_to_disease,proposed_dp_eps4_sparse_diverse,DP-CounterGAN eps=4,0.1154340282082557,0.11543412943089854,0.11583966150158229,0.00040553207068375063,True
disease_to_no_disease,genetic_cfe,Baseline,-0.1154554188251495,-0.11545523325441565,-0.11763159900499916,0.0021763657505835116,True
disease_to_no_disease,proposed_dp_eps2_sparse_diverse,DP-CounterGAN eps=2,-0.1154604852199554,-0.1154604226477925,-0.11613476655637665,0.0006743439085841602,True
disease_to_no_disease,countergan_sparse_diverse_no_dp,Non-DP CounterGAN,-0.1154875755310058,-0.11548771230327443,-0.11565200496950444,0.00016429266623001204,True
disease_to_no_disease,uniform_random,Baseline,-0.1154921352863311,-0.11549220101715679,-0.11668027836638702,0.0011880773492302238,True
no_disease_to_disease,countergan_sparse_diverse_no_dp,Non-DP CounterGAN,0.1155056655406951,0.11550576847850225,0.11657885154541021,0.0010730830669079677,True
no_disease_to_disease,proposed_dp_eps8_sparse_diverse,DP-CounterGAN eps=8,0.1155056655406951,0.11550576847850225,0.11659896616970494,0.0010931976912026964,True
no_disease_to_disease,countergan_sparse_diverse_no_dp,Non-DP CounterGAN,0.1155094504356384,0.1155095139223069,0.11650926759934281,0.0009997536770359056,True
no_disease_to_disease,countergan_sparse_diverse_no_dp,Non-DP CounterGAN,0.1155835390090942,0.11558364873848592,0.11653496717306003,0.0009513184345741055,True
no_disease_to_disease,proposed_dp_eps16_sparse_diverse,DP-CounterGAN eps=16,0.1155835390090942,0.11558364873848592,0.11656533729334531,0.000981688554859389,True
no_disease_to_disease,proposed_dp_eps2_sparse_diverse,DP-CounterGAN eps=2,0.1155835390090942,0.11558364873848592,0.11663184313291024,0.001048194394424315,True
no_disease_to_disease,proposed_dp_eps4_sparse_diverse,DP-CounterGAN eps=4,0.1155835390090942,0.11558364873848592,0.11661824105229449,0.0010345923138085633,True
no_disease_to_disease,proposed_dp_eps8_sparse_diverse,DP-CounterGAN eps=8,0.1155835390090942,0.11558364873848592,0.1165353055523803,0.0009516568138943776,True
no_disease_to_disease,proposed_dp_eps8_sparse_diverse,DP-CounterGAN eps=8,0.1155902445316314,0.11559026061039612,0.11595107549084199,0.00036081488044586996,True
disease_to_no_disease,proposed_dp_eps2_sparse_diverse,DP-CounterGAN eps=2,-0.1155958771705627,-0.11559585211195011,-0.11531654384974648,0.0002793082622036397,True
disease_to_no_disease,proposed_dp_eps8_sparse_diverse,DP-CounterGAN eps=8,-0.1155958771705627,-0.11559585211195011,-0.11526607780525763,0.00032977430669248187,True
no_disease_to_disease,uniform_random,Baseline,0.1155963242053985,0.11559631246093116,0.11662558639718174,0.0010292739362505743,True
disease_to_no_disease,uniform_random,Baseline,-0.1156468987464904,-0.1156468671669148,-0.11582123332244458,0.00017436615552977874,True
no_disease_to_disease,countergan_sparse_diverse_no_dp,Non-DP CounterGAN,0.1156597882509231,0.11565985354474245,0.11635378380950642,0.00069393026476397,True
no_disease_to_disease,proposed_dp_eps16_sparse_diverse,DP-CounterGAN eps=16,0.1156597882509231,0.11565985354474245,0.11634390366024051,0.000684050115498061,True
no_disease_to_disease,proposed_dp_eps2_sparse_diverse,DP-CounterGAN eps=2,0.1156597882509231,0.11565985354474245,0.11629442824446856,0.0006345746997261092,True
no_disease_to_disease,proposed_dp_eps4_sparse_diverse,DP-CounterGAN eps=4,0.1156597882509231,0.11565985354474245,0.11637930425277986,0.000719450708037403,True
no_disease_to_disease,proposed_dp_eps8_sparse_diverse,DP-CounterGAN eps=8,0.1156597882509231,0.11565985354474245,0.11628248251706444,0.0006226289723219869,True
disease_to_no_disease,proposed_dp_eps4_sparse_diverse,DP-CounterGAN eps=4,-0.1156756579875946,-0.11567559331201793,-0.11552326137188866,0.00015233194012927165,True
disease_to_no_disease,proposed_dp_eps4_sparse_diverse,DP-CounterGAN eps=4,-0.1156848967075347,-0.11568479218886829,-0.11637369432571541,0.0006889021368471221,True
no_disease_to_disease,wachter_style,Baseline,0.1157356053590774,0.11573554171974934,0.11624648378742554,0.0005109420676761983,True
disease_to_no_disease,proposed_countergan,Non-DP CounterGAN,-0.1157551109790802,-0.115755167889257,-0.11522274836634855,0.000532419522908445,True
disease_to_no_disease,genetic_cfe,Baseline,-0.1158078610897064,-0.11580778401873332,-0.11665076461015496,0.0008429805914216409,True
disease_to_no_disease,dice_gradient_style,Baseline,-0.1158237159252166,-0.11582362908934751,-0.1154433474227791,0.0003802816665684078,True
no_disease_to_disease,countergan_sparse_diverse_no_dp,Non-DP CounterGAN,0.1158757805824279,0.11587586706561578,0.11678746573752483,0.0009115986719090419,True
no_disease_to_disease,proposed_dp_eps8_sparse_diverse,DP-CounterGAN eps=8,0.1159029453992843,0.11590286787529033,0.11679912975458183,0.0008962618792914961,True
no_disease_to_disease,proposed_dp_eps8_sparse_diverse,DP-CounterGAN eps=8,0.1160341054201126,0.11603413997156131,0.11675576864472235,0.0007216286731610427,True
disease_to_no_disease,proposed_dp_eps16_sparse_diverse,DP-CounterGAN eps=16,-0.1160403192043304,-0.1160403821014988,-0.11536740791763916,0.0006729741838596426,True
no_disease_to_disease,dice_gradient_style,Baseline,0.1160770505666732,0.11607703902171258,0.11659138641519604,0.0005143473934834525,True
no_disease_to_disease,proposed_dp_eps8_sparse_diverse,DP-CounterGAN eps=8,0.116116002202034,0.11611606044071979,0.11714178700660573,0.00102572656588594,True
no_disease_to_disease,proposed_countergan,Non-DP CounterGAN,0.11613480001688,0.11613478207649493,0.11683292495128048,0.0006981428747855484,True
no_disease_to_disease,proposed_dp_eps4_sparse_diverse,DP-CounterGAN eps=4,0.1161930412054061,0.11619303880327686,0.11702596478935044,0.0008329259860735821,True
disease_to_no_disease,uniform_random,Baseline,-0.1163771748542785,-0.11637721552507796,-0.11787918155972031,0.001501966034642352,True
no_disease_to_disease,countergan_sparse_diverse_no_dp,Non-DP CounterGAN,0.1164561286568641,0.11645621338046684,0.11693329602403799,0.0004770826435711445,True
disease_to_no_disease,genetic_cfe,Baseline,-0.116472989320755,-0.11647295307866956,-0.11731313789240438,0.0008401848137348233,True
no_disease_to_disease,countergan_sparse_diverse_no_dp,Non-DP CounterGAN,0.1164749041199684,0.11647487254243388,0.11654580588656749,7.093334413360575e-05,True
disease_to_no_disease,uniform_random,Baseline,-0.1165757477283477,-0.11657568020597919,-0.11627691920734576,0.00029876099863343497,True
disease_to_no_disease,proposed_dp_eps4_sparse_diverse,DP-CounterGAN eps=4,-0.1165911555290222,-0.11659110110763882,-0.11655114199607909,3.995911155972587e-05,True
disease_to_no_disease,genetic_cfe,Baseline,-0.1167555153369903,-0.11675530240078946,-0.11769278926922201,0.0009374868684325494,True
disease_to_no_disease,proposed_countergan,Non-DP CounterGAN,-0.1168479025363922,-0.11684790526918887,-0.11718906363833231,0.0003411583691434461,True
disease_to_no_disease,uniform_random,Baseline,-0.1168675124645233,-0.11686772300292159,-0.11962140883144273,0.0027536858285211463,True
disease_to_no_disease,countergan_sparse_diverse_no_dp,Non-DP CounterGAN,-0.1168894171714782,-0.11688938275367522,-0.11667056164812027,0.00021882110555494771,True
disease_to_no_disease,proposed_dp_eps16_sparse_diverse,DP-CounterGAN eps=16,-0.1168894171714782,-0.11688938275367522,-0.11671224418894711,0.00017713856472810485,True
disease_to_no_disease,proposed_dp_eps2_sparse_diverse,DP-CounterGAN eps=2,-0.1168894171714782,-0.11688938275367522,-0.11671514309642712,0.00017423965724809587,True
disease_to_no_disease,proposed_dp_eps4_sparse_diverse,DP-CounterGAN eps=4,-0.1168894171714782,-0.11688938275367522,-0.11665676594328656,0.00023261681038866389,True
disease_to_no_disease,proposed_dp_eps8_sparse_diverse,DP-CounterGAN eps=8,-0.1168894171714782,-0.11688938275367522,-0.11668094607516724,0.0002084366785079783,True
disease_to_no_disease,countergan_sparse_diverse_no_dp,Non-DP CounterGAN,-0.1169032454490661,-0.11690323882964099,-0.11794302201618052,0.0010397831865395363,True
no_disease_to_disease,wachter_style,Baseline,0.1171169430017471,0.1171168425225782,0.11797303542719467,0.0008561929046164707,True
no_disease_to_disease,countergan_sparse_diverse_no_dp,Non-DP CounterGAN,0.1171285212039947,0.11712844585728349,0.11805005426483063,0.0009216084075471392,True
no_disease_to_disease,proposed_dp_eps2_sparse_diverse,DP-CounterGAN eps=2,0.1171285212039947,0.11712844585728349,0.11804597947352373,0.0009175336162402375,True
no_disease_to_disease,proposed_dp_eps4_sparse_diverse,DP-CounterGAN eps=4,0.1171285212039947,0.11712844585728349,0.11808789241188254,0.0009594465545990499,True
no_disease_to_disease,proposed_dp_eps8_sparse_diverse,DP-CounterGAN eps=8,0.1171285212039947,0.11712844585728349,0.1180627774899198,0.0009343316326363149,True
disease_to_no_disease,uniform_random,Baseline,-0.11713308095932,-0.11713310977417823,-0.11743717474851667,0.00030406497433843604,True
no_disease_to_disease,uniform_random,Baseline,0.1171390935778617,0.11713917293853274,0.11767261139757196,0.0005334384590392205,True
no_disease_to_disease,proposed_dp_eps8_sparse_diverse,DP-CounterGAN eps=8,0.117147147655487,0.11714715931615469,0.11819371464407209,0.0010465553279174061,True
no_disease_to_disease,countergan_one_shot,Non-DP CounterGAN,0.1172410994768142,0.11724117205602648,0.11711317108554836,0.00012800097047811765,True
no_disease_to_disease,proposed_dp_eps16_sparse_diverse,DP-CounterGAN eps=16,0.1173314154148101,0.11733143212132088,0.118350328517716,0.0010188963963951164,True
no_disease_to_disease,countergan_sparse_diverse_no_dp,Non-DP CounterGAN,0.117364302277565,0.11736425895901301,0.11827447662423074,0.000910217665217733,True
no_disease_to_disease,proposed_dp_eps16_sparse_diverse,DP-CounterGAN eps=16,0.117364302277565,0.11736425895901301,0.11829277243423286,0.0009285134752198554,True
no_disease_to_disease,proposed_dp_eps2_sparse_diverse,DP-CounterGAN eps=2,0.117364302277565,0.11736425895901301,0.11824481192113147,0.000880552962118461,True
no_disease_to_disease,proposed_dp_eps8_sparse_diverse,DP-CounterGAN eps=8,0.117364302277565,0.11736425895901301,0.1182799509917348,0.0009156920327217932,True
disease_to_no_disease,proposed_dp_eps4_sparse_diverse,DP-CounterGAN eps=4,-0.1174099743366241,-0.1174101166663683,-0.11824229598620974,0.0008321793198414335,True
disease_to_no_disease,wachter_style,Baseline,-0.1174199283123016,-0.11741990341972952,-0.1171235906186537,0.0002963128010758237,True
no_disease_to_disease,proposed_dp_eps16_sparse_diverse,DP-CounterGAN eps=16,0.1174458563327789,0.11744594106790796,0.11826782619196571,0.0008218851240577585,True
no_disease_to_disease,uniform_random,Baseline,0.1174651086330413,0.11746497504535856,0.11628612281851086,0.0011788522268477014,True
disease_to_no_disease,proposed_dp_eps16_sparse_diverse,DP-CounterGAN eps=16,-0.1174707412719726,-0.11747070758951184,-0.11733242576402783,0.00013828182548400458,True
no_disease_to_disease,countergan_sparse_diverse_no_dp,Non-DP CounterGAN,0.1174784749746322,0.11747846274905188,0.11863755868953194,0.0011590959404800538,True
no_disease_to_disease,proposed_dp_eps8_sparse_diverse,DP-CounterGAN eps=8,0.117509439587593,0.1175093956086316,0.11910018760075376,0.0015907919921221564,True
no_disease_to_disease,countergan_sparse_diverse_no_dp,Non-DP CounterGAN,0.1175107657909393,0.1175107640691535,0.11820307231507819,0.000692308245924686,True
no_disease_to_disease,proposed_countergan,Non-DP CounterGAN,0.117525577545166,0.1175255246464326,0.11795807737446884,0.0004325527280362451,True
disease_to_no_disease,proposed_dp_eps16_sparse_diverse,DP-CounterGAN eps=16,-0.1175374984741211,-0.11753741854761002,-0.11829953945467579,0.0007621209070657747,True
no_disease_to_disease,genetic_cfe,Baseline,0.1175568699836731,0.11755694049550755,0.11875568764399025,0.0011987471484826984,True
disease_to_no_disease,countergan_sparse_diverse_no_dp,Non-DP CounterGAN,-0.1175679564476013,-0.11756799342371427,-0.11720286597136971,0.00036512745234455746,True
disease_to_no_disease,proposed_dp_eps16_sparse_diverse,DP-CounterGAN eps=16,-0.1175679564476013,-0.11756799342371427,-0.11723464774077183,0.0003333456829424375,True
disease_to_no_disease,proposed_dp_eps2_sparse_diverse,DP-CounterGAN eps=2,-0.1175679564476013,-0.11756799342371427,-0.11719203902530052,0.00037595439841374423,True
disease_to_no_disease,proposed_dp_eps4_sparse_diverse,DP-CounterGAN eps=4,-0.1175679564476013,-0.11756799342371427,-0.11719896743584936,0.0003690259878649099,True
disease_to_no_disease,proposed_dp_eps8_sparse_diverse,DP-CounterGAN eps=8,-0.1175679564476013,-0.11756799342371427,-0.11721819801339375,0.00034979541032051364,True
disease_to_no_disease,uniform_random,Baseline,-0.1175902485847473,-0.11759030602143078,-0.11701585317717572,0.0005744528442550578,True
disease_to_no_disease,uniform_random,Baseline,-0.1176564693450927,-0.11765642166266782,-0.11795490412898832,0.0002984824663204988,True
disease_to_no_disease,genetic_cfe,Baseline,-0.1176653802394867,-0.11766550070183401,-0.11723632243480046,0.00042917826703355033,True
disease_to_no_disease,countergan_sparse_diverse_no_dp,Non-DP CounterGAN,-0.1176860928535461,-0.11768605711070301,-0.11761686880163458,6.918830906843532e-05,True
disease_to_no_disease,proposed_dp_eps16_sparse_diverse,DP-CounterGAN eps=16,-0.1176860928535461,-0.11768605711070301,-0.1174553407171126,0.00023071639359041607,True
disease_to_no_disease,proposed_dp_eps2_sparse_diverse,DP-CounterGAN eps=2,-0.1176860928535461,-0.11768605711070301,-0.11745740434915831,0.00022865276154469816,True
disease_to_no_disease,proposed_dp_eps4_sparse_diverse,DP-CounterGAN eps=4,-0.1176860928535461,-0.11768605711070301,-0.11742921489489086,0.00025684221581215305,True
disease_to_no_disease,proposed_dp_eps8_sparse_diverse,DP-CounterGAN eps=8,-0.1176860928535461,-0.11768605711070301,-0.11736376996779543,0.0003222871429075791,True
no_disease_to_disease,proposed_dp_eps8_sparse_diverse,DP-CounterGAN eps=8,0.1176967099308967,0.11769679067522645,0.11871854498989073,0.0010217543146642805,True
no_disease_to_disease,countergan_sparse_diverse_no_dp,Non-DP CounterGAN,0.1177106797695159,0.11771071388609,0.11836735710688562,0.0006566432207956163,True
no_disease_to_disease,proposed_dp_eps16_sparse_diverse,DP-CounterGAN eps=16,0.1177106797695159,0.11771071388609,0.11843459193535254,0.0007238780492625357,True
no_disease_to_disease,proposed_dp_eps16_sparse_diverse,DP-CounterGAN eps=16,0.1177126467227935,0.11771262168449372,0.11836675544827446,0.0006541337637807482,True
no_disease_to_disease,proposed_dp_eps2_sparse_diverse,DP-CounterGAN eps=2,0.1177126467227935,0.11771262168449372,0.11833828945580477,0.0006256677713110531,True
disease_to_no_disease,proposed_dp_eps4_sparse_diverse,DP-CounterGAN eps=4,-0.1177299916744232,-0.1177299462285486,-0.11741494534925738,0.000315000879291219,True
no_disease_to_disease,dice_gradient_style,Baseline,0.1178094297647476,0.11780943441835719,0.11864395659536006,0.0008345221770028749,True
no_disease_to_disease,proposed_countergan,Non-DP CounterGAN,0.1178395003080368,0.11783944670309933,0.11845356135017268,0.0006141146470733522,True
disease_to_no_disease,genetic_cfe,Baseline,-0.1179546415805816,-0.11795469738131659,-0.11797788129006842,2.3183908751833737e-05,True
disease_to_no_disease,countergan_sparse_diverse_no_dp,Non-DP CounterGAN,-0.1179620623588562,-0.11796220384681089,-0.11820704898934058,0.0002448451425296899,True
no_disease_to_disease,countergan_sparse_diverse_no_dp,Non-DP CounterGAN,0.1180010214447975,0.11800088272522562,0.11859624786401986,0.0005953651387942405,True
disease_to_no_disease,countergan_sparse_diverse_no_dp,Non-DP CounterGAN,-0.1180174350738525,-0.11801743382443564,-0.11852100757650146,0.0005035737520658196,True
no_disease_to_disease,proposed_dp_eps2_sparse_diverse,DP-CounterGAN eps=2,0.1180670708417892,0.11806708570353867,0.11870447623873263,0.0006373905351939602,True
no_disease_to_disease,proposed_dp_eps8_sparse_diverse,DP-CounterGAN eps=8,0.1180670708417892,0.11806708570353867,0.11865928041886308,0.0005921947153244012,True
no_disease_to_disease,genetic_cfe,Baseline,0.1180810704827308,0.11808109792512299,0.11850217391687576,0.0004210759917527701,True
disease_to_no_disease,proposed_dp_eps8_sparse_diverse,DP-CounterGAN eps=8,-0.1181066036224365,-0.11810653357305045,-0.11762771139613391,0.0004788221769165407,True
disease_to_no_disease,proposed_dp_eps8_sparse_diverse,DP-CounterGAN eps=8,-0.1181724369525909,-0.11817239476193436,-0.11807664816716515,9.574659476921377e-05,True
no_disease_to_disease,proposed_dp_eps2_sparse_diverse,DP-CounterGAN eps=2,0.118292436003685,0.11829259246571726,0.1182958861385055,3.293672788243218e-06,True
disease_to_no_disease,dice_gradient_style,Baseline,-0.118367463350296,-0.11836743271419992,-0.11812396089474173,0.00024347181945819085,True
disease_to_no_disease,proposed_countergan,Non-DP CounterGAN,-0.1183922290802002,-0.11839216752465392,-0.11893887852273624,0.000546710998082317,True
no_disease_to_disease,proposed_dp_eps8_sparse_diverse,DP-CounterGAN eps=8,0.1184021979570388,0.11840217603557526,0.11882240375848223,0.00042022772290696564,True
disease_to_no_disease,proposed_dp_eps16_sparse_diverse,DP-CounterGAN eps=16,-0.1184262037277221,-0.1184262316273651,-0.11959906824429965,0.0011728366169345555,True
disease_to_no_disease,uniform_random,Baseline,-0.1184486448764801,-0.11844867059342923,-0.11872838743793378,0.0002797168445045489,True
no_disease_to_disease,genetic_cfe,Baseline,0.1184502243995666,0.11845024303439963,0.11963603761850829,0.0011857945841086542,True
no_disease_to_disease,proposed_dp_eps16_sparse_diverse,DP-CounterGAN eps=16,0.1184564307332038,0.11845641546313614,0.11835520404230826,0.00010121142082787637,True
no_disease_to_disease,proposed_dp_eps2_sparse_diverse,DP-CounterGAN eps=2,0.1184564307332038,0.11845641546313614,0.11837787735835216,7.853810478397616e-05,True
no_disease_to_disease,proposed_dp_eps4_sparse_diverse,DP-CounterGAN eps=4,0.1184564307332038,0.11845641546313614,0.11833213405781699,0.00012428140531914322,True
no_disease_to_disease,proposed_dp_eps8_sparse_diverse,DP-CounterGAN eps=8,0.1184564307332038,0.11845641546313614,0.11838708443450123,6.933102863490581e-05,True
no_disease_to_disease,proposed_dp_eps16_sparse_diverse,DP-CounterGAN eps=16,0.1184566244482994,0.11845667350609929,0.11844985610050206,6.817405597228654e-06,True
disease_to_no_disease,proposed_countergan,Non-DP CounterGAN,-0.1184697449207305,-0.11846981724148997,-0.11856975766450785,9.994042301787742e-05,True
disease_to_no_disease,proposed_dp_eps2_sparse_diverse,DP-CounterGAN eps=2,-0.1184840202331543,-0.11848401355934735,-0.11845134073222491,3.2672827122437464e-05,True
disease_to_no_disease,proposed_dp_eps8_sparse_diverse,DP-CounterGAN eps=8,-0.1184965074062347,-0.11849656488268656,-0.1183535739454826,0.00014299093720396283,True
disease_to_no_disease,genetic_cfe,Baseline,-0.1185000240802764,-0.1185001493747157,-0.11786655723176519,0.0006335921429505148,True
no_disease_to_disease,proposed_dp_eps8_sparse_diverse,DP-CounterGAN eps=8,0.1185088157653808,0.1185087930734382,0.11962630415942176,0.0011175110859835552,True
no_disease_to_disease,proposed_dp_eps16_sparse_diverse,DP-CounterGAN eps=16,0.1185528561472892,0.1185528968944749,0.118288656593543,0.0002642403009319033,True
disease_to_no_disease,genetic_cfe,Baseline,-0.1185546517372131,-0.11855454104851865,-0.1182045320398699,0.00035000900864874673,True
no_disease_to_disease,proposed_dp_eps2_sparse_diverse,DP-CounterGAN eps=2,0.1185894459486007,0.11858950812190464,0.11957572130933972,0.000986213187435081,True
no_disease_to_disease,proposed_dp_eps16_sparse_diverse,DP-CounterGAN eps=16,0.1185978204011917,0.11859787203562551,0.11903965446278003,0.00044178242715452176,True
disease_to_no_disease,countergan_sparse_diverse_no_dp,Non-DP CounterGAN,-0.1186195909976959,-0.11861960596032955,-0.11842570335446982,0.00019390260585973318,True
disease_to_no_disease,proposed_dp_eps2_sparse_diverse,DP-CounterGAN eps=2,-0.1186195909976959,-0.11861960596032955,-0.1183694427367948,0.00025016322353475784,True
no_disease_to_disease,proposed_dp_eps2_sparse_diverse,DP-CounterGAN eps=2,0.1186692118644714,0.11866922452820863,0.11932455656270154,0.0006553320344929031,True
disease_to_no_disease,uniform_random,Baseline,-0.1186777055263519,-0.11867774464261738,-0.11805390663983371,0.0006238380027836637,True
no_disease_to_disease,proposed_dp_eps2_sparse_diverse,DP-CounterGAN eps=2,0.1186808943748474,0.11868091879760903,0.11899276244054623,0.0003118436429371957,True
no_disease_to_disease,proposed_dp_eps4_sparse_diverse,DP-CounterGAN eps=4,0.1186808943748474,0.11868091879760903,0.11893216807796762,0.0002512492803585925,True
no_disease_to_disease,proposed_countergan,Non-DP CounterGAN,0.1187860071659088,0.11878594716423627,0.11917059375052688,0.00038464658629061566,True
no_disease_to_disease,proposed_dp_eps4_sparse_diverse,DP-CounterGAN eps=4,0.1188726425170898,0.11887269748318582,0.12009550769790839,0.001222810214722564,True
disease_to_no_disease,countergan_sparse_diverse_no_dp,Non-DP CounterGAN,-0.1188856661319732,-0.11888558770725977,-0.11921159032126068,0.00032600261400091146,True
disease_to_no_disease,proposed_dp_eps16_sparse_diverse,DP-CounterGAN eps=16,-0.1188856661319732,-0.11888558770725977,-0.11922102284092945,0.0003354351336696815,True
disease_to_no_disease,proposed_dp_eps2_sparse_diverse,DP-CounterGAN eps=2,-0.1188856661319732,-0.11888558770725977,-0.11929853362424432,0.00041294591698455563,True
disease_to_no_disease,proposed_dp_eps4_sparse_diverse,DP-CounterGAN eps=4,-0.1188856661319732,-0.11888558770725977,-0.11927463121405131,0.00038904350679154487,True
disease_to_no_disease,proposed_dp_eps8_sparse_diverse,DP-CounterGAN eps=8,-0.1188856661319732,-0.11888558770725977,-0.119252636144118,0.00036704843685823885,True
disease_to_no_disease,proposed_dp_eps2_sparse_diverse,DP-CounterGAN eps=2,-0.1190210878849029,-0.11902102393532743,-0.119329804763545,0.00030878082821757247,True
disease_to_no_disease,proposed_dp_eps4_sparse_diverse,DP-CounterGAN eps=4,-0.1190210878849029,-0.11902102393532743,-0.11932265916149552,0.0003016352261680927,True
disease_to_no_disease,proposed_dp_eps8_sparse_diverse,DP-CounterGAN eps=8,-0.1190210878849029,-0.11902102393532743,-0.11933119853981056,0.0003101746044831266,True
no_disease_to_disease,proposed_dp_eps4_sparse_diverse,DP-CounterGAN eps=4,0.119044616818428,0.11904459795226882,0.1195730041675681,0.0005284062152992736,True
disease_to_no_disease,uniform_random,Baseline,-0.1190873384475708,-0.1190872764517506,-0.12082591693282195,0.001738640481071349,True
disease_to_no_disease,proposed_countergan,Non-DP CounterGAN,-0.1191174089908599,-0.11911735293988507,-0.11896150731751182,0.00015584562237325184,True
no_disease_to_disease,countergan_sparse_diverse_no_dp,Non-DP CounterGAN,0.1192650571465492,0.11926496917091484,0.11923183710456504,3.313206634979193e-05,True
no_disease_to_disease,genetic_cfe,Baseline,0.1193360388278961,0.1193360503028785,0.1194488231264164,0.00011277282353790163,True
no_disease_to_disease,proposed_dp_eps2_sparse_diverse,DP-CounterGAN eps=2,0.1193602308630943,0.119360227133657,0.11988975237844231,0.000529525244785306,True
disease_to_no_disease,proposed_dp_eps8_sparse_diverse,DP-CounterGAN eps=8,-0.1193931996822357,-0.11939319262738252,-0.1202727310389398,0.0008795384115572874,True
disease_to_no_disease,proposed_dp_eps8_sparse_diverse,DP-CounterGAN eps=8,-0.1195003092288971,-0.11950023987782143,-0.11917290835265748,0.00032733152516395414,True
no_disease_to_disease,genetic_cfe,Baseline,0.1195833086967468,0.11958318747771196,0.11990929451482023,0.00032610703710826694,True
disease_to_no_disease,proposed_dp_eps4_sparse_diverse,DP-CounterGAN eps=4,-0.1196429133415222,-0.11964286816640024,-0.12067532276515039,0.0010324545987501488,True
no_disease_to_disease,proposed_dp_eps4_sparse_diverse,DP-CounterGAN eps=4,0.1197653040289878,0.11976536991870818,0.12028347168023053,0.0005181017615223521,True
no_disease_to_disease,countergan_sparse_diverse_no_dp,Non-DP CounterGAN,0.1197867915034294,0.11978672390933746,0.12035914254327303,0.0005724186339355619,True
no_disease_to_disease,dice_gradient_style,Baseline,0.1198137626051902,0.11981369466338908,0.11971583547770881,9.785918568026852e-05,True
disease_to_no_disease,proposed_dp_eps16_sparse_diverse,DP-CounterGAN eps=16,-0.1198335587978363,-0.11983345660551409,-0.11909521633605956,0.0007382402694545293,True
