method,method_label,candidate_budget,direction,difficulty_stratum,n_factuals,valid_cfe_yield_at_k_mean,valid_cfe_yield_at_k_std,valid_cfe_yield_at_k_median,valid_cfe_yield_at_k_q25,valid_cfe_yield_at_k_q75,coverage_at_1_mean,coverage_at_1_std,coverage_at_1_median,coverage_at_1_q25,coverage_at_1_q75,full_k_success_mean,full_k_success_std,full_k_success_median,full_k_success_q25,full_k_success_q75,robust_completeness_at_k_mean,robust_completeness_at_k_std,robust_completeness_at_k_median,robust_completeness_at_k_q25,robust_completeness_at_k_q75,robust_full_k_success_mean,robust_full_k_success_std,robust_full_k_success_median,robust_full_k_success_q25,robust_full_k_success_q75,proximity_mean,proximity_std,proximity_median,proximity_q25,proximity_q75,sparsity_mean,sparsity_std,sparsity_median,sparsity_q25,sparsity_q75,group_sparsity_mean,group_sparsity_std,group_sparsity_median,group_sparsity_q25,group_sparsity_q75,diversity_mean,diversity_std,diversity_median,diversity_q25,diversity_q75,plausibility_mean,plausibility_std,plausibility_median,plausibility_q25,plausibility_q75,plausibility_distance_mean,plausibility_distance_std,plausibility_distance_median,plausibility_distance_q25,plausibility_distance_q75,plausibility_inlier_rate_mean,plausibility_inlier_rate_std,plausibility_inlier_rate_median,plausibility_inlier_rate_q25,plausibility_inlier_rate_q75,target_data_support_mean,target_data_support_std,target_data_support_median,target_data_support_q25,target_data_support_q75,local_surrogate_fidelity_mean,local_surrogate_fidelity_std,local_surrogate_fidelity_median,local_surrogate_fidelity_q25,local_surrogate_fidelity_q75,fidelity_mean,fidelity_std,fidelity_median,fidelity_q25,fidelity_q75,changed_set_dice_mean,changed_set_dice_std,changed_set_dice_median,changed_set_dice_q25,changed_set_dice_q75,constraint_validity_mean,constraint_validity_std,constraint_validity_median,constraint_validity_q25,constraint_validity_q75,mean_target_logit_margin_mean,mean_target_logit_margin_std,mean_target_logit_margin_median,mean_target_logit_margin_q25,mean_target_logit_margin_q75,generation_time_to_k_or_cap_seconds_mean,generation_time_to_k_or_cap_seconds_std,generation_time_to_k_or_cap_seconds_median,generation_time_to_k_or_cap_seconds_q25,generation_time_to_k_or_cap_seconds_q75,candidate_evaluations_mean,candidate_evaluations_std,candidate_evaluations_median,candidate_evaluations_q25,candidate_evaluations_q75,rounds_used_mean,rounds_used_std,rounds_used_median,rounds_used_q25,rounds_used_q75
countergan_one_shot,CounterGAN one-shot,64,disease_to_no_disease,high_confidence,33.0,0.706060606060606,0.2783201775152517,0.8,0.5,1.0,1.0,0.0,1.0,1.0,1.0,0.3333333333333333,0.4787135538781691,0.0,0.0,1.0,0.6272727272727272,0.30646444254669175,0.7,0.3,0.9,0.21212121212121213,0.4151487502672805,0.0,0.0,0.0,0.10906211738333557,0.03181449857896252,0.10530996322631836,0.08175695687532425,0.1259315460920334,0.13958834375501045,0.05370676825734476,0.14444444444444446,0.10000000000000005,0.17777777777777776,0.13958834375501045,0.05370676825734476,0.14444444444444446,0.10000000000000005,0.17777777777777776,0.028625446964393963,0.0069969037922444945,0.028622174635529518,0.02506447769701481,0.033012811094522476,0.47743326610209585,0.10273726624551195,0.4430817830568535,0.4179427022098741,0.5223214313469781,0.47743326610209585,0.10273726624551195,0.4430817830568535,0.4179427022098741,0.5223214313469781,0.3434343434343434,0.347128078094667,0.25,0.0,0.6666666666666666,0.05737373737373738,0.13139081751632964,0.0,0.0,0.025,0.8751670172777801,0.06835987984685692,0.8846153846153846,0.8181818181818182,0.9230769230769231,0.8751670172777801,0.06835987984685692,0.8846153846153846,0.8181818181818182,0.9230769230769231,0.9726332999560042,0.012146940354102896,0.9734169980498522,0.9632887928024886,0.9812870803847881,1.0,0.0,1.0,1.0,1.0,4.358743086005703,2.6688958382659473,4.155982494354248,2.135835647583008,6.00734806060791,0.04698257533307311,0.005344580260971245,0.04560477499944682,0.04509631799919589,0.04683480799940298,64.0,0.0,64.0,64.0,64.0,1.0,0.0,1.0,1.0,1.0
countergan_one_shot,CounterGAN one-shot,64,disease_to_no_disease,medium_confidence,33.0,0.793939393939394,0.26802447875543234,1.0,0.6,1.0,1.0,0.0,1.0,1.0,1.0,0.5151515151515151,0.5075192189225524,1.0,0.0,1.0,0.7121212121212122,0.28146666738440784,0.7,0.5,1.0,0.36363636363636365,0.4885042104591972,0.0,0.0,1.0,0.10427340210387201,0.03126531005814247,0.09857296943664551,0.07846327126026154,0.13187412917613983,0.15955387205387206,0.061647158684021174,0.16666666666666669,0.11111111111111113,0.20555555555555555,0.15955387205387206,0.061647158684021174,0.16666666666666669,0.11111111111111113,0.20555555555555555,0.03159306813595873,0.006827541812068453,0.02895718440413475,0.025646716356277466,0.03896944969892502,0.43298801231114026,0.08363022936087268,0.4172630307578783,0.3749981587776277,0.4663876402089356,0.43298801231114026,0.08363022936087268,0.4172630307578783,0.3749981587776277,0.4663876402089356,0.2841510341510342,0.3836841042585545,0.0,0.0,0.5555555555555556,0.20883838383838382,0.30774482010025933,0.0,0.0,0.4,0.8819962343473315,0.06943958401460423,0.8787878787878788,0.8181818181818182,0.9393939393939394,0.8819962343473315,0.06943958401460423,0.8787878787878788,0.8181818181818182,0.9393939393939394,0.9706531828398739,0.013120163501686205,0.9712623608830505,0.9629952937516897,0.9820788530465949,1.0,0.0,1.0,1.0,1.0,4.972756356904001,2.535880221378675,4.8500566482543945,3.349550247192383,6.353889465332031,0.04537921118172204,0.0015358920346178642,0.045767518000502605,0.04418862700003956,0.04670463599904906,64.0,0.0,64.0,64.0,64.0,1.0,0.0,1.0,1.0,1.0
countergan_one_shot,CounterGAN one-shot,64,disease_to_no_disease,near_boundary,34.0,0.9117647058823529,0.16286210170301432,1.0,0.8250000000000001,1.0,1.0,0.0,1.0,1.0,1.0,0.7058823529411765,0.4624972900628804,1.0,0.0,1.0,0.85,0.2177710780251648,1.0,0.8,1.0,0.5588235294117647,0.5039947372613782,1.0,0.0,1.0,0.08849682680824224,0.027914865583361502,0.07463587448000908,0.0651837345212698,0.10637372173368931,0.20381263616557735,0.06796431032660241,0.2222222222222222,0.16805555555555557,0.25,0.20381263616557735,0.06796431032660241,0.2222222222222222,0.16805555555555557,0.25,0.033063777448499906,0.006034765022410497,0.03128179349005222,0.028177660424262285,0.0391823947429657,0.40718366993741606,0.07216066530383985,0.3874039952818665,0.35607317104275127,0.46357096253818675,0.40718366993741606,0.07216066530383985,0.3874039952818665,0.35607317104275127,0.46357096253818675,0.18823529411764706,0.35404776760612483,0.0,0.0,0.11875,0.2516993464052288,0.3572331514939631,0.04250000000000001,0.0,0.34,0.8250491338726631,0.056205863554098394,0.8473193473193473,0.7878787878787878,0.8720538720538721,0.8250491338726631,0.056205863554098394,0.8473193473193473,0.7878787878787878,0.8720538720538721,0.958551524415971,0.018159521716243972,0.9594593902603512,0.9460046584438764,0.972069259498921,1.0,0.0,1.0,1.0,1.0,5.681883594569038,2.7628389367062125,5.222562789916992,4.353262305259705,7.171480894088745,0.044624913264669885,0.0015727351409377257,0.04460730649998368,0.04342421350042969,0.045853682749338986,64.0,0.0,64.0,64.0,64.0,1.0,0.0,1.0,1.0,1.0
countergan_one_shot,CounterGAN one-shot,64,no_disease_to_disease,high_confidence,33.0,0.9757575757575758,0.07084447327730937,1.0,1.0,1.0,1.0,0.0,1.0,1.0,1.0,0.8787878787878788,0.3314339826398082,1.0,1.0,1.0,0.9727272727272728,0.07190587281616535,1.0,1.0,1.0,0.8484848484848485,0.3641095406272095,1.0,1.0,1.0,0.11927408318627965,0.021770280952426502,0.11716341972351074,0.11206889152526855,0.12934646010398865,0.16290016567794346,0.05968296153065667,0.15555555555555553,0.11805555555555557,0.21111111111111108,0.16290016567794346,0.05968296153065667,0.15555555555555553,0.11805555555555557,0.21111111111111108,0.03792947192083706,0.006538714270481838,0.03627994284033775,0.032611183822155,0.041991181671619415,0.4502424554367772,0.07807409573312489,0.42972162856399915,0.37508796926433197,0.5097149779984644,0.4502424554367772,0.07807409573312489,0.42972162856399915,0.37508796926433197,0.5097149779984644,0.045454545454545456,0.10633352332081439,0.0,0.0,0.0,0.9975757575757577,0.008302975005345605,1.0,1.0,1.0,0.8733140422795596,0.07466450533367604,0.8787878787878788,0.8484848484848485,0.9393939393939394,0.8733140422795596,0.07466450533367604,0.8787878787878788,0.8484848484848485,0.9393939393939394,0.9714548145627528,0.012718165896978485,0.9747062220489088,0.9630158971014844,0.980538795980269,1.0,0.0,1.0,1.0,1.0,7.85327758211078,2.6372904869341927,8.001193046569824,6.643433570861816,9.356110572814941,0.04520043984843086,0.0018939217944394138,0.04503259799821535,0.043657879999955185,0.04625404499893193,64.0,0.0,64.0,64.0,64.0,1.0,0.0,1.0,1.0,1.0
countergan_one_shot,CounterGAN one-shot,64,no_disease_to_disease,medium_confidence,33.0,0.9696969696969697,0.08833476270999031,1.0,1.0,1.0,1.0,0.0,1.0,1.0,1.0,0.8787878787878788,0.3314339826398082,1.0,1.0,1.0,0.9666666666666667,0.08897565210026095,1.0,1.0,1.0,0.8484848484848485,0.36410954062720946,1.0,1.0,1.0,0.11585746434601871,0.020431072333131597,0.11672881990671158,0.09965440630912781,0.1340865194797516,0.17637485970819305,0.06290863124741439,0.1597222222222222,0.13333333333333336,0.21666666666666665,0.17637485970819305,0.06290863124741439,0.1597222222222222,0.13333333333333336,0.21666666666666665,0.039209302684122864,0.007338072586741375,0.0398770272731781,0.03292270377278328,0.04259611666202545,0.4313338271865954,0.060650472417785345,0.4495506680656576,0.3926886681873577,0.4677852354737679,0.4313338271865954,0.060650472417785345,0.4495506680656576,0.3926886681873577,0.4677852354737679,0.06666666666666667,0.14930394055974103,0.0,0.0,0.0,0.9957575757575757,0.011997474481714615,1.0,1.0,1.0,0.8819115788812759,0.059343608825489565,0.8787878787878788,0.8484848484848485,0.9090909090909091,0.8819115788812759,0.059343608825489565,0.8787878787878788,0.8484848484848485,0.9090909090909091,0.9695730667384038,0.012996800119487966,0.9747958754417754,0.9630512062640152,0.9784978277259938,1.0,0.0,1.0,1.0,1.0,7.695293520436143,2.4733706406426275,8.155972480773926,6.76467752456665,9.052743911743164,0.045424113575791125,0.004993494067046385,0.04407620100027998,0.04314677500042308,0.045754902999760816,64.0,0.0,64.0,64.0,64.0,1.0,0.0,1.0,1.0,1.0
countergan_one_shot,CounterGAN one-shot,64,no_disease_to_disease,near_boundary,34.0,0.9794117647058823,0.06409941031594632,1.0,1.0,1.0,1.0,0.0,1.0,1.0,1.0,0.8823529411764706,0.32703497008386456,1.0,1.0,1.0,0.9794117647058823,0.06409941031594632,1.0,1.0,1.0,0.8823529411764706,0.32703497008386456,1.0,1.0,1.0,0.11773538896266152,0.018910856932807873,0.11372600123286247,0.10214422829449177,0.13461024314165115,0.15205999066293185,0.052909462008567415,0.15462962962962962,0.11388888888888891,0.18194444444444446,0.15205999066293185,0.052909462008567415,0.15462962962962962,0.11388888888888891,0.18194444444444446,0.03716126917039647,0.006101576254517842,0.03957443684339523,0.03209315054118633,0.04137830529361963,0.4558037917249312,0.0742510817135407,0.47079501272811686,0.43058797879570876,0.5102742358298672,0.4558037917249312,0.0742510817135407,0.47079501272811686,0.43058797879570876,0.5102742358298672,0.008823529411764707,0.03788057036804224,0.0,0.0,0.0,0.998235294117647,0.007576114073608442,1.0,1.0,1.0,0.8271859648127395,0.0673023902157705,0.8181818181818182,0.7878787878787878,0.8712121212121212,0.8271859648127395,0.0673023902157705,0.8181818181818182,0.7878787878787878,0.8712121212121212,0.9753092115702441,0.009550792410887564,0.9739882519092569,0.9702380721278439,0.982457157880884,1.0,0.0,1.0,1.0,1.0,8.265864919213687,2.3673509564526425,9.02590799331665,6.08724057674408,10.122063159942627,0.04488440085301323,0.0021322028501304024,0.04449784600001294,0.04373770350002815,0.045782254250752885,64.0,0.0,64.0,64.0,64.0,1.0,0.0,1.0,1.0,1.0
countergan_one_shot,CounterGAN one-shot,128,disease_to_no_disease,high_confidence,33.0,0.7727272727272726,0.2695745806737991,0.9,0.6,1.0,1.0,0.0,1.0,1.0,1.0,0.42424242424242425,0.5018903659106633,0.0,0.0,1.0,0.7000000000000001,0.30310889132455343,0.7,0.5,1.0,0.3333333333333333,0.47871355387816905,0.0,0.0,1.0,0.10828251572269382,0.030769936579852265,0.10420801490545273,0.07984476536512375,0.12462262809276581,0.15313251563251565,0.06242275492262403,0.1574074074074074,0.12777777777777782,0.19444444444444448,0.15313251563251565,0.06242275492262403,0.1574074074074074,0.12777777777777782,0.19444444444444448,0.028944895235878048,0.007183065196292021,0.029440393671393394,0.026674330234527588,0.0322006531059742,0.4746674067502377,0.10252341124564801,0.444302806928815,0.420712246156964,0.5106288434965005,0.4746674067502377,0.10252341124564801,0.444302806928815,0.420712246156964,0.5106288434965005,0.34605579605579606,0.3513274598802444,0.3,0.0,0.6666666666666666,0.05589225589225589,0.15604894097381683,0.0,0.0,0.0,0.9004784332893007,0.0718997462932773,0.9090909090909091,0.8787878787878788,0.9393939393939394,0.9004784332893007,0.0718997462932773,0.9090909090909091,0.8787878787878788,0.9393939393939394,0.971487973458442,0.012970707412873424,0.9719803698771025,0.966213717430347,0.9763880907113073,1.0,0.0,1.0,1.0,1.0,4.2047877275582515,2.4710569010958934,3.638782501220703,2.5280563831329346,5.162924766540527,0.04819262342425645,0.0025021462156142433,0.048114732999238186,0.046465463001368335,0.04939996499888366,128.0,0.0,128.0,128.0,128.0,1.0,0.0,1.0,1.0,1.0
countergan_one_shot,CounterGAN one-shot,128,disease_to_no_disease,medium_confidence,33.0,0.8606060606060606,0.24230584229877997,1.0,0.7,1.0,1.0,0.0,1.0,1.0,1.0,0.7272727272727273,0.4522670168666456,1.0,0.0,1.0,0.790909090909091,0.25904106378578806,1.0,0.6,1.0,0.5151515151515151,0.5075192189225524,1.0,0.0,1.0,0.10127742091814677,0.030678737724375595,0.09488102048635483,0.07246546447277069,0.12407512962818146,0.17779781946448614,0.06528960475349693,0.17222222222222222,0.1166666666666667,0.23888888888888887,0.17779781946448614,0.06528960475349693,0.17222222222222222,0.1166666666666667,0.23888888888888887,0.03264766400962165,0.006731847045611688,0.03147294372320175,0.027295920997858047,0.03876005485653877,0.4339817967678217,0.0789165534746804,0.42034834189672887,0.37754585254262973,0.4710809869064831,0.4339817967678217,0.0789165534746804,0.42034834189672887,0.37754585254262973,0.4710809869064831,0.2696969696969697,0.36183978540651135,0.1,0.0,0.4,0.2130880230880231,0.31801436545931977,0.02,0.0,0.3333333333333333,0.8770383415106507,0.07223857947398574,0.8787878787878788,0.8484848484848485,0.9090909090909091,0.8770383415106507,0.07223857947398574,0.8787878787878788,0.8484848484848485,0.9090909090909091,0.9678484631080394,0.012293487423469316,0.9690460794700393,0.961877764193041,0.977753216389195,1.0,0.0,1.0,1.0,1.0,4.913662021810358,2.5428441334113523,4.515408515930176,3.2671380043029785,6.0805158615112305,0.047127965151544646,0.002685683146027719,0.046618076999948244,0.04511954499866988,0.048202835001575295,128.0,0.0,128.0,128.0,128.0,1.0,0.0,1.0,1.0,1.0
countergan_one_shot,CounterGAN one-shot,128,disease_to_no_disease,near_boundary,34.0,0.9558823529411765,0.11062132095053545,1.0,1.0,1.0,1.0,0.0,1.0,1.0,1.0,0.8235294117647058,0.3869529949759475,1.0,1.0,1.0,0.888235294117647,0.18871929753480984,1.0,0.9,1.0,0.6176470588235294,0.49327021805638166,1.0,0.0,1.0,0.08608806746847489,0.02941891247147507,0.07249974459409714,0.06335261277854443,0.10412120260298252,0.24046840958605664,0.08747012667435416,0.24999999999999997,0.21805555555555553,0.29305555555555557,0.24046840958605664,0.08747012667435416,0.24999999999999997,0.21805555555555553,0.29305555555555557,0.03379913972800269,0.006525296742016881,0.03088525030761957,0.028400288429111242,0.04029807075858116,0.40740187765559926,0.0730554157676189,0.3832206611745086,0.35701478105745865,0.4636739477565971,0.40740187765559926,0.0730554157676189,0.3832206611745086,0.35701478105745865,0.4636739477565971,0.1823529411764706,0.36220753153431023,0.0,0.0,0.0,0.234640522875817,0.3562149263351772,0.03,0.0,0.35500000000000004,0.8344495824211849,0.06794184964388403,0.8484848484848485,0.8181818181818182,0.8787878787878788,0.8344495824211849,0.06794184964388403,0.8484848484848485,0.8181818181818182,0.8787878787878788,0.9545398488762862,0.021920778613305776,0.9537387671195261,0.9448698427774054,0.9667277315452568,1.0,0.0,1.0,1.0,1.0,5.386575548087849,2.7127406485505037,4.544158697128296,3.8855044841766357,6.250870943069458,0.04575358964706645,0.0022368827635191836,0.04515182249951977,0.04402064575037912,0.047360593749772306,128.0,0.0,128.0,128.0,128.0,1.0,0.0,1.0,1.0,1.0
countergan_one_shot,CounterGAN one-shot,128,no_disease_to_disease,high_confidence,33.0,0.9939393939393939,0.024230584229878022,1.0,1.0,1.0,1.0,0.0,1.0,1.0,1.0,0.9393939393939394,0.24230584229877988,1.0,1.0,1.0,0.9848484848484849,0.04416738135499517,1.0,1.0,1.0,0.8787878787878788,0.3314339826398085,1.0,1.0,1.0,0.11783736650690887,0.02182362308695368,0.11566712707281113,0.1085793524980545,0.1289893537759781,0.17658062102506547,0.061575802791789,0.16111111111111112,0.12962962962962965,0.22777777777777777,0.17658062102506547,0.061575802791789,0.16111111111111112,0.12962962962962965,0.22777777777777777,0.038672920034238785,0.00763051259600319,0.03742707148194313,0.03303832188248634,0.04072931408882141,0.4468063919436366,0.07632174529455701,0.43308673039830314,0.3849994778637008,0.5033067767679577,0.4468063919436366,0.07632174529455701,0.43308673039830314,0.3849994778637008,0.5033067767679577,0.06060606060606061,0.1248483929096455,0.0,0.0,0.0,0.9975757575757577,0.013926212476455802,1.0,1.0,1.0,0.8780532598714418,0.061564534137269096,0.8787878787878788,0.8484848484848485,0.9090909090909091,0.8780532598714418,0.061564534137269096,0.8787878787878788,0.8484848484848485,0.9090909090909091,0.9689528034596916,0.011659390961471675,0.9703251083910824,0.9589661412105794,0.9782835094549499,1.0,0.0,1.0,1.0,1.0,7.800845940907796,2.5531857778732596,8.528886795043945,6.656289577484131,9.757672309875488,0.04568670166664753,0.0020686769790206395,0.04545239899925946,0.04432964399893535,0.04633173000001989,128.0,0.0,128.0,128.0,128.0,1.0,0.0,1.0,1.0,1.0
countergan_one_shot,CounterGAN one-shot,128,no_disease_to_disease,medium_confidence,33.0,0.9787878787878787,0.07809279639304033,1.0,1.0,1.0,1.0,0.0,1.0,1.0,1.0,0.9090909090909091,0.2919371040605714,1.0,1.0,1.0,0.9757575757575758,0.07917663414126293,1.0,1.0,1.0,0.8787878787878788,0.3314339826398083,1.0,1.0,1.0,0.11292363319433096,0.020436916843134027,0.11375103145837784,0.09796886891126633,0.13253828883171082,0.20493827160493827,0.07246910951268795,0.16666666666666669,0.15,0.2555555555555556,0.20493827160493827,0.07246910951268795,0.16666666666666669,0.15,0.2555555555555556,0.0394431690149235,0.0073365280075011335,0.039186324924230576,0.034360360354185104,0.04197273775935173,0.4283009524209731,0.05950381894961551,0.4365055467533174,0.3916454176276448,0.4639967093577919,0.4283009524209731,0.05950381894961551,0.4365055467533174,0.3916454176276448,0.4639967093577919,0.05151515151515152,0.12777228798044427,0.0,0.0,0.0,0.9993939393939395,0.00348155311911394,1.0,1.0,1.0,0.8675245069184463,0.06447873016570342,0.8787878787878788,0.8484848484848485,0.9090909090909091,0.8675245069184463,0.06447873016570342,0.8787878787878788,0.8484848484848485,0.9090909090909091,0.9667069915241208,0.015879405236898476,0.9738588725994155,0.9584798178277042,0.9774971063609993,1.0,0.0,1.0,1.0,1.0,7.4105885390079385,2.3641322405338507,7.638026237487793,6.428492069244385,8.910353660583496,0.04567338042436335,0.002094384170017238,0.045242323001730256,0.044159648999993806,0.047008465000544675,128.0,0.0,128.0,128.0,128.0,1.0,0.0,1.0,1.0,1.0
countergan_one_shot,CounterGAN one-shot,128,no_disease_to_disease,near_boundary,34.0,0.9911764705882353,0.03788057036804224,1.0,1.0,1.0,1.0,0.0,1.0,1.0,1.0,0.9411764705882353,0.23883257361061297,1.0,1.0,1.0,0.9911764705882353,0.03788057036804224,1.0,1.0,1.0,0.9411764705882353,0.23883257361061297,1.0,1.0,1.0,0.11597500149818028,0.018200380290882636,0.11270665377378464,0.10156966000795364,0.13408875092864037,0.1748729121278141,0.06266582052700968,0.1722222222222222,0.14027777777777778,0.21388888888888888,0.1748729121278141,0.06266582052700968,0.1722222222222222,0.14027777777777778,0.21388888888888888,0.03750134653904859,0.007097412910990526,0.03767647035419941,0.030815694481134415,0.04146474227309227,0.4528703731912623,0.07622608592529748,0.4719515683795431,0.43184250860269585,0.5046639263394923,0.4528703731912623,0.07622608592529748,0.4719515683795431,0.43184250860269585,0.5046639263394923,0.008823529411764706,0.051449575542752694,0.0,0.0,0.0,0.9988235294117648,0.004776651472212236,1.0,1.0,1.0,0.8455848073495132,0.06002029428413291,0.8484848484848485,0.8181818181818182,0.8787878787878788,0.8455848073495132,0.06002029428413291,0.8484848484848485,0.8181818181818182,0.8787878787878788,0.9724172461007919,0.01278099604000349,0.9728363345339541,0.9694344167373228,0.9803853873292239,1.0,0.0,1.0,1.0,1.0,8.093642080531401,2.2460199813980286,8.732666492462158,6.134809851646423,9.539268970489502,0.047436106000157664,0.0055046486430447225,0.046342910500243306,0.04549605774900556,0.04727159925005253,128.0,0.0,128.0,128.0,128.0,1.0,0.0,1.0,1.0,1.0
countergan_one_shot,CounterGAN one-shot,256,disease_to_no_disease,high_confidence,33.0,0.8878787878787878,0.21177460860189273,1.0,0.8,1.0,1.0,0.0,1.0,1.0,1.0,0.6666666666666666,0.47871355387816894,1.0,0.0,1.0,0.8060606060606061,0.24101269927562155,0.9,0.6,1.0,0.42424242424242425,0.5018903659106633,0.0,0.0,1.0,0.10724732133023666,0.030566350627993594,0.10505221039056778,0.08192453533411026,0.12466762959957123,0.16262626262626265,0.060170746212165,0.17777777777777776,0.1388888888888889,0.19444444444444445,0.16262626262626265,0.060170746212165,0.17777777777777776,0.1388888888888889,0.19444444444444445,0.02911483005366542,0.007097776771876846,0.028976695612072945,0.02576039358973503,0.03290170803666115,0.4760651822227586,0.10352024838044643,0.4407783967984966,0.4229733699818321,0.5149456074481129,0.4760651822227586,0.10352024838044643,0.4407783967984966,0.4229733699818321,0.5149456074481129,0.37503607503607506,0.3462410366297899,0.3333333333333333,0.0,0.7,0.0505892255892256,0.12803129586077963,0.0,0.0,0.025,0.8912212444082872,0.0654934671642698,0.9090909090909091,0.8484848484848485,0.9393939393939394,0.8912212444082872,0.0654934671642698,0.9090909090909091,0.8484848484848485,0.9393939393939394,0.9688511937811004,0.013849267896424398,0.9694141906300556,0.9600378601113901,0.9758516616731626,1.0,0.0,1.0,1.0,1.0,4.171944007729039,2.4541996520680454,3.5310218334198,2.037214994430542,4.960302829742432,0.05041029221204305,0.003184511444338528,0.050756398999510566,0.04808563500046148,0.053505209001741605,256.0,0.0,256.0,256.0,256.0,1.0,0.0,1.0,1.0,1.0
countergan_one_shot,CounterGAN one-shot,256,disease_to_no_disease,medium_confidence,33.0,0.9212121212121211,0.17276714053454975,1.0,1.0,1.0,1.0,0.0,1.0,1.0,1.0,0.7878787878787878,0.4151487502672805,1.0,1.0,1.0,0.7939393939393938,0.2499242309423422,0.9,0.6,1.0,0.45454545454545453,0.5056498968474316,0.0,0.0,1.0,0.09966037727215073,0.031493923493172524,0.09156660735607147,0.07333122193813324,0.12308083474636078,0.19383718133718134,0.06994885517463675,0.17777777777777778,0.1388888888888889,0.2555555555555556,0.19383718133718134,0.06994885517463675,0.17777777777777778,0.1388888888888889,0.2555555555555556,0.03263433943643714,0.006444554634054716,0.03156858682632446,0.027001218870282173,0.039399608969688416,0.43204476703315203,0.07515653900119139,0.4198449353760241,0.3796926180969283,0.4703671240983091,0.43204476703315203,0.07515653900119139,0.4198449353760241,0.3796926180969283,0.4703671240983091,0.2643939393939394,0.3530575324392912,0.1,0.0,0.5,0.20827561327561328,0.3149162316534988,0.0,0.0,0.36,0.8659547813152829,0.0769609433692661,0.8787878787878788,0.8484848484848485,0.9090909090909091,0.8659547813152829,0.0769609433692661,0.8787878787878788,0.8484848484848485,0.9090909090909091,0.9662368986963701,0.013446867320890161,0.9687082715244724,0.9536453130065569,0.978107717566246,1.0,0.0,1.0,1.0,1.0,4.674541505900296,2.5597536285083713,4.722838878631592,2.6170783042907715,5.668392181396484,0.05020262375772731,0.004606142262074299,0.05035415100064711,0.04654137600118702,0.051711807000174304,256.0,0.0,256.0,256.0,256.0,1.0,0.0,1.0,1.0,1.0
countergan_one_shot,CounterGAN one-shot,256,disease_to_no_disease,near_boundary,34.0,0.9647058823529411,0.11776286635277733,1.0,1.0,1.0,1.0,0.0,1.0,1.0,1.0,0.8823529411764706,0.3270349700838644,1.0,1.0,1.0,0.9176470588235294,0.16600581996970654,1.0,0.925,1.0,0.7352941176470589,0.44781107551989907,1.0,0.25,1.0,0.08440557659110602,0.02969865269634781,0.07362420856952667,0.05997127667069435,0.10293689928948879,0.2604250959643116,0.0929358571395646,0.2777777777777778,0.21785714285714283,0.30000000000000004,0.2604250959643116,0.0929358571395646,0.2777777777777778,0.21785714285714283,0.30000000000000004,0.032551067333449334,0.005683558060023377,0.03073599562048912,0.028100828174501657,0.038167232647538185,0.40736360720880677,0.07201959795500897,0.3829451033641925,0.35590848661558455,0.4697618954496545,0.40736360720880677,0.07201959795500897,0.3829451033641925,0.35590848661558455,0.4697618954496545,0.18823529411764706,0.3505534203723583,0.0,0.0,0.2,0.2386764705882353,0.3570147879619686,0.01,0.0,0.32,0.8507354714251265,0.06715768973039178,0.8552769070010449,0.8181818181818182,0.8787878787878788,0.8507354714251265,0.06715768973039178,0.8552769070010449,0.8181818181818182,0.8787878787878788,0.9485925284062691,0.025743979040345456,0.9500172292972212,0.9340275186006836,0.9638550046308936,1.0,0.0,1.0,1.0,1.0,5.49417120218277,2.712083517690028,4.966254949569702,3.8497321009635925,6.011573433876038,0.048245053264535646,0.003128236989108735,0.047183760999814695,0.04578048899998066,0.050215003499261,256.0,0.0,256.0,256.0,256.0,1.0,0.0,1.0,1.0,1.0
countergan_one_shot,CounterGAN one-shot,256,no_disease_to_disease,high_confidence,33.0,1.0,0.0,1.0,1.0,1.0,1.0,0.0,1.0,1.0,1.0,1.0,0.0,1.0,1.0,1.0,0.9939393939393939,0.034815531191139566,1.0,1.0,1.0,0.9696969696969697,0.17407765595569788,1.0,1.0,1.0,0.1138892002177961,0.021192745176384847,0.1113564521074295,0.10516129434108734,0.1264854371547699,0.19966329966329968,0.06675254009159041,0.18888888888888883,0.14444444444444446,0.27222222222222225,0.19966329966329968,0.06675254009159041,0.18888888888888883,0.14444444444444446,0.27222222222222225,0.03611183471300385,0.006233673089326606,0.03661992773413658,0.031936127692461014,0.03888712450861931,0.44835047800815303,0.07767751474991512,0.42157132129782715,0.38985484777162643,0.5218433537200117,0.44835047800815303,0.07767751474991512,0.42157132129782715,0.38985484777162643,0.5218433537200117,0.051515151515151514,0.1349101833656658,0.0,0.0,0.0,0.9975757575757577,0.010905933886623084,1.0,1.0,1.0,0.8898071625344351,0.05908031267567265,0.9090909090909091,0.8484848484848485,0.9393939393939394,0.8898071625344351,0.05908031267567265,0.9090909090909091,0.8484848484848485,0.9393939393939394,0.9665387285037603,0.016626867955934436,0.9730815461844731,0.9565836877326728,0.9754933582464173,1.0,0.0,1.0,1.0,1.0,7.467979149384932,2.592772658191252,7.676046848297119,6.384077548980713,9.615169525146484,0.048115502757630595,0.0026562207966089758,0.04763039199860941,0.04585116000089329,0.04944128999886743,256.0,0.0,256.0,256.0,256.0,1.0,0.0,1.0,1.0,1.0
countergan_one_shot,CounterGAN one-shot,256,no_disease_to_disease,medium_confidence,33.0,0.996969696969697,0.01740776559556979,1.0,1.0,1.0,1.0,0.0,1.0,1.0,1.0,0.9696969696969697,0.174077655955698,1.0,1.0,1.0,0.9939393939393939,0.024230584229877998,1.0,1.0,1.0,0.9393939393939394,0.24230584229877988,1.0,1.0,1.0,0.11163700620333354,0.020537078969584278,0.11526866257190704,0.09689652174711227,0.12787765264511108,0.22297044519266743,0.07685630744306732,0.19135802469135804,0.16111111111111112,0.2777777777777778,0.22297044519266743,0.07685630744306732,0.19135802469135804,0.16111111111111112,0.2777777777777778,0.03841115754436363,0.007097405440832804,0.03568577393889427,0.033371325582265854,0.04234739765524864,0.42641775911779584,0.06257432651298565,0.4321419684550958,0.38937521716566337,0.4669707936849803,0.42641775911779584,0.06257432651298565,0.4321419684550958,0.38937521716566337,0.4669707936849803,0.04242424242424242,0.09024377759125216,0.0,0.0,0.0,0.9981818181818181,0.007687061147858076,1.0,1.0,1.0,0.8657483930211202,0.060399671536143645,0.8787878787878788,0.8484848484848485,0.9090909090909091,0.8657483930211202,0.060399671536143645,0.8787878787878788,0.8484848484848485,0.9090909090909091,0.9648451420689781,0.016687601990505275,0.970122643447248,0.9558318918989833,0.9777393789197347,1.0,0.0,1.0,1.0,1.0,7.402117917031953,2.379267808395657,7.279563903808594,5.751217365264893,9.137839317321777,0.047853389696849095,0.003068984715789323,0.04747490999943693,0.04616267900019011,0.04914786799963622,256.0,0.0,256.0,256.0,256.0,1.0,0.0,1.0,1.0,1.0
countergan_one_shot,CounterGAN one-shot,256,no_disease_to_disease,near_boundary,34.0,0.9970588235294118,0.017149858514250875,1.0,1.0,1.0,1.0,0.0,1.0,1.0,1.0,0.9705882352941176,0.1714985851425087,1.0,1.0,1.0,0.9911764705882353,0.03788057036804224,1.0,1.0,1.0,0.9411764705882353,0.23883257361061297,1.0,1.0,1.0,0.11347958401722066,0.01805465364979365,0.11191989853978157,0.0971665307879448,0.1288485825061798,0.20199709513435002,0.06440781461602532,0.20555555555555555,0.1583333333333333,0.23749999999999996,0.20199709513435002,0.06440781461602532,0.20555555555555555,0.1583333333333333,0.23749999999999996,0.03654107309001334,0.006086879930292484,0.036418164148926735,0.03138365503400564,0.04072531312704086,0.4494460789779249,0.07817687888487769,0.468221703606149,0.4188307220049595,0.5030746605196219,0.4494460789779249,0.07817687888487769,0.468221703606149,0.4188307220049595,0.5030746605196219,0.008823529411764706,0.051449575542752694,0.0,0.0,0.0,0.998235294117647,0.007576114073608442,1.0,1.0,1.0,0.8401069518716578,0.07342813057739482,0.8484848484848485,0.7878787878787878,0.8787878787878788,0.8401069518716578,0.07342813057739482,0.8484848484848485,0.7878787878787878,0.8787878787878788,0.969671967094082,0.010903538265802377,0.9682081071958382,0.9644473841549055,0.9788433403864716,1.0,0.0,1.0,1.0,1.0,7.943703735575957,2.214067796570467,8.557523250579834,5.853004455566406,9.721227407455444,0.04774317252930119,0.0024093304671431973,0.04756630499923631,0.045908132499789644,0.04919225549883777,256.0,0.0,256.0,256.0,256.0,1.0,0.0,1.0,1.0,1.0
countergan_one_shot,CounterGAN one-shot,512,disease_to_no_disease,high_confidence,33.0,0.906060606060606,0.2045412457479449,1.0,1.0,1.0,1.0,0.0,1.0,1.0,1.0,0.7575757575757576,0.4351941398892447,1.0,1.0,1.0,0.7727272727272727,0.27757062983221864,0.9,0.6,1.0,0.45454545454545453,0.5056498968474316,0.0,0.0,1.0,0.1054253608665683,0.030744723179031132,0.1017547994852066,0.07537087798118591,0.12049118429422379,0.17993827160493825,0.06429762633591701,0.18518518518518517,0.15555555555555556,0.22222222222222218,0.17993827160493825,0.06429762633591701,0.18518518518518517,0.15555555555555556,0.22222222222222218,0.02963786148889498,0.006510729645285744,0.030256403610110283,0.027179528027772903,0.03280489519238472,0.47630413065301574,0.10136597640115427,0.4429992897774876,0.4118919779938479,0.5207902969482603,0.47630413065301574,0.10136597640115427,0.4429992897774876,0.4118919779938479,0.5207902969482603,0.3495911495911495,0.3658577430064329,0.2,0.0,0.7,0.05393939393939394,0.13318078394468633,0.0,0.0,0.04,0.8937059689410787,0.06566392158515162,0.896551724137931,0.8484848484848485,0.9393939393939394,0.8937059689410787,0.06566392158515162,0.896551724137931,0.8484848484848485,0.9393939393939394,0.9694082404814851,0.013370518450574125,0.9682252004022336,0.9579067681021239,0.9787420158784685,1.0,0.0,1.0,1.0,1.0,3.9807202527017305,2.526311229121715,3.644440174102783,2.0064504146575928,4.696640491485596,0.056042132242454856,0.005303231483984669,0.054111683000883204,0.05188856700078759,0.06060214600074687,512.0,0.0,512.0,512.0,512.0,1.0,0.0,1.0,1.0,1.0
countergan_one_shot,CounterGAN one-shot,512,disease_to_no_disease,medium_confidence,33.0,0.9303030303030302,0.15306217789849427,1.0,1.0,1.0,1.0,0.0,1.0,1.0,1.0,0.7878787878787878,0.4151487502672805,1.0,1.0,1.0,0.8393939393939394,0.204541245747945,0.9,0.6,1.0,0.48484848484848486,0.5075192189225524,0.0,0.0,1.0,0.09717535453312325,0.03334887999295729,0.09188263863325119,0.06804392486810684,0.12520341575145721,0.20921249532360645,0.0743013537238429,0.19444444444444442,0.15555555555555553,0.27222222222222225,0.20921249532360645,0.0743013537238429,0.19444444444444442,0.15555555555555553,0.27222222222222225,0.031686837135842354,0.005917556211455813,0.030679866671562195,0.027092721313238144,0.036587029695510864,0.4325502173384187,0.07875372374908093,0.41650629336100337,0.3731401581079739,0.4734749847978495,0.4325502173384187,0.07875372374908093,0.41650629336100337,0.3731401581079739,0.4734749847978495,0.253030303030303,0.3490924380490508,0.0,0.0,0.4,0.19999999999999998,0.3060637188560579,0.0,0.0,0.38,0.8735976705673676,0.06106767784902975,0.8787878787878788,0.8484848484848485,0.9090909090909091,0.8735976705673676,0.06106767784902975,0.8787878787878788,0.8484848484848485,0.9090909090909091,0.9648728467910501,0.015633923415654484,0.9682697496659701,0.9570175525790219,0.9755080839280298,1.0,0.0,1.0,1.0,1.0,4.58574948166356,2.4278534152338027,4.190777778625488,3.095797538757324,5.693444728851318,0.05416251866655798,0.005631615020578036,0.052370393999808584,0.04955202599921904,0.056437557001117966,512.0,0.0,512.0,512.0,512.0,1.0,0.0,1.0,1.0,1.0
countergan_one_shot,CounterGAN one-shot,512,disease_to_no_disease,near_boundary,34.0,0.9941176470588234,0.034299717028501736,1.0,1.0,1.0,1.0,0.0,1.0,1.0,1.0,0.9705882352941176,0.17149858514250874,1.0,1.0,1.0,0.9441176470588236,0.1418304076269586,1.0,1.0,1.0,0.7941176470588235,0.41042563012190475,1.0,1.0,1.0,0.081849459449158,0.029266605061652195,0.06949064880609512,0.058039178140461445,0.10008612647652626,0.28394607843137254,0.09678303348991657,0.3,0.2434027777777778,0.3388888888888889,0.28394607843137254,0.09678303348991657,0.3,0.2434027777777778,0.3388888888888889,0.03314677719026804,0.0062185110847896175,0.031812237575650215,0.027646741829812527,0.03840931877493858,0.407054235868321,0.07557970254797207,0.39068827050367344,0.3466058318628501,0.46752856957564604,0.407054235868321,0.07557970254797207,0.39068827050367344,0.3466058318628501,0.46752856957564604,0.18529411764705883,0.36442761507742,0.0,0.0,0.0,0.2364705882352941,0.36129298404598953,0.02,0.0,0.29000000000000004,0.8254833401892226,0.08776825235805052,0.8181818181818182,0.7651515151515151,0.8787878787878788,0.8254833401892226,0.08776825235805052,0.8181818181818182,0.7651515151515151,0.8787878787878788,0.9486524318265734,0.021598284930667615,0.9499267415839755,0.9361312272552418,0.9590323922637018,1.0,0.0,1.0,1.0,1.0,5.412078170215382,2.7026434722453967,4.928735017776489,3.9110668897628784,5.842635869979858,0.05309124297050135,0.004641507393116773,0.05208732949995465,0.04977841124969018,0.05450928574964564,512.0,0.0,512.0,512.0,512.0,1.0,0.0,1.0,1.0,1.0
countergan_one_shot,CounterGAN one-shot,512,no_disease_to_disease,high_confidence,33.0,1.0,0.0,1.0,1.0,1.0,1.0,0.0,1.0,1.0,1.0,1.0,0.0,1.0,1.0,1.0,0.9787878787878787,0.07398300378117159,1.0,1.0,1.0,0.9090909090909091,0.29193710406057116,1.0,1.0,1.0,0.11265508672504713,0.021116876813817374,0.11111734062433243,0.10584618151187897,0.12444239854812622,0.22087542087542086,0.06563187505184352,0.20555555555555555,0.16666666666666666,0.28888888888888886,0.22087542087542086,0.06563187505184352,0.20555555555555555,0.16666666666666666,0.28888888888888886,0.03747454240466609,0.006575168592894979,0.03747118264436722,0.03134777396917343,0.042034830898046494,0.444752908607412,0.07914924347236474,0.4311934490810714,0.37865692984654264,0.5156213900170948,0.444752908607412,0.07914924347236474,0.4311934490810714,0.37865692984654264,0.5156213900170948,0.07272727272727272,0.16445502286477762,0.0,0.0,0.0,0.996969696969697,0.011315047637120343,1.0,1.0,1.0,0.8879706152433425,0.0649418969688505,0.8787878787878788,0.8484848484848485,0.9393939393939394,0.8879706152433425,0.0649418969688505,0.8787878787878788,0.8484848484848485,0.9393939393939394,0.9642931969103601,0.014229146575607064,0.9677678700172443,0.9595401211939818,0.9745427937273042,1.0,0.0,1.0,1.0,1.0,7.434208505081408,2.497629658519054,7.723673343658447,6.0003533363342285,9.26422119140625,0.05123770942389621,0.0015977122809714883,0.05102079900098033,0.049970637999649625,0.052536935998432455,512.0,0.0,512.0,512.0,512.0,1.0,0.0,1.0,1.0,1.0
countergan_one_shot,CounterGAN one-shot,512,no_disease_to_disease,medium_confidence,33.0,1.0,0.0,1.0,1.0,1.0,1.0,0.0,1.0,1.0,1.0,1.0,0.0,1.0,1.0,1.0,0.9878787878787879,0.0545296694331155,1.0,1.0,1.0,0.9393939393939394,0.24230584229877988,1.0,1.0,1.0,0.10859436135400426,0.01983177926250251,0.11080018430948257,0.09687356650829315,0.12590621411800385,0.24831649831649832,0.07560819306768263,0.21111111111111108,0.19444444444444442,0.31111111111111106,0.24831649831649832,0.07560819306768263,0.21111111111111108,0.19444444444444442,0.31111111111111106,0.037650255373481545,0.006201467208404473,0.03661104291677475,0.03259783238172531,0.04160439595580101,0.42393502192260535,0.06604047642380154,0.423944421412435,0.3829472398431935,0.4627570642653921,0.42393502192260535,0.06604047642380154,0.423944421412435,0.3829472398431935,0.4627570642653921,0.048484848484848485,0.10037807318213271,0.0,0.0,0.0,0.9957575757575757,0.011997474481714612,1.0,1.0,1.0,0.8585858585858587,0.07370969454205266,0.8787878787878788,0.8181818181818182,0.9090909090909091,0.8585858585858587,0.07370969454205266,0.8787878787878788,0.8181818181818182,0.9090909090909091,0.9617142817900259,0.017265300103284347,0.9679511920290912,0.9512774962106858,0.9748336051501025,1.0,0.0,1.0,1.0,1.0,7.275259870471376,2.3616994927040653,7.25855016708374,6.181413650512695,8.850977897644043,0.05073495524260524,0.0025050376176672167,0.05034551599965198,0.04876374500054226,0.05139068300013605,512.0,0.0,512.0,512.0,512.0,1.0,0.0,1.0,1.0,1.0
countergan_one_shot,CounterGAN one-shot,512,no_disease_to_disease,near_boundary,34.0,1.0,0.0,1.0,1.0,1.0,1.0,0.0,1.0,1.0,1.0,1.0,0.0,1.0,1.0,1.0,0.9911764705882352,0.028790224128123654,1.0,1.0,1.0,0.9117647058823529,0.28790224128123654,1.0,1.0,1.0,0.11056305139380343,0.018765321081658348,0.10532963648438454,0.09394249133765697,0.12428636476397514,0.21797385620915033,0.06590557166297942,0.21944444444444441,0.17499999999999996,0.24305555555555552,0.21797385620915033,0.06590557166297942,0.21944444444444441,0.17499999999999996,0.24305555555555552,0.03583002167151255,0.005842691235117703,0.03541135974228382,0.030880026053637266,0.040609863586723804,0.4465366257037621,0.0760190954233386,0.4589359610429721,0.41356546346940964,0.5039800450090323,0.4465366257037621,0.0760190954233386,0.4589359610429721,0.41356546346940964,0.5039800450090323,0.0029411764705882353,0.01714985851425088,0.0,0.0,0.0,0.9970588235294119,0.008714116643527626,1.0,1.0,1.0,0.8502673796791445,0.06955956290735936,0.8484848484848485,0.7878787878787878,0.9090909090909091,0.8502673796791445,0.06955956290735936,0.8484848484848485,0.7878787878787878,0.9090909090909091,0.965594583933071,0.01596214065101003,0.9684389296318872,0.9607888777747301,0.9754601144838996,1.0,0.0,1.0,1.0,1.0,7.67050600753111,2.2414143560334177,8.345108985900879,5.773228049278259,9.399123907089233,0.05237591226469864,0.00510519315109846,0.051079026000479644,0.04914005750015349,0.05375371099944459,512.0,0.0,512.0,512.0,512.0,1.0,0.0,1.0,1.0,1.0
countergan_sparse_diverse_no_dp,CounterGAN non-DP + identical counted sparse-diverse search,64,disease_to_no_disease,high_confidence,33.0,0.503030303030303,0.39169890260636464,0.4,0.1,1.0,0.8787878787878788,0.3314339826398082,1.0,1.0,1.0,0.30303030303030304,0.46669372215943755,0.0,0.0,1.0,0.38181818181818183,0.3574690069210069,0.2,0.1,0.7,0.09090909090909091,0.2919371040605712,0.0,0.0,0.0,0.08475828941526084,0.030104691686612537,0.08339128643274307,0.06710974872112274,0.1093333512544632,0.5668635589612602,0.11657158357609926,0.5925925925925927,0.5,0.6388888888888888,0.5668635589612602,0.11657158357609926,0.5925925925925927,0.5,0.6388888888888888,0.028290674668447726,0.014974262812464393,0.032141685485839844,0.02541523240506649,0.03779370337724686,0.5252171536929741,0.08920162437809098,0.5111040044231261,0.4727929188747802,0.5495147301275015,0.5252171536929741,0.08920162437809098,0.5111040044231261,0.4727929188747802,0.5495147301275015,0.2503831417624521,0.2808792374305777,0.16666666666666666,0.0,0.4,0.03099616858237548,0.07656442735908221,0.0,0.0,0.0,0.8599183702631978,0.059951583721652345,0.8518518518518519,0.8148148148148148,0.8888888888888888,0.8599183702631978,0.059951583721652345,0.8518518518518519,0.8148148148148148,0.8888888888888888,0.963870235135329,0.025354193067658192,0.9713348065118576,0.959333035385667,0.9783979637409523,1.0,0.0,1.0,1.0,1.0,3.1995244478357248,2.476365869576093,2.559903860092163,1.4827874898910522,4.214360237121582,0.23232819078789776,0.03025050798929232,0.24384489599833614,0.23554733600030886,0.24902739500066673,64.0,0.0,64.0,64.0,64.0,1.0,0.0,1.0,1.0,1.0
countergan_sparse_diverse_no_dp,CounterGAN non-DP + identical counted sparse-diverse search,64,disease_to_no_disease,medium_confidence,33.0,0.6515151515151515,0.42139738676901833,1.0,0.2,1.0,0.8484848484848485,0.3641095406272095,1.0,1.0,1.0,0.5151515151515151,0.5075192189225524,1.0,0.0,1.0,0.5242424242424243,0.3857057679033843,0.6,0.1,0.9,0.12121212121212122,0.33143398263980833,0.0,0.0,0.0,0.07350022924531784,0.02713893640058729,0.06715092062950134,0.054640219546854496,0.09779959358274937,0.6342151675485008,0.11447511691862443,0.6361111111111112,0.5819444444444445,0.7097222222222221,0.6342151675485008,0.11447511691862443,0.6361111111111112,0.5819444444444445,0.7097222222222221,0.03564069978892803,0.01369734647296065,0.03810192458331585,0.036348714493215084,0.0418485039845109,0.4731313398368823,0.07687136356721455,0.4532216679334259,0.4208556214908964,0.49890445899415836,0.4731313398368823,0.07687136356721455,0.4532216679334259,0.4208556214908964,0.49890445899415836,0.19166666666666665,0.2497117680010081,0.05,0.0,0.3333333333333333,0.15970238095238096,0.26216573998228404,0.0,0.0,0.22499999999999998,0.8527703777703778,0.0753599211243089,0.8636363636363636,0.796969696969697,0.9090909090909091,0.8527703777703778,0.0753599211243089,0.8636363636363636,0.796969696969697,0.9090909090909091,0.959739060363262,0.024123647044003927,0.9639619469582705,0.9524866080610567,0.9734319906690746,1.0,0.0,1.0,1.0,1.0,2.8345156737736295,1.4748448418425468,2.693208336830139,1.9317699074745178,3.785706341266632,0.22961717460618797,0.03464011206336687,0.2419364389988914,0.23260305599978892,0.24747135100005835,64.0,0.0,64.0,64.0,64.0,1.0,0.0,1.0,1.0,1.0
countergan_sparse_diverse_no_dp,CounterGAN non-DP + identical counted sparse-diverse search,64,disease_to_no_disease,near_boundary,34.0,0.55,0.3831686075583201,0.5,0.2,1.0,0.9117647058823529,0.2879022412812365,1.0,1.0,1.0,0.3235294117647059,0.4748580799338171,0.0,0.0,1.0,0.4617647058823529,0.3798043402837779,0.4,0.1,0.8,0.20588235294117646,0.4104256301219049,0.0,0.0,0.0,0.05257066321228781,0.02472439735648977,0.05000671371817589,0.03168851137161255,0.06961816176772118,0.7347072879330943,0.11279837001275507,0.75,0.6611111111111111,0.8333333333333333,0.7347072879330943,0.11279837001275507,0.75,0.6611111111111111,0.8333333333333333,0.03191713586209282,0.01262551842803725,0.03584644943475723,0.03200673125684261,0.0395343042910099,0.4220024081518567,0.07539176821183985,0.41835926972865706,0.3639204970313328,0.4711354998634713,0.4220024081518567,0.07539176821183985,0.41835926972865706,0.3639204970313328,0.4711354998634713,0.19331797235023038,0.28544591851017764,0.0,0.0,0.45,0.1517562724014337,0.22364006468977876,0.0,0.0,0.33000000000000007,0.7930110263814378,0.10216724384130425,0.8076923076923077,0.7307692307692307,0.8653198653198653,0.7930110263814378,0.10216724384130425,0.8076923076923077,0.7307692307692307,0.8653198653198653,0.9376529522852642,0.032901691397972624,0.9472240953490954,0.914573174841032,0.9651469728504687,1.0,0.0,1.0,1.0,1.0,3.3266045893392255,2.4809839694830895,2.5678658485412598,1.4986947774887085,4.98209023475647,0.2333469656763929,0.02839359393173427,0.23933576250010447,0.23360062049982844,0.24545623424978658,64.0,0.0,64.0,64.0,64.0,1.0,0.0,1.0,1.0,1.0
countergan_sparse_diverse_no_dp,CounterGAN non-DP + identical counted sparse-diverse search,64,no_disease_to_disease,high_confidence,33.0,0.9696969696969697,0.08472325715546057,1.0,1.0,1.0,1.0,0.0,1.0,1.0,1.0,0.8484848484848485,0.36410954062720957,1.0,1.0,1.0,0.7181818181818181,0.15300029708824398,0.8,0.6,0.8,0.0,0.0,0.0,0.0,0.0,0.08802431336406505,0.021386701846057683,0.08684706687927246,0.07726778835058212,0.09951081871986389,0.5794098391320613,0.08535704190412184,0.5555555555555556,0.5111111111111113,0.6611111111111111,0.5794098391320613,0.08535704190412184,0.5555555555555556,0.5111111111111113,0.6611111111111111,0.04565337616385835,0.00782640639168197,0.04498765245079994,0.04042787477374077,0.04924497753381729,0.49767433462268396,0.08515955933928361,0.49030302273594767,0.4172637222147129,0.5772654505403513,0.49767433462268396,0.08515955933928361,0.49030302273594767,0.4172637222147129,0.5772654505403513,0.045454545454545456,0.15018927452324357,0.0,0.0,0.0,0.9699494949494949,0.053580943519291525,1.0,0.96,1.0,0.8505058353543202,0.05818388162292975,0.8484848484848485,0.8181818181818182,0.8787878787878788,0.8505058353543202,0.05818388162292975,0.8484848484848485,0.8181818181818182,0.8787878787878788,0.9639618519403351,0.013076545925392088,0.9665482090485454,0.9602574245910832,0.9744384159946483,1.0,0.0,1.0,1.0,1.0,3.5039026538530984,1.5846702463269342,3.126887798309326,2.4953904151916504,4.532787799835205,0.24519574839403946,0.007108828784768688,0.24392887800058816,0.24013971000022138,0.24937535500066588,64.0,0.0,64.0,64.0,64.0,1.0,0.0,1.0,1.0,1.0
countergan_sparse_diverse_no_dp,CounterGAN non-DP + identical counted sparse-diverse search,64,no_disease_to_disease,medium_confidence,33.0,0.9727272727272728,0.06261353324525415,1.0,1.0,1.0,1.0,0.0,1.0,1.0,1.0,0.7878787878787878,0.41514875026728043,1.0,1.0,1.0,0.7696969696969697,0.13574988141074126,0.8,0.7,0.9,0.030303030303030304,0.174077655955698,0.0,0.0,0.0,0.08056259776155154,0.017016769545113636,0.07850179821252823,0.06781990081071854,0.09426897764205933,0.6145449201004758,0.07634261337662544,0.6055555555555555,0.55,0.6833333333333333,0.6145449201004758,0.07634261337662544,0.6055555555555555,0.55,0.6833333333333333,0.04417694834145633,0.006464780845982035,0.04443842172622681,0.041334133595228195,0.0480729378759861,0.48383965475031276,0.07626179339621056,0.4861115706303596,0.4110768841991169,0.5500742154383104,0.48383965475031276,0.07626179339621056,0.4861115706303596,0.4110768841991169,0.5500742154383104,0.013131313131313131,0.045427882190997505,0.0,0.0,0.0,0.9791919191919192,0.04263981425640155,1.0,0.9777777777777779,1.0,0.8423070833729142,0.07534709695875695,0.8484848484848485,0.7931034482758621,0.8787878787878788,0.8423070833729142,0.07534709695875695,0.8484848484848485,0.7931034482758621,0.8787878787878788,0.9595481038667325,0.017472662144755954,0.9654198987287224,0.9548043416851467,0.9680855422312465,1.0,0.0,1.0,1.0,1.0,3.5742683230024395,1.3759743540544966,3.287071943283081,2.5622739791870117,4.3127641677856445,0.2483893744547734,0.012703151800557793,0.2452797890000511,0.23959232000015618,0.25142885700006445,64.0,0.0,64.0,64.0,64.0,1.0,0.0,1.0,1.0,1.0
countergan_sparse_diverse_no_dp,CounterGAN non-DP + identical counted sparse-diverse search,64,no_disease_to_disease,near_boundary,34.0,0.9617647058823531,0.1326072027897772,1.0,1.0,1.0,1.0,0.0,1.0,1.0,1.0,0.8823529411764706,0.3270349700838645,1.0,1.0,1.0,0.7999999999999999,0.14142135623730953,0.8,0.7,0.9,0.11764705882352941,0.3270349700838645,0.0,0.0,0.0,0.08426843200098066,0.019215471363869505,0.07897127792239189,0.06765910051763058,0.10000350326299667,0.5876303299097416,0.08587895260889686,0.6111111111111112,0.5321428571428571,0.6541666666666667,0.5876303299097416,0.08587895260889686,0.6111111111111112,0.5321428571428571,0.6541666666666667,0.041315557982991725,0.007346327442268744,0.03927636332809925,0.03621444012969732,0.04555976111441851,0.48309218761801953,0.06552246066752121,0.48902252566826926,0.442909556459925,0.5118144637922629,0.48309218761801953,0.06552246066752121,0.48902252566826926,0.442909556459925,0.5118144637922629,0.0058823529411764705,0.023883257361061273,0.0,0.0,0.0,0.9835294117647058,0.04191494655964669,1.0,1.0,1.0,0.7946722911225953,0.08743699141997195,0.8013468013468013,0.7348484848484849,0.8484848484848485,0.7946722911225953,0.08743699141997195,0.8013468013468013,0.7348484848484849,0.8484848484848485,0.9639363929544094,0.019129948988489277,0.9679889190831528,0.9537483793242789,0.9779522247270367,1.0,0.0,1.0,1.0,1.0,3.916014965842752,0.9080275489245057,3.783968448638916,3.2815229296684265,4.387612700462341,0.24368977100001596,0.014896071131549971,0.24361235599917563,0.239602736499819,0.24896588450019408,64.0,0.0,64.0,64.0,64.0,1.0,0.0,1.0,1.0,1.0
countergan_sparse_diverse_no_dp,CounterGAN non-DP + identical counted sparse-diverse search,128,disease_to_no_disease,high_confidence,33.0,0.9727272727272728,0.07612788283838286,1.0,1.0,1.0,1.0,0.0,1.0,1.0,1.0,0.8787878787878788,0.3314339826398083,1.0,1.0,1.0,0.8212121212121213,0.12687980473063806,0.8,0.7,0.9,0.24242424242424243,0.43519413988924466,0.0,0.0,0.0,0.08500543891480475,0.02431466427261446,0.07577616721391678,0.06615887582302094,0.10247483104467392,0.6091209716209717,0.08245847827989826,0.619047619047619,0.5722222222222222,0.65,0.6091209716209717,0.08245847827989826,0.619047619047619,0.5722222222222222,0.65,0.06450681772195932,0.014403901069830805,0.06638675928115845,0.05280632525682449,0.07571399956941605,0.5903657945980005,0.07940936160154292,0.5984652230706987,0.5468409433177487,0.634028105166918,0.5903657945980005,0.07940936160154292,0.5984652230706987,0.5468409433177487,0.634028105166918,0.1590909090909091,0.20670576365276497,0.1,0.0,0.25,0.04045454545454545,0.0905397326140197,0.0,0.0,0.04,0.8785577014417141,0.07173530011546186,0.9090909090909091,0.8484848484848485,0.9230769230769231,0.8785577014417141,0.07173530011546186,0.9090909090909091,0.8484848484848485,0.9230769230769231,0.9645003056694365,0.011298911652143384,0.964841928904429,0.9566481390126901,0.973325902679986,1.0,0.0,1.0,1.0,1.0,5.407262679302331,2.5541286416111113,4.808752536773682,3.9869346618652344,6.249978065490723,0.47174961866668047,0.04188650778454916,0.4888827710001351,0.4266350819998479,0.5008813170006761,128.0,0.0,128.0,128.0,128.0,2.0,0.0,2.0,2.0,2.0
countergan_sparse_diverse_no_dp,CounterGAN non-DP + identical counted sparse-diverse search,128,disease_to_no_disease,medium_confidence,33.0,0.9939393939393939,0.03481553119113958,1.0,1.0,1.0,1.0,0.0,1.0,1.0,1.0,0.9696969696969697,0.17407765595569796,1.0,1.0,1.0,0.7999999999999999,0.16201851746019652,0.8,0.7,0.9,0.21212121212121213,0.4151487502672805,0.0,0.0,0.0,0.07568711674574649,0.020062511022608153,0.06751610338687897,0.05946183204650879,0.0914754793047905,0.6742003367003366,0.06730294444451601,0.6833333333333333,0.6444444444444445,0.7111111111111111,0.6742003367003366,0.06730294444451601,0.6833333333333333,0.6444444444444445,0.7111111111111111,0.06304130420991869,0.01660437199448578,0.061505258083343506,0.05219430848956108,0.07223322987556458,0.5457969367532753,0.0723239305248352,0.5411573414021162,0.4994165979673862,0.5900420665111324,0.5457969367532753,0.0723239305248352,0.5411573414021162,0.4994165979673862,0.5900420665111324,0.09393939393939395,0.14564381625088382,0.0,0.0,0.1,0.13515151515151516,0.20561069421544584,0.06,0.0,0.14,0.8422335240517057,0.061081753790399394,0.8484848484848485,0.7878787878787878,0.8787878787878788,0.8422335240517057,0.061081753790399394,0.8484848484848485,0.7878787878787878,0.8787878787878788,0.9535313674223498,0.015599660052119216,0.9543133949383951,0.9441717677747091,0.9651804119083531,1.0,0.0,1.0,1.0,1.0,4.772881341703011,2.032297483355357,4.540091514587402,3.021014928817749,6.747958183288574,0.47829658627280436,0.0346581535346888,0.49190201700002945,0.4731680699997014,0.4992366080005013,128.0,0.0,128.0,128.0,128.0,2.0,0.0,2.0,2.0,2.0
countergan_sparse_diverse_no_dp,CounterGAN non-DP + identical counted sparse-diverse search,128,disease_to_no_disease,near_boundary,34.0,1.0,0.0,1.0,1.0,1.0,1.0,0.0,1.0,1.0,1.0,1.0,0.0,1.0,1.0,1.0,0.8352941176470586,0.13680854337396825,0.9,0.8,0.9,0.17647058823529413,0.38695299497594754,0.0,0.0,0.0,0.05965935022515409,0.01724892018017421,0.05909523740410805,0.04470901284366846,0.07236866094172001,0.7390522875816994,0.07450403783549475,0.75,0.7069444444444445,0.8,0.7390522875816994,0.07450403783549475,0.75,0.7069444444444445,0.8,0.054188454085413146,0.01094377258287244,0.054603151977062225,0.04491245560348034,0.061906020157039165,0.5025277136006424,0.07228569799855192,0.49103602198075824,0.45170218780774685,0.5528039868239898,0.5025277136006424,0.07228569799855192,0.49103602198075824,0.45170218780774685,0.5528039868239898,0.10882352941176471,0.16763533123442342,0.0,0.0,0.17500000000000002,0.14941176470588238,0.16257289603148542,0.08,0.005,0.28,0.8199643493761142,0.08067292754270691,0.8333333333333334,0.7575757575757576,0.8787878787878788,0.8199643493761142,0.08067292754270691,0.8333333333333334,0.7575757575757576,0.8787878787878788,0.9326982558133508,0.022644733905621894,0.9358193542568543,0.9160730935730935,0.9493920402514153,1.0,0.0,1.0,1.0,1.0,5.0760830009684845,1.6851219856739488,4.897746801376343,4.022874116897583,6.192943572998047,0.4808643100000154,0.02180580915663212,0.48193640399995274,0.47527778125027,0.48852538700020887,128.0,0.0,128.0,128.0,128.0,2.0,0.0,2.0,2.0,2.0
countergan_sparse_diverse_no_dp,CounterGAN non-DP + identical counted sparse-diverse search,128,no_disease_to_disease,high_confidence,33.0,1.0,0.0,1.0,1.0,1.0,1.0,0.0,1.0,1.0,1.0,1.0,0.0,1.0,1.0,1.0,0.6969696969696969,0.18111606859423132,0.7,0.6,0.8,0.06060606060606061,0.24230584229877988,0.0,0.0,0.0,0.08494638448411768,0.02166120480031488,0.0853201374411583,0.0751522034406662,0.09867813438177109,0.6390572390572391,0.0772612417467123,0.6333333333333334,0.5777777777777778,0.7,0.6390572390572391,0.0772612417467123,0.6333333333333334,0.5777777777777778,0.7,0.05913455231171666,0.014251591534356891,0.056981511414051056,0.04977680370211601,0.065898098051548,0.5453871107591911,0.09780940337999369,0.53163698199054,0.4714816741468789,0.6259404997609446,0.5453871107591911,0.09780940337999369,0.53163698199054,0.4714816741468789,0.6259404997609446,0.0303030303030303,0.12620630056788099,0.0,0.0,0.0,0.9648484848484847,0.056353860344767644,1.0,0.96,1.0,0.8622589531680441,0.0638753220422972,0.8787878787878788,0.8181818181818182,0.9090909090909091,0.8622589531680441,0.0638753220422972,0.8787878787878788,0.8181818181818182,0.9090909090909091,0.9565979177043427,0.012404313090130426,0.9575035132136526,0.9479578060828061,0.9656460521118028,1.0,0.0,1.0,1.0,1.0,3.8398221080953423,1.9664231175623692,3.7562527656555176,2.258549690246582,4.815761566162109,0.4876139873333269,0.02016011866930945,0.49329736300023797,0.48339329800000996,0.49728121900079714,128.0,0.0,128.0,128.0,128.0,2.0,0.0,2.0,2.0,2.0
countergan_sparse_diverse_no_dp,CounterGAN non-DP + identical counted sparse-diverse search,128,no_disease_to_disease,medium_confidence,33.0,1.0,0.0,1.0,1.0,1.0,1.0,0.0,1.0,1.0,1.0,1.0,0.0,1.0,1.0,1.0,0.7272727272727272,0.17901244243195652,0.8,0.6,0.9,0.09090909090909091,0.2919371040605711,0.0,0.0,0.0,0.07899513005307227,0.018983757726136963,0.0778205543756485,0.06101130321621895,0.09531054645776749,0.6661616161616162,0.07249366240344339,0.6611111111111111,0.6166666666666667,0.7333333333333334,0.6661616161616162,0.07249366240344339,0.6611111111111111,0.6166666666666667,0.7333333333333334,0.05566703223369338,0.011945395780336994,0.05330263078212738,0.04537135735154152,0.06470734626054764,0.5257495256888931,0.07583057952556047,0.5320359520509329,0.4772675450340003,0.578519719385025,0.5257495256888931,0.07583057952556047,0.5320359520509329,0.4772675450340003,0.578519719385025,0.0030303030303030303,0.017407765595569794,0.0,0.0,0.0,0.9751515151515151,0.05613160941713303,1.0,0.9800000000000001,1.0,0.8374655647382921,0.07415663790577305,0.8484848484848485,0.7878787878787878,0.9090909090909091,0.8374655647382921,0.07415663790577305,0.8484848484848485,0.7878787878787878,0.9090909090909091,0.9474528916198961,0.021328714247322612,0.9547200022200022,0.9412613775113774,0.9617296458056908,1.0,0.0,1.0,1.0,1.0,3.9881950111100166,1.890451490195006,3.623926877975464,2.6657471656799316,4.832428455352783,0.49189689624246524,0.016659039365121545,0.4935331030010275,0.4806219849997433,0.5012681509997492,128.0,0.0,128.0,128.0,128.0,2.0,0.0,2.0,2.0,2.0
countergan_sparse_diverse_no_dp,CounterGAN non-DP + identical counted sparse-diverse search,128,no_disease_to_disease,near_boundary,34.0,1.0,0.0,1.0,1.0,1.0,1.0,0.0,1.0,1.0,1.0,1.0,0.0,1.0,1.0,1.0,0.7735294117647059,0.1657102683846971,0.8,0.7,0.9,0.14705882352941177,0.35949062795357084,0.0,0.0,0.0,0.08142686722909703,0.01826901386481632,0.0828641913831234,0.06563764438033104,0.09286404401063919,0.6506535947712418,0.07855271362332203,0.6583333333333333,0.5916666666666667,0.7041666666666666,0.6506535947712418,0.07855271362332203,0.6583333333333333,0.5916666666666667,0.7041666666666666,0.05219972966348424,0.011734094477078313,0.052270788699388504,0.043346003629267216,0.06152903474867344,0.5237276010732622,0.0731383337706158,0.5221851695684867,0.46140241875920185,0.5621360170110679,0.5237276010732622,0.0731383337706158,0.5221851695684867,0.46140241875920185,0.5621360170110679,0.008823529411764707,0.03788057036804224,0.0,0.0,0.0,0.9841176470588235,0.03182505655295732,1.0,0.9800000000000001,1.0,0.7959001782531194,0.08284020503551705,0.803030303030303,0.7348484848484849,0.8484848484848485,0.7959001782531194,0.08284020503551705,0.803030303030303,0.7348484848484849,0.8484848484848485,0.9527718094121541,0.020459550704315023,0.9575101934636571,0.9438132450409926,0.968218977713463,1.0,0.0,1.0,1.0,1.0,4.4222327014979195,1.415750287132994,4.057967901229858,3.5037219524383545,5.672788143157959,0.49375151238221887,0.017720643706194264,0.49680675600029645,0.4862083052507842,0.4997826522494506,128.0,0.0,128.0,128.0,128.0,2.0,0.0,2.0,2.0,2.0
countergan_sparse_diverse_no_dp,CounterGAN non-DP + identical counted sparse-diverse search,256,disease_to_no_disease,high_confidence,33.0,1.0,0.0,1.0,1.0,1.0,1.0,0.0,1.0,1.0,1.0,1.0,0.0,1.0,1.0,1.0,0.8242424242424243,0.11734112405264999,0.9,0.7,0.9,0.06060606060606061,0.2423058422987799,0.0,0.0,0.0,0.08687035366892815,0.025950510905151637,0.08406727015972137,0.06860749423503876,0.09875024855136871,0.6843434343434344,0.08203213934502676,0.6888888888888889,0.6444444444444445,0.7500000000000001,0.6843434343434344,0.08203213934502676,0.6888888888888889,0.6444444444444445,0.7500000000000001,0.07343238727612929,0.019582438128251268,0.07237185537815094,0.059186454862356186,0.08498932421207428,0.6708816521477511,0.09434776437632716,0.6477197672303074,0.6110230036157603,0.7105819073362175,0.6708816521477511,0.09434776437632716,0.6477197672303074,0.6110230036157603,0.7105819073362175,0.11515151515151516,0.1697814995096862,0.0,0.0,0.2,0.04666666666666667,0.06317963807008288,0.0,0.0,0.1,0.9063360881542701,0.04813059286406653,0.9090909090909091,0.8787878787878788,0.9393939393939394,0.9063360881542701,0.04813059286406653,0.9090909090909091,0.8787878787878788,0.9393939393939394,0.9507327966881024,0.016907937411877003,0.9556616300366301,0.9337198912198913,0.9626675489543135,1.0,0.0,1.0,1.0,1.0,7.358877138658003,3.652130289537036,5.934594631195068,4.905302047729492,8.969175338745117,0.9726742365152005,0.046782880700979156,0.9793664739991073,0.9452722939986415,1.0004470829990169,256.0,0.0,256.0,256.0,256.0,4.0,0.0,4.0,4.0,4.0
countergan_sparse_diverse_no_dp,CounterGAN non-DP + identical counted sparse-diverse search,256,disease_to_no_disease,medium_confidence,33.0,1.0,0.0,1.0,1.0,1.0,1.0,0.0,1.0,1.0,1.0,1.0,0.0,1.0,1.0,1.0,0.7909090909090909,0.14222261679238196,0.8,0.7,0.9,0.12121212121212122,0.3314339826398084,0.0,0.0,0.0,0.07195777615362947,0.0174549791029415,0.06557130068540573,0.06032905727624893,0.07903721183538437,0.7388888888888889,0.06286927943197933,0.7333333333333334,0.7166666666666667,0.7833333333333334,0.7388888888888889,0.06286927943197933,0.7333333333333334,0.7166666666666667,0.7833333333333334,0.06627569539528905,0.019639251576389384,0.06201633810997009,0.054419200867414474,0.07280351221561432,0.5971096796286245,0.09159485374093,0.579603403909392,0.5380603622179568,0.6159466075716806,0.5971096796286245,0.09159485374093,0.579603403909392,0.5380603622179568,0.6159466075716806,0.07272727272727274,0.13293026196263413,0.0,0.0,0.1,0.1187878787878788,0.1625530216528898,0.04,0.0,0.13999999999999999,0.8751147842056933,0.06417412381875537,0.8787878787878788,0.8484848484848485,0.9393939393939394,0.8751147842056933,0.06417412381875537,0.8787878787878788,0.8484848484848485,0.9393939393939394,0.9403947961256045,0.019927381782143504,0.939237012987013,0.9288886113886115,0.9542042332667332,1.0,0.0,1.0,1.0,1.0,6.403992262753573,2.4952682402600077,6.136916160583496,4.8974151611328125,7.514871120452881,0.9712156573333149,0.05646066710291086,0.9847782350007037,0.9334542540000257,1.0044407510013116,256.0,0.0,256.0,256.0,256.0,4.0,0.0,4.0,4.0,4.0
countergan_sparse_diverse_no_dp,CounterGAN non-DP + identical counted sparse-diverse search,256,disease_to_no_disease,near_boundary,34.0,1.0,0.0,1.0,1.0,1.0,1.0,0.0,1.0,1.0,1.0,1.0,0.0,1.0,1.0,1.0,0.8088235294117648,0.16581780263896356,0.8,0.7,0.9,0.20588235294117646,0.4104256301219049,0.0,0.0,0.0,0.056172321276629675,0.019408118399048158,0.051900798454880714,0.04310251399874687,0.06204535998404026,0.7910130718954249,0.06404810647992032,0.8055555555555556,0.7805555555555556,0.8333333333333334,0.7910130718954249,0.06404810647992032,0.8055555555555556,0.7805555555555556,0.8333333333333334,0.05445106645279071,0.01948934133164406,0.047288600355386734,0.0412380201742053,0.0668849665671587,0.5187895380443144,0.09002889613237436,0.5087888776595466,0.44859445532360237,0.5629782644809573,0.5187895380443144,0.09002889613237436,0.5087888776595466,0.44859445532360237,0.5629782644809573,0.1411764705882353,0.19712731935389022,0.0,0.0,0.275,0.12529411764705883,0.11706603404910298,0.1,0.025,0.21500000000000002,0.819073083778966,0.07876855527592112,0.8181818181818182,0.7575757575757576,0.8787878787878788,0.819073083778966,0.07876855527592112,0.8181818181818182,0.7575757575757576,0.8787878787878788,0.9180730292384875,0.021961179593656628,0.915094488844489,0.9023381132756132,0.9322810696248197,1.0,0.0,1.0,1.0,1.0,5.117295258185443,2.5738695093369177,5.071951150894165,3.3290462493896484,6.015128970146179,0.972523735117701,0.03833522286761191,0.979261591499835,0.9615197867501593,0.9975616345000162,256.0,0.0,256.0,256.0,256.0,4.0,0.0,4.0,4.0,4.0
countergan_sparse_diverse_no_dp,CounterGAN non-DP + identical counted sparse-diverse search,256,no_disease_to_disease,high_confidence,33.0,1.0,0.0,1.0,1.0,1.0,1.0,0.0,1.0,1.0,1.0,1.0,0.0,1.0,1.0,1.0,0.703030303030303,0.16102183175902046,0.7,0.6,0.8,0.06060606060606061,0.24230584229877988,0.0,0.0,0.0,0.08707365901632742,0.021130812343048436,0.09178224951028824,0.0780518501996994,0.09881570935249329,0.6762626262626261,0.06622062485362468,0.6777777777777778,0.611111111111111,0.7333333333333334,0.6762626262626261,0.06622062485362468,0.6777777777777778,0.611111111111111,0.7333333333333334,0.07191963143872493,0.019309057550572422,0.0756135806441307,0.052902061492204666,0.0859866589307785,0.5936608049417802,0.10263835474572792,0.5974419869076562,0.5294274868537954,0.6633212874488719,0.5936608049417802,0.10263835474572792,0.5974419869076562,0.5294274868537954,0.6633212874488719,0.02121212121212121,0.1053493466922545,0.0,0.0,0.0,0.9678787878787878,0.058723801379720365,1.0,0.96,1.0,0.8677685950413223,0.062387723678475275,0.8787878787878788,0.8181818181818182,0.9090909090909091,0.8677685950413223,0.062387723678475275,0.8787878787878788,0.8181818181818182,0.9090909090909091,0.9459028796079352,0.015914892514427643,0.9479850725255137,0.9397301309801309,0.9565866731307908,1.0,0.0,1.0,1.0,1.0,5.642724206953337,2.8733247602548357,4.967480182647705,3.3149306774139404,7.744119167327881,1.0011560027573565,0.03082670532207805,0.9949605359997804,0.9822598089995154,1.011031018999347,256.0,0.0,256.0,256.0,256.0,4.0,0.0,4.0,4.0,4.0
countergan_sparse_diverse_no_dp,CounterGAN non-DP + identical counted sparse-diverse search,256,no_disease_to_disease,medium_confidence,33.0,1.0,0.0,1.0,1.0,1.0,1.0,0.0,1.0,1.0,1.0,1.0,0.0,1.0,1.0,1.0,0.7757575757575758,0.15006311803351083,0.8,0.6,0.9,0.12121212121212122,0.33143398263980844,0.0,0.0,0.0,0.07771349562840028,0.01674181967452724,0.07867332547903061,0.06133019179105759,0.09194473922252655,0.7087542087542088,0.06282370344208331,0.7111111111111111,0.6666666666666667,0.75,0.7087542087542088,0.06282370344208331,0.7111111111111111,0.6666666666666667,0.75,0.06459798313903087,0.015050538256101356,0.06309306621551514,0.05692475661635399,0.07296700775623322,0.5658866907724829,0.07055011824666955,0.5745642253692799,0.5173463525080975,0.612672229992018,0.5658866907724829,0.07055011824666955,0.5745642253692799,0.5173463525080975,0.612672229992018,0.006060606060606061,0.02423058422987799,0.0,0.0,0.0,0.9684848484848485,0.05000757518374169,1.0,0.96,1.0,0.8218549127640037,0.07015559569811962,0.8484848484848485,0.7878787878787878,0.8787878787878788,0.8218549127640037,0.07015559569811962,0.8484848484848485,0.7878787878787878,0.8787878787878788,0.9387031877677107,0.028017987609166822,0.9479024447774448,0.9265413752913754,0.9543072205572205,1.0,0.0,1.0,1.0,1.0,4.883541251673843,2.1476065985362958,4.136286735534668,3.4676666259765625,6.56482458114624,0.9925865400605152,0.026723470083561893,0.9879191130003164,0.9807154489990353,1.0041767140010052,256.0,0.0,256.0,256.0,256.0,4.0,0.0,4.0,4.0,4.0
countergan_sparse_diverse_no_dp,CounterGAN non-DP + identical counted sparse-diverse search,256,no_disease_to_disease,near_boundary,34.0,1.0,0.0,1.0,1.0,1.0,1.0,0.0,1.0,1.0,1.0,1.0,0.0,1.0,1.0,1.0,0.8058823529411764,0.15943304184095444,0.8,0.7,0.9,0.23529411764705882,0.4305615452020461,0.0,0.0,0.0,0.08183990035425215,0.0199974619501343,0.08297153562307358,0.06603547930717468,0.096234031021595,0.6934640522875818,0.07757875677093334,0.7027777777777778,0.6291666666666667,0.75,0.6934640522875818,0.07757875677093334,0.7027777777777778,0.6291666666666667,0.75,0.06731807824005098,0.016479256644587992,0.06963734701275826,0.05569570232182741,0.0765596367418766,0.5828143829662604,0.08246911731892215,0.5793925388964745,0.527967449891398,0.6356931320249005,0.5828143829662604,0.08246911731892215,0.5793925388964745,0.527967449891398,0.6356931320249005,0.0058823529411764705,0.023883257361061273,0.0,0.0,0.0,0.9841176470588235,0.03367560460943577,1.0,1.0,1.0,0.801247771836007,0.09441986681099816,0.7878787878787878,0.7575757575757576,0.8712121212121212,0.801247771836007,0.09441986681099816,0.7878787878787878,0.7575757575757576,0.8712121212121212,0.9426823312168366,0.027332415891401448,0.9470687992562994,0.931135825979576,0.963480870264926,1.0,0.0,1.0,1.0,1.0,6.03743924814112,2.3827039963446386,5.423527479171753,4.276246547698975,7.015002250671387,0.9912234270292067,0.03558212803559956,0.9877805900005114,0.9750567472497096,1.003845883500162,256.0,0.0,256.0,256.0,256.0,4.0,0.0,4.0,4.0,4.0
countergan_sparse_diverse_no_dp,CounterGAN non-DP + identical counted sparse-diverse search,512,disease_to_no_disease,high_confidence,33.0,1.0,0.0,1.0,1.0,1.0,1.0,0.0,1.0,1.0,1.0,1.0,0.0,1.0,1.0,1.0,0.8666666666666667,0.13149778198382917,0.9,0.8,1.0,0.30303030303030304,0.4666937221594376,0.0,0.0,1.0,0.07999949710387172,0.02469212042086504,0.08076319098472595,0.06113281846046448,0.09291589260101318,0.7383838383838385,0.09202752662418814,0.7611111111111112,0.7111111111111111,0.7944444444444445,0.7383838383838385,0.09202752662418814,0.7611111111111112,0.7111111111111111,0.7944444444444445,0.07689345187761566,0.020183174260744376,0.07136136293411255,0.061538245528936386,0.09244988858699799,0.7022215636712373,0.10131227970709707,0.688935689063322,0.631251017265066,0.7642210421916387,0.7022215636712373,0.10131227970709707,0.688935689063322,0.631251017265066,0.7642210421916387,0.06060606060606061,0.14564381625088382,0.0,0.0,0.0,0.045454545454545456,0.07215828560753214,0.0,0.0,0.06000000000000001,0.9109274563820019,0.05716530025282401,0.9090909090909091,0.8787878787878788,0.9393939393939394,0.9109274563820019,0.05716530025282401,0.9090909090909091,0.8787878787878788,0.9393939393939394,0.9365898042321518,0.021650978714097862,0.9376075313575314,0.9278075396825397,0.948651973026973,1.0,0.0,1.0,1.0,1.0,8.920605225996537,4.838810554623008,7.089491844177246,5.931211471557617,9.803799629211426,1.9940207317571494,0.07348435601978794,2.0023538479999843,1.9408645859984972,2.0581618679989333,512.0,0.0,512.0,512.0,512.0,8.0,0.0,8.0,8.0,8.0
countergan_sparse_diverse_no_dp,CounterGAN non-DP + identical counted sparse-diverse search,512,disease_to_no_disease,medium_confidence,33.0,1.0,0.0,1.0,1.0,1.0,1.0,0.0,1.0,1.0,1.0,1.0,0.0,1.0,1.0,1.0,0.7787878787878787,0.14088465086191915,0.8,0.7,0.9,0.06060606060606061,0.24230584229877994,0.0,0.0,0.0,0.06481179188598286,0.011906317002844993,0.06246774643659592,0.05487160012125969,0.0711386650800705,0.8121212121212121,0.0416077023863078,0.8277777777777778,0.8111111111111112,0.8333333333333334,0.8121212121212121,0.0416077023863078,0.8277777777777778,0.8111111111111112,0.8333333333333334,0.06018368877244718,0.013265859067690811,0.06029744818806648,0.05075075477361679,0.06662376970052719,0.6268261758686894,0.10876117629065318,0.6017489414485091,0.5678248408385692,0.6725402260588564,0.6268261758686894,0.10876117629065318,0.6017489414485091,0.5678248408385692,0.6725402260588564,0.030303030303030304,0.08095078939102632,0.0,0.0,0.0,0.09393939393939395,0.11526977579626503,0.06000000000000001,0.0,0.13999999999999999,0.866850321395776,0.09025630335306574,0.8787878787878788,0.8181818181818182,0.9393939393939394,0.866850321395776,0.09025630335306574,0.8787878787878788,0.8181818181818182,0.9393939393939394,0.912623957481912,0.023237506961039548,0.9128878066378066,0.8972159090909091,0.9216242784992785,1.0,0.0,1.0,1.0,1.0,6.15708260825186,2.9848025515518914,5.043509006500244,4.379403114318848,6.613722801208496,1.9954475184544704,0.07942655855827171,2.0043441300003906,1.9536308979986643,2.035166998000932,512.0,0.0,512.0,512.0,512.0,8.0,0.0,8.0,8.0,8.0
countergan_sparse_diverse_no_dp,CounterGAN non-DP + identical counted sparse-diverse search,512,disease_to_no_disease,near_boundary,34.0,1.0,0.0,1.0,1.0,1.0,1.0,0.0,1.0,1.0,1.0,1.0,0.0,1.0,1.0,1.0,0.8264705882352941,0.16013029454149683,0.9,0.8,0.9,0.23529411764705882,0.4305615452020461,0.0,0.0,0.0,0.04929070525309619,0.013144708750921792,0.048159919679164886,0.03957824409008026,0.05484737269580364,0.8421568627450982,0.04684425179688611,0.8555555555555555,0.8277777777777778,0.8708333333333332,0.8421568627450982,0.04684425179688611,0.8555555555555555,0.8277777777777778,0.8708333333333332,0.05051078658331843,0.016022863758427937,0.04534907639026642,0.041054531931877136,0.05376309435814619,0.5300922207428691,0.07860222423315304,0.5237487632540953,0.48164927833908916,0.5709575950503925,0.5300922207428691,0.07860222423315304,0.5237487632540953,0.48164927833908916,0.5709575950503925,0.09705882352941175,0.1487020492973808,0.0,0.0,0.17500000000000002,0.10529411764705883,0.12861111913185955,0.05,0.02,0.16,0.8048128342245989,0.08769690067430054,0.7878787878787878,0.7348484848484849,0.8787878787878788,0.8048128342245989,0.08769690067430054,0.7878787878787878,0.7348484848484849,0.8787878787878788,0.8974041765856212,0.022116684206689788,0.8949553571428571,0.881049107142857,0.9135227272727273,1.0,0.0,1.0,1.0,1.0,5.716986498411964,2.749569893672788,5.011834383010864,3.865275800228119,6.685608625411987,1.9892261848235648,0.036049779448905035,1.9897811040000306,1.967406833499581,2.019152207749812,512.0,0.0,512.0,512.0,512.0,8.0,0.0,8.0,8.0,8.0
countergan_sparse_diverse_no_dp,CounterGAN non-DP + identical counted sparse-diverse search,512,no_disease_to_disease,high_confidence,33.0,1.0,0.0,1.0,1.0,1.0,1.0,0.0,1.0,1.0,1.0,1.0,0.0,1.0,1.0,1.0,0.7848484848484848,0.1769908403724825,0.8,0.7,0.9,0.18181818181818182,0.39167472590032004,0.0,0.0,0.0,0.08153512238553076,0.022919187944135406,0.07855014503002167,0.0639713779091835,0.10037529468536377,0.7378787878787879,0.07086674791180954,0.7611111111111111,0.6666666666666666,0.8,0.7378787878787879,0.07086674791180954,0.7611111111111111,0.6666666666666666,0.8,0.08140724716764508,0.025973671883505065,0.08084829896688461,0.061909060925245285,0.08985717594623566,0.6576081721794439,0.11378262784842805,0.6671220918550217,0.5931143291788992,0.7238697047631172,0.6576081721794439,0.11378262784842805,0.6671220918550217,0.5931143291788992,0.7238697047631172,0.02121212121212121,0.1053493466922545,0.0,0.0,0.0,0.9393939393939394,0.08223211788663365,0.9800000000000001,0.9199999999999999,1.0,0.8631772268135904,0.04677452861012607,0.8787878787878788,0.8181818181818182,0.9090909090909091,0.8631772268135904,0.04677452861012607,0.8787878787878788,0.8181818181818182,0.9090909090909091,0.9288831640788613,0.03164484347710789,0.940689276001776,0.9107873376623378,0.9491763791763793,1.0,0.0,1.0,1.0,1.0,7.6625461036508735,4.17976335916541,6.8422136306762695,4.814610958099365,10.068962097167969,2.025426059636326,0.0338006480808963,2.0203589709999505,2.0000040089998947,2.052110258000539,512.0,0.0,512.0,512.0,512.0,8.0,0.0,8.0,8.0,8.0
countergan_sparse_diverse_no_dp,CounterGAN non-DP + identical counted sparse-diverse search,512,no_disease_to_disease,medium_confidence,33.0,1.0,0.0,1.0,1.0,1.0,1.0,0.0,1.0,1.0,1.0,1.0,0.0,1.0,1.0,1.0,0.793939393939394,0.11973771841872224,0.8,0.7,0.9,0.12121212121212122,0.33143398263980844,0.0,0.0,0.0,0.07346290914398251,0.015607538221113607,0.06971795111894608,0.061432916671037674,0.08237634599208832,0.7560606060606061,0.05345623203131147,0.75,0.7277777777777779,0.7833333333333334,0.7560606060606061,0.05345623203131147,0.75,0.7277777777777779,0.7833333333333334,0.07206996304519249,0.017924903066399645,0.07214806973934174,0.05660855025053024,0.08666610717773438,0.6204684829258456,0.09187727431197787,0.6169519895409008,0.5455786672749826,0.6666410202252934,0.6204684829258456,0.09187727431197787,0.6169519895409008,0.5455786672749826,0.6666410202252934,0.0030303030303030303,0.017407765595569797,0.0,0.0,0.0,0.9472727272727273,0.08213071621174715,0.9800000000000001,0.9199999999999999,1.0,0.8429752066115702,0.07555068167325779,0.8484848484848485,0.8181818181818182,0.8787878787878788,0.8429752066115702,0.07555068167325779,0.8484848484848485,0.8181818181818182,0.8787878787878788,0.9223421969444697,0.03181317144942677,0.9314148351648353,0.9061409423909424,0.9412671356421356,1.0,0.0,1.0,1.0,1.0,6.495048811941436,4.530336188434737,5.64287805557251,4.003754138946533,7.906854152679443,2.027949408605943,0.08467047319291876,2.0170077080001647,1.9887708279984508,2.047150699001577,512.0,0.0,512.0,512.0,512.0,8.0,0.0,8.0,8.0,8.0
countergan_sparse_diverse_no_dp,CounterGAN non-DP + identical counted sparse-diverse search,512,no_disease_to_disease,near_boundary,34.0,1.0,0.0,1.0,1.0,1.0,1.0,0.0,1.0,1.0,1.0,1.0,0.0,1.0,1.0,1.0,0.8441176470588236,0.1283725083157044,0.9,0.8,0.9,0.23529411764705882,0.4305615452020461,0.0,0.0,0.0,0.07381712721989435,0.020650430129942263,0.07028409093618393,0.056775955483317375,0.08985324576497078,0.7531045751633988,0.07054105442951139,0.7666666666666667,0.6958333333333333,0.8097222222222222,0.7531045751633988,0.07054105442951139,0.7666666666666667,0.6958333333333333,0.8097222222222222,0.07304591378744911,0.021318518911758313,0.07313328608870506,0.057471632957458496,0.08443962968885899,0.623156502763069,0.10470695184362659,0.5997298077902744,0.5566325886478793,0.6901102753713403,0.623156502763069,0.10470695184362659,0.5997298077902744,0.5566325886478793,0.6901102753713403,0.017647058823529415,0.04586269518104188,0.0,0.0,0.0,0.95,0.08373840941958004,1.0,0.9400000000000001,1.0,0.7967914438502673,0.07291428807815421,0.7878787878787878,0.7575757575757576,0.8484848484848485,0.7967914438502673,0.07291428807815421,0.7878787878787878,0.7575757575757576,0.8484848484848485,0.922630625510793,0.03205856496915986,0.9298282620157621,0.9003050595238096,0.9471161737567988,1.0,0.0,1.0,1.0,1.0,8.034738256650812,4.211139865407342,6.78447151184082,5.258349895477295,9.834394693374634,2.0166512510002255,0.039314672270546365,2.0128955430009228,1.9988348957504058,2.0348284637493634,512.0,0.0,512.0,512.0,512.0,8.0,0.0,8.0,8.0,8.0
dice_gradient_style,Custom DiCE-style gradient,64,disease_to_no_disease,high_confidence,33.0,0.0,0.0,0.0,0.0,0.0,0.0,0.0,0.0,0.0,0.0,0.0,0.0,0.0,0.0,0.0,0.0,0.0,0.0,0.0,0.0,0.0,0.0,0.0,0.0,0.0,,0.0,,,,,0.0,,,,,0.0,,,,,0.0,,,,,0.0,,,,,0.0,,,,,0.0,,,,,0.0,,,,,0.0,,,,,0.0,,,,,0.0,,,,,0.0,,,,,0.0,,,,0.05034235093940383,0.0014099285353579676,0.04996365399983915,0.04914496899982623,0.05139248800060159,64.0,0.0,64.0,64.0,64.0,1.0,0.0,1.0,1.0,1.0
dice_gradient_style,Custom DiCE-style gradient,64,disease_to_no_disease,medium_confidence,33.0,0.0,0.0,0.0,0.0,0.0,0.0,0.0,0.0,0.0,0.0,0.0,0.0,0.0,0.0,0.0,0.0,0.0,0.0,0.0,0.0,0.0,0.0,0.0,0.0,0.0,,0.0,,,,,0.0,,,,,0.0,,,,,0.0,,,,,0.0,,,,,0.0,,,,,0.0,,,,,0.0,,,,,0.0,,,,,0.0,,,,,0.0,,,,,0.0,,,,,0.0,,,,0.0495997157879284,0.0009098766537548353,0.04955431599955773,0.04907382100009272,0.050006421999569284,64.0,0.0,64.0,64.0,64.0,1.0,0.0,1.0,1.0,1.0
dice_gradient_style,Custom DiCE-style gradient,64,disease_to_no_disease,near_boundary,34.0,0.08823529411764708,0.032703497008386435,0.1,0.1,0.1,0.8823529411764706,0.32703497008386434,1.0,1.0,1.0,0.0,0.0,0.0,0.0,0.0,0.04411764705882353,0.050399473726137844,0.0,0.0,0.1,0.0,0.0,0.0,0.0,0.0,0.02079949580753843,0.0061168838447920836,0.018428202718496323,0.015946158207952976,0.025843323674052954,0.8499999999999999,0.10434371926321541,0.8888888888888888,0.7777777777777778,0.9444444444444444,0.8499999999999999,0.10434371926321541,0.8888888888888888,0.7777777777777778,0.9444444444444444,0.0,0.0,0.0,0.0,0.0,0.3604802949169158,0.09484236640430971,0.3641687740173346,0.31171655387339975,0.4210202070099953,0.3604802949169158,0.09484236640430971,0.3641687740173346,0.31171655387339975,0.4210202070099953,0.3333333333333333,0.479463301485384,0.0,0.0,1.0,0.0,0.0,0.0,0.0,0.0,0.8192307692307691,0.09643195854090642,0.8269230769230769,0.7788461538461539,0.8846153846153846,0.8192307692307691,0.09643195854090642,0.8269230769230769,0.7788461538461539,0.8846153846153846,0.4120310179801278,0.13949990994612543,0.4063801088617265,0.332287851037851,0.5078098984348984,1.0,0.0,1.0,1.0,1.0,1.4932549158732096,1.176278753776175,1.522007703781128,0.2941107749938965,2.6064997911453247,0.051102426264686286,0.003486654407038262,0.050149653000062244,0.04946071674999075,0.05151440225017723,64.0,0.0,64.0,64.0,64.0,1.0,0.0,1.0,1.0,1.0
dice_gradient_style,Custom DiCE-style gradient,64,no_disease_to_disease,high_confidence,33.0,0.0,0.0,0.0,0.0,0.0,0.0,0.0,0.0,0.0,0.0,0.0,0.0,0.0,0.0,0.0,0.0,0.0,0.0,0.0,0.0,0.0,0.0,0.0,0.0,0.0,,0.0,,,,,0.0,,,,,0.0,,,,,0.0,,,,,0.0,,,,,0.0,,,,,0.0,,,,,0.0,,,,,0.0,,,,,0.0,,,,,0.0,,,,,0.0,,,,,0.0,,,,0.04979828466650471,0.0018690857106308083,0.04933071499999642,0.048716575000071316,0.050038800000038464,64.0,0.0,64.0,64.0,64.0,1.0,0.0,1.0,1.0,1.0
dice_gradient_style,Custom DiCE-style gradient,64,no_disease_to_disease,medium_confidence,33.0,0.0,0.0,0.0,0.0,0.0,0.0,0.0,0.0,0.0,0.0,0.0,0.0,0.0,0.0,0.0,0.0,0.0,0.0,0.0,0.0,0.0,0.0,0.0,0.0,0.0,,0.0,,,,,0.0,,,,,0.0,,,,,0.0,,,,,0.0,,,,,0.0,,,,,0.0,,,,,0.0,,,,,0.0,,,,,0.0,,,,,0.0,,,,,0.0,,,,,0.0,,,,0.050855468848484714,0.0020904506437766012,0.05045483499998227,0.049815241000032984,0.051372079999964626,64.0,0.0,64.0,64.0,64.0,1.0,0.0,1.0,1.0,1.0
dice_gradient_style,Custom DiCE-style gradient,64,no_disease_to_disease,near_boundary,34.0,0.0911764705882353,0.028790224128123664,0.1,0.1,0.1,0.9117647058823529,0.28790224128123654,1.0,1.0,1.0,0.0,0.0,0.0,0.0,0.0,0.020588235294117647,0.04104256301219048,0.0,0.0,0.0,0.0,0.0,0.0,0.0,0.0,0.022469923741394473,0.004507305629914657,0.024786164984107018,0.01833830028772354,0.02602491993457079,0.8207885304659497,0.10214739352515301,0.8333333333333334,0.7777777777777778,0.8888888888888888,0.8207885304659497,0.10214739352515301,0.8333333333333334,0.7777777777777778,0.8888888888888888,0.0,0.0,0.0,0.0,0.0,0.42455642103954133,0.13727236076895857,0.4181678556044111,0.37135629454802865,0.5054629961418755,0.42455642103954133,0.13727236076895857,0.4181678556044111,0.37135629454802865,0.5054629961418755,0.1935483870967742,0.4016096644512497,0.0,0.0,0.0,0.6967741935483871,0.42228258387620154,1.0,0.2,1.0,0.8535980148883374,0.07845861912537161,0.8461538461538461,0.8269230769230769,0.9038461538461539,0.8535980148883374,0.07845861912537161,0.8461538461538461,0.8269230769230769,0.9038461538461539,0.4695123694827205,0.11178289545970496,0.45790598290598294,0.3874007936507936,0.5500936563436564,1.0,0.0,1.0,1.0,1.0,0.8967736613365912,0.809072151114559,0.6358637809753418,0.24338769912719727,1.17879056930542,0.050538599441204174,0.002858085613639637,0.049852860999635595,0.04901438675051395,0.051055212249821125,64.0,0.0,64.0,64.0,64.0,1.0,0.0,1.0,1.0,1.0
dice_gradient_style,Custom DiCE-style gradient,128,disease_to_no_disease,high_confidence,33.0,0.0,0.0,0.0,0.0,0.0,0.0,0.0,0.0,0.0,0.0,0.0,0.0,0.0,0.0,0.0,0.0,0.0,0.0,0.0,0.0,0.0,0.0,0.0,0.0,0.0,,0.0,,,,,0.0,,,,,0.0,,,,,0.0,,,,,0.0,,,,,0.0,,,,,0.0,,,,,0.0,,,,,0.0,,,,,0.0,,,,,0.0,,,,,0.0,,,,,0.0,,,,0.05893071454542995,0.002223471632742437,0.05842711599962058,0.057618689999799244,0.05972720800036768,128.0,0.0,128.0,128.0,128.0,1.0,0.0,1.0,1.0,1.0
dice_gradient_style,Custom DiCE-style gradient,128,disease_to_no_disease,medium_confidence,33.0,0.08484848484848485,0.03641095406272095,0.1,0.1,0.1,0.8484848484848485,0.36410954062720957,1.0,1.0,1.0,0.0,0.0,0.0,0.0,0.0,0.0393939393939394,0.04961976634488732,0.0,0.0,0.1,0.0,0.0,0.0,0.0,0.0,0.03674056101590395,0.005078287190579296,0.03470440395176411,0.03337925486266613,0.03733930364251137,0.015873015873015876,0.03659346370590198,0.0,0.0,0.0,0.015873015873015876,0.03659346370590198,0.0,0.0,0.0,0.0,0.0,0.0,0.0,0.0,0.43898553096535237,0.11005058447927486,0.43414481076122774,0.3814322493888573,0.48956347135564066,0.43898553096535237,0.11005058447927486,0.43414481076122774,0.3814322493888573,0.48956347135564066,0.10714285714285714,0.314970394174356,0.0,0.0,0.0,0.0,0.0,0.0,0.0,0.0,0.9107142857142856,0.05642343613377873,0.9230769230769231,0.8846153846153846,0.9615384615384616,0.9107142857142856,0.05642343613377873,0.9230769230769231,0.8846153846153846,0.9615384615384616,0.9714521172256951,0.016556123040313838,0.9779316271963332,0.9590473405271199,0.982661701044054,1.0,0.0,1.0,1.0,1.0,1.592360258102417,1.2446942941151704,1.2642099857330322,0.6720021963119507,2.1515642404556274,0.058536261909135974,0.0013922636817521262,0.05858103999980813,0.05738790899977175,0.05934343499939132,128.0,0.0,128.0,128.0,128.0,1.0,0.0,1.0,1.0,1.0
dice_gradient_style,Custom DiCE-style gradient,128,disease_to_no_disease,near_boundary,34.0,0.1,4.2259464171569474e-17,0.1,0.1,0.1,1.0,0.0,1.0,1.0,1.0,0.0,0.0,0.0,0.0,0.0,0.1,4.2259464171569474e-17,0.1,0.1,0.1,0.0,0.0,0.0,0.0,0.0,0.03431736327269498,0.007065431363918398,0.03303273394703865,0.028582775499671698,0.03995536733418703,0.06535947712418301,0.07297661971435393,0.02777777777777779,0.0,0.15277777777777776,0.06535947712418301,0.07297661971435393,0.02777777777777779,0.0,0.15277777777777776,0.0,0.0,0.0,0.0,0.0,0.3904350402669982,0.09274744107885075,0.39221718738912725,0.3363383921260756,0.463062695116808,0.3904350402669982,0.09274744107885075,0.39221718738912725,0.3363383921260756,0.463062695116808,0.23529411764705882,0.4305615452020461,0.0,0.0,0.0,0.0058823529411764705,0.034299717028501764,0.0,0.0,0.0,0.8766968325791855,0.07909487279879605,0.8846153846153846,0.8461538461538461,0.9230769230769231,0.8766968325791855,0.07909487279879605,0.8846153846153846,0.8461538461538461,0.9230769230769231,0.9225612904632863,0.04632353886629357,0.9423269576437108,0.8833144983140298,0.9619938884644766,1.0,0.0,1.0,1.0,1.0,4.873448743539698,0.9308925728238917,4.856041431427002,4.190684199333191,5.652179598808289,0.05873833161772649,0.0015732321931716125,0.05840688599982968,0.05780459549987427,0.059415067000600175,128.0,0.0,128.0,128.0,128.0,1.0,0.0,1.0,1.0,1.0
dice_gradient_style,Custom DiCE-style gradient,128,no_disease_to_disease,high_confidence,33.0,0.0696969696969697,0.046669372215943764,0.1,0.0,0.1,0.696969696969697,0.46669372215943755,1.0,0.0,1.0,0.0,0.0,0.0,0.0,0.0,0.009090909090909092,0.029193710406057106,0.0,0.0,0.0,0.0,0.0,0.0,0.0,0.0,0.04059848246043143,0.005641583056288952,0.04298726096749306,0.034864915534853935,0.0447067953646183,0.05314009661835751,0.026369668011022918,0.05555555555555558,0.05555555555555558,0.05555555555555558,0.05314009661835751,0.026369668011022918,0.05555555555555558,0.05555555555555558,0.05555555555555558,0.0,0.0,0.0,0.0,0.0,0.41824361081876515,0.09645076686669316,0.41215194124009713,0.34344072938640713,0.4749143638875558,0.41824361081876515,0.09645076686669316,0.41215194124009713,0.34344072938640713,0.4749143638875558,0.043478260869565216,0.2085144140570748,0.0,0.0,0.0,0.6521739130434783,0.3629044016584574,0.8,0.30000000000000004,1.0,0.8862876254180603,0.06809308100053882,0.8846153846153846,0.8461538461538461,0.9423076923076923,0.8862876254180603,0.06809308100053882,0.8846153846153846,0.8461538461538461,0.9423076923076923,0.9778823746410635,0.014707498741936406,0.9819327731092438,0.970873044965787,0.9881514235092864,1.0,0.0,1.0,1.0,1.0,0.8157069994055707,0.6771287944644375,0.5897889137268066,0.2020277976989746,1.3860998153686523,0.05940179812122634,0.004597544221081447,0.05820854600005987,0.057376722999833873,0.059692308999728994,128.0,0.0,128.0,128.0,128.0,1.0,0.0,1.0,1.0,1.0
dice_gradient_style,Custom DiCE-style gradient,128,no_disease_to_disease,medium_confidence,33.0,0.1,4.2278880420777505e-17,0.1,0.1,0.1,1.0,0.0,1.0,1.0,1.0,0.0,0.0,0.0,0.0,0.0,0.07575757575757577,0.04351941398892446,0.1,0.1,0.1,0.0,0.0,0.0,0.0,0.0,0.04035144175092379,0.0040774617015925515,0.041765011847019196,0.036420419812202454,0.04384391009807587,0.04882154882154884,0.03029426079617528,0.05555555555555558,0.05555555555555558,0.05555555555555558,0.04882154882154884,0.03029426079617528,0.05555555555555558,0.05555555555555558,0.05555555555555558,0.0,0.0,0.0,0.0,0.0,0.42116579101628226,0.10969041471682871,0.39585387182334913,0.3323159885993486,0.5094486130454543,0.42116579101628226,0.10969041471682871,0.39585387182334913,0.3323159885993486,0.5094486130454543,0.0,0.0,0.0,0.0,0.0,0.5818181818181818,0.46734258409553364,0.8,0.0,1.0,0.8904428904428905,0.06386903850265854,0.8846153846153846,0.8461538461538461,0.9230769230769231,0.8904428904428905,0.06386903850265854,0.8846153846153846,0.8461538461538461,0.9230769230769231,0.9636567816061482,0.015962945069996032,0.9629870129870131,0.9544746688239458,0.9727314184471443,1.0,0.0,1.0,1.0,1.0,1.8815143758600408,0.8229512263529436,1.8707938194274902,1.3804755210876465,2.554694652557373,0.06007802630312764,0.0042606617675914685,0.0589198049992774,0.058096097000088776,0.060304050000013376,128.0,0.0,128.0,128.0,128.0,1.0,0.0,1.0,1.0,1.0
dice_gradient_style,Custom DiCE-style gradient,128,no_disease_to_disease,near_boundary,34.0,0.1,4.2259464171569474e-17,0.1,0.1,0.1,1.0,0.0,1.0,1.0,1.0,0.0,0.0,0.0,0.0,0.0,0.1,4.2259464171569474e-17,0.1,0.1,0.1,0.0,0.0,0.0,0.0,0.0,0.035777202149962675,0.0045049268012165074,0.036276690661907196,0.032586224377155304,0.0396206509321928,0.07843137254901963,0.06989603612400364,0.05555555555555558,0.05555555555555558,0.11111111111111116,0.07843137254901963,0.06989603612400364,0.05555555555555558,0.05555555555555558,0.11111111111111116,0.0,0.0,0.0,0.0,0.0,0.45005914625242893,0.12915162420948284,0.4451267819721243,0.3926527385548505,0.5448191304642003,0.45005914625242893,0.12915162420948284,0.4451267819721243,0.3926527385548505,0.5448191304642003,0.11764705882352941,0.32703497008386456,0.0,0.0,0.0,0.7352941176470589,0.39915239964976734,1.0,0.45,1.0,0.8721719457013574,0.07255709371413835,0.8846153846153846,0.8173076923076923,0.9230769230769231,0.8721719457013574,0.07255709371413835,0.8846153846153846,0.8173076923076923,0.9230769230769231,0.9303995019200363,0.03381029805169405,0.9366858216893796,0.9116140870842275,0.9561412609452098,1.0,0.0,1.0,1.0,1.0,4.091499833499684,0.9215402089087449,4.118239879608154,3.384310007095337,4.613004207611084,0.05974343870582957,0.005528614819494146,0.058845885999744496,0.05785408424981142,0.05983161749963983,128.0,0.0,128.0,128.0,128.0,1.0,0.0,1.0,1.0,1.0
dice_gradient_style,Custom DiCE-style gradient,256,disease_to_no_disease,high_confidence,33.0,0.09393939393939395,0.02423058422987798,0.1,0.1,0.1,0.9393939393939394,0.24230584229877988,1.0,1.0,1.0,0.0,0.0,0.0,0.0,0.0,0.09090909090909093,0.029193710406057113,0.1,0.1,0.1,0.0,0.0,0.0,0.0,0.0,0.07166140947130419,0.007660626910329304,0.07082723081111908,0.06518368422985077,0.07627890259027481,0.026881720430107534,0.042723553275839245,0.0,0.0,0.05555555555555558,0.026881720430107534,0.042723553275839245,0.0,0.0,0.05555555555555558,0.0,0.0,0.0,0.0,0.0,0.5450380407761036,0.10084325745427059,0.5394303733131094,0.49812616998198084,0.5908307314075489,0.5450380407761036,0.10084325745427059,0.5394303733131094,0.49812616998198084,0.5908307314075489,0.16129032258064516,0.373878250552983,0.0,0.0,0.0,0.0,0.0,0.0,0.0,0.0,0.9354838709677417,0.044839288710355876,0.9230769230769231,0.9230769230769231,0.9615384615384616,0.9354838709677417,0.044839288710355876,0.9230769230769231,0.9230769230769231,0.9615384615384616,0.9991498529219653,0.0023366555998059276,1.0,1.0,1.0,1.0,0.0,1.0,1.0,1.0,5.389260830417756,1.3038394024190405,5.660542964935303,4.702805280685425,6.190553188323975,0.07706918993941751,0.003092784970369101,0.07607168499998807,0.07533092999983637,0.07867674200042529,256.0,0.0,256.0,256.0,256.0,1.0,0.0,1.0,1.0,1.0
dice_gradient_style,Custom DiCE-style gradient,256,disease_to_no_disease,medium_confidence,33.0,0.10606060606060608,0.024230584229878005,0.1,0.1,0.1,1.0,0.0,1.0,1.0,1.0,0.0,0.0,0.0,0.0,0.0,0.10606060606060608,0.024230584229878005,0.1,0.1,0.1,0.0,0.0,0.0,0.0,0.0,0.06333709880709648,0.008338743938134949,0.06223626807332039,0.05896474048495293,0.06979557871818542,0.013468013468013471,0.03410649350730752,0.0,0.0,0.0,0.013468013468013471,0.03410649350730752,0.0,0.0,0.0,0.001782091503793543,0.007212871271913769,0.0,0.0,0.0,0.5004686814232954,0.1192675435424492,0.49062239191592155,0.43294710036670436,0.5225365954407849,0.5004686814232954,0.1192675435424492,0.49062239191592155,0.43294710036670436,0.5225365954407849,0.06060606060606061,0.24230584229877994,0.0,0.0,0.0,0.01818181818181818,0.10444659357341873,0.0,0.0,0.0,0.9102564102564102,0.06568558183307437,0.9230769230769231,0.8846153846153846,0.9615384615384616,0.9102564102564102,0.06568558183307437,0.9230769230769231,0.8846153846153846,0.9615384615384616,0.9982481060606061,0.004501837465423375,1.0,1.0,1.0,1.0,0.0,1.0,1.0,1.0,7.616152893413197,0.9053437858935784,7.6915602684021,6.913017272949219,8.227785110473633,0.07741827136352654,0.0061217163969701375,0.07586396999977296,0.0748378070002218,0.07719267299944477,256.0,0.0,256.0,256.0,256.0,1.0,0.0,1.0,1.0,1.0
dice_gradient_style,Custom DiCE-style gradient,256,disease_to_no_disease,near_boundary,34.0,0.10882352941176471,0.028790224128123654,0.1,0.1,0.1,1.0,0.0,1.0,1.0,1.0,0.0,0.0,0.0,0.0,0.0,0.10882352941176471,0.028790224128123654,0.1,0.1,0.1,0.0,0.0,0.0,0.0,0.0,0.04799487096640993,0.010073319400224484,0.047076405957341194,0.04035887215286493,0.058187009766697884,0.057189542483660136,0.07170273427189802,0.0,0.0,0.11111111111111116,0.057189542483660136,0.07170273427189802,0.0,0.0,0.11111111111111116,0.0025139849304276355,0.008267029516971867,0.0,0.0,0.0,0.4246381730469516,0.0806518836792833,0.42330654741795704,0.3834075968229348,0.47708373040421204,0.4246381730469516,0.0806518836792833,0.42330654741795704,0.3834075968229348,0.47708373040421204,0.20588235294117646,0.4104256301219051,0.0,0.0,0.0,0.017647058823529415,0.057580448256247314,0.0,0.0,0.0,0.8721719457013576,0.06809518556834823,0.8846153846153846,0.8461538461538461,0.9230769230769231,0.8721719457013576,0.06809518556834823,0.8846153846153846,0.8461538461538461,0.9230769230769231,0.9879713120808631,0.014473566045359243,0.9926470588235294,0.9768231990376797,1.0,1.0,0.0,1.0,1.0,1.0,8.686331328223734,0.37098547801817916,8.787716388702393,8.414501667022705,8.965062379837036,0.07729894823521188,0.006442773107573219,0.07599070600008417,0.0748820502496983,0.07701247399950262,256.0,0.0,256.0,256.0,256.0,1.0,0.0,1.0,1.0,1.0
dice_gradient_style,Custom DiCE-style gradient,256,no_disease_to_disease,high_confidence,33.0,0.1,4.2278880420777505e-17,0.1,0.1,0.1,1.0,0.0,1.0,1.0,1.0,0.0,0.0,0.0,0.0,0.0,0.1,4.2278880420777505e-17,0.1,0.1,0.1,0.0,0.0,0.0,0.0,0.0,0.06497274982658299,0.006279732591567331,0.0662231594324112,0.06091498211026192,0.06982363760471344,0.04040404040404042,0.03478529624736342,0.05555555555555558,0.0,0.05555555555555558,0.04040404040404042,0.03478529624736342,0.05555555555555558,0.0,0.05555555555555558,0.0,0.0,0.0,0.0,0.0,0.4962691848739025,0.09698586326374806,0.47350485285425165,0.4220222823014853,0.5799225973374232,0.4962691848739025,0.09698586326374806,0.47350485285425165,0.4220222823014853,0.5799225973374232,0.030303030303030304,0.17407765595569796,0.0,0.0,0.0,0.5454545454545454,0.41009976613236226,0.6,0.2,1.0,0.9125874125874126,0.059485534198773025,0.9230769230769231,0.8846153846153846,0.9615384615384616,0.9125874125874126,0.059485534198773025,0.9230769230769231,0.8846153846153846,0.9615384615384616,0.9969239762020511,0.0061974543570329005,1.0,0.9962121212121212,1.0,1.0,0.0,1.0,1.0,1.0,5.92788061951146,1.1262354639761059,5.857621669769287,5.022607326507568,7.025954723358154,0.07575621230309039,0.002227549471003359,0.07492497000021103,0.07450680599959014,0.07673025299936853,256.0,0.0,256.0,256.0,256.0,1.0,0.0,1.0,1.0,1.0
dice_gradient_style,Custom DiCE-style gradient,256,no_disease_to_disease,medium_confidence,33.0,0.1,4.2278880420777505e-17,0.1,0.1,0.1,1.0,0.0,1.0,1.0,1.0,0.0,0.0,0.0,0.0,0.0,0.1,4.2278880420777505e-17,0.1,0.1,0.1,0.0,0.0,0.0,0.0,0.0,0.05998155971368154,0.004764945000050306,0.06071430444717407,0.05763480067253113,0.06255874782800674,0.031986531986532,0.027882798106147962,0.05555555555555558,0.0,0.05555555555555558,0.031986531986532,0.027882798106147962,0.05555555555555558,0.0,0.05555555555555558,0.0,0.0,0.0,0.0,0.0,0.4771747967160114,0.10505402841150754,0.44647872136043326,0.3929536715515048,0.5686237768277949,0.4771747967160114,0.10505402841150754,0.44647872136043326,0.3929536715515048,0.5686237768277949,0.0,0.0,0.0,0.0,0.0,0.593939393939394,0.46498615163477847,1.0,0.0,1.0,0.9172494172494172,0.061659445467412005,0.9230769230769231,0.8846153846153846,0.9615384615384616,0.9172494172494172,0.061659445467412005,0.9230769230769231,0.8846153846153846,0.9615384615384616,0.9965367965367965,0.006529762151400684,1.0,0.9964285714285714,1.0,1.0,0.0,1.0,1.0,1.0,6.554329178550026,0.9394631842028353,6.4671950340271,5.944268703460693,7.511350154876709,0.07705237703030986,0.002952516840148223,0.07632696299970121,0.07528872199964098,0.07790063999982522,256.0,0.0,256.0,256.0,256.0,1.0,0.0,1.0,1.0,1.0
dice_gradient_style,Custom DiCE-style gradient,256,no_disease_to_disease,near_boundary,34.0,0.1,4.2259464171569474e-17,0.1,0.1,0.1,1.0,0.0,1.0,1.0,1.0,0.0,0.0,0.0,0.0,0.0,0.1,4.2259464171569474e-17,0.1,0.1,0.1,0.0,0.0,0.0,0.0,0.0,0.04858488753876265,0.005720547349763634,0.04748884215950966,0.04550892300903797,0.05393878277391195,0.05718954248366015,0.05880289464443676,0.05555555555555558,0.0,0.05555555555555558,0.05718954248366015,0.05880289464443676,0.05555555555555558,0.0,0.05555555555555558,0.0,0.0,0.0,0.0,0.0,0.4844657027856068,0.11597170844396781,0.48258528045183224,0.4423933310207876,0.5695168170534126,0.4844657027856068,0.11597170844396781,0.48258528045183224,0.4423933310207876,0.5695168170534126,0.0,0.0,0.0,0.0,0.0,0.7294117647058824,0.4115966043420212,1.0,0.4,1.0,0.8823529411764706,0.06824024399923254,0.8846153846153846,0.8461538461538461,0.9230769230769231,0.8823529411764706,0.06824024399923254,0.8846153846153846,0.8461538461538461,0.9230769230769231,0.9863771760994555,0.015647200340076033,0.9927521008403362,0.9792494270435448,1.0,1.0,0.0,1.0,1.0,1.0,7.525323839748607,0.6974801359355302,7.671340465545654,6.925691843032837,8.152330875396729,0.07619789567648053,0.0018202392992259767,0.0760032449998107,0.07516182650010705,0.07720198600009098,256.0,0.0,256.0,256.0,256.0,1.0,0.0,1.0,1.0,1.0
dice_gradient_style,Custom DiCE-style gradient,512,disease_to_no_disease,high_confidence,33.0,0.1,4.2278880420777505e-17,0.1,0.1,0.1,1.0,0.0,1.0,1.0,1.0,0.0,0.0,0.0,0.0,0.0,0.09696969696969697,0.017407765595569804,0.1,0.1,0.1,0.0,0.0,0.0,0.0,0.0,0.09573223915967075,0.01267447632231453,0.09473427385091782,0.088068887591362,0.10004254430532455,0.026936026936026945,0.04194631186335128,0.0,0.0,0.05555555555555558,0.026936026936026945,0.04194631186335128,0.0,0.0,0.05555555555555558,0.0,0.0,0.0,0.0,0.0,0.623105776013507,0.11567846962830067,0.6193733284991585,0.5674803940421542,0.6614040626394646,0.623105776013507,0.11567846962830067,0.6193733284991585,0.5674803940421542,0.6614040626394646,0.09090909090909091,0.2919371040605711,0.0,0.0,0.0,0.0,0.0,0.0,0.0,0.0,0.9417249417249417,0.0441902114649076,0.9230769230769231,0.9230769230769231,0.9615384615384616,0.9417249417249417,0.0441902114649076,0.9230769230769231,0.9230769230769231,0.9615384615384616,0.9990054503984123,0.0024321570119967403,1.0,1.0,1.0,1.0,0.0,1.0,1.0,1.0,10.922495870879203,2.335905742717417,11.641934394836426,10.707536697387695,11.90872573852539,0.11099039039403248,0.004896877960613967,0.1099257050000233,0.10756223600037629,0.11246682599994529,512.0,0.0,512.0,512.0,512.0,1.0,0.0,1.0,1.0,1.0
dice_gradient_style,Custom DiCE-style gradient,512,disease_to_no_disease,medium_confidence,33.0,0.1,4.2278880420777505e-17,0.1,0.1,0.1,1.0,0.0,1.0,1.0,1.0,0.0,0.0,0.0,0.0,0.0,0.1,4.2278880420777505e-17,0.1,0.1,0.1,0.0,0.0,0.0,0.0,0.0,0.07789186907537056,0.010142132249143586,0.07795201987028122,0.07185010612010956,0.0858599990606308,0.016835016835016838,0.037997848798069576,0.0,0.0,0.0,0.016835016835016838,0.037997848798069576,0.0,0.0,0.0,0.0,0.0,0.0,0.0,0.0,0.5446561851982901,0.11405867527308472,0.5397899308670552,0.4846006078987564,0.5740404055003261,0.5446561851982901,0.11405867527308472,0.5397899308670552,0.4846006078987564,0.5740404055003261,0.06060606060606061,0.24230584229877994,0.0,0.0,0.0,0.01818181818181818,0.10444659357341873,0.0,0.0,0.0,0.9335664335664337,0.05202334271456821,0.9615384615384616,0.9230769230769231,0.9615384615384616,0.9335664335664337,0.05202334271456821,0.9615384615384616,0.9230769230769231,0.9615384615384616,0.9985733963006691,0.003916386014597806,1.0,1.0,1.0,1.0,0.0,1.0,1.0,1.0,11.466407429088246,0.8706355910169996,11.80845832824707,10.935660362243652,12.112569808959961,0.11060302178785522,0.005183780512954408,0.10959739800000534,0.10849879699981102,0.11094129100001737,512.0,0.0,512.0,512.0,512.0,1.0,0.0,1.0,1.0,1.0
dice_gradient_style,Custom DiCE-style gradient,512,disease_to_no_disease,near_boundary,34.0,0.11176470588235295,0.03270349700838644,0.1,0.1,0.1,1.0,0.0,1.0,1.0,1.0,0.0,0.0,0.0,0.0,0.0,0.11176470588235295,0.03270349700838644,0.1,0.1,0.1,0.0,0.0,0.0,0.0,0.0,0.05523575919077677,0.01236760795644147,0.05705620348453522,0.043030986562371254,0.06715585850179195,0.08006535947712419,0.08883750247699568,0.05555555555555558,0.0,0.16666666666666663,0.08006535947712419,0.08883750247699568,0.05555555555555558,0.0,0.16666666666666663,0.004055912222932367,0.011275780033439224,0.0,0.0,0.0,0.44637228447129196,0.07811106569430423,0.4406939359059372,0.3998920703673194,0.5008939665325792,0.44637228447129196,0.07811106569430423,0.4406939359059372,0.3998920703673194,0.5008939665325792,0.14705882352941177,0.3594906279535708,0.0,0.0,0.0,0.026470588235294117,0.0827878761780234,0.0,0.0,0.0,0.9027149321266967,0.055401523996944944,0.9038461538461539,0.8846153846153846,0.9230769230769231,0.9027149321266967,0.055401523996944944,0.9038461538461539,0.8846153846153846,0.9230769230769231,0.9894063111208536,0.014457705839878205,0.9944124423963134,0.98575928859447,1.0,1.0,0.0,1.0,1.0,1.0,11.021350187413832,0.7613822529558353,10.993261337280273,10.54439091682434,11.604087114334106,0.10965053232359209,0.0026010982661299527,0.10945159199991394,0.10783291274969997,0.11139666425015093,512.0,0.0,512.0,512.0,512.0,1.0,0.0,1.0,1.0,1.0
dice_gradient_style,Custom DiCE-style gradient,512,no_disease_to_disease,high_confidence,33.0,0.1,4.2278880420777505e-17,0.1,0.1,0.1,1.0,0.0,1.0,1.0,1.0,0.0,0.0,0.0,0.0,0.0,0.1,4.2278880420777505e-17,0.1,0.1,0.1,0.0,0.0,0.0,0.0,0.0,0.08029818331653421,0.009077765348581481,0.07943181693553925,0.07494591176509857,0.08726367354393005,0.03872053872053874,0.04045661562524552,0.05555555555555558,0.0,0.05555555555555558,0.03872053872053874,0.04045661562524552,0.05555555555555558,0.0,0.05555555555555558,0.0,0.0,0.0,0.0,0.0,0.548431636445657,0.09958562814260334,0.5086992487002535,0.48126315847351114,0.6398361325274722,0.548431636445657,0.09958562814260334,0.5086992487002535,0.48126315847351114,0.6398361325274722,0.030303030303030304,0.17407765595569796,0.0,0.0,0.0,0.5818181818181819,0.4253340932832577,0.8,0.2,1.0,0.921911421911422,0.06966002638239666,0.9230769230769231,0.8846153846153846,0.9615384615384616,0.921911421911422,0.06966002638239666,0.9230769230769231,0.8846153846153846,0.9615384615384616,0.9971533516988063,0.005643714018724723,1.0,0.9964285714285714,1.0,1.0,0.0,1.0,1.0,1.0,9.75167738307606,1.209101276578879,9.515399932861328,8.775505065917969,10.86277961730957,0.10841079354538648,0.0020053808173840846,0.10820638799941662,0.10718984399954934,0.10951419699995313,512.0,0.0,512.0,512.0,512.0,1.0,0.0,1.0,1.0,1.0
dice_gradient_style,Custom DiCE-style gradient,512,no_disease_to_disease,medium_confidence,33.0,0.1,4.2278880420777505e-17,0.1,0.1,0.1,1.0,0.0,1.0,1.0,1.0,0.0,0.0,0.0,0.0,0.0,0.1,4.2278880420777505e-17,0.1,0.1,0.1,0.0,0.0,0.0,0.0,0.0,0.07205766981298273,0.006083281315473748,0.07269041240215302,0.06903224438428879,0.07589507102966309,0.031986531986532,0.02788279810614796,0.05555555555555558,0.0,0.05555555555555558,0.031986531986532,0.02788279810614796,0.05555555555555558,0.0,0.05555555555555558,0.0,0.0,0.0,0.0,0.0,0.5195141932066129,0.10380245061438939,0.49415589094511675,0.4508699947173257,0.5876979947886908,0.5195141932066129,0.10380245061438939,0.49415589094511675,0.4508699947173257,0.5876979947886908,0.0,0.0,0.0,0.0,0.0,0.5878787878787879,0.4608128523039313,0.8,0.0,1.0,0.937062937062937,0.055916732838179994,0.9615384615384616,0.9230769230769231,0.9615384615384616,0.937062937062937,0.055916732838179994,0.9615384615384616,0.9230769230769231,0.9615384615384616,0.9976190476190476,0.005024387802420855,1.0,0.9964285714285714,1.0,1.0,0.0,1.0,1.0,1.0,9.62602557558002,1.2264542836698198,9.518747329711914,9.109622955322266,10.72446060180664,0.11028639706064221,0.002633116031847783,0.11075639899991074,0.1083802969997123,0.111881524000637,512.0,0.0,512.0,512.0,512.0,1.0,0.0,1.0,1.0,1.0
dice_gradient_style,Custom DiCE-style gradient,512,no_disease_to_disease,near_boundary,34.0,0.1,4.2259464171569474e-17,0.1,0.1,0.1,1.0,0.0,1.0,1.0,1.0,0.0,0.0,0.0,0.0,0.0,0.1,4.2259464171569474e-17,0.1,0.1,0.1,0.0,0.0,0.0,0.0,0.0,0.054890561081907326,0.007500007769426806,0.053961118683218956,0.050571274012327194,0.06282538082450628,0.08986928104575165,0.08651578193714839,0.05555555555555558,0.05555555555555558,0.13888888888888887,0.08986928104575165,0.08651578193714839,0.05555555555555558,0.05555555555555558,0.13888888888888887,0.0,0.0,0.0,0.0,0.0,0.5060470915157853,0.11080583850185938,0.5074903561105846,0.4646859713366456,0.5866990075956693,0.5060470915157853,0.11080583850185938,0.5074903561105846,0.4646859713366456,0.5866990075956693,0.0,0.0,0.0,0.0,0.0,0.7352941176470589,0.414057786145098,1.0,0.4,1.0,0.9162895927601811,0.05639217889664599,0.9230769230769231,0.8846153846153846,0.9615384615384616,0.9162895927601811,0.05639217889664599,0.9230769230769231,0.8846153846153846,0.9615384615384616,0.9844865058914979,0.017770145531146562,0.994534632034632,0.9774046266233767,1.0,1.0,0.0,1.0,1.0,1.0,9.595649298499612,0.9144997823687807,9.490354537963867,9.108611106872559,10.257419109344482,0.10940713073526187,0.0031840597919419573,0.10870602699969822,0.10718165699995552,0.10975462600026731,512.0,0.0,512.0,512.0,512.0,1.0,0.0,1.0,1.0,1.0
genetic_cfe,Budget-matched genetic CFE,64,disease_to_no_disease,high_confidence,33.0,0.6090909090909091,0.31361165910608735,0.5,0.4,0.9,0.9393939393939394,0.24230584229877988,1.0,1.0,1.0,0.21212121212121213,0.4151487502672805,0.0,0.0,0.0,0.5272727272727272,0.2684128434808114,0.5,0.4,0.8,0.0,0.0,0.0,0.0,0.0,0.09397148869691356,0.009096481745251067,0.09316075593233109,0.09036567807197571,0.09992195293307304,0.1312873357228196,0.040804133864631796,0.12962962962962965,0.10648148148148148,0.15555555555555556,0.1312873357228196,0.040804133864631796,0.12962962962962965,0.10648148148148148,0.15555555555555556,0.1077929341023968,0.012873624593079022,0.10940855741500854,0.10166856274008751,0.11566151678562164,0.7052765365759346,0.09065443660706364,0.7094674735078403,0.646574824268548,0.7592929253736489,0.7052765365759346,0.09065443660706364,0.7094674735078403,0.646574824268548,0.7592929253736489,0.047311827956989246,0.13327059455841936,0.0,0.0,0.0,0.0023655913978494624,0.009197163346384124,0.0,0.0,0.0,0.8712843906392291,0.0730280675320175,0.8846153846153846,0.8148148148148148,0.9259259259259259,0.8712843906392291,0.0730280675320175,0.8846153846153846,0.8148148148148148,0.9259259259259259,0.9729167285161741,0.007630924045727352,0.9739699296449853,0.9688421955668202,0.9768115151921233,1.0,0.0,1.0,1.0,1.0,4.228134847456409,1.2872297407416966,4.3245038986206055,3.492232322692871,4.852777004241943,0.044118126484935405,0.0016118466643235939,0.044172376000460645,0.04295081100008247,0.04512544800036267,64.0,0.0,64.0,64.0,64.0,1.0,0.0,1.0,1.0,1.0
genetic_cfe,Budget-matched genetic CFE,64,disease_to_no_disease,medium_confidence,33.0,0.9696969696969697,0.07699370300894938,1.0,1.0,1.0,1.0,0.0,1.0,1.0,1.0,0.8484848484848485,0.3641095406272096,1.0,1.0,1.0,0.8454545454545455,0.13250214406498553,0.9,0.8,0.9,0.21212121212121213,0.4151487502672805,0.0,0.0,0.0,0.08547899646289421,0.008097344143098538,0.08625653386116028,0.08051024377346039,0.09128437936306,0.1572196836085725,0.041184711508441746,0.15000000000000002,0.1277777777777778,0.18888888888888886,0.1572196836085725,0.041184711508441746,0.15000000000000002,0.1277777777777778,0.18888888888888886,0.1072801568291404,0.010017786550286468,0.10747753083705902,0.09964829683303833,0.11448297649621964,0.6412661960555643,0.08549532252637977,0.6454538769685784,0.5834778636623417,0.6595140834684419,0.6412661960555643,0.08549532252637977,0.6454538769685784,0.5834778636623417,0.6595140834684419,0.033333333333333326,0.08897565210026094,0.0,0.0,0.0,0.021969696969696972,0.03652780178207146,0.0,0.0,0.025,0.8630293774494402,0.06413943258891164,0.8484848484848485,0.8181818181818182,0.9090909090909091,0.8630293774494402,0.06413943258891164,0.8484848484848485,0.8181818181818182,0.9090909090909091,0.9689683054326317,0.008046113183326679,0.9695341498532362,0.9635588513494641,0.9736699830920841,1.0,0.0,1.0,1.0,1.0,4.9265782182866875,1.2670740875164443,4.759990215301514,4.096402168273926,5.494473934173584,0.04503506436368766,0.0026830538787986653,0.04455819299982977,0.0437478869998813,0.045260507999955735,64.0,0.0,64.0,64.0,64.0,1.0,0.0,1.0,1.0,1.0
genetic_cfe,Budget-matched genetic CFE,64,disease_to_no_disease,near_boundary,34.0,1.0,0.0,1.0,1.0,1.0,1.0,0.0,1.0,1.0,1.0,1.0,0.0,1.0,1.0,1.0,0.8852941176470588,0.11317016670048712,0.9,0.8,1.0,0.35294117647058826,0.485071250072666,0.0,0.0,1.0,0.07822462061748785,0.007438074962767341,0.07768978551030159,0.07247345522046089,0.08421164192259312,0.21650326797385622,0.039932727149092566,0.21666666666666665,0.19444444444444448,0.2444444444444444,0.21650326797385622,0.039932727149092566,0.21666666666666665,0.19444444444444448,0.2444444444444444,0.10055228826754234,0.00948962494217408,0.09912417456507683,0.09401741251349449,0.10573304444551468,0.5723973074656324,0.05963316888202301,0.5561566501655149,0.537710857977239,0.5996401423122508,0.5723973074656324,0.05963316888202301,0.5561566501655149,0.537710857977239,0.5996401423122508,0.011764705882352941,0.032703497008386415,0.0,0.0,0.0,0.03764705882352942,0.06125252368477573,0.02,0.0,0.04,0.8270944741532977,0.08018448958646987,0.8181818181818182,0.7878787878787878,0.8787878787878788,0.8270944741532977,0.08018448958646987,0.8181818181818182,0.7878787878787878,0.8787878787878788,0.9580096133481629,0.008973211559982638,0.958277605642687,0.9516346573276303,0.9633724107211503,1.0,0.0,1.0,1.0,1.0,5.710720658302307,1.1218305280723597,5.942071199417114,5.024714469909668,6.6340107917785645,0.0456970971176013,0.0022408313832858033,0.045112091499959206,0.044276660000150514,0.04691003299967633,64.0,0.0,64.0,64.0,64.0,1.0,0.0,1.0,1.0,1.0
genetic_cfe,Budget-matched genetic CFE,64,no_disease_to_disease,high_confidence,33.0,0.8606060606060607,0.2192877589199206,1.0,0.8,1.0,1.0,0.0,1.0,1.0,1.0,0.6363636363636364,0.4885042104591973,1.0,0.0,1.0,0.7030303030303031,0.2297890996175195,0.8,0.6,0.9,0.12121212121212122,0.33143398263980833,0.0,0.0,0.0,0.09405099058693106,0.008990867043892995,0.09587926417589188,0.08772493898868561,0.09819181263446808,0.13674843674843676,0.03972859849815154,0.1277777777777778,0.11111111111111112,0.15555555555555559,0.13674843674843676,0.03972859849815154,0.1277777777777778,0.11111111111111112,0.15555555555555559,0.11046660194794337,0.011441700070286255,0.11099760234355927,0.10196074098348618,0.11736069619655609,0.6336840913477255,0.06850650204570839,0.613203690272401,0.5845532181843656,0.689063467757827,0.6336840913477255,0.06850650204570839,0.613203690272401,0.5845532181843656,0.689063467757827,0.015151515151515152,0.08703882797784898,0.0,0.0,0.0,0.6318470418470418,0.22881760699932832,0.65,0.39999999999999997,0.82,0.8718775516058692,0.06855135266696724,0.8787878787878788,0.8181818181818182,0.9230769230769231,0.8718775516058692,0.06855135266696724,0.8787878787878788,0.8181818181818182,0.9230769230769231,0.9702646208771831,0.008139068293888548,0.9698117924256167,0.9665030213170305,0.9760434473324102,1.0,0.0,1.0,1.0,1.0,4.437267993435715,1.1098388485294588,4.439468860626221,3.7460265159606934,5.3372955322265625,0.04464118875743721,0.004244928023568122,0.04387260200019227,0.04285770299975411,0.0449261479998313,64.0,0.0,64.0,64.0,64.0,1.0,0.0,1.0,1.0,1.0
genetic_cfe,Budget-matched genetic CFE,64,no_disease_to_disease,medium_confidence,33.0,0.9333333333333333,0.1761864542655498,1.0,1.0,1.0,1.0,0.0,1.0,1.0,1.0,0.8484848484848485,0.36410954062720957,1.0,1.0,1.0,0.7121212121212122,0.21902850236552512,0.8,0.6,0.9,0.09090909090909091,0.29193710406057116,0.0,0.0,0.0,0.09055081687190315,0.00823346055381272,0.09130363911390305,0.08520875871181488,0.09659391641616821,0.14105940355940352,0.04158729637608023,0.1388888888888889,0.1166666666666667,0.17777777777777776,0.14105940355940352,0.04158729637608023,0.1388888888888889,0.1166666666666667,0.17777777777777776,0.10830982255213188,0.01189672615011215,0.10515684634447098,0.09938141703605652,0.11631081998348236,0.6080832689010437,0.07977522208217289,0.5803090790583028,0.5443008177263956,0.6695124853210542,0.6080832689010437,0.07977522208217289,0.5803090790583028,0.5443008177263956,0.6695124853210542,0.0,0.0,0.0,0.0,0.0,0.7328354978354978,0.23395144353558725,0.78,0.5800000000000001,0.9,0.8557083034616995,0.06467228400151619,0.8518518518518519,0.8181818181818182,0.9090909090909091,0.8557083034616995,0.06467228400151619,0.8518518518518519,0.8181818181818182,0.9090909090909091,0.9685871154496363,0.006922239066646556,0.9697653192431398,0.9638771910557675,0.9727836941320837,1.0,0.0,1.0,1.0,1.0,4.208076413833734,1.4067834583554721,4.207329750061035,3.4105262756347656,4.767910957336426,0.045254771848483484,0.0041647799281915665,0.04475302199989528,0.043779624000308104,0.045654395000383374,64.0,0.0,64.0,64.0,64.0,1.0,0.0,1.0,1.0,1.0
genetic_cfe,Budget-matched genetic CFE,64,no_disease_to_disease,near_boundary,34.0,0.9911764705882353,0.05144957554275264,1.0,1.0,1.0,1.0,0.0,1.0,1.0,1.0,0.9705882352941176,0.1714985851425088,1.0,1.0,1.0,0.8323529411764706,0.12961618921353482,0.8500000000000001,0.725,0.9,0.17647058823529413,0.3869529949759475,0.0,0.0,0.0,0.08458465644541908,0.00533556609498057,0.08472686633467674,0.08141650259494781,0.08715075626969337,0.17924836601307192,0.03170279183240761,0.17777777777777776,0.15555555555555556,0.20416666666666666,0.17924836601307192,0.03170279183240761,0.17777777777777776,0.15555555555555556,0.20416666666666666,0.10483728677910917,0.007783730776843761,0.10501762107014656,0.0996864028275013,0.11026478745043278,0.6177137956403217,0.08168044059890979,0.6111490806669065,0.5544526999388231,0.6567168668156474,0.6177137956403217,0.08168044059890979,0.6111490806669065,0.5544526999388231,0.6567168668156474,0.0029411764705882353,0.017149858514250882,0.0,0.0,0.0,0.8145378151260505,0.18309422894071736,0.8971428571428572,0.705,0.9750000000000001,0.7990964410842708,0.0773841336071715,0.7878787878787878,0.7575757575757576,0.8484848484848485,0.7990964410842708,0.0773841336071715,0.7878787878787878,0.7575757575757576,0.8484848484848485,0.9634598864444082,0.007939827574087574,0.9636642609965972,0.9587759615398347,0.968413713015964,1.0,0.0,1.0,1.0,1.0,5.173803294406218,1.3848965408106788,4.9123077392578125,4.147364854812622,6.055344104766846,0.04520360041180324,0.00255698913723036,0.04438284449997809,0.043798770999956105,0.04608185400002185,64.0,0.0,64.0,64.0,64.0,1.0,0.0,1.0,1.0,1.0
genetic_cfe,Budget-matched genetic CFE,128,disease_to_no_disease,high_confidence,33.0,0.9696969696969697,0.17407765595569796,1.0,1.0,1.0,0.9696969696969697,0.17407765595569796,1.0,1.0,1.0,0.9696969696969697,0.17407765595569796,1.0,1.0,1.0,0.8151515151515151,0.19704252732787808,0.9,0.8,0.9,0.18181818181818182,0.39167472590032004,0.0,0.0,0.0,0.08814761112444103,0.0074098445414075564,0.08904090151190758,0.08229602500796318,0.0932827964425087,0.20468749999999997,0.036474170907221125,0.21111111111111108,0.1833333333333333,0.22916666666666666,0.20468749999999997,0.036474170907221125,0.21111111111111108,0.1833333333333333,0.22916666666666666,0.09716476430185139,0.009471961727892298,0.09860027581453323,0.0898347944021225,0.10322815924882889,0.6746393129621626,0.07317777345543486,0.6679634791355491,0.6320143966726094,0.7126848714724342,0.6746393129621626,0.07317777345543486,0.6679634791355491,0.6320143966726094,0.7126848714724342,0.08437499999999999,0.174336299035199,0.0,0.0,0.1,0.010625,0.02154327976947351,0.0,0.0,0.005,0.8892045454545455,0.05024267952820942,0.9090909090909091,0.8484848484848485,0.9166666666666666,0.8892045454545455,0.05024267952820942,0.9090909090909091,0.8484848484848485,0.9166666666666666,0.9647505670563611,0.008679266335504796,0.9675882009493344,0.9606360061336778,0.9716109253888271,1.0,0.0,1.0,1.0,1.0,4.897739559412003,1.4381238920780506,4.819684743881226,3.8857176899909973,5.786234617233276,0.08960769799997445,0.005705233922596445,0.08824797000033868,0.08680388899938407,0.09053346200016676,128.0,0.0,128.0,128.0,128.0,2.0,0.0,2.0,2.0,2.0
genetic_cfe,Budget-matched genetic CFE,128,disease_to_no_disease,medium_confidence,33.0,1.0,0.0,1.0,1.0,1.0,1.0,0.0,1.0,1.0,1.0,1.0,0.0,1.0,1.0,1.0,0.8545454545454544,0.10633352332081442,0.9,0.8,0.9,0.18181818181818182,0.39167472590032004,0.0,0.0,0.0,0.07949217296007907,0.006249659830771458,0.08045988529920578,0.07561780512332916,0.08281092345714569,0.23114478114478113,0.04493950395906472,0.22777777777777777,0.19999999999999996,0.2611111111111111,0.23114478114478113,0.04493950395906472,0.22777777777777777,0.19999999999999996,0.2611111111111111,0.09932012675386487,0.009229416499561952,0.10041743516921997,0.093631312251091,0.1055530533194542,0.6271597961418746,0.07804141026612736,0.6183643538332476,0.5871507480209867,0.6603650338582193,0.6271597961418746,0.07804141026612736,0.6183643538332476,0.5871507480209867,0.6603650338582193,0.04242424242424242,0.11188806636071334,0.0,0.0,0.0,0.013333333333333336,0.035237290853109955,0.0,0.0,0.0,0.8484848484848486,0.05916855815080799,0.8484848484848485,0.8181818181818182,0.9090909090909091,0.8484848484848486,0.05916855815080799,0.8484848484848485,0.8181818181818182,0.9090909090909091,0.9554986435784589,0.010840994532241206,0.9567664472791909,0.9475888523850495,0.9623703958786344,1.0,0.0,1.0,1.0,1.0,4.763609546603578,1.0962074146013925,4.495535373687744,3.7882485389709473,5.466390609741211,0.08995000084858916,0.002809676381706934,0.08984507999957714,0.08808669499921962,0.09119453099992825,128.0,0.0,128.0,128.0,128.0,2.0,0.0,2.0,2.0,2.0
genetic_cfe,Budget-matched genetic CFE,128,disease_to_no_disease,near_boundary,34.0,1.0,0.0,1.0,1.0,1.0,1.0,0.0,1.0,1.0,1.0,1.0,0.0,1.0,1.0,1.0,0.8764705882352941,0.08186768159996094,0.9,0.8,0.9,0.20588235294117646,0.4104256301219049,0.0,0.0,0.0,0.07603225933716577,0.007109956738234262,0.07749741151928902,0.07103367522358894,0.08115160092711449,0.2758169934640523,0.04883380645326053,0.2777777777777778,0.23472222222222222,0.3055555555555556,0.2758169934640523,0.04883380645326053,0.2777777777777778,0.23472222222222222,0.3055555555555556,0.09418411837781177,0.01047727240251062,0.0943637304008007,0.08630484156310558,0.10309644043445587,0.5774913446806967,0.06338835534633797,0.5583839587123905,0.5339833439971464,0.6242688132993287,0.5774913446806967,0.06338835534633797,0.5583839587123905,0.5339833439971464,0.6242688132993287,0.008823529411764707,0.02879022412812366,0.0,0.0,0.0,0.045294117647058825,0.08034906022786384,0.02,0.0,0.06000000000000001,0.8315508021390374,0.07045389929128466,0.8333333333333334,0.7878787878787878,0.9015151515151515,0.8315508021390374,0.07045389929128466,0.8333333333333334,0.7878787878787878,0.9015151515151515,0.9487757352690583,0.010111629559496056,0.949539166707394,0.9416995056569946,0.9573349868335511,1.0,0.0,1.0,1.0,1.0,6.344805359840393,1.680978261413656,6.4221272468566895,4.9024271965026855,7.3607176542282104,0.09151598061763412,0.0022538245261220302,0.09139699749994179,0.09048651900047844,0.092619228000558,128.0,0.0,128.0,128.0,128.0,2.0,0.0,2.0,2.0,2.0
genetic_cfe,Budget-matched genetic CFE,128,no_disease_to_disease,high_confidence,33.0,0.990909090909091,0.05222329678670937,1.0,1.0,1.0,1.0,0.0,1.0,1.0,1.0,0.9696969696969697,0.17407765595569788,1.0,1.0,1.0,0.7878787878787878,0.17985684543126193,0.8,0.7,0.9,0.18181818181818182,0.39167472590032004,0.0,0.0,0.0,0.08758211835767284,0.008890949594635846,0.08844133466482162,0.0835784450173378,0.0937122255563736,0.20719095719095718,0.04340703012907718,0.20555555555555555,0.17777777777777776,0.22777777777777777,0.20719095719095718,0.04340703012907718,0.20555555555555555,0.17777777777777776,0.22777777777777777,0.10008538107980382,0.010752426331713711,0.098983533680439,0.09373065084218979,0.10716754198074341,0.618004984526104,0.06689936000704362,0.6100902096867996,0.561984424829544,0.6655196176787957,0.618004984526104,0.06689936000704362,0.6100902096867996,0.561984424829544,0.6655196176787957,0.01818181818181818,0.08822749519900766,0.0,0.0,0.0,0.6281385281385281,0.24667081386809336,0.62,0.5,0.8,0.8626705930781167,0.05718797754109401,0.8620689655172413,0.8484848484848485,0.8787878787878788,0.8626705930781167,0.05718797754109401,0.8620689655172413,0.8484848484848485,0.8787878787878788,0.9630139077365057,0.00805142514162597,0.9618049845681241,0.9578436162515409,0.9682829985681417,1.0,0.0,1.0,1.0,1.0,4.716686866500161,1.7921867323653453,4.462644577026367,3.4679951667785645,5.439775466918945,0.08794369106067967,0.00247502055823234,0.08780876899982104,0.08607391900022776,0.08937611500005005,128.0,0.0,128.0,128.0,128.0,2.0,0.0,2.0,2.0,2.0
genetic_cfe,Budget-matched genetic CFE,128,no_disease_to_disease,medium_confidence,33.0,1.0,0.0,1.0,1.0,1.0,1.0,0.0,1.0,1.0,1.0,1.0,0.0,1.0,1.0,1.0,0.790909090909091,0.18262604613601183,0.8,0.7,0.9,0.18181818181818182,0.39167472590032,0.0,0.0,0.0,0.08381171908342477,0.00643836770561672,0.08290079981088638,0.07934115082025528,0.08722435683012009,0.22340067340067338,0.03820725986409498,0.22222222222222218,0.2,0.2444444444444444,0.22340067340067338,0.03820725986409498,0.22222222222222218,0.2,0.2444444444444444,0.09842666125658786,0.00867435240798161,0.09805094450712204,0.09268106520175934,0.10126811265945435,0.594566132892183,0.06843865714010926,0.5848830159052996,0.5464462024995057,0.634044453829437,0.594566132892183,0.06843865714010926,0.5848830159052996,0.5464462024995057,0.634044453829437,0.0,0.0,0.0,0.0,0.0,0.7412121212121212,0.2525341261067202,0.8200000000000001,0.5,0.9800000000000001,0.8310376492194673,0.05869638255830264,0.8181818181818182,0.7878787878787878,0.8787878787878788,0.8310376492194673,0.05869638255830264,0.8181818181818182,0.7878787878787878,0.8787878787878788,0.9582754378734474,0.009371880748107748,0.9591984626290329,0.9530025730349942,0.964369684271222,1.0,0.0,1.0,1.0,1.0,4.722669464169127,1.7324116237643055,4.345981597900391,3.0528883934020996,6.026081562042236,0.09156008369694918,0.006460604612494931,0.09017606099951081,0.08829586699994252,0.09141163200001756,128.0,0.0,128.0,128.0,128.0,2.0,0.0,2.0,2.0,2.0
genetic_cfe,Budget-matched genetic CFE,128,no_disease_to_disease,near_boundary,34.0,1.0,0.0,1.0,1.0,1.0,1.0,0.0,1.0,1.0,1.0,1.0,0.0,1.0,1.0,1.0,0.8264705882352942,0.12137800591892922,0.8500000000000001,0.8,0.9,0.11764705882352941,0.32703497008386456,0.0,0.0,0.0,0.07871438277994885,0.005911917790119905,0.07833724841475487,0.07490270771086216,0.0825218390673399,0.26029411764705884,0.030433098752886006,0.26666666666666666,0.24583333333333335,0.2777777777777778,0.26029411764705884,0.030433098752886006,0.26666666666666666,0.24583333333333335,0.2777777777777778,0.09666637813343722,0.009192394359672037,0.09690770134329796,0.09071892686188221,0.10366431623697281,0.61251973497152,0.0745283885830734,0.5940036503583508,0.5553904061701256,0.6642940843148457,0.61251973497152,0.0745283885830734,0.5940036503583508,0.5553904061701256,0.6642940843148457,0.008823529411764707,0.02879022412812366,0.0,0.0,0.0,0.8311764705882353,0.20091856794418367,0.9199999999999999,0.79,0.96,0.7941176470588235,0.07957486858843416,0.7878787878787878,0.7575757575757576,0.8484848484848485,0.7941176470588235,0.07957486858843416,0.7878787878787878,0.7575757575757576,0.8484848484848485,0.952511109237896,0.010974993106499175,0.9544227103161366,0.9446957581643745,0.9602668354367359,1.0,0.0,1.0,1.0,1.0,5.104850341291988,2.1475932094585044,4.571290016174316,3.453746974468231,6.597166299819946,0.09118839491183654,0.005480490692770696,0.09052368599986949,0.0884837537500971,0.09169642799997746,128.0,0.0,128.0,128.0,128.0,2.0,0.0,2.0,2.0,2.0
genetic_cfe,Budget-matched genetic CFE,256,disease_to_no_disease,high_confidence,33.0,1.0,0.0,1.0,1.0,1.0,1.0,0.0,1.0,1.0,1.0,1.0,0.0,1.0,1.0,1.0,0.903030303030303,0.09514741353831065,0.9,0.8,1.0,0.36363636363636365,0.4885042104591971,0.0,0.0,1.0,0.08537217026407068,0.012279567570098614,0.08418215811252594,0.08038036525249481,0.0904153361916542,0.2823232323232323,0.05575406453956859,0.2833333333333334,0.2666666666666667,0.32222222222222224,0.2823232323232323,0.05575406453956859,0.2833333333333334,0.2666666666666667,0.32222222222222224,0.08809765405727155,0.010655305694632314,0.0879286453127861,0.08192566782236099,0.0970691367983818,0.6835906971831509,0.08409892529830673,0.6795995429221261,0.641669063577487,0.7131214907443779,0.6835906971831509,0.08409892529830673,0.6795995429221261,0.641669063577487,0.7131214907443779,0.05454545454545455,0.12270622715175535,0.0,0.0,0.0,0.006666666666666668,0.017078251276599326,0.0,0.0,0.0,0.89623507805326,0.05411780113613985,0.9090909090909091,0.8484848484848485,0.9393939393939394,0.89623507805326,0.05411780113613985,0.9090909090909091,0.8484848484848485,0.9393939393939394,0.9511439977622337,0.015624960816886233,0.9509339380148976,0.9381146272055073,0.9636273057885962,1.0,0.0,1.0,1.0,1.0,5.589133696122603,1.901078163922789,4.7414679527282715,4.115553855895996,6.594470977783203,0.18353844345440876,0.006149494039295623,0.18206525900041015,0.17954127399934805,0.1850840100005371,256.0,0.0,256.0,256.0,256.0,4.0,0.0,4.0,4.0,4.0
genetic_cfe,Budget-matched genetic CFE,256,disease_to_no_disease,medium_confidence,33.0,1.0,0.0,1.0,1.0,1.0,1.0,0.0,1.0,1.0,1.0,1.0,0.0,1.0,1.0,1.0,0.8757575757575757,0.10316946929174055,0.9,0.8,0.9,0.21212121212121213,0.41514875026728043,0.0,0.0,0.0,0.07449045179016663,0.00832424539258445,0.0732179507613182,0.06943146139383316,0.08027423173189163,0.3183501683501684,0.035067308749183866,0.32222222222222224,0.28888888888888886,0.34444444444444444,0.3183501683501684,0.035067308749183866,0.32222222222222224,0.28888888888888886,0.34444444444444444,0.08777522927883899,0.012021666184247336,0.0862429067492485,0.07746121287345886,0.09581384807825089,0.6253780889721603,0.0821601512539877,0.6286147359909837,0.5862682662399392,0.6582386095032431,0.6253780889721603,0.0821601512539877,0.6286147359909837,0.5862682662399392,0.6582386095032431,0.027272727272727275,0.13980505908390636,0.0,0.0,0.0,0.018787878787878787,0.06479571628190284,0.0,0.0,0.0,0.8815426997245179,0.05982625035946005,0.8787878787878788,0.8484848484848485,0.9090909090909091,0.8815426997245179,0.05982625035946005,0.8787878787878788,0.8484848484848485,0.9090909090909091,0.9454037120293323,0.011768900510232064,0.9444783659688083,0.9373578621459056,0.9527892475742925,1.0,0.0,1.0,1.0,1.0,5.729418942422578,1.7684895829507477,5.481930732727051,4.541999816894531,7.163471221923828,0.18723321809102345,0.013818370442349888,0.18374458600010257,0.18103389400039305,0.18708136799978092,256.0,0.0,256.0,256.0,256.0,4.0,0.0,4.0,4.0,4.0
genetic_cfe,Budget-matched genetic CFE,256,disease_to_no_disease,near_boundary,34.0,1.0,0.0,1.0,1.0,1.0,1.0,0.0,1.0,1.0,1.0,1.0,0.0,1.0,1.0,1.0,0.9235294117647058,0.08548905132596331,0.9,0.9,1.0,0.4117647058823529,0.49955416843564215,0.0,0.0,1.0,0.07308903840534828,0.007881920112185914,0.07263445109128952,0.06856854632496834,0.07791216671466827,0.34624183006535947,0.04911717035756774,0.3472222222222222,0.31805555555555554,0.3777777777777778,0.34624183006535947,0.04911717035756774,0.3472222222222222,0.31805555555555554,0.3777777777777778,0.08643576228881583,0.010938160507182144,0.08751927316188812,0.07963740080595016,0.09434457495808601,0.5786515290144237,0.06586238943008754,0.5933577345129706,0.5238633335732046,0.6227730887409721,0.5786515290144237,0.06586238943008754,0.5933577345129706,0.5238633335732046,0.6227730887409721,0.02058823529411765,0.053820193150255755,0.0,0.0,0.0,0.04764705882352942,0.08150325606172491,0.0,0.0,0.06000000000000001,0.8297682709447416,0.0806982860217988,0.8181818181818182,0.7878787878787878,0.9015151515151515,0.8297682709447416,0.0806982860217988,0.8181818181818182,0.7878787878787878,0.9015151515151515,0.9386747418708475,0.010941855301571823,0.9384361918840634,0.9316190031641909,0.9474725058101924,1.0,0.0,1.0,1.0,1.0,7.071841772864847,1.5898483400927967,7.037987947463989,6.297019720077515,7.822412014007568,0.1919752264410657,0.009216623359079423,0.19042184099953374,0.188169323000011,0.19331025450060224,256.0,0.0,256.0,256.0,256.0,4.0,0.0,4.0,4.0,4.0
genetic_cfe,Budget-matched genetic CFE,256,no_disease_to_disease,high_confidence,33.0,1.0,0.0,1.0,1.0,1.0,1.0,0.0,1.0,1.0,1.0,1.0,0.0,1.0,1.0,1.0,0.8484848484848485,0.12777228798044424,0.9,0.8,0.9,0.21212121212121213,0.41514875026728043,0.0,0.0,0.0,0.08474929224361073,0.008920420926044947,0.08426867425441742,0.08034569770097733,0.08996321260929108,0.2757575757575758,0.05373435355491016,0.2777777777777778,0.22777777777777777,0.31666666666666665,0.2757575757575758,0.05373435355491016,0.2777777777777778,0.22777777777777777,0.31666666666666665,0.09385973079638048,0.011073512978743597,0.09082778543233871,0.08513157069683075,0.10126111656427383,0.6313505268066587,0.06383702180307901,0.6289184300168948,0.5682548598164963,0.6751617431035055,0.6313505268066587,0.06383702180307901,0.6289184300168948,0.5682548598164963,0.6751617431035055,0.02424242424242424,0.1061552607925739,0.0,0.0,0.0,0.6921212121212121,0.2502967935241777,0.72,0.52,0.9199999999999999,0.8604224058769514,0.05190328047945558,0.8484848484848485,0.8484848484848485,0.9090909090909091,0.8604224058769514,0.05190328047945558,0.8484848484848485,0.8484848484848485,0.9090909090909091,0.9511078797833565,0.01440477712218519,0.9518185740226898,0.9420583308772963,0.9630854100054254,1.0,0.0,1.0,1.0,1.0,5.5089647842176035,1.8503843470374812,5.576287746429443,3.9946529865264893,6.785869598388672,0.18100369248487835,0.005909114990947049,0.18044651599939243,0.1770047859999977,0.18471706499985885,256.0,0.0,256.0,256.0,256.0,4.0,0.0,4.0,4.0,4.0
genetic_cfe,Budget-matched genetic CFE,256,no_disease_to_disease,medium_confidence,33.0,1.0,0.0,1.0,1.0,1.0,1.0,0.0,1.0,1.0,1.0,1.0,0.0,1.0,1.0,1.0,0.8454545454545456,0.12522706649050827,0.9,0.8,0.9,0.21212121212121213,0.41514875026728043,0.0,0.0,0.0,0.08072354328451735,0.006979487339302315,0.08189510554075241,0.0753144696354866,0.08552240580320358,0.29814814814814816,0.047010691805512934,0.3055555555555555,0.2555555555555556,0.3388888888888889,0.29814814814814816,0.047010691805512934,0.3055555555555555,0.2555555555555556,0.3388888888888889,0.08764231769424496,0.009962603072506794,0.08737296611070633,0.08115093410015106,0.09352640807628632,0.6011424306216612,0.05864835866397357,0.6019459981164224,0.5531881577355795,0.6355400882904882,0.6011424306216612,0.05864835866397357,0.6019459981164224,0.5531881577355795,0.6355400882904882,0.0030303030303030303,0.01740776559556979,0.0,0.0,0.0,0.723030303030303,0.29398644578114536,0.8600000000000001,0.5,1.0,0.8595041322314051,0.0717973142144471,0.8787878787878788,0.8181818181818182,0.9090909090909091,0.8595041322314051,0.0717973142144471,0.8787878787878788,0.8181818181818182,0.9090909090909091,0.9494686394016632,0.01049856277474395,0.9531514184978152,0.9435052747071657,0.9558344938710682,1.0,0.0,1.0,1.0,1.0,5.4547366445714776,1.793758551856843,4.975317478179932,4.351192951202393,6.096701622009277,0.18442542309102547,0.004691313290366353,0.18439350500011642,0.18087538500003575,0.18736239900044893,256.0,0.0,256.0,256.0,256.0,4.0,0.0,4.0,4.0,4.0
genetic_cfe,Budget-matched genetic CFE,256,no_disease_to_disease,near_boundary,34.0,1.0,0.0,1.0,1.0,1.0,1.0,0.0,1.0,1.0,1.0,1.0,0.0,1.0,1.0,1.0,0.8970588235294118,0.10584521035998622,0.9,0.9,1.0,0.35294117647058826,0.485071250072666,0.0,0.0,1.0,0.07545565879520248,0.007898653448472882,0.07546474412083626,0.0680574830621481,0.08210130222141743,0.33235294117647063,0.03779041648940079,0.32777777777777783,0.3055555555555556,0.3652777777777778,0.33235294117647063,0.03779041648940079,0.32777777777777783,0.3055555555555556,0.3652777777777778,0.08792506289832733,0.011138059063832851,0.08798157423734665,0.08100884966552258,0.09559949673712254,0.6030906518291408,0.07527241419512923,0.6126399255765305,0.556673777377386,0.6557788280506512,0.6030906518291408,0.07527241419512923,0.6126399255765305,0.556673777377386,0.6557788280506512,0.014705882352941176,0.04357058321763818,0.0,0.0,0.0,0.8494117647058823,0.1751352927496009,0.9400000000000001,0.77,0.9800000000000001,0.8297682709447416,0.06374545980224049,0.8181818181818182,0.7651515151515151,0.8787878787878788,0.8297682709447416,0.06374545980224049,0.8181818181818182,0.7651515151515151,0.8787878787878788,0.9374529660922206,0.013780879964007996,0.9399834612142974,0.9300938570442412,0.9475947348815602,1.0,0.0,1.0,1.0,1.0,6.227105540387771,1.8345970271265164,6.216605186462402,5.053161382675171,7.112406611442566,0.1872390715294547,0.0060945974002902595,0.18636515699972733,0.18385814750035934,0.1896886414999699,256.0,0.0,256.0,256.0,256.0,4.0,0.0,4.0,4.0,4.0
genetic_cfe,Budget-matched genetic CFE,512,disease_to_no_disease,high_confidence,33.0,1.0,0.0,1.0,1.0,1.0,1.0,0.0,1.0,1.0,1.0,1.0,0.0,1.0,1.0,1.0,0.8757575757575758,0.11464702086813855,0.9,0.8,1.0,0.36363636363636365,0.4885042104591971,0.0,0.0,1.0,0.08062299657048601,0.011410822984843824,0.07712559401988983,0.07412344962358475,0.08684699237346649,0.3868686868686869,0.06561405966740785,0.3722222222222222,0.35000000000000003,0.42777777777777776,0.3868686868686869,0.06561405966740785,0.3722222222222222,0.35000000000000003,0.42777777777777776,0.08169597838864182,0.010687908375242043,0.08234924077987671,0.07735227048397064,0.08715038001537323,0.6995311903304476,0.0940951197157998,0.7013182692672586,0.6336278428232818,0.754594412741848,0.6995311903304476,0.0940951197157998,0.7013182692672586,0.6336278428232818,0.754594412741848,0.05757575757575757,0.1768302558781709,0.0,0.0,0.0,0.01393939393939394,0.03587647156732683,0.0,0.0,0.0,0.9026629935720845,0.05807082598774118,0.9090909090909091,0.8484848484848485,0.9393939393939394,0.9026629935720845,0.05807082598774118,0.9090909090909091,0.8484848484848485,0.9393939393939394,0.9360963413145336,0.019462286712962764,0.9371488357709753,0.9236644170093827,0.9516600356165574,1.0,0.0,1.0,1.0,1.0,6.677382671471798,1.987702506443796,6.434487342834473,5.0658464431762695,8.206750869750977,0.4028834337272697,0.016391442346466552,0.40120045599996956,0.3960171779999655,0.4101203780001015,512.0,0.0,512.0,512.0,512.0,8.0,0.0,8.0,8.0,8.0
genetic_cfe,Budget-matched genetic CFE,512,disease_to_no_disease,medium_confidence,33.0,1.0,0.0,1.0,1.0,1.0,1.0,0.0,1.0,1.0,1.0,1.0,0.0,1.0,1.0,1.0,0.9090909090909091,0.10417424214878035,0.9,0.9,1.0,0.42424242424242425,0.5018903659106633,0.0,0.0,1.0,0.07079333236271684,0.008256687098757912,0.07138603925704956,0.06481079757213593,0.07603737711906433,0.4318181818181818,0.04520343093560674,0.41666666666666663,0.4,0.4777777777777777,0.4318181818181818,0.04520343093560674,0.41666666666666663,0.4,0.4777777777777777,0.07931264478600386,0.011115194780285876,0.0805252194404602,0.06961236894130707,0.08638112246990204,0.6331542344071533,0.09535488836001062,0.6170855531983132,0.559768629811987,0.6849357728110805,0.6331542344071533,0.09535488836001062,0.6170855531983132,0.559768629811987,0.6849357728110805,0.01818181818181818,0.05838742081211422,0.0,0.0,0.0,0.03151515151515152,0.09836542876314615,0.0,0.0,0.02,0.8879706152433425,0.05275080483505995,0.8787878787878788,0.8484848484848485,0.9393939393939394,0.8879706152433425,0.05275080483505995,0.8787878787878788,0.8484848484848485,0.9393939393939394,0.9180596073796398,0.01767513760687934,0.9214875955470921,0.902754405388811,0.9322343966552079,1.0,0.0,1.0,1.0,1.0,6.897787961092862,1.5922655607151677,6.728926658630371,5.667471408843994,8.018416404724121,0.4063705483030748,0.00784683819806548,0.4066279680000662,0.399518315000023,0.41188575500018487,512.0,0.0,512.0,512.0,512.0,8.0,0.0,8.0,8.0,8.0
genetic_cfe,Budget-matched genetic CFE,512,disease_to_no_disease,near_boundary,34.0,1.0,0.0,1.0,1.0,1.0,1.0,0.0,1.0,1.0,1.0,1.0,0.0,1.0,1.0,1.0,0.9323529411764707,0.10651671724050366,1.0,0.9,1.0,0.6176470588235294,0.4932702180563816,1.0,0.0,1.0,0.06627897348474054,0.009646480101781601,0.0653207115828991,0.061553509905934334,0.07289672270417213,0.45784313725490194,0.045363346815505405,0.45,0.42777777777777776,0.47638888888888886,0.45784313725490194,0.045363346815505405,0.45,0.42777777777777776,0.47638888888888886,0.07616808221620672,0.012350102812285647,0.07663877680897713,0.07280206121504307,0.08255531825125217,0.5725314681392126,0.07981866252963685,0.5689187729984592,0.5091024901192878,0.6444485142678438,0.5725314681392126,0.07981866252963685,0.5689187729984592,0.5091024901192878,0.6444485142678438,0.020588235294117647,0.059183391224155474,0.0,0.0,0.0,0.03823529411764706,0.0764940317828504,0.0,0.0,0.04,0.8306595365418895,0.07121071333185143,0.8484848484848485,0.7954545454545454,0.8787878787878788,0.8306595365418895,0.07121071333185143,0.8484848484848485,0.7954545454545454,0.8787878787878788,0.9136233206869884,0.02040803573676611,0.9164332670431152,0.9016560014667789,0.9278684705269206,1.0,0.0,1.0,1.0,1.0,7.120644800803241,1.6578989298969498,7.295775413513184,6.088236093521118,8.559046030044556,0.4258256585293138,0.017725420521240595,0.4227786949995789,0.4150258605002364,0.43126561949998177,512.0,0.0,512.0,512.0,512.0,8.0,0.0,8.0,8.0,8.0
genetic_cfe,Budget-matched genetic CFE,512,no_disease_to_disease,high_confidence,33.0,1.0,0.0,1.0,1.0,1.0,1.0,0.0,1.0,1.0,1.0,1.0,0.0,1.0,1.0,1.0,0.8757575757575758,0.10316946929174053,0.9,0.8,0.9,0.21212121212121213,0.4151487502672805,0.0,0.0,0.0,0.07955119747555617,0.010832795970828,0.07912086695432663,0.07300082594156265,0.08702036738395691,0.3787878787878788,0.0467388360905803,0.37777777777777777,0.33333333333333337,0.4,0.3787878787878788,0.0467388360905803,0.37777777777777777,0.33333333333333337,0.4,0.08354543894529343,0.010008221690004251,0.08114926517009735,0.0772419273853302,0.08928949385881424,0.6375425346822107,0.09250975050948901,0.6217045488272652,0.5836169189904188,0.6958590219036984,0.6375425346822107,0.09250975050948901,0.6217045488272652,0.5836169189904188,0.6958590219036984,0.009090909090909092,0.03843530573929041,0.0,0.0,0.0,0.6806060606060607,0.2388767908611492,0.64,0.52,0.9199999999999999,0.9136822773186409,0.04916731575026337,0.9090909090909091,0.9090909090909091,0.9393939393939394,0.9136822773186409,0.04916731575026337,0.9090909090909091,0.9090909090909091,0.9393939393939394,0.9330180766045197,0.013868292121577374,0.9338087244563216,0.9247596356097499,0.941256665033839,1.0,0.0,1.0,1.0,1.0,6.2037912571068965,1.894081741988189,6.288506507873535,5.305674076080322,6.911825656890869,0.39747018951518176,0.013681540502521449,0.39515325100001064,0.38925887899949885,0.39971924200017384,512.0,0.0,512.0,512.0,512.0,8.0,0.0,8.0,8.0,8.0
genetic_cfe,Budget-matched genetic CFE,512,no_disease_to_disease,medium_confidence,33.0,1.0,0.0,1.0,1.0,1.0,1.0,0.0,1.0,1.0,1.0,1.0,0.0,1.0,1.0,1.0,0.890909090909091,0.09139076937674136,0.9,0.8,1.0,0.2727272727272727,0.4522670168666456,0.0,0.0,1.0,0.07928973131559112,0.0074716728381793605,0.08096936345100403,0.0743231326341629,0.08451899886131287,0.39259259259259255,0.04072232327813238,0.38888888888888895,0.36666666666666664,0.42777777777777776,0.39259259259259255,0.04072232327813238,0.38888888888888895,0.36666666666666664,0.42777777777777776,0.08406114916909825,0.010091511366827241,0.08212391287088394,0.07764796167612076,0.08871809393167496,0.6299533606389266,0.08414992165529712,0.6176486869464861,0.566218213961015,0.6871522454243483,0.6299533606389266,0.08414992165529712,0.6176486869464861,0.566218213961015,0.6871522454243483,0.006060606060606061,0.024230584229877998,0.0,0.0,0.0,0.7527272727272727,0.26499142353188443,0.8799999999999999,0.6199999999999999,0.9800000000000001,0.8723599632690542,0.06891756887193624,0.8787878787878788,0.8181818181818182,0.9090909090909091,0.8723599632690542,0.06891756887193624,0.8787878787878788,0.8181818181818182,0.9090909090909091,0.9284246068199146,0.01888683054733241,0.9299213127960269,0.9192369166874315,0.9405486126192647,1.0,0.0,1.0,1.0,1.0,6.7602721416588984,2.3271107673644846,6.668015956878662,4.971705436706543,8.355628967285156,0.4062572488182096,0.011656255171587483,0.40642904800006363,0.3972911060000115,0.41251051100061886,512.0,0.0,512.0,512.0,512.0,8.0,0.0,8.0,8.0,8.0
genetic_cfe,Budget-matched genetic CFE,512,no_disease_to_disease,near_boundary,34.0,1.0,0.0,1.0,1.0,1.0,1.0,0.0,1.0,1.0,1.0,1.0,0.0,1.0,1.0,1.0,0.9205882352941177,0.10084314782600805,1.0,0.9,1.0,0.5294117647058824,0.5066403971048987,1.0,0.0,1.0,0.07082838729462203,0.007134047179481475,0.07014412432909012,0.06401650607585907,0.07631963677704334,0.4388888888888889,0.04625924443258074,0.4333333333333333,0.4111111111111111,0.45555555555555555,0.4388888888888889,0.04625924443258074,0.4333333333333333,0.4111111111111111,0.45555555555555555,0.07917971273555476,0.011989691963499464,0.07691454142332077,0.07225002162158489,0.08289882726967335,0.6130716345296527,0.0847617533303905,0.6043216782659959,0.5501149101283359,0.6854278749632722,0.6130716345296527,0.0847617533303905,0.6043216782659959,0.5501149101283359,0.6854278749632722,0.014705882352941176,0.055772008517233324,0.0,0.0,0.0,0.8635294117647059,0.1499471089163468,0.9099999999999999,0.785,0.9800000000000001,0.8377896613190731,0.07712533989114956,0.8484848484848485,0.7878787878787878,0.9015151515151515,0.8377896613190731,0.07712533989114956,0.8484848484848485,0.7878787878787878,0.9015151515151515,0.9141198598984018,0.01588980352056464,0.9136325427397494,0.905049442150482,0.9236703756716629,1.0,0.0,1.0,1.0,1.0,6.45408979584189,1.5461044452598864,6.172243595123291,5.141048431396484,7.628398418426514,0.4135509212942452,0.015038853593905251,0.4073871499999768,0.4041383527501239,0.41653885025061754,512.0,0.0,512.0,512.0,512.0,8.0,0.0,8.0,8.0,8.0
proposed_countergan,CounterGAN + iterative black-box search,64,disease_to_no_disease,high_confidence,33.0,0.706060606060606,0.2783201775152517,0.8,0.5,1.0,1.0,0.0,1.0,1.0,1.0,0.3333333333333333,0.4787135538781691,0.0,0.0,1.0,0.6272727272727272,0.30646444254669175,0.7,0.3,0.9,0.21212121212121213,0.4151487502672805,0.0,0.0,0.0,0.10906211738333557,0.03181449857896252,0.10530996322631836,0.08175695687532425,0.1259315460920334,0.13958834375501045,0.05370676825734476,0.14444444444444446,0.10000000000000005,0.17777777777777776,0.13958834375501045,0.05370676825734476,0.14444444444444446,0.10000000000000005,0.17777777777777776,0.028625446964393963,0.0069969037922444945,0.028622174635529518,0.02506447769701481,0.033012811094522476,0.47743326610209585,0.10273726624551195,0.4430817830568535,0.4179427022098741,0.5223214313469781,0.47743326610209585,0.10273726624551195,0.4430817830568535,0.4179427022098741,0.5223214313469781,0.3434343434343434,0.347128078094667,0.25,0.0,0.6666666666666666,0.05737373737373738,0.13139081751632964,0.0,0.0,0.025,0.8751670172777801,0.06835987984685692,0.8846153846153846,0.8181818181818182,0.9230769230769231,0.8751670172777801,0.06835987984685692,0.8846153846153846,0.8181818181818182,0.9230769230769231,0.9726332999560042,0.012146940354102896,0.9734169980498522,0.9632887928024886,0.9812870803847881,1.0,0.0,1.0,1.0,1.0,4.358743086005703,2.6688958382659473,4.155982494354248,2.135835647583008,6.00734806060791,0.04653244209095481,0.0025200019181180326,0.04618837400084885,0.0452345060002699,0.047155105999991065,64.0,0.0,64.0,64.0,64.0,1.0,0.0,1.0,1.0,1.0
proposed_countergan,CounterGAN + iterative black-box search,64,disease_to_no_disease,medium_confidence,33.0,0.793939393939394,0.26802447875543234,1.0,0.6,1.0,1.0,0.0,1.0,1.0,1.0,0.5151515151515151,0.5075192189225524,1.0,0.0,1.0,0.7121212121212122,0.28146666738440784,0.7,0.5,1.0,0.36363636363636365,0.4885042104591972,0.0,0.0,1.0,0.10427340210387201,0.03126531005814247,0.09857296943664551,0.07846327126026154,0.13187412917613983,0.15955387205387206,0.061647158684021174,0.16666666666666669,0.11111111111111113,0.20555555555555555,0.15955387205387206,0.061647158684021174,0.16666666666666669,0.11111111111111113,0.20555555555555555,0.03159306813595873,0.006827541812068453,0.02895718440413475,0.025646716356277466,0.03896944969892502,0.43298801231114026,0.08363022936087268,0.4172630307578783,0.3749981587776277,0.4663876402089356,0.43298801231114026,0.08363022936087268,0.4172630307578783,0.3749981587776277,0.4663876402089356,0.2841510341510342,0.3836841042585545,0.0,0.0,0.5555555555555556,0.20883838383838382,0.30774482010025933,0.0,0.0,0.4,0.8819962343473315,0.06943958401460423,0.8787878787878788,0.8181818181818182,0.9393939393939394,0.8819962343473315,0.06943958401460423,0.8787878787878788,0.8181818181818182,0.9393939393939394,0.9706531828398739,0.013120163501686205,0.9712623608830505,0.9629952937516897,0.9820788530465949,1.0,0.0,1.0,1.0,1.0,4.972756356904001,2.535880221378675,4.8500566482543945,3.349550247192383,6.353889465332031,0.04564708960595343,0.001963930062473199,0.045209828998849844,0.0443579229995521,0.04728301399882184,64.0,0.0,64.0,64.0,64.0,1.0,0.0,1.0,1.0,1.0
proposed_countergan,CounterGAN + iterative black-box search,64,disease_to_no_disease,near_boundary,34.0,0.9117647058823529,0.16286210170301432,1.0,0.8250000000000001,1.0,1.0,0.0,1.0,1.0,1.0,0.7058823529411765,0.4624972900628804,1.0,0.0,1.0,0.85,0.2177710780251648,1.0,0.8,1.0,0.5588235294117647,0.5039947372613782,1.0,0.0,1.0,0.08849682680824224,0.027914865583361502,0.07463587448000908,0.0651837345212698,0.10637372173368931,0.20381263616557735,0.06796431032660241,0.2222222222222222,0.16805555555555557,0.25,0.20381263616557735,0.06796431032660241,0.2222222222222222,0.16805555555555557,0.25,0.033063777448499906,0.006034765022410497,0.03128179349005222,0.028177660424262285,0.0391823947429657,0.40718366993741606,0.07216066530383985,0.3874039952818665,0.35607317104275127,0.46357096253818675,0.40718366993741606,0.07216066530383985,0.3874039952818665,0.35607317104275127,0.46357096253818675,0.18823529411764706,0.35404776760612483,0.0,0.0,0.11875,0.2516993464052288,0.3572331514939631,0.04250000000000001,0.0,0.34,0.8250491338726631,0.056205863554098394,0.8473193473193473,0.7878787878787878,0.8720538720538721,0.8250491338726631,0.056205863554098394,0.8473193473193473,0.7878787878787878,0.8720538720538721,0.958551524415971,0.018159521716243972,0.9594593902603512,0.9460046584438764,0.972069259498921,1.0,0.0,1.0,1.0,1.0,5.681883594569038,2.7628389367062125,5.222562789916992,4.353262305259705,7.171480894088745,0.045271206529378105,0.001959569028787526,0.04483723450039179,0.044096043249737704,0.046312554749874835,64.0,0.0,64.0,64.0,64.0,1.0,0.0,1.0,1.0,1.0
proposed_countergan,CounterGAN + iterative black-box search,64,no_disease_to_disease,high_confidence,33.0,0.9757575757575758,0.07084447327730937,1.0,1.0,1.0,1.0,0.0,1.0,1.0,1.0,0.8787878787878788,0.3314339826398082,1.0,1.0,1.0,0.9727272727272728,0.07190587281616535,1.0,1.0,1.0,0.8484848484848485,0.3641095406272095,1.0,1.0,1.0,0.11927408318627965,0.021770280952426502,0.11716341972351074,0.11206889152526855,0.12934646010398865,0.16290016567794346,0.05968296153065667,0.15555555555555553,0.11805555555555557,0.21111111111111108,0.16290016567794346,0.05968296153065667,0.15555555555555553,0.11805555555555557,0.21111111111111108,0.03792947192083706,0.006538714270481838,0.03627994284033775,0.032611183822155,0.041991181671619415,0.4502424554367772,0.07807409573312489,0.42972162856399915,0.37508796926433197,0.5097149779984644,0.4502424554367772,0.07807409573312489,0.42972162856399915,0.37508796926433197,0.5097149779984644,0.045454545454545456,0.10633352332081439,0.0,0.0,0.0,0.9975757575757577,0.008302975005345605,1.0,1.0,1.0,0.8733140422795596,0.07466450533367604,0.8787878787878788,0.8484848484848485,0.9393939393939394,0.8733140422795596,0.07466450533367604,0.8787878787878788,0.8484848484848485,0.9393939393939394,0.9714548145627528,0.012718165896978485,0.9747062220489088,0.9630158971014844,0.980538795980269,1.0,0.0,1.0,1.0,1.0,7.85327758211078,2.6372904869341927,8.001193046569824,6.643433570861816,9.356110572814941,0.04503749927254941,0.0019542826493852373,0.044933481000043685,0.04387156399934611,0.045409469999867724,64.0,0.0,64.0,64.0,64.0,1.0,0.0,1.0,1.0,1.0
proposed_countergan,CounterGAN + iterative black-box search,64,no_disease_to_disease,medium_confidence,33.0,0.9696969696969697,0.08833476270999031,1.0,1.0,1.0,1.0,0.0,1.0,1.0,1.0,0.8787878787878788,0.3314339826398082,1.0,1.0,1.0,0.9666666666666667,0.08897565210026095,1.0,1.0,1.0,0.8484848484848485,0.36410954062720946,1.0,1.0,1.0,0.11585746434601871,0.020431072333131597,0.11672881990671158,0.09965440630912781,0.1340865194797516,0.17637485970819305,0.06290863124741439,0.1597222222222222,0.13333333333333336,0.21666666666666665,0.17637485970819305,0.06290863124741439,0.1597222222222222,0.13333333333333336,0.21666666666666665,0.039209302684122864,0.007338072586741375,0.0398770272731781,0.03292270377278328,0.04259611666202545,0.4313338271865954,0.060650472417785345,0.4495506680656576,0.3926886681873577,0.4677852354737679,0.4313338271865954,0.060650472417785345,0.4495506680656576,0.3926886681873577,0.4677852354737679,0.06666666666666667,0.14930394055974103,0.0,0.0,0.0,0.9957575757575757,0.011997474481714615,1.0,1.0,1.0,0.8819115788812759,0.059343608825489565,0.8787878787878788,0.8484848484848485,0.9090909090909091,0.8819115788812759,0.059343608825489565,0.8787878787878788,0.8484848484848485,0.9090909090909091,0.9695730667384038,0.012996800119487966,0.9747958754417754,0.9630512062640152,0.9784978277259938,1.0,0.0,1.0,1.0,1.0,7.695293520436143,2.4733706406426275,8.155972480773926,6.76467752456665,9.052743911743164,0.04542752893939905,0.002120713001047614,0.045168791999458335,0.04381291699974099,0.04588094399878173,64.0,0.0,64.0,64.0,64.0,1.0,0.0,1.0,1.0,1.0
proposed_countergan,CounterGAN + iterative black-box search,64,no_disease_to_disease,near_boundary,34.0,0.9794117647058823,0.06409941031594632,1.0,1.0,1.0,1.0,0.0,1.0,1.0,1.0,0.8823529411764706,0.32703497008386456,1.0,1.0,1.0,0.9794117647058823,0.06409941031594632,1.0,1.0,1.0,0.8823529411764706,0.32703497008386456,1.0,1.0,1.0,0.11773538896266152,0.018910856932807873,0.11372600123286247,0.10214422829449177,0.13461024314165115,0.15205999066293185,0.052909462008567415,0.15462962962962962,0.11388888888888891,0.18194444444444446,0.15205999066293185,0.052909462008567415,0.15462962962962962,0.11388888888888891,0.18194444444444446,0.03716126917039647,0.006101576254517842,0.03957443684339523,0.03209315054118633,0.04137830529361963,0.4558037917249312,0.0742510817135407,0.47079501272811686,0.43058797879570876,0.5102742358298672,0.4558037917249312,0.0742510817135407,0.47079501272811686,0.43058797879570876,0.5102742358298672,0.008823529411764707,0.03788057036804224,0.0,0.0,0.0,0.998235294117647,0.007576114073608442,1.0,1.0,1.0,0.8271859648127395,0.0673023902157705,0.8181818181818182,0.7878787878787878,0.8712121212121212,0.8271859648127395,0.0673023902157705,0.8181818181818182,0.7878787878787878,0.8712121212121212,0.9753092115702441,0.009550792410887564,0.9739882519092569,0.9702380721278439,0.982457157880884,1.0,0.0,1.0,1.0,1.0,8.265864919213687,2.3673509564526425,9.02590799331665,6.08724057674408,10.122063159942627,0.04516579802946259,0.0013541891281809411,0.04546764350106969,0.04434703650076699,0.04616546500074037,64.0,0.0,64.0,64.0,64.0,1.0,0.0,1.0,1.0,1.0
proposed_countergan,CounterGAN + iterative black-box search,128,disease_to_no_disease,high_confidence,33.0,1.0,0.0,1.0,1.0,1.0,1.0,0.0,1.0,1.0,1.0,1.0,0.0,1.0,1.0,1.0,0.9030303030303031,0.131064985038073,1.0,0.8,1.0,0.5454545454545454,0.5056498968474316,1.0,0.0,1.0,0.11483850984862357,0.02944336224691341,0.10894040018320084,0.09245070815086365,0.12904851138591766,0.15471380471380472,0.048969339033289754,0.16666666666666666,0.1277777777777778,0.18888888888888888,0.15471380471380472,0.048969339033289754,0.16666666666666666,0.1277777777777778,0.18888888888888888,0.055987159185337296,0.02085533584021863,0.05420873314142227,0.03736475482583046,0.0745009109377861,0.5185235723488809,0.09277523856722847,0.4907891353721075,0.46020735583934336,0.5469717651382296,0.5185235723488809,0.09277523856722847,0.4907891353721075,0.46020735583934336,0.5469717651382296,0.26363636363636367,0.25838220456595623,0.2,0.0,0.5,0.06303030303030305,0.13277059276447595,0.0,0.0,0.06,0.9035812672176309,0.054342290756415605,0.9090909090909091,0.8787878787878788,0.9393939393939394,0.9035812672176309,0.054342290756415605,0.9090909090909091,0.8787878787878788,0.9393939393939394,0.9706981727301768,0.010513440399585275,0.9706255977651279,0.9634615404093786,0.9773403327796384,1.0,0.0,1.0,1.0,1.0,5.432277903412327,2.4282847043226305,4.96518087387085,3.575525999069214,7.084197998046875,0.07840877375747368,0.022311925455187998,0.089483444000507,0.0485595549998834,0.09281514299982518,108.60606060606061,29.868398218204,128.0,64.0,128.0,1.696969696969697,0.4666937221594375,2.0,1.0,2.0
proposed_countergan,CounterGAN + iterative black-box search,128,disease_to_no_disease,medium_confidence,33.0,1.0,0.0,1.0,1.0,1.0,1.0,0.0,1.0,1.0,1.0,1.0,0.0,1.0,1.0,1.0,0.9121212121212121,0.13406522609716826,1.0,0.8,1.0,0.6363636363636364,0.48850421045919723,1.0,0.0,1.0,0.10537188613053525,0.030720307071938555,0.10033847391605377,0.07601471990346909,0.1264485865831375,0.163973063973064,0.051052223249243606,0.16666666666666666,0.12777777777777777,0.2,0.163973063973064,0.051052223249243606,0.16666666666666666,0.12777777777777777,0.2,0.04980677919405879,0.01989331350755336,0.042106155306100845,0.03281116113066673,0.06914162635803223,0.46265199663928797,0.08813127873614424,0.4561754182584143,0.3914112270088056,0.524791021410649,0.46265199663928797,0.08813127873614424,0.4561754182584143,0.3914112270088056,0.524791021410649,0.25757575757575757,0.33822173110836545,0.1,0.0,0.5,0.19090909090909092,0.2660869645947969,0.02,0.0,0.34,0.8650137741046833,0.05361737224284275,0.8787878787878788,0.8181818181818182,0.9090909090909091,0.8650137741046833,0.05361737224284275,0.8787878787878788,0.8181818181818182,0.9090909090909091,0.9713392742471059,0.010954274645597383,0.9728660861254367,0.9623527187711863,0.9786832895826446,1.0,0.0,1.0,1.0,1.0,5.3169176217281455,2.665926753795983,5.178420066833496,3.4762420654296875,6.222385883331299,0.06502613263615564,0.02285086977865923,0.04760521299976972,0.043741415998738375,0.0890418850003698,93.0909090909091,32.36159339823562,64.0,64.0,128.0,1.4545454545454546,0.5056498968474316,1.0,1.0,2.0
proposed_countergan,CounterGAN + iterative black-box search,128,disease_to_no_disease,near_boundary,34.0,1.0,0.0,1.0,1.0,1.0,1.0,0.0,1.0,1.0,1.0,1.0,0.0,1.0,1.0,1.0,0.9470588235294116,0.13977318015085394,1.0,1.0,1.0,0.8529411764705882,0.35949062795357095,1.0,1.0,1.0,0.08903823847718098,0.028076831837320425,0.0827907957136631,0.06528255715966225,0.10667971335351467,0.21241830065359477,0.0720349660430765,0.20555555555555555,0.16805555555555554,0.2625,0.21241830065359477,0.0720349660430765,0.20555555555555555,0.16805555555555554,0.2625,0.041083801209050065,0.013157939956826355,0.03941982612013817,0.03077548835426569,0.04303958918899298,0.417947479469298,0.07252244821993102,0.41460194180385745,0.36287996951606594,0.47154374066113863,0.417947479469298,0.07252244821993102,0.41460194180385745,0.36287996951606594,0.47154374066113863,0.19411764705882353,0.35499993723481166,0.0,0.0,0.1,0.23823529411764705,0.3251616902053248,0.07,0.0,0.395,0.8368983957219251,0.07347893849639785,0.8484848484848485,0.7878787878787878,0.8787878787878788,0.8368983957219251,0.07347893849639785,0.8484848484848485,0.7878787878787878,0.8787878787878788,0.9588291939786129,0.0196296247467457,0.9596689008840039,0.9507624605360665,0.9749929973701459,1.0,0.0,1.0,1.0,1.0,5.5615354145274445,2.638970802214032,5.056728363037109,4.359862565994263,6.233280658721924,0.058077516823499646,0.021806306569229494,0.04498833149955317,0.04359285174973593,0.0884662902499258,82.82352941176471,29.599826564024344,64.0,64.0,128.0,1.2941176470588236,0.4624972900628804,1.0,1.0,2.0
proposed_countergan,CounterGAN + iterative black-box search,128,no_disease_to_disease,high_confidence,33.0,1.0,0.0,1.0,1.0,1.0,1.0,0.0,1.0,1.0,1.0,1.0,0.0,1.0,1.0,1.0,0.9939393939393939,0.024230584229877995,1.0,1.0,1.0,0.9393939393939394,0.24230584229877988,1.0,1.0,1.0,0.1202036819674752,0.02173708371891829,0.11766145378351212,0.10989122092723846,0.13313499093055725,0.15269360269360271,0.05655560351383463,0.14444444444444446,0.10555555555555558,0.19444444444444442,0.15269360269360271,0.05655560351383463,0.14444444444444446,0.10555555555555558,0.19444444444444442,0.040232780361265846,0.007589111189362866,0.03935614973306656,0.03439410403370857,0.046647120267152786,0.453015304465891,0.07598289787549588,0.43173294907987614,0.39684283262570996,0.5172919273382273,0.453015304465891,0.07598289787549588,0.43173294907987614,0.39684283262570996,0.5172919273382273,0.05454545454545454,0.13012232007545124,0.0,0.0,0.0,0.9975757575757577,0.010905933886623084,1.0,1.0,1.0,0.8842975206611571,0.05792088815428638,0.8787878787878788,0.8787878787878788,0.9393939393939394,0.8842975206611571,0.05792088815428638,0.8787878787878788,0.8787878787878788,0.9393939393939394,0.9735086863865184,0.011274722051092728,0.9746652945343485,0.9682840734714343,0.9822603141062889,1.0,0.0,1.0,1.0,1.0,7.860967188170462,2.6030711797141026,7.898032188415527,6.9751691818237305,9.429594993591309,0.04758116815135123,0.011383592594828455,0.04438073999881453,0.04378761999942071,0.04554162000022188,67.87878787878788,15.507573907121913,64.0,64.0,64.0,1.0606060606060606,0.24230584229877988,1.0,1.0,1.0
proposed_countergan,CounterGAN + iterative black-box search,128,no_disease_to_disease,medium_confidence,33.0,1.0,0.0,1.0,1.0,1.0,1.0,0.0,1.0,1.0,1.0,1.0,0.0,1.0,1.0,1.0,0.9939393939393939,0.024230584229878,1.0,1.0,1.0,0.9393939393939394,0.2423058422987799,1.0,1.0,1.0,0.115179438031081,0.020428094994616276,0.11870870739221573,0.10195176303386688,0.13257689774036407,0.18434343434343434,0.06596059174461417,0.16111111111111112,0.1388888888888889,0.2333333333333333,0.18434343434343434,0.06596059174461417,0.16111111111111112,0.1388888888888889,0.2333333333333333,0.04304104879724257,0.008548637658773341,0.04209345579147339,0.03776714578270912,0.049187056720256805,0.4344569382147911,0.0675959068782085,0.4321393609644423,0.3897972899877551,0.4849977157704653,0.4344569382147911,0.0675959068782085,0.4321393609644423,0.3897972899877551,0.4849977157704653,0.05757575757575757,0.13235913037618294,0.0,0.0,0.0,1.0,0.0,1.0,1.0,1.0,0.8576675849403121,0.05382779594633131,0.8484848484848485,0.8181818181818182,0.8787878787878788,0.8576675849403121,0.05382779594633131,0.8484848484848485,0.8181818181818182,0.8787878787878788,0.9673521917741504,0.015033948802598378,0.9712815589685722,0.9570368737869781,0.9802424919298345,1.0,0.0,1.0,1.0,1.0,7.46483139558272,2.3650355732867934,7.908257484436035,6.331713676452637,9.142412185668945,0.05409028181808632,0.018563224556944626,0.044907777999469545,0.043657900001562666,0.05033214600007341,77.57575757575758,26.569520017105944,64.0,64.0,64.0,1.2121212121212122,0.4151487502672804,1.0,1.0,1.0
proposed_countergan,CounterGAN + iterative black-box search,128,no_disease_to_disease,near_boundary,34.0,1.0,0.0,1.0,1.0,1.0,1.0,0.0,1.0,1.0,1.0,1.0,0.0,1.0,1.0,1.0,0.9941176470588234,0.023883257361061307,1.0,1.0,1.0,0.9411764705882353,0.23883257361061297,1.0,1.0,1.0,0.11930125097141546,0.018551968858112642,0.1174984872341156,0.10278543643653393,0.13620418310165405,0.15098039215686276,0.055865642832376175,0.15555555555555556,0.11944444444444445,0.18749999999999994,0.15098039215686276,0.055865642832376175,0.15555555555555556,0.11944444444444445,0.18749999999999994,0.04088406894794282,0.011049555479432609,0.04047102853655815,0.031216044444590807,0.04417741112411022,0.4614570503328101,0.07667224965958033,0.47613422915615145,0.44133454027526325,0.5162005277656098,0.4614570503328101,0.07667224965958033,0.47613422915615145,0.44133454027526325,0.5162005277656098,0.0029411764705882353,0.01714985851425088,0.0,0.0,0.0,1.0,0.0,1.0,1.0,1.0,0.8422459893048129,0.07107842078945717,0.8484848484848485,0.7878787878787878,0.9015151515151515,0.8422459893048129,0.07107842078945717,0.8484848484848485,0.7878787878787878,0.9015151515151515,0.9739711695538846,0.011107122293295253,0.9754913582254623,0.9684596775986786,0.9816832871661153,1.0,0.0,1.0,1.0,1.0,8.184828653055078,2.3854798616636277,8.653746604919434,5.914326548576355,9.91707444190979,0.052020063588101684,0.015984175395055217,0.04553508150002017,0.04392557199935254,0.04706292624996422,73.41176470588235,23.00740018902853,64.0,64.0,64.0,1.1470588235294117,0.3594906279535708,1.0,1.0,1.0
proposed_countergan,CounterGAN + iterative black-box search,256,disease_to_no_disease,high_confidence,33.0,1.0,0.0,1.0,1.0,1.0,1.0,0.0,1.0,1.0,1.0,1.0,0.0,1.0,1.0,1.0,0.9151515151515152,0.09394550322265337,0.9,0.9,1.0,0.45454545454545453,0.5056498968474316,0.0,0.0,1.0,0.11329837843324199,0.029440144255418167,0.10975535213947296,0.09390880167484283,0.12940946221351624,0.15673400673400675,0.04788661649830583,0.16666666666666666,0.1388888888888889,0.19444444444444442,0.15673400673400675,0.04788661649830583,0.16666666666666666,0.1388888888888889,0.19444444444444442,0.052838747587167854,0.02027698256622706,0.05500566586852074,0.03356568142771721,0.07027509063482285,0.5172483451536909,0.09517880108575158,0.4962274892238702,0.45279981715587675,0.5522819435779358,0.5172483451536909,0.09517880108575158,0.4962274892238702,0.45279981715587675,0.5522819435779358,0.28484848484848485,0.2829766025235259,0.2,0.0,0.5,0.06484848484848485,0.1215555740217518,0.02,0.0,0.06000000000000001,0.8934802571166208,0.06160223540104413,0.9090909090909091,0.8484848484848485,0.9393939393939394,0.8934802571166208,0.06160223540104413,0.9090909090909091,0.8484848484848485,0.9393939393939394,0.9695585499341198,0.01158284152294577,0.9691876180263626,0.9607470434850857,0.9763848590680079,1.0,0.0,1.0,1.0,1.0,5.318964564439022,2.307220508233197,4.843918323516846,3.5011420249938965,6.844963073730469,0.0756597716970811,0.021068023226298933,0.08869014199990488,0.0471693139988929,0.09133821300019918,106.66666666666667,30.63766744820282,128.0,64.0,128.0,1.6666666666666667,0.47871355387816905,2.0,1.0,2.0
proposed_countergan,CounterGAN + iterative black-box search,256,disease_to_no_disease,medium_confidence,33.0,1.0,0.0,1.0,1.0,1.0,1.0,0.0,1.0,1.0,1.0,1.0,0.0,1.0,1.0,1.0,0.8939393939393939,0.19675396110909996,1.0,0.8,1.0,0.6666666666666666,0.4787135538781691,1.0,0.0,1.0,0.10606454143469984,0.030607598086030103,0.09954709559679031,0.07853274047374725,0.13077545166015625,0.16346801346801346,0.0472840751581496,0.16111111111111112,0.13333333333333336,0.2,0.16346801346801346,0.0472840751581496,0.16111111111111112,0.13333333333333336,0.2,0.048517417896426086,0.018839303057312084,0.04192902892827988,0.03301990032196045,0.06265595555305481,0.45735007600453276,0.08624889851241636,0.45772383427991326,0.38354760137143884,0.5277999781930871,0.45735007600453276,0.08624889851241636,0.45772383427991326,0.38354760137143884,0.5277999781930871,0.2636363636363636,0.36039750781097746,0.1,0.0,0.5,0.20121212121212123,0.3010373479295964,0.02,0.0,0.36000000000000004,0.8659320477502296,0.06605708872616918,0.8787878787878788,0.8484848484848485,0.9090909090909091,0.8659320477502296,0.06605708872616918,0.8787878787878788,0.8484848484848485,0.9090909090909091,0.9683939783337018,0.010481188210104233,0.9676519681204521,0.9599196395842169,0.9781347678024706,1.0,0.0,1.0,1.0,1.0,5.235753883015025,2.813683142539066,5.362791061401367,3.5460801124572754,5.895364284515381,0.06376949345477359,0.023148585606282603,0.046176699001080124,0.04336489600063942,0.08966749600040202,91.15151515151516,32.12098341828245,64.0,64.0,128.0,1.4242424242424243,0.5018903659106633,1.0,1.0,2.0
proposed_countergan,CounterGAN + iterative black-box search,256,disease_to_no_disease,near_boundary,34.0,1.0,0.0,1.0,1.0,1.0,1.0,0.0,1.0,1.0,1.0,1.0,0.0,1.0,1.0,1.0,0.9617647058823531,0.0985184366143778,1.0,1.0,1.0,0.7941176470588235,0.41042563012190475,1.0,1.0,1.0,0.0895771068685195,0.029771630225977706,0.08457409590482712,0.06536246091127396,0.10595034062862396,0.2169934640522876,0.06282329294384863,0.22499999999999995,0.1736111111111111,0.2541666666666667,0.2169934640522876,0.06282329294384863,0.22499999999999995,0.1736111111111111,0.2541666666666667,0.04295587934115354,0.01552191324793933,0.03983901999890804,0.03028719685971737,0.04375108610838652,0.4248649125512148,0.07396571297343338,0.42456040149515395,0.369184971213862,0.476708174714246,0.4248649125512148,0.07396571297343338,0.42456040149515395,0.369184971213862,0.476708174714246,0.1735294117647059,0.32688504469012913,0.0,0.0,0.1,0.23588235294117646,0.3421776753345054,0.05,0.0,0.345,0.8324420677361855,0.05643857598837691,0.8333333333333334,0.7878787878787878,0.8787878787878788,0.8324420677361855,0.05643857598837691,0.8333333333333334,0.7878787878787878,0.8787878787878788,0.9583206972184122,0.01868726394303252,0.9602192518525091,0.9491955774940375,0.9712957759212192,1.0,0.0,1.0,1.0,1.0,5.77033747995601,2.820419443096568,5.282436847686768,4.088657021522522,6.874549746513367,0.056441893294023056,0.020278685322183305,0.04515231499954098,0.04370580324962248,0.07686817500007237,80.94117647058823,28.65990883327354,64.0,64.0,112.0,1.2647058823529411,0.44781107551989907,1.0,1.0,1.75
proposed_countergan,CounterGAN + iterative black-box search,256,no_disease_to_disease,high_confidence,33.0,1.0,0.0,1.0,1.0,1.0,1.0,0.0,1.0,1.0,1.0,1.0,0.0,1.0,1.0,1.0,0.9939393939393939,0.024230584229877995,1.0,1.0,1.0,0.9393939393939394,0.24230584229877988,1.0,1.0,1.0,0.12045966021039269,0.022940243799719436,0.11872266232967377,0.11054868996143341,0.12791378796100616,0.15269360269360271,0.058335337467576555,0.13333333333333336,0.11111111111111112,0.19999999999999996,0.15269360269360271,0.058335337467576555,0.13333333333333336,0.11111111111111112,0.19999999999999996,0.04161614343298204,0.008096005932523282,0.03977755084633827,0.03551025688648224,0.045149918645620346,0.4523543259649573,0.07506633989226505,0.42350963314164625,0.39992213834377777,0.5164889289734588,0.4523543259649573,0.07506633989226505,0.42350963314164625,0.39992213834377777,0.5164889289734588,0.05454545454545456,0.11481209945740989,0.0,0.0,0.0,0.996969696969697,0.014248870236980272,1.0,1.0,1.0,0.8778696051423324,0.0622342137801459,0.8787878787878788,0.8484848484848485,0.9090909090909091,0.8778696051423324,0.0622342137801459,0.8787878787878788,0.8484848484848485,0.9090909090909091,0.9713640838559224,0.015874193206496728,0.9750572797097223,0.9661044087385857,0.9816136317253162,1.0,0.0,1.0,1.0,1.0,7.675267255667484,2.5196592572198973,7.962424278259277,6.512465000152588,9.547821044921875,0.05073889360601518,0.015858373434588294,0.045063833000313025,0.04344627499995113,0.0460219340002368,71.75757575757575,21.21177488894773,64.0,64.0,64.0,1.121212121212121,0.3314339826398083,1.0,1.0,1.0
proposed_countergan,CounterGAN + iterative black-box search,256,no_disease_to_disease,medium_confidence,33.0,1.0,0.0,1.0,1.0,1.0,1.0,0.0,1.0,1.0,1.0,1.0,0.0,1.0,1.0,1.0,1.0,0.0,1.0,1.0,1.0,1.0,0.0,1.0,1.0,1.0,0.11632614515044472,0.021038966934418323,0.11912798881530762,0.10228707641363144,0.13644681870937347,0.18232323232323233,0.06690430080173321,0.16666666666666666,0.13333333333333333,0.22222222222222224,0.18232323232323233,0.06690430080173321,0.16666666666666666,0.13333333333333333,0.22222222222222224,0.04385565452729211,0.01197576204437445,0.041425302624702454,0.035405177623033524,0.048919301480054855,0.4383869562037139,0.06976622219666638,0.43273396746066883,0.38415157212309964,0.47848440243870993,0.4383869562037139,0.06976622219666638,0.43273396746066883,0.38415157212309964,0.47848440243870993,0.05757575757575757,0.13469944095629868,0.0,0.0,0.0,0.9981818181818181,0.007687061147858076,1.0,1.0,1.0,0.8539944903581267,0.05742331566301883,0.8484848484848485,0.8181818181818182,0.9090909090909091,0.8539944903581267,0.05742331566301883,0.8484848484848485,0.8181818181818182,0.9090909090909091,0.971028360352218,0.01338408744983336,0.9761793550656686,0.9608599442106115,0.9809867212164189,1.0,0.0,1.0,1.0,1.0,7.723486502965291,2.6199800420884376,8.042552947998047,6.048061847686768,9.091114044189453,0.05351462518173679,0.017574450182969187,0.04479804400034482,0.04413076499986346,0.0487523229985527,75.63636363636364,25.06718245762048,64.0,64.0,64.0,1.1818181818181819,0.39167472590032,1.0,1.0,1.0
proposed_countergan,CounterGAN + iterative black-box search,256,no_disease_to_disease,near_boundary,34.0,1.0,0.0,1.0,1.0,1.0,1.0,0.0,1.0,1.0,1.0,1.0,0.0,1.0,1.0,1.0,0.9941176470588234,0.023883257361061304,1.0,1.0,1.0,0.9411764705882353,0.23883257361061297,1.0,1.0,1.0,0.1187070682644844,0.018411649117329097,0.11841956153512001,0.1033769678324461,0.13527796044945717,0.15457516339869284,0.05147416417674164,0.15555555555555556,0.12916666666666668,0.17638888888888887,0.15457516339869284,0.05147416417674164,0.15555555555555556,0.12916666666666668,0.17638888888888887,0.04000696271438809,0.009941073964545024,0.0390861090272665,0.03190630581229925,0.044386375695466995,0.4635094832792922,0.07929111578010513,0.4813114349021316,0.42565976295065117,0.5153720699815195,0.4635094832792922,0.07929111578010513,0.4813114349021316,0.42565976295065117,0.5153720699815195,0.0058823529411764705,0.03429971702850176,0.0,0.0,0.0,0.9970588235294118,0.011154401703446643,1.0,1.0,1.0,0.8288770053475937,0.06541199895185436,0.8484848484848485,0.7878787878787878,0.8787878787878788,0.8288770053475937,0.06541199895185436,0.8484848484848485,0.7878787878787878,0.8787878787878788,0.9744058857915117,0.010898898411143337,0.9770274670300025,0.9678102058741785,0.9810788889234993,1.0,0.0,1.0,1.0,1.0,8.19159050548778,1.9665376901240867,8.992242336273193,7.2341073751449585,9.766839027404785,0.05246063832344268,0.017376870949944532,0.04499706500064349,0.043968401750134944,0.04601432224990276,75.29411764705883,24.764991678460653,64.0,64.0,64.0,1.1764705882352942,0.3869529949759477,1.0,1.0,1.0
proposed_countergan,CounterGAN + iterative black-box search,512,disease_to_no_disease,high_confidence,33.0,1.0,0.0,1.0,1.0,1.0,1.0,0.0,1.0,1.0,1.0,1.0,0.0,1.0,1.0,1.0,0.9090909090909091,0.13077565800741636,1.0,0.9,1.0,0.5454545454545454,0.5056498968474316,1.0,0.0,1.0,0.11553874386079384,0.03171143011526214,0.11174414306879044,0.08740387111902237,0.13662521541118622,0.14764309764309763,0.04604392492849409,0.15555555555555553,0.12222222222222226,0.17777777777777776,0.14764309764309763,0.04604392492849409,0.15555555555555553,0.12222222222222226,0.17777777777777776,0.05325931446118788,0.020793144538871124,0.05645492300391197,0.032981790602207184,0.07122858613729477,0.5153677934693831,0.09693472500769132,0.49487616079125313,0.4543382350420832,0.5454485257158131,0.5153677934693831,0.09693472500769132,0.49487616079125313,0.4543382350420832,0.5454485257158131,0.28181818181818186,0.27323815785700734,0.2,0.0,0.5,0.07636363636363637,0.12810684461168984,0.0,0.0,0.08,0.9072543617998164,0.05406957495593647,0.9090909090909091,0.8787878787878788,0.9393939393939394,0.9072543617998164,0.05406957495593647,0.9090909090909091,0.8787878787878788,0.9393939393939394,0.9719714791379332,0.011861542285407754,0.9723039039414527,0.96398719120872,0.9798622019228247,1.0,0.0,1.0,1.0,1.0,5.667242382511948,2.696552963444836,4.89530086517334,3.7749359607696533,6.736193656921387,0.07444835809099348,0.021802712096004973,0.08834873299929313,0.047405027000422706,0.0906180959991616,104.72727272727273,31.264269469388623,128.0,64.0,128.0,1.6363636363636365,0.48850421045919723,2.0,1.0,2.0
proposed_countergan,CounterGAN + iterative black-box search,512,disease_to_no_disease,medium_confidence,33.0,1.0,0.0,1.0,1.0,1.0,1.0,0.0,1.0,1.0,1.0,1.0,0.0,1.0,1.0,1.0,0.9333333333333332,0.09895285072531597,1.0,0.9,1.0,0.5757575757575758,0.5018903659106633,1.0,0.0,1.0,0.10656173865903508,0.03202974506812263,0.09689682722091675,0.07747817039489746,0.13275668025016785,0.16178451178451178,0.06383992048133538,0.15555555555555553,0.12222222222222223,0.19444444444444442,0.16178451178451178,0.06383992048133538,0.15555555555555553,0.12222222222222223,0.19444444444444442,0.05059200790569638,0.021806534192174785,0.0420355349779129,0.030451644212007523,0.07383634150028229,0.467439027636101,0.08848515852109891,0.45917503104398405,0.3909594897822091,0.5414204223350025,0.467439027636101,0.08848515852109891,0.45917503104398405,0.3909594897822091,0.5414204223350025,0.2727272727272727,0.3727203436163024,0.1,0.0,0.4,0.17636363636363636,0.27719372943189685,0.0,0.0,0.36,0.8714416896235078,0.07500776782176131,0.8787878787878788,0.8484848484848485,0.9090909090909091,0.8714416896235078,0.07500776782176131,0.8787878787878788,0.8484848484848485,0.9090909090909091,0.9706958256207014,0.012610648623701776,0.9721070268283265,0.9632317658215183,0.9800131414938308,1.0,0.0,1.0,1.0,1.0,5.3881526715827714,2.628596781551482,5.112447738647461,3.8667006492614746,6.124238014221191,0.06367289412096536,0.02265520479461262,0.04560496299927763,0.04405376299837371,0.08815353899990441,91.15151515151516,32.12098341828245,64.0,64.0,128.0,1.4242424242424243,0.5018903659106633,1.0,1.0,2.0
proposed_countergan,CounterGAN + iterative black-box search,512,disease_to_no_disease,near_boundary,34.0,1.0,0.0,1.0,1.0,1.0,1.0,0.0,1.0,1.0,1.0,1.0,0.0,1.0,1.0,1.0,0.9441176470588236,0.11597067672891526,1.0,0.925,1.0,0.7352941176470589,0.44781107551989907,1.0,0.25,1.0,0.09022035142954658,0.02917603196681678,0.08068105205893517,0.06484141387045383,0.10779092460870743,0.21797385620915033,0.07251377081350384,0.22777777777777777,0.17083333333333334,0.2569444444444444,0.21797385620915033,0.07251377081350384,0.22777777777777777,0.17083333333333334,0.2569444444444444,0.04228078853338957,0.01571593091237872,0.039846021682024,0.03013693355023861,0.04823992867022753,0.42105125637440965,0.07775786109282254,0.4104868676008216,0.3636014991251167,0.46825291272628833,0.42105125637440965,0.07775786109282254,0.4104868676008216,0.3636014991251167,0.46825291272628833,0.18529411764705883,0.3610862005211134,0.0,0.0,0.07500000000000001,0.24117647058823533,0.3348067258464415,0.07,0.0,0.395,0.8074866310160428,0.0703318205754449,0.8181818181818182,0.7575757575757576,0.8484848484848485,0.8074866310160428,0.0703318205754449,0.8181818181818182,0.7575757575757576,0.8484848484848485,0.9569673306996999,0.018538397855548994,0.9545403622568301,0.9518521606416054,0.9723532659068238,1.0,0.0,1.0,1.0,1.0,5.8181110690621765,3.0044539188625423,5.049754619598389,4.236888647079468,6.774813175201416,0.056555039588281085,0.020605757451930648,0.0446314864998385,0.043457848249772724,0.07722559725016254,80.94117647058823,28.65990883327354,64.0,64.0,112.0,1.2647058823529411,0.44781107551989907,1.0,1.0,1.75
proposed_countergan,CounterGAN + iterative black-box search,512,no_disease_to_disease,high_confidence,33.0,1.0,0.0,1.0,1.0,1.0,1.0,0.0,1.0,1.0,1.0,1.0,0.0,1.0,1.0,1.0,0.990909090909091,0.038435305739290354,1.0,1.0,1.0,0.9393939393939394,0.2423058422987799,1.0,1.0,1.0,0.12111403544743855,0.02221986385277052,0.11934991180896759,0.11244867742061615,0.13342852890491486,0.15589225589225592,0.05263026523357,0.13888888888888892,0.1222222222222222,0.20555555555555557,0.15589225589225592,0.05263026523357,0.13888888888888892,0.1222222222222222,0.20555555555555557,0.03917524150826714,0.006873739846198879,0.03801601380109787,0.03299150988459587,0.04254947602748871,0.4505436963485905,0.0778831619948688,0.42866541678720027,0.3776466207808965,0.5226405208165797,0.4505436963485905,0.0778831619948688,0.42866541678720027,0.3776466207808965,0.5226405208165797,0.04242424242424242,0.09024377759125218,0.0,0.0,0.0,0.9981818181818181,0.007687061147858077,1.0,1.0,1.0,0.8778696051423325,0.05988436232105726,0.8787878787878788,0.8484848484848485,0.9090909090909091,0.8778696051423325,0.05988436232105726,0.8787878787878788,0.8484848484848485,0.9090909090909091,0.9720010237756008,0.01321904173860802,0.975692522594632,0.9649005706833849,0.9803200520968323,1.0,0.0,1.0,1.0,1.0,7.859910040190726,2.7078225114893932,8.035602569580078,6.203469276428223,9.719253540039062,0.049946321666676806,0.013723605889777606,0.045486322000215296,0.044174243999805185,0.04691005899985612,69.81818181818181,18.683974659876572,64.0,64.0,64.0,1.0909090909090908,0.29193710406057144,1.0,1.0,1.0
proposed_countergan,CounterGAN + iterative black-box search,512,no_disease_to_disease,medium_confidence,33.0,1.0,0.0,1.0,1.0,1.0,1.0,0.0,1.0,1.0,1.0,1.0,0.0,1.0,1.0,1.0,0.9939393939393939,0.024230584229877998,1.0,1.0,1.0,0.9393939393939394,0.24230584229877988,1.0,1.0,1.0,0.11502454813682672,0.020547233030283753,0.11603330075740814,0.10100047290325165,0.13289591670036316,0.18367003367003365,0.06300627347787102,0.16666666666666666,0.1388888888888889,0.21666666666666665,0.18367003367003365,0.06300627347787102,0.16666666666666666,0.1388888888888889,0.21666666666666665,0.043180479244752365,0.010895626346497543,0.04042694717645645,0.034995708614587784,0.04695611447095871,0.4352864489354103,0.06923933638655999,0.44865055369106316,0.38059156902564867,0.47529123825021297,0.4352864489354103,0.06923933638655999,0.44865055369106316,0.38059156902564867,0.47529123825021297,0.051515151515151514,0.12278337662630716,0.0,0.0,0.0,0.996969696969697,0.01015038437845105,1.0,1.0,1.0,0.8806244260789716,0.07144521568368498,0.8787878787878788,0.8181818181818182,0.9393939393939394,0.8806244260789716,0.07144521568368498,0.8787878787878788,0.8181818181818182,0.9393939393939394,0.9684516155600043,0.013028926277152261,0.9705337558789822,0.9607070067788575,0.9779943009081083,1.0,0.0,1.0,1.0,1.0,7.711936416047992,2.5463312304341192,8.232451438903809,6.388263702392578,9.207732200622559,0.052133995484837214,0.01625861910767221,0.045443155999237206,0.043864301000212436,0.0473957350004639,73.6969696969697,23.303010600141402,64.0,64.0,64.0,1.1515151515151516,0.3641095406272094,1.0,1.0,1.0
proposed_countergan,CounterGAN + iterative black-box search,512,no_disease_to_disease,near_boundary,34.0,1.0,0.0,1.0,1.0,1.0,1.0,0.0,1.0,1.0,1.0,1.0,0.0,1.0,1.0,1.0,0.9941176470588234,0.023883257361061283,1.0,1.0,1.0,0.9411764705882353,0.23883257361061294,1.0,1.0,1.0,0.11806767850237734,0.019332993648153537,0.11707406863570213,0.10182383097708225,0.13663608953356743,0.15947712418300655,0.0648537075964815,0.16666666666666666,0.11250000000000002,0.18888888888888883,0.15947712418300655,0.0648537075964815,0.16666666666666666,0.11250000000000002,0.18888888888888883,0.03963144616607357,0.009819288319389738,0.03994748368859291,0.031259417068213224,0.04482124652713537,0.46139615231599906,0.07684258214808139,0.4753277329900792,0.43335526621656395,0.5166004073289783,0.46139615231599906,0.07684258214808139,0.4753277329900792,0.43335526621656395,0.5166004073289783,0.0058823529411764705,0.03429971702850176,0.0,0.0,0.0,0.9952941176470589,0.011074210859811064,1.0,1.0,1.0,0.8440285204991087,0.07352347793888535,0.8484848484848485,0.8181818181818182,0.8787878787878788,0.8440285204991087,0.07352347793888535,0.8484848484848485,0.8181818181818182,0.8787878787878788,0.9732845226405312,0.013044133141387363,0.9744436181035263,0.9663747757396866,0.9830916107464857,1.0,0.0,1.0,1.0,1.0,8.201344658346738,2.433042528974366,9.182887554168701,5.988417267799377,9.772538185119629,0.050724937882478116,0.01587450437712132,0.044435701000111294,0.043665877250077756,0.04565468849932586,73.41176470588235,23.00740018902853,64.0,64.0,64.0,1.1470588235294117,0.3594906279535708,1.0,1.0,1.0
proposed_dp_eps16_sparse_diverse,Unified DP-CounterGAN epsilon=16 + counted sparse-diverse search,64,disease_to_no_disease,high_confidence,33.0,0.7666666666666667,0.3576543955645823,1.0,0.6,1.0,0.8787878787878788,0.3314339826398085,1.0,1.0,1.0,0.6060606060606061,0.49619766344887317,1.0,0.0,1.0,0.6272727272727273,0.348454379432164,0.7,0.4,1.0,0.30303030303030304,0.46669372215943766,0.0,0.0,1.0,0.10218607261776924,0.049141408907411914,0.08860807120800018,0.06460671871900558,0.12748491764068604,0.48015796995682064,0.1570019899416081,0.5166666666666667,0.35,0.6269841269841271,0.48015796995682064,0.1570019899416081,0.5166666666666667,0.35,0.6269841269841271,0.041974813966401694,0.007756134306828829,0.04192264378070831,0.03886067494750023,0.04709376394748688,0.5209385186456403,0.07558463437889953,0.5210407461323132,0.4908825412211031,0.5784671864362737,0.5209385186456403,0.07558463437889953,0.5210407461323132,0.4908825412211031,0.5784671864362737,0.09850848385331144,0.14861823136309782,0.0,0.0,0.2,0.12521072796934865,0.23028643758934328,0.0,0.0,0.1111111111111111,0.8828074950548195,0.052888754765731606,0.8787878787878788,0.8484848484848485,0.9090909090909091,0.8828074950548195,0.052888754765731606,0.8787878787878788,0.8484848484848485,0.9090909090909091,0.9755465648698506,0.014477065516638193,0.9782360056595737,0.9660067297990231,0.9880413701879218,1.0,0.0,1.0,1.0,1.0,5.411533298163579,4.358416529321482,3.32637882232666,2.643491268157959,6.347585201263428,0.23356033118188585,0.03245407813641316,0.24517676700088487,0.2362818410001637,0.25210497199987003,64.0,0.0,64.0,64.0,64.0,1.0,0.0,1.0,1.0,1.0
proposed_dp_eps16_sparse_diverse,Unified DP-CounterGAN epsilon=16 + counted sparse-diverse search,64,disease_to_no_disease,medium_confidence,33.0,0.706060606060606,0.3508377420006593,0.8,0.4,1.0,0.9090909090909091,0.29193710406057116,1.0,1.0,1.0,0.45454545454545453,0.5056498968474316,0.0,0.0,1.0,0.5909090909090909,0.36087016048334164,0.6,0.3,1.0,0.2727272727272727,0.4522670168666456,0.0,0.0,1.0,0.07949811605115732,0.044139640876723556,0.06664781272411346,0.045357078313827515,0.09777280502021313,0.5796377131099354,0.17144330483834655,0.6631944444444444,0.5,0.6934523809523809,0.5796377131099354,0.17144330483834655,0.6631944444444444,0.5,0.6934523809523809,0.03870101645588875,0.011033775825790812,0.041708409786224365,0.036065016873180866,0.0451257536187768,0.4952194726910129,0.1051288302443188,0.45862662473995386,0.43822247738942066,0.5328158356587989,0.4952194726910129,0.1051288302443188,0.45862662473995386,0.43822247738942066,0.5328158356587989,0.06031746031746031,0.12777735281948183,0.0,0.0,0.0,0.21242063492063493,0.3395635689010003,0.01,0.0,0.31214285714285717,0.8675142822269258,0.08480723722148037,0.87042842215256,0.8103146853146853,0.9393939393939394,0.8675142822269258,0.08480723722148037,0.87042842215256,0.8103146853146853,0.9393939393939394,0.9650029699002284,0.019216760777167503,0.9653136814166228,0.9523612967713079,0.9794353216590079,1.0,0.0,1.0,1.0,1.0,4.934853692849477,4.873460449566948,3.064432740211487,2.557771921157837,4.81289541721344,0.22849875630290076,0.03536162646670226,0.23979011900064506,0.23184698799923353,0.2491981429993757,64.0,0.0,64.0,64.0,64.0,1.0,0.0,1.0,1.0,1.0
proposed_dp_eps16_sparse_diverse,Unified DP-CounterGAN epsilon=16 + counted sparse-diverse search,64,disease_to_no_disease,near_boundary,34.0,0.7970588235294118,0.33256149499015836,1.0,0.65,1.0,0.9705882352941176,0.17149858514250882,1.0,1.0,1.0,0.6470588235294118,0.485071250072666,1.0,0.0,1.0,0.7000000000000001,0.37009417310962484,0.9,0.375,1.0,0.35294117647058826,0.485071250072666,0.0,0.0,1.0,0.07102396841527837,0.03935897138109655,0.06348827481269836,0.04229489713907242,0.09945399314165115,0.6278993640104751,0.17736886491320814,0.6444444444444445,0.5,0.7777777777777778,0.6278993640104751,0.17736886491320814,0.6444444444444445,0.5,0.7777777777777778,0.043495418786099464,0.014749683938899428,0.043406590819358826,0.038825683295726776,0.048211611807346344,0.464435315249919,0.09133818452954767,0.44946119273382096,0.417475712644267,0.521985384924766,0.464435315249919,0.09133818452954767,0.44946119273382096,0.417475712644267,0.521985384924766,0.08164983164983164,0.1363411098740069,0.0,0.0,0.1,0.3134006734006734,0.33670676551101614,0.15999999999999998,0.0,0.5599999999999999,0.8194854528187862,0.09335718668136739,0.8181818181818182,0.7878787878787878,0.8888888888888888,0.8194854528187862,0.09335718668136739,0.8181818181818182,0.7878787878787878,0.8888888888888888,0.9541603264578301,0.030436244319992565,0.9607425111295081,0.9445204101454102,0.9749343008474451,1.0,0.0,1.0,1.0,1.0,5.171604620687889,3.6953130376195085,4.348161220550537,2.32753324508667,7.583724021911621,0.23530788044116194,0.024720779618771782,0.24099033300035444,0.23589250724967314,0.2468989064998368,64.0,0.0,64.0,64.0,64.0,1.0,0.0,1.0,1.0,1.0
proposed_dp_eps16_sparse_diverse,Unified DP-CounterGAN epsilon=16 + counted sparse-diverse search,64,no_disease_to_disease,high_confidence,33.0,0.9878787878787879,0.06963106238227916,1.0,1.0,1.0,1.0,0.0,1.0,1.0,1.0,0.9696969696969697,0.17407765595569788,1.0,1.0,1.0,0.7060606060606059,0.149873684188123,0.7,0.6,0.8,0.030303030303030304,0.17407765595569794,0.0,0.0,0.0,0.0821277756582607,0.01786391513213581,0.07724735885858536,0.07114477455615997,0.08980526775121689,0.5572390572390571,0.10423594777991545,0.5777777777777778,0.5,0.65,0.5572390572390571,0.10423594777991545,0.5777777777777778,0.5,0.65,0.0538232886429989,0.01162787760170205,0.05225013196468353,0.044093575328588486,0.05971904844045639,0.4795001854124268,0.0712214513918376,0.4748163300225383,0.4315020606072458,0.5085639731940397,0.4795001854124268,0.0712214513918376,0.4748163300225383,0.4315020606072458,0.5085639731940397,0.018181818181818184,0.052764485301108624,0.0,0.0,0.0,0.9305050505050505,0.11169191633723624,0.9800000000000001,0.9199999999999999,1.0,0.8691970207121723,0.06408439504179504,0.8787878787878788,0.8484848484848485,0.9090909090909091,0.8691970207121723,0.06408439504179504,0.8787878787878788,0.8484848484848485,0.9090909090909091,0.963191163760041,0.014507263914209692,0.9645649142524142,0.9570040906805612,0.9701803477721332,1.0,0.0,1.0,1.0,1.0,3.4995071454481645,1.2978489747528301,3.1932005882263184,2.681105852127075,3.7720630168914795,0.2469316602727662,0.010675852828747213,0.24408215500079677,0.24112401799902727,0.248619840000174,64.0,0.0,64.0,64.0,64.0,1.0,0.0,1.0,1.0,1.0
proposed_dp_eps16_sparse_diverse,Unified DP-CounterGAN epsilon=16 + counted sparse-diverse search,64,no_disease_to_disease,medium_confidence,33.0,0.896969696969697,0.21720504207552443,1.0,0.9,1.0,1.0,0.0,1.0,1.0,1.0,0.7272727272727273,0.45226701686664555,1.0,0.0,1.0,0.6303030303030304,0.2480988317244366,0.7,0.5,0.8,0.030303030303030304,0.17407765595569794,0.0,0.0,0.0,0.07097062214531681,0.023434236793078784,0.07061947137117386,0.049035318195819855,0.08544903248548508,0.6291994014216237,0.12257832570096992,0.6611111111111112,0.5277777777777779,0.7,0.6291994014216237,0.12257832570096992,0.6611111111111112,0.5277777777777779,0.7,0.05027671282490095,0.009502066374422422,0.04881519824266434,0.04459214210510254,0.05597575008869171,0.4732565132661226,0.0446849083418249,0.4717292695387691,0.44374996933009836,0.5101406707063745,0.4732565132661226,0.0446849083418249,0.4717292695387691,0.44374996933009836,0.5101406707063745,0.0030303030303030303,0.017407765595569787,0.0,0.0,0.0,0.9112289562289563,0.10405769833542201,0.96,0.8444444444444444,1.0,0.7692276298336904,0.08026129340134686,0.7777777777777778,0.7272727272727273,0.8181818181818182,0.7692276298336904,0.08026129340134686,0.7777777777777778,0.7272727272727273,0.8181818181818182,0.9495765282599582,0.029700315557167803,0.9556834222923619,0.9338877172210505,0.9683056987825296,1.0,0.0,1.0,1.0,1.0,2.7542222521521826,1.2222820098755165,2.6477038860321045,2.0010743141174316,3.2654945850372314,0.24454625963643953,0.006808096100683778,0.2435760640000808,0.24057677000018884,0.24655238200102758,64.0,0.0,64.0,64.0,64.0,1.0,0.0,1.0,1.0,1.0
proposed_dp_eps16_sparse_diverse,Unified DP-CounterGAN epsilon=16 + counted sparse-diverse search,64,no_disease_to_disease,near_boundary,34.0,0.9088235294117647,0.24540337487346617,1.0,1.0,1.0,0.9705882352941176,0.1714985851425087,1.0,1.0,1.0,0.8235294117647058,0.38695299497594743,1.0,1.0,1.0,0.6823529411764707,0.2354500374657063,0.7,0.6,0.8,0.058823529411764705,0.23883257361061297,0.0,0.0,0.0,0.07047224676970279,0.026596605686738422,0.07090776413679123,0.04649237543344498,0.09496358036994934,0.6115132809577253,0.1460599536808663,0.5722222222222223,0.48888888888888893,0.7611111111111111,0.6115132809577253,0.1460599536808663,0.5722222222222223,0.48888888888888893,0.7611111111111111,0.05069022580529704,0.012283841862396705,0.0511343814432621,0.044065121561288834,0.06154932081699371,0.4594273272497217,0.03557165276683206,0.4607960326178483,0.43082531415703273,0.48675264174637684,0.4594273272497217,0.03557165276683206,0.4607960326178483,0.43082531415703273,0.48675264174637684,0.048484848484848485,0.10642254261084722,0.0,0.0,0.0,0.8413804713804713,0.18138379061727267,0.8800000000000001,0.74,1.0,0.7852542519209186,0.08872209027642101,0.7878787878787878,0.7575757575757576,0.8484848484848485,0.7852542519209186,0.08872209027642101,0.7878787878787878,0.7575757575757576,0.8484848484848485,0.944273666683924,0.0406447531678084,0.9579532801649675,0.9151951227522048,0.9784125258799172,1.0,0.0,1.0,1.0,1.0,2.9266284668084346,1.202225894534232,2.9959614276885986,1.983464002609253,3.669297456741333,0.24305367479417542,0.017622446528496892,0.24220632099968498,0.24054229999956078,0.2478416600001765,64.0,0.0,64.0,64.0,64.0,1.0,0.0,1.0,1.0,1.0
proposed_dp_eps16_sparse_diverse,Unified DP-CounterGAN epsilon=16 + counted sparse-diverse search,128,disease_to_no_disease,high_confidence,33.0,0.990909090909091,0.05222329678670936,1.0,1.0,1.0,1.0,0.0,1.0,1.0,1.0,0.9696969696969697,0.17407765595569785,1.0,1.0,1.0,0.7999999999999999,0.16393596310755001,0.8,0.7,1.0,0.2727272727272727,0.45226701686664555,0.0,0.0,1.0,0.0997317980862025,0.042094355886453126,0.08902060985565186,0.07035887986421585,0.12373711913824081,0.5631313131313131,0.12277980596158346,0.5722222222222222,0.47777777777777786,0.6722222222222223,0.5631313131313131,0.12277980596158346,0.5722222222222222,0.47777777777777786,0.6722222222222223,0.07582541239081007,0.021091458326027303,0.07283420860767365,0.061620861291885376,0.09259337186813354,0.6254264138004744,0.09907397403122559,0.6235365703743043,0.5777361895018931,0.6882994570789059,0.6254264138004744,0.09907397403122559,0.6235365703743043,0.5777361895018931,0.6882994570789059,0.05454545454545455,0.09045340337332908,0.0,0.0,0.1,0.10727272727272727,0.1636931719573378,0.02,0.0,0.15999999999999998,0.8897121687090338,0.0662080599010175,0.9090909090909091,0.8484848484848485,0.9393939393939394,0.8897121687090338,0.0662080599010175,0.9090909090909091,0.8484848484848485,0.9393939393939394,0.9696831609721681,0.01406808167324841,0.9701463181426417,0.9610245330649743,0.9804437564499484,1.0,0.0,1.0,1.0,1.0,6.566722291888612,4.0524779773732655,5.260064601898193,3.7648231983184814,8.760059356689453,0.48173369706053176,0.042361163623024965,0.4961460069989698,0.4861823049996019,0.5065533550005057,128.0,0.0,128.0,128.0,128.0,2.0,0.0,2.0,2.0,2.0
proposed_dp_eps16_sparse_diverse,Unified DP-CounterGAN epsilon=16 + counted sparse-diverse search,128,disease_to_no_disease,medium_confidence,33.0,1.0,0.0,1.0,1.0,1.0,1.0,0.0,1.0,1.0,1.0,1.0,0.0,1.0,1.0,1.0,0.809090909090909,0.1843292508726511,0.9,0.7,1.0,0.2727272727272727,0.4522670168666456,0.0,0.0,1.0,0.07524842554421136,0.03853483691436278,0.060362983494997025,0.05517468973994255,0.08947624266147614,0.6494949494949495,0.1245467371336549,0.6944444444444444,0.6388888888888888,0.7388888888888889,0.6494949494949495,0.1245467371336549,0.6944444444444444,0.6388888888888888,0.7388888888888889,0.07176505390441779,0.02564445302824656,0.06294142454862595,0.052577972412109375,0.08279960602521896,0.5735646773984815,0.11632949964458086,0.5606503097803291,0.4800074819250816,0.6691748166142261,0.5735646773984815,0.11632949964458086,0.5606503097803291,0.4800074819250816,0.6691748166142261,0.042424242424242434,0.07512615652314046,0.0,0.0,0.1,0.1690909090909091,0.23896081839346117,0.08,0.0,0.2,0.8640955004591369,0.04974753301353488,0.8484848484848485,0.8181818181818182,0.9090909090909091,0.8640955004591369,0.04974753301353488,0.8484848484848485,0.8181818181818182,0.9090909090909091,0.9561063595535881,0.018631475669127803,0.9559464146964146,0.9433893190143191,0.9659031754494215,1.0,0.0,1.0,1.0,1.0,5.848836718183575,4.92499681477139,4.2392377853393555,3.4173591136932373,6.761946201324463,0.4776001827879582,0.03661506957167832,0.48779470900080923,0.4770788519999769,0.49931500099955883,128.0,0.0,128.0,128.0,128.0,2.0,0.0,2.0,2.0,2.0
proposed_dp_eps16_sparse_diverse,Unified DP-CounterGAN epsilon=16 + counted sparse-diverse search,128,disease_to_no_disease,near_boundary,34.0,1.0,0.0,1.0,1.0,1.0,1.0,0.0,1.0,1.0,1.0,1.0,0.0,1.0,1.0,1.0,0.8823529411764707,0.14028237375032807,0.9,0.8,1.0,0.4411764705882353,0.5039947372613782,0.0,0.0,1.0,0.07066184479524107,0.033014966959820244,0.06018013320863247,0.049240787513554096,0.09218520298600197,0.6784313725490198,0.12886570023816254,0.6944444444444444,0.6166666666666667,0.7708333333333334,0.6784313725490198,0.12886570023816254,0.6944444444444444,0.6166666666666667,0.7708333333333334,0.06358472482465646,0.022497009092604693,0.05782387591898441,0.04802790656685829,0.07696621306240559,0.5307038294206785,0.11035526563760512,0.5054531099618145,0.46334584975598103,0.6284603146741041,0.5307038294206785,0.11035526563760512,0.5054531099618145,0.46334584975598103,0.6284603146741041,0.10588235294117646,0.1739752271995768,0.0,0.0,0.17500000000000002,0.2558823529411765,0.2707914063255155,0.13,0.025,0.38,0.8128342245989304,0.07733728131817842,0.8181818181818182,0.7575757575757576,0.8787878787878788,0.8128342245989304,0.07733728131817842,0.8181818181818182,0.7575757575757576,0.8787878787878788,0.9456402306483407,0.02713528314267934,0.9457803654678654,0.9233795411567276,0.9674835960715411,1.0,0.0,1.0,1.0,1.0,6.394433827961192,3.3977992747591057,5.856525421142578,4.008302927017212,7.787862658500671,0.47902619202956404,0.027133690582875007,0.48427447600079176,0.47182493825039273,0.48956569674987804,128.0,0.0,128.0,128.0,128.0,2.0,0.0,2.0,2.0,2.0
proposed_dp_eps16_sparse_diverse,Unified DP-CounterGAN epsilon=16 + counted sparse-diverse search,128,no_disease_to_disease,high_confidence,33.0,1.0,0.0,1.0,1.0,1.0,1.0,0.0,1.0,1.0,1.0,1.0,0.0,1.0,1.0,1.0,0.706060606060606,0.16571699131990425,0.7,0.6,0.8,0.030303030303030304,0.17407765595569785,0.0,0.0,0.0,0.08006651010928732,0.020829150495562696,0.07626019418239594,0.06853902339935303,0.07990462332963943,0.6193602693602693,0.09770832062032228,0.65,0.5722222222222222,0.6833333333333333,0.6193602693602693,0.09770832062032228,0.65,0.5722222222222222,0.6833333333333333,0.06731478011969363,0.015312203086425707,0.06636808812618256,0.05518005043268204,0.0781664028763771,0.5229439145181396,0.07608293013975582,0.5258721757467844,0.46692402785230475,0.571746413485412,0.5229439145181396,0.07608293013975582,0.5258721757467844,0.46692402785230475,0.571746413485412,0.006060606060606061,0.02423058422987798,0.0,0.0,0.0,0.9363636363636363,0.09519119516196672,0.9800000000000001,0.9400000000000001,1.0,0.8448117539026629,0.08955993055757151,0.8787878787878788,0.7575757575757576,0.9090909090909091,0.8448117539026629,0.08955993055757151,0.8787878787878788,0.7575757575757576,0.9090909090909091,0.9546551569840529,0.01624153679880129,0.9527678571428572,0.9462542187774388,0.9654897879897881,1.0,0.0,1.0,1.0,1.0,3.976258397102356,2.0804017102937484,3.1512086391448975,2.6541991233825684,5.29469633102417,0.4919739776971365,0.013362719796120416,0.48868840000068303,0.4814460670004337,0.4995847610007331,128.0,0.0,128.0,128.0,128.0,2.0,0.0,2.0,2.0,2.0
proposed_dp_eps16_sparse_diverse,Unified DP-CounterGAN epsilon=16 + counted sparse-diverse search,128,no_disease_to_disease,medium_confidence,33.0,1.0,0.0,1.0,1.0,1.0,1.0,0.0,1.0,1.0,1.0,1.0,0.0,1.0,1.0,1.0,0.7363636363636363,0.1782171810919577,0.7,0.7,0.8,0.12121212121212122,0.33143398263980844,0.0,0.0,0.0,0.07074849759087418,0.020523962654493896,0.0685763880610466,0.055447064340114594,0.08619844168424606,0.6705387205387205,0.09566697364615591,0.7,0.6277777777777778,0.7222222222222221,0.6705387205387205,0.09566697364615591,0.7,0.6277777777777778,0.7222222222222221,0.06722170735398929,0.01797537609326435,0.06372176855802536,0.05522168427705765,0.07624778896570206,0.5163888377816275,0.07181946305486898,0.5206487135644321,0.4687742090710122,0.570071629862285,0.5163888377816275,0.07181946305486898,0.5206487135644321,0.4687742090710122,0.570071629862285,0.006060606060606061,0.024230584229877995,0.0,0.0,0.0,0.8872727272727273,0.14754814314471923,0.9400000000000001,0.86,1.0,0.8282828282828284,0.10433297101067474,0.8484848484848485,0.7878787878787878,0.8787878787878788,0.8282828282828284,0.10433297101067474,0.8484848484848485,0.7878787878787878,0.8787878787878788,0.9413817664867811,0.02356084824008722,0.9470156579531579,0.9223923992673992,0.9593019480519482,1.0,0.0,1.0,1.0,1.0,3.7658617135250205,1.3917623895520062,3.725924015045166,2.563162326812744,4.846282482147217,0.49518048075752275,0.021392984492754986,0.4892735069988703,0.48445713500041165,0.4964276959999552,128.0,0.0,128.0,128.0,128.0,2.0,0.0,2.0,2.0,2.0
proposed_dp_eps16_sparse_diverse,Unified DP-CounterGAN epsilon=16 + counted sparse-diverse search,128,no_disease_to_disease,near_boundary,34.0,1.0,0.0,1.0,1.0,1.0,1.0,0.0,1.0,1.0,1.0,1.0,0.0,1.0,1.0,1.0,0.7205882352941176,0.15526987603154727,0.7,0.625,0.8,0.029411764705882353,0.17149858514250882,0.0,0.0,0.0,0.0677733004969709,0.026233013077337882,0.07647457718849182,0.043112313374876976,0.08872203528881073,0.675,0.12217055841041248,0.6527777777777778,0.5736111111111111,0.8055555555555556,0.675,0.12217055841041248,0.6527777777777778,0.5736111111111111,0.8055555555555556,0.06499641859794364,0.022221256522092385,0.06108986213803291,0.045543260872364044,0.08623889274895191,0.5171994238264453,0.06894106020519344,0.5224254545503202,0.4549366662755457,0.5485697518707932,0.5171994238264453,0.06894106020519344,0.5224254545503202,0.4549366662755457,0.5485697518707932,0.023529411764705882,0.06059714729465039,0.0,0.0,0.0,0.8270588235294118,0.18036208382978522,0.8900000000000001,0.7050000000000001,0.96,0.7950089126559715,0.06591057323071042,0.7878787878787878,0.7575757575757576,0.8484848484848485,0.7950089126559715,0.06591057323071042,0.7878787878787878,0.7575757575757576,0.8484848484848485,0.932974070436874,0.04541921467479575,0.9462048504148929,0.9076327665390166,0.9684444545285297,1.0,0.0,1.0,1.0,1.0,3.5720567107200623,1.7107646270832058,3.135616421699524,2.2333900928497314,4.950600504875183,0.4921066759410785,0.01739764773319992,0.4882816314993761,0.4818347395003002,0.49372806624978693,128.0,0.0,128.0,128.0,128.0,2.0,0.0,2.0,2.0,2.0
proposed_dp_eps16_sparse_diverse,Unified DP-CounterGAN epsilon=16 + counted sparse-diverse search,256,disease_to_no_disease,high_confidence,33.0,1.0,0.0,1.0,1.0,1.0,1.0,0.0,1.0,1.0,1.0,1.0,0.0,1.0,1.0,1.0,0.8363636363636364,0.1728767295976056,0.9,0.8,1.0,0.3333333333333333,0.478713553878169,0.0,0.0,1.0,0.09565636549483646,0.04158263136764844,0.0773424506187439,0.06526236236095428,0.11108716577291489,0.6405723905723905,0.11318792456073827,0.6611111111111111,0.5666666666666667,0.7388888888888889,0.6405723905723905,0.11318792456073827,0.6611111111111111,0.5666666666666667,0.7388888888888889,0.08819792047142982,0.029979179644819828,0.07943913340568542,0.06782934069633484,0.10629478096961975,0.6913692960855398,0.12740544326793696,0.6985165042999046,0.6130033114662732,0.7766414248791694,0.6913692960855398,0.12740544326793696,0.6985165042999046,0.6130033114662732,0.7766414248791694,0.05757575757575757,0.11464702086813852,0.0,0.0,0.1,0.08969696969696969,0.14569842244523548,0.02,0.0,0.1,0.8971533516988064,0.050785493192798084,0.9090909090909091,0.8787878787878788,0.9393939393939394,0.8971533516988064,0.050785493192798084,0.9090909090909091,0.8787878787878788,0.9393939393939394,0.9567738026262408,0.018215989620810176,0.9592154720279721,0.9482353084007495,0.9740109004127968,1.0,0.0,1.0,1.0,1.0,8.55892199458498,5.752610426010621,6.84713888168335,4.0090837478637695,10.891412734985352,0.9883448776362815,0.04409897924132778,0.9952077590005501,0.970807136998701,1.0169731299993146,256.0,0.0,256.0,256.0,256.0,4.0,0.0,4.0,4.0,4.0
proposed_dp_eps16_sparse_diverse,Unified DP-CounterGAN epsilon=16 + counted sparse-diverse search,256,disease_to_no_disease,medium_confidence,33.0,1.0,0.0,1.0,1.0,1.0,1.0,0.0,1.0,1.0,1.0,1.0,0.0,1.0,1.0,1.0,0.8333333333333334,0.14930394055974097,0.9,0.7,1.0,0.30303030303030304,0.46669372215943766,0.0,0.0,1.0,0.07537222811670015,0.028774048728146047,0.061716169118881226,0.05441904813051224,0.0827721357345581,0.7151515151515152,0.0840165594815427,0.7388888888888889,0.6777777777777778,0.7833333333333334,0.7151515151515152,0.0840165594815427,0.7388888888888889,0.6777777777777778,0.7833333333333334,0.07679022611542181,0.029524904084760373,0.07056634873151779,0.054172344505786896,0.08762897551059723,0.6349710217551141,0.12992972114980766,0.6144332026166704,0.5420098938179445,0.7185313029426716,0.6349710217551141,0.12992972114980766,0.6144332026166704,0.5420098938179445,0.7185313029426716,0.048484848484848485,0.11489454980875981,0.0,0.0,0.0,0.17757575757575755,0.24319527008957104,0.08,0.0,0.26,0.8732782369146005,0.06879127672096884,0.8787878787878788,0.8484848484848485,0.9090909090909091,0.8732782369146005,0.06879127672096884,0.8787878787878788,0.8484848484848485,0.9090909090909091,0.9452422083518164,0.01666602631886635,0.9421339077589078,0.9318482212232212,0.9577366750896165,1.0,0.0,1.0,1.0,1.0,7.576098694945827,4.84155569795612,6.205743789672852,4.996923446655273,8.621526718139648,0.9677688570605052,0.04282418331393166,0.9770275999999285,0.9432970110010501,0.9971141530004388,256.0,0.0,256.0,256.0,256.0,4.0,0.0,4.0,4.0,4.0
proposed_dp_eps16_sparse_diverse,Unified DP-CounterGAN epsilon=16 + counted sparse-diverse search,256,disease_to_no_disease,near_boundary,34.0,1.0,0.0,1.0,1.0,1.0,1.0,0.0,1.0,1.0,1.0,1.0,0.0,1.0,1.0,1.0,0.8382352941176471,0.12795526178945457,0.8500000000000001,0.725,0.9,0.23529411764705882,0.4305615452020461,0.0,0.0,0.0,0.06429057360133704,0.027921829962779008,0.05467676743865013,0.04483834654092789,0.07896273769438267,0.7598039215686275,0.08065921373786582,0.7777777777777778,0.7236111111111111,0.8166666666666668,0.7598039215686275,0.08065921373786582,0.7777777777777778,0.7236111111111111,0.8166666666666668,0.06429184562362292,0.024533171976750874,0.0595842469483614,0.04549911804497242,0.07647041976451874,0.5669908500434824,0.13079721021515525,0.5440524514427687,0.47376399616171033,0.6604277713041878,0.5669908500434824,0.13079721021515525,0.5440524514427687,0.47376399616171033,0.6604277713041878,0.10588235294117647,0.15752090091349438,0.0,0.0,0.2,0.2382352941176471,0.199536896994095,0.15000000000000002,0.1,0.38,0.803030303030303,0.08282044353594306,0.8181818181818182,0.7272727272727273,0.8484848484848485,0.803030303030303,0.08282044353594306,0.8181818181818182,0.7272727272727273,0.8484848484848485,0.9265097324517284,0.03013364983963143,0.9355398074148075,0.9036194534632035,0.9448788017538017,1.0,0.0,1.0,1.0,1.0,6.4421928384724785,3.708197056675973,5.137019395828247,4.204735040664673,7.708965063095093,0.983159804794254,0.03254132131313284,0.9837610565000432,0.9694248730004347,0.9976806992494858,256.0,0.0,256.0,256.0,256.0,4.0,0.0,4.0,4.0,4.0
proposed_dp_eps16_sparse_diverse,Unified DP-CounterGAN epsilon=16 + counted sparse-diverse search,256,no_disease_to_disease,high_confidence,33.0,1.0,0.0,1.0,1.0,1.0,1.0,0.0,1.0,1.0,1.0,1.0,0.0,1.0,1.0,1.0,0.7454545454545455,0.16410916544123366,0.8,0.7,0.8,0.12121212121212122,0.3314339826398083,0.0,0.0,0.0,0.0799851594775012,0.023034232972636223,0.07125307619571686,0.06516765058040619,0.09379149228334427,0.6742424242424243,0.08434362335913016,0.6888888888888889,0.6277777777777778,0.7277777777777779,0.6742424242424243,0.08434362335913016,0.6888888888888889,0.6277777777777778,0.7277777777777779,0.08049179658745274,0.02222039254363556,0.07314866781234741,0.06438866257667542,0.10171037167310715,0.5909828007800725,0.09852017551812449,0.5845580546503661,0.5121327743733255,0.645036646552969,0.5909828007800725,0.09852017551812449,0.5845580546503661,0.5121327743733255,0.645036646552969,0.0030303030303030303,0.017407765595569797,0.0,0.0,0.0,0.9206060606060606,0.07061955261909561,0.9199999999999999,0.8800000000000001,0.9800000000000001,0.874196510560147,0.07985912618170093,0.8787878787878788,0.7878787878787878,0.9393939393939394,0.874196510560147,0.07985912618170093,0.8787878787878788,0.7878787878787878,0.9393939393939394,0.9427164884225574,0.019458693052281106,0.9416484903984903,0.9303660922410921,0.9531564476330343,1.0,0.0,1.0,1.0,1.0,6.648147684155089,3.9640283034753327,5.424489974975586,3.5626041889190674,8.109381675720215,0.9961067957875925,0.02229806771317182,0.993591929998729,0.9800348019998637,1.0119382719985879,256.0,0.0,256.0,256.0,256.0,4.0,0.0,4.0,4.0,4.0
proposed_dp_eps16_sparse_diverse,Unified DP-CounterGAN epsilon=16 + counted sparse-diverse search,256,no_disease_to_disease,medium_confidence,33.0,1.0,0.0,1.0,1.0,1.0,1.0,0.0,1.0,1.0,1.0,1.0,0.0,1.0,1.0,1.0,0.7333333333333334,0.16894279110594412,0.8,0.6,0.8,0.09090909090909091,0.2919371040605711,0.0,0.0,0.0,0.06827899599165628,0.022289449111807386,0.06494005769491196,0.054327428340911865,0.07209406793117523,0.7272727272727274,0.08196049320672195,0.7444444444444445,0.7222222222222222,0.788888888888889,0.7272727272727274,0.08196049320672195,0.7444444444444445,0.7222222222222222,0.788888888888889,0.06744409888756997,0.025603349597921373,0.056689511984586716,0.05088501051068306,0.0815616324543953,0.5532206863523228,0.09289613621342172,0.5319808450203909,0.4854413671637471,0.6299547478821774,0.5532206863523228,0.09289613621342172,0.5319808450203909,0.4854413671637471,0.6299547478821774,0.006060606060606061,0.024230584229877988,0.0,0.0,0.0,0.8763636363636363,0.10670690528903756,0.8600000000000001,0.8,0.9800000000000001,0.8145087235996327,0.06933270081328669,0.8181818181818182,0.7575757575757576,0.8787878787878788,0.8145087235996327,0.06933270081328669,0.8181818181818182,0.7575757575757576,0.8787878787878788,0.9296341043639103,0.028864017088942907,0.9363704351204352,0.9106980519480519,0.9528269647019648,1.0,0.0,1.0,1.0,1.0,4.574142484953909,2.597774324121455,3.3373799324035645,2.748073101043701,6.600898742675781,0.9871244210908944,0.024642489912275252,0.9844090719998349,0.9704780420015595,1.000005808999049,256.0,0.0,256.0,256.0,256.0,4.0,0.0,4.0,4.0,4.0
proposed_dp_eps16_sparse_diverse,Unified DP-CounterGAN epsilon=16 + counted sparse-diverse search,256,no_disease_to_disease,near_boundary,34.0,1.0,0.0,1.0,1.0,1.0,1.0,0.0,1.0,1.0,1.0,1.0,0.0,1.0,1.0,1.0,0.7588235294117647,0.1597681028939046,0.8,0.6,0.875,0.11764705882352941,0.32703497008386456,0.0,0.0,0.0,0.06624457705765963,0.028886036640564546,0.05674271658062935,0.03833866026252508,0.09553278237581253,0.7269607843137255,0.10904760947208889,0.7611111111111112,0.6277777777777778,0.8222222222222223,0.7269607843137255,0.10904760947208889,0.7611111111111112,0.6277777777777778,0.8222222222222223,0.07186627037384931,0.02994988952683324,0.07045801728963852,0.04633787088096142,0.0974893644452095,0.5590985972182229,0.10928063587858561,0.5576493448687789,0.4485559136689204,0.6455763178166218,0.5590985972182229,0.10928063587858561,0.5576493448687789,0.4485559136689204,0.6455763178166218,0.0411764705882353,0.0783064959526213,0.0,0.0,0.07500000000000001,0.8329411764705883,0.18089892392538398,0.9099999999999999,0.73,0.9800000000000001,0.7941176470588234,0.08563826702319086,0.8181818181818182,0.7575757575757576,0.8484848484848485,0.7941176470588234,0.08563826702319086,0.8181818181818182,0.7575757575757576,0.8484848484848485,0.9211328464934365,0.050049255676150366,0.9314332889332889,0.9001973373848373,0.961440301265427,1.0,0.0,1.0,1.0,1.0,5.883077758200028,4.0691442450066875,4.604405164718628,2.46969872713089,8.503059148788452,0.9845307624999109,0.03690385357277414,0.9834612899994681,0.9725981229994431,0.9953107789997375,256.0,0.0,256.0,256.0,256.0,4.0,0.0,4.0,4.0,4.0
proposed_dp_eps16_sparse_diverse,Unified DP-CounterGAN epsilon=16 + counted sparse-diverse search,512,disease_to_no_disease,high_confidence,33.0,1.0,0.0,1.0,1.0,1.0,1.0,0.0,1.0,1.0,1.0,1.0,0.0,1.0,1.0,1.0,0.8242424242424242,0.16776155517263003,0.9,0.7,0.9,0.21212121212121213,0.4151487502672805,0.0,0.0,0.0,0.08614056297775471,0.03741106239230463,0.07509592175483704,0.06214721128344536,0.09813876450061798,0.7136363636363636,0.10502508251532722,0.7277777777777779,0.6611111111111111,0.7833333333333334,0.7136363636363636,0.10502508251532722,0.7277777777777779,0.6611111111111111,0.7833333333333334,0.08358490704135461,0.027423399962776637,0.08052556961774826,0.06359396129846573,0.09590320289134979,0.7409213277024288,0.13864180185023386,0.7253134271826853,0.6780777034732232,0.8614606893332745,0.7409213277024288,0.13864180185023386,0.7253134271826853,0.6780777034732232,0.8614606893332745,0.030303030303030304,0.09514741353831063,0.0,0.0,0.0,0.07696969696969697,0.13324049798402252,0.04,0.0,0.08,0.8907254361799817,0.061517481081521504,0.8787878787878788,0.8484848484848485,0.9393939393939394,0.8907254361799817,0.061517481081521504,0.8787878787878788,0.8484848484848485,0.9393939393939394,0.9409423403730268,0.021908448954591694,0.9429530192030192,0.9263690476190476,0.9536714327339327,1.0,0.0,1.0,1.0,1.0,9.57436659119346,6.507146162708569,7.462894439697266,5.591643333435059,11.679834365844727,2.01338767848475,0.06912725722833958,2.0292693480005255,1.9990492189990618,2.0527982769999653,512.0,0.0,512.0,512.0,512.0,8.0,0.0,8.0,8.0,8.0
proposed_dp_eps16_sparse_diverse,Unified DP-CounterGAN epsilon=16 + counted sparse-diverse search,512,disease_to_no_disease,medium_confidence,33.0,1.0,0.0,1.0,1.0,1.0,1.0,0.0,1.0,1.0,1.0,1.0,0.0,1.0,1.0,1.0,0.806060606060606,0.16382039315091765,0.8,0.7,0.9,0.21212121212121213,0.4151487502672805,0.0,0.0,0.0,0.07078824553525809,0.0213281026101266,0.06338077038526535,0.05487184599041939,0.08526735752820969,0.7707070707070707,0.05752201549942076,0.788888888888889,0.7444444444444445,0.8166666666666668,0.7707070707070707,0.05752201549942076,0.788888888888889,0.7444444444444445,0.8166666666666668,0.07623537268602487,0.025154229138722742,0.06869808584451675,0.05506706237792969,0.08881456404924393,0.6606761224706277,0.1471832511037971,0.6032998620684726,0.5499219923387069,0.7345785478587812,0.6606761224706277,0.1471832511037971,0.6032998620684726,0.5499219923387069,0.7345785478587812,0.05454545454545454,0.12769815261709225,0.0,0.0,0.0,0.12424242424242424,0.16091593890581316,0.06000000000000001,0.0,0.18,0.864095500459137,0.08440128773609594,0.8787878787878788,0.8181818181818182,0.9393939393939394,0.864095500459137,0.08440128773609594,0.8787878787878788,0.8181818181818182,0.9393939393939394,0.926489219769634,0.021974083470418633,0.9252155483405483,0.9125542513042515,0.945959077687019,1.0,0.0,1.0,1.0,1.0,7.49111731485887,5.4260739001698495,5.708991050720215,4.0544538497924805,8.016417503356934,2.007940765121103,0.0619354293635018,2.0167637249996915,1.9722697649995098,2.064392365000458,512.0,0.0,512.0,512.0,512.0,8.0,0.0,8.0,8.0,8.0
proposed_dp_eps16_sparse_diverse,Unified DP-CounterGAN epsilon=16 + counted sparse-diverse search,512,disease_to_no_disease,near_boundary,34.0,1.0,0.0,1.0,1.0,1.0,1.0,0.0,1.0,1.0,1.0,1.0,0.0,1.0,1.0,1.0,0.8147058823529411,0.15788824766976223,0.8,0.7,0.9,0.20588235294117646,0.4104256301219048,0.0,0.0,0.0,0.05573488410343142,0.021438123116752063,0.053481800481677055,0.03754928149282932,0.06358589045703411,0.8209150326797386,0.06021005169069968,0.8361111111111111,0.7875000000000001,0.861111111111111,0.8209150326797386,0.06021005169069968,0.8361111111111111,0.7875000000000001,0.861111111111111,0.060764264315366745,0.02347758215014049,0.051958855241537094,0.042914786376059055,0.07023248448967934,0.5839744464306733,0.14881037278369558,0.571271994928595,0.4957049557738383,0.6134056393839306,0.5839744464306733,0.14881037278369558,0.571271994928595,0.4957049557738383,0.6134056393839306,0.11176470588235292,0.15909727514637637,0.0,0.0,0.2,0.15941176470588236,0.14651385654752186,0.14,0.025,0.23500000000000004,0.82174688057041,0.06275559347114376,0.8181818181818182,0.7878787878787878,0.8484848484848485,0.82174688057041,0.06275559347114376,0.8181818181818182,0.7878787878787878,0.8484848484848485,0.906578547965875,0.024033736962763973,0.9050266053391053,0.8887127976190474,0.9254256507381509,1.0,0.0,1.0,1.0,1.0,7.082466651411617,4.536110200482985,5.762789011001587,3.96151602268219,7.984421610832214,2.003875074852979,0.055796804547126364,2.0134764495005584,1.9622079912498975,2.036549220249526,512.0,0.0,512.0,512.0,512.0,8.0,0.0,8.0,8.0,8.0
proposed_dp_eps16_sparse_diverse,Unified DP-CounterGAN epsilon=16 + counted sparse-diverse search,512,no_disease_to_disease,high_confidence,33.0,1.0,0.0,1.0,1.0,1.0,1.0,0.0,1.0,1.0,1.0,1.0,0.0,1.0,1.0,1.0,0.7636363636363637,0.18677891646640327,0.8,0.6,0.9,0.21212121212121213,0.4151487502672804,0.0,0.0,0.0,0.0720677174853556,0.024563925466590798,0.06663836538791656,0.05759522318840027,0.07300309091806412,0.7382154882154883,0.07339798254805752,0.75,0.7166666666666667,0.7722222222222223,0.7382154882154883,0.07339798254805752,0.75,0.7166666666666667,0.7722222222222223,0.07806232797377037,0.02645100510951357,0.0733918696641922,0.061088159680366516,0.08965924382209778,0.6303408246740705,0.13252513495254772,0.6129552123001026,0.5264998522190336,0.7167065968703306,0.6303408246740705,0.13252513495254772,0.6129552123001026,0.5264998522190336,0.7167065968703306,0.01818181818181818,0.07269175268963397,0.0,0.0,0.0,0.8836363636363636,0.09675414015102218,0.9,0.8400000000000001,0.9600000000000002,0.8714416896235079,0.06014517132713614,0.8787878787878788,0.8181818181818182,0.9090909090909091,0.8714416896235079,0.06014517132713614,0.8787878787878788,0.8181818181818182,0.9090909090909091,0.9253867876560847,0.02809931683413479,0.9312080974580974,0.9126844683094684,0.9423657592407592,1.0,0.0,1.0,1.0,1.0,7.58802892222549,5.132850834884551,5.798841953277588,4.131383895874023,10.280163764953613,2.0340100559393304,0.03445367169237678,2.0306145920003473,2.0123920400001225,2.048845141000129,512.0,0.0,512.0,512.0,512.0,8.0,0.0,8.0,8.0,8.0
proposed_dp_eps16_sparse_diverse,Unified DP-CounterGAN epsilon=16 + counted sparse-diverse search,512,no_disease_to_disease,medium_confidence,33.0,1.0,0.0,1.0,1.0,1.0,1.0,0.0,1.0,1.0,1.0,1.0,0.0,1.0,1.0,1.0,0.6878787878787879,0.19325756090897153,0.7,0.6,0.9,0.09090909090909091,0.2919371040605714,0.0,0.0,0.0,0.061591996613777046,0.020755865245592073,0.059063129127025604,0.04770813509821892,0.06801025569438934,0.780976430976431,0.07242266926053473,0.8111111111111111,0.7555555555555556,0.8277777777777778,0.780976430976431,0.07242266926053473,0.8111111111111111,0.7555555555555556,0.8277777777777778,0.06676780037356145,0.024121410286091424,0.058891672641038895,0.04807114973664284,0.07561605423688889,0.5809961778940705,0.10125989173169658,0.5791544948851912,0.4977232814884858,0.6399692030487458,0.5809961778940705,0.10125989173169658,0.5791544948851912,0.4977232814884858,0.6399692030487458,0.0030303030303030303,0.01740776559556979,0.0,0.0,0.0,0.8739393939393939,0.13100427936568032,0.9400000000000001,0.78,0.9800000000000001,0.8530762167125804,0.07949898069571824,0.8484848484848485,0.8181818181818182,0.9090909090909091,0.8530762167125804,0.07949898069571824,0.8484848484848485,0.8181818181818182,0.9090909090909091,0.9096259329973797,0.03544300059826816,0.908648088023088,0.8934117965367966,0.9279094516594515,1.0,0.0,1.0,1.0,1.0,5.388694261059617,3.3837671932402227,3.4953665733337402,2.8588650226593018,7.393496513366699,2.0131567386665803,0.05256238231231629,2.0103170000002137,1.984563571999388,2.034569510999063,512.0,0.0,512.0,512.0,512.0,8.0,0.0,8.0,8.0,8.0
proposed_dp_eps16_sparse_diverse,Unified DP-CounterGAN epsilon=16 + counted sparse-diverse search,512,no_disease_to_disease,near_boundary,34.0,1.0,0.0,1.0,1.0,1.0,1.0,0.0,1.0,1.0,1.0,1.0,0.0,1.0,1.0,1.0,0.7382352941176471,0.17755017367246648,0.8,0.6,0.875,0.14705882352941177,0.3594906279535709,0.0,0.0,0.0,0.06110998747103354,0.025943287109579768,0.0544878039509058,0.038708788342773914,0.0862340647727251,0.7795751633986928,0.08567114265793309,0.8138888888888889,0.7041666666666667,0.8541666666666666,0.7795751633986928,0.08567114265793309,0.8138888888888889,0.7041666666666667,0.8541666666666666,0.07272794229142807,0.028799208145687795,0.06285676546394825,0.04837716184556484,0.10298295505344868,0.6028042835652233,0.11744443025733797,0.5910118701740243,0.5218925679069759,0.6869180857264776,0.6028042835652233,0.11744443025733797,0.5910118701740243,0.5218925679069759,0.6869180857264776,0.02058823529411765,0.04104256301219047,0.0,0.0,0.0,0.8558823529411764,0.16350549331998315,0.9400000000000001,0.76,0.9800000000000001,0.7852049910873439,0.06852231966870603,0.7878787878787878,0.7348484848484849,0.8409090909090909,0.7852049910873439,0.06852231966870603,0.7878787878787878,0.7348484848484849,0.8409090909090909,0.9050795402258307,0.049167935863946625,0.9142719433344434,0.8701264880952381,0.9455184745809746,1.0,0.0,1.0,1.0,1.0,6.906897765748641,4.704063837736157,5.768167972564697,3.3968307971954346,8.991955280303955,2.0102125375294824,0.03272816888660774,2.0058114725006817,1.9869737554995481,2.0270449460003874,512.0,0.0,512.0,512.0,512.0,8.0,0.0,8.0,8.0,8.0
proposed_dp_eps2_sparse_diverse,Unified DP-CounterGAN epsilon=2 + counted sparse-diverse search,64,disease_to_no_disease,high_confidence,33.0,0.9696969696969697,0.14248870236980302,1.0,1.0,1.0,1.0,0.0,1.0,1.0,1.0,0.9393939393939394,0.24230584229877988,1.0,1.0,1.0,0.8484848484848485,0.2137773551519374,0.9,0.8,1.0,0.45454545454545453,0.5056498968474316,0.0,0.0,1.0,0.115273758317485,0.03462672296017104,0.11541737616062164,0.08415626734495163,0.1397721767425537,0.44419191919191914,0.12496983362146236,0.4111111111111111,0.37777777777777777,0.5444444444444445,0.44419191919191914,0.12496983362146236,0.4111111111111111,0.37777777777777777,0.5444444444444445,0.05042040291609186,0.011588961455858702,0.048271603882312775,0.0410040058195591,0.05810558423399925,0.561879575580762,0.09704265645881176,0.54261512539876,0.49763373329689536,0.6183880707493594,0.561879575580762,0.09704265645881176,0.54261512539876,0.49763373329689536,0.6183880707493594,0.12424242424242424,0.18033008455035832,0.0,0.0,0.2,0.17939393939393938,0.24420712768492484,0.08,0.0,0.2,0.9002613548068095,0.060540907622697634,0.9090909090909091,0.8484848484848485,0.9393939393939394,0.9002613548068095,0.060540907622697634,0.9090909090909091,0.8484848484848485,0.9393939393939394,0.9800350610624451,0.010913263188084518,0.9842867148107424,0.9732609004987101,0.9871919492787183,1.0,0.0,1.0,1.0,1.0,6.976416869597002,4.650085131681893,6.151660442352295,3.2596828937530518,9.372159957885742,0.2402934887877288,0.03163699680084575,0.2478768469991337,0.2415332299988222,0.2504990320012439,64.0,0.0,64.0,64.0,64.0,1.0,0.0,1.0,1.0,1.0
proposed_dp_eps2_sparse_diverse,Unified DP-CounterGAN epsilon=2 + counted sparse-diverse search,64,disease_to_no_disease,medium_confidence,33.0,0.9939393939393939,0.03481553119113958,1.0,1.0,1.0,1.0,0.0,1.0,1.0,1.0,0.9696969696969697,0.17407765595569794,1.0,1.0,1.0,0.8909090909090909,0.1486683312856935,1.0,0.8,1.0,0.5151515151515151,0.5075192189225524,1.0,0.0,1.0,0.10123032929770874,0.03765913145024947,0.09836158901453018,0.06753028929233551,0.12730488181114197,0.5156565656565656,0.1709939090940092,0.5444444444444445,0.36666666666666664,0.65,0.5156565656565656,0.1709939090940092,0.5444444444444445,0.36666666666666664,0.65,0.05515386096455834,0.009740930386342661,0.05390530824661255,0.04762697592377663,0.06162026897072792,0.5315463471062222,0.10032829358434306,0.4910161949758208,0.46550861144709943,0.6173849113580443,0.5315463471062222,0.10032829358434306,0.4910161949758208,0.46550861144709943,0.6173849113580443,0.08181818181818182,0.15094399924836666,0.0,0.0,0.1,0.40469696969696967,0.2506177972591538,0.38,0.2,0.62,0.861093452002543,0.06521435632612285,0.8484848484848485,0.8181818181818182,0.9090909090909091,0.861093452002543,0.06521435632612285,0.8484848484848485,0.8181818181818182,0.9090909090909091,0.9715401377672955,0.018110603988696728,0.9754714664205764,0.9614838531566473,0.9889024968353614,1.0,0.0,1.0,1.0,1.0,6.747521270405162,3.881709801080945,5.686186790466309,3.8087360858917236,8.177434921264648,0.23163763921233607,0.0299817753122754,0.24230223799895612,0.23705980299928342,0.24738183699992078,64.0,0.0,64.0,64.0,64.0,1.0,0.0,1.0,1.0,1.0
proposed_dp_eps2_sparse_diverse,Unified DP-CounterGAN epsilon=2 + counted sparse-diverse search,64,disease_to_no_disease,near_boundary,34.0,1.0,0.0,1.0,1.0,1.0,1.0,0.0,1.0,1.0,1.0,1.0,0.0,1.0,1.0,1.0,0.9,0.1414213562373095,1.0,0.9,1.0,0.5294117647058824,0.5066403971048987,1.0,0.0,1.0,0.09378374389865819,0.03245015723088211,0.09642507135868073,0.0723150260746479,0.11459327675402164,0.5506535947712419,0.13947529207861845,0.5583333333333333,0.4583333333333333,0.6402777777777778,0.5506535947712419,0.13947529207861845,0.5583333333333333,0.4583333333333333,0.6402777777777778,0.056846504483152836,0.013693984457687767,0.05377691984176636,0.047902897000312805,0.06304830685257912,0.481182736765768,0.09447611722861408,0.44592343594054806,0.41729860693172616,0.5469490097043085,0.481182736765768,0.09447611722861408,0.44592343594054806,0.41729860693172616,0.5469490097043085,0.08529411764705883,0.17944755786846306,0.0,0.0,0.0,0.5135294117647059,0.34298937480619796,0.58,0.165,0.78,0.8137254901960783,0.07685426690928843,0.8181818181818182,0.7651515151515151,0.8484848484848485,0.8137254901960783,0.07685426690928843,0.8181818181818182,0.7651515151515151,0.8484848484848485,0.969721726232379,0.01789548161252879,0.9755440761410819,0.9614723000060655,0.9796854935850259,1.0,0.0,1.0,1.0,1.0,6.981452212614172,4.050616468340679,6.553447246551514,3.722208857536316,9.025643467903137,0.24017305341179535,0.022664591416049158,0.24521671749971574,0.24204666824994092,0.24825042900010885,64.0,0.0,64.0,64.0,64.0,1.0,0.0,1.0,1.0,1.0
proposed_dp_eps2_sparse_diverse,Unified DP-CounterGAN epsilon=2 + counted sparse-diverse search,64,no_disease_to_disease,high_confidence,33.0,1.0,0.0,1.0,1.0,1.0,1.0,0.0,1.0,1.0,1.0,1.0,0.0,1.0,1.0,1.0,0.812121212121212,0.12185435916898847,0.8,0.7,0.9,0.12121212121212122,0.3314339826398083,0.0,0.0,0.0,0.08066348697651517,0.021409399403172904,0.07491564005613327,0.06428201496601105,0.09554634988307953,0.5774410774410775,0.0924935286560486,0.5888888888888889,0.5000000000000001,0.6611111111111111,0.5774410774410775,0.0924935286560486,0.5888888888888889,0.5000000000000001,0.6611111111111111,0.06864339711539673,0.013576559415063688,0.06887226551771164,0.056731849908828735,0.0791870653629303,0.5046413434184049,0.07209653121584089,0.493012497497073,0.4558739036276764,0.552834576991635,0.5046413434184049,0.07209653121584089,0.493012497497073,0.4558739036276764,0.552834576991635,0.0303030303030303,0.12370541743606178,0.0,0.0,0.0,0.8703030303030302,0.1533884946892377,0.9199999999999999,0.82,0.9800000000000001,0.8640955004591369,0.06252695108590337,0.8787878787878788,0.8181818181818182,0.9090909090909091,0.8640955004591369,0.06252695108590337,0.8787878787878788,0.8181818181818182,0.9090909090909091,0.9618659153332646,0.013790938568943149,0.96381864008025,0.9540642812415594,0.9731544350042803,1.0,0.0,1.0,1.0,1.0,4.480255683263143,1.6906029246068996,4.289351463317871,3.2842648029327393,5.1538848876953125,0.24734612363637565,0.006991431127809422,0.2470924469998863,0.2429265820010187,0.25013779000073555,64.0,0.0,64.0,64.0,64.0,1.0,0.0,1.0,1.0,1.0
proposed_dp_eps2_sparse_diverse,Unified DP-CounterGAN epsilon=2 + counted sparse-diverse search,64,no_disease_to_disease,medium_confidence,33.0,0.9636363636363636,0.14751733334209796,1.0,1.0,1.0,1.0,0.0,1.0,1.0,1.0,0.9393939393939394,0.2423058422987799,1.0,1.0,1.0,0.7636363636363637,0.21186402157129852,0.8,0.7,0.9,0.15151515151515152,0.36410954062720957,0.0,0.0,0.0,0.0773918776575363,0.023278321080540988,0.06870722025632858,0.06256400048732758,0.09085656702518463,0.6058922558922559,0.09859095445342543,0.6222222222222222,0.5333333333333334,0.6777777777777778,0.6058922558922559,0.09859095445342543,0.6222222222222222,0.5333333333333334,0.6777777777777778,0.0691229531710798,0.01307956189902781,0.06683225929737091,0.06227032467722893,0.08014969527721405,0.5013197747027358,0.07170931048235143,0.49679834201869466,0.4540451724982029,0.5565134589519675,0.5013197747027358,0.07170931048235143,0.49679834201869466,0.4540451724982029,0.5565134589519675,0.02222222222222222,0.06955546680860505,0.0,0.0,0.0,0.8622222222222222,0.1639754950075253,0.9333333333333332,0.8,0.9800000000000001,0.8625650443832261,0.057365517768781425,0.8787878787878788,0.8181818181818182,0.9090909090909091,0.8625650443832261,0.057365517768781425,0.8787878787878788,0.8181818181818182,0.9090909090909091,0.9559752537373616,0.01814209512911933,0.9550407231657232,0.9455932625166371,0.9684056221556222,1.0,0.0,1.0,1.0,1.0,4.414711406736663,2.3370093415548134,4.101723670959473,2.7084076404571533,5.3409857749938965,0.2449038014849176,0.008472379358933652,0.24298015000022133,0.23914387799959513,0.24849148800058174,64.0,0.0,64.0,64.0,64.0,1.0,0.0,1.0,1.0,1.0
proposed_dp_eps2_sparse_diverse,Unified DP-CounterGAN epsilon=2 + counted sparse-diverse search,64,no_disease_to_disease,near_boundary,34.0,0.9705882352941176,0.10307223640730596,1.0,1.0,1.0,1.0,0.0,1.0,1.0,1.0,0.9117647058823529,0.2879022412812364,1.0,1.0,1.0,0.711764705882353,0.19190386779362553,0.7,0.6,0.8,0.11764705882352941,0.32703497008386434,0.0,0.0,0.0,0.07249152660369873,0.017248882478029214,0.06948661431670189,0.05790848471224308,0.08710722625255585,0.6185340802987862,0.08465237538912808,0.6138888888888889,0.5499999999999999,0.6888888888888889,0.6185340802987862,0.08465237538912808,0.6138888888888889,0.5499999999999999,0.6888888888888889,0.06790501142249387,0.010388989098447262,0.06966432556509972,0.061978342942893505,0.07588235102593899,0.5063233630843821,0.0735247949806722,0.4825205116848124,0.45748065645486585,0.5555581709512388,0.5063233630843821,0.0735247949806722,0.4825205116848124,0.45748065645486585,0.5555581709512388,0.011764705882352941,0.04093384079998046,0.0,0.0,0.0,0.7825,0.19918108861186112,0.84,0.58,0.955,0.7648542952802587,0.08314451190848618,0.7575757575757576,0.6986531986531987,0.8181818181818182,0.7648542952802587,0.08314451190848618,0.7575757575757576,0.6986531986531987,0.8181818181818182,0.952506468948345,0.024657325649969145,0.957758852613245,0.9383637264599437,0.9711498461870947,1.0,0.0,1.0,1.0,1.0,3.4815414793351116,1.3349806322320048,3.209205985069275,2.5069251656532288,4.49373459815979,0.24922874555859914,0.011512625362893646,0.24633703349900316,0.2427071217507546,0.2504334910004218,64.0,0.0,64.0,64.0,64.0,1.0,0.0,1.0,1.0,1.0
proposed_dp_eps2_sparse_diverse,Unified DP-CounterGAN epsilon=2 + counted sparse-diverse search,128,disease_to_no_disease,high_confidence,33.0,1.0,0.0,1.0,1.0,1.0,1.0,0.0,1.0,1.0,1.0,1.0,0.0,1.0,1.0,1.0,0.9242424242424242,0.08671181807538918,0.9,0.9,1.0,0.42424242424242425,0.5018903659106633,0.0,0.0,1.0,0.11787080426107753,0.035663358200980995,0.11421527713537216,0.09201059490442276,0.14231106638908386,0.5166666666666667,0.11246570121871506,0.5222222222222224,0.4444444444444445,0.5888888888888888,0.5166666666666667,0.11246570121871506,0.5222222222222224,0.4444444444444445,0.5888888888888888,0.0841787068003958,0.022917560760304646,0.08608511835336685,0.06435620784759521,0.10088972747325897,0.6480899667025148,0.09797430893057826,0.65000411989979,0.5865637667422654,0.6991197329483165,0.6480899667025148,0.09797430893057826,0.65000411989979,0.5865637667422654,0.6991197329483165,0.08484848484848484,0.12530266388133007,0.0,0.0,0.1,0.1878787878787879,0.19189446278745212,0.13999999999999999,0.02,0.30000000000000004,0.8943985307621671,0.0562451977958343,0.9090909090909091,0.8484848484848485,0.9393939393939394,0.8943985307621671,0.0562451977958343,0.9090909090909091,0.8484848484848485,0.9393939393939394,0.97409627405249,0.012459334994033698,0.9766145589017107,0.9685516180156274,0.9820998472351447,1.0,0.0,1.0,1.0,1.0,8.566913893728545,3.8745258733728147,8.625066757202148,5.768332004547119,9.996702194213867,0.502677850363508,0.02254487612925254,0.5016696170005162,0.4925079499989806,0.5109902129988768,128.0,0.0,128.0,128.0,128.0,2.0,0.0,2.0,2.0,2.0
proposed_dp_eps2_sparse_diverse,Unified DP-CounterGAN epsilon=2 + counted sparse-diverse search,128,disease_to_no_disease,medium_confidence,33.0,1.0,0.0,1.0,1.0,1.0,1.0,0.0,1.0,1.0,1.0,1.0,0.0,1.0,1.0,1.0,0.903030303030303,0.12620630056788093,1.0,0.8,1.0,0.5454545454545454,0.5056498968474316,1.0,0.0,1.0,0.09671972477526376,0.03654710895374946,0.09498444199562073,0.06830493360757828,0.12469859421253204,0.6062289562289563,0.13917163979635522,0.6111111111111112,0.49444444444444446,0.7277777777777779,0.6062289562289563,0.13917163979635522,0.6111111111111112,0.49444444444444446,0.7277777777777779,0.07508128813721916,0.030634665011929595,0.06431034207344055,0.049135319888591766,0.0880010798573494,0.6082406652235682,0.09009888836821375,0.6095705188334073,0.5308420737240475,0.6781659849713373,0.6082406652235682,0.09009888836821375,0.6095705188334073,0.5308420737240475,0.6781659849713373,0.05151515151515152,0.12278337662630719,0.0,0.0,0.0,0.36363636363636365,0.24379574162885545,0.3,0.19999999999999998,0.56,0.8631772268135904,0.0727119665558463,0.8787878787878788,0.8181818181818182,0.9090909090909091,0.8631772268135904,0.0727119665558463,0.8787878787878788,0.8181818181818182,0.9090909090909091,0.960254559675913,0.02208371235511021,0.9679157015370251,0.9431359612609613,0.9814214977909202,1.0,0.0,1.0,1.0,1.0,7.059509869777795,4.5172038213375725,6.5876922607421875,3.4934298992156982,9.421064376831055,0.4792747132119764,0.04189957944743933,0.4848729059995094,0.4798431379986141,0.5036631700004364,128.0,0.0,128.0,128.0,128.0,2.0,0.0,2.0,2.0,2.0
proposed_dp_eps2_sparse_diverse,Unified DP-CounterGAN epsilon=2 + counted sparse-diverse search,128,disease_to_no_disease,near_boundary,34.0,1.0,0.0,1.0,1.0,1.0,1.0,0.0,1.0,1.0,1.0,1.0,0.0,1.0,1.0,1.0,0.8941176470588236,0.12778100696015213,0.9,0.8,1.0,0.47058823529411764,0.5066403971048987,0.0,0.0,1.0,0.08822872412993628,0.0320054419580263,0.0874251201748848,0.06440338864922523,0.1103074736893177,0.6312091503267974,0.11300585407964832,0.638888888888889,0.5638888888888889,0.7041666666666667,0.6312091503267974,0.11300585407964832,0.638888888888889,0.5638888888888889,0.7041666666666667,0.06953046766712385,0.02309626848015737,0.0654221698641777,0.05262185912579298,0.08605915866792202,0.5396876193713944,0.10273036446540484,0.49216077035123695,0.4651276887033034,0.6196805523135825,0.5396876193713944,0.10273036446540484,0.49216077035123695,0.4651276887033034,0.6196805523135825,0.07941176470588236,0.14308169263217577,0.0,0.0,0.1,0.5035294117647058,0.32445649055035025,0.54,0.24500000000000005,0.8,0.8235294117647058,0.07289183564095425,0.8181818181818182,0.7575757575757576,0.8787878787878788,0.8235294117647058,0.07289183564095425,0.8181818181818182,0.7575757575757576,0.8787878787878788,0.956940859766335,0.023335550561412753,0.9631725556972268,0.9480968602475955,0.9705723429262517,1.0,0.0,1.0,1.0,1.0,7.855428583481732,4.278350734516839,6.855937957763672,4.839948415756226,10.749683618545532,0.49078191338241384,0.03151804794561436,0.4976034060005077,0.48750095524974313,0.5051038879998941,128.0,0.0,128.0,128.0,128.0,2.0,0.0,2.0,2.0,2.0
proposed_dp_eps2_sparse_diverse,Unified DP-CounterGAN epsilon=2 + counted sparse-diverse search,128,no_disease_to_disease,high_confidence,33.0,1.0,0.0,1.0,1.0,1.0,1.0,0.0,1.0,1.0,1.0,1.0,0.0,1.0,1.0,1.0,0.7636363636363637,0.15972277118921913,0.8,0.7,0.9,0.06060606060606061,0.24230584229877988,0.0,0.0,0.0,0.078453204735662,0.022817685693994467,0.07991418987512589,0.058445096015930176,0.09446452558040619,0.6254208754208754,0.09233792840875739,0.6166666666666667,0.5722222222222222,0.7166666666666667,0.6254208754208754,0.09233792840875739,0.6166666666666667,0.5722222222222222,0.7166666666666667,0.07577156501285957,0.019649126620101678,0.07747571170330048,0.06216588616371155,0.09072554856538773,0.5351615763461808,0.0890829848713268,0.5360580349058897,0.47211124852686204,0.590724413388521,0.5351615763461808,0.0890829848713268,0.5360580349058897,0.47211124852686204,0.590724413388521,0.030303030303030304,0.08472325715546054,0.0,0.0,0.0,0.8690909090909091,0.13666481890842547,0.9,0.82,0.9800000000000001,0.8484848484848485,0.103873554551531,0.8787878787878788,0.8181818181818182,0.9090909090909091,0.8484848484848485,0.103873554551531,0.8787878787878788,0.8181818181818182,0.9090909090909091,0.9551934200799482,0.01710147641121334,0.9571786082854195,0.9428830891330892,0.968932363216419,1.0,0.0,1.0,1.0,1.0,5.147529504515908,2.792166283296099,4.387308597564697,3.163719415664673,6.190732002258301,0.4961934921514264,0.018115896819741125,0.496032027000183,0.4885918380005023,0.5024945139994088,128.0,0.0,128.0,128.0,128.0,2.0,0.0,2.0,2.0,2.0
proposed_dp_eps2_sparse_diverse,Unified DP-CounterGAN epsilon=2 + counted sparse-diverse search,128,no_disease_to_disease,medium_confidence,33.0,1.0,0.0,1.0,1.0,1.0,1.0,0.0,1.0,1.0,1.0,1.0,0.0,1.0,1.0,1.0,0.7545454545454545,0.1660024643847741,0.7,0.7,0.9,0.21212121212121213,0.41514875026728043,0.0,0.0,0.0,0.07463698303609183,0.019469405693991637,0.0677846223115921,0.05764927342534065,0.0889236256480217,0.6515151515151516,0.07821396449755148,0.6777777777777777,0.5944444444444444,0.7111111111111111,0.6515151515151516,0.07821396449755148,0.6777777777777777,0.5944444444444444,0.7111111111111111,0.0752804001623934,0.016651778201290147,0.07278870791196823,0.06383629888296127,0.08726777881383896,0.5251169501494135,0.0848135491740529,0.5317689143002935,0.4614758715203446,0.5797456366335632,0.5251169501494135,0.0848135491740529,0.5317689143002935,0.4614758715203446,0.5797456366335632,0.012121212121212121,0.054529669433115456,0.0,0.0,0.0,0.8612121212121212,0.15032792438028558,0.9199999999999999,0.8,0.9600000000000002,0.8025711662075299,0.08871118705393184,0.7878787878787878,0.7575757575757576,0.8787878787878788,0.8025711662075299,0.08871118705393184,0.7878787878787878,0.7575757575757576,0.8787878787878788,0.9471274377667925,0.020148038839385037,0.9489002664002666,0.9350806832056833,0.965243205904003,1.0,0.0,1.0,1.0,1.0,4.759209708733992,2.595400452699659,4.613390922546387,2.9603111743927,5.68899393081665,0.4912300438786174,0.015268851350677171,0.49170283999956155,0.48497249799947895,0.5002076910004689,128.0,0.0,128.0,128.0,128.0,2.0,0.0,2.0,2.0,2.0
proposed_dp_eps2_sparse_diverse,Unified DP-CounterGAN epsilon=2 + counted sparse-diverse search,128,no_disease_to_disease,near_boundary,34.0,1.0,0.0,1.0,1.0,1.0,1.0,0.0,1.0,1.0,1.0,1.0,0.0,1.0,1.0,1.0,0.7588235294117647,0.17076946547518657,0.8,0.7,0.9,0.11764705882352941,0.32703497008386434,0.0,0.0,0.0,0.0644348010639934,0.016314214230327247,0.06204982288181782,0.05154695827513933,0.07249152846634388,0.6852941176470589,0.07226601046223532,0.6833333333333333,0.6347222222222222,0.7527777777777779,0.6852941176470589,0.07226601046223532,0.6833333333333333,0.6347222222222222,0.7527777777777779,0.07250519217375447,0.015807265238050608,0.06857230886816978,0.06086692865937948,0.08360196463763714,0.5252955884685867,0.08587539196389683,0.4989095823121197,0.4581121078176171,0.6015904064432722,0.5252955884685867,0.08587539196389683,0.4989095823121197,0.4581121078176171,0.6015904064432722,0.011764705882352941,0.03270349700838643,0.0,0.0,0.0,0.786470588235294,0.16268359983166392,0.8,0.65,0.955,0.8012477718360071,0.07759612065967077,0.8181818181818182,0.7272727272727273,0.8712121212121212,0.8012477718360071,0.07759612065967077,0.8181818181818182,0.7272727272727273,0.8712121212121212,0.936025738166284,0.028276000271895765,0.9435191601227364,0.924126116938617,0.9571541877240408,1.0,0.0,1.0,1.0,1.0,3.935997149523567,1.4380317396991749,3.783087730407715,3.2415056824684143,4.608322501182556,0.49078895705861214,0.018416797915183972,0.4897472264992757,0.4821447092499511,0.49970189099894924,128.0,0.0,128.0,128.0,128.0,2.0,0.0,2.0,2.0,2.0
proposed_dp_eps2_sparse_diverse,Unified DP-CounterGAN epsilon=2 + counted sparse-diverse search,256,disease_to_no_disease,high_confidence,33.0,1.0,0.0,1.0,1.0,1.0,1.0,0.0,1.0,1.0,1.0,1.0,0.0,1.0,1.0,1.0,0.9242424242424241,0.09692233691951196,1.0,0.9,1.0,0.5454545454545454,0.5056498968474316,1.0,0.0,1.0,0.11162029793768218,0.032881828476122844,0.11024443805217743,0.08146202564239502,0.13403315842151642,0.6072390572390572,0.10500114682358767,0.611111111111111,0.5444444444444445,0.688888888888889,0.6072390572390572,0.10500114682358767,0.611111111111111,0.5444444444444445,0.688888888888889,0.09884490456544992,0.030791653006592652,0.1041368618607521,0.07548553496599197,0.12104075402021408,0.7370037705327108,0.11936454745933087,0.7414495219029889,0.6571130894413473,0.8182405108263702,0.7370037705327108,0.11936454745933087,0.7414495219029889,0.6571130894413473,0.8182405108263702,0.08181818181818182,0.12858495599832395,0.0,0.0,0.2,0.1690909090909091,0.15363031187650672,0.14,0.04,0.24000000000000005,0.8980716253443525,0.05453397491688473,0.9090909090909091,0.8484848484848485,0.9393939393939394,0.8980716253443525,0.05453397491688473,0.9090909090909091,0.8484848484848485,0.9393939393939394,0.9629468234280786,0.01659657357926363,0.9659282302664656,0.9511288711288712,0.9750307447540421,1.0,0.0,1.0,1.0,1.0,11.030888384038752,4.514221317211327,10.091806411743164,8.411227226257324,13.957098007202148,1.0006769911514395,0.057402145007237865,1.0061430130008375,0.9854631250000239,1.0262150669987022,256.0,0.0,256.0,256.0,256.0,4.0,0.0,4.0,4.0,4.0
proposed_dp_eps2_sparse_diverse,Unified DP-CounterGAN epsilon=2 + counted sparse-diverse search,256,disease_to_no_disease,medium_confidence,33.0,1.0,0.0,1.0,1.0,1.0,1.0,0.0,1.0,1.0,1.0,1.0,0.0,1.0,1.0,1.0,0.8939393939393939,0.13679225567305045,0.9,0.8,1.0,0.48484848484848486,0.5075192189225524,0.0,0.0,1.0,0.0925803379804799,0.032715296110256906,0.09472797811031342,0.0692538470029831,0.11803561449050903,0.6759259259259259,0.09968765520776908,0.6888888888888889,0.6055555555555555,0.7555555555555556,0.6759259259259259,0.09968765520776908,0.6888888888888889,0.6055555555555555,0.7555555555555556,0.08297958710428441,0.03551052578758098,0.06890543550252914,0.05867517739534378,0.10709864646196365,0.6682557570719652,0.11324782835709762,0.6528641042531214,0.5915036740454919,0.7281450255536315,0.6682557570719652,0.11324782835709762,0.6528641042531214,0.5915036740454919,0.7281450255536315,0.06666666666666667,0.12909944487358052,0.0,0.0,0.0,0.34242424242424246,0.24437458827369798,0.33999999999999997,0.14,0.48,0.8751147842056934,0.0609637059895345,0.8787878787878788,0.8181818181818182,0.9090909090909091,0.8751147842056934,0.0609637059895345,0.8787878787878788,0.8181818181818182,0.9090909090909091,0.9532352027683018,0.018417327282234976,0.9515331196581196,0.9389502164502165,0.9688758484162896,1.0,0.0,1.0,1.0,1.0,8.362409765070135,4.715723417615043,7.068538665771484,4.47805118560791,10.948740005493164,0.9926967592424868,0.051252815520735386,1.0017041749997588,0.9765312010003981,1.018967870000779,256.0,0.0,256.0,256.0,256.0,4.0,0.0,4.0,4.0,4.0
proposed_dp_eps2_sparse_diverse,Unified DP-CounterGAN epsilon=2 + counted sparse-diverse search,256,disease_to_no_disease,near_boundary,34.0,1.0,0.0,1.0,1.0,1.0,1.0,0.0,1.0,1.0,1.0,1.0,0.0,1.0,1.0,1.0,0.8735294117647059,0.15037090210424187,0.9,0.8,1.0,0.38235294117647056,0.49327021805638166,0.0,0.0,1.0,0.07851932794951341,0.02862792236451165,0.07948144152760506,0.05374905560165644,0.09678727947175503,0.7151960784313727,0.0857212181546558,0.7222222222222223,0.6722222222222222,0.7708333333333334,0.7151960784313727,0.0857212181546558,0.7222222222222223,0.6722222222222222,0.7708333333333334,0.07560982423670151,0.02803804809667487,0.07190273329615593,0.0558466911315918,0.09173871949315071,0.5952633474167113,0.10295595122930687,0.5857802293954514,0.518215425117853,0.676834893513053,0.5952633474167113,0.10295595122930687,0.5857802293954514,0.518215425117853,0.676834893513053,0.05,0.11078234188139947,0.0,0.0,0.0,0.4158823529411765,0.29248276454849825,0.4,0.165,0.695,0.8074866310160429,0.0859958993610368,0.8181818181818182,0.7575757575757576,0.8712121212121212,0.8074866310160429,0.0859958993610368,0.8181818181818182,0.7575757575757576,0.8712121212121212,0.94079447402089,0.0247263853225378,0.9413386613386614,0.9328832217618982,0.9574309197746697,1.0,0.0,1.0,1.0,1.0,8.281292789122638,4.361318881898154,7.5377585887908936,5.680580019950867,9.609677076339722,0.9870212945294738,0.04779921546495195,0.9980768595000882,0.9829267652503404,1.014254983249657,256.0,0.0,256.0,256.0,256.0,4.0,0.0,4.0,4.0,4.0
proposed_dp_eps2_sparse_diverse,Unified DP-CounterGAN epsilon=2 + counted sparse-diverse search,256,no_disease_to_disease,high_confidence,33.0,1.0,0.0,1.0,1.0,1.0,1.0,0.0,1.0,1.0,1.0,1.0,0.0,1.0,1.0,1.0,0.7848484848484848,0.14815788057257562,0.8,0.7,0.9,0.15151515151515152,0.36410954062720957,0.0,0.0,0.0,0.07198655503717336,0.02062427350545843,0.06664582341909409,0.05728364735841751,0.09288377314805984,0.6915824915824916,0.06672626404576708,0.6944444444444445,0.65,0.7388888888888889,0.6915824915824916,0.06672626404576708,0.6944444444444445,0.65,0.7388888888888889,0.0778531977398829,0.02088726857680138,0.07468374073505402,0.06528930366039276,0.09483759850263596,0.5666471471509034,0.10103590282949007,0.5575219570084641,0.490131419178768,0.6563618986265126,0.5666471471509034,0.10103590282949007,0.5575219570084641,0.490131419178768,0.6563618986265126,0.027272727272727275,0.13980505908390636,0.0,0.0,0.0,0.8703030303030304,0.1575691286484453,0.9400000000000001,0.78,0.9800000000000001,0.8539944903581268,0.06448502713370312,0.8787878787878788,0.8181818181818182,0.9090909090909091,0.8539944903581268,0.06448502713370312,0.8787878787878788,0.8181818181818182,0.9090909090909091,0.9409801322883578,0.022238320666368293,0.9487205745535855,0.9236850302475302,0.9568572644675586,1.0,0.0,1.0,1.0,1.0,5.2953461589235244,2.913089085601285,4.486577033996582,2.8851656913757324,7.213310241699219,1.007464660302999,0.02204623960585385,1.006744295000317,0.9867202659988834,1.0264579080012481,256.0,0.0,256.0,256.0,256.0,4.0,0.0,4.0,4.0,4.0
proposed_dp_eps2_sparse_diverse,Unified DP-CounterGAN epsilon=2 + counted sparse-diverse search,256,no_disease_to_disease,medium_confidence,33.0,1.0,0.0,1.0,1.0,1.0,1.0,0.0,1.0,1.0,1.0,1.0,0.0,1.0,1.0,1.0,0.793939393939394,0.2030076875690209,0.8,0.7,1.0,0.2727272727272727,0.4522670168666456,0.0,0.0,1.0,0.06806923878012282,0.02052177361641966,0.060863398015499115,0.05425209552049637,0.08360491693019867,0.7114478114478114,0.06909550380246479,0.7222222222222223,0.6555555555555556,0.7611111111111112,0.7114478114478114,0.06909550380246479,0.7222222222222223,0.6555555555555556,0.7611111111111112,0.07255194245865851,0.018972609856709153,0.06935492902994156,0.05825028941035271,0.08287695050239563,0.5461909799514918,0.10047783758976422,0.541091546911928,0.4678059845100046,0.6303782078828993,0.5461909799514918,0.10047783758976422,0.541091546911928,0.4678059845100046,0.6303782078828993,0.015151515151515152,0.04416738135499518,0.0,0.0,0.0,0.8424242424242424,0.13917233702837425,0.86,0.76,0.96,0.8503213957759411,0.07760600807691784,0.8787878787878788,0.8181818181818182,0.9090909090909091,0.8503213957759411,0.07760600807691784,0.8787878787878788,0.8181818181818182,0.9090909090909091,0.9368744318813803,0.02230587889730343,0.9426435390589802,0.9244862776112777,0.9538325563325565,1.0,0.0,1.0,1.0,1.0,4.90177272124724,2.883535475304782,4.455197811126709,2.9030110836029053,6.0556321144104,1.000751896515243,0.02837804581047358,0.993941419001203,0.9815228970001044,1.0183682480001153,256.0,0.0,256.0,256.0,256.0,4.0,0.0,4.0,4.0,4.0
proposed_dp_eps2_sparse_diverse,Unified DP-CounterGAN epsilon=2 + counted sparse-diverse search,256,no_disease_to_disease,near_boundary,34.0,1.0,0.0,1.0,1.0,1.0,1.0,0.0,1.0,1.0,1.0,1.0,0.0,1.0,1.0,1.0,0.7029411764705883,0.18665361553560483,0.7,0.6,0.8,0.029411764705882353,0.17149858514250882,0.0,0.0,0.0,0.056421036558116186,0.013228599498452643,0.05631440691649914,0.04456857964396477,0.0636330097913742,0.7452614379084967,0.0639328988067478,0.7583333333333333,0.6902777777777778,0.8027777777777778,0.7452614379084967,0.0639328988067478,0.7583333333333333,0.6902777777777778,0.8027777777777778,0.06915884223930976,0.01775254707401825,0.06449005380272865,0.05765475519001484,0.07978274300694466,0.5382802660242971,0.11072659604867258,0.4893155606231818,0.4576548292069017,0.6191473338029447,0.5382802660242971,0.11072659604867258,0.4893155606231818,0.4576548292069017,0.6191473338029447,0.017647058823529415,0.038695299497594746,0.0,0.0,0.0,0.79,0.16618718909164396,0.81,0.6849999999999999,0.955,0.7914438502673797,0.08265723089416863,0.7878787878787878,0.7272727272727273,0.8484848484848485,0.7914438502673797,0.08265723089416863,0.7878787878787878,0.7272727272727273,0.8484848484848485,0.9223294316635124,0.03648697460015239,0.9315871281496281,0.9012511273448773,0.9491392635142634,1.0,0.0,1.0,1.0,1.0,4.427392740460003,2.1843598168436213,3.778746008872986,3.0165894627571106,5.661800265312195,0.9878828355292759,0.028118640239789477,0.9881185555004777,0.9747155142495103,1.0053211790004752,256.0,0.0,256.0,256.0,256.0,4.0,0.0,4.0,4.0,4.0
proposed_dp_eps2_sparse_diverse,Unified DP-CounterGAN epsilon=2 + counted sparse-diverse search,512,disease_to_no_disease,high_confidence,33.0,1.0,0.0,1.0,1.0,1.0,1.0,0.0,1.0,1.0,1.0,1.0,0.0,1.0,1.0,1.0,0.8939393939393938,0.11163387125832917,0.9,0.8,1.0,0.42424242424242425,0.5018903659106633,0.0,0.0,1.0,0.10042873871597377,0.03709027049188254,0.08851784467697144,0.07397884875535965,0.12155237048864365,0.7025252525252526,0.10440796966798462,0.7277777777777779,0.6722222222222223,0.7777777777777779,0.7025252525252526,0.10440796966798462,0.7277777777777779,0.6722222222222223,0.7777777777777779,0.09327598378965349,0.03189577734590713,0.09346748888492584,0.06673213839530945,0.11359769105911255,0.7818858409936028,0.1380948180561415,0.7615482421872836,0.6691115784351566,0.8910583194730315,0.7818858409936028,0.1380948180561415,0.7615482421872836,0.6691115784351566,0.8910583194730315,0.04848484848484849,0.09394550322265334,0.0,0.0,0.1,0.1109090909090909,0.13902256193608545,0.06000000000000001,0.0,0.14,0.898989898989899,0.0627767822962427,0.9090909090909091,0.8787878787878788,0.9393939393939394,0.898989898989899,0.0627767822962427,0.9090909090909091,0.8787878787878788,0.9393939393939394,0.9433452055262781,0.020507472305086705,0.9438347763347764,0.9301051032301032,0.9546368908868909,1.0,0.0,1.0,1.0,1.0,11.58079247041182,6.778719319944406,9.860987663269043,7.27670955657959,12.577568054199219,2.0420829227272903,0.11030175566739332,2.0594789900005708,2.036281881000832,2.100599560999399,512.0,0.0,512.0,512.0,512.0,8.0,0.0,8.0,8.0,8.0
proposed_dp_eps2_sparse_diverse,Unified DP-CounterGAN epsilon=2 + counted sparse-diverse search,512,disease_to_no_disease,medium_confidence,33.0,1.0,0.0,1.0,1.0,1.0,1.0,0.0,1.0,1.0,1.0,1.0,0.0,1.0,1.0,1.0,0.8424242424242424,0.14367998953904262,0.9,0.8,0.9,0.18181818181818182,0.39167472590032,0.0,0.0,0.0,0.07892335014361324,0.026759559104940836,0.07436816394329071,0.0631670281291008,0.09465333074331284,0.7727272727272728,0.07708475519664154,0.8055555555555556,0.7444444444444445,0.8222222222222223,0.7727272727272728,0.07708475519664154,0.8055555555555556,0.7444444444444445,0.8222222222222223,0.07540207390080798,0.0313710353607234,0.06302061676979065,0.05621872469782829,0.08714283257722855,0.6949574880724719,0.12011878457150402,0.6647361136900714,0.6173743315886683,0.7255820930822627,0.6949574880724719,0.12011878457150402,0.6647361136900714,0.6173743315886683,0.7255820930822627,0.06363636363636364,0.12702898738620108,0.0,0.0,0.0,0.21757575757575756,0.16169087603801086,0.2,0.08,0.3,0.8650137741046833,0.06342447999913386,0.8787878787878788,0.8181818181818182,0.9090909090909091,0.8650137741046833,0.06342447999913386,0.8787878787878788,0.8181818181818182,0.9090909090909091,0.9247062511654934,0.025588500493434304,0.9232553557553558,0.9096960678210679,0.9433570596070595,1.0,0.0,1.0,1.0,1.0,8.131486076297183,4.795981528391088,7.284773826599121,4.63970422744751,10.475889205932617,2.0109340335758326,0.07444704857131221,2.021238554001684,2.0007812610001565,2.0498888740003167,512.0,0.0,512.0,512.0,512.0,8.0,0.0,8.0,8.0,8.0
proposed_dp_eps2_sparse_diverse,Unified DP-CounterGAN epsilon=2 + counted sparse-diverse search,512,disease_to_no_disease,near_boundary,34.0,1.0,0.0,1.0,1.0,1.0,1.0,0.0,1.0,1.0,1.0,1.0,0.0,1.0,1.0,1.0,0.8558823529411764,0.12356123857886982,0.9,0.8,0.9,0.23529411764705882,0.4305615452020461,0.0,0.0,0.0,0.057848596835837644,0.017211648839316685,0.061395514756441116,0.04317219089716673,0.07060758396983147,0.8165032679738563,0.054595840045864215,0.8250000000000001,0.7972222222222223,0.8527777777777777,0.8165032679738563,0.054595840045864215,0.8250000000000001,0.7972222222222223,0.8527777777777777,0.059960363487548685,0.018115939579012568,0.05500086210668087,0.04801988881081343,0.06781409122049809,0.5981531692033961,0.11116711841056723,0.6000884758332499,0.5165720145493113,0.669007440877542,0.5981531692033961,0.11116711841056723,0.6000884758332499,0.5165720145493113,0.669007440877542,0.07941176470588236,0.12739680735428252,0.0,0.0,0.1,0.2658823529411765,0.18957876186923378,0.25,0.07,0.43000000000000005,0.8226381461675579,0.0775750232909666,0.8181818181818182,0.7651515151515151,0.8712121212121212,0.8226381461675579,0.0775750232909666,0.8181818181818182,0.7651515151515151,0.8712121212121212,0.9097425088582778,0.02321509038306025,0.9048304473304474,0.8949463383838382,0.9296311327561327,1.0,0.0,1.0,1.0,1.0,7.153364174506244,3.0298491007035095,7.00455904006958,5.163719534873962,8.847179412841797,2.0222037818234107,0.08654503874532943,2.0265815610000573,1.9957944302500437,2.0717370415004552,512.0,0.0,512.0,512.0,512.0,8.0,0.0,8.0,8.0,8.0
proposed_dp_eps2_sparse_diverse,Unified DP-CounterGAN epsilon=2 + counted sparse-diverse search,512,no_disease_to_disease,high_confidence,33.0,1.0,0.0,1.0,1.0,1.0,1.0,0.0,1.0,1.0,1.0,1.0,0.0,1.0,1.0,1.0,0.7787878787878788,0.18158602602756868,0.8,0.7,0.9,0.24242424242424243,0.4351941398892446,0.0,0.0,0.0,0.06659931960431012,0.02114738030134383,0.06585574150085449,0.05050994083285332,0.07875122129917145,0.7372053872053872,0.06233751793992593,0.7333333333333334,0.6944444444444444,0.7777777777777778,0.7372053872053872,0.06233751793992593,0.7333333333333334,0.6944444444444444,0.7777777777777778,0.07790518473043587,0.024103956137470194,0.0766327828168869,0.062110695987939835,0.09144489467144012,0.579804915797778,0.10959378759460028,0.5532753580660297,0.48754117922707724,0.6552390239068011,0.579804915797778,0.10959378759460028,0.5532753580660297,0.48754117922707724,0.6552390239068011,0.03333333333333333,0.10801234497346437,0.0,0.0,0.0,0.8727272727272728,0.1573863226124003,0.9200000000000002,0.8400000000000001,0.9800000000000001,0.8457300275482094,0.0813692920145257,0.8787878787878788,0.7878787878787878,0.9090909090909091,0.8457300275482094,0.0813692920145257,0.8787878787878788,0.7878787878787878,0.9090909090909091,0.9273954726565196,0.028569781144832773,0.9342754467754467,0.9175861638361636,0.9481567044067045,1.0,0.0,1.0,1.0,1.0,6.1152713804533985,4.032864133526009,5.153115272521973,3.1059226989746094,8.469343185424805,2.0620880185150314,0.03562481652098319,2.059882498000661,2.039637493000555,2.0888925709987234,512.0,0.0,512.0,512.0,512.0,8.0,0.0,8.0,8.0,8.0
proposed_dp_eps2_sparse_diverse,Unified DP-CounterGAN epsilon=2 + counted sparse-diverse search,512,no_disease_to_disease,medium_confidence,33.0,1.0,0.0,1.0,1.0,1.0,1.0,0.0,1.0,1.0,1.0,1.0,0.0,1.0,1.0,1.0,0.7454545454545455,0.18215877190467167,0.8,0.6,0.9,0.15151515151515152,0.3641095406272096,0.0,0.0,0.0,0.061494658616456116,0.015477799456904725,0.058262258768081665,0.05003394931554794,0.06737954914569855,0.7676767676767676,0.049309556673621045,0.7722222222222223,0.7388888888888889,0.8055555555555556,0.7676767676767676,0.049309556673621045,0.7722222222222223,0.7388888888888889,0.8055555555555556,0.07388204020081145,0.0193754255435226,0.06968719512224197,0.05768734961748123,0.09299474209547043,0.5672857980791465,0.10313802398427982,0.5456499918204867,0.4959936147452799,0.643801273352331,0.5672857980791465,0.10313802398427982,0.5456499918204867,0.4959936147452799,0.643801273352331,0.01818181818181818,0.04646601886422925,0.0,0.0,0.0,0.8533333333333334,0.14711106915071576,0.86,0.8,0.9800000000000001,0.8438934802571166,0.07730288037698395,0.8484848484848485,0.7878787878787878,0.9090909090909091,0.8438934802571166,0.07730288037698395,0.8484848484848485,0.7878787878787878,0.9090909090909091,0.9181135746309543,0.02717101540607973,0.9210750360750362,0.8954569735819737,0.940552503052503,1.0,0.0,1.0,1.0,1.0,5.551375566106854,3.2459203125509535,4.825385093688965,3.184682846069336,7.165005683898926,2.055032099818191,0.055614609717301686,2.055220193999048,2.0185474589998194,2.0883220640007494,512.0,0.0,512.0,512.0,512.0,8.0,0.0,8.0,8.0,8.0
proposed_dp_eps2_sparse_diverse,Unified DP-CounterGAN epsilon=2 + counted sparse-diverse search,512,no_disease_to_disease,near_boundary,34.0,1.0,0.0,1.0,1.0,1.0,1.0,0.0,1.0,1.0,1.0,1.0,0.0,1.0,1.0,1.0,0.776470588235294,0.18267179299831504,0.8,0.7,0.9,0.11764705882352941,0.3270349700838644,0.0,0.0,0.0,0.05206856011029552,0.013179070750111647,0.05151938647031784,0.040383546613156796,0.06119831558316946,0.788235294117647,0.06046899732004652,0.8055555555555556,0.7513888888888889,0.8388888888888889,0.788235294117647,0.06046899732004652,0.8055555555555556,0.7513888888888889,0.8388888888888889,0.06608428652672206,0.018510603976912253,0.06273071467876434,0.05149366986006498,0.07741101272404194,0.5553348925178693,0.11189602308810785,0.5115571605490019,0.4566102807661837,0.642111630870944,0.5553348925178693,0.11189602308810785,0.5115571605490019,0.4566102807661837,0.642111630870944,0.014705882352941176,0.03594906279535712,0.0,0.0,0.0,0.8023529411764706,0.16216450352407139,0.82,0.7,0.95,0.785204991087344,0.08679636312508639,0.7878787878787878,0.7272727272727273,0.8484848484848485,0.785204991087344,0.08679636312508639,0.7878787878787878,0.7272727272727273,0.8484848484848485,0.9057684297152291,0.037724935506259556,0.9108252164502165,0.8772991071428571,0.9325588300588301,1.0,0.0,1.0,1.0,1.0,5.458211926852956,2.554254908112568,5.391422748565674,3.3973085284233093,6.681761860847473,2.034978969852947,0.0393363374109605,2.0364093604994196,2.019643933000225,2.0519099177495264,512.0,0.0,512.0,512.0,512.0,8.0,0.0,8.0,8.0,8.0
proposed_dp_eps4_sparse_diverse,DP-CounterGAN epsilon=4 + full-budget sparse-diverse pruning/MMR,64,disease_to_no_disease,high_confidence,33.0,0.8969696969696969,0.25308700145015406,1.0,1.0,1.0,0.9393939393939394,0.24230584229877994,1.0,1.0,1.0,0.7575757575757576,0.4351941398892446,1.0,1.0,1.0,0.6878787878787879,0.2619131246205216,0.8,0.6,0.9,0.12121212121212122,0.33143398263980833,0.0,0.0,0.0,0.10602693103494183,0.04031001459618153,0.08645669370889664,0.07641232386231422,0.14855656027793884,0.5037357057518348,0.15655535853579644,0.5333333333333334,0.35277777777777775,0.6361111111111111,0.5037357057518348,0.15655535853579644,0.5333333333333334,0.35277777777777775,0.6361111111111111,0.045020371194808714,0.009179899691118633,0.04228021577000618,0.03858532942831516,0.04988688789308071,0.5478854894533294,0.06688926558387158,0.5317172778819279,0.5059967698971495,0.5841312514531836,0.5478854894533294,0.06688926558387158,0.5317172778819279,0.5059967698971495,0.5841312514531836,0.06267281105990784,0.11234527799520963,0.0,0.0,0.1,0.08675627240143369,0.1716657735068575,0.02,0.0,0.07,0.8797489742984738,0.07325512008956793,0.9,0.8181818181818182,0.9393939393939394,0.8797489742984738,0.07325512008956793,0.9,0.8181818181818182,0.9393939393939394,0.9720306221991087,0.01733480426140008,0.9755880879526391,0.9567499562521815,0.9866971436616301,1.0,0.0,1.0,1.0,1.0,4.370743097797517,3.303631625520654,3.2812929153442383,2.7460036277770996,4.420654535293579,0.24117255530296516,0.029631496565001848,0.24819406200003868,0.23802960200009693,0.25738263799939887,64.0,0.0,64.0,64.0,64.0,1.0,0.0,1.0,1.0,1.0
proposed_dp_eps4_sparse_diverse,DP-CounterGAN epsilon=4 + full-budget sparse-diverse pruning/MMR,64,disease_to_no_disease,medium_confidence,33.0,0.9393939393939394,0.12484839290964549,1.0,0.9,1.0,1.0,0.0,1.0,1.0,1.0,0.696969696969697,0.4666937221594376,1.0,0.0,1.0,0.7545454545454546,0.216637527178045,0.8,0.6,0.9,0.24242424242424243,0.43519413988924466,0.0,0.0,0.0,0.0855129516937516,0.03465832184443625,0.0705658495426178,0.06411896646022797,0.09607508033514023,0.5965728715728716,0.14696074908615142,0.6722222222222223,0.5444444444444445,0.7037037037037037,0.5965728715728716,0.14696074908615142,0.6722222222222223,0.5444444444444445,0.7037037037037037,0.046602196991443634,0.006343128494909994,0.04614409804344177,0.04267539829015732,0.04929260537028313,0.528799610625734,0.09515810819047152,0.49326087550934333,0.47178272976116775,0.5776036451702076,0.528799610625734,0.09515810819047152,0.49326087550934333,0.47178272976116775,0.5776036451702076,0.0723063973063973,0.1259885387886454,0.0,0.0,0.1,0.25296296296296295,0.27036375483408187,0.18,0.02,0.48888888888888893,0.8437395415451843,0.07322125233746707,0.8461538461538461,0.8076923076923077,0.8846153846153846,0.8437395415451843,0.07322125233746707,0.8461538461538461,0.8076923076923077,0.8846153846153846,0.9631202596528374,0.018853172411768076,0.9654125133444986,0.9543931068931067,0.9738392242862057,1.0,0.0,1.0,1.0,1.0,4.31105421889912,3.244071628441084,2.8930885791778564,2.4579200744628906,4.531313896179199,0.23381717184866196,0.027702363037627725,0.24183824899955653,0.2372935929997766,0.24865837299876148,64.0,0.0,64.0,64.0,64.0,1.0,0.0,1.0,1.0,1.0
proposed_dp_eps4_sparse_diverse,DP-CounterGAN epsilon=4 + full-budget sparse-diverse pruning/MMR,64,disease_to_no_disease,near_boundary,34.0,0.9970588235294118,0.017149858514250875,1.0,1.0,1.0,1.0,0.0,1.0,1.0,1.0,0.9705882352941176,0.17149858514250874,1.0,1.0,1.0,0.8764705882352941,0.14783041785122486,0.9,0.8,1.0,0.47058823529411764,0.5066403971048987,0.0,0.0,1.0,0.07621538376106936,0.033300320926749165,0.06325487978756428,0.047312225215137005,0.09470934234559536,0.6266158315177921,0.14085209041419555,0.6694444444444444,0.5347222222222223,0.726388888888889,0.6266158315177921,0.14085209041419555,0.6694444444444444,0.5347222222222223,0.726388888888889,0.04883059925016235,0.012060268722847323,0.04568027891218662,0.041469122283160686,0.052720495499670506,0.49363941604320694,0.0912861097932853,0.4629015502218769,0.4360796003986872,0.5615528672668643,0.49363941604320694,0.0912861097932853,0.4629015502218769,0.4360796003986872,0.5615528672668643,0.11339869281045753,0.19238747323065786,0.0,0.0,0.17500000000000002,0.37065359477124177,0.2796276608373252,0.31,0.145,0.6349999999999999,0.821301247771836,0.08084647375640797,0.8257575757575758,0.7575757575757576,0.8787878787878788,0.821301247771836,0.08084647375640797,0.8257575757575758,0.7575757575757576,0.8787878787878788,0.9588278829850878,0.018672005693413565,0.9592666606269549,0.9437688885011456,0.9723240109145744,1.0,0.0,1.0,1.0,1.0,5.45200587721432,2.8730580049142795,4.427154064178467,2.713381052017212,7.836964249610901,0.23750134273519935,0.025558830717391297,0.24425414050028849,0.24048653574982382,0.24692630099980306,64.0,0.0,64.0,64.0,64.0,1.0,0.0,1.0,1.0,1.0
proposed_dp_eps4_sparse_diverse,DP-CounterGAN epsilon=4 + full-budget sparse-diverse pruning/MMR,64,no_disease_to_disease,high_confidence,33.0,1.0,0.0,1.0,1.0,1.0,1.0,0.0,1.0,1.0,1.0,1.0,0.0,1.0,1.0,1.0,0.7969696969696971,0.14027840283889143,0.8,0.7,0.9,0.15151515151515152,0.36410954062720957,0.0,0.0,0.0,0.08969683775847609,0.025245353784907724,0.08645486831665039,0.06815596669912338,0.10300175100564957,0.5649831649831649,0.11644725439653283,0.5944444444444444,0.4722222222222223,0.6611111111111111,0.5649831649831649,0.11644725439653283,0.5944444444444444,0.4722222222222223,0.6611111111111111,0.06553565349542734,0.014397060215575859,0.06499692797660828,0.05315222591161728,0.07521148771047592,0.49994531637045014,0.07148001956082864,0.5016651564168797,0.44624615195996997,0.5435095154845974,0.49994531637045014,0.07148001956082864,0.5016651564168797,0.44624615195996997,0.5435095154845974,0.03636363636363637,0.06990252954195317,0.0,0.0,0.1,0.906060606060606,0.11219234025601398,0.96,0.8399999999999999,1.0,0.8494031221303948,0.07402753706924914,0.8484848484848485,0.8181818181818182,0.9090909090909091,0.8494031221303948,0.07402753706924914,0.8484848484848485,0.8181818181818182,0.9090909090909091,0.9606392817603621,0.019314976738048394,0.9664641383942854,0.9533201967124348,0.9722207832269583,1.0,0.0,1.0,1.0,1.0,4.238782181884304,2.524148359269157,3.255896806716919,2.537945508956909,5.764798641204834,0.24429601042433977,0.01604411899500915,0.2463539109994599,0.24241771000015433,0.2503790579994529,64.0,0.0,64.0,64.0,64.0,1.0,0.0,1.0,1.0,1.0
proposed_dp_eps4_sparse_diverse,DP-CounterGAN epsilon=4 + full-budget sparse-diverse pruning/MMR,64,no_disease_to_disease,medium_confidence,33.0,0.9575757575757576,0.17683025587817094,1.0,1.0,1.0,1.0,0.0,1.0,1.0,1.0,0.9393939393939394,0.2423058422987799,1.0,1.0,1.0,0.7212121212121212,0.2433587574928933,0.8,0.6,0.9,0.21212121212121213,0.4151487502672804,0.0,0.0,0.0,0.07853302765976299,0.03010946923405137,0.07779605686664581,0.05617346614599228,0.09899179637432098,0.6223905723905724,0.12987028227036646,0.6444444444444445,0.5833333333333334,0.7166666666666667,0.6223905723905724,0.12987028227036646,0.6444444444444445,0.5833333333333334,0.7166666666666667,0.056905001627676415,0.016724885954072465,0.05510164424777031,0.050009213387966156,0.06720961630344391,0.48063840259499496,0.06293128292014528,0.46867175030874986,0.4453650029792974,0.5301812787618417,0.48063840259499496,0.06293128292014528,0.46867175030874986,0.4453650029792974,0.5301812787618417,0.021212121212121213,0.048461168459755975,0.0,0.0,0.0,0.8878787878787878,0.1548337329152948,0.96,0.8400000000000001,1.0,0.8242173090657939,0.08015776847434593,0.8181818181818182,0.7575757575757576,0.8787878787878788,0.8242173090657939,0.08015776847434593,0.8181818181818182,0.7575757575757576,0.8787878787878788,0.9478150957367286,0.026692228341532506,0.9466166798887388,0.9308224915993879,0.9678554819363644,1.0,0.0,1.0,1.0,1.0,3.6142472624778748,2.596209389764731,2.8871984481811523,1.9888883829116821,3.8303520679473877,0.2415466915150098,0.02582087487656764,0.24686298099913984,0.2405117180005618,0.2506021919998602,64.0,0.0,64.0,64.0,64.0,1.0,0.0,1.0,1.0,1.0
proposed_dp_eps4_sparse_diverse,DP-CounterGAN epsilon=4 + full-budget sparse-diverse pruning/MMR,64,no_disease_to_disease,near_boundary,34.0,0.9441176470588236,0.184540668870098,1.0,1.0,1.0,1.0,0.0,1.0,1.0,1.0,0.9117647058823529,0.2879022412812364,1.0,1.0,1.0,0.7294117647058824,0.2443661085521326,0.8,0.525,0.9,0.17647058823529413,0.38695299497594743,0.0,0.0,0.0,0.07821435738793191,0.03135655611381817,0.07452070713043213,0.05222436040639877,0.10293896496295929,0.5934095860566448,0.15807128187198383,0.6694444444444444,0.4319444444444444,0.7319444444444445,0.5934095860566448,0.15807128187198383,0.6694444444444444,0.4319444444444444,0.7319444444444445,0.0566870473763522,0.013516579580251783,0.057937346398830414,0.045288016088306904,0.06935293227434158,0.5094165160293853,0.07643399887737537,0.5101503031212441,0.45147099492351084,0.5753095089462927,0.5094165160293853,0.07643399887737537,0.5101503031212441,0.45147099492351084,0.5753095089462927,0.011764705882352941,0.03270349700838643,0.0,0.0,0.0,0.8296078431372549,0.2110687326511227,0.9199999999999999,0.75,0.995,0.7635175282234107,0.09366946235497747,0.7575757575757576,0.696969696969697,0.8409090909090909,0.7635175282234107,0.09366946235497747,0.7575757575757576,0.696969696969697,0.8409090909090909,0.9486421167171645,0.03609799356121672,0.9591242239573441,0.9173531681757783,0.9829286297731075,1.0,0.0,1.0,1.0,1.0,4.06413816353854,2.356947917512967,3.189792037010193,2.1053971648216248,6.075846791267395,0.2463939853821691,0.008472580900774549,0.24494487650008523,0.24183256425021682,0.2482132699997237,64.0,0.0,64.0,64.0,64.0,1.0,0.0,1.0,1.0,1.0
proposed_dp_eps4_sparse_diverse,DP-CounterGAN epsilon=4 + full-budget sparse-diverse pruning/MMR,128,disease_to_no_disease,high_confidence,33.0,1.0,0.0,1.0,1.0,1.0,1.0,0.0,1.0,1.0,1.0,1.0,0.0,1.0,1.0,1.0,0.790909090909091,0.19742662618621815,0.8,0.7,0.9,0.24242424242424243,0.4351941398892446,0.0,0.0,0.0,0.10282127875270265,0.036240454296826936,0.08606072515249252,0.0718807727098465,0.13231010735034943,0.5765993265993267,0.12477415999564485,0.5777777777777777,0.48888888888888893,0.6888888888888889,0.5765993265993267,0.12477415999564485,0.5777777777777777,0.48888888888888893,0.6888888888888889,0.07034091651439667,0.02647787342595422,0.06325767189264297,0.04838576167821884,0.09149586409330368,0.6349783636919577,0.09750850395032695,0.6348196361172607,0.5647529065728151,0.7143606389687982,0.6349783636919577,0.09750850395032695,0.6348196361172607,0.5647529065728151,0.7143606389687982,0.06666666666666667,0.1652018966799918,0.0,0.0,0.1,0.08363636363636363,0.1265360171507055,0.04,0.0,0.1,0.8870523415977961,0.0707726312874112,0.9090909090909091,0.8181818181818182,0.9393939393939394,0.8870523415977961,0.0707726312874112,0.9090909090909091,0.8181818181818182,0.9393939393939394,0.9667832242432127,0.01591559038068736,0.9676150380407347,0.9573812961419387,0.9806239619513614,1.0,0.0,1.0,1.0,1.0,5.5701835263859145,3.5403680775153905,4.706315040588379,3.5232162475585938,6.410846710205078,0.48427346242434316,0.03716414477516776,0.49620092300028773,0.4861522850005713,0.5048056230007205,128.0,0.0,128.0,128.0,128.0,2.0,0.0,2.0,2.0,2.0
proposed_dp_eps4_sparse_diverse,DP-CounterGAN epsilon=4 + full-budget sparse-diverse pruning/MMR,128,disease_to_no_disease,medium_confidence,33.0,1.0,0.0,1.0,1.0,1.0,1.0,0.0,1.0,1.0,1.0,1.0,0.0,1.0,1.0,1.0,0.793939393939394,0.15600359358720306,0.8,0.7,0.9,0.24242424242424243,0.43519413988924466,0.0,0.0,0.0,0.08331506157463248,0.03193729997702205,0.07407069951295853,0.06099749729037285,0.09181483089923859,0.6557239057239057,0.12256489878637981,0.711111111111111,0.6055555555555555,0.7444444444444446,0.6557239057239057,0.12256489878637981,0.711111111111111,0.6055555555555555,0.7444444444444446,0.060772258675459656,0.022305993927880054,0.05534059554338455,0.045209310948848724,0.07175517827272415,0.5826279793028468,0.09939012935992719,0.5634204964418398,0.5002106121913874,0.6419757835933693,0.5826279793028468,0.09939012935992719,0.5634204964418398,0.5002106121913874,0.6419757835933693,0.07575757575757576,0.12255178250004935,0.0,0.0,0.1,0.21878787878787878,0.23237574066258476,0.13999999999999999,0.02,0.33999999999999997,0.8558310376492194,0.076146841970913,0.8787878787878788,0.8181818181818182,0.9090909090909091,0.8558310376492194,0.076146841970913,0.8787878787878788,0.8181818181818182,0.9090909090909091,0.9549065194291579,0.018544403723966568,0.954042452645394,0.939002109002109,0.9681515523949734,1.0,0.0,1.0,1.0,1.0,5.162854064594615,3.7482939302811094,3.7017502784729004,2.6702749729156494,5.8289947509765625,0.4758011473331311,0.04263912661898877,0.4891176679993805,0.47994843000014953,0.4995769399993151,128.0,0.0,128.0,128.0,128.0,2.0,0.0,2.0,2.0,2.0
proposed_dp_eps4_sparse_diverse,DP-CounterGAN epsilon=4 + full-budget sparse-diverse pruning/MMR,128,disease_to_no_disease,near_boundary,34.0,1.0,0.0,1.0,1.0,1.0,1.0,0.0,1.0,1.0,1.0,1.0,0.0,1.0,1.0,1.0,0.7970588235294117,0.14870204929738073,0.8,0.7,0.9,0.20588235294117646,0.4104256301219049,0.0,0.0,0.0,0.06814094731474624,0.03231146014372617,0.059057366102933884,0.04135332815349102,0.09083466418087482,0.7068627450980393,0.11287371997965374,0.7361111111111112,0.6402777777777777,0.8041666666666667,0.7068627450980393,0.11287371997965374,0.7361111111111112,0.6402777777777777,0.8041666666666667,0.05392967148081345,0.022189224225351155,0.045426368713378906,0.036960361525416374,0.06169900670647621,0.5258326481491049,0.10643106098170506,0.4904526547235334,0.43587474126562786,0.6199811355834185,0.5258326481491049,0.10643106098170506,0.4904526547235334,0.43587474126562786,0.6199811355834185,0.12058823529411763,0.15330581788305175,0.05,0.0,0.2,0.3111764705882352,0.2830650926948028,0.23,0.085,0.43499999999999994,0.800356506238859,0.08671617735283377,0.8181818181818182,0.7272727272727273,0.8484848484848485,0.800356506238859,0.08671617735283377,0.8181818181818182,0.7272727272727273,0.8484848484848485,0.9390199927788339,0.027918166012446306,0.9407707641623084,0.9236726294538793,0.9608312942056654,1.0,0.0,1.0,1.0,1.0,5.435978437171263,3.1971526179536447,4.4484641551971436,3.330182373523712,6.761671662330627,0.4847800531470057,0.026933262579583988,0.4895036679995428,0.48158839324923974,0.49704914750009266,128.0,0.0,128.0,128.0,128.0,2.0,0.0,2.0,2.0,2.0
proposed_dp_eps4_sparse_diverse,DP-CounterGAN epsilon=4 + full-budget sparse-diverse pruning/MMR,128,no_disease_to_disease,high_confidence,33.0,1.0,0.0,1.0,1.0,1.0,1.0,0.0,1.0,1.0,1.0,1.0,0.0,1.0,1.0,1.0,0.7606060606060606,0.19833587979012074,0.8,0.7,0.9,0.18181818181818182,0.39167472590032,0.0,0.0,0.0,0.0848310592048096,0.024284710209824128,0.08246640861034393,0.06524983793497086,0.09801594913005829,0.621885521885522,0.10383223531332103,0.65,0.5666666666666667,0.6888888888888889,0.621885521885522,0.10383223531332103,0.65,0.5666666666666667,0.6888888888888889,0.07589141787453131,0.02269193821544627,0.06992234289646149,0.06094573810696602,0.09804118424654007,0.5322737596638176,0.08100758014530023,0.5412401749454179,0.47265804214243856,0.5912047738359694,0.5322737596638176,0.08100758014530023,0.5412401749454179,0.47265804214243856,0.5912047738359694,0.045454545454545456,0.10028368851322819,0.0,0.0,0.1,0.9206060606060606,0.09892988027952532,0.96,0.86,1.0,0.8438934802571166,0.08440128773609591,0.8787878787878788,0.7878787878787878,0.9090909090909091,0.8438934802571166,0.08440128773609591,0.8787878787878788,0.7878787878787878,0.9090909090909091,0.953914188422976,0.020397460851759072,0.957680258479163,0.9444450626987392,0.9682986251794302,1.0,0.0,1.0,1.0,1.0,5.2330650181481335,3.6202051440216385,3.6678452491760254,2.3463215827941895,8.173701286315918,0.4932362382726503,0.025391008316074756,0.49741895599981945,0.48557075100143265,0.5042387579997012,128.0,0.0,128.0,128.0,128.0,2.0,0.0,2.0,2.0,2.0
proposed_dp_eps4_sparse_diverse,DP-CounterGAN epsilon=4 + full-budget sparse-diverse pruning/MMR,128,no_disease_to_disease,medium_confidence,33.0,1.0,0.0,1.0,1.0,1.0,1.0,0.0,1.0,1.0,1.0,1.0,0.0,1.0,1.0,1.0,0.7060606060606062,0.16382039315091768,0.7,0.6,0.9,0.06060606060606061,0.24230584229877988,0.0,0.0,0.0,0.07765201580795375,0.0299797724691699,0.07286232709884644,0.051238346844911575,0.08618685603141785,0.6525252525252525,0.11812163925824513,0.6944444444444445,0.6277777777777777,0.7388888888888889,0.6525252525252525,0.11812163925824513,0.6944444444444445,0.6277777777777777,0.7388888888888889,0.06678624767245668,0.022128869447861754,0.06107654422521591,0.05042058601975441,0.07003665715456009,0.516192995060606,0.08539559201101905,0.5268318677197917,0.43771192888020016,0.5718019390152717,0.516192995060606,0.08539559201101905,0.5268318677197917,0.43771192888020016,0.5718019390152717,0.012121212121212121,0.04151487502672806,0.0,0.0,0.0,0.8733333333333333,0.16345233759927286,0.9400000000000001,0.82,1.0,0.8126721763085399,0.0792579745499493,0.8181818181818182,0.7575757575757576,0.8787878787878788,0.8126721763085399,0.0792579745499493,0.8181818181818182,0.7575757575757576,0.8787878787878788,0.9430357932509376,0.02540963161899127,0.9420429216036801,0.9283424214674214,0.9627746579400991,1.0,0.0,1.0,1.0,1.0,3.899580023505471,2.992129690557818,2.9466304779052734,2.3481593132019043,3.5585155487060547,0.4963278872726898,0.023713677053641465,0.49380064599972684,0.487952702000257,0.5057765429992287,128.0,0.0,128.0,128.0,128.0,2.0,0.0,2.0,2.0,2.0
proposed_dp_eps4_sparse_diverse,DP-CounterGAN epsilon=4 + full-budget sparse-diverse pruning/MMR,128,no_disease_to_disease,near_boundary,34.0,1.0,0.0,1.0,1.0,1.0,1.0,0.0,1.0,1.0,1.0,1.0,0.0,1.0,1.0,1.0,0.7323529411764705,0.1886484436567597,0.7,0.6,0.9,0.14705882352941177,0.3594906279535708,0.0,0.0,0.0,0.07744298513759584,0.03027349335418543,0.0764654353260994,0.050867761485278606,0.10005459003150463,0.6452614379084967,0.1405798235190977,0.675,0.5013888888888889,0.776388888888889,0.6452614379084967,0.1405798235190977,0.675,0.5013888888888889,0.776388888888889,0.07141354406142936,0.024151917585661896,0.06687457486987114,0.05173982214182615,0.08848749287426472,0.5437020317877134,0.0960131951076628,0.5346224894831819,0.4644682767880468,0.6255980368378876,0.5437020317877134,0.0960131951076628,0.5346224894831819,0.4644682767880468,0.6255980368378876,0.0058823529411764705,0.023883257361061276,0.0,0.0,0.0,0.8470588235294118,0.1692681110092346,0.8900000000000001,0.8,0.99,0.7843137254901961,0.07223767937066423,0.7878787878787878,0.7575757575757576,0.8181818181818182,0.7843137254901961,0.07223767937066423,0.7878787878787878,0.7575757575757576,0.8181818181818182,0.9393068410167921,0.037480297140816056,0.93959980991231,0.9159517565767564,0.9749441171699594,1.0,0.0,1.0,1.0,1.0,4.623051159522113,2.9095407352772757,3.91556715965271,2.4776374101638794,6.086988210678101,0.49214472241157425,0.028623479047743174,0.49336562199914624,0.48770608474933397,0.5055867670002954,128.0,0.0,128.0,128.0,128.0,2.0,0.0,2.0,2.0,2.0
proposed_dp_eps4_sparse_diverse,DP-CounterGAN epsilon=4 + full-budget sparse-diverse pruning/MMR,256,disease_to_no_disease,high_confidence,33.0,1.0,0.0,1.0,1.0,1.0,1.0,0.0,1.0,1.0,1.0,1.0,0.0,1.0,1.0,1.0,0.8393939393939394,0.1579940543568688,0.9,0.7,1.0,0.30303030303030304,0.46669372215943755,0.0,0.0,1.0,0.09986363486810164,0.03468708974805273,0.08968892693519592,0.07299907505512238,0.12202783674001694,0.6545454545454545,0.10723674471181081,0.6333333333333333,0.5833333333333333,0.7555555555555555,0.6545454545454545,0.10723674471181081,0.6333333333333333,0.5833333333333333,0.7555555555555555,0.08577970934636665,0.031711646722450915,0.08609086275100708,0.06172075867652893,0.11058332771062851,0.7146811655849278,0.12412335240664775,0.7310509451384446,0.6153862284553225,0.8078126092548569,0.7146811655849278,0.12412335240664775,0.7310509451384446,0.6153862284553225,0.8078126092548569,0.03939393939393939,0.0966287804544858,0.0,0.0,0.0,0.08787878787878789,0.09082116960535605,0.06000000000000001,0.02,0.14,0.8778696051423325,0.07206327587825725,0.8787878787878788,0.8181818181818182,0.9393939393939394,0.8778696051423325,0.07206327587825725,0.8787878787878788,0.8181818181818182,0.9393939393939394,0.9551117027813497,0.01918065843942464,0.9587037069612535,0.9359602897102896,0.970921160130719,1.0,0.0,1.0,1.0,1.0,7.9302503015055805,4.286823742515627,6.629945278167725,4.64217472076416,11.020984649658203,0.990621611000141,0.043048838470542465,0.9943922460006434,0.9798363040008553,1.014152425001157,256.0,0.0,256.0,256.0,256.0,4.0,0.0,4.0,4.0,4.0
proposed_dp_eps4_sparse_diverse,DP-CounterGAN epsilon=4 + full-budget sparse-diverse pruning/MMR,256,disease_to_no_disease,medium_confidence,33.0,1.0,0.0,1.0,1.0,1.0,1.0,0.0,1.0,1.0,1.0,1.0,0.0,1.0,1.0,1.0,0.7727272727272727,0.17725815790945856,0.8,0.7,0.9,0.18181818181818182,0.39167472590032004,0.0,0.0,0.0,0.08126893176725417,0.032166556903246324,0.07420352846384048,0.06497608125209808,0.08867798745632172,0.7244107744107744,0.0973108662745284,0.7666666666666667,0.6722222222222222,0.788888888888889,0.7244107744107744,0.0973108662745284,0.7666666666666667,0.6722222222222222,0.788888888888889,0.07055006289120877,0.027501025819173994,0.06054423749446869,0.05416608229279518,0.08315025269985199,0.6408866488847781,0.11938990619979381,0.6197202884239604,0.570850788693307,0.6711196026691464,0.6408866488847781,0.11938990619979381,0.6197202884239604,0.570850788693307,0.6711196026691464,0.08484848484848484,0.16416685894466507,0.0,0.0,0.1,0.21393939393939398,0.20781511305032946,0.15999999999999998,0.02,0.34,0.8604224058769514,0.06815630580742385,0.8484848484848485,0.8181818181818182,0.9090909090909091,0.8604224058769514,0.06815630580742385,0.8484848484848485,0.8181818181818182,0.9090909090909091,0.942110184382693,0.020136673328800748,0.9404637111254758,0.9331340187590188,0.953347834763276,1.0,0.0,1.0,1.0,1.0,6.609298445961692,3.7325735437535275,5.388524055480957,4.058635711669922,7.654465675354004,0.9843378287577059,0.05869199371861355,0.9918050090000179,0.9730235379993246,1.0098146319996886,256.0,0.0,256.0,256.0,256.0,4.0,0.0,4.0,4.0,4.0
proposed_dp_eps4_sparse_diverse,DP-CounterGAN epsilon=4 + full-budget sparse-diverse pruning/MMR,256,disease_to_no_disease,near_boundary,34.0,1.0,0.0,1.0,1.0,1.0,1.0,0.0,1.0,1.0,1.0,1.0,0.0,1.0,1.0,1.0,0.8294117647058823,0.1219274791030628,0.8,0.8,0.9,0.17647058823529413,0.38695299497594743,0.0,0.0,0.0,0.06339990566758548,0.03019714671971932,0.051768604665994644,0.03734233230352402,0.09064309857785702,0.761764705882353,0.08649733853300251,0.7861111111111112,0.6861111111111111,0.8277777777777778,0.761764705882353,0.08649733853300251,0.7861111111111112,0.6861111111111111,0.8277777777777778,0.05951265568899758,0.03136503164854477,0.046713586896657944,0.0389773715287447,0.07697145827114582,0.5622193830786791,0.12596578981022413,0.5415708592451614,0.4657191289989593,0.6363511924805769,0.5622193830786791,0.12596578981022413,0.5415708592451614,0.4657191289989593,0.6363511924805769,0.12058823529411763,0.1665685985989426,0.0,0.0,0.275,0.26647058823529407,0.2262056231777169,0.18,0.10500000000000001,0.42500000000000004,0.8021390374331551,0.07652878134344304,0.7878787878787878,0.7575757575757576,0.8484848484848485,0.8021390374331551,0.07652878134344304,0.7878787878787878,0.7575757575757576,0.8484848484848485,0.9263708213390649,0.02935412519872214,0.9325043706293707,0.9046943161005662,0.9502698435143289,1.0,0.0,1.0,1.0,1.0,6.013173797551324,3.3133891267101667,5.136613845825195,3.6966484785079956,6.6090779304504395,0.9791139794706931,0.03690440165329516,0.98616820549978,0.9652826745000311,1.003135554750088,256.0,0.0,256.0,256.0,256.0,4.0,0.0,4.0,4.0,4.0
proposed_dp_eps4_sparse_diverse,DP-CounterGAN epsilon=4 + full-budget sparse-diverse pruning/MMR,256,no_disease_to_disease,high_confidence,33.0,1.0,0.0,1.0,1.0,1.0,1.0,0.0,1.0,1.0,1.0,1.0,0.0,1.0,1.0,1.0,0.7484848484848484,0.19059317295159756,0.8,0.6,0.9,0.21212121212121213,0.4151487502672804,0.0,0.0,0.0,0.07715148456168897,0.02104393595249078,0.07309840619564056,0.05970340967178345,0.09032277017831802,0.6867003367003367,0.08183772940617551,0.7055555555555556,0.611111111111111,0.7444444444444445,0.6867003367003367,0.08183772940617551,0.7055555555555556,0.611111111111111,0.7444444444444445,0.07779598552169222,0.02649188124606643,0.07153308391571045,0.05654202029109001,0.09971156716346741,0.5641656065367094,0.08778850963771183,0.5364251846238912,0.5099010929084197,0.6414432658691688,0.5641656065367094,0.08778850963771183,0.5364251846238912,0.5099010929084197,0.6414432658691688,0.018181818181818184,0.07269175268963404,0.0,0.0,0.0,0.8945454545454545,0.12002840572888646,0.9200000000000002,0.82,1.0,0.8475665748393022,0.09537179207647246,0.8787878787878788,0.8181818181818182,0.9090909090909091,0.8475665748393022,0.09537179207647246,0.8787878787878788,0.8181818181818182,0.9090909090909091,0.9405217093794682,0.023636925098348423,0.9469281553714601,0.9365809884559884,0.9534269896769896,1.0,0.0,1.0,1.0,1.0,5.41289467161352,4.187970016345985,3.463365077972412,2.24963116645813,7.5815887451171875,1.000187551212245,0.026313601380466973,1.0018926780012407,0.9836896490014624,1.0218165360001876,256.0,0.0,256.0,256.0,256.0,4.0,0.0,4.0,4.0,4.0
proposed_dp_eps4_sparse_diverse,DP-CounterGAN epsilon=4 + full-budget sparse-diverse pruning/MMR,256,no_disease_to_disease,medium_confidence,33.0,1.0,0.0,1.0,1.0,1.0,1.0,0.0,1.0,1.0,1.0,1.0,0.0,1.0,1.0,1.0,0.7666666666666666,0.1613743060919757,0.7,0.7,0.9,0.15151515151515152,0.3641095406272096,0.0,0.0,0.0,0.07346441133907347,0.027356822116530705,0.07001542299985886,0.053145717829465866,0.08576680719852448,0.7114478114478114,0.09928311123539905,0.7388888888888889,0.6777777777777778,0.7833333333333334,0.7114478114478114,0.09928311123539905,0.7388888888888889,0.6777777777777778,0.7833333333333334,0.07356712459163232,0.028919909409198512,0.06513023376464844,0.05224005505442619,0.08470913767814636,0.5509375929126342,0.10449988638086215,0.543125999511112,0.48137555832720996,0.60137924075059,0.5509375929126342,0.10449988638086215,0.543125999511112,0.48137555832720996,0.60137924075059,0.015151515151515152,0.044167381354995164,0.0,0.0,0.0,0.8872727272727273,0.13236485389050426,0.9199999999999999,0.8600000000000001,0.9800000000000001,0.8438934802571167,0.07504253925273587,0.8484848484848485,0.7878787878787878,0.8787878787878788,0.8438934802571167,0.07504253925273587,0.8484848484848485,0.7878787878787878,0.8787878787878788,0.9319909054308682,0.029626869739807854,0.9360263347763349,0.9057562576312576,0.9568738899988901,1.0,0.0,1.0,1.0,1.0,5.405856667142926,4.024536688198662,3.573366165161133,2.9146971702575684,5.831737041473389,0.9944348242727508,0.03497927729743002,0.9945109829986905,0.9836703130004025,1.0142662819998804,256.0,0.0,256.0,256.0,256.0,4.0,0.0,4.0,4.0,4.0
proposed_dp_eps4_sparse_diverse,DP-CounterGAN epsilon=4 + full-budget sparse-diverse pruning/MMR,256,no_disease_to_disease,near_boundary,34.0,1.0,0.0,1.0,1.0,1.0,1.0,0.0,1.0,1.0,1.0,1.0,0.0,1.0,1.0,1.0,0.7029411764705882,0.2138893711749237,0.7,0.6,0.9,0.14705882352941177,0.3594906279535708,0.0,0.0,0.0,0.07196434433845912,0.03208771057678035,0.0667913593351841,0.04120544157922268,0.0989242885261774,0.7029411764705882,0.12193289365017575,0.7305555555555556,0.5944444444444444,0.8166666666666668,0.7029411764705882,0.12193289365017575,0.7305555555555556,0.5944444444444444,0.8166666666666668,0.0764010470798787,0.033029362878389215,0.06535008922219276,0.05048213992267847,0.10962431505322456,0.5823100726919148,0.13095952829987562,0.5555857027418636,0.47083942510189025,0.692453571004124,0.5823100726919148,0.13095952829987562,0.5555857027418636,0.47083942510189025,0.692453571004124,0.014705882352941176,0.0435705832176382,0.0,0.0,0.0,0.808235294117647,0.21715056343796582,0.8900000000000001,0.735,0.9800000000000001,0.8065953654188948,0.08603871534544758,0.8181818181818182,0.7272727272727273,0.8484848484848485,0.8065953654188948,0.08603871534544758,0.8181818181818182,0.7272727272727273,0.8484848484848485,0.9271199452619566,0.046428772754328496,0.9295531204906204,0.8985849567099568,0.9648371856933955,1.0,0.0,1.0,1.0,1.0,5.601717124967014,4.484583723573231,3.4328131675720215,1.8609857559204102,9.379311800003052,1.0015983115589038,0.02089604766928115,1.0033679465004752,0.9864630790002593,1.0096958602503037,256.0,0.0,256.0,256.0,256.0,4.0,0.0,4.0,4.0,4.0
proposed_dp_eps4_sparse_diverse,DP-CounterGAN epsilon=4 + full-budget sparse-diverse pruning/MMR,512,disease_to_no_disease,high_confidence,33.0,1.0,0.0,1.0,1.0,1.0,1.0,0.0,1.0,1.0,1.0,1.0,0.0,1.0,1.0,1.0,0.8727272727272729,0.09770084209183941,0.9,0.8,0.9,0.21212121212121213,0.41514875026728054,0.0,0.0,0.0,0.0915374332530932,0.03111975080670144,0.08448480069637299,0.07062624394893646,0.10335201025009155,0.7154882154882155,0.10600923679835358,0.7555555555555555,0.6444444444444445,0.7944444444444445,0.7154882154882155,0.10600923679835358,0.7555555555555555,0.6444444444444445,0.7944444444444445,0.08185190831621487,0.03159666542505292,0.07219858467578888,0.06111237034201622,0.09697959572076797,0.7550409641956597,0.1314483706931023,0.7139602086923146,0.6670927659818122,0.8680635860425502,0.7550409641956597,0.1314483706931023,0.7139602086923146,0.6670927659818122,0.8680635860425502,0.024242424242424242,0.07084447327730936,0.0,0.0,0.0,0.07696969696969697,0.0839823213720025,0.06000000000000001,0.0,0.12000000000000002,0.9118457300275483,0.05687554496435971,0.9090909090909091,0.8787878787878788,0.9393939393939394,0.9118457300275483,0.05687554496435971,0.9090909090909091,0.8787878787878788,0.9393939393939394,0.9408266674075061,0.021752998204619758,0.941080031080031,0.9247357503607503,0.9521318632348045,1.0,0.0,1.0,1.0,1.0,9.532146858446525,4.807987715576505,8.800613403320312,5.493461608886719,12.19253158569336,2.0208707609697076,0.06242486408952206,2.032045358999312,1.9979465079995862,2.069355056000859,512.0,0.0,512.0,512.0,512.0,8.0,0.0,8.0,8.0,8.0
proposed_dp_eps4_sparse_diverse,DP-CounterGAN epsilon=4 + full-budget sparse-diverse pruning/MMR,512,disease_to_no_disease,medium_confidence,33.0,1.0,0.0,1.0,1.0,1.0,1.0,0.0,1.0,1.0,1.0,1.0,0.0,1.0,1.0,1.0,0.8151515151515151,0.13946597282404616,0.8,0.8,0.9,0.18181818181818182,0.39167472590032004,0.0,0.0,0.0,0.07202308455651457,0.02706531130352532,0.06844941526651382,0.05841929465532303,0.08462590724229813,0.7860269360269361,0.06972334566548981,0.8166666666666668,0.7666666666666667,0.8333333333333334,0.7860269360269361,0.06972334566548981,0.8166666666666668,0.7666666666666667,0.8333333333333334,0.0666811318334305,0.02702844229811814,0.05637732148170471,0.049831587821245193,0.07348659634590149,0.6717209830223086,0.13961374557524894,0.6475132247555658,0.5820606191881421,0.7244291386574495,0.6717209830223086,0.13961374557524894,0.6475132247555658,0.5820606191881421,0.7244291386574495,0.051515151515151514,0.12278337662630714,0.0,0.0,0.0,0.19151515151515153,0.17428642395711025,0.16,0.06,0.24000000000000005,0.8650137741046833,0.07110360408868317,0.8787878787878788,0.8181818181818182,0.9090909090909091,0.8650137741046833,0.07110360408868317,0.8787878787878788,0.8181818181818182,0.9090909090909091,0.920258922546426,0.02465240938594847,0.915843253968254,0.9050633394383395,0.9322059884559885,1.0,0.0,1.0,1.0,1.0,6.512355045838789,5.3486151206736805,5.179253578186035,3.420815944671631,6.534289360046387,1.998599359212125,0.054975154871798174,2.0044500839994726,1.9699387780001416,2.030166872999871,512.0,0.0,512.0,512.0,512.0,8.0,0.0,8.0,8.0,8.0
proposed_dp_eps4_sparse_diverse,DP-CounterGAN epsilon=4 + full-budget sparse-diverse pruning/MMR,512,disease_to_no_disease,near_boundary,34.0,1.0,0.0,1.0,1.0,1.0,1.0,0.0,1.0,1.0,1.0,1.0,0.0,1.0,1.0,1.0,0.8117647058823528,0.14091627835156706,0.8,0.725,0.9,0.11764705882352941,0.32703497008386445,0.0,0.0,0.0,0.054071156472405964,0.01915461537621311,0.05109905079007149,0.03582767490297556,0.06728116422891617,0.8251633986928104,0.05203015209226824,0.8388888888888889,0.7944444444444445,0.861111111111111,0.8251633986928104,0.05203015209226824,0.8388888888888889,0.7944444444444445,0.861111111111111,0.055052917067180664,0.022672958489576213,0.04695769399404526,0.039823442697525024,0.06994188204407692,0.587003620838319,0.1314044393106397,0.5767296090785757,0.46801343248932104,0.7074787455576786,0.587003620838319,0.1314044393106397,0.5767296090785757,0.46801343248932104,0.7074787455576786,0.16470588235294117,0.23597939424831987,0.0,0.0,0.375,0.19470588235294117,0.14798106541691453,0.16999999999999998,0.08,0.29500000000000004,0.8262032085561497,0.06255312394225507,0.8484848484848485,0.7954545454545454,0.8712121212121212,0.8262032085561497,0.06255312394225507,0.8484848484848485,0.7954545454545454,0.8712121212121212,0.9059306331220885,0.023080047422323207,0.9024851190476191,0.886904761904762,0.9264269931457432,1.0,0.0,1.0,1.0,1.0,6.542616675881779,2.8721368055316865,5.962244033813477,4.596144318580627,8.106775760650635,2.0167830095881927,0.085116578568734,2.0364209565000237,1.9898536567498013,2.067500605249961,512.0,0.0,512.0,512.0,512.0,8.0,0.0,8.0,8.0,8.0
proposed_dp_eps4_sparse_diverse,DP-CounterGAN epsilon=4 + full-budget sparse-diverse pruning/MMR,512,no_disease_to_disease,high_confidence,33.0,1.0,0.0,1.0,1.0,1.0,1.0,0.0,1.0,1.0,1.0,1.0,0.0,1.0,1.0,1.0,0.7151515151515152,0.19059317295159756,0.7,0.6,0.9,0.06060606060606061,0.24230584229877988,0.0,0.0,0.0,0.07162850519472902,0.01923207503252282,0.07086123526096344,0.0583685040473938,0.08187712728977203,0.73989898989899,0.055372172081989364,0.7333333333333334,0.7055555555555555,0.7722222222222223,0.73989898989899,0.055372172081989364,0.7333333333333334,0.7055555555555555,0.7722222222222223,0.07627635437882307,0.02383419447402472,0.0709260031580925,0.05617428198456764,0.09342803806066513,0.5857328483905883,0.10439721009120306,0.5740961490763271,0.5097652650897305,0.6546735081777979,0.5857328483905883,0.10439721009120306,0.5740961490763271,0.5097652650897305,0.6546735081777979,0.015151515151515152,0.044167381354995164,0.0,0.0,0.0,0.9096969696969697,0.0946204539358711,0.9400000000000001,0.86,1.0,0.8530762167125804,0.05725649728009756,0.8484848484848485,0.8181818181818182,0.9090909090909091,0.8530762167125804,0.05725649728009756,0.8484848484848485,0.8181818181818182,0.9090909090909091,0.928268749458941,0.022683522141346106,0.9326930014430015,0.9195472582972583,0.9457094294594295,1.0,0.0,1.0,1.0,1.0,5.988267454234037,4.588604103728104,3.9658234119415283,2.4785008430480957,7.984755516052246,2.047476973363618,0.044910509037142825,2.0480312119998416,2.0136289370002487,2.073099604000163,512.0,0.0,512.0,512.0,512.0,8.0,0.0,8.0,8.0,8.0
proposed_dp_eps4_sparse_diverse,DP-CounterGAN epsilon=4 + full-budget sparse-diverse pruning/MMR,512,no_disease_to_disease,medium_confidence,33.0,1.0,0.0,1.0,1.0,1.0,1.0,0.0,1.0,1.0,1.0,1.0,0.0,1.0,1.0,1.0,0.7151515151515151,0.1769908403724825,0.7,0.6,0.8,0.12121212121212122,0.3314339826398083,0.0,0.0,0.0,0.06370641674959299,0.017983564206097962,0.059915222227573395,0.05101211741566658,0.07017388194799423,0.7777777777777778,0.054095394705973486,0.7944444444444445,0.7611111111111112,0.8166666666666668,0.7777777777777778,0.054095394705973486,0.7944444444444445,0.7611111111111112,0.8166666666666668,0.070159521405444,0.02478180787441293,0.06547479331493378,0.054916881024837494,0.07723318040370941,0.581787470232758,0.08996510991061553,0.5857710005525354,0.5141895460475882,0.6360512033731481,0.581787470232758,0.08996510991061553,0.5857710005525354,0.5141895460475882,0.6360512033731481,0.027272727272727275,0.06261353324525414,0.0,0.0,0.0,0.8551515151515151,0.1408927165461635,0.8800000000000001,0.78,0.9800000000000001,0.8365472910927457,0.08086545254467126,0.8181818181818182,0.7878787878787878,0.9090909090909091,0.8365472910927457,0.08086545254467126,0.8181818181818182,0.7878787878787878,0.9090909090909091,0.9136656568575018,0.03213471379061755,0.911904761904762,0.8943129786879785,0.9322245115995115,1.0,0.0,1.0,1.0,1.0,5.317840666481943,4.137588397931051,3.9852097034454346,2.4023218154907227,6.588045597076416,2.0183757044849315,0.0759053546442743,2.0219767409998894,1.9971004050003103,2.0452223920001416,512.0,0.0,512.0,512.0,512.0,8.0,0.0,8.0,8.0,8.0
proposed_dp_eps4_sparse_diverse,DP-CounterGAN epsilon=4 + full-budget sparse-diverse pruning/MMR,512,no_disease_to_disease,near_boundary,34.0,1.0,0.0,1.0,1.0,1.0,1.0,0.0,1.0,1.0,1.0,1.0,0.0,1.0,1.0,1.0,0.776470588235294,0.19549288684170613,0.8,0.6,0.9,0.23529411764705882,0.4305615452020461,0.0,0.0,0.0,0.0666901674669455,0.028460199571872628,0.05091789923608303,0.04356939438730478,0.09753689169883728,0.7645424836601307,0.0951205223824277,0.8111111111111111,0.6666666666666666,0.8444444444444444,0.7645424836601307,0.0951205223824277,0.8111111111111111,0.6666666666666666,0.8444444444444444,0.07556739394717357,0.03483632899991926,0.05720430985093117,0.04824986029416323,0.10047902353107929,0.6296429189680581,0.1762592469824859,0.5719586800712038,0.47148076264470257,0.7317494366266147,0.6296429189680581,0.1762592469824859,0.5719586800712038,0.47148076264470257,0.7317494366266147,0.020588235294117647,0.05382019315025576,0.0,0.0,0.0,0.8305882352941177,0.16523520749765003,0.8600000000000001,0.72,1.0,0.8163992869875222,0.06149086741768391,0.8181818181818182,0.7878787878787878,0.8712121212121212,0.8163992869875222,0.06149086741768391,0.8181818181818182,0.7878787878787878,0.8712121212121212,0.9114852074803017,0.04745927778252358,0.9113510101010099,0.8773363095238096,0.9528358375692936,1.0,0.0,1.0,1.0,1.0,7.549951118581435,5.79066082641014,4.688414812088013,2.7692171931266785,10.707030296325684,2.0221572673238852,0.04453290921655719,2.0313815544996032,2.009212614250373,2.049172260000887,512.0,0.0,512.0,512.0,512.0,8.0,0.0,8.0,8.0,8.0
proposed_dp_eps8_sparse_diverse,Unified DP-CounterGAN epsilon=8 + counted sparse-diverse search,64,disease_to_no_disease,high_confidence,33.0,0.7848484848484848,0.3725932870782264,1.0,0.6,1.0,0.9090909090909091,0.2919371040605711,1.0,1.0,1.0,0.7272727272727273,0.45226701686664555,1.0,0.0,1.0,0.6303030303030304,0.3618397854065114,0.8,0.3,0.9,0.21212121212121213,0.4151487502672805,0.0,0.0,0.0,0.102907811353604,0.04451872420324411,0.09086210653185844,0.06287038046866655,0.13621347770094872,0.47777777777777786,0.17139524600566333,0.48611111111111116,0.35138888888888886,0.6041666666666666,0.47777777777777786,0.17139524600566333,0.48611111111111116,0.35138888888888886,0.6041666666666666,0.045163952435056366,0.011251405496020045,0.04559602029621601,0.03966203052550554,0.05232332646846771,0.5356169996753491,0.08519304158104449,0.530638414896197,0.4706780634936183,0.6148038554671773,0.5356169996753491,0.08519304158104449,0.530638414896197,0.4706780634936183,0.6148038554671773,0.016666666666666666,0.0461133037377414,0.0,0.0,0.0,0.09422222222222222,0.18529655910138967,0.0,0.0,0.1,0.8803850470517136,0.06944629663973241,0.8817016317016317,0.8484848484848485,0.9360269360269361,0.8803850470517136,0.06944629663973241,0.8817016317016317,0.8484848484848485,0.9360269360269361,0.9729042298603365,0.021706498699151835,0.9790847555997644,0.9647490135906834,0.9882783263236111,1.0,0.0,1.0,1.0,1.0,4.2695747256278995,3.275174868431795,3.0152435302734375,2.375836670398712,5.611478328704834,0.23727528445471596,0.028048112292929517,0.24631168599989905,0.2391740609982662,0.2509826739988057,64.0,0.0,64.0,64.0,64.0,1.0,0.0,1.0,1.0,1.0
proposed_dp_eps8_sparse_diverse,Unified DP-CounterGAN epsilon=8 + counted sparse-diverse search,64,disease_to_no_disease,medium_confidence,33.0,0.8151515151515151,0.291677488976708,1.0,0.7,1.0,0.9393939393939394,0.24230584229877988,1.0,1.0,1.0,0.5757575757575758,0.5018903659106633,1.0,0.0,1.0,0.6454545454545454,0.2916450208418072,0.7,0.5,0.9,0.21212121212121213,0.41514875026728043,0.0,0.0,0.0,0.07650725086850504,0.040081907002399934,0.05832793191075325,0.04976894520223141,0.08765479922294617,0.5837152244410307,0.1725998131938903,0.6444444444444445,0.5666666666666667,0.7256944444444444,0.5837152244410307,0.1725998131938903,0.6444444444444445,0.5666666666666667,0.7256944444444444,0.04417882150700016,0.00651451463613242,0.04333661124110222,0.039694324135780334,0.049695104360580444,0.501395879405537,0.11017643528072149,0.4723422053911918,0.45356212847623956,0.5740181362719816,0.501395879405537,0.11017643528072149,0.4723422053911918,0.45356212847623956,0.5740181362719816,0.045161290322580656,0.18044151347443935,0.0,0.0,0.0,0.18600358422939067,0.26151227810575506,0.05714285714285715,0.0,0.32666666666666666,0.8446654733640273,0.07324163507599009,0.8181818181818182,0.7878787878787878,0.9090909090909091,0.8446654733640273,0.07324163507599009,0.8181818181818182,0.7878787878787878,0.9090909090909091,0.9614468322436232,0.02068223656507445,0.9617575418862183,0.9474693711216544,0.9724220558879759,1.0,0.0,1.0,1.0,1.0,4.26629582143599,3.8149809797388685,2.669245481491089,2.250719904899597,4.151635408401489,0.22670362266658092,0.031311885002119705,0.2391826109997055,0.23238819700054592,0.2424781619993155,64.0,0.0,64.0,64.0,64.0,1.0,0.0,1.0,1.0,1.0
proposed_dp_eps8_sparse_diverse,Unified DP-CounterGAN epsilon=8 + counted sparse-diverse search,64,disease_to_no_disease,near_boundary,34.0,0.8676470588235294,0.2613723551207938,1.0,1.0,1.0,1.0,0.0,1.0,1.0,1.0,0.7647058823529411,0.4305615452020461,1.0,1.0,1.0,0.7352941176470589,0.3274162885761113,0.9,0.525,1.0,0.29411764705882354,0.4624972900628804,0.0,0.0,1.0,0.06478052832843627,0.03500334429668186,0.05288992449641228,0.03789025731384754,0.09204479120671749,0.6583450046685341,0.16337018006623358,0.7314814814814816,0.5402777777777779,0.776388888888889,0.6583450046685341,0.16337018006623358,0.7314814814814816,0.5402777777777779,0.776388888888889,0.04544559258091099,0.011654375555971779,0.044760748744010925,0.04021899960935116,0.049559284932911396,0.48170438505845764,0.08969540936851308,0.46516919943738066,0.4167679579269312,0.53493843740902,0.48170438505845764,0.08969540936851308,0.46516919943738066,0.4167679579269312,0.53493843740902,0.08760504201680673,0.1472202631637057,0.0,0.0,0.1,0.20672268907563024,0.20871468341030244,0.13666666666666666,0.0071428571428571435,0.32999999999999996,0.8252446974556509,0.05837249515153799,0.8333333333333334,0.7891849529780564,0.8712121212121212,0.8252446974556509,0.05837249515153799,0.8333333333333334,0.7891849529780564,0.8712121212121212,0.949839844142845,0.02556003092596583,0.9488741813741814,0.927345362970363,0.9739883278089337,1.0,0.0,1.0,1.0,1.0,4.688860476016998,2.9901458562901113,4.21713399887085,2.8264907002449036,6.64506196975708,0.23659132650000708,0.020975622012381602,0.2424832625001727,0.23843819324974902,0.2454750285000955,64.0,0.0,64.0,64.0,64.0,1.0,0.0,1.0,1.0,1.0
proposed_dp_eps8_sparse_diverse,Unified DP-CounterGAN epsilon=8 + counted sparse-diverse search,64,no_disease_to_disease,high_confidence,33.0,0.9666666666666667,0.14068285846778442,1.0,1.0,1.0,1.0,0.0,1.0,1.0,1.0,0.8787878787878788,0.3314339826398084,1.0,1.0,1.0,0.7333333333333332,0.2174664725116648,0.8,0.6,0.9,0.12121212121212122,0.3314339826398083,0.0,0.0,0.0,0.07888804003596306,0.015387582788669373,0.07925502955913544,0.06855202466249466,0.09003086388111115,0.5919191919191918,0.09210550426987894,0.6,0.55,0.6419753086419753,0.5919191919191918,0.09210550426987894,0.6,0.55,0.6419753086419753,0.05773924731395461,0.011834404939207345,0.056582335382699966,0.051307812333106995,0.06679277122020721,0.4754284626875286,0.06724071644796534,0.4712264748622898,0.4509507906754141,0.5027508790595802,0.4754284626875286,0.06724071644796534,0.4712264748622898,0.4509507906754141,0.5027508790595802,0.02121212121212121,0.04846116845975598,0.0,0.0,0.0,0.9224242424242424,0.11333110514743688,1.0,0.8800000000000001,1.0,0.8593416684325775,0.05877440576686691,0.8666666666666667,0.8181818181818182,0.9090909090909091,0.8593416684325775,0.05877440576686691,0.8666666666666667,0.8181818181818182,0.9090909090909091,0.9580808743113132,0.015442660121924015,0.9607882517808988,0.9458366653771065,0.9725526047739669,1.0,0.0,1.0,1.0,1.0,3.589280605316162,2.593792270753677,2.4928154945373535,2.116938352584839,3.9721438884735107,0.2479693222123222,0.009633617756575405,0.24751804100014851,0.2417493379998632,0.2512081090007996,64.0,0.0,64.0,64.0,64.0,1.0,0.0,1.0,1.0,1.0
proposed_dp_eps8_sparse_diverse,Unified DP-CounterGAN epsilon=8 + counted sparse-diverse search,64,no_disease_to_disease,medium_confidence,33.0,0.9121212121212121,0.22742797727738961,1.0,1.0,1.0,1.0,0.0,1.0,1.0,1.0,0.8181818181818182,0.39167472590032015,1.0,1.0,1.0,0.6242424242424243,0.2449876311039792,0.7,0.5,0.8,0.030303030303030304,0.17407765595569785,0.0,0.0,0.0,0.07145233881292921,0.01994192968976696,0.07088841497898102,0.06038033217191696,0.08808722347021103,0.633244481855593,0.101745840053869,0.65,0.55,0.7,0.633244481855593,0.101745840053869,0.65,0.55,0.7,0.056303661203745636,0.009197852070160053,0.05875938758254051,0.0484841987490654,0.06214989721775055,0.4663877630392797,0.06186184934688061,0.46660871607208565,0.4331159555118044,0.5120718174153779,0.4663877630392797,0.06186184934688061,0.46660871607208565,0.4331159555118044,0.5120718174153779,0.006060606060606061,0.034815531191139594,0.0,0.0,0.0,0.903956228956229,0.1324609595972851,0.9400000000000001,0.8800000000000001,1.0,0.8145068561996461,0.06662058018375822,0.8181818181818182,0.7692307692307693,0.8484848484848485,0.8145068561996461,0.06662058018375822,0.8181818181818182,0.7692307692307693,0.8484848484848485,0.9485982463016215,0.02802086811612551,0.9591216136804374,0.9338900430280074,0.9652588751118163,1.0,0.0,1.0,1.0,1.0,2.552429527947397,1.074848372678244,2.567443370819092,1.8381239175796509,3.262984037399292,0.24498493303017863,0.0068016928604939545,0.2434691059988836,0.24053798400018422,0.24885143099891138,64.0,0.0,64.0,64.0,64.0,1.0,0.0,1.0,1.0,1.0
proposed_dp_eps8_sparse_diverse,Unified DP-CounterGAN epsilon=8 + counted sparse-diverse search,64,no_disease_to_disease,near_boundary,34.0,0.8823529411764706,0.27903577291602766,1.0,1.0,1.0,0.9705882352941176,0.17149858514250882,1.0,1.0,1.0,0.7941176470588235,0.4104256301219048,1.0,1.0,1.0,0.6794117647058824,0.2727851988394575,0.75,0.6,0.9,0.08823529411764706,0.2879022412812366,0.0,0.0,0.0,0.06289414186595065,0.01746361024925889,0.06282006204128265,0.050727903842926025,0.07503931224346161,0.6583800972689862,0.07989506648319204,0.6611111111111111,0.5888888888888889,0.7166666666666667,0.6583800972689862,0.07989506648319204,0.6611111111111111,0.5888888888888889,0.7166666666666667,0.05468093061989004,0.013369375709026424,0.05748554319143295,0.04424501955509186,0.06552883982658386,0.468219306779628,0.07454122106454605,0.4609650491206471,0.41153052039968757,0.5221297869148271,0.468219306779628,0.07454122106454605,0.4609650491206471,0.41153052039968757,0.5221297869148271,0.04612794612794613,0.08462522736083816,0.0,0.0,0.1,0.9044444444444445,0.13770383320377233,0.9777777777777779,0.86,1.0,0.7886024189054492,0.08036430880337199,0.7878787878787878,0.7575757575757576,0.8461538461538461,0.7886024189054492,0.08036430880337199,0.7878787878787878,0.7575757575757576,0.8461538461538461,0.9436940474154443,0.028254516619905242,0.9517362535125693,0.9308531746031745,0.9663312616363161,1.0,0.0,1.0,1.0,1.0,2.9766437537742383,1.162324191626999,2.8310465812683105,2.302896022796631,3.276897430419922,0.24096687961761798,0.020082136250185224,0.2438024695002241,0.24036290325011578,0.24874051599999802,64.0,0.0,64.0,64.0,64.0,1.0,0.0,1.0,1.0,1.0
proposed_dp_eps8_sparse_diverse,Unified DP-CounterGAN epsilon=8 + counted sparse-diverse search,128,disease_to_no_disease,high_confidence,33.0,0.9848484848484849,0.0618527087180309,1.0,1.0,1.0,1.0,0.0,1.0,1.0,1.0,0.9393939393939394,0.24230584229877994,1.0,1.0,1.0,0.7969696969696969,0.1570924259887481,0.8,0.7,0.9,0.15151515151515152,0.3641095406272096,0.0,0.0,0.0,0.10040421185619904,0.037669806510948325,0.0893229991197586,0.07278071343898773,0.11676287651062012,0.5518458393458392,0.11800944983091367,0.5722222222222222,0.4791666666666667,0.65,0.5518458393458392,0.11800944983091367,0.5722222222222222,0.4791666666666667,0.65,0.07947093993425369,0.020824832101008852,0.08153171837329865,0.06350483000278473,0.09262220561504364,0.6393228245070027,0.08506691053308581,0.6462597793149638,0.5843447063637898,0.7146860277860919,0.6393228245070027,0.08506691053308581,0.6462597793149638,0.5843447063637898,0.7146860277860919,0.02727272727272727,0.06741998624632421,0.0,0.0,0.0,0.08606060606060606,0.1352298828370461,0.02,0.0,0.1,0.8853923853923855,0.06460958277713878,0.8787878787878788,0.8181818181818182,0.9393939393939394,0.8853923853923855,0.06460958277713878,0.8787878787878788,0.8181818181818182,0.9393939393939394,0.9710446926596397,0.01311790958257884,0.9708446987094433,0.9652447529895285,0.9805539416723628,1.0,0.0,1.0,1.0,1.0,5.65328206799247,3.131322158280696,4.692095756530762,3.8047356605529785,6.996184349060059,0.4790206126363597,0.04379181934656319,0.49104851000083727,0.45913421799923526,0.5073423720004939,128.0,0.0,128.0,128.0,128.0,2.0,0.0,2.0,2.0,2.0
proposed_dp_eps8_sparse_diverse,Unified DP-CounterGAN epsilon=8 + counted sparse-diverse search,128,disease_to_no_disease,medium_confidence,33.0,1.0,0.0,1.0,1.0,1.0,1.0,0.0,1.0,1.0,1.0,1.0,0.0,1.0,1.0,1.0,0.7999999999999999,0.1520690632574555,0.8,0.7,0.9,0.24242424242424243,0.43519413988924466,0.0,0.0,0.0,0.07565207011771924,0.035400587278839844,0.06330011785030365,0.053446292877197266,0.0770326778292656,0.6545454545454544,0.1237082526029088,0.6888888888888889,0.6111111111111112,0.7388888888888889,0.6545454545454544,0.1237082526029088,0.6888888888888889,0.6111111111111112,0.7388888888888889,0.07042607902125879,0.0264097760395659,0.061062753200531006,0.051203805953264236,0.08146996796131134,0.5816665994875999,0.11311378869924797,0.5703211199631881,0.49694193526548835,0.6726708650191261,0.5816665994875999,0.11311378869924797,0.5703211199631881,0.49694193526548835,0.6726708650191261,0.03333333333333333,0.09242113755341186,0.0,0.0,0.0,0.17333333333333334,0.21393145319626722,0.08,0.0,0.26000000000000006,0.8604224058769514,0.06815630580742385,0.8787878787878788,0.8181818181818182,0.9090909090909091,0.8604224058769514,0.06815630580742385,0.8787878787878788,0.8181818181818182,0.9090909090909091,0.9540810419688579,0.019711712325354038,0.9516211586615999,0.937882881007881,0.9691618818273231,1.0,0.0,1.0,1.0,1.0,5.28634364677198,3.907305028802833,4.0151166915893555,3.012185573577881,5.218254566192627,0.46994783742408774,0.044939040809918895,0.48520207999899867,0.47418054599984316,0.49288554699887754,128.0,0.0,128.0,128.0,128.0,2.0,0.0,2.0,2.0,2.0
proposed_dp_eps8_sparse_diverse,Unified DP-CounterGAN epsilon=8 + counted sparse-diverse search,128,disease_to_no_disease,near_boundary,34.0,1.0,0.0,1.0,1.0,1.0,1.0,0.0,1.0,1.0,1.0,1.0,0.0,1.0,1.0,1.0,0.8205882352941177,0.18713050342459664,0.9,0.7,1.0,0.3235294117647059,0.4748580799338171,0.0,0.0,1.0,0.06369785383781966,0.031828207743489656,0.05150364898145199,0.040658846497535706,0.08620363846421242,0.7091503267973857,0.11911321510011987,0.7416666666666667,0.6138888888888889,0.8013888888888889,0.7091503267973857,0.11911321510011987,0.7416666666666667,0.6138888888888889,0.8013888888888889,0.05963687094695428,0.021896288360627944,0.051358042284846306,0.04599064029753208,0.07156284153461456,0.5286919685012895,0.10548160064697247,0.4978529816241713,0.46567935463721044,0.6058621646583843,0.5286919685012895,0.10548160064697247,0.4978529816241713,0.46567935463721044,0.6058621646583843,0.10588235294117646,0.16866890010005564,0.0,0.0,0.1,0.2323529411764706,0.21467464915794637,0.16999999999999998,0.06000000000000001,0.365,0.8003565062388591,0.07275697551500374,0.7878787878787878,0.7651515151515151,0.8484848484848485,0.8003565062388591,0.07275697551500374,0.7878787878787878,0.7651515151515151,0.8484848484848485,0.937773038669576,0.029127844426110848,0.9411129495504496,0.9162147748085248,0.957463581149243,1.0,0.0,1.0,1.0,1.0,5.269486080197727,2.5978351953657186,4.481614828109741,3.5148996710777283,6.482355356216431,0.47691660829409827,0.03720098625600589,0.48406352900019556,0.4732065854996108,0.49539465699990615,128.0,0.0,128.0,128.0,128.0,2.0,0.0,2.0,2.0,2.0
proposed_dp_eps8_sparse_diverse,Unified DP-CounterGAN epsilon=8 + counted sparse-diverse search,128,no_disease_to_disease,high_confidence,33.0,1.0,0.0,1.0,1.0,1.0,1.0,0.0,1.0,1.0,1.0,1.0,0.0,1.0,1.0,1.0,0.7454545454545455,0.15429458247721528,0.8,0.6,0.8,0.12121212121212122,0.33143398263980833,0.0,0.0,0.0,0.07496168532154777,0.015251859131926605,0.07269276678562164,0.06488973647356033,0.08742092549800873,0.6473063973063974,0.08242703016098389,0.6555555555555556,0.6055555555555555,0.6944444444444444,0.6473063973063974,0.08242703016098389,0.6555555555555556,0.6055555555555555,0.6944444444444444,0.06305947775642078,0.016047235008308344,0.061283499002456665,0.05036970600485802,0.07169326394796371,0.512792386907349,0.07451147266565047,0.5195123162521164,0.47162182930182545,0.5548050669014659,0.512792386907349,0.07451147266565047,0.5195123162521164,0.47162182930182545,0.5548050669014659,0.015151515151515152,0.03641095406272095,0.0,0.0,0.0,0.9333333333333333,0.09255628917943211,0.9800000000000001,0.9,1.0,0.8475665748393021,0.07780743713171343,0.8484848484848485,0.7878787878787878,0.9090909090909091,0.8475665748393021,0.07780743713171343,0.8484848484848485,0.7878787878787878,0.9090909090909091,0.9497311403566161,0.01701661218888692,0.9505152506806919,0.9424396393939738,0.9579226961763727,1.0,0.0,1.0,1.0,1.0,3.960400079235886,2.4009718232334074,3.0540552139282227,2.644718647003174,4.430855751037598,0.49694352003026515,0.019477797156545525,0.4962438260008639,0.4882398080007988,0.507201611999335,128.0,0.0,128.0,128.0,128.0,2.0,0.0,2.0,2.0,2.0
proposed_dp_eps8_sparse_diverse,Unified DP-CounterGAN epsilon=8 + counted sparse-diverse search,128,no_disease_to_disease,medium_confidence,33.0,1.0,0.0,1.0,1.0,1.0,1.0,0.0,1.0,1.0,1.0,1.0,0.0,1.0,1.0,1.0,0.6939393939393939,0.2030076875690209,0.7,0.5,0.8,0.06060606060606061,0.24230584229877988,0.0,0.0,0.0,0.06740203217575044,0.016787927543787287,0.06450724601745605,0.05551844835281372,0.07676634192466736,0.691919191919192,0.07654139963827329,0.7055555555555555,0.65,0.7388888888888889,0.691919191919192,0.07654139963827329,0.7055555555555555,0.65,0.7388888888888889,0.0616020719436082,0.015855576208228438,0.05623215064406395,0.050669968128204346,0.06643971055746078,0.5063120655868333,0.07506455674810354,0.5191488877127617,0.4631740074054008,0.5728171666474214,0.5063120655868333,0.07506455674810354,0.5191488877127617,0.4631740074054008,0.5728171666474214,0.0030303030303030303,0.017407765595569783,0.0,0.0,0.0,0.8975757575757576,0.09996969237693688,0.9199999999999999,0.8400000000000001,0.9800000000000001,0.8246097337006427,0.06807971132080967,0.8484848484848485,0.7878787878787878,0.8484848484848485,0.8246097337006427,0.06807971132080967,0.8484848484848485,0.7878787878787878,0.8484848484848485,0.9372793141961191,0.02222808312355618,0.939609557109557,0.9165362365962212,0.9541332278832279,1.0,0.0,1.0,1.0,1.0,3.67617423064781,3.0638684869243953,2.941039562225342,1.805092453956604,4.266713619232178,0.4943360701212386,0.011106573497766876,0.4914738520001265,0.48804454899982375,0.5024575099996582,128.0,0.0,128.0,128.0,128.0,2.0,0.0,2.0,2.0,2.0
proposed_dp_eps8_sparse_diverse,Unified DP-CounterGAN epsilon=8 + counted sparse-diverse search,128,no_disease_to_disease,near_boundary,34.0,1.0,0.0,1.0,1.0,1.0,1.0,0.0,1.0,1.0,1.0,1.0,0.0,1.0,1.0,1.0,0.7558823529411764,0.1330098571662522,0.75,0.7,0.9,0.029411764705882353,0.1714985851425088,0.0,0.0,0.0,0.059656167512430865,0.013449733363978282,0.05801461264491081,0.047823308035731316,0.06951083801686764,0.7099673202614378,0.06117657056987126,0.7166666666666668,0.6694444444444444,0.7597222222222222,0.7099673202614378,0.06117657056987126,0.7166666666666668,0.6694444444444444,0.7597222222222222,0.06192708848153844,0.012071983746802604,0.06020232103765011,0.05587062332779169,0.06746579706668854,0.5093068213606076,0.0851921887273768,0.4902976628348133,0.4394746405427819,0.5752346742044413,0.5093068213606076,0.0851921887273768,0.4902976628348133,0.4394746405427819,0.5752346742044413,0.047058823529411764,0.1022038785887012,0.0,0.0,0.1,0.8611764705882353,0.17497644353805566,0.9199999999999999,0.8150000000000001,0.96,0.804812834224599,0.07831004940529694,0.7878787878787878,0.7575757575757576,0.8787878787878788,0.804812834224599,0.07831004940529694,0.7878787878787878,0.7575757575757576,0.8787878787878788,0.9320967374501851,0.02794651226426359,0.9374802974802976,0.9209078691937148,0.9523843510881533,1.0,0.0,1.0,1.0,1.0,3.7025832253343918,1.6359043667872257,3.3747329711914062,2.744932532310486,4.358604550361633,0.489896265264767,0.017854497231827807,0.48952774750068784,0.483163420999972,0.49818598499950895,128.0,0.0,128.0,128.0,128.0,2.0,0.0,2.0,2.0,2.0
proposed_dp_eps8_sparse_diverse,Unified DP-CounterGAN epsilon=8 + counted sparse-diverse search,256,disease_to_no_disease,high_confidence,33.0,1.0,0.0,1.0,1.0,1.0,1.0,0.0,1.0,1.0,1.0,1.0,0.0,1.0,1.0,1.0,0.8484848484848485,0.13720698807188203,0.9,0.7,1.0,0.3333333333333333,0.47871355387816905,0.0,0.0,1.0,0.09904590971542127,0.03453020761797898,0.09071864187717438,0.07341406494379044,0.11490052938461304,0.6365319865319865,0.09692444778473779,0.65,0.5777777777777777,0.7000000000000001,0.6365319865319865,0.09692444778473779,0.65,0.5777777777777777,0.7000000000000001,0.09223284527207866,0.031740486083151005,0.0898330882191658,0.07137930393218994,0.10845860093832016,0.7216303780160025,0.12336113985462968,0.7403564464671799,0.6216432293476156,0.8245629362234677,0.7216303780160025,0.12336113985462968,0.7403564464671799,0.6216432293476156,0.8245629362234677,0.024242424242424242,0.07917663414126291,0.0,0.0,0.0,0.09515151515151515,0.11843039126743428,0.06,0.0,0.12000000000000002,0.8879706152433425,0.0538277959463313,0.8787878787878788,0.8484848484848485,0.9090909090909091,0.8879706152433425,0.0538277959463313,0.8787878787878788,0.8484848484848485,0.9090909090909091,0.9588491242467386,0.01641736434270833,0.9613030719280721,0.9493318507472919,0.9709949790192758,1.0,0.0,1.0,1.0,1.0,8.58232645554976,4.370564543331625,7.991255283355713,5.333221435546875,11.238035202026367,0.9897400136665745,0.05138707911033491,0.995483239999885,0.9665034910012764,1.0275260699982027,256.0,0.0,256.0,256.0,256.0,4.0,0.0,4.0,4.0,4.0
proposed_dp_eps8_sparse_diverse,Unified DP-CounterGAN epsilon=8 + counted sparse-diverse search,256,disease_to_no_disease,medium_confidence,33.0,1.0,0.0,1.0,1.0,1.0,1.0,0.0,1.0,1.0,1.0,1.0,0.0,1.0,1.0,1.0,0.7939393939393938,0.19029482707662135,0.8,0.7,1.0,0.30303030303030304,0.46669372215943766,0.0,0.0,1.0,0.07233754861535448,0.03000866639040011,0.060589175671339035,0.05304422974586487,0.07665557414293289,0.7163299663299663,0.08994532154558484,0.7444444444444446,0.6888888888888889,0.788888888888889,0.7163299663299663,0.08994532154558484,0.7444444444444446,0.6888888888888889,0.788888888888889,0.07607846549063017,0.03061490605233167,0.0666627287864685,0.05380876362323761,0.08041342347860336,0.6362591214755835,0.12540580452806963,0.6159481786767627,0.5327968030028849,0.7259394776384771,0.6362591214755835,0.12540580452806963,0.6159481786767627,0.5327968030028849,0.7259394776384771,0.0393939393939394,0.08992842271563099,0.0,0.0,0.0,0.12727272727272726,0.16850950876865836,0.08,0.0,0.16,0.8567493112947658,0.06026072411632881,0.8484848484848485,0.8181818181818182,0.9090909090909091,0.8567493112947658,0.06026072411632881,0.8484848484848485,0.8181818181818182,0.9090909090909091,0.9443209199742679,0.020715294988135104,0.9401397907647908,0.9329636335886338,0.9562704329983742,1.0,0.0,1.0,1.0,1.0,6.838084748297026,5.00533573445119,4.8038811683654785,3.334162950515747,8.046832084655762,0.9628539148181627,0.04986460706751015,0.9744106739999552,0.9496728289996099,0.9940157729997736,256.0,0.0,256.0,256.0,256.0,4.0,0.0,4.0,4.0,4.0
proposed_dp_eps8_sparse_diverse,Unified DP-CounterGAN epsilon=8 + counted sparse-diverse search,256,disease_to_no_disease,near_boundary,34.0,1.0,0.0,1.0,1.0,1.0,1.0,0.0,1.0,1.0,1.0,1.0,0.0,1.0,1.0,1.0,0.7794117647058822,0.12254723706368481,0.8,0.7,0.9,0.029411764705882353,0.17149858514250876,0.0,0.0,0.0,0.05913764041136293,0.027488371785401557,0.05230931006371975,0.04025484714657068,0.07957451790571213,0.7678104575163398,0.09444721140494919,0.8,0.7,0.8388888888888889,0.7678104575163398,0.09444721140494919,0.8,0.7,0.8388888888888889,0.060106450198766065,0.02537597437939389,0.05311695486307144,0.044298259541392326,0.07346262782812119,0.5524614394484291,0.1103260408342642,0.5394074952615536,0.47204604046883863,0.6298428283697338,0.5524614394484291,0.1103260408342642,0.5394074952615536,0.47204604046883863,0.6298428283697338,0.10882352941176471,0.17815153076647558,0.0,0.0,0.1,0.1576470588235294,0.16365260367026563,0.1,0.025,0.25500000000000006,0.8101604278074865,0.0739673973109316,0.8181818181818182,0.7575757575757576,0.8484848484848485,0.8101604278074865,0.0739673973109316,0.8181818181818182,0.7575757575757576,0.8484848484848485,0.9218694165008587,0.033772597290336354,0.9220136807636807,0.8976766983016982,0.9466518377455878,1.0,0.0,1.0,1.0,1.0,5.650697399588192,2.7789900979419393,5.73712944984436,3.142972767353058,6.974036693572998,0.978366149441252,0.04835020104212795,0.9852167634994657,0.972236541500024,1.0025527594998493,256.0,0.0,256.0,256.0,256.0,4.0,0.0,4.0,4.0,4.0
proposed_dp_eps8_sparse_diverse,Unified DP-CounterGAN epsilon=8 + counted sparse-diverse search,256,no_disease_to_disease,high_confidence,33.0,1.0,0.0,1.0,1.0,1.0,1.0,0.0,1.0,1.0,1.0,1.0,0.0,1.0,1.0,1.0,0.7212121212121212,0.15563895671869835,0.7,0.6,0.8,0.030303030303030304,0.17407765595569796,0.0,0.0,0.0,0.07363776117563248,0.019612729723669495,0.06984984874725342,0.06241784244775772,0.08268759399652481,0.6984848484848485,0.08218271300278615,0.7111111111111111,0.6555555555555556,0.7500000000000001,0.6984848484848485,0.08218271300278615,0.7111111111111111,0.6555555555555556,0.7500000000000001,0.07496809180487286,0.020958988719760197,0.06999527662992477,0.059378672391176224,0.09255218505859375,0.5631799563620145,0.09050496993903055,0.5617316917587686,0.5122397038811654,0.5976075964172831,0.5631799563620145,0.09050496993903055,0.5617316917587686,0.5122397038811654,0.5976075964172831,0.021212121212121213,0.04151487502672803,0.0,0.0,0.0,0.9054545454545454,0.09737462801889507,0.9199999999999999,0.86,1.0,0.8613406795224977,0.05670711519768946,0.8787878787878788,0.8181818181818182,0.9090909090909091,0.8613406795224977,0.05670711519768946,0.8787878787878788,0.8181818181818182,0.9090909090909091,0.9383569344166642,0.022416081605651693,0.9403973110223112,0.9226384726384728,0.9490288877788877,1.0,0.0,1.0,1.0,1.0,5.361981818170259,3.562219437835806,4.044102191925049,3.036214590072632,7.441187858581543,0.997803464485156,0.0360835896967947,0.9992665240006318,0.9812637880004331,1.0212074980008765,256.0,0.0,256.0,256.0,256.0,4.0,0.0,4.0,4.0,4.0
proposed_dp_eps8_sparse_diverse,Unified DP-CounterGAN epsilon=8 + counted sparse-diverse search,256,no_disease_to_disease,medium_confidence,33.0,1.0,0.0,1.0,1.0,1.0,1.0,0.0,1.0,1.0,1.0,1.0,0.0,1.0,1.0,1.0,0.709090909090909,0.17564815036678502,0.7,0.6,0.8,0.09090909090909091,0.29193710406057105,0.0,0.0,0.0,0.06409276976729884,0.018633795412799657,0.05788158252835274,0.04924088716506958,0.07439358532428741,0.7383838383838384,0.07166402391180896,0.7611111111111112,0.7111111111111111,0.788888888888889,0.7383838383838384,0.07166402391180896,0.7611111111111112,0.7111111111111111,0.788888888888889,0.06621678997621391,0.02171780341828226,0.06160064414143562,0.04920792207121849,0.0739704892039299,0.5292211005347922,0.07398490881205716,0.5318278064839002,0.46981511763390627,0.574009499458992,0.5292211005347922,0.07398490881205716,0.5318278064839002,0.46981511763390627,0.574009499458992,0.012121212121212121,0.03314339826398087,0.0,0.0,0.0,0.8921212121212121,0.10098754798728826,0.9200000000000002,0.82,0.96,0.820018365472911,0.08399851392063022,0.8181818181818182,0.7575757575757576,0.8787878787878788,0.820018365472911,0.08399851392063022,0.8181818181818182,0.7575757575757576,0.8787878787878788,0.9268816705668484,0.029433489898084683,0.9283668414918415,0.9126184926184925,0.9483534153754741,1.0,0.0,1.0,1.0,1.0,4.068439866557266,2.8356785851638957,2.9484047889709473,2.140200614929199,5.106947898864746,0.9875822796971492,0.04423945688488572,0.9897402770002373,0.9760178699998505,1.0048580910006422,256.0,0.0,256.0,256.0,256.0,4.0,0.0,4.0,4.0,4.0
proposed_dp_eps8_sparse_diverse,Unified DP-CounterGAN epsilon=8 + counted sparse-diverse search,256,no_disease_to_disease,near_boundary,34.0,1.0,0.0,1.0,1.0,1.0,1.0,0.0,1.0,1.0,1.0,1.0,0.0,1.0,1.0,1.0,0.7411764705882353,0.1499851448377948,0.7,0.6,0.9,0.029411764705882353,0.17149858514250876,0.0,0.0,0.0,0.054611621205421054,0.015862345887097545,0.05056612193584442,0.0424734428524971,0.06456592679023743,0.7671568627450981,0.06685394076582163,0.7777777777777778,0.7166666666666668,0.8263888888888888,0.7671568627450981,0.06685394076582163,0.7777777777777778,0.7166666666666668,0.8263888888888888,0.06016637894379742,0.019107384819021703,0.059646669775247574,0.04628579970449209,0.0687724482268095,0.5300266405591412,0.09127819370306829,0.5303740424797474,0.45255371130168565,0.5926823419213785,0.5300266405591412,0.09127819370306829,0.5303740424797474,0.45255371130168565,0.5926823419213785,0.04411764705882354,0.08941282014575488,0.0,0.0,0.07500000000000001,0.87,0.1657489887532569,0.9400000000000001,0.79,0.995,0.8074866310160428,0.0859958993610368,0.8181818181818182,0.7878787878787878,0.8484848484848485,0.8074866310160428,0.0859958993610368,0.8181818181818182,0.7878787878787878,0.8484848484848485,0.9153917272546904,0.04007013948007893,0.927309496059496,0.8965371607559108,0.9470679407398157,1.0,0.0,1.0,1.0,1.0,4.601855039596558,2.570963155376457,3.4644616842269897,2.575296700000763,5.610315799713135,0.988600050794369,0.0227638934685616,0.9896454789995914,0.9788806229998954,1.0056095032505254,256.0,0.0,256.0,256.0,256.0,4.0,0.0,4.0,4.0,4.0
proposed_dp_eps8_sparse_diverse,Unified DP-CounterGAN epsilon=8 + counted sparse-diverse search,512,disease_to_no_disease,high_confidence,33.0,1.0,0.0,1.0,1.0,1.0,1.0,0.0,1.0,1.0,1.0,1.0,0.0,1.0,1.0,1.0,0.8363636363636364,0.1496207326421163,0.9,0.7,1.0,0.30303030303030304,0.4666937221594376,0.0,0.0,1.0,0.08849968772494432,0.03425732216354581,0.07239806652069092,0.06475873291492462,0.10038812458515167,0.7094276094276094,0.10306346226486718,0.7277777777777776,0.6444444444444445,0.7944444444444445,0.7094276094276094,0.10306346226486718,0.7277777777777776,0.6444444444444445,0.7944444444444445,0.08587181839075955,0.027276540818578936,0.08250439167022705,0.06856422871351242,0.10061823576688766,0.7678413034719169,0.15882716187327,0.7652305382490562,0.627954388849704,0.831552612667787,0.7678413034719169,0.15882716187327,0.7652305382490562,0.627954388849704,0.831552612667787,0.012121212121212121,0.04151487502672807,0.0,0.0,0.0,0.07333333333333333,0.08450838222724813,0.04,0.0,0.1,0.8943985307621672,0.06522248254381953,0.9090909090909091,0.8787878787878788,0.9393939393939394,0.8943985307621672,0.06522248254381953,0.9090909090909091,0.8787878787878788,0.9393939393939394,0.9413012575192714,0.02448535063059909,0.9415608003108005,0.9244043456543457,0.9615129315129314,1.0,0.0,1.0,1.0,1.0,10.17832365180507,5.990318447945411,8.484334945678711,6.518919467926025,11.846949577331543,2.0300143918485087,0.05481636518079106,2.04118064999966,1.996903690000181,2.074727379000251,512.0,0.0,512.0,512.0,512.0,8.0,0.0,8.0,8.0,8.0
proposed_dp_eps8_sparse_diverse,Unified DP-CounterGAN epsilon=8 + counted sparse-diverse search,512,disease_to_no_disease,medium_confidence,33.0,1.0,0.0,1.0,1.0,1.0,1.0,0.0,1.0,1.0,1.0,1.0,0.0,1.0,1.0,1.0,0.8151515151515152,0.16978149950968613,0.9,0.8,0.9,0.21212121212121213,0.41514875026728043,0.0,0.0,0.0,0.06534361997337053,0.022853008781615655,0.0569707527756691,0.05207383632659912,0.06925573945045471,0.7695286195286196,0.06787278763362933,0.7777777777777779,0.7388888888888889,0.8222222222222223,0.7695286195286196,0.06787278763362933,0.7777777777777779,0.7388888888888889,0.8222222222222223,0.07064284858378497,0.02669390401690038,0.06381101161241531,0.053799841552972794,0.0798284187912941,0.6533975096062165,0.1372440846876266,0.6653218634612463,0.5148975088150625,0.7670426797457027,0.6533975096062165,0.1372440846876266,0.6653218634612463,0.5148975088150625,0.7670426797457027,0.045454545454545456,0.11205720941473678,0.0,0.0,0.0,0.13454545454545452,0.14893561757289017,0.1,0.02,0.21999999999999997,0.8751147842056934,0.06723141295429898,0.8787878787878788,0.8181818181818182,0.9090909090909091,0.8751147842056934,0.06723141295429898,0.8787878787878788,0.8181818181818182,0.9090909090909091,0.9273305020058643,0.02708243587717077,0.9285588716838717,0.9167595598845599,0.9444909951159952,1.0,0.0,1.0,1.0,1.0,7.469448682033654,4.366577195529942,6.115059852600098,3.9910778999328613,9.335933685302734,1.9896586389697515,0.060830679803333634,1.9927878680009599,1.9608029970004281,2.0241472979996615,512.0,0.0,512.0,512.0,512.0,8.0,0.0,8.0,8.0,8.0
proposed_dp_eps8_sparse_diverse,Unified DP-CounterGAN epsilon=8 + counted sparse-diverse search,512,disease_to_no_disease,near_boundary,34.0,1.0,0.0,1.0,1.0,1.0,1.0,0.0,1.0,1.0,1.0,1.0,0.0,1.0,1.0,1.0,0.7970588235294118,0.14031413699623507,0.8,0.7,0.9,0.11764705882352941,0.32703497008386445,0.0,0.0,0.0,0.05132550773594309,0.02095663112620943,0.048363013193011284,0.03526443336158991,0.05888523533940315,0.8183006535947712,0.07305950062660073,0.8444444444444444,0.788888888888889,0.8666666666666666,0.8183006535947712,0.07305950062660073,0.8444444444444444,0.788888888888889,0.8666666666666666,0.056529938407680565,0.022263959084105833,0.047916168347001076,0.042177279479801655,0.06550154648721218,0.5664385796062053,0.11549139678975014,0.5376377432142715,0.4911638999117711,0.6593433598704962,0.5664385796062053,0.11549139678975014,0.5376377432142715,0.4911638999117711,0.6593433598704962,0.10882352941176471,0.15048939771136507,0.0,0.0,0.2,0.1123529411764706,0.13830267254652592,0.08,0.02,0.14,0.8110516934046347,0.08105752026923914,0.8181818181818182,0.7575757575757576,0.8712121212121212,0.8110516934046347,0.08105752026923914,0.8181818181818182,0.7575757575757576,0.8712121212121212,0.9044277972957858,0.02648596974334828,0.8996676587301586,0.8857932171994671,0.9196389201076701,1.0,0.0,1.0,1.0,1.0,6.2021439426085525,2.8646639212433835,5.356160640716553,4.307216763496399,7.4064178466796875,2.0046851208235505,0.08108528411982141,2.019749452999349,1.9823836972504978,2.048413633499422,512.0,0.0,512.0,512.0,512.0,8.0,0.0,8.0,8.0,8.0
proposed_dp_eps8_sparse_diverse,Unified DP-CounterGAN epsilon=8 + counted sparse-diverse search,512,no_disease_to_disease,high_confidence,33.0,1.0,0.0,1.0,1.0,1.0,1.0,0.0,1.0,1.0,1.0,1.0,0.0,1.0,1.0,1.0,0.7272727272727273,0.15056710977319898,0.7,0.6,0.8,0.030303030303030304,0.174077655955698,0.0,0.0,0.0,0.06573223469383789,0.01711488699445404,0.060605239123106,0.05733770877122879,0.07388108968734741,0.7563973063973064,0.06733062328557449,0.7666666666666667,0.7277777777777779,0.8,0.7563973063973064,0.06733062328557449,0.7666666666666667,0.7277777777777779,0.8,0.07161490043455904,0.018600230735837137,0.07079093158245087,0.05728532373905182,0.08324211090803146,0.577401972247226,0.1013900613842695,0.5700349970442999,0.49399925917881526,0.6339020275826516,0.577401972247226,0.1013900613842695,0.5700349970442999,0.49399925917881526,0.6339020275826516,0.015151515151515152,0.044167381354995164,0.0,0.0,0.0,0.8824242424242426,0.09871139444835837,0.9,0.82,0.96,0.8503213957759412,0.0677339642902173,0.8484848484848485,0.8181818181818182,0.9090909090909091,0.8503213957759412,0.0677339642902173,0.8484848484848485,0.8181818181818182,0.9090909090909091,0.9194704958862009,0.030294404585985077,0.9193372946497945,0.8950789488289489,0.9406905512787865,1.0,0.0,1.0,1.0,1.0,5.440712466384426,3.2368961310587387,4.3650288581848145,3.2251689434051514,7.057926177978516,2.037332397666846,0.08016048550553076,2.0400333629986562,2.020916725999996,2.0843007910007145,512.0,0.0,512.0,512.0,512.0,8.0,0.0,8.0,8.0,8.0
proposed_dp_eps8_sparse_diverse,Unified DP-CounterGAN epsilon=8 + counted sparse-diverse search,512,no_disease_to_disease,medium_confidence,33.0,1.0,0.0,1.0,1.0,1.0,1.0,0.0,1.0,1.0,1.0,1.0,0.0,1.0,1.0,1.0,0.6545454545454544,0.19699446231256904,0.7,0.5,0.8,0.09090909090909091,0.2919371040605711,0.0,0.0,0.0,0.05635423687371341,0.012360517007726946,0.05278528481721878,0.04882277920842171,0.06316740065813065,0.7983164983164983,0.0522725239508725,0.8166666666666668,0.788888888888889,0.8333333333333334,0.7983164983164983,0.0522725239508725,0.8166666666666668,0.788888888888889,0.8333333333333334,0.060942642729390754,0.015473908952001804,0.05762239173054695,0.04965564236044884,0.06992845982313156,0.5455503409293561,0.07835859139912235,0.5462992857816971,0.49435950232527387,0.6019111400554166,0.5455503409293561,0.07835859139912235,0.5462992857816971,0.49435950232527387,0.6019111400554166,0.009090909090909092,0.029193710406057106,0.0,0.0,0.0,0.8600000000000002,0.11202678251204042,0.8600000000000001,0.76,0.9800000000000001,0.8347107438016528,0.07029180826175198,0.8484848484848485,0.7878787878787878,0.8787878787878788,0.8347107438016528,0.07029180826175198,0.8484848484848485,0.7878787878787878,0.8787878787878788,0.9041955077750532,0.031962353834353495,0.8963095238095239,0.8805275974025975,0.9224107142857143,1.0,0.0,1.0,1.0,1.0,4.14926290512085,3.0971468682813352,2.9319889545440674,1.996215581893921,4.644134521484375,1.9898100827575753,0.09373982490958832,2.0094840340007067,1.9775520270013658,2.0503501090006466,512.0,0.0,512.0,512.0,512.0,8.0,0.0,8.0,8.0,8.0
proposed_dp_eps8_sparse_diverse,Unified DP-CounterGAN epsilon=8 + counted sparse-diverse search,512,no_disease_to_disease,near_boundary,34.0,1.0,0.0,1.0,1.0,1.0,1.0,0.0,1.0,1.0,1.0,1.0,0.0,1.0,1.0,1.0,0.7205882352941176,0.1533058178830518,0.7,0.6,0.8,0.08823529411764706,0.2879022412812365,0.0,0.0,0.0,0.04914458183681264,0.012702088118604436,0.04409401677548885,0.04151950962841511,0.05536163505166769,0.8163398692810456,0.05821803864204761,0.8333333333333334,0.8069444444444445,0.8541666666666666,0.8163398692810456,0.05821803864204761,0.8333333333333334,0.8069444444444445,0.8541666666666666,0.05494882582741625,0.018269352148914713,0.050478288903832436,0.04371029883623123,0.06063444074243307,0.5398446893310991,0.09511340801522183,0.5420210994703767,0.4641518770428816,0.6136013916401168,0.5398446893310991,0.09511340801522183,0.5420210994703767,0.4641518770428816,0.6136013916401168,0.07058823529411765,0.10597144202125479,0.0,0.0,0.1,0.8605882352941177,0.17570535212818197,0.95,0.75,1.0,0.8003565062388591,0.07275697551500374,0.8181818181818182,0.7651515151515151,0.8484848484848485,0.8003565062388591,0.07275697551500374,0.8181818181818182,0.7651515151515151,0.8484848484848485,0.8940677629031868,0.03849369919260268,0.900443272005772,0.8716310599123099,0.9183383803696304,1.0,0.0,1.0,1.0,1.0,4.79235553040224,2.2804963889891634,4.0292675495147705,3.325333297252655,5.966853976249695,2.0187704272648794,0.03929505825649894,2.0176043385008597,2.000522323999121,2.0314329142497627,512.0,0.0,512.0,512.0,512.0,8.0,0.0,8.0,8.0,8.0
uniform_random,Uniform constrained random,64,disease_to_no_disease,high_confidence,33.0,0.6090909090909091,0.31361165910608735,0.5,0.4,0.9,0.9393939393939394,0.24230584229877988,1.0,1.0,1.0,0.21212121212121213,0.4151487502672805,0.0,0.0,0.0,0.5272727272727272,0.2684128434808114,0.5,0.4,0.8,0.0,0.0,0.0,0.0,0.0,0.09397148869691356,0.009096481745251067,0.09316075593233109,0.09036567807197571,0.09992195293307304,0.1312873357228196,0.040804133864631796,0.12962962962962965,0.10648148148148148,0.15555555555555556,0.1312873357228196,0.040804133864631796,0.12962962962962965,0.10648148148148148,0.15555555555555556,0.1077929341023968,0.012873624593079022,0.10940855741500854,0.10166856274008751,0.11566151678562164,0.7052765365759346,0.09065443660706364,0.7094674735078403,0.646574824268548,0.7592929253736489,0.7052765365759346,0.09065443660706364,0.7094674735078403,0.646574824268548,0.7592929253736489,0.047311827956989246,0.13327059455841936,0.0,0.0,0.0,0.0023655913978494624,0.009197163346384124,0.0,0.0,0.0,0.8712843906392291,0.0730280675320175,0.8846153846153846,0.8148148148148148,0.9259259259259259,0.8712843906392291,0.0730280675320175,0.8846153846153846,0.8148148148148148,0.9259259259259259,0.9729167285161741,0.007630924045727352,0.9739699296449853,0.9688421955668202,0.9768115151921233,1.0,0.0,1.0,1.0,1.0,4.228134847456409,1.2872297407416966,4.3245038986206055,3.492232322692871,4.852777004241943,0.04433228615143338,0.0033438092093243774,0.043633723000311875,0.042961554999237705,0.045099867999851995,64.0,0.0,64.0,64.0,64.0,1.0,0.0,1.0,1.0,1.0
uniform_random,Uniform constrained random,64,disease_to_no_disease,medium_confidence,33.0,0.9696969696969697,0.07699370300894938,1.0,1.0,1.0,1.0,0.0,1.0,1.0,1.0,0.8484848484848485,0.3641095406272096,1.0,1.0,1.0,0.8454545454545455,0.13250214406498553,0.9,0.8,0.9,0.21212121212121213,0.4151487502672805,0.0,0.0,0.0,0.08547899646289421,0.008097344143098538,0.08625653386116028,0.08051024377346039,0.09128437936306,0.1572196836085725,0.041184711508441746,0.15000000000000002,0.1277777777777778,0.18888888888888886,0.1572196836085725,0.041184711508441746,0.15000000000000002,0.1277777777777778,0.18888888888888886,0.1072801568291404,0.010017786550286468,0.10747753083705902,0.09964829683303833,0.11448297649621964,0.6412661960555643,0.08549532252637977,0.6454538769685784,0.5834778636623417,0.6595140834684419,0.6412661960555643,0.08549532252637977,0.6454538769685784,0.5834778636623417,0.6595140834684419,0.033333333333333326,0.08897565210026094,0.0,0.0,0.0,0.021969696969696972,0.03652780178207146,0.0,0.0,0.025,0.8630293774494402,0.06413943258891164,0.8484848484848485,0.8181818181818182,0.9090909090909091,0.8630293774494402,0.06413943258891164,0.8484848484848485,0.8181818181818182,0.9090909090909091,0.9689683054326317,0.008046113183326679,0.9695341498532362,0.9635588513494641,0.9736699830920841,1.0,0.0,1.0,1.0,1.0,4.9265782182866875,1.2670740875164443,4.759990215301514,4.096402168273926,5.494473934173584,0.04537434984856439,0.004267451763697124,0.04429883000011614,0.043687989999853016,0.045699213999796484,64.0,0.0,64.0,64.0,64.0,1.0,0.0,1.0,1.0,1.0
uniform_random,Uniform constrained random,64,disease_to_no_disease,near_boundary,34.0,1.0,0.0,1.0,1.0,1.0,1.0,0.0,1.0,1.0,1.0,1.0,0.0,1.0,1.0,1.0,0.8852941176470588,0.11317016670048712,0.9,0.8,1.0,0.35294117647058826,0.485071250072666,0.0,0.0,1.0,0.07822462061748785,0.007438074962767341,0.07768978551030159,0.07247345522046089,0.08421164192259312,0.21650326797385622,0.039932727149092566,0.21666666666666665,0.19444444444444448,0.2444444444444444,0.21650326797385622,0.039932727149092566,0.21666666666666665,0.19444444444444448,0.2444444444444444,0.10055228826754234,0.00948962494217408,0.09912417456507683,0.09401741251349449,0.10573304444551468,0.5723973074656324,0.05963316888202301,0.5561566501655149,0.537710857977239,0.5996401423122508,0.5723973074656324,0.05963316888202301,0.5561566501655149,0.537710857977239,0.5996401423122508,0.011764705882352941,0.032703497008386415,0.0,0.0,0.0,0.03764705882352942,0.06125252368477573,0.02,0.0,0.04,0.8270944741532977,0.08018448958646987,0.8181818181818182,0.7878787878787878,0.8787878787878788,0.8270944741532977,0.08018448958646987,0.8181818181818182,0.7878787878787878,0.8787878787878788,0.9580096133481629,0.008973211559982638,0.958277605642687,0.9516346573276303,0.9633724107211503,1.0,0.0,1.0,1.0,1.0,5.710720658302307,1.1218305280723597,5.942071199417114,5.024714469909668,6.6340107917785645,0.0517189198528874,0.03455179354929563,0.04537865850033995,0.04470552975044484,0.04638162124979317,64.0,0.0,64.0,64.0,64.0,1.0,0.0,1.0,1.0,1.0
uniform_random,Uniform constrained random,64,no_disease_to_disease,high_confidence,33.0,0.8606060606060607,0.2192877589199206,1.0,0.8,1.0,1.0,0.0,1.0,1.0,1.0,0.6363636363636364,0.4885042104591973,1.0,0.0,1.0,0.7030303030303031,0.2297890996175195,0.8,0.6,0.9,0.12121212121212122,0.33143398263980833,0.0,0.0,0.0,0.09405099058693106,0.008990867043892995,0.09587926417589188,0.08772493898868561,0.09819181263446808,0.13674843674843676,0.03972859849815154,0.1277777777777778,0.11111111111111112,0.15555555555555559,0.13674843674843676,0.03972859849815154,0.1277777777777778,0.11111111111111112,0.15555555555555559,0.11046660194794337,0.011441700070286255,0.11099760234355927,0.10196074098348618,0.11736069619655609,0.6336840913477255,0.06850650204570839,0.613203690272401,0.5845532181843656,0.689063467757827,0.6336840913477255,0.06850650204570839,0.613203690272401,0.5845532181843656,0.689063467757827,0.015151515151515152,0.08703882797784898,0.0,0.0,0.0,0.6318470418470418,0.22881760699932832,0.65,0.39999999999999997,0.82,0.8718775516058692,0.06855135266696724,0.8787878787878788,0.8181818181818182,0.9230769230769231,0.8718775516058692,0.06855135266696724,0.8787878787878788,0.8181818181818182,0.9230769230769231,0.9702646208771831,0.008139068293888548,0.9698117924256167,0.9665030213170305,0.9760434473324102,1.0,0.0,1.0,1.0,1.0,4.437267993435715,1.1098388485294588,4.439468860626221,3.7460265159606934,5.3372955322265625,0.044087478939411194,0.0022925659826429795,0.043515254000340065,0.042773322999892116,0.04468053399978089,64.0,0.0,64.0,64.0,64.0,1.0,0.0,1.0,1.0,1.0
uniform_random,Uniform constrained random,64,no_disease_to_disease,medium_confidence,33.0,0.9333333333333333,0.1761864542655498,1.0,1.0,1.0,1.0,0.0,1.0,1.0,1.0,0.8484848484848485,0.36410954062720957,1.0,1.0,1.0,0.7121212121212122,0.21902850236552512,0.8,0.6,0.9,0.09090909090909091,0.29193710406057116,0.0,0.0,0.0,0.09055081687190315,0.00823346055381272,0.09130363911390305,0.08520875871181488,0.09659391641616821,0.14105940355940352,0.04158729637608023,0.1388888888888889,0.1166666666666667,0.17777777777777776,0.14105940355940352,0.04158729637608023,0.1388888888888889,0.1166666666666667,0.17777777777777776,0.10830982255213188,0.01189672615011215,0.10515684634447098,0.09938141703605652,0.11631081998348236,0.6080832689010437,0.07977522208217289,0.5803090790583028,0.5443008177263956,0.6695124853210542,0.6080832689010437,0.07977522208217289,0.5803090790583028,0.5443008177263956,0.6695124853210542,0.0,0.0,0.0,0.0,0.0,0.7328354978354978,0.23395144353558725,0.78,0.5800000000000001,0.9,0.8557083034616995,0.06467228400151619,0.8518518518518519,0.8181818181818182,0.9090909090909091,0.8557083034616995,0.06467228400151619,0.8518518518518519,0.8181818181818182,0.9090909090909091,0.9685871154496363,0.006922239066646556,0.9697653192431398,0.9638771910557675,0.9727836941320837,1.0,0.0,1.0,1.0,1.0,4.208076413833734,1.4067834583554721,4.207329750061035,3.4105262756347656,4.767910957336426,0.04476506363640841,0.0017418410484351457,0.044649229000242485,0.04340650999984064,0.04567356200004724,64.0,0.0,64.0,64.0,64.0,1.0,0.0,1.0,1.0,1.0
uniform_random,Uniform constrained random,64,no_disease_to_disease,near_boundary,34.0,0.9911764705882353,0.05144957554275264,1.0,1.0,1.0,1.0,0.0,1.0,1.0,1.0,0.9705882352941176,0.1714985851425088,1.0,1.0,1.0,0.8323529411764706,0.12961618921353482,0.8500000000000001,0.725,0.9,0.17647058823529413,0.3869529949759475,0.0,0.0,0.0,0.08458465644541908,0.00533556609498057,0.08472686633467674,0.08141650259494781,0.08715075626969337,0.17924836601307192,0.03170279183240761,0.17777777777777776,0.15555555555555556,0.20416666666666666,0.17924836601307192,0.03170279183240761,0.17777777777777776,0.15555555555555556,0.20416666666666666,0.10483728677910917,0.007783730776843761,0.10501762107014656,0.0996864028275013,0.11026478745043278,0.6177137956403217,0.08168044059890979,0.6111490806669065,0.5544526999388231,0.6567168668156474,0.6177137956403217,0.08168044059890979,0.6111490806669065,0.5544526999388231,0.6567168668156474,0.0029411764705882353,0.017149858514250882,0.0,0.0,0.0,0.8145378151260505,0.18309422894071736,0.8971428571428572,0.705,0.9750000000000001,0.7990964410842708,0.0773841336071715,0.7878787878787878,0.7575757575757576,0.8484848484848485,0.7990964410842708,0.0773841336071715,0.7878787878787878,0.7575757575757576,0.8484848484848485,0.9634598864444082,0.007939827574087574,0.9636642609965972,0.9587759615398347,0.968413713015964,1.0,0.0,1.0,1.0,1.0,5.173803294406218,1.3848965408106788,4.9123077392578125,4.147364854812622,6.055344104766846,0.04472528629407059,0.0015744900011493098,0.04467543500004467,0.04343859225014057,0.0457769804995678,64.0,0.0,64.0,64.0,64.0,1.0,0.0,1.0,1.0,1.0
uniform_random,Uniform constrained random,128,disease_to_no_disease,high_confidence,33.0,0.9757575757575758,0.1392621247645584,1.0,1.0,1.0,1.0,0.0,1.0,1.0,1.0,0.9696969696969697,0.17407765595569796,1.0,1.0,1.0,0.8272727272727273,0.1546623889168099,0.9,0.8,0.9,0.15151515151515152,0.3641095406272096,0.0,0.0,0.0,0.10113517646536682,0.01249586043512662,0.09985943138599396,0.09247715771198273,0.10438819229602814,0.1525252525252525,0.03861737831557929,0.15,0.1388888888888889,0.17222222222222222,0.1525252525252525,0.03861737831557929,0.15,0.1388888888888889,0.17222222222222222,0.11869902953957066,0.015019650059073903,0.11694559454917908,0.11057241261005402,0.12724457681179047,0.7265803457488034,0.07808227605319423,0.7096601900446127,0.6796598995867849,0.7612599969170784,0.7265803457488034,0.07808227605319423,0.7096601900446127,0.6796598995867849,0.7612599969170784,0.0393939393939394,0.09981042636979973,0.0,0.0,0.0,0.005454545454545454,0.01751622624363427,0.0,0.0,0.0,0.8612700430882249,0.06862892376765829,0.8484848484848485,0.8181818181818182,0.9090909090909091,0.8612700430882249,0.06862892376765829,0.8484848484848485,0.8181818181818182,0.9090909090909091,0.9720792964838022,0.006512026864512891,0.9733372796577194,0.96630713323132,0.974897521338896,1.0,0.0,1.0,1.0,1.0,4.619753823135838,1.162282312373423,4.575794219970703,3.8575832843780518,5.369738578796387,0.08831044381815556,0.00652589476890938,0.08640148399990721,0.08545356499962509,0.08845331799966516,128.0,0.0,128.0,128.0,128.0,2.0,0.0,2.0,2.0,2.0
uniform_random,Uniform constrained random,128,disease_to_no_disease,medium_confidence,33.0,1.0,0.0,1.0,1.0,1.0,1.0,0.0,1.0,1.0,1.0,1.0,0.0,1.0,1.0,1.0,0.8484848484848485,0.10642254261084719,0.9,0.8,0.9,0.18181818181818182,0.39167472590032004,0.0,0.0,0.0,0.08634603497656909,0.00558333420591142,0.08658208698034286,0.08255154639482498,0.08980090916156769,0.19292929292929295,0.03357185285551926,0.19444444444444445,0.16666666666666666,0.2111111111111111,0.19292929292929295,0.03357185285551926,0.19444444444444445,0.16666666666666666,0.2111111111111111,0.11307184623949455,0.008977329383010513,0.11276157200336456,0.10810982435941696,0.11995050311088562,0.648384033353965,0.06773029250003489,0.6356067080506689,0.6055640910516543,0.6822796456062956,0.648384033353965,0.06773029250003489,0.6356067080506689,0.6055640910516543,0.6822796456062956,0.03333333333333333,0.11086778913041727,0.0,0.0,0.0,0.014545454545454547,0.041914414964522424,0.0,0.0,0.0,0.8549127640036732,0.05807082598774118,0.8787878787878788,0.8181818181818182,0.9090909090909091,0.8549127640036732,0.05807082598774118,0.8787878787878788,0.8181818181818182,0.9090909090909091,0.9626888745390926,0.007344619958695663,0.9643402167596739,0.9561357717855244,0.9668065847185099,1.0,0.0,1.0,1.0,1.0,4.731260386380282,1.2264489936136127,4.505597114562988,4.078972816467285,5.3788862228393555,0.08727426227271666,0.0021982260754813917,0.08716571299919451,0.08575747899976705,0.0883575980005844,128.0,0.0,128.0,128.0,128.0,2.0,0.0,2.0,2.0,2.0
uniform_random,Uniform constrained random,128,disease_to_no_disease,near_boundary,34.0,1.0,0.0,1.0,1.0,1.0,1.0,0.0,1.0,1.0,1.0,1.0,0.0,1.0,1.0,1.0,0.8676470588235294,0.1006662298865523,0.9,0.8,0.9,0.23529411764705882,0.4305615452020461,0.0,0.0,0.0,0.08103362733826917,0.006412709903910585,0.08245426788926125,0.07778075337409973,0.08510488644242287,0.2284313725490196,0.0381180139688665,0.22777777777777777,0.2,0.24861111111111106,0.2284313725490196,0.0381180139688665,0.22777777777777777,0.2,0.24861111111111106,0.10552475689088597,0.00844057093804987,0.104380052536726,0.10000891797244549,0.11184020154178143,0.5936434950199168,0.057384919647129655,0.5843709473372516,0.552726588040777,0.6314026566277231,0.5936434950199168,0.057384919647129655,0.5843709473372516,0.552726588040777,0.6314026566277231,0.0029411764705882353,0.01714985851425088,0.0,0.0,0.0,0.04647058823529412,0.08623021873963857,0.0,0.0,0.06000000000000001,0.8377896613190731,0.07033182057544492,0.8484848484848485,0.7878787878787878,0.8787878787878788,0.8377896613190731,0.07033182057544492,0.8484848484848485,0.7878787878787878,0.8787878787878788,0.9586171569488819,0.008398939898715365,0.9590264229845361,0.952479892558355,0.9649541605543628,1.0,0.0,1.0,1.0,1.0,5.9053441075717705,1.3675540372350348,6.0493388175964355,5.150987267494202,6.732072830200195,0.09089245532346896,0.004572408087268697,0.08985643499954676,0.08855456324999977,0.09138670999959686,128.0,0.0,128.0,128.0,128.0,2.0,0.0,2.0,2.0,2.0
uniform_random,Uniform constrained random,128,no_disease_to_disease,high_confidence,33.0,0.9848484848484849,0.08703882797784894,1.0,1.0,1.0,1.0,0.0,1.0,1.0,1.0,0.9696969696969697,0.17407765595569788,1.0,1.0,1.0,0.8181818181818182,0.14674498597598118,0.9,0.7,0.9,0.09090909090909091,0.2919371040605712,0.0,0.0,0.0,0.10001025574676918,0.011126371168764323,0.09981778264045715,0.0930759608745575,0.10647854954004288,0.15673400673400675,0.04142889508902925,0.15555555555555559,0.1388888888888889,0.17222222222222222,0.15673400673400675,0.04142889508902925,0.15555555555555559,0.1388888888888889,0.17222222222222222,0.12148263463468263,0.01190716679025939,0.12115335464477539,0.11211329698562622,0.12907224893569946,0.6693059106652417,0.07563031319186253,0.6576284044445486,0.6132592869738007,0.72118061687194,0.6693059106652417,0.07563031319186253,0.6576284044445486,0.6132592869738007,0.72118061687194,0.012121212121212121,0.06963106238227919,0.0,0.0,0.0,0.6684848484848485,0.22798192379168478,0.74,0.44000000000000006,0.8800000000000001,0.8706254463830221,0.062101763851308465,0.8787878787878788,0.8484848484848485,0.9090909090909091,0.8706254463830221,0.062101763851308465,0.8787878787878788,0.8484848484848485,0.9090909090909091,0.9709394504173272,0.007473200110077712,0.9719714750819737,0.9652554824618862,0.9756295105548258,1.0,0.0,1.0,1.0,1.0,5.520543734232585,1.743323995587556,5.32746696472168,4.187442779541016,6.3579535484313965,0.08670345160595444,0.003584841855368116,0.08575062100044306,0.08466737100025057,0.08761675500045385,128.0,0.0,128.0,128.0,128.0,2.0,0.0,2.0,2.0,2.0
uniform_random,Uniform constrained random,128,no_disease_to_disease,medium_confidence,33.0,1.0,0.0,1.0,1.0,1.0,1.0,0.0,1.0,1.0,1.0,1.0,0.0,1.0,1.0,1.0,0.7818181818181817,0.16668560498462642,0.8,0.7,0.9,0.15151515151515152,0.36410954062720957,0.0,0.0,0.0,0.09114825590090318,0.006133149746648225,0.09250345826148987,0.08723069727420807,0.09590011090040207,0.19107744107744107,0.02724982281130076,0.1888888888888889,0.1833333333333333,0.20555555555555555,0.19107744107744107,0.02724982281130076,0.1888888888888889,0.1833333333333333,0.20555555555555555,0.11376822672107002,0.00937340193689111,0.11584512144327164,0.10879486054182053,0.11836549639701843,0.6220835010337844,0.06224455790058533,0.6186919284431563,0.58240066880956,0.6751181957171752,0.6220835010337844,0.06224455790058533,0.6186919284431563,0.58240066880956,0.6751181957171752,0.0030303030303030303,0.017407765595569797,0.0,0.0,0.0,0.7127272727272728,0.24651664151828484,0.78,0.5000000000000001,0.9400000000000001,0.8236914600550964,0.08417431894356789,0.8181818181818182,0.7575757575757576,0.9090909090909091,0.8236914600550964,0.08417431894356789,0.8181818181818182,0.7575757575757576,0.9090909090909091,0.9637398882196894,0.00666775856036799,0.9634653959531662,0.959663104246338,0.9683799571741034,1.0,0.0,1.0,1.0,1.0,4.631969943191066,1.5023874064512523,4.321633338928223,3.358121871948242,5.558650016784668,0.08916359972725772,0.005065134257979837,0.0884461329997066,0.08739270099977148,0.0897495990002426,128.0,0.0,128.0,128.0,128.0,2.0,0.0,2.0,2.0,2.0
uniform_random,Uniform constrained random,128,no_disease_to_disease,near_boundary,34.0,1.0,0.0,1.0,1.0,1.0,1.0,0.0,1.0,1.0,1.0,1.0,0.0,1.0,1.0,1.0,0.8205882352941175,0.10948754395656125,0.8,0.725,0.9,0.11764705882352941,0.3270349700838644,0.0,0.0,0.0,0.08409760037765783,0.005681825186488455,0.08501578867435455,0.07996525801718235,0.08777732029557228,0.21862745098039216,0.030548127439351102,0.21944444444444441,0.19999999999999996,0.24305555555555552,0.21862745098039216,0.030548127439351102,0.21944444444444441,0.19999999999999996,0.24305555555555552,0.10860771729665644,0.009045995444625891,0.10844213142991066,0.10145122744143009,0.11468075029551983,0.6199854312303869,0.07456361097017221,0.6095664884450736,0.5680122768202561,0.670201559375055,0.6199854312303869,0.07456361097017221,0.6095664884450736,0.5680122768202561,0.670201559375055,0.01764705882352941,0.038695299497594746,0.0,0.0,0.0,0.8223529411764705,0.19643888437404053,0.9400000000000001,0.6900000000000001,0.9600000000000002,0.8253119429590017,0.08922805218972003,0.8333333333333334,0.7878787878787878,0.8787878787878788,0.8253119429590017,0.08922805218972003,0.8333333333333334,0.7878787878787878,0.8787878787878788,0.9592444324704017,0.009406274125269447,0.9590294520264324,0.9556995508437562,0.966605938477934,1.0,0.0,1.0,1.0,1.0,5.1896677227581245,1.5311756645677421,5.142152547836304,4.1109126806259155,5.903482675552368,0.08862289008814461,0.0020919093375327776,0.08844875749991843,0.08725162500013539,0.09022050199973819,128.0,0.0,128.0,128.0,128.0,2.0,0.0,2.0,2.0,2.0
uniform_random,Uniform constrained random,256,disease_to_no_disease,high_confidence,33.0,0.9939393939393939,0.03481553119113958,1.0,1.0,1.0,1.0,0.0,1.0,1.0,1.0,0.9696969696969697,0.17407765595569796,1.0,1.0,1.0,0.8545454545454545,0.12013250260365924,0.9,0.8,0.9,0.18181818181818182,0.39167472590032004,0.0,0.0,0.0,0.10243988104841927,0.016143946353397415,0.10093637555837631,0.09129398316144943,0.10886223614215851,0.18194444444444446,0.04298268923734384,0.1833333333333333,0.16111111111111112,0.2,0.18194444444444446,0.04298268923734384,0.1833333333333333,0.16111111111111112,0.2,0.12336124208840457,0.012113346124031256,0.12351272255182266,0.11459410935640335,0.13122662901878357,0.750626936018742,0.09786979371275645,0.7480542514793401,0.6864801845671333,0.8215704325950979,0.750626936018742,0.09786979371275645,0.7480542514793401,0.6864801845671333,0.8215704325950979,0.030303030303030304,0.07699370300894938,0.0,0.0,0.0,0.012727272727272728,0.021689964164436637,0.0,0.0,0.02,0.8780461962280145,0.058440774126070606,0.8787878787878788,0.8484848484848485,0.9090909090909091,0.8780461962280145,0.058440774126070606,0.8787878787878788,0.8484848484848485,0.9090909090909091,0.9671166541289385,0.008774342179423739,0.9678091653135615,0.9601713953619708,0.9736556350203254,1.0,0.0,1.0,1.0,1.0,5.441227212096706,1.8135670574187839,5.259444236755371,4.165203094482422,6.0572686195373535,0.17790539839400785,0.008216218227750764,0.1764302379997389,0.1721477370001594,0.17929550900043978,256.0,0.0,256.0,256.0,256.0,4.0,0.0,4.0,4.0,4.0
uniform_random,Uniform constrained random,256,disease_to_no_disease,medium_confidence,33.0,1.0,0.0,1.0,1.0,1.0,1.0,0.0,1.0,1.0,1.0,1.0,0.0,1.0,1.0,1.0,0.8303030303030302,0.11035411321301215,0.8,0.8,0.9,0.09090909090909091,0.2919371040605712,0.0,0.0,0.0,0.0877116189310045,0.008848723349262141,0.08941838890314102,0.08033692091703415,0.09269563853740692,0.21515151515151518,0.02799473355154096,0.2111111111111111,0.2,0.2333333333333333,0.21515151515151518,0.02799473355154096,0.2111111111111111,0.2,0.2333333333333333,0.11681736441272678,0.014472535746725074,0.11514566093683243,0.10500381141901016,0.12543845176696777,0.6651790995555441,0.08625982301088875,0.6511235837167821,0.6340609976139309,0.6879453309530481,0.6651790995555441,0.08625982301088875,0.6511235837167821,0.6340609976139309,0.6879453309530481,0.030303030303030304,0.1131504763712036,0.0,0.0,0.0,0.01696969696969697,0.028775515686609382,0.0,0.0,0.02,0.8732782369146006,0.06267974404102042,0.8787878787878788,0.8181818181818182,0.9090909090909091,0.8732782369146006,0.06267974404102042,0.8787878787878788,0.8181818181818182,0.9090909090909091,0.9609474451189487,0.007970332685841358,0.96168445270128,0.9575529695181739,0.9660531821982075,1.0,0.0,1.0,1.0,1.0,4.786295674063942,1.375972392049803,4.88784646987915,3.6470062732696533,6.028548240661621,0.17776474572725198,0.0034623847083014047,0.17737029199997778,0.1755735860006098,0.179757886000516,256.0,0.0,256.0,256.0,256.0,4.0,0.0,4.0,4.0,4.0
uniform_random,Uniform constrained random,256,disease_to_no_disease,near_boundary,34.0,1.0,0.0,1.0,1.0,1.0,1.0,0.0,1.0,1.0,1.0,1.0,0.0,1.0,1.0,1.0,0.8794117647058823,0.0808268323460376,0.9,0.8,0.9,0.17647058823529413,0.38695299497594754,0.0,0.0,0.0,0.08245468030081075,0.008233068579291895,0.0838390663266182,0.07594404369592667,0.08778546191751957,0.24084967320261436,0.0315126312402892,0.2472222222222222,0.22777777777777777,0.25,0.24084967320261436,0.0315126312402892,0.2472222222222222,0.22777777777777777,0.25,0.109735978219439,0.009591499398567056,0.1113186739385128,0.10233701020479202,0.11535359360277653,0.6014932395413786,0.06004233057905163,0.5978644662338621,0.5665990098222153,0.642338053262798,0.6014932395413786,0.06004233057905163,0.5978644662338621,0.5665990098222153,0.642338053262798,0.020588235294117647,0.041042563012190475,0.0,0.0,0.0,0.040588235294117654,0.05897822795361879,0.02,0.0,0.07500000000000001,0.7976827094474154,0.07560888557349686,0.803030303030303,0.7348484848484849,0.8484848484848485,0.7976827094474154,0.07560888557349686,0.803030303030303,0.7348484848484849,0.8484848484848485,0.9559075492082779,0.008150440457203773,0.9558597716567205,0.9503688482641139,0.9593836324416088,1.0,0.0,1.0,1.0,1.0,5.750667305553661,1.1132972114865398,5.691147804260254,4.922449469566345,6.55787980556488,0.18253141438248455,0.005162168628078463,0.1818219130000216,0.1787881232505697,0.1858566514999893,256.0,0.0,256.0,256.0,256.0,4.0,0.0,4.0,4.0,4.0
uniform_random,Uniform constrained random,256,no_disease_to_disease,high_confidence,33.0,1.0,0.0,1.0,1.0,1.0,1.0,0.0,1.0,1.0,1.0,1.0,0.0,1.0,1.0,1.0,0.7999999999999998,0.13693063937629155,0.8,0.7,0.9,0.09090909090909091,0.2919371040605712,0.0,0.0,0.0,0.09914471276781776,0.008947127214515842,0.09795862436294556,0.09405428171157837,0.10197335481643677,0.18535353535353535,0.036872794499282345,0.17777777777777778,0.15555555555555559,0.21111111111111108,0.18535353535353535,0.036872794499282345,0.17777777777777778,0.15555555555555559,0.21111111111111108,0.12594140501636447,0.012172082545840823,0.12420106679201126,0.1168505847454071,0.13065476715564728,0.6664895086903084,0.08181819636077096,0.640906669775821,0.5979036785536929,0.7414307240865009,0.6664895086903084,0.08181819636077096,0.640906669775821,0.5979036785536929,0.7414307240865009,0.006060606060606061,0.02423058422987797,0.0,0.0,0.0,0.7066666666666667,0.2046134567096375,0.76,0.5599999999999999,0.9,0.8494031221303948,0.06130508265339511,0.8484848484848485,0.8181818181818182,0.8787878787878788,0.8494031221303948,0.06130508265339511,0.8484848484848485,0.8181818181818182,0.8787878787878788,0.966722208074561,0.006936628734280009,0.9674472196195639,0.9649992747602061,0.9713377398731428,1.0,0.0,1.0,1.0,1.0,5.123242038669008,1.4951661009506236,4.798547267913818,4.101914405822754,6.421456813812256,0.17858014263630606,0.009974708105625073,0.17615394899985404,0.17310222899959626,0.17935180799941008,256.0,0.0,256.0,256.0,256.0,4.0,0.0,4.0,4.0,4.0
uniform_random,Uniform constrained random,256,no_disease_to_disease,medium_confidence,33.0,1.0,0.0,1.0,1.0,1.0,1.0,0.0,1.0,1.0,1.0,1.0,0.0,1.0,1.0,1.0,0.8242424242424243,0.11734112405264999,0.8,0.8,0.9,0.12121212121212122,0.33143398263980833,0.0,0.0,0.0,0.0945564043341261,0.008945996810595717,0.09387485682964325,0.08937038481235504,0.09965287894010544,0.2021885521885522,0.032894665465494466,0.2,0.18333333333333335,0.21666666666666665,0.2021885521885522,0.032894665465494466,0.2,0.18333333333333335,0.21666666666666665,0.12063307089335991,0.013428182342478437,0.12082809954881668,0.11311792582273483,0.130559504032135,0.6349427291979967,0.06631759681147877,0.6408856904316793,0.5855129672012289,0.6887277050316947,0.6349427291979967,0.06631759681147877,0.6408856904316793,0.5855129672012289,0.6887277050316947,0.0030303030303030303,0.01740776559556979,0.0,0.0,0.0,0.7472727272727272,0.2344577884086058,0.8400000000000001,0.54,0.96,0.8604224058769514,0.07611257503361744,0.8787878787878788,0.8181818181818182,0.9090909090909091,0.8604224058769514,0.07611257503361744,0.8787878787878788,0.8181818181818182,0.9090909090909091,0.9613605281843483,0.008606205642035587,0.960902261548292,0.9557376195635721,0.9678472449577648,1.0,0.0,1.0,1.0,1.0,5.376519311558116,1.7802641704614357,5.389141082763672,4.448738098144531,5.6868577003479,0.17806660978774083,0.004985090408600529,0.17676135600049747,0.1760429819996716,0.1801602069999717,256.0,0.0,256.0,256.0,256.0,4.0,0.0,4.0,4.0,4.0
uniform_random,Uniform constrained random,256,no_disease_to_disease,near_boundary,34.0,1.0,0.0,1.0,1.0,1.0,1.0,0.0,1.0,1.0,1.0,1.0,0.0,1.0,1.0,1.0,0.8382352941176471,0.09216160339761872,0.8,0.8,0.9,0.11764705882352941,0.3270349700838644,0.0,0.0,0.0,0.08720805452150457,0.008379202255997642,0.08632001653313637,0.08201148174703121,0.09231295250356197,0.23137254901960783,0.026089515854564708,0.225,0.2111111111111111,0.25,0.23137254901960783,0.026089515854564708,0.225,0.2111111111111111,0.25,0.11620461940765381,0.012180590260245056,0.115398108959198,0.10985267907381058,0.12007979117333889,0.6427892855540523,0.07810956301661928,0.6384828358152614,0.58178123677387,0.6860545559669213,0.6427892855540523,0.07810956301661928,0.6384828358152614,0.58178123677387,0.6860545559669213,0.011764705882352941,0.040933840799980456,0.0,0.0,0.0,0.8305882352941177,0.15368092045515266,0.8500000000000001,0.76,0.9750000000000001,0.8021390374331551,0.08447882683167392,0.803030303030303,0.7348484848484849,0.8712121212121212,0.8021390374331551,0.08447882683167392,0.803030303030303,0.7348484848484849,0.8712121212121212,0.9574561018102453,0.008236637474808305,0.958761812397781,0.9524578775991517,0.9632335715827669,1.0,0.0,1.0,1.0,1.0,5.583032495835248,1.3253793957132647,5.662951469421387,4.528935670852661,6.354871988296509,0.17805583452940588,0.00316611611228295,0.17797283250001783,0.17529857049976272,0.18039877399974102,256.0,0.0,256.0,256.0,256.0,4.0,0.0,4.0,4.0,4.0
uniform_random,Uniform constrained random,512,disease_to_no_disease,high_confidence,33.0,1.0,0.0,1.0,1.0,1.0,1.0,0.0,1.0,1.0,1.0,1.0,0.0,1.0,1.0,1.0,0.8363636363636363,0.10252494153309057,0.8,0.8,0.9,0.15151515151515152,0.3641095406272095,0.0,0.0,0.0,0.1047542162916877,0.013624348866534821,0.1032177209854126,0.09766880422830582,0.10944034159183502,0.1983164983164983,0.03956468489775617,0.19444444444444448,0.17222222222222222,0.22777777777777777,0.1983164983164983,0.03956468489775617,0.19444444444444448,0.17222222222222222,0.22777777777777777,0.12947295448093704,0.013773956375360726,0.12760813534259796,0.1210947334766388,0.13839992880821228,0.7652047731014835,0.0949917612027709,0.763642048119004,0.6926628813054042,0.8191025767712746,0.7652047731014835,0.0949917612027709,0.763642048119004,0.6926628813054042,0.8191025767712746,0.045454545454545456,0.11481209945740989,0.0,0.0,0.0,0.005454545454545454,0.012522706649050827,0.0,0.0,0.0,0.8668503213957759,0.05716530025282401,0.8484848484848485,0.8484848484848485,0.9090909090909091,0.8668503213957759,0.05716530025282401,0.8484848484848485,0.8484848484848485,0.9090909090909091,0.9690401755562636,0.008041358636236435,0.9687947592205101,0.9658615937450058,0.9737266389228638,1.0,0.0,1.0,1.0,1.0,5.097732298301928,1.3485431459999686,5.071193695068359,4.012171745300293,5.738555908203125,0.36146042651519866,0.013507182970587799,0.35814771900004416,0.3523208180004076,0.36819150800056377,512.0,0.0,512.0,512.0,512.0,8.0,0.0,8.0,8.0,8.0
uniform_random,Uniform constrained random,512,disease_to_no_disease,medium_confidence,33.0,1.0,0.0,1.0,1.0,1.0,1.0,0.0,1.0,1.0,1.0,1.0,0.0,1.0,1.0,1.0,0.8515151515151516,0.10344446614371199,0.9,0.8,0.9,0.18181818181818182,0.39167472590032,0.0,0.0,0.0,0.08919361369176344,0.007413086235903721,0.08644947409629822,0.08444458246231079,0.09143746644258499,0.20168350168350166,0.02921572753677683,0.20555555555555555,0.1833333333333333,0.21666666666666665,0.20168350168350166,0.02921572753677683,0.20555555555555555,0.1833333333333333,0.21666666666666665,0.11826573696100351,0.010094463932513929,0.11647063493728638,0.11151497811079025,0.12452142685651779,0.6814491415212854,0.07826595337850384,0.6733657423525192,0.6170023571333096,0.731789397580416,0.6814491415212854,0.07826595337850384,0.6733657423525192,0.6170023571333096,0.731789397580416,0.02121212121212121,0.07398300378117158,0.0,0.0,0.0,0.02727272727272728,0.052397085276325674,0.0,0.0,0.04,0.8585858585858586,0.05702823126583949,0.8484848484848485,0.8181818181818182,0.8787878787878788,0.8585858585858586,0.05702823126583949,0.8484848484848485,0.8181818181818182,0.8787878787878788,0.9628649567144065,0.00754570325231187,0.9623216678321503,0.9581990855823402,0.9680863720565472,1.0,0.0,1.0,1.0,1.0,4.938926624529289,1.5536950222146437,4.831053733825684,4.154983997344971,6.115632057189941,0.3664740619394775,0.012104820037427308,0.36279256899979373,0.3599520220004706,0.37128655100059405,512.0,0.0,512.0,512.0,512.0,8.0,0.0,8.0,8.0,8.0
uniform_random,Uniform constrained random,512,disease_to_no_disease,near_boundary,34.0,1.0,0.0,1.0,1.0,1.0,1.0,0.0,1.0,1.0,1.0,1.0,0.0,1.0,1.0,1.0,0.8676470588235294,0.09760957552162385,0.9,0.8,0.9,0.23529411764705882,0.4305615452020461,0.0,0.0,0.0,0.08172814263140454,0.008609934650036328,0.08139169961214066,0.0765257477760315,0.08852395415306091,0.24558823529411763,0.03380085745056462,0.23888888888888887,0.22361111111111107,0.2611111111111111,0.24558823529411763,0.03380085745056462,0.23888888888888887,0.22361111111111107,0.2611111111111111,0.10865592255311854,0.010990745032901709,0.10835270211100578,0.09986194409430027,0.11782322078943253,0.598789421916778,0.06790372310798545,0.5893647120373886,0.5625447283761208,0.638896632746705,0.598789421916778,0.06790372310798545,0.5893647120373886,0.5625447283761208,0.638896632746705,0.017647058823529415,0.04586269518104188,0.0,0.0,0.0,0.05235294117647058,0.06769176233528743,0.02,0.0,0.095,0.8030303030303031,0.08959875992447607,0.7878787878787878,0.7575757575757576,0.8787878787878788,0.8030303030303031,0.08959875992447607,0.7878787878787878,0.7575757575757576,0.8787878787878788,0.9545962854834371,0.009212015585776613,0.9546383127185423,0.9479071152898382,0.9608628564789699,1.0,0.0,1.0,1.0,1.0,5.722026362138636,1.6852959766130362,5.344273805618286,4.491817355155945,6.401094675064087,0.37755860473530717,0.007807829528194209,0.37769938950032156,0.37259674550000454,0.38196964100052355,512.0,0.0,512.0,512.0,512.0,8.0,0.0,8.0,8.0,8.0
uniform_random,Uniform constrained random,512,no_disease_to_disease,high_confidence,33.0,1.0,0.0,1.0,1.0,1.0,1.0,0.0,1.0,1.0,1.0,1.0,0.0,1.0,1.0,1.0,0.8363636363636363,0.1294656851693283,0.9,0.8,0.9,0.15151515151515152,0.36410954062720946,0.0,0.0,0.0,0.10068447300882051,0.013166711435317325,0.0998348519206047,0.09014557301998138,0.11177504062652588,0.19511784511784513,0.042982859232535524,0.2,0.16111111111111112,0.22222222222222224,0.19511784511784513,0.042982859232535524,0.2,0.16111111111111112,0.22222222222222224,0.1289013588067257,0.017536052464360456,0.12941735982894897,0.11722675710916519,0.1403839886188507,0.6807181810329369,0.08738323141885651,0.694749616997696,0.6082956344990944,0.7432399862012176,0.6807181810329369,0.08738323141885651,0.694749616997696,0.6082956344990944,0.7432399862012176,0.00909090909090909,0.052223296786709374,0.0,0.0,0.0,0.7278787878787879,0.17021599469052506,0.76,0.6,0.86,0.8484848484848485,0.08333333333333334,0.8484848484848485,0.8181818181818182,0.9090909090909091,0.8484848484848485,0.08333333333333334,0.8484848484848485,0.8181818181818182,0.9090909090909091,0.9649718701221399,0.00881343407341149,0.9638416901404943,0.9588402954162978,0.9713994569354856,1.0,0.0,1.0,1.0,1.0,5.672673579418298,1.800162327255065,5.349748134613037,4.580435752868652,6.795131683349609,0.3560796559998683,0.008227332658440407,0.35610097699918697,0.34979816200029745,0.36136811599953944,512.0,0.0,512.0,512.0,512.0,8.0,0.0,8.0,8.0,8.0
uniform_random,Uniform constrained random,512,no_disease_to_disease,medium_confidence,33.0,1.0,0.0,1.0,1.0,1.0,1.0,0.0,1.0,1.0,1.0,1.0,0.0,1.0,1.0,1.0,0.806060606060606,0.11439895634192304,0.8,0.7,0.9,0.09090909090909091,0.2919371040605713,0.0,0.0,0.0,0.09698674037601009,0.008428113620826537,0.09676167368888855,0.09177865833044052,0.10260913521051407,0.2,0.03546429259667695,0.2,0.17777777777777776,0.22777777777777772,0.2,0.03546429259667695,0.2,0.17777777777777776,0.22777777777777772,0.12558035123528857,0.01311296025845045,0.12169433385133743,0.11715354770421982,0.136026531457901,0.6471120898234853,0.07473224226028227,0.6263360514549355,0.599950658943281,0.7070357248455341,0.6471120898234853,0.07473224226028227,0.6263360514549355,0.599950658943281,0.7070357248455341,0.006060606060606061,0.024230584229878,0.0,0.0,0.0,0.7406060606060605,0.22172532830536343,0.78,0.6399999999999999,0.9400000000000001,0.8319559228650137,0.09030446316832415,0.8484848484848485,0.7878787878787878,0.8787878787878788,0.8319559228650137,0.09030446316832415,0.8484848484848485,0.7878787878787878,0.8787878787878788,0.9628120918829356,0.009206646309544318,0.9647278279143199,0.955229170231487,0.9695647408003663,1.0,0.0,1.0,1.0,1.0,4.962029507665923,1.6075752791170481,4.9492363929748535,3.3999404907226562,6.20268440246582,0.364486534030303,0.015546627259331897,0.3633387780000703,0.35580078699968,0.36829346699960297,512.0,0.0,512.0,512.0,512.0,8.0,0.0,8.0,8.0,8.0
uniform_random,Uniform constrained random,512,no_disease_to_disease,near_boundary,34.0,1.0,0.0,1.0,1.0,1.0,1.0,0.0,1.0,1.0,1.0,1.0,0.0,1.0,1.0,1.0,0.8176470588235294,0.11407224780094444,0.8,0.725,0.9,0.11764705882352941,0.32703497008386445,0.0,0.0,0.0,0.08645370208165225,0.00842640931601845,0.08408352360129356,0.08071624487638474,0.08974558673799038,0.22254901960784312,0.024616063317899447,0.2222222222222222,0.21111111111111108,0.23749999999999996,0.22254901960784312,0.024616063317899447,0.2222222222222222,0.21111111111111108,0.23749999999999996,0.11291191573528682,0.015454837250853238,0.1114872433245182,0.10422091372311115,0.1225931141525507,0.6311400889484212,0.06946747299049001,0.6238570145022071,0.5774276539453401,0.6856776265596087,0.6311400889484212,0.06946747299049001,0.6238570145022071,0.5774276539453401,0.6856776265596087,0.0029411764705882353,0.01714985851425088,0.0,0.0,0.0,0.8182352941176471,0.17058669862237374,0.8600000000000001,0.715,0.9400000000000001,0.7950089126559714,0.0731160497529073,0.7878787878787878,0.7348484848484849,0.8484848484848485,0.7950089126559714,0.0731160497529073,0.7878787878787878,0.7348484848484849,0.8484848484848485,0.9574469856399562,0.008454953428599605,0.958077818414221,0.9515866642936572,0.9634090805576877,1.0,0.0,1.0,1.0,1.0,5.264457155676449,1.4612278464929218,5.233757257461548,4.125109910964966,6.490963101387024,0.36521722308824633,0.008852474190380996,0.3635332050002944,0.3593627524992371,0.3698039967503064,512.0,0.0,512.0,512.0,512.0,8.0,0.0,8.0,8.0,8.0
wachter_style,Custom Wachter-style gradient,64,disease_to_no_disease,high_confidence,33.0,0.0,0.0,0.0,0.0,0.0,0.0,0.0,0.0,0.0,0.0,0.0,0.0,0.0,0.0,0.0,0.0,0.0,0.0,0.0,0.0,0.0,0.0,0.0,0.0,0.0,,0.0,,,,,0.0,,,,,0.0,,,,,0.0,,,,,0.0,,,,,0.0,,,,,0.0,,,,,0.0,,,,,0.0,,,,,0.0,,,,,0.0,,,,,0.0,,,,,0.0,,,,0.04920909842426089,0.002058376537329345,0.04906719399969006,0.04801876400051697,0.05015573899981973,64.0,0.0,64.0,64.0,64.0,1.0,0.0,1.0,1.0,1.0
wachter_style,Custom Wachter-style gradient,64,disease_to_no_disease,medium_confidence,33.0,0.0,0.0,0.0,0.0,0.0,0.0,0.0,0.0,0.0,0.0,0.0,0.0,0.0,0.0,0.0,0.0,0.0,0.0,0.0,0.0,0.0,0.0,0.0,0.0,0.0,,0.0,,,,,0.0,,,,,0.0,,,,,0.0,,,,,0.0,,,,,0.0,,,,,0.0,,,,,0.0,,,,,0.0,,,,,0.0,,,,,0.0,,,,,0.0,,,,,0.0,,,,0.04815693381822877,0.0013158428854300223,0.04778877799981274,0.04738010100027168,0.048570787999778986,64.0,0.0,64.0,64.0,64.0,1.0,0.0,1.0,1.0,1.0
wachter_style,Custom Wachter-style gradient,64,disease_to_no_disease,near_boundary,34.0,0.08823529411764708,0.032703497008386435,0.1,0.1,0.1,0.8823529411764706,0.32703497008386434,1.0,1.0,1.0,0.0,0.0,0.0,0.0,0.0,0.04411764705882353,0.050399473726137844,0.0,0.0,0.1,0.0,0.0,0.0,0.0,0.0,0.020810415875166653,0.006112061364620984,0.018428897485136986,0.01594640640541911,0.025859607383608818,0.8499999999999999,0.10434371926321541,0.8888888888888888,0.7777777777777778,0.9444444444444444,0.8499999999999999,0.10434371926321541,0.8888888888888888,0.7777777777777778,0.9444444444444444,0.0,0.0,0.0,0.0,0.0,0.3603887885750146,0.09470796366164172,0.36420841683168637,0.31171122000629936,0.4210322182069741,0.3603887885750146,0.09470796366164172,0.36420841683168637,0.31171122000629936,0.4210322182069741,0.3333333333333333,0.479463301485384,0.0,0.0,1.0,0.0,0.0,0.0,0.0,0.0,0.8192307692307691,0.09643195854090642,0.8269230769230769,0.7788461538461539,0.8846153846153846,0.8192307692307691,0.09643195854090642,0.8269230769230769,0.7788461538461539,0.8846153846153846,0.4118226846467945,0.13962885833000271,0.4063801088617265,0.327600351037851,0.5078098984348984,1.0,0.0,1.0,1.0,1.0,1.4908261934916178,1.1733837993906524,1.5220537185668945,0.29411113262176514,2.6065362691879272,0.04912297332357946,0.0017547941050350731,0.048839756999768724,0.04804162800019185,0.04968418874955205,64.0,0.0,64.0,64.0,64.0,1.0,0.0,1.0,1.0,1.0
wachter_style,Custom Wachter-style gradient,64,no_disease_to_disease,high_confidence,33.0,0.0,0.0,0.0,0.0,0.0,0.0,0.0,0.0,0.0,0.0,0.0,0.0,0.0,0.0,0.0,0.0,0.0,0.0,0.0,0.0,0.0,0.0,0.0,0.0,0.0,,0.0,,,,,0.0,,,,,0.0,,,,,0.0,,,,,0.0,,,,,0.0,,,,,0.0,,,,,0.0,,,,,0.0,,,,,0.0,,,,,0.0,,,,,0.0,,,,,0.0,,,,0.048181475000037055,0.002210139651052578,0.04761492400029965,0.04667347999929916,0.0492715730006239,64.0,0.0,64.0,64.0,64.0,1.0,0.0,1.0,1.0,1.0
wachter_style,Custom Wachter-style gradient,64,no_disease_to_disease,medium_confidence,33.0,0.0,0.0,0.0,0.0,0.0,0.0,0.0,0.0,0.0,0.0,0.0,0.0,0.0,0.0,0.0,0.0,0.0,0.0,0.0,0.0,0.0,0.0,0.0,0.0,0.0,,0.0,,,,,0.0,,,,,0.0,,,,,0.0,,,,,0.0,,,,,0.0,,,,,0.0,,,,,0.0,,,,,0.0,,,,,0.0,,,,,0.0,,,,,0.0,,,,,0.0,,,,0.04854771751513798,0.0017397349756457185,0.048285586000019975,0.047361468999952194,0.048937818999547744,64.0,0.0,64.0,64.0,64.0,1.0,0.0,1.0,1.0,1.0
wachter_style,Custom Wachter-style gradient,64,no_disease_to_disease,near_boundary,34.0,0.0911764705882353,0.028790224128123664,0.1,0.1,0.1,0.9117647058823529,0.28790224128123654,1.0,1.0,1.0,0.0,0.0,0.0,0.0,0.0,0.020588235294117647,0.04104256301219048,0.0,0.0,0.0,0.0,0.0,0.0,0.0,0.0,0.022467316488825505,0.004501643635446092,0.02455480396747589,0.01833847537636757,0.02602621354162693,0.8207885304659497,0.10214739352515301,0.8333333333333334,0.7777777777777778,0.8888888888888888,0.8207885304659497,0.10214739352515301,0.8333333333333334,0.7777777777777778,0.8888888888888888,0.0,0.0,0.0,0.0,0.0,0.42457306659839156,0.13728812503874663,0.4181672958282537,0.37135638251285347,0.5055380807837974,0.42457306659839156,0.13728812503874663,0.4181672958282537,0.37135638251285347,0.5055380807837974,0.1935483870967742,0.4016096644512497,0.0,0.0,0.0,0.7032258064516129,0.41591976066523684,1.0,0.30000000000000004,1.0,0.8535980148883374,0.07845861912537161,0.8461538461538461,0.8269230769230769,0.9038461538461539,0.8535980148883374,0.07845861912537161,0.8461538461538461,0.8269230769230769,0.9038461538461539,0.4692563530976719,0.11214444346814163,0.45790598290598294,0.3874007936507936,0.5500936563436564,1.0,0.0,1.0,1.0,1.0,0.8968629683217695,0.8092334945683882,0.6358780860900879,0.2433910369873047,1.17881441116333,0.048669972647076065,0.0020110059861087903,0.04857578900009685,0.04750403975026529,0.04927653099980489,64.0,0.0,64.0,64.0,64.0,1.0,0.0,1.0,1.0,1.0
wachter_style,Custom Wachter-style gradient,128,disease_to_no_disease,high_confidence,33.0,0.0,0.0,0.0,0.0,0.0,0.0,0.0,0.0,0.0,0.0,0.0,0.0,0.0,0.0,0.0,0.0,0.0,0.0,0.0,0.0,0.0,0.0,0.0,0.0,0.0,,0.0,,,,,0.0,,,,,0.0,,,,,0.0,,,,,0.0,,,,,0.0,,,,,0.0,,,,,0.0,,,,,0.0,,,,,0.0,,,,,0.0,,,,,0.0,,,,,0.0,,,,0.05629784345450334,0.0017546198929070179,0.05594211199968413,0.05515765400014061,0.05709204100003262,128.0,0.0,128.0,128.0,128.0,1.0,0.0,1.0,1.0,1.0
wachter_style,Custom Wachter-style gradient,128,disease_to_no_disease,medium_confidence,33.0,0.08484848484848485,0.03641095406272095,0.1,0.1,0.1,0.8484848484848485,0.36410954062720957,1.0,1.0,1.0,0.0,0.0,0.0,0.0,0.0,0.0393939393939394,0.04961976634488732,0.0,0.0,0.1,0.0,0.0,0.0,0.0,0.0,0.0367467174572604,0.005076044270953346,0.034705886617302895,0.03338658902794123,0.03733733016997576,0.015873015873015876,0.03659346370590198,0.0,0.0,0.0,0.015873015873015876,0.03659346370590198,0.0,0.0,0.0,0.0,0.0,0.0,0.0,0.0,0.4389793225908059,0.11003970214354507,0.43414340065843104,0.3814251388988571,0.48956489478644105,0.4389793225908059,0.11003970214354507,0.43414340065843104,0.3814251388988571,0.48956489478644105,0.10714285714285714,0.314970394174356,0.0,0.0,0.0,0.0,0.0,0.0,0.0,0.0,0.9107142857142856,0.05642343613377873,0.9230769230769231,0.8846153846153846,0.9615384615384616,0.9107142857142856,0.05642343613377873,0.9230769230769231,0.8846153846153846,0.9615384615384616,0.9714521172256951,0.016556123040313838,0.9779316271963332,0.9590473405271199,0.982661701044054,1.0,0.0,1.0,1.0,1.0,1.592469368662153,1.2447446151648116,1.2648839950561523,0.6720176935195923,2.1515605449676514,0.05601228542430666,0.0014399485554052321,0.055720860000292305,0.055027807999977085,0.05681779199949233,128.0,0.0,128.0,128.0,128.0,1.0,0.0,1.0,1.0,1.0
wachter_style,Custom Wachter-style gradient,128,disease_to_no_disease,near_boundary,34.0,0.1,4.2259464171569474e-17,0.1,0.1,0.1,1.0,0.0,1.0,1.0,1.0,0.0,0.0,0.0,0.0,0.0,0.1,4.2259464171569474e-17,0.1,0.1,0.1,0.0,0.0,0.0,0.0,0.0,0.03438405884320245,0.007037981928866338,0.033014724031090736,0.02879265695810318,0.04016315285116434,0.04411764705882354,0.060826413309200696,0.0,0.0,0.09722222222222227,0.04411764705882354,0.060826413309200696,0.0,0.0,0.09722222222222227,0.0,0.0,0.0,0.0,0.0,0.3905436104991397,0.09268923659560926,0.3926945031873991,0.3348576562407354,0.4608119298164537,0.3905436104991397,0.09268923659560926,0.3926945031873991,0.3348576562407354,0.4608119298164537,0.23529411764705882,0.4305615452020461,0.0,0.0,0.0,0.0058823529411764705,0.034299717028501764,0.0,0.0,0.0,0.8800904977375564,0.0767858367122097,0.8846153846153846,0.8461538461538461,0.9230769230769231,0.8800904977375564,0.0767858367122097,0.8846153846153846,0.8461538461538461,0.9230769230769231,0.920455590099307,0.04872938448001065,0.9406773975264087,0.8822968201968155,0.9629040536669213,1.0,0.0,1.0,1.0,1.0,4.8323781560449035,0.8969295884177956,4.856703519821167,4.1912219524383545,5.569729208946228,0.05683881105875009,0.003151765452967534,0.05629550300000119,0.05545178249985838,0.05732857875023001,128.0,0.0,128.0,128.0,128.0,1.0,0.0,1.0,1.0,1.0
wachter_style,Custom Wachter-style gradient,128,no_disease_to_disease,high_confidence,33.0,0.0696969696969697,0.046669372215943764,0.1,0.0,0.1,0.696969696969697,0.46669372215943755,1.0,0.0,1.0,0.0,0.0,0.0,0.0,0.0,0.009090909090909092,0.029193710406057106,0.0,0.0,0.0,0.0,0.0,0.0,0.0,0.0,0.0406196438100027,0.005617298936373912,0.04298778623342514,0.03500490449368954,0.04470594599843025,0.05314009661835751,0.026369668011022918,0.05555555555555558,0.05555555555555558,0.05555555555555558,0.05314009661835751,0.026369668011022918,0.05555555555555558,0.05555555555555558,0.05555555555555558,0.0,0.0,0.0,0.0,0.0,0.4182551315452058,0.0964477883408731,0.41225252501879195,0.3434424806860997,0.47491697884189144,0.4182551315452058,0.0964477883408731,0.41225252501879195,0.3434424806860997,0.47491697884189144,0.043478260869565216,0.2085144140570748,0.0,0.0,0.0,0.6521739130434783,0.3629044016584574,0.8,0.30000000000000004,1.0,0.8862876254180603,0.06809308100053882,0.8846153846153846,0.8461538461538461,0.9423076923076923,0.8862876254180603,0.06809308100053882,0.8846153846153846,0.8461538461538461,0.9423076923076923,0.9778823746410635,0.014707498741936406,0.9819327731092438,0.970873044965787,0.9881514235092864,1.0,0.0,1.0,1.0,1.0,0.8157226313715396,0.6771455983001752,0.589806079864502,0.20203948020935059,1.386159896850586,0.05621495284840145,0.0025501351563934813,0.05598838900004921,0.05430632699972193,0.057084721000137506,128.0,0.0,128.0,128.0,128.0,1.0,0.0,1.0,1.0,1.0
wachter_style,Custom Wachter-style gradient,128,no_disease_to_disease,medium_confidence,33.0,0.1,4.2278880420777505e-17,0.1,0.1,0.1,1.0,0.0,1.0,1.0,1.0,0.0,0.0,0.0,0.0,0.0,0.07575757575757577,0.04351941398892446,0.1,0.1,0.1,0.0,0.0,0.0,0.0,0.0,0.04038501497019421,0.004044970443697828,0.04182301461696625,0.03642091900110245,0.043819550424814224,0.04713804713804716,0.028195512162364024,0.05555555555555558,0.05555555555555558,0.05555555555555558,0.04713804713804716,0.028195512162364024,0.05555555555555558,0.05555555555555558,0.05555555555555558,0.0,0.0,0.0,0.0,0.0,0.4213237569399918,0.10976935448847017,0.3958618473007927,0.3323192832818754,0.509456535210883,0.4213237569399918,0.10976935448847017,0.3958618473007927,0.3323192832818754,0.509456535210883,0.0,0.0,0.0,0.0,0.0,0.5818181818181818,0.46734258409553364,0.8,0.0,1.0,0.8892773892773894,0.06432798360455531,0.8846153846153846,0.8461538461538461,0.9230769230769231,0.8892773892773894,0.06432798360455531,0.8846153846153846,0.8461538461538461,0.9230769230769231,0.9635368556032223,0.016070907356026932,0.9629870129870131,0.9544746688239458,0.9727314184471443,1.0,0.0,1.0,1.0,1.0,1.8815930684407551,0.8229942845994278,1.8711562156677246,1.38108491897583,2.554839611053467,0.05645582190911889,0.0013391660329330388,0.05630223399930401,0.055598081000425736,0.05735266600004252,128.0,0.0,128.0,128.0,128.0,1.0,0.0,1.0,1.0,1.0
wachter_style,Custom Wachter-style gradient,128,no_disease_to_disease,near_boundary,34.0,0.1,4.2259464171569474e-17,0.1,0.1,0.1,1.0,0.0,1.0,1.0,1.0,0.0,0.0,0.0,0.0,0.0,0.1,4.2259464171569474e-17,0.1,0.1,0.1,0.0,0.0,0.0,0.0,0.0,0.03584609021816183,0.004385497872107608,0.03630048222839832,0.03259984590113163,0.0397011861205101,0.07516339869281048,0.06822306799996745,0.05555555555555558,0.05555555555555558,0.11111111111111116,0.07516339869281048,0.06822306799996745,0.05555555555555558,0.05555555555555558,0.11111111111111116,0.0,0.0,0.0,0.0,0.0,0.45079402979995636,0.1293039979742429,0.44640709933388556,0.3926805700922797,0.5489280234056574,0.45079402979995636,0.1293039979742429,0.44640709933388556,0.3926805700922797,0.5489280234056574,0.11764705882352941,0.32703497008386456,0.0,0.0,0.0,0.7352941176470589,0.39915239964976734,1.0,0.45,1.0,0.8687782805429862,0.07402322342437162,0.8846153846153846,0.8173076923076923,0.9134615384615385,0.8687782805429862,0.07402322342437162,0.8846153846153846,0.8173076923076923,0.9134615384615385,0.928777499395136,0.03349233016297966,0.9318314019156049,0.908979482388637,0.9557197654380287,1.0,0.0,1.0,1.0,1.0,4.086364409502814,0.8957267526188182,4.118852615356445,3.3850061893463135,4.613980293273926,0.056418190411798554,0.0015201383151093562,0.056335308000143414,0.0553118865000215,0.057323252000060165,128.0,0.0,128.0,128.0,128.0,1.0,0.0,1.0,1.0,1.0
wachter_style,Custom Wachter-style gradient,256,disease_to_no_disease,high_confidence,33.0,0.09393939393939395,0.02423058422987798,0.1,0.1,0.1,0.9393939393939394,0.24230584229877988,1.0,1.0,1.0,0.0,0.0,0.0,0.0,0.0,0.09090909090909093,0.029193710406057113,0.1,0.1,0.1,0.0,0.0,0.0,0.0,0.0,0.07166767949538846,0.007663107207398759,0.07083719968795776,0.06518677994608879,0.07627909630537033,0.026881720430107534,0.042723553275839245,0.0,0.0,0.05555555555555558,0.026881720430107534,0.042723553275839245,0.0,0.0,0.05555555555555558,0.0,0.0,0.0,0.0,0.0,0.5450147310434046,0.1008883663908438,0.5393825311108511,0.4981293687028807,0.5908757427418109,0.5450147310434046,0.1008883663908438,0.5393825311108511,0.4981293687028807,0.5908757427418109,0.16129032258064516,0.373878250552983,0.0,0.0,0.0,0.0,0.0,0.0,0.0,0.0,0.9354838709677417,0.044839288710355876,0.9230769230769231,0.9230769230769231,0.9615384615384616,0.9354838709677417,0.044839288710355876,0.9230769230769231,0.9230769230769231,0.9615384615384616,0.9991498529219653,0.0023366555998059276,1.0,1.0,1.0,1.0,0.0,1.0,1.0,1.0,5.383504429171162,1.2952743429939089,5.660782337188721,4.703131914138794,6.190912246704102,0.07211676209102404,0.003520542557799375,0.07112157700066746,0.0701845460007462,0.07304279099935229,256.0,0.0,256.0,256.0,256.0,1.0,0.0,1.0,1.0,1.0
wachter_style,Custom Wachter-style gradient,256,disease_to_no_disease,medium_confidence,33.0,0.10606060606060608,0.024230584229878005,0.1,0.1,0.1,1.0,0.0,1.0,1.0,1.0,0.0,0.0,0.0,0.0,0.0,0.10606060606060608,0.024230584229878005,0.1,0.1,0.1,0.0,0.0,0.0,0.0,0.0,0.06337567949385355,0.0083180021242469,0.06176046282052994,0.059206943958997726,0.06980356574058533,0.011784511784511786,0.03332631800476288,0.0,0.0,0.0,0.011784511784511786,0.03332631800476288,0.0,0.0,0.0,0.001836214271007162,0.007392071341472331,0.0,0.0,0.0,0.5004456468363551,0.1193427173765383,0.4903684987756998,0.433242211691321,0.5226194956241053,0.5004456468363551,0.1193427173765383,0.4903684987756998,0.433242211691321,0.5226194956241053,0.06060606060606061,0.24230584229877994,0.0,0.0,0.0,0.01818181818181818,0.10444659357341873,0.0,0.0,0.0,0.9067599067599067,0.06523618831120999,0.9230769230769231,0.8846153846153846,0.9615384615384616,0.9067599067599067,0.06523618831120999,0.9230769230769231,0.8846153846153846,0.9615384615384616,0.9991341991341992,0.0025301597599038947,1.0,1.0,1.0,1.0,0.0,1.0,1.0,1.0,7.585975690321489,0.9344842475826727,7.713063716888428,6.891200542449951,8.227865219116211,0.07153685003024955,0.00354449412340148,0.07074172499960696,0.06943918899924029,0.07262210000044433,256.0,0.0,256.0,256.0,256.0,1.0,0.0,1.0,1.0,1.0
wachter_style,Custom Wachter-style gradient,256,disease_to_no_disease,near_boundary,34.0,0.10588235294117648,0.02388325736106128,0.1,0.1,0.1,1.0,0.0,1.0,1.0,1.0,0.0,0.0,0.0,0.0,0.0,0.10588235294117648,0.02388325736106128,0.1,0.1,0.1,0.0,0.0,0.0,0.0,0.0,0.048131323474294996,0.009609997335320225,0.04784311540424824,0.041068097576498985,0.05797730665653944,0.03921568627450981,0.06196889835248148,0.0,0.0,0.09722222222222227,0.03921568627450981,0.06196889835248148,0.0,0.0,0.09722222222222227,0.001972466488094891,0.00800951319599401,0.0,0.0,0.0,0.4219583391650976,0.0813738085045624,0.41433179756210425,0.3797667020723285,0.47497025353847794,0.4219583391650976,0.0813738085045624,0.41433179756210425,0.3797667020723285,0.47497025353847794,0.20588235294117646,0.4104256301219051,0.0,0.0,0.0,0.017647058823529415,0.057580448256247314,0.0,0.0,0.0,0.8733031674208144,0.08008054252264621,0.8846153846153846,0.8461538461538461,0.9230769230769231,0.8733031674208144,0.08008054252264621,0.8846153846153846,0.8461538461538461,0.9230769230769231,0.9853872274318382,0.018307701967228657,0.9964285714285714,0.9648088783970207,1.0,1.0,0.0,1.0,1.0,1.0,8.695554971694946,0.396358912934356,8.839486122131348,8.413756847381592,8.97119402885437,0.0711222305882235,0.0021541549918049985,0.07041676350036141,0.06969215074991553,0.0721361037499264,256.0,0.0,256.0,256.0,256.0,1.0,0.0,1.0,1.0,1.0
wachter_style,Custom Wachter-style gradient,256,no_disease_to_disease,high_confidence,33.0,0.1,4.2278880420777505e-17,0.1,0.1,0.1,1.0,0.0,1.0,1.0,1.0,0.0,0.0,0.0,0.0,0.0,0.1,4.2278880420777505e-17,0.1,0.1,0.1,0.0,0.0,0.0,0.0,0.0,0.06499124024853561,0.006286697536614234,0.06622959673404694,0.06095331162214279,0.06985302269458771,0.04040404040404042,0.03478529624736342,0.05555555555555558,0.0,0.05555555555555558,0.04040404040404042,0.03478529624736342,0.05555555555555558,0.0,0.05555555555555558,0.0,0.0,0.0,0.0,0.0,0.4958580048111804,0.09650099810018069,0.4742583222246073,0.42194137598752585,0.5799795132446339,0.4958580048111804,0.09650099810018069,0.4742583222246073,0.42194137598752585,0.5799795132446339,0.030303030303030304,0.17407765595569796,0.0,0.0,0.0,0.5393939393939395,0.4076912081614236,0.6,0.2,1.0,0.9137529137529138,0.057716583859042624,0.9230769230769231,0.8846153846153846,0.9615384615384616,0.9137529137529138,0.057716583859042624,0.9230769230769231,0.8846153846153846,0.9615384615384616,0.9972681359044995,0.005587041307290397,1.0,0.9962121212121212,1.0,1.0,0.0,1.0,1.0,1.0,5.925870649742357,1.1245434103051242,5.857724666595459,5.0224223136901855,6.953881740570068,0.07060919399996099,0.0018009201047751106,0.07022571000015887,0.06933258499975636,0.07148018400039291,256.0,0.0,256.0,256.0,256.0,1.0,0.0,1.0,1.0,1.0
wachter_style,Custom Wachter-style gradient,256,no_disease_to_disease,medium_confidence,33.0,0.1,4.2278880420777505e-17,0.1,0.1,0.1,1.0,0.0,1.0,1.0,1.0,0.0,0.0,0.0,0.0,0.0,0.1,4.2278880420777505e-17,0.1,0.1,0.1,0.0,0.0,0.0,0.0,0.0,0.060046352671854424,0.004754607260536306,0.060646139085292816,0.05770927667617798,0.06259644031524658,0.030303030303030318,0.02809166093596843,0.05555555555555558,0.0,0.05555555555555558,0.030303030303030318,0.02809166093596843,0.05555555555555558,0.0,0.05555555555555558,0.0,0.0,0.0,0.0,0.0,0.47770908246049115,0.10468045404706858,0.44655553331164094,0.3931398957510908,0.5688980671449544,0.47770908246049115,0.10468045404706858,0.44655553331164094,0.3931398957510908,0.5688980671449544,0.0,0.0,0.0,0.0,0.0,0.593939393939394,0.46498615163477847,1.0,0.0,1.0,0.9172494172494172,0.061659445467412005,0.9230769230769231,0.8846153846153846,0.9615384615384616,0.9172494172494172,0.061659445467412005,0.9230769230769231,0.8846153846153846,0.9615384615384616,0.996969696969697,0.006129008223669877,1.0,0.9964285714285714,1.0,1.0,0.0,1.0,1.0,1.0,6.532712300618489,0.9334660609382784,6.445584774017334,5.9050421714782715,7.514625072479248,0.07327661790904214,0.004697854388694353,0.0717711249999411,0.07105146100002457,0.07348758899934182,256.0,0.0,256.0,256.0,256.0,1.0,0.0,1.0,1.0,1.0
wachter_style,Custom Wachter-style gradient,256,no_disease_to_disease,near_boundary,34.0,0.1,4.2259464171569474e-17,0.1,0.1,0.1,1.0,0.0,1.0,1.0,1.0,0.0,0.0,0.0,0.0,0.0,0.1,4.2259464171569474e-17,0.1,0.1,0.1,0.0,0.0,0.0,0.0,0.0,0.04883983566918794,0.005761707563400104,0.047893226146698,0.045879521407186985,0.054202533327043056,0.04738562091503269,0.04956290983836031,0.05555555555555558,0.0,0.05555555555555558,0.04738562091503269,0.04956290983836031,0.05555555555555558,0.0,0.05555555555555558,0.0,0.0,0.0,0.0,0.0,0.4846160826519096,0.11646604919598963,0.48120571744295265,0.4426031671118158,0.5702486923920937,0.4846160826519096,0.11646604919598963,0.48120571744295265,0.4426031671118158,0.5702486923920937,0.0,0.0,0.0,0.0,0.0,0.7294117647058824,0.4115966043420212,1.0,0.4,1.0,0.8823529411764706,0.06691354892291417,0.8846153846153846,0.8461538461538461,0.9230769230769231,0.8823529411764706,0.06691354892291417,0.8846153846153846,0.8461538461538461,0.9230769230769231,0.9888496506590435,0.015577239260972296,0.994534632034632,0.9859577922077922,1.0,1.0,0.0,1.0,1.0,1.0,7.512414960300221,0.6649978709831871,7.551201343536377,6.9365808963775635,8.155371189117432,0.07085526426472451,0.001547329681153429,0.0708895654997832,0.07008955125047578,0.07181501149966607,256.0,0.0,256.0,256.0,256.0,1.0,0.0,1.0,1.0,1.0
wachter_style,Custom Wachter-style gradient,512,disease_to_no_disease,high_confidence,33.0,0.1,4.2278880420777505e-17,0.1,0.1,0.1,1.0,0.0,1.0,1.0,1.0,0.0,0.0,0.0,0.0,0.0,0.09696969696969697,0.017407765595569804,0.1,0.1,0.1,0.0,0.0,0.0,0.0,0.0,0.09589803331729138,0.012630808962349825,0.09483835101127625,0.08811195939779282,0.10029400885105133,0.026936026936026945,0.04194631186335128,0.0,0.0,0.05555555555555558,0.026936026936026945,0.04194631186335128,0.0,0.0,0.05555555555555558,0.0,0.0,0.0,0.0,0.0,0.6235675039440242,0.11574422606429216,0.6194905402953309,0.5675403913838318,0.6616437001468761,0.6235675039440242,0.11574422606429216,0.6194905402953309,0.5675403913838318,0.6616437001468761,0.09090909090909091,0.2919371040605711,0.0,0.0,0.0,0.0,0.0,0.0,0.0,0.0,0.9405594405594405,0.047194702750675145,0.9230769230769231,0.9230769230769231,0.9615384615384616,0.9405594405594405,0.047194702750675145,0.9230769230769231,0.9230769230769231,0.9615384615384616,0.9988972252901871,0.002910582403642478,1.0,1.0,1.0,1.0,0.0,1.0,1.0,1.0,10.905723557327732,2.332199952954652,11.616520881652832,10.71090316772461,11.912408828735352,0.10166036996975669,0.005936453416938691,0.10115119000056438,0.0979581909996341,0.10303325199947722,512.0,0.0,512.0,512.0,512.0,1.0,0.0,1.0,1.0,1.0
wachter_style,Custom Wachter-style gradient,512,disease_to_no_disease,medium_confidence,33.0,0.1,4.2278880420777505e-17,0.1,0.1,0.1,1.0,0.0,1.0,1.0,1.0,0.0,0.0,0.0,0.0,0.0,0.1,4.2278880420777505e-17,0.1,0.1,0.1,0.0,0.0,0.0,0.0,0.0,0.07828944345766847,0.010108681555771402,0.0782407745718956,0.07265523821115494,0.0862790122628212,0.015151515151515155,0.0347852962473634,0.0,0.0,0.0,0.015151515151515155,0.0347852962473634,0.0,0.0,0.0,0.0,0.0,0.0,0.0,0.0,0.5441626089931167,0.11484886833341597,0.5381956457209729,0.48478053594937126,0.5746163991727568,0.5441626089931167,0.11484886833341597,0.5381956457209729,0.48478053594937126,0.5746163991727568,0.030303030303030304,0.17407765595569785,0.0,0.0,0.0,0.01818181818181818,0.10444659357341873,0.0,0.0,0.0,0.9324009324009325,0.05356235567867626,0.9615384615384616,0.8846153846153846,0.9615384615384616,0.9324009324009325,0.05356235567867626,0.9615384615384616,0.8846153846153846,0.9615384615384616,0.9980453889544798,0.0049856973571544266,1.0,1.0,1.0,1.0,0.0,1.0,1.0,1.0,11.45525784925981,0.8568369677821743,11.808025360107422,10.944747924804688,12.081315994262695,0.10079638251513781,0.005099427764727765,0.100390126000093,0.0977870830001848,0.10196448999977292,512.0,0.0,512.0,512.0,512.0,1.0,0.0,1.0,1.0,1.0
wachter_style,Custom Wachter-style gradient,512,disease_to_no_disease,near_boundary,34.0,0.10882352941176471,0.028790224128123654,0.1,0.1,0.1,1.0,0.0,1.0,1.0,1.0,0.0,0.0,0.0,0.0,0.0,0.10882352941176471,0.028790224128123654,0.1,0.1,0.1,0.0,0.0,0.0,0.0,0.0,0.05517850345110192,0.012368032614356789,0.0566147081553936,0.04466456174850464,0.06775449775159359,0.06699346405228758,0.07710072287208002,0.0,0.0,0.15277777777777776,0.06699346405228758,0.07710072287208002,0.0,0.0,0.15277777777777776,0.002514151911086896,0.008301721683197578,0.0,0.0,0.0,0.4443710069355201,0.08154422620397908,0.4414244677818404,0.4017735726613977,0.49912733163881384,0.4443710069355201,0.08154422620397908,0.4414244677818404,0.4017735726613977,0.49912733163881384,0.17647058823529413,0.38695299497594765,0.0,0.0,0.0,0.026470588235294117,0.0827878761780234,0.0,0.0,0.0,0.8993212669683258,0.06210022286567974,0.8846153846153846,0.8461538461538461,0.9615384615384616,0.8993212669683258,0.06210022286567974,0.8846153846153846,0.8461538461538461,0.9615384615384616,0.994760887223927,0.009993810172570181,1.0,0.9935652709359606,1.0,1.0,0.0,1.0,1.0,1.0,10.964280605316162,0.7213948841513762,10.901251792907715,10.550818681716919,11.598834991455078,0.1009371794705604,0.005974051947981758,0.0997201995000978,0.09802131049968921,0.10166594775023441,512.0,0.0,512.0,512.0,512.0,1.0,0.0,1.0,1.0,1.0
wachter_style,Custom Wachter-style gradient,512,no_disease_to_disease,high_confidence,33.0,0.1,4.2278880420777505e-17,0.1,0.1,0.1,1.0,0.0,1.0,1.0,1.0,0.0,0.0,0.0,0.0,0.0,0.1,4.2278880420777505e-17,0.1,0.1,0.1,0.0,0.0,0.0,0.0,0.0,0.08066358146342364,0.008835174427792959,0.07976578176021576,0.07521732151508331,0.08733727037906647,0.03872053872053874,0.04045661562524552,0.05555555555555558,0.0,0.05555555555555558,0.03872053872053874,0.04045661562524552,0.05555555555555558,0.0,0.05555555555555558,0.0,0.0,0.0,0.0,0.0,0.5497132453313693,0.09864878598247695,0.5146900904239143,0.4830463920631458,0.6341029157850827,0.5497132453313693,0.09864878598247695,0.5146900904239143,0.4830463920631458,0.6341029157850827,0.030303030303030304,0.17407765595569796,0.0,0.0,0.0,0.5757575757575759,0.4235492172037854,0.6,0.2,1.0,0.9265734265734266,0.06108882940439215,0.9230769230769231,0.8846153846153846,0.9615384615384616,0.9265734265734266,0.06108882940439215,0.9230769230769231,0.8846153846153846,0.9615384615384616,0.9964646464646465,0.007115783719850498,1.0,0.9964285714285714,1.0,1.0,0.0,1.0,1.0,1.0,9.743423447464451,1.201671412062325,9.511116027832031,8.762096405029297,10.854225158691406,0.09897953518192838,0.002335292227028785,0.09868022700084111,0.09755388200028392,0.10000851600034366,512.0,0.0,512.0,512.0,512.0,1.0,0.0,1.0,1.0,1.0
wachter_style,Custom Wachter-style gradient,512,no_disease_to_disease,medium_confidence,33.0,0.1,4.2278880420777505e-17,0.1,0.1,0.1,1.0,0.0,1.0,1.0,1.0,0.0,0.0,0.0,0.0,0.0,0.1,4.2278880420777505e-17,0.1,0.1,0.1,0.0,0.0,0.0,0.0,0.0,0.07240774335734772,0.006003575021477131,0.0732586532831192,0.0698649063706398,0.07586009055376053,0.031986531986532,0.02788279810614796,0.05555555555555558,0.0,0.05555555555555558,0.031986531986532,0.02788279810614796,0.05555555555555558,0.0,0.05555555555555558,0.0,0.0,0.0,0.0,0.0,0.5205586442398173,0.10391839585513127,0.49315608807826594,0.4465917268386224,0.591512917282652,0.5205586442398173,0.10391839585513127,0.49315608807826594,0.4465917268386224,0.591512917282652,0.0,0.0,0.0,0.0,0.0,0.5878787878787879,0.4608128523039313,0.8,0.0,1.0,0.9335664335664335,0.05710658381489886,0.9615384615384616,0.9230769230769231,0.9615384615384616,0.9335664335664335,0.05710658381489886,0.9615384615384616,0.9230769230769231,0.9615384615384616,0.9972943722943722,0.004810694319867794,1.0,0.9964285714285714,1.0,1.0,0.0,1.0,1.0,1.0,9.631022713401101,1.180091250385002,9.525993347167969,9.265865325927734,10.739339828491211,0.10199789603021517,0.003857422024617245,0.10191418999966118,0.09939908700016531,0.10324994799975684,512.0,0.0,512.0,512.0,512.0,1.0,0.0,1.0,1.0,1.0
wachter_style,Custom Wachter-style gradient,512,no_disease_to_disease,near_boundary,34.0,0.1,4.2259464171569474e-17,0.1,0.1,0.1,1.0,0.0,1.0,1.0,1.0,0.0,0.0,0.0,0.0,0.0,0.1,4.2259464171569474e-17,0.1,0.1,0.1,0.0,0.0,0.0,0.0,0.0,0.055535494075978506,0.00729413768571341,0.05432840436697006,0.05177006870508194,0.06250693928450346,0.07516339869281048,0.07961085787020428,0.05555555555555558,0.05555555555555558,0.05555555555555558,0.07516339869281048,0.07961085787020428,0.05555555555555558,0.05555555555555558,0.05555555555555558,0.0,0.0,0.0,0.0,0.0,0.5067478500425129,0.11019470938121982,0.5067363056392654,0.4690133262531574,0.5910793946390994,0.5067478500425129,0.11019470938121982,0.5067363056392654,0.4690133262531574,0.5910793946390994,0.0,0.0,0.0,0.0,0.0,0.7294117647058824,0.4232123986875289,1.0,0.4,1.0,0.9208144796380091,0.050050339076653884,0.9230769230769231,0.8846153846153846,0.9615384615384616,0.9208144796380091,0.050050339076653884,0.9230769230769231,0.8846153846153846,0.9615384615384616,0.985738495230199,0.01789807651593045,0.9926406926406927,0.9825687753107109,1.0,1.0,0.0,1.0,1.0,1.0,9.5560024766361,0.9226569076114592,9.47523307800293,9.05278205871582,10.312429428100586,0.10132051464699329,0.005858678287151896,0.09992568049983674,0.09856635925052615,0.10146229125030004,512.0,0.0,512.0,512.0,512.0,1.0,0.0,1.0,1.0,1.0
