direction,method,method_family,candidate_cohort_seed,plaintext_logit,he_logit,abs_logit_error,label_agreement
disease_to_no_disease,uniform_random,Baseline,101,-2.0652255814967866,-2.065220928725016,4.652771770530251e-06,True
disease_to_no_disease,proposed_dp_eps16_sparse_diverse,DP-CounterGAN eps=16,101,-4.375400217640541,-4.3753957475774,4.470063140971092e-06,True
disease_to_no_disease,proposed_dp_eps2_sparse_diverse,DP-CounterGAN eps=2,101,-14.249910930150165,-14.24990901782506,1.912325105379864e-06,True
disease_to_no_disease,proposed_dp_eps4_sparse_diverse,DP-CounterGAN eps=4,101,-2.1453090618295123,-2.1453047338852067,4.327944305604348e-06,True
disease_to_no_disease,proposed_dp_eps8_sparse_diverse,DP-CounterGAN eps=8,101,-0.5457163713180133,-0.5457113863700566,4.984947956754304e-06,True
disease_to_no_disease,countergan_sparse_diverse_no_dp,Non-DP CounterGAN,101,-9.585646937501792,-9.585644037709875,2.8997919176987352e-06,True
no_disease_to_disease,genetic_cfe,Baseline,101,0.6766217392320044,0.6766274419861587,5.702754154235379e-06,True
no_disease_to_disease,proposed_dp_eps16_sparse_diverse,DP-CounterGAN eps=16,101,0.958295321925366,0.9583010015477073,5.679622341214774e-06,True
no_disease_to_disease,proposed_dp_eps2_sparse_diverse,DP-CounterGAN eps=2,101,0.7284624684778684,0.7284680458874774,5.577409608936712e-06,True
no_disease_to_disease,proposed_dp_eps4_sparse_diverse,DP-CounterGAN eps=4,101,0.8797389333386896,0.8797438931896256,4.959850936070431e-06,True
no_disease_to_disease,proposed_dp_eps8_sparse_diverse,DP-CounterGAN eps=8,101,0.28364935397145175,0.2836549021239673,5.548152515577609e-06,True
no_disease_to_disease,countergan_one_shot,Non-DP CounterGAN,101,0.8602845899407949,0.8602895847065511,4.9947657562166015e-06,True
disease_to_no_disease,genetic_cfe,Baseline,101,-15.139138200724151,-15.139136024491197,2.1762329538432823e-06,True
disease_to_no_disease,proposed_dp_eps16_sparse_diverse,DP-CounterGAN eps=16,101,-21.059255630824378,-21.05925475946654,8.713578374397457e-07,True
disease_to_no_disease,proposed_dp_eps2_sparse_diverse,DP-CounterGAN eps=2,101,-0.8596650067546285,-0.8596600442422361,4.96251239245904e-06,True
disease_to_no_disease,proposed_dp_eps4_sparse_diverse,DP-CounterGAN eps=4,101,-5.241011558760288,-5.241006805575031,4.753185256944903e-06,True
disease_to_no_disease,proposed_dp_eps8_sparse_diverse,DP-CounterGAN eps=8,101,-1.7408032266648217,-1.740798416696092,4.8099687297575855e-06,True
disease_to_no_disease,proposed_countergan,Non-DP CounterGAN,101,-5.773353191105206,-5.773349438381629,3.7527235763334943e-06,True
no_disease_to_disease,dice_gradient_style,Baseline,101,11.11090685966834,11.110914967370999,8.10770265857741e-06,True
no_disease_to_disease,proposed_dp_eps16_sparse_diverse,DP-CounterGAN eps=16,101,2.7201560995726126,2.7201616063770206,5.506804408028643e-06,True
no_disease_to_disease,proposed_dp_eps2_sparse_diverse,DP-CounterGAN eps=2,101,3.5232982692612147,3.523305031367525,6.76210631045393e-06,True
no_disease_to_disease,proposed_dp_eps4_sparse_diverse,DP-CounterGAN eps=4,101,2.0531226528639728,2.053128116542701,5.463678728112598e-06,True
no_disease_to_disease,proposed_dp_eps8_sparse_diverse,DP-CounterGAN eps=8,101,8.614870272477116,8.614877097649238,6.825172121693868e-06,True
no_disease_to_disease,countergan_one_shot,Non-DP CounterGAN,101,6.992727923348715,6.992735027426465,7.104077750064164e-06,True
disease_to_no_disease,uniform_random,Baseline,101,-3.7572175116114233,-3.757213445442828,4.0661685951626225e-06,True
disease_to_no_disease,proposed_dp_eps16_sparse_diverse,DP-CounterGAN eps=16,101,-2.401527884197268,-2.4015232072168335,4.676980434492606e-06,True
disease_to_no_disease,proposed_dp_eps2_sparse_diverse,DP-CounterGAN eps=2,101,-19.439342500853964,-19.43934144447937,1.0563745931335689e-06,True
disease_to_no_disease,proposed_dp_eps4_sparse_diverse,DP-CounterGAN eps=4,101,-4.351254024445312,-4.35124990952548,4.114919832431951e-06,True
disease_to_no_disease,proposed_dp_eps8_sparse_diverse,DP-CounterGAN eps=8,101,-1.696879426696512,-1.6968749338726576,4.492823854285177e-06,True
disease_to_no_disease,countergan_sparse_diverse_no_dp,Non-DP CounterGAN,101,-4.391056756683499,-4.391052571676096,4.185007402845997e-06,True
no_disease_to_disease,uniform_random,Baseline,101,7.360598292028563,7.3606051984681,6.906439537601727e-06,True
no_disease_to_disease,proposed_dp_eps16_sparse_diverse,DP-CounterGAN eps=16,101,4.3002800087769515,4.30028572680162,5.718024668865951e-06,True
no_disease_to_disease,proposed_dp_eps2_sparse_diverse,DP-CounterGAN eps=2,101,0.5737017523159906,0.5737067318657301,4.979549739436706e-06,True
no_disease_to_disease,proposed_dp_eps4_sparse_diverse,DP-CounterGAN eps=4,101,3.6356459997211275,3.6356520949504723,6.095229344804665e-06,True
no_disease_to_disease,proposed_dp_eps8_sparse_diverse,DP-CounterGAN eps=8,101,5.320504816796818,5.320511509984632,6.693187813766599e-06,True
no_disease_to_disease,countergan_one_shot,Non-DP CounterGAN,101,7.8125968727738435,7.812603961559274,7.088785430653388e-06,True
disease_to_no_disease,genetic_cfe,Baseline,101,-13.119265810672976,-13.119263417959848,2.3927131280743197e-06,True
disease_to_no_disease,proposed_dp_eps16_sparse_diverse,DP-CounterGAN eps=16,101,-5.965644242531825,-5.965640708886056,3.5336457688828204e-06,True
disease_to_no_disease,proposed_dp_eps2_sparse_diverse,DP-CounterGAN eps=2,101,-0.10628730128013508,-0.10628219887462131,5.102405513768282e-06,True
disease_to_no_disease,proposed_dp_eps4_sparse_diverse,DP-CounterGAN eps=4,101,-6.7398612294753955,-6.739857866597658,3.36287773716748e-06,True
disease_to_no_disease,proposed_dp_eps8_sparse_diverse,DP-CounterGAN eps=8,101,-9.161489729069869,-9.161486626711383,3.1023584856626485e-06,True
disease_to_no_disease,countergan_sparse_diverse_no_dp,Non-DP CounterGAN,101,-11.037994724213608,-11.037991515393164,3.208820443134641e-06,True
no_disease_to_disease,dice_gradient_style,Baseline,101,9.679295279806382,9.679302572282468,7.292476086107058e-06,True
no_disease_to_disease,proposed_dp_eps16_sparse_diverse,DP-CounterGAN eps=16,101,0.8537724983837496,0.853777455417577,4.957033827412971e-06,True
no_disease_to_disease,proposed_dp_eps2_sparse_diverse,DP-CounterGAN eps=2,101,27.733088478915008,27.733099746771785,1.126785677740827e-05,True
no_disease_to_disease,proposed_dp_eps4_sparse_diverse,DP-CounterGAN eps=4,101,0.6098511444135646,0.6098565039297853,5.359516220715399e-06,True
no_disease_to_disease,proposed_dp_eps8_sparse_diverse,DP-CounterGAN eps=8,101,2.016081674267273,2.016087106212392,5.431945119038772e-06,True
no_disease_to_disease,proposed_countergan,Non-DP CounterGAN,101,10.65913160215846,10.65913997580994,8.373651478876809e-06,True
disease_to_no_disease,uniform_random,Baseline,101,-0.33318215707109644,-0.33317696600951463,5.1910615818107075e-06,True
disease_to_no_disease,proposed_dp_eps16_sparse_diverse,DP-CounterGAN eps=16,101,-11.107520659521416,-11.107517792169643,2.8673517729060904e-06,True
disease_to_no_disease,proposed_dp_eps2_sparse_diverse,DP-CounterGAN eps=2,101,-21.92459319962406,-21.924592729104397,4.705196623433494e-07,True
disease_to_no_disease,proposed_dp_eps4_sparse_diverse,DP-CounterGAN eps=4,101,-3.133896417397027,-3.1338917866385456,4.630758481560804e-06,True
disease_to_no_disease,proposed_dp_eps8_sparse_diverse,DP-CounterGAN eps=8,101,-1.5170825067621099,-1.5170777375496451,4.7692124647280565e-06,True
disease_to_no_disease,proposed_countergan,Non-DP CounterGAN,101,-0.12351064712319726,-0.12350472445647184,5.9226667254164145e-06,True
no_disease_to_disease,uniform_random,Baseline,101,4.655013902747278,4.655019973187941,6.070440663030752e-06,True
no_disease_to_disease,proposed_dp_eps16_sparse_diverse,DP-CounterGAN eps=16,101,1.0992303622379715,1.0992356740313947,5.311793423112832e-06,True
no_disease_to_disease,proposed_dp_eps2_sparse_diverse,DP-CounterGAN eps=2,101,3.4424300040839526,3.4424357146907956,5.710606842956878e-06,True
no_disease_to_disease,proposed_dp_eps4_sparse_diverse,DP-CounterGAN eps=4,101,15.35560956566188,15.35561943824403,9.872582150904918e-06,True
no_disease_to_disease,proposed_dp_eps8_sparse_diverse,DP-CounterGAN eps=8,101,30.405224805152997,30.40523778986488,1.2984711883490263e-05,True
no_disease_to_disease,proposed_countergan,Non-DP CounterGAN,101,13.632395272803105,13.632404559954766,9.287151661041548e-06,True
disease_to_no_disease,genetic_cfe,Baseline,101,-7.78284589526579,-7.782841991077383,3.904188407233278e-06,True
disease_to_no_disease,proposed_dp_eps16_sparse_diverse,DP-CounterGAN eps=16,101,-9.56772839334822,-9.567725119604733,3.2737434878526983e-06,True
disease_to_no_disease,proposed_dp_eps2_sparse_diverse,DP-CounterGAN eps=2,101,-14.534255077244563,-14.534252750729545,2.3265150179696548e-06,True
disease_to_no_disease,proposed_dp_eps4_sparse_diverse,DP-CounterGAN eps=4,101,-14.060739736692753,-14.060737991082213,1.7456105396718158e-06,True
disease_to_no_disease,proposed_dp_eps8_sparse_diverse,DP-CounterGAN eps=8,101,-0.21374243545831284,-0.21373720143375366,5.234024559180872e-06,True
disease_to_no_disease,countergan_sparse_diverse_no_dp,Non-DP CounterGAN,101,-19.032421822903345,-19.032420312887464,1.5100158812231257e-06,True
no_disease_to_disease,genetic_cfe,Baseline,101,15.864270045688684,15.864279041722908,8.99603422332973e-06,True
no_disease_to_disease,proposed_dp_eps16_sparse_diverse,DP-CounterGAN eps=16,101,27.486103178510653,27.486115084487974,1.1905977320481043e-05,True
no_disease_to_disease,proposed_dp_eps2_sparse_diverse,DP-CounterGAN eps=2,101,1.7660643188095548,1.7660698526380803,5.533828525416951e-06,True
no_disease_to_disease,proposed_dp_eps4_sparse_diverse,DP-CounterGAN eps=4,101,4.885322837196977,4.885329120008264,6.282811287228185e-06,True
no_disease_to_disease,proposed_dp_eps8_sparse_diverse,DP-CounterGAN eps=8,101,1.935589543145987,1.9355949784061006,5.435260113539897e-06,True
no_disease_to_disease,proposed_countergan,Non-DP CounterGAN,101,4.881368513891745,4.881374508382413,5.9944906674047616e-06,True
disease_to_no_disease,uniform_random,Baseline,101,-10.34593849631501,-10.345935700231712,2.796083299116958e-06,True
disease_to_no_disease,proposed_dp_eps16_sparse_diverse,DP-CounterGAN eps=16,101,-38.86325960504407,-38.8632627898907,3.184846626425042e-06,True
disease_to_no_disease,proposed_dp_eps2_sparse_diverse,DP-CounterGAN eps=2,101,-18.614196575973445,-18.614195591391496,9.845819484155527e-07,True
disease_to_no_disease,proposed_dp_eps4_sparse_diverse,DP-CounterGAN eps=4,101,-10.101684202263682,-10.10168144234756,2.759916121419792e-06,True
disease_to_no_disease,proposed_dp_eps8_sparse_diverse,DP-CounterGAN eps=8,101,-15.89483323207378,-15.894831777915298,1.454158482516732e-06,True
disease_to_no_disease,countergan_sparse_diverse_no_dp,Non-DP CounterGAN,101,-0.1302218711173202,-0.13021656710532287,5.304011997331326e-06,True
no_disease_to_disease,uniform_random,Baseline,101,3.242509278027587,3.2425150380399588,5.760012371958112e-06,True
no_disease_to_disease,proposed_dp_eps16_sparse_diverse,DP-CounterGAN eps=16,101,0.9849382207786075,0.984944049871719,5.829093111531236e-06,True
no_disease_to_disease,proposed_dp_eps2_sparse_diverse,DP-CounterGAN eps=2,101,5.669857542493309,5.66986389464887,6.352155560662709e-06,True
no_disease_to_disease,proposed_dp_eps4_sparse_diverse,DP-CounterGAN eps=4,101,10.685557548720908,10.685565122751017,7.5740301088700335e-06,True
no_disease_to_disease,proposed_dp_eps8_sparse_diverse,DP-CounterGAN eps=8,101,5.8591625305250545,5.859168973948352,6.443423297142203e-06,True
no_disease_to_disease,countergan_one_shot,Non-DP CounterGAN,101,5.393626546474676,5.393633005688406,6.459213729215207e-06,True
disease_to_no_disease,genetic_cfe,Baseline,101,-16.580286727674032,-16.580285367452593,1.3602214394836665e-06,True
disease_to_no_disease,proposed_dp_eps16_sparse_diverse,DP-CounterGAN eps=16,101,-10.12170606871857,-10.121702867698525,3.2010200445853343e-06,True
disease_to_no_disease,proposed_dp_eps2_sparse_diverse,DP-CounterGAN eps=2,101,-4.855404011056068,-4.855399813518871,4.197537196937162e-06,True
disease_to_no_disease,proposed_dp_eps4_sparse_diverse,DP-CounterGAN eps=4,101,-13.773830856892147,-13.77382894277067,1.9141214764317738e-06,True
disease_to_no_disease,proposed_dp_eps8_sparse_diverse,DP-CounterGAN eps=8,101,-4.726168005711964,-4.726163869297215,4.136414748501238e-06,True
disease_to_no_disease,countergan_sparse_diverse_no_dp,Non-DP CounterGAN,101,-40.08328424851892,-40.08328757974456,3.331225634894963e-06,True
no_disease_to_disease,uniform_random,Baseline,101,4.192758251898097,4.192763932168148,5.6802700516556115e-06,True
no_disease_to_disease,proposed_dp_eps16_sparse_diverse,DP-CounterGAN eps=16,101,2.6563023255221374,2.656308100682106,5.775159968468557e-06,True
no_disease_to_disease,proposed_dp_eps2_sparse_diverse,DP-CounterGAN eps=2,101,11.444612076959828,11.444620537070907,8.460111079244825e-06,True
no_disease_to_disease,proposed_dp_eps4_sparse_diverse,DP-CounterGAN eps=4,101,0.6211921792887196,0.6211978460986772,5.666809957616259e-06,True
no_disease_to_disease,proposed_dp_eps8_sparse_diverse,DP-CounterGAN eps=8,101,0.801388166915725,0.801393205423851,5.038508125942975e-06,True
no_disease_to_disease,countergan_one_shot,Non-DP CounterGAN,101,5.986358358284297,5.986364603231358,6.244947060807249e-06,True
disease_to_no_disease,uniform_random,Baseline,101,-1.354376797720402,-1.3543719362837012,4.861436700753785e-06,True
disease_to_no_disease,proposed_dp_eps16_sparse_diverse,DP-CounterGAN eps=16,101,-4.393259567884892,-4.39325492127092,4.6466139718148725e-06,True
disease_to_no_disease,proposed_dp_eps2_sparse_diverse,DP-CounterGAN eps=2,101,-4.673402354436192,-4.673398501797954,3.8526382377668256e-06,True
disease_to_no_disease,proposed_dp_eps4_sparse_diverse,DP-CounterGAN eps=4,101,-7.505731835966666,-7.505727979067706,3.856898959320176e-06,True
disease_to_no_disease,proposed_dp_eps8_sparse_diverse,DP-CounterGAN eps=8,101,-3.6162889363724933,-3.616284797079188,4.139293305449598e-06,True
disease_to_no_disease,countergan_one_shot,Non-DP CounterGAN,101,-3.0168675786871413,-3.016862425939322,5.152747819092696e-06,True
no_disease_to_disease,genetic_cfe,Baseline,101,14.114040740786294,14.114048635890875,7.895104580768475e-06,True
no_disease_to_disease,proposed_dp_eps16_sparse_diverse,DP-CounterGAN eps=16,101,0.7188181216171401,0.7188232479343183,5.1263171781945616e-06,True
no_disease_to_disease,proposed_dp_eps2_sparse_diverse,DP-CounterGAN eps=2,101,0.9337912622214315,0.9337966170259618,5.354804530344204e-06,True
no_disease_to_disease,proposed_dp_eps4_sparse_diverse,DP-CounterGAN eps=4,101,1.3906179202292286,1.3906231210405997,5.20081137111994e-06,True
no_disease_to_disease,proposed_dp_eps8_sparse_diverse,DP-CounterGAN eps=8,101,0.6781060748935719,0.6781113555102083,5.280616636405e-06,True
no_disease_to_disease,countergan_one_shot,Non-DP CounterGAN,101,6.583019385894405,6.583026484374497,7.098480092615489e-06,True
disease_to_no_disease,genetic_cfe,Baseline,101,-1.7426881606242972,-1.7426831764388937,4.984185403511532e-06,True
disease_to_no_disease,proposed_dp_eps16_sparse_diverse,DP-CounterGAN eps=16,101,-4.033071401001281,-4.033067058939182,4.342062098317001e-06,True
disease_to_no_disease,proposed_dp_eps2_sparse_diverse,DP-CounterGAN eps=2,101,-6.258254388256802,-6.258250599350659,3.78890614260996e-06,True
disease_to_no_disease,proposed_dp_eps4_sparse_diverse,DP-CounterGAN eps=4,101,-18.277065094080726,-18.277063887977462,1.2061032634846924e-06,True
disease_to_no_disease,proposed_dp_eps8_sparse_diverse,DP-CounterGAN eps=8,101,-1.961040826699458,-1.9610359659105872,4.860788870741928e-06,True
disease_to_no_disease,countergan_sparse_diverse_no_dp,Non-DP CounterGAN,101,-7.9616730420265425,-7.961669622528238,3.4194983040691795e-06,True
no_disease_to_disease,genetic_cfe,Baseline,101,6.873428688910922,6.873435072484532,6.3835736101580665e-06,True
no_disease_to_disease,proposed_dp_eps16_sparse_diverse,DP-CounterGAN eps=16,101,1.9002157348851156,1.9002215502103166,5.8153252009418566e-06,True
no_disease_to_disease,proposed_dp_eps2_sparse_diverse,DP-CounterGAN eps=2,101,3.4841040028832495,3.484110076794944,6.073911694493006e-06,True
no_disease_to_disease,proposed_dp_eps4_sparse_diverse,DP-CounterGAN eps=4,101,12.258358941055441,12.258367032747934,8.091692492939728e-06,True
no_disease_to_disease,proposed_dp_eps8_sparse_diverse,DP-CounterGAN eps=8,101,3.84102293140468,3.8410296343580277,6.7029533474816105e-06,True
no_disease_to_disease,countergan_one_shot,Non-DP CounterGAN,101,1.3177550520866887,1.317760138747668,5.086660979314317e-06,True
disease_to_no_disease,uniform_random,Baseline,101,-8.457594052612851,-8.457590155282855,3.89732999650505e-06,True
disease_to_no_disease,proposed_dp_eps16_sparse_diverse,DP-CounterGAN eps=16,101,-36.08146875129418,-36.08147173580007,2.984505890424316e-06,True
disease_to_no_disease,proposed_dp_eps2_sparse_diverse,DP-CounterGAN eps=2,101,-12.60609615508184,-12.606093470312835,2.6847690044462524e-06,True
disease_to_no_disease,proposed_dp_eps4_sparse_diverse,DP-CounterGAN eps=4,101,-0.390979632424461,-0.3909743577096977,5.274714763303656e-06,True
disease_to_no_disease,proposed_dp_eps8_sparse_diverse,DP-CounterGAN eps=8,101,-15.403656897457328,-15.403655309242266,1.5882150616874924e-06,True
disease_to_no_disease,countergan_sparse_diverse_no_dp,Non-DP CounterGAN,101,-11.340677131388462,-11.34067440593262,2.725455841456892e-06,True
no_disease_to_disease,dice_gradient_style,Baseline,101,9.199888862711347,9.199895633096677,6.770385329701867e-06,True
no_disease_to_disease,proposed_dp_eps16_sparse_diverse,DP-CounterGAN eps=16,101,8.19425457956262,8.194261806101931,7.226539311844249e-06,True
no_disease_to_disease,proposed_dp_eps2_sparse_diverse,DP-CounterGAN eps=2,101,42.93382886409874,42.93384588283314,1.7018734396856416e-05,True
no_disease_to_disease,proposed_dp_eps4_sparse_diverse,DP-CounterGAN eps=4,101,2.9000639882550736,2.90006943782049,5.4495654162600715e-06,True
no_disease_to_disease,proposed_dp_eps8_sparse_diverse,DP-CounterGAN eps=8,101,2.3763701783007285,2.376375803300008,5.6249992796963966e-06,True
no_disease_to_disease,proposed_countergan,Non-DP CounterGAN,101,10.110774231176357,10.110782571792601,8.340616243884824e-06,True
disease_to_no_disease,genetic_cfe,Baseline,101,-11.308973795226851,-11.308970777849538,3.017377313341285e-06,True
disease_to_no_disease,proposed_dp_eps16_sparse_diverse,DP-CounterGAN eps=16,101,-28.52231496179729,-28.52231587027619,9.084789027724582e-07,True
disease_to_no_disease,proposed_dp_eps2_sparse_diverse,DP-CounterGAN eps=2,101,-24.990923784842064,-24.990924430066233,6.452241692045391e-07,True
disease_to_no_disease,proposed_dp_eps4_sparse_diverse,DP-CounterGAN eps=4,101,-3.1591449424490605,-3.1591403425602493,4.5998888111853375e-06,True
disease_to_no_disease,proposed_dp_eps8_sparse_diverse,DP-CounterGAN eps=8,101,-4.476055259260556,-4.476050615257032,4.6440035239569966e-06,True
disease_to_no_disease,proposed_countergan,Non-DP CounterGAN,101,-5.241446339927016,-5.241441772917933,4.567009082911966e-06,True
no_disease_to_disease,genetic_cfe,Baseline,101,2.911723536323663,2.9117296648351267,6.128511463643349e-06,True
no_disease_to_disease,proposed_dp_eps16_sparse_diverse,DP-CounterGAN eps=16,101,1.5576063476826043,1.5576117484384513,5.4007558469848505e-06,True
no_disease_to_disease,proposed_dp_eps2_sparse_diverse,DP-CounterGAN eps=2,101,1.3499500412732672,1.3499558464609298,5.805187662577538e-06,True
no_disease_to_disease,proposed_dp_eps4_sparse_diverse,DP-CounterGAN eps=4,101,3.975773510636932,3.9757802284740897,6.71783715766594e-06,True
no_disease_to_disease,proposed_dp_eps8_sparse_diverse,DP-CounterGAN eps=8,101,0.662112631554761,0.6621176573471752,5.0257924142371735e-06,True
no_disease_to_disease,countergan_sparse_diverse_no_dp,Non-DP CounterGAN,101,2.525437274681739,2.5254427101390227,5.43545728382e-06,True
disease_to_no_disease,genetic_cfe,Baseline,101,-8.789405680881524,-8.78940245561806,3.22526346430152e-06,True
disease_to_no_disease,proposed_dp_eps16_sparse_diverse,DP-CounterGAN eps=16,101,-32.33421159813426,-32.33421365182234,2.053688078262894e-06,True
disease_to_no_disease,proposed_dp_eps2_sparse_diverse,DP-CounterGAN eps=2,101,-6.646138205463963,-6.646134473329821,3.7321341421758802e-06,True
disease_to_no_disease,proposed_dp_eps4_sparse_diverse,DP-CounterGAN eps=4,101,-0.415228863159145,-0.4152233966188216,5.466540323351143e-06,True
disease_to_no_disease,proposed_dp_eps8_sparse_diverse,DP-CounterGAN eps=8,101,-13.176002408766262,-13.17600014686283,2.2619034325543907e-06,True
disease_to_no_disease,countergan_sparse_diverse_no_dp,Non-DP CounterGAN,101,-3.6833374608259515,-3.6833327465356085,4.714290342988647e-06,True
no_disease_to_disease,uniform_random,Baseline,101,3.053434760387905,3.053440386880544,5.626492639354552e-06,True
no_disease_to_disease,proposed_dp_eps16_sparse_diverse,DP-CounterGAN eps=16,101,14.430046730583861,14.430056260777134,9.530193272766496e-06,True
no_disease_to_disease,proposed_dp_eps2_sparse_diverse,DP-CounterGAN eps=2,101,1.7994950238150107,1.7995005711005023,5.547285491624976e-06,True
no_disease_to_disease,proposed_dp_eps4_sparse_diverse,DP-CounterGAN eps=4,101,0.35889605152609505,0.35890099531898595,4.943792890899079e-06,True
no_disease_to_disease,proposed_dp_eps8_sparse_diverse,DP-CounterGAN eps=8,101,27.422260781220402,27.42227288581863,1.2104598226869712e-05,True
no_disease_to_disease,countergan_one_shot,Non-DP CounterGAN,101,12.190071562336747,12.19008031370355,8.751366802783878e-06,True
disease_to_no_disease,genetic_cfe,Baseline,101,-8.549549122003862,-8.549545821566293,3.3004375694645205e-06,True
disease_to_no_disease,proposed_dp_eps16_sparse_diverse,DP-CounterGAN eps=16,101,-6.632770442283857,-6.632766869092999,3.5731908587521843e-06,True
disease_to_no_disease,proposed_dp_eps2_sparse_diverse,DP-CounterGAN eps=2,101,-22.946898033734275,-22.946898048225428,1.4491153166318327e-08,True
disease_to_no_disease,proposed_dp_eps4_sparse_diverse,DP-CounterGAN eps=4,101,-4.6519723975365075,-4.65196840214178,3.995394727063228e-06,True
disease_to_no_disease,proposed_dp_eps8_sparse_diverse,DP-CounterGAN eps=8,101,-8.6360749374399,-8.636071965575741,2.971864159206916e-06,True
disease_to_no_disease,proposed_countergan,Non-DP CounterGAN,101,-2.088661755843731,-2.088656895434564,4.860409166695945e-06,True
no_disease_to_disease,uniform_random,Baseline,101,2.314584296273795,2.314589885004056,5.5887302612411816e-06,True
no_disease_to_disease,proposed_dp_eps16_sparse_diverse,DP-CounterGAN eps=16,101,1.7285925452941875,1.7285978088455856,5.263551398071442e-06,True
no_disease_to_disease,proposed_dp_eps2_sparse_diverse,DP-CounterGAN eps=2,101,2.903668145762186,2.9036738360540606,5.690291874582698e-06,True
no_disease_to_disease,proposed_dp_eps4_sparse_diverse,DP-CounterGAN eps=4,101,0.5893310372005587,0.5893363310694418,5.293868883149422e-06,True
no_disease_to_disease,proposed_dp_eps8_sparse_diverse,DP-CounterGAN eps=8,101,1.3139614405917897,1.3139669130299254,5.4724381357562635e-06,True
no_disease_to_disease,countergan_sparse_diverse_no_dp,Non-DP CounterGAN,101,0.32544302193555197,0.3254482959811879,5.274045635939029e-06,True
disease_to_no_disease,uniform_random,Baseline,101,-1.9578273355110376,-1.9578225257646316,4.809746406042592e-06,True
disease_to_no_disease,proposed_dp_eps16_sparse_diverse,DP-CounterGAN eps=16,101,-2.933319431951988,-2.933314261929723,5.170022264966434e-06,True
disease_to_no_disease,proposed_dp_eps2_sparse_diverse,DP-CounterGAN eps=2,101,-7.008275596057906,-7.008271937658711,3.658399195138884e-06,True
disease_to_no_disease,proposed_dp_eps4_sparse_diverse,DP-CounterGAN eps=4,101,-2.1397714580826266,-2.1397666022896296,4.8557929970272085e-06,True
disease_to_no_disease,proposed_dp_eps8_sparse_diverse,DP-CounterGAN eps=8,101,-0.7591881396523412,-0.7591828954440969,5.244208244326032e-06,True
disease_to_no_disease,countergan_one_shot,Non-DP CounterGAN,101,-3.543952812886065,-3.543948227712023,4.58517404222647e-06,True
no_disease_to_disease,genetic_cfe,Baseline,101,1.562789249232063,1.5627948899899733,5.640757910319039e-06,True
no_disease_to_disease,proposed_dp_eps16_sparse_diverse,DP-CounterGAN eps=16,101,1.3464823173367595,1.3464874636617168,5.146324957294723e-06,True
no_disease_to_disease,proposed_dp_eps2_sparse_diverse,DP-CounterGAN eps=2,101,1.26229708166683,1.2623027585002327,5.676833402690207e-06,True
no_disease_to_disease,proposed_dp_eps4_sparse_diverse,DP-CounterGAN eps=4,101,5.228139888120314,5.22814672800529,6.839884975740063e-06,True
no_disease_to_disease,proposed_dp_eps8_sparse_diverse,DP-CounterGAN eps=8,101,0.2220023795153132,0.2220079468267643,5.567311451099011e-06,True
no_disease_to_disease,countergan_sparse_diverse_no_dp,Non-DP CounterGAN,101,2.2717327746976714,2.271738941993577,6.167295905523673e-06,True
disease_to_no_disease,uniform_random,Baseline,101,-7.066790060155592,-7.066786740987557,3.3191680346433827e-06,True
disease_to_no_disease,proposed_dp_eps16_sparse_diverse,DP-CounterGAN eps=16,101,-2.3968282575422126,-2.3968236415597293,4.615982483358039e-06,True
disease_to_no_disease,proposed_dp_eps2_sparse_diverse,DP-CounterGAN eps=2,101,-2.181365058454798,-2.181360048594675,5.009860122751064e-06,True
disease_to_no_disease,proposed_dp_eps4_sparse_diverse,DP-CounterGAN eps=4,101,-4.90545970145645,-4.905455843416357,3.858040092730164e-06,True
disease_to_no_disease,proposed_dp_eps8_sparse_diverse,DP-CounterGAN eps=8,101,-13.090970060174637,-13.090967148405438,2.9117691990876438e-06,True
disease_to_no_disease,countergan_one_shot,Non-DP CounterGAN,101,-4.072706125112977,-4.072701983113263,4.1419997138802955e-06,True
no_disease_to_disease,genetic_cfe,Baseline,101,9.36739298781169,9.367400307649667,7.319837976638155e-06,True
no_disease_to_disease,proposed_dp_eps16_sparse_diverse,DP-CounterGAN eps=16,101,1.256001381912478,1.2560067477464945,5.3658340164464136e-06,True
no_disease_to_disease,proposed_dp_eps2_sparse_diverse,DP-CounterGAN eps=2,101,1.4181540456621562,1.4181599917296557,5.946067499484897e-06,True
no_disease_to_disease,proposed_dp_eps4_sparse_diverse,DP-CounterGAN eps=4,101,1.1379102714320588,1.1379153083439288,5.036911870037741e-06,True
no_disease_to_disease,proposed_dp_eps8_sparse_diverse,DP-CounterGAN eps=8,101,4.200475242823536,4.200481220817725,5.977994188555158e-06,True
no_disease_to_disease,countergan_one_shot,Non-DP CounterGAN,101,8.661567127881185,8.661574491390503,7.3635093187363054e-06,True
disease_to_no_disease,uniform_random,Baseline,101,-7.197647594786426,-7.197644050530479,3.5442559473963797e-06,True
disease_to_no_disease,proposed_dp_eps16_sparse_diverse,DP-CounterGAN eps=16,101,-16.603863031051766,-16.603861764444588,1.2666071782518884e-06,True
disease_to_no_disease,proposed_dp_eps2_sparse_diverse,DP-CounterGAN eps=2,101,-16.204928947319416,-16.204927030399997,1.9169194196422268e-06,True
disease_to_no_disease,proposed_dp_eps4_sparse_diverse,DP-CounterGAN eps=4,101,-0.9741316919708911,-0.9741267188073673,4.973163523769308e-06,True
disease_to_no_disease,proposed_dp_eps8_sparse_diverse,DP-CounterGAN eps=8,101,-13.658139159042557,-13.658137321436515,1.8376060424429852e-06,True
disease_to_no_disease,countergan_one_shot,Non-DP CounterGAN,101,-6.8819949120031865,-6.881991249752072,3.6622511148109993e-06,True
no_disease_to_disease,genetic_cfe,Baseline,101,0.7860802536367295,0.7860858534224258,5.599785696253079e-06,True
no_disease_to_disease,proposed_dp_eps16_sparse_diverse,DP-CounterGAN eps=16,101,0.5052884794929273,0.505293433216166,4.953723238720897e-06,True
no_disease_to_disease,proposed_dp_eps2_sparse_diverse,DP-CounterGAN eps=2,101,0.6838358382506691,0.6838410263661974,5.188115528298454e-06,True
no_disease_to_disease,proposed_dp_eps4_sparse_diverse,DP-CounterGAN eps=4,101,2.489438002260542,2.48944343651256,5.43425201815495e-06,True
no_disease_to_disease,proposed_dp_eps8_sparse_diverse,DP-CounterGAN eps=8,101,2.4151938759309104,2.4151997595226042,5.883591693844892e-06,True
no_disease_to_disease,countergan_one_shot,Non-DP CounterGAN,101,5.636397804103963,5.636404372838,6.56873403759306e-06,True
disease_to_no_disease,uniform_random,Baseline,101,-9.828794368925836,-9.828791280485058,3.088440777787582e-06,True
disease_to_no_disease,proposed_dp_eps16_sparse_diverse,DP-CounterGAN eps=16,101,-10.807560024650659,-10.807557441252033,2.58339862568846e-06,True
disease_to_no_disease,proposed_dp_eps2_sparse_diverse,DP-CounterGAN eps=2,101,-6.483812667815933,-6.483809164627867,3.5031880658564774e-06,True
disease_to_no_disease,proposed_dp_eps4_sparse_diverse,DP-CounterGAN eps=4,101,-4.220565061737533,-4.22056091086306,4.150874472585997e-06,True
disease_to_no_disease,proposed_dp_eps8_sparse_diverse,DP-CounterGAN eps=8,101,-1.1906653822167375,-1.1906608459046741,4.536312063319059e-06,True
disease_to_no_disease,proposed_countergan,Non-DP CounterGAN,101,-12.926220408754965,-12.926218228489056,2.1802659091463283e-06,True
no_disease_to_disease,uniform_random,Baseline,101,2.450060258597958,2.450065801342312,5.542744354158913e-06,True
no_disease_to_disease,proposed_dp_eps16_sparse_diverse,DP-CounterGAN eps=16,101,1.8101197277430892,1.8101251290014115,5.401258322379476e-06,True
no_disease_to_disease,proposed_dp_eps2_sparse_diverse,DP-CounterGAN eps=2,101,19.15185407898367,19.15186456697471,1.0487991037422262e-05,True
no_disease_to_disease,proposed_dp_eps4_sparse_diverse,DP-CounterGAN eps=4,101,1.9905360309856217,1.9905414844525677,5.453466946025998e-06,True
no_disease_to_disease,proposed_dp_eps8_sparse_diverse,DP-CounterGAN eps=8,101,1.9963484532676716,1.9963539316461547,5.478378483081414e-06,True
no_disease_to_disease,countergan_one_shot,Non-DP CounterGAN,101,9.709085402225035,9.709093226803928,7.824578892368095e-06,True
disease_to_no_disease,uniform_random,Baseline,101,-7.198549147160596,-7.198545767948858,3.3792117379860542e-06,True
disease_to_no_disease,proposed_dp_eps16_sparse_diverse,DP-CounterGAN eps=16,101,-0.7471374823630512,-0.7471328042251006,4.678137950575589e-06,True
disease_to_no_disease,proposed_dp_eps2_sparse_diverse,DP-CounterGAN eps=2,101,-24.966383647096308,-24.966384226270648,5.791743404870431e-07,True
disease_to_no_disease,proposed_dp_eps4_sparse_diverse,DP-CounterGAN eps=4,101,-2.518781260369166,-2.5187770893792587,4.170989907237299e-06,True
disease_to_no_disease,proposed_dp_eps8_sparse_diverse,DP-CounterGAN eps=8,101,-35.52826017822172,-35.52826275469225,2.5764705284814227e-06,True
disease_to_no_disease,countergan_one_shot,Non-DP CounterGAN,101,-1.1601952749883981,-1.160189630153155,5.64483524323478e-06,True
no_disease_to_disease,genetic_cfe,Baseline,101,6.576102934635919,6.576109196699633,6.262063713791122e-06,True
no_disease_to_disease,proposed_dp_eps16_sparse_diverse,DP-CounterGAN eps=16,101,1.851017255340878,1.8510230728436836,5.817502805705033e-06,True
no_disease_to_disease,proposed_dp_eps2_sparse_diverse,DP-CounterGAN eps=2,101,22.27598753089939,22.275998720776467,1.1189877078265908e-05,True
no_disease_to_disease,proposed_dp_eps4_sparse_diverse,DP-CounterGAN eps=4,101,0.3363266842991752,0.3363315708322053,4.8865330300462695e-06,True
no_disease_to_disease,proposed_dp_eps8_sparse_diverse,DP-CounterGAN eps=8,101,1.6129096041450062,1.6129154020551353,5.797910129112793e-06,True
no_disease_to_disease,countergan_sparse_diverse_no_dp,Non-DP CounterGAN,101,1.7983478507152206,1.7983529414129247,5.090697704046576e-06,True
disease_to_no_disease,wachter_style,Baseline,101,-11.536952616322441,-11.536950128273949,2.4880484925660085e-06,True
disease_to_no_disease,proposed_dp_eps16_sparse_diverse,DP-CounterGAN eps=16,101,-4.511047556152501,-4.511042895770604,4.6603818972812405e-06,True
disease_to_no_disease,proposed_dp_eps2_sparse_diverse,DP-CounterGAN eps=2,101,-3.7637278484443764,-3.763723203225668,4.645218708354548e-06,True
disease_to_no_disease,proposed_dp_eps4_sparse_diverse,DP-CounterGAN eps=4,101,-33.759412563254486,-33.75941506286738,2.499612897111092e-06,True
disease_to_no_disease,proposed_dp_eps8_sparse_diverse,DP-CounterGAN eps=8,101,-19.896194541772612,-19.89619388764541,6.541272021820532e-07,True
disease_to_no_disease,countergan_sparse_diverse_no_dp,Non-DP CounterGAN,101,-7.941791270427402,-7.941788193103223,3.0773241785908567e-06,True
no_disease_to_disease,uniform_random,Baseline,101,6.852856297617404,6.852863493431159,7.195813755522806e-06,True
no_disease_to_disease,proposed_dp_eps16_sparse_diverse,DP-CounterGAN eps=16,101,0.66510421975347,0.6651092079839559,4.988230485891698e-06,True
no_disease_to_disease,proposed_dp_eps2_sparse_diverse,DP-CounterGAN eps=2,101,31.158109801185844,31.158123384553374,1.3583367529435009e-05,True
no_disease_to_disease,proposed_dp_eps4_sparse_diverse,DP-CounterGAN eps=4,101,1.554001258776161,1.5540066913437682,5.432567607321914e-06,True
no_disease_to_disease,proposed_dp_eps8_sparse_diverse,DP-CounterGAN eps=8,101,2.4599836823454293,2.4599893382038145,5.6558583851895605e-06,True
no_disease_to_disease,proposed_countergan,Non-DP CounterGAN,101,7.0394926874385995,7.039499640447396,6.953008796273252e-06,True
disease_to_no_disease,wachter_style,Baseline,101,-10.576372860143143,-10.576370058443326,2.801699817922554e-06,True
disease_to_no_disease,proposed_dp_eps16_sparse_diverse,DP-CounterGAN eps=16,101,-0.3813020525293451,-0.3812966880739329,5.364455412215641e-06,True
disease_to_no_disease,proposed_dp_eps2_sparse_diverse,DP-CounterGAN eps=2,101,-5.154426490554601,-5.154422493140163,3.9974144385723775e-06,True
disease_to_no_disease,proposed_dp_eps4_sparse_diverse,DP-CounterGAN eps=4,101,-8.421656394993136,-8.421652910694228,3.4842989080630105e-06,True
disease_to_no_disease,proposed_dp_eps8_sparse_diverse,DP-CounterGAN eps=8,101,-5.032366168641396,-5.032361778385838,4.390255557318312e-06,True
disease_to_no_disease,countergan_sparse_diverse_no_dp,Non-DP CounterGAN,101,-0.8285800975627762,-0.8285748507207356,5.246842040618205e-06,True
no_disease_to_disease,wachter_style,Baseline,101,8.610146106555845,8.61015321195909,7.105403245333264e-06,True
no_disease_to_disease,proposed_dp_eps16_sparse_diverse,DP-CounterGAN eps=16,101,4.245624767602184,4.24563177971016,7.012107976045456e-06,True
no_disease_to_disease,proposed_dp_eps2_sparse_diverse,DP-CounterGAN eps=2,101,1.5906794244330307,1.5906849131964038,5.488763373140415e-06,True
no_disease_to_disease,proposed_dp_eps4_sparse_diverse,DP-CounterGAN eps=4,101,0.7203567820267764,0.7203617900089443,5.007982167848368e-06,True
no_disease_to_disease,proposed_dp_eps8_sparse_diverse,DP-CounterGAN eps=8,101,3.6167621125557723,3.6167677084855088,5.595929736479377e-06,True
no_disease_to_disease,countergan_sparse_diverse_no_dp,Non-DP CounterGAN,101,13.666091103834752,13.666100135115574,9.031280821858445e-06,True
disease_to_no_disease,genetic_cfe,Baseline,101,-7.506966011150096,-7.506961788105032,4.223045063866948e-06,True
disease_to_no_disease,proposed_dp_eps16_sparse_diverse,DP-CounterGAN eps=16,101,-2.9189545047422722,-2.918950105319445,4.39942282737249e-06,True
disease_to_no_disease,proposed_dp_eps2_sparse_diverse,DP-CounterGAN eps=2,101,-0.6435967599925405,-0.6435913645623526,5.39543018795996e-06,True
disease_to_no_disease,proposed_dp_eps4_sparse_diverse,DP-CounterGAN eps=4,101,-0.5791434862990821,-0.5791382971403783,5.189158703733376e-06,True
disease_to_no_disease,proposed_dp_eps8_sparse_diverse,DP-CounterGAN eps=8,101,-14.027190403216851,-14.027188133464962,2.269751888661631e-06,True
disease_to_no_disease,proposed_countergan,Non-DP CounterGAN,101,-1.0076565019242079,-1.0076505292066522,5.972717555646767e-06,True
no_disease_to_disease,genetic_cfe,Baseline,101,2.442594127017937,2.4425994158903017,5.2888723645061475e-06,True
no_disease_to_disease,proposed_dp_eps16_sparse_diverse,DP-CounterGAN eps=16,101,1.4299772053199433,1.4299823097141429,5.104394199539897e-06,True
no_disease_to_disease,proposed_dp_eps2_sparse_diverse,DP-CounterGAN eps=2,101,2.771447070047298,2.7714529471463307,5.8770990327694506e-06,True
no_disease_to_disease,proposed_dp_eps4_sparse_diverse,DP-CounterGAN eps=4,101,11.768442321589134,11.76845061090075,8.28931161578339e-06,True
no_disease_to_disease,proposed_dp_eps8_sparse_diverse,DP-CounterGAN eps=8,101,5.658811893408782,5.658818402965249,6.5095564671935335e-06,True
no_disease_to_disease,proposed_countergan,Non-DP CounterGAN,101,5.621853965759637,5.621860192347294,6.226587657032212e-06,True
disease_to_no_disease,uniform_random,Baseline,101,-6.864029678918834,-6.8640260648688525,3.614049981948142e-06,True
disease_to_no_disease,proposed_dp_eps16_sparse_diverse,DP-CounterGAN eps=16,101,-2.4527888602489014,-2.452784570367554,4.289881347485647e-06,True
disease_to_no_disease,proposed_dp_eps2_sparse_diverse,DP-CounterGAN eps=2,101,-20.45419733043766,-20.454196795889633,5.345480253993173e-07,True
disease_to_no_disease,proposed_dp_eps4_sparse_diverse,DP-CounterGAN eps=4,101,-23.936942886855217,-23.936942942951625,5.609640751913503e-08,True
disease_to_no_disease,proposed_dp_eps8_sparse_diverse,DP-CounterGAN eps=8,101,-1.56033240809324,-1.560327052305532,5.355787707994608e-06,True
disease_to_no_disease,proposed_countergan,Non-DP CounterGAN,101,-2.0344648430924677,-2.0344600175445517,4.825547915920936e-06,True
no_disease_to_disease,genetic_cfe,Baseline,101,2.0481756406826293,2.0481814730277734,5.832345144174411e-06,True
no_disease_to_disease,proposed_dp_eps16_sparse_diverse,DP-CounterGAN eps=16,101,18.230958890278004,18.23096867516409,9.784886085384414e-06,True
no_disease_to_disease,proposed_dp_eps2_sparse_diverse,DP-CounterGAN eps=2,101,15.808842491651664,15.808851635531925,9.143880260964465e-06,True
no_disease_to_disease,proposed_dp_eps4_sparse_diverse,DP-CounterGAN eps=4,101,0.7677456562390663,0.7677509024114555,5.2461723891727985e-06,True
no_disease_to_disease,proposed_dp_eps8_sparse_diverse,DP-CounterGAN eps=8,101,2.248543158323651,2.248548418980221,5.260656570360567e-06,True
no_disease_to_disease,proposed_countergan,Non-DP CounterGAN,101,3.984802101211823,3.984807852821347,5.751609523763079e-06,True
disease_to_no_disease,genetic_cfe,Baseline,101,-4.236985761571342,-4.2369815597064475,4.201864894248786e-06,True
disease_to_no_disease,proposed_dp_eps16_sparse_diverse,DP-CounterGAN eps=16,101,-22.971394125090736,-22.97139414312653,1.8035795079640593e-08,True
disease_to_no_disease,proposed_dp_eps2_sparse_diverse,DP-CounterGAN eps=2,101,-2.822023706483181,-2.8220189297860325,4.776697148489717e-06,True
disease_to_no_disease,proposed_dp_eps4_sparse_diverse,DP-CounterGAN eps=4,101,-6.430951806295894,-6.430947649235987,4.157059906972904e-06,True
disease_to_no_disease,proposed_dp_eps8_sparse_diverse,DP-CounterGAN eps=8,101,-7.86370100399914,-7.863696974423746,4.029575394248752e-06,True
disease_to_no_disease,countergan_sparse_diverse_no_dp,Non-DP CounterGAN,101,-12.454279510170204,-12.454277198722874,2.3114473304275407e-06,True
no_disease_to_disease,uniform_random,Baseline,101,0.35266028927241955,0.352665502460602,5.213188182473516e-06,True
no_disease_to_disease,proposed_dp_eps16_sparse_diverse,DP-CounterGAN eps=16,101,1.4182075796711011,1.4182133102124446,5.730541343451634e-06,True
no_disease_to_disease,proposed_dp_eps2_sparse_diverse,DP-CounterGAN eps=2,101,15.9269774141477,15.926987149252255,9.735104555375074e-06,True
no_disease_to_disease,proposed_dp_eps4_sparse_diverse,DP-CounterGAN eps=4,101,2.6231685436007695,2.6231742300044107,5.686403641291804e-06,True
no_disease_to_disease,proposed_dp_eps8_sparse_diverse,DP-CounterGAN eps=8,101,5.113504763765654,5.113510738630369,5.9748647149859835e-06,True
no_disease_to_disease,countergan_sparse_diverse_no_dp,Non-DP CounterGAN,101,0.3517082719764204,0.3517139612518687,5.689275448306219e-06,True
disease_to_no_disease,uniform_random,Baseline,101,-7.299386572772812,-7.299382916753507,3.656019305076086e-06,True
disease_to_no_disease,proposed_dp_eps16_sparse_diverse,DP-CounterGAN eps=16,101,-8.9754853026994,-8.975482138148552,3.1645508489219765e-06,True
disease_to_no_disease,proposed_dp_eps2_sparse_diverse,DP-CounterGAN eps=2,101,-31.19382061450459,-31.193822536750826,1.9222462341872415e-06,True
disease_to_no_disease,proposed_dp_eps4_sparse_diverse,DP-CounterGAN eps=4,101,-0.6736846783931316,-0.6736794504940489,5.227899082749232e-06,True
disease_to_no_disease,proposed_dp_eps8_sparse_diverse,DP-CounterGAN eps=8,101,-4.820127113247749,-4.820123076487408,4.036760341108447e-06,True
disease_to_no_disease,proposed_countergan,Non-DP CounterGAN,101,-3.006353098514426,-3.006348674874549,4.4236398766273055e-06,True
no_disease_to_disease,uniform_random,Baseline,101,13.775828867273262,13.77583722145943,8.354186167736088e-06,True
no_disease_to_disease,proposed_dp_eps16_sparse_diverse,DP-CounterGAN eps=16,101,0.92446303494863,0.9244680168666678,4.981918037771926e-06,True
no_disease_to_disease,proposed_dp_eps2_sparse_diverse,DP-CounterGAN eps=2,101,19.743919397058484,19.743930456292844,1.1059234360288883e-05,True
no_disease_to_disease,proposed_dp_eps4_sparse_diverse,DP-CounterGAN eps=4,101,1.0038141613539615,1.0038197891690055,5.627815043984796e-06,True
no_disease_to_disease,proposed_dp_eps8_sparse_diverse,DP-CounterGAN eps=8,101,0.8932552279279449,0.8932601762581384,4.948330193488282e-06,True
no_disease_to_disease,countergan_sparse_diverse_no_dp,Non-DP CounterGAN,101,2.1405493576481867,2.140555400462533,6.042814346240988e-06,True
disease_to_no_disease,uniform_random,Baseline,101,-0.6384064913497713,-0.638401139335189,5.35201458229384e-06,True
disease_to_no_disease,proposed_dp_eps16_sparse_diverse,DP-CounterGAN eps=16,101,-8.72412270668109,-8.724119606011374,3.1006697156499285e-06,True
disease_to_no_disease,proposed_dp_eps2_sparse_diverse,DP-CounterGAN eps=2,101,-1.8066279805268737,-1.80662318840077,4.792126103714267e-06,True
disease_to_no_disease,proposed_dp_eps4_sparse_diverse,DP-CounterGAN eps=4,101,-15.05254647785889,-15.052544720011246,1.7578476434465529e-06,True
disease_to_no_disease,proposed_dp_eps8_sparse_diverse,DP-CounterGAN eps=8,101,-7.147311876707903,-7.147308261745828,3.6149620745717925e-06,True
disease_to_no_disease,proposed_countergan,Non-DP CounterGAN,101,-6.729145041714508,-6.7291413842860175,3.657428490733139e-06,True
no_disease_to_disease,uniform_random,Baseline,101,4.749009048170802,4.749015322761378,6.274590576005323e-06,True
no_disease_to_disease,proposed_dp_eps16_sparse_diverse,DP-CounterGAN eps=16,101,2.8590921698582186,2.8590975103731457,5.340514927176798e-06,True
no_disease_to_disease,proposed_dp_eps2_sparse_diverse,DP-CounterGAN eps=2,101,1.5979655304131342,1.597970999620974,5.469207839947643e-06,True
no_disease_to_disease,proposed_dp_eps4_sparse_diverse,DP-CounterGAN eps=4,101,1.3346887934815381,1.3346938845495022,5.0910679640914225e-06,True
no_disease_to_disease,proposed_dp_eps8_sparse_diverse,DP-CounterGAN eps=8,101,1.2991577509811165,1.2991632845983716,5.53361725508239e-06,True
no_disease_to_disease,countergan_sparse_diverse_no_dp,Non-DP CounterGAN,101,4.3935247782206925,4.3935313042183886,6.525997696016361e-06,True
disease_to_no_disease,genetic_cfe,Baseline,101,-10.752804941787183,-10.752802151688648,2.7900985344331275e-06,True
disease_to_no_disease,proposed_dp_eps16_sparse_diverse,DP-CounterGAN eps=16,101,-19.145523043274036,-19.145522266880477,7.763935592208782e-07,True
disease_to_no_disease,proposed_dp_eps2_sparse_diverse,DP-CounterGAN eps=2,101,-8.952232009845652,-8.952228978418624,3.0314270276221578e-06,True
disease_to_no_disease,proposed_dp_eps4_sparse_diverse,DP-CounterGAN eps=4,101,-5.589887233929848,-5.589883345183505,3.8887463427172975e-06,True
disease_to_no_disease,proposed_dp_eps8_sparse_diverse,DP-CounterGAN eps=8,101,-3.487339827346519,-3.487335512415232,4.3149312869417145e-06,True
disease_to_no_disease,proposed_countergan,Non-DP CounterGAN,101,-1.1830428971453708,-1.1830371353812308,5.761764140022052e-06,True
no_disease_to_disease,dice_gradient_style,Baseline,101,11.353145615327605,11.353153803915639,8.188588033419819e-06,True
no_disease_to_disease,proposed_dp_eps16_sparse_diverse,DP-CounterGAN eps=16,101,0.4965835472096263,0.4965884479672733,4.900757647030574e-06,True
no_disease_to_disease,proposed_dp_eps2_sparse_diverse,DP-CounterGAN eps=2,101,0.4352051840061897,0.4352100744062429,4.890400053192412e-06,True
no_disease_to_disease,proposed_dp_eps4_sparse_diverse,DP-CounterGAN eps=4,101,31.047352866173263,31.047366084226702,1.3218053439345567e-05,True
no_disease_to_disease,proposed_dp_eps8_sparse_diverse,DP-CounterGAN eps=8,101,1.4201400082864595,1.4201456305001396,5.622213680167576e-06,True
no_disease_to_disease,countergan_sparse_diverse_no_dp,Non-DP CounterGAN,101,5.759887489556922,5.759893693274703,6.203717781261275e-06,True
disease_to_no_disease,uniform_random,Baseline,101,-6.779662315062035,-6.779658883975718,3.431086317284837e-06,True
disease_to_no_disease,proposed_dp_eps16_sparse_diverse,DP-CounterGAN eps=16,101,-2.0986335827292617,-2.098628649427633,4.933301628540221e-06,True
disease_to_no_disease,proposed_dp_eps2_sparse_diverse,DP-CounterGAN eps=2,101,-35.69050800431762,-35.690510937102616,2.9327849944138507e-06,True
disease_to_no_disease,proposed_dp_eps4_sparse_diverse,DP-CounterGAN eps=4,101,-2.166742033889113,-2.1667369156130687,5.118276044324688e-06,True
disease_to_no_disease,proposed_dp_eps8_sparse_diverse,DP-CounterGAN eps=8,101,-4.691964290476524,-4.691960232875518,4.057601006302036e-06,True
disease_to_no_disease,proposed_countergan,Non-DP CounterGAN,101,-11.556544148386738,-11.556541444370897,2.704015841459295e-06,True
no_disease_to_disease,uniform_random,Baseline,101,0.26226786950860514,0.26227311614917886,5.2466405737194854e-06,True
no_disease_to_disease,proposed_dp_eps16_sparse_diverse,DP-CounterGAN eps=16,101,1.262995906097082,1.2630011922518716,5.286154789674313e-06,True
no_disease_to_disease,proposed_dp_eps2_sparse_diverse,DP-CounterGAN eps=2,101,0.911376500692846,0.91138240463013,5.903937283946448e-06,True
no_disease_to_disease,proposed_dp_eps4_sparse_diverse,DP-CounterGAN eps=4,101,3.0601766250398015,3.0601821116009678,5.4865611662791025e-06,True
no_disease_to_disease,proposed_dp_eps8_sparse_diverse,DP-CounterGAN eps=8,101,0.6237995206790146,0.6238044329101156,4.912231100995257e-06,True
no_disease_to_disease,countergan_sparse_diverse_no_dp,Non-DP CounterGAN,101,10.574672049381363,10.574680281144758,8.231763395372127e-06,True
disease_to_no_disease,uniform_random,Baseline,101,-6.393347254581981,-6.39334349153838,3.763043600280014e-06,True
disease_to_no_disease,proposed_dp_eps16_sparse_diverse,DP-CounterGAN eps=16,101,-2.8000076894664243,-2.8000022338631716,5.455603252713104e-06,True
disease_to_no_disease,proposed_dp_eps2_sparse_diverse,DP-CounterGAN eps=2,101,-42.41609257249646,-42.416096916127955,4.3436314953737565e-06,True
disease_to_no_disease,proposed_dp_eps4_sparse_diverse,DP-CounterGAN eps=4,101,-2.2957071521323096,-2.2957019427024488,5.2094298608196254e-06,True
disease_to_no_disease,proposed_dp_eps8_sparse_diverse,DP-CounterGAN eps=8,101,-20.851268104867245,-20.851267506295944,5.985713009692972e-07,True
disease_to_no_disease,countergan_sparse_diverse_no_dp,Non-DP CounterGAN,101,-21.503173429412442,-21.503173225615498,2.0379694376515545e-07,True
no_disease_to_disease,uniform_random,Baseline,101,0.5669942578978251,0.5669993993397099,5.141441884792819e-06,True
no_disease_to_disease,proposed_dp_eps16_sparse_diverse,DP-CounterGAN eps=16,101,11.599722737092058,11.599731017591079,8.280499020685284e-06,True
no_disease_to_disease,proposed_dp_eps2_sparse_diverse,DP-CounterGAN eps=2,101,2.388946406637082,2.388952057198552,5.650561469838777e-06,True
no_disease_to_disease,proposed_dp_eps4_sparse_diverse,DP-CounterGAN eps=4,101,2.3281443474245904,2.3281504149326966,6.067508106166741e-06,True
no_disease_to_disease,proposed_dp_eps8_sparse_diverse,DP-CounterGAN eps=8,101,0.2128503286524399,0.2128551872100628,4.858557622888782e-06,True
no_disease_to_disease,proposed_countergan,Non-DP CounterGAN,101,8.138619720951802,8.138627040695386,7.319743584588423e-06,True
disease_to_no_disease,genetic_cfe,Baseline,101,-8.706509591900865,-8.70650658089311,3.0110077542389035e-06,True
disease_to_no_disease,proposed_dp_eps16_sparse_diverse,DP-CounterGAN eps=16,101,-1.145030130547405,-1.1450250672913334,5.063256071746736e-06,True
disease_to_no_disease,proposed_dp_eps2_sparse_diverse,DP-CounterGAN eps=2,101,-3.008457973202831,-3.0084534445169124,4.528685918714359e-06,True
disease_to_no_disease,proposed_dp_eps4_sparse_diverse,DP-CounterGAN eps=4,101,-14.661117232972812,-14.661115053698062,2.1792747499915777e-06,True
disease_to_no_disease,proposed_dp_eps8_sparse_diverse,DP-CounterGAN eps=8,101,-0.36844404364912187,-0.36843941391091545,4.629738206418654e-06,True
disease_to_no_disease,proposed_countergan,Non-DP CounterGAN,101,-1.1513505934807817,-1.1513446144978972,5.978982884569106e-06,True
no_disease_to_disease,wachter_style,Baseline,101,8.687800650481762,8.68780773204501,7.081563248689804e-06,True
no_disease_to_disease,proposed_dp_eps16_sparse_diverse,DP-CounterGAN eps=16,101,1.6434718423246828,1.6434777191606005,5.8768359176841756e-06,True
no_disease_to_disease,proposed_dp_eps2_sparse_diverse,DP-CounterGAN eps=2,101,13.099083921325114,13.099093032772931,9.11144781667872e-06,True
no_disease_to_disease,proposed_dp_eps4_sparse_diverse,DP-CounterGAN eps=4,101,1.3683519119329226,1.3683571118398272,5.1999069046182456e-06,True
no_disease_to_disease,proposed_dp_eps8_sparse_diverse,DP-CounterGAN eps=8,101,1.1028828876664125,1.1028885739225536,5.686256141057555e-06,True
no_disease_to_disease,proposed_countergan,Non-DP CounterGAN,101,8.419385697794738,8.41939292931857,7.231523833084452e-06,True
disease_to_no_disease,genetic_cfe,Baseline,101,-7.718306176540623,-7.718302517377744,3.6591628793658515e-06,True
disease_to_no_disease,proposed_dp_eps16_sparse_diverse,DP-CounterGAN eps=16,101,-10.825410364128235,-10.825407400773132,2.9633551026364557e-06,True
disease_to_no_disease,proposed_dp_eps2_sparse_diverse,DP-CounterGAN eps=2,101,-8.050271316689644,-8.050267757226067,3.55946357721848e-06,True
disease_to_no_disease,proposed_dp_eps4_sparse_diverse,DP-CounterGAN eps=4,101,-8.916490695883828,-8.916487802652155,2.8932316737950714e-06,True
disease_to_no_disease,proposed_dp_eps8_sparse_diverse,DP-CounterGAN eps=8,101,-4.277368194749748,-4.2773641165949154,4.078154832498626e-06,True
disease_to_no_disease,proposed_countergan,Non-DP CounterGAN,101,-1.6216143018675204,-1.6216087454874042,5.556380116233939e-06,True
no_disease_to_disease,genetic_cfe,Baseline,101,4.364885413520298,4.36489206405103,6.650530731455717e-06,True
no_disease_to_disease,proposed_dp_eps16_sparse_diverse,DP-CounterGAN eps=16,101,26.772388766031128,26.772401308950965,1.254291983698863e-05,True
no_disease_to_disease,proposed_dp_eps2_sparse_diverse,DP-CounterGAN eps=2,101,1.5780787492569193,1.5780843962956848,5.6470387654883325e-06,True
no_disease_to_disease,proposed_dp_eps4_sparse_diverse,DP-CounterGAN eps=4,101,0.6638500490227361,0.6638553563649695,5.307342233362711e-06,True
no_disease_to_disease,proposed_dp_eps8_sparse_diverse,DP-CounterGAN eps=8,101,14.226475822571182,14.226485132510424,9.309939242641008e-06,True
no_disease_to_disease,proposed_countergan,Non-DP CounterGAN,101,5.011655608802206,5.01166171230324,6.103501033472014e-06,True
disease_to_no_disease,genetic_cfe,Baseline,101,-2.050081834731886,-2.050077107850213,4.7268816727452645e-06,True
disease_to_no_disease,proposed_dp_eps16_sparse_diverse,DP-CounterGAN eps=16,101,-5.485860086750889,-5.485855525336931,4.5614139576599655e-06,True
disease_to_no_disease,proposed_dp_eps2_sparse_diverse,DP-CounterGAN eps=2,101,-8.031411534234998,-8.031408219071746,3.315163251471631e-06,True
disease_to_no_disease,proposed_dp_eps4_sparse_diverse,DP-CounterGAN eps=4,101,-34.328251401062225,-34.32825352615342,2.1250911927950256e-06,True
disease_to_no_disease,proposed_dp_eps8_sparse_diverse,DP-CounterGAN eps=8,101,-9.297738463085256,-9.297735518003524,2.9450817322640432e-06,True
disease_to_no_disease,countergan_sparse_diverse_no_dp,Non-DP CounterGAN,101,-0.7887244880757454,-0.7887196115231988,4.876552546551061e-06,True
no_disease_to_disease,uniform_random,Baseline,101,2.4038764678887574,2.4038823777608602,5.909872102805025e-06,True
no_disease_to_disease,proposed_dp_eps16_sparse_diverse,DP-CounterGAN eps=16,101,1.9372321620294848,1.9372381885745664,6.026545081638801e-06,True
no_disease_to_disease,proposed_dp_eps2_sparse_diverse,DP-CounterGAN eps=2,101,1.8464252936452628,1.846430482093913,5.188448650272903e-06,True
no_disease_to_disease,proposed_dp_eps4_sparse_diverse,DP-CounterGAN eps=4,101,2.7143704528360963,2.714376668003637,6.2151675406241225e-06,True
no_disease_to_disease,proposed_dp_eps8_sparse_diverse,DP-CounterGAN eps=8,101,7.822228395599936,7.822235284166857,6.888566921325889e-06,True
no_disease_to_disease,proposed_countergan,Non-DP CounterGAN,101,9.0840050447962,9.084012872181987,7.827385786640662e-06,True
disease_to_no_disease,uniform_random,Baseline,101,-0.3085287352060675,-0.3085232012622301,5.533943837399136e-06,True
disease_to_no_disease,proposed_dp_eps16_sparse_diverse,DP-CounterGAN eps=16,101,-18.283719692885537,-18.283718284403104,1.4084824329074763e-06,True
disease_to_no_disease,proposed_dp_eps2_sparse_diverse,DP-CounterGAN eps=2,101,-4.719278683409259,-4.719274589539391,4.09386986799376e-06,True
disease_to_no_disease,proposed_dp_eps4_sparse_diverse,DP-CounterGAN eps=4,101,-7.763188882072665,-7.763185156583914,3.725488751271655e-06,True
disease_to_no_disease,proposed_dp_eps8_sparse_diverse,DP-CounterGAN eps=8,101,-0.5213725283340107,-0.5213676451050191,4.88322899161453e-06,True
disease_to_no_disease,proposed_countergan,Non-DP CounterGAN,101,-10.291867735009689,-10.291865157630147,2.577379541790492e-06,True
no_disease_to_disease,dice_gradient_style,Baseline,101,10.92652856447079,10.926536623595954,8.059125164550096e-06,True
no_disease_to_disease,proposed_dp_eps16_sparse_diverse,DP-CounterGAN eps=16,101,1.6943822291344368,1.6943884755264085,6.2463919716648775e-06,True
no_disease_to_disease,proposed_dp_eps2_sparse_diverse,DP-CounterGAN eps=2,101,6.573635814967563,6.5736432100705695,7.395103006402337e-06,True
no_disease_to_disease,proposed_dp_eps4_sparse_diverse,DP-CounterGAN eps=4,101,11.406652099111003,11.406660670770124,8.571659121159314e-06,True
no_disease_to_disease,proposed_dp_eps8_sparse_diverse,DP-CounterGAN eps=8,101,11.35086057715646,11.350867990733583,7.41357712286117e-06,True
no_disease_to_disease,proposed_countergan,Non-DP CounterGAN,101,4.5618484877399705,4.561854282569587,5.79482961615696e-06,True
disease_to_no_disease,uniform_random,Baseline,101,-6.31552427763471,-6.315520446722561,3.830912148394816e-06,True
disease_to_no_disease,proposed_dp_eps16_sparse_diverse,DP-CounterGAN eps=16,101,-9.380213446176228,-9.380210069945154,3.3762310742702084e-06,True
disease_to_no_disease,proposed_dp_eps2_sparse_diverse,DP-CounterGAN eps=2,101,-0.6315837494431591,-0.6315782588334136,5.4906097455287295e-06,True
disease_to_no_disease,proposed_dp_eps4_sparse_diverse,DP-CounterGAN eps=4,101,-3.0537374201988783,-3.0537326160227196,4.8041761586681275e-06,True
disease_to_no_disease,proposed_dp_eps8_sparse_diverse,DP-CounterGAN eps=8,101,-20.968137608863458,-20.968136857969693,7.508937649447489e-07,True
disease_to_no_disease,countergan_sparse_diverse_no_dp,Non-DP CounterGAN,101,-1.6641719730299132,-1.664167213907845,4.75912206820972e-06,True
no_disease_to_disease,genetic_cfe,Baseline,101,19.959663173623394,19.95967383117975,1.0657556355653242e-05,True
no_disease_to_disease,proposed_dp_eps16_sparse_diverse,DP-CounterGAN eps=16,101,3.1565338971726344,3.1565395422202958,5.6450476613179035e-06,True
no_disease_to_disease,proposed_dp_eps2_sparse_diverse,DP-CounterGAN eps=2,101,1.9302906803505024,1.930296575414411,5.895063908578635e-06,True
no_disease_to_disease,proposed_dp_eps4_sparse_diverse,DP-CounterGAN eps=4,101,1.7760337938037942,1.7760395624020742,5.768598279942694e-06,True
no_disease_to_disease,proposed_dp_eps8_sparse_diverse,DP-CounterGAN eps=8,101,0.8576981597599787,0.8577036575559316,5.497795952935647e-06,True
no_disease_to_disease,countergan_sparse_diverse_no_dp,Non-DP CounterGAN,101,5.253991280537656,5.25399737024184,6.08970418358723e-06,True
disease_to_no_disease,uniform_random,Baseline,101,-4.097377178962033,-4.0973728555547,4.32340733258485e-06,True
disease_to_no_disease,proposed_dp_eps16_sparse_diverse,DP-CounterGAN eps=16,101,-2.942881360491654,-2.9428770609037116,4.299587942568905e-06,True
disease_to_no_disease,proposed_dp_eps2_sparse_diverse,DP-CounterGAN eps=2,101,-0.8915241488635992,-0.891518760808655,5.388054944210907e-06,True
disease_to_no_disease,proposed_dp_eps4_sparse_diverse,DP-CounterGAN eps=4,101,-7.684851782415407,-7.68484803434786,3.7480675469936386e-06,True
disease_to_no_disease,proposed_dp_eps8_sparse_diverse,DP-CounterGAN eps=8,101,-10.196934169788781,-10.196931422662649,2.747126131907862e-06,True
disease_to_no_disease,proposed_countergan,Non-DP CounterGAN,101,-5.618587453414953,-5.618583542967704,3.910447249566573e-06,True
no_disease_to_disease,genetic_cfe,Baseline,101,2.8197162152508817,2.8197217532478915,5.53799700986346e-06,True
no_disease_to_disease,proposed_dp_eps16_sparse_diverse,DP-CounterGAN eps=16,101,4.443177199029806,4.443183643437081,6.444407274486252e-06,True
no_disease_to_disease,proposed_dp_eps2_sparse_diverse,DP-CounterGAN eps=2,101,8.540056729022083,8.540064387023996,7.658001912602685e-06,True
no_disease_to_disease,proposed_dp_eps4_sparse_diverse,DP-CounterGAN eps=4,101,0.5585691172454474,0.5585740025809771,4.885335529669632e-06,True
no_disease_to_disease,proposed_dp_eps8_sparse_diverse,DP-CounterGAN eps=8,101,4.444706680482151,4.44471275205651,6.071574359722831e-06,True
no_disease_to_disease,countergan_sparse_diverse_no_dp,Non-DP CounterGAN,101,1.670684720222532,1.6706900050270714,5.284804539540389e-06,True
disease_to_no_disease,genetic_cfe,Baseline,101,-13.83182138685118,-13.831818828740502,2.558110677952641e-06,True
disease_to_no_disease,proposed_dp_eps16_sparse_diverse,DP-CounterGAN eps=16,101,-3.7281035935545708,-3.7280992777743625,4.315780208319353e-06,True
disease_to_no_disease,proposed_dp_eps2_sparse_diverse,DP-CounterGAN eps=2,101,-11.908720499037491,-11.908717616101368,2.8829361227167283e-06,True
disease_to_no_disease,proposed_dp_eps4_sparse_diverse,DP-CounterGAN eps=4,101,-6.143952460650956,-6.143948791606588,3.6690443678821794e-06,True
disease_to_no_disease,proposed_dp_eps8_sparse_diverse,DP-CounterGAN eps=8,101,-27.8010074146951,-27.801008600035775,1.1853406753914442e-06,True
disease_to_no_disease,countergan_one_shot,Non-DP CounterGAN,101,-0.8617459690435467,-0.861740097384035,5.871659511713645e-06,True
no_disease_to_disease,uniform_random,Baseline,101,3.584781629094529,3.5847877660299217,6.136935392753173e-06,True
no_disease_to_disease,proposed_dp_eps16_sparse_diverse,DP-CounterGAN eps=16,101,15.55528800396663,15.55529785316922,9.849202589506945e-06,True
no_disease_to_disease,proposed_dp_eps2_sparse_diverse,DP-CounterGAN eps=2,101,3.097772123018622,3.0977779288304093,5.805811787329418e-06,True
no_disease_to_disease,proposed_dp_eps4_sparse_diverse,DP-CounterGAN eps=4,101,2.42511460991685,2.4251202882598535,5.6783430033569005e-06,True
no_disease_to_disease,proposed_dp_eps8_sparse_diverse,DP-CounterGAN eps=8,101,4.375672238599197,4.375679100298282,6.861699085369821e-06,True
no_disease_to_disease,countergan_sparse_diverse_no_dp,Non-DP CounterGAN,101,15.380051285664592,15.380059864188247,8.578523654989567e-06,True
disease_to_no_disease,uniform_random,Baseline,101,-10.132699410082239,-10.132696113603798,3.2964784413280768e-06,True
disease_to_no_disease,proposed_dp_eps16_sparse_diverse,DP-CounterGAN eps=16,101,-2.4817270490476266,-2.4817224677018745,4.581345752097121e-06,True
disease_to_no_disease,proposed_dp_eps2_sparse_diverse,DP-CounterGAN eps=2,101,-16.270088814712988,-16.27008719998399,1.6147289976231605e-06,True
disease_to_no_disease,proposed_dp_eps4_sparse_diverse,DP-CounterGAN eps=4,101,-0.15735220947649964,-0.1573464742202466,5.735256253025511e-06,True
disease_to_no_disease,proposed_dp_eps8_sparse_diverse,DP-CounterGAN eps=8,101,-9.109285344456318,-9.10928250172294,2.8427333766956053e-06,True
disease_to_no_disease,countergan_sparse_diverse_no_dp,Non-DP CounterGAN,101,-6.7169432871588555,-6.716939899095809,3.3880630461169403e-06,True
no_disease_to_disease,uniform_random,Baseline,101,4.82611700034774,4.82612295634026,5.9559925205121544e-06,True
no_disease_to_disease,proposed_dp_eps16_sparse_diverse,DP-CounterGAN eps=16,101,0.3316734248295923,0.3316784188343263,4.994004734026891e-06,True
no_disease_to_disease,proposed_dp_eps2_sparse_diverse,DP-CounterGAN eps=2,101,0.6248501300976077,0.6248557170656058,5.586967998127967e-06,True
no_disease_to_disease,proposed_dp_eps4_sparse_diverse,DP-CounterGAN eps=4,101,16.972733660412167,16.972743258669105,9.598256937692895e-06,True
no_disease_to_disease,proposed_dp_eps8_sparse_diverse,DP-CounterGAN eps=8,101,4.504104452286828,4.504110909983744,6.457696915873612e-06,True
no_disease_to_disease,countergan_sparse_diverse_no_dp,Non-DP CounterGAN,101,1.1344966806629024,1.134502627496011,5.946833108616545e-06,True
disease_to_no_disease,uniform_random,Baseline,101,-5.670979769804123,-5.670975806893665,3.962910457566693e-06,True
disease_to_no_disease,proposed_dp_eps16_sparse_diverse,DP-CounterGAN eps=16,101,-1.0379319211131426,-1.0379268762094633,5.044903679252144e-06,True
disease_to_no_disease,proposed_dp_eps2_sparse_diverse,DP-CounterGAN eps=2,101,-8.67611882819656,-8.676115329711108,3.4984854533348653e-06,True
disease_to_no_disease,proposed_dp_eps4_sparse_diverse,DP-CounterGAN eps=4,101,-1.3222863488544343,-1.322281420681738,4.928172696372357e-06,True
disease_to_no_disease,proposed_dp_eps8_sparse_diverse,DP-CounterGAN eps=8,101,-3.039627653164252,-3.039623171954695,4.481209556761456e-06,True
disease_to_no_disease,countergan_sparse_diverse_no_dp,Non-DP CounterGAN,101,-11.567745001156414,-11.567742532694622,2.4684617923043106e-06,True
no_disease_to_disease,genetic_cfe,Baseline,101,3.3207689105374882,3.3207748125313956,5.901993907375669e-06,True
no_disease_to_disease,proposed_dp_eps16_sparse_diverse,DP-CounterGAN eps=16,101,18.610338287908128,18.610348965436817,1.0677528688773918e-05,True
no_disease_to_disease,proposed_dp_eps2_sparse_diverse,DP-CounterGAN eps=2,101,2.024038919327193,2.024044332011717,5.4126845241420085e-06,True
no_disease_to_disease,proposed_dp_eps4_sparse_diverse,DP-CounterGAN eps=4,101,2.2157562288181296,2.215761949488426,5.720670296582853e-06,True
no_disease_to_disease,proposed_dp_eps8_sparse_diverse,DP-CounterGAN eps=8,101,1.707494385188129,1.7074995815215197,5.196333390689034e-06,True
no_disease_to_disease,countergan_one_shot,Non-DP CounterGAN,101,11.762426432996058,11.762435072086229,8.63909017034814e-06,True
disease_to_no_disease,genetic_cfe,Baseline,101,-9.830429401318622,-9.83042654093978,2.8603788422287835e-06,True
disease_to_no_disease,proposed_dp_eps16_sparse_diverse,DP-CounterGAN eps=16,101,-2.061813569560007,-2.061809202527265,4.367032742091936e-06,True
disease_to_no_disease,proposed_dp_eps2_sparse_diverse,DP-CounterGAN eps=2,101,-26.936953950061234,-26.936954230296806,2.8023557163692203e-07,True
disease_to_no_disease,proposed_dp_eps4_sparse_diverse,DP-CounterGAN eps=4,101,-2.2517319000620866,-2.2517273018739794,4.598188107163281e-06,True
disease_to_no_disease,proposed_dp_eps8_sparse_diverse,DP-CounterGAN eps=8,101,-29.684638589446024,-29.684639967619844,1.3781738203988425e-06,True
disease_to_no_disease,countergan_sparse_diverse_no_dp,Non-DP CounterGAN,101,-11.281332100026642,-11.281329531416226,2.5686104159206025e-06,True
no_disease_to_disease,genetic_cfe,Baseline,101,5.087185352018098,5.087191169205269,5.8171871710754885e-06,True
no_disease_to_disease,proposed_dp_eps16_sparse_diverse,DP-CounterGAN eps=16,101,0.4975948562779742,0.4976000365858116,5.180307837415743e-06,True
no_disease_to_disease,proposed_dp_eps2_sparse_diverse,DP-CounterGAN eps=2,101,7.231193948345199,7.231201135334644,7.186989445351344e-06,True
no_disease_to_disease,proposed_dp_eps4_sparse_diverse,DP-CounterGAN eps=4,101,0.42112082367921566,0.4211264586579563,5.634978740620689e-06,True
no_disease_to_disease,proposed_dp_eps8_sparse_diverse,DP-CounterGAN eps=8,101,3.66088275673825,3.6608883308160105,5.574077760694962e-06,True
no_disease_to_disease,countergan_one_shot,Non-DP CounterGAN,101,8.520744228707656,8.520751452185786,7.223478130313765e-06,True
disease_to_no_disease,genetic_cfe,Baseline,101,-3.382587694521529,-3.3825823663882937,5.3281332355048505e-06,True
disease_to_no_disease,proposed_dp_eps16_sparse_diverse,DP-CounterGAN eps=16,101,-7.110177267150149,-7.110173692830381,3.5743197681625816e-06,True
disease_to_no_disease,proposed_dp_eps2_sparse_diverse,DP-CounterGAN eps=2,101,-0.7807685478806032,-0.7807634261821182,5.12169848498889e-06,True
disease_to_no_disease,proposed_dp_eps4_sparse_diverse,DP-CounterGAN eps=4,101,-8.438273509516527,-8.438270316941923,3.1925746046823633e-06,True
disease_to_no_disease,proposed_dp_eps8_sparse_diverse,DP-CounterGAN eps=8,101,-2.200780071205994,-2.2007750158835746,5.055322419345032e-06,True
disease_to_no_disease,proposed_countergan,Non-DP CounterGAN,101,-3.7684982317741724,-3.7684939487974325,4.282976739933275e-06,True
no_disease_to_disease,uniform_random,Baseline,101,3.78134953952409,3.781355735580858,6.196056768104086e-06,True
no_disease_to_disease,proposed_dp_eps16_sparse_diverse,DP-CounterGAN eps=16,101,0.43108527742705505,0.43109050890768486,5.231480629808161e-06,True
no_disease_to_disease,proposed_dp_eps2_sparse_diverse,DP-CounterGAN eps=2,101,1.4822726116582619,1.4822780605202983,5.448862036461222e-06,True
no_disease_to_disease,proposed_dp_eps4_sparse_diverse,DP-CounterGAN eps=4,101,1.4308187092660276,1.4308240997543722,5.3904883445810015e-06,True
no_disease_to_disease,proposed_dp_eps8_sparse_diverse,DP-CounterGAN eps=8,101,0.26726940271152344,0.26727432579629035,4.923084766905728e-06,True
no_disease_to_disease,countergan_one_shot,Non-DP CounterGAN,101,1.5967058983592821,1.5967110194185776,5.121059295509767e-06,True
disease_to_no_disease,genetic_cfe,Baseline,101,-5.297931765551301,-5.2979275896855995,4.1758657012280764e-06,True
disease_to_no_disease,proposed_dp_eps16_sparse_diverse,DP-CounterGAN eps=16,101,-15.609399798661425,-15.60939823717365,1.5614877746372713e-06,True
disease_to_no_disease,proposed_dp_eps2_sparse_diverse,DP-CounterGAN eps=2,101,-4.408698378523022,-4.408694151727219,4.22679580314167e-06,True
disease_to_no_disease,proposed_dp_eps4_sparse_diverse,DP-CounterGAN eps=4,101,-9.962164729926837,-9.962161687671456,3.0422553809472674e-06,True
disease_to_no_disease,proposed_dp_eps8_sparse_diverse,DP-CounterGAN eps=8,101,-15.012574864765114,-15.012572999663423,1.865101690867732e-06,True
disease_to_no_disease,countergan_one_shot,Non-DP CounterGAN,101,-1.1928011004731633,-1.192796079377602,5.0210955613305686e-06,True
no_disease_to_disease,wachter_style,Baseline,101,11.215470623641913,11.21547881728429,8.193642376141952e-06,True
no_disease_to_disease,proposed_dp_eps16_sparse_diverse,DP-CounterGAN eps=16,101,42.759615892535166,42.75963260444874,1.6711913573885795e-05,True
no_disease_to_disease,proposed_dp_eps2_sparse_diverse,DP-CounterGAN eps=2,101,2.357048319220123,2.3570538621281094,5.542907986377799e-06,True
no_disease_to_disease,proposed_dp_eps4_sparse_diverse,DP-CounterGAN eps=4,101,2.6617209912618964,2.661727374798666,6.383536769405396e-06,True
no_disease_to_disease,proposed_dp_eps8_sparse_diverse,DP-CounterGAN eps=8,101,0.9753780421228839,0.9753833548358393,5.31271295534097e-06,True
no_disease_to_disease,countergan_sparse_diverse_no_dp,Non-DP CounterGAN,101,1.192756203484457,1.1927623626314614,6.159147004414223e-06,True
disease_to_no_disease,genetic_cfe,Baseline,101,-3.872308403923678,-3.8723036986974306,4.7052262472924156e-06,True
disease_to_no_disease,proposed_dp_eps16_sparse_diverse,DP-CounterGAN eps=16,101,-2.1675513980596754,-2.1675467534247095,4.644634965966787e-06,True
disease_to_no_disease,proposed_dp_eps2_sparse_diverse,DP-CounterGAN eps=2,101,-2.214638416858344,-2.214633355334005,5.061524339211587e-06,True
disease_to_no_disease,proposed_dp_eps4_sparse_diverse,DP-CounterGAN eps=4,101,-0.7719497247393292,-0.7719446627639927,5.061975336562163e-06,True
disease_to_no_disease,proposed_dp_eps8_sparse_diverse,DP-CounterGAN eps=8,101,-2.7550099749385906,-2.7550055037709877,4.471167602826398e-06,True
disease_to_no_disease,proposed_countergan,Non-DP CounterGAN,101,-8.20128488198619,-8.201281380223898,3.5017622916910796e-06,True
no_disease_to_disease,dice_gradient_style,Baseline,101,8.73869205499161,8.738699777414022,7.722422411760022e-06,True
no_disease_to_disease,proposed_dp_eps16_sparse_diverse,DP-CounterGAN eps=16,101,2.424463425762406,2.4244695031154464,6.077353040367939e-06,True
no_disease_to_disease,proposed_dp_eps2_sparse_diverse,DP-CounterGAN eps=2,101,11.24799122876221,11.247998727000223,7.498238012715319e-06,True
no_disease_to_disease,proposed_dp_eps4_sparse_diverse,DP-CounterGAN eps=4,101,8.988071938284584,8.988079236302664,7.2980180796378136e-06,True
no_disease_to_disease,proposed_dp_eps8_sparse_diverse,DP-CounterGAN eps=8,101,3.8798861351628915,3.879892446042248,6.310879356430377e-06,True
no_disease_to_disease,countergan_one_shot,Non-DP CounterGAN,101,2.3738227755750394,2.373828078447192,5.302872152501692e-06,True
disease_to_no_disease,uniform_random,Baseline,101,-0.1645897676763468,-0.164584549231228,5.218445118804205e-06,True
disease_to_no_disease,proposed_dp_eps16_sparse_diverse,DP-CounterGAN eps=16,101,-6.801914284733494,-6.801910590627207,3.6941062866446828e-06,True
disease_to_no_disease,proposed_dp_eps2_sparse_diverse,DP-CounterGAN eps=2,101,-20.383167516664034,-20.383167103766905,4.1289712982006677e-07,True
disease_to_no_disease,proposed_dp_eps4_sparse_diverse,DP-CounterGAN eps=4,101,-36.96112450552528,-36.961127109845656,2.6043203789072322e-06,True
disease_to_no_disease,proposed_dp_eps8_sparse_diverse,DP-CounterGAN eps=8,101,-2.8396363673894136,-2.8396318873980486,4.4799913649917755e-06,True
disease_to_no_disease,countergan_one_shot,Non-DP CounterGAN,101,-2.2114136493418624,-2.2114090801734028,4.569168459589434e-06,True
no_disease_to_disease,uniform_random,Baseline,101,2.704046251383595,2.70405217735342,5.92596982507132e-06,True
no_disease_to_disease,proposed_dp_eps16_sparse_diverse,DP-CounterGAN eps=16,101,11.590884296176757,11.590891738664313,7.442487556019728e-06,True
disease_to_no_disease,genetic_cfe,Baseline,202,-6.522379974904476,-6.522376370228958,3.6046755180763057e-06,True
disease_to_no_disease,proposed_dp_eps16_sparse_diverse,DP-CounterGAN eps=16,202,-13.343720416064908,-13.343718480690239,1.9353746694150686e-06,True
disease_to_no_disease,proposed_dp_eps2_sparse_diverse,DP-CounterGAN eps=2,202,-15.652266537584651,-15.652265183312698,1.3542719532466663e-06,True
disease_to_no_disease,proposed_dp_eps4_sparse_diverse,DP-CounterGAN eps=4,202,-4.697901533450898,-4.697897717773223,3.815677674268159e-06,True
disease_to_no_disease,proposed_dp_eps8_sparse_diverse,DP-CounterGAN eps=8,202,-13.176002408766262,-13.176000156997143,2.251769119610003e-06,True
disease_to_no_disease,proposed_countergan,Non-DP CounterGAN,202,-7.397157671231091,-7.397154254247083,3.416984007742485e-06,True
no_disease_to_disease,genetic_cfe,Baseline,202,1.2222727373357394,1.2222781261353934,5.38879965406025e-06,True
no_disease_to_disease,proposed_dp_eps16_sparse_diverse,DP-CounterGAN eps=16,202,8.265858043067542,8.26586554184067,7.498773127778691e-06,True
no_disease_to_disease,proposed_dp_eps2_sparse_diverse,DP-CounterGAN eps=2,202,1.8206466423791206,1.8206524982002141,5.855821093581071e-06,True
no_disease_to_disease,proposed_dp_eps4_sparse_diverse,DP-CounterGAN eps=4,202,21.497756554866967,21.497767243007225,1.0688140257286705e-05,True
no_disease_to_disease,proposed_dp_eps8_sparse_diverse,DP-CounterGAN eps=8,202,1.0601517090782,1.0601566884507934,4.97937259336112e-06,True
no_disease_to_disease,proposed_countergan,Non-DP CounterGAN,202,7.840514874311154,7.840522259498542,7.385187387853875e-06,True
disease_to_no_disease,uniform_random,Baseline,202,-1.4072270413583947,-1.407222228670533,4.812687861788234e-06,True
disease_to_no_disease,proposed_dp_eps16_sparse_diverse,DP-CounterGAN eps=16,202,-17.437200893122395,-17.437199617569334,1.2755530605090826e-06,True
disease_to_no_disease,proposed_dp_eps2_sparse_diverse,DP-CounterGAN eps=2,202,-17.29938499285192,-17.299383647648384,1.3452035361183334e-06,True
disease_to_no_disease,proposed_dp_eps4_sparse_diverse,DP-CounterGAN eps=4,202,-1.7768949512249899,-1.7768902384267613,4.712798228556636e-06,True
disease_to_no_disease,proposed_dp_eps8_sparse_diverse,DP-CounterGAN eps=8,202,-0.9078012250644276,-0.9077956987296216,5.526334805994182e-06,True
disease_to_no_disease,proposed_countergan,Non-DP CounterGAN,202,-6.414363018781129,-6.414358784941734,4.233839395517691e-06,True
no_disease_to_disease,genetic_cfe,Baseline,202,2.079331408822693,2.0793371033336205,5.694510927689578e-06,True
no_disease_to_disease,proposed_dp_eps16_sparse_diverse,DP-CounterGAN eps=16,202,0.24176455727010193,0.24176942884884317,4.871578741239002e-06,True
no_disease_to_disease,proposed_dp_eps2_sparse_diverse,DP-CounterGAN eps=2,202,4.08361117118228,4.083616952127089,5.780944809075095e-06,True
no_disease_to_disease,proposed_dp_eps4_sparse_diverse,DP-CounterGAN eps=4,202,1.1819435917217795,1.1819488777821257,5.286060346110233e-06,True
no_disease_to_disease,proposed_dp_eps8_sparse_diverse,DP-CounterGAN eps=8,202,0.44500045901604324,0.44500591916808985,5.460152046610212e-06,True
no_disease_to_disease,proposed_countergan,Non-DP CounterGAN,202,9.818687008110949,9.818694770007715,7.761896766211862e-06,True
disease_to_no_disease,uniform_random,Baseline,202,-0.404551793664611,-0.4045461427883743,5.6508762367180054e-06,True
disease_to_no_disease,proposed_dp_eps16_sparse_diverse,DP-CounterGAN eps=16,202,-34.2238503469154,-34.22385225305346,1.9061380598373034e-06,True
disease_to_no_disease,proposed_dp_eps2_sparse_diverse,DP-CounterGAN eps=2,202,-11.109906250651179,-11.109903845020408,2.4056307701414426e-06,True
disease_to_no_disease,proposed_dp_eps4_sparse_diverse,DP-CounterGAN eps=4,202,-2.9632579657115468,-2.963253786780614,4.178930932852154e-06,True
disease_to_no_disease,proposed_dp_eps8_sparse_diverse,DP-CounterGAN eps=8,202,-5.665191592481698,-5.665187453223538,4.1392581593413524e-06,True
disease_to_no_disease,proposed_countergan,Non-DP CounterGAN,202,-5.182373513942116,-5.182369345344893,4.168597222964365e-06,True
no_disease_to_disease,uniform_random,Baseline,202,4.024173449782719,4.0241796958413065,6.246058587677794e-06,True
no_disease_to_disease,proposed_dp_eps16_sparse_diverse,DP-CounterGAN eps=16,202,36.995804830226675,36.99581965973666,1.4829509986213907e-05,True
no_disease_to_disease,proposed_dp_eps2_sparse_diverse,DP-CounterGAN eps=2,202,0.26724008259696674,0.2672449864648634,4.9038678966439875e-06,True
no_disease_to_disease,proposed_dp_eps4_sparse_diverse,DP-CounterGAN eps=4,202,2.3629456531606685,2.3629511930789318,5.539918263242072e-06,True
no_disease_to_disease,proposed_dp_eps8_sparse_diverse,DP-CounterGAN eps=8,202,0.48406977299704046,0.4840753847866978,5.611789657355981e-06,True
no_disease_to_disease,countergan_sparse_diverse_no_dp,Non-DP CounterGAN,202,0.9060567124050039,0.9060621826778797,5.470272875895965e-06,True
disease_to_no_disease,uniform_random,Baseline,202,-0.636982744859278,-0.6369774359818434,5.308877434551107e-06,True
disease_to_no_disease,proposed_dp_eps16_sparse_diverse,DP-CounterGAN eps=16,202,-25.357824917056064,-25.357825427475568,5.104195039962178e-07,True
disease_to_no_disease,proposed_dp_eps2_sparse_diverse,DP-CounterGAN eps=2,202,-44.570722569861545,-44.570727316222246,4.746360701801677e-06,True
disease_to_no_disease,proposed_dp_eps4_sparse_diverse,DP-CounterGAN eps=4,202,-2.8114085189511266,-2.811403912945889,4.606005237661748e-06,True
disease_to_no_disease,proposed_dp_eps8_sparse_diverse,DP-CounterGAN eps=8,202,-7.013503542192345,-7.013500076937742,3.4652546032631903e-06,True
disease_to_no_disease,countergan_one_shot,Non-DP CounterGAN,202,-1.712273614566942,-1.7122688247174047,4.7898495372233896e-06,True
no_disease_to_disease,uniform_random,Baseline,202,3.238757250540173,3.2387631021399734,5.851599800266172e-06,True
no_disease_to_disease,proposed_dp_eps16_sparse_diverse,DP-CounterGAN eps=16,202,2.214978109715698,2.214984054367494,5.944651795708467e-06,True
no_disease_to_disease,proposed_dp_eps2_sparse_diverse,DP-CounterGAN eps=2,202,0.8051026000935,0.8051076497165759,5.049623075903398e-06,True
no_disease_to_disease,proposed_dp_eps4_sparse_diverse,DP-CounterGAN eps=4,202,1.2916488232922525,1.2916539016546853,5.0783624327976895e-06,True
no_disease_to_disease,proposed_dp_eps8_sparse_diverse,DP-CounterGAN eps=8,202,0.999418789524789,0.9994241180633747,5.328538585702702e-06,True
no_disease_to_disease,countergan_sparse_diverse_no_dp,Non-DP CounterGAN,202,2.1092561214129155,2.1092620976995806,5.976286665099195e-06,True
disease_to_no_disease,genetic_cfe,Baseline,202,-1.9242705638004995,-1.9242652771264108,5.2866740887225205e-06,True
disease_to_no_disease,proposed_dp_eps16_sparse_diverse,DP-CounterGAN eps=16,202,-14.88986084317023,-14.889859057341868,1.7858283616334347e-06,True
disease_to_no_disease,proposed_dp_eps2_sparse_diverse,DP-CounterGAN eps=2,202,-8.359027781348768,-8.359024657021452,3.124327315973119e-06,True
disease_to_no_disease,proposed_dp_eps4_sparse_diverse,DP-CounterGAN eps=4,202,-36.96112450552528,-36.961127092149766,2.586624489708811e-06,True
disease_to_no_disease,proposed_dp_eps8_sparse_diverse,DP-CounterGAN eps=8,202,-0.3009227759987594,-0.3009178627532669,4.913245492510487e-06,True
disease_to_no_disease,countergan_sparse_diverse_no_dp,Non-DP CounterGAN,202,-0.2564455892937465,-0.2564404056963692,5.1835973772784705e-06,True
no_disease_to_disease,genetic_cfe,Baseline,202,4.477863874806609,4.47787028985554,6.415048931174283e-06,True
no_disease_to_disease,proposed_dp_eps16_sparse_diverse,DP-CounterGAN eps=16,202,6.414082986058075,6.414090229065153,7.243007078550079e-06,True
no_disease_to_disease,proposed_dp_eps2_sparse_diverse,DP-CounterGAN eps=2,202,3.0153567972497974,3.0153624413826003,5.644132802906654e-06,True
no_disease_to_disease,proposed_dp_eps4_sparse_diverse,DP-CounterGAN eps=4,202,1.8523243274254817,1.8523297751735874,5.4477481057357835e-06,True
no_disease_to_disease,proposed_dp_eps8_sparse_diverse,DP-CounterGAN eps=8,202,1.0705450188781125,1.0705502786427725,5.259764660037192e-06,True
no_disease_to_disease,proposed_countergan,Non-DP CounterGAN,202,12.140748748735803,12.14075759974306,8.851007256893695e-06,True
disease_to_no_disease,genetic_cfe,Baseline,202,-10.02935411803081,-10.029351380759392,2.737271417529996e-06,True
disease_to_no_disease,proposed_dp_eps16_sparse_diverse,DP-CounterGAN eps=16,202,-4.773211735065605,-4.773207839561303,3.8955043013544355e-06,True
disease_to_no_disease,proposed_dp_eps2_sparse_diverse,DP-CounterGAN eps=2,202,-1.6621427193268543,-1.6621381544651357,4.564861718625579e-06,True
disease_to_no_disease,proposed_dp_eps4_sparse_diverse,DP-CounterGAN eps=4,202,-2.462485557912898,-2.462481214053172,4.343859726141375e-06,True
disease_to_no_disease,proposed_dp_eps8_sparse_diverse,DP-CounterGAN eps=8,202,-11.6998055872269,-11.69980254163988,3.0455870199119772e-06,True
disease_to_no_disease,proposed_countergan,Non-DP CounterGAN,202,-3.5369188680488035,-3.5369139377082703,4.930340533171318e-06,True
no_disease_to_disease,genetic_cfe,Baseline,202,11.316571613966364,11.316579685405404,8.071439040691075e-06,True
no_disease_to_disease,proposed_dp_eps16_sparse_diverse,DP-CounterGAN eps=16,202,0.30210351248205036,0.30210895137505794,5.438893007581047e-06,True
no_disease_to_disease,proposed_dp_eps2_sparse_diverse,DP-CounterGAN eps=2,202,0.9793865643832973,0.9793921739586682,5.609575370879583e-06,True
no_disease_to_disease,proposed_dp_eps4_sparse_diverse,DP-CounterGAN eps=4,202,30.120360917291848,30.1203740980602,1.3180768352327732e-05,True
no_disease_to_disease,proposed_dp_eps8_sparse_diverse,DP-CounterGAN eps=8,202,1.935589543145987,1.935594976757532,5.433611544924943e-06,True
no_disease_to_disease,proposed_countergan,Non-DP CounterGAN,202,9.743116106684795,9.743123770964676,7.66427988097007e-06,True
disease_to_no_disease,uniform_random,Baseline,202,-0.5335936213575945,-0.533588807043916,4.814313678491722e-06,True
disease_to_no_disease,proposed_dp_eps16_sparse_diverse,DP-CounterGAN eps=16,202,-4.498548291080159,-4.498544095807202,4.195272956586393e-06,True
disease_to_no_disease,proposed_dp_eps2_sparse_diverse,DP-CounterGAN eps=2,202,-4.9987332275016305,-4.998729225579544,4.001922086160903e-06,True
disease_to_no_disease,proposed_dp_eps4_sparse_diverse,DP-CounterGAN eps=4,202,-7.401482265894062,-7.401478584333309,3.681560753143742e-06,True
disease_to_no_disease,proposed_dp_eps8_sparse_diverse,DP-CounterGAN eps=8,202,-9.544354870197262,-9.54435143201934,3.4381779219216924e-06,True
disease_to_no_disease,proposed_countergan,Non-DP CounterGAN,202,-2.687853192749161,-2.6878486136158553,4.579133305870897e-06,True
no_disease_to_disease,wachter_style,Baseline,202,9.141343235639368,9.141350776475006,7.540835637698251e-06,True
no_disease_to_disease,proposed_dp_eps16_sparse_diverse,DP-CounterGAN eps=16,202,15.416140296960204,15.416148679651657,8.38269145297943e-06,True
no_disease_to_disease,proposed_dp_eps2_sparse_diverse,DP-CounterGAN eps=2,202,0.9078673411590223,0.9078735777040389,6.236545016524708e-06,True
no_disease_to_disease,proposed_dp_eps4_sparse_diverse,DP-CounterGAN eps=4,202,3.995415191327453,3.9954215820773,6.390749847096089e-06,True
no_disease_to_disease,proposed_dp_eps8_sparse_diverse,DP-CounterGAN eps=8,202,6.8233132182139915,6.823319934924632,6.716710640120027e-06,True
no_disease_to_disease,proposed_countergan,Non-DP CounterGAN,202,4.1594041646960065,4.159410006498497,5.841802490635928e-06,True
disease_to_no_disease,genetic_cfe,Baseline,202,-3.631255364185331,-3.6312508357514925,4.528433838579815e-06,True
disease_to_no_disease,proposed_dp_eps16_sparse_diverse,DP-CounterGAN eps=16,202,-5.14082362288977,-5.14081990075238,3.722137390305136e-06,True
disease_to_no_disease,proposed_dp_eps2_sparse_diverse,DP-CounterGAN eps=2,202,-17.12623116709858,-17.126230068337353,1.0987612277801873e-06,True
disease_to_no_disease,proposed_dp_eps4_sparse_diverse,DP-CounterGAN eps=4,202,-1.8070077920756464,-1.807002488760291,5.303315355531524e-06,True
disease_to_no_disease,proposed_dp_eps8_sparse_diverse,DP-CounterGAN eps=8,202,-7.0560210966687125,-7.056017818340381,3.278328331468572e-06,True
disease_to_no_disease,proposed_countergan,Non-DP CounterGAN,202,-6.51103606621135,-6.51103231335015,3.752861199579627e-06,True
no_disease_to_disease,uniform_random,Baseline,202,9.588354994983405,9.588362517521496,7.522538091109254e-06,True
no_disease_to_disease,proposed_dp_eps16_sparse_diverse,DP-CounterGAN eps=16,202,16.11573426079891,16.115743330657555,9.069858645460727e-06,True
no_disease_to_disease,proposed_dp_eps2_sparse_diverse,DP-CounterGAN eps=2,202,2.3103397109593224,2.310345224569197,5.513609874441272e-06,True
no_disease_to_disease,proposed_dp_eps4_sparse_diverse,DP-CounterGAN eps=4,202,9.210815785355088,9.210822733337388,6.947982299720934e-06,True
no_disease_to_disease,proposed_dp_eps8_sparse_diverse,DP-CounterGAN eps=8,202,13.196663749919843,13.196672790735278,9.040815434957494e-06,True
no_disease_to_disease,countergan_sparse_diverse_no_dp,Non-DP CounterGAN,202,16.462431198533295,16.462441186673757,9.988140462269257e-06,True
disease_to_no_disease,wachter_style,Baseline,202,-12.102596666345153,-12.102593703995845,2.9623493080777052e-06,True
disease_to_no_disease,proposed_dp_eps16_sparse_diverse,DP-CounterGAN eps=16,202,-1.16191483955751,-1.161909932412499,4.907145011001646e-06,True
disease_to_no_disease,proposed_dp_eps2_sparse_diverse,DP-CounterGAN eps=2,202,-9.580564075216662,-9.580561045799575,3.0294170869638037e-06,True
disease_to_no_disease,proposed_dp_eps4_sparse_diverse,DP-CounterGAN eps=4,202,-1.4150155111667821,-1.4150106008172374,4.910349544751114e-06,True
disease_to_no_disease,proposed_dp_eps8_sparse_diverse,DP-CounterGAN eps=8,202,-24.785435485940667,-24.785435844210433,3.5826976585440207e-07,True
disease_to_no_disease,countergan_sparse_diverse_no_dp,Non-DP CounterGAN,202,-6.657802362208792,-6.657798854964342,3.5072444504180567e-06,True
no_disease_to_disease,genetic_cfe,Baseline,202,10.091873505623575,10.091880864317838,7.358694263714938e-06,True
no_disease_to_disease,proposed_dp_eps16_sparse_diverse,DP-CounterGAN eps=16,202,1.09528246575241,1.0952875748570383,5.109104628253647e-06,True
no_disease_to_disease,proposed_dp_eps2_sparse_diverse,DP-CounterGAN eps=2,202,35.637865933075275,35.637881062487985,1.5129412709313783e-05,True
no_disease_to_disease,proposed_dp_eps4_sparse_diverse,DP-CounterGAN eps=4,202,0.640701184646721,0.6407067871828076,5.602536086612986e-06,True
no_disease_to_disease,proposed_dp_eps8_sparse_diverse,DP-CounterGAN eps=8,202,1.3619065698995279,1.361912481634749,5.911735221131309e-06,True
no_disease_to_disease,countergan_sparse_diverse_no_dp,Non-DP CounterGAN,202,11.431342730777647,11.431350221266763,7.490489116079857e-06,True
disease_to_no_disease,uniform_random,Baseline,202,-0.26209752496365457,-0.2620922383623149,5.2866013396934974e-06,True
disease_to_no_disease,proposed_dp_eps16_sparse_diverse,DP-CounterGAN eps=16,202,-14.119560778664077,-14.1195590187,1.759964076697429e-06,True
disease_to_no_disease,proposed_dp_eps2_sparse_diverse,DP-CounterGAN eps=2,202,-16.858571093530344,-16.858569784073406,1.3094569375482479e-06,True
disease_to_no_disease,proposed_dp_eps4_sparse_diverse,DP-CounterGAN eps=4,202,-1.0829392730370122,-1.082934359456162,4.913580850196553e-06,True
disease_to_no_disease,proposed_dp_eps8_sparse_diverse,DP-CounterGAN eps=8,202,-29.684638589446024,-29.68463997357383,1.384127806147717e-06,True
disease_to_no_disease,countergan_sparse_diverse_no_dp,Non-DP CounterGAN,202,-6.148924007598193,-6.1489199753480905,4.032250102703472e-06,True
no_disease_to_disease,uniform_random,Baseline,202,1.3551010885056414,1.3551066307545379,5.5422488964840255e-06,True
no_disease_to_disease,proposed_dp_eps16_sparse_diverse,DP-CounterGAN eps=16,202,22.090584948210605,22.09059525879285,1.031058224398862e-05,True
no_disease_to_disease,proposed_dp_eps2_sparse_diverse,DP-CounterGAN eps=2,202,7.0306722646168645,7.0306799266993965,7.662082532000625e-06,True
no_disease_to_disease,proposed_dp_eps4_sparse_diverse,DP-CounterGAN eps=4,202,2.141208886634617,2.1412143343622163,5.447727599250385e-06,True
no_disease_to_disease,proposed_dp_eps8_sparse_diverse,DP-CounterGAN eps=8,202,1.3139614405917897,1.3139669042650577,5.4636732680357625e-06,True
no_disease_to_disease,countergan_one_shot,Non-DP CounterGAN,202,8.620716731988683,8.62072443685416,7.704865476299005e-06,True
disease_to_no_disease,genetic_cfe,Baseline,202,-14.052841234141649,-14.05283939397801,1.8401636392439968e-06,True
disease_to_no_disease,proposed_dp_eps16_sparse_diverse,DP-CounterGAN eps=16,202,-5.2903568131534735,-5.290352847417124,3.965736349087479e-06,True
disease_to_no_disease,proposed_dp_eps2_sparse_diverse,DP-CounterGAN eps=2,202,-41.550190481714566,-41.55019443474965,3.953035083270606e-06,True
disease_to_no_disease,proposed_dp_eps4_sparse_diverse,DP-CounterGAN eps=4,202,-2.7503523667858207,-2.7503480371452964,4.329640524325384e-06,True
disease_to_no_disease,proposed_dp_eps8_sparse_diverse,DP-CounterGAN eps=8,202,-2.9233479748522084,-2.9233431464496373,4.8284025710998435e-06,True
disease_to_no_disease,countergan_one_shot,Non-DP CounterGAN,202,-5.690189897541053,-5.690186139876519,3.757664534198568e-06,True
no_disease_to_disease,uniform_random,Baseline,202,4.000569646571108,4.000576402428588,6.755857479667782e-06,True
no_disease_to_disease,proposed_dp_eps16_sparse_diverse,DP-CounterGAN eps=16,202,14.773824645304352,14.77383329688889,8.651584538554857e-06,True
no_disease_to_disease,proposed_dp_eps2_sparse_diverse,DP-CounterGAN eps=2,202,0.42262315317354826,0.4226287594479442,5.606274395941746e-06,True
no_disease_to_disease,proposed_dp_eps4_sparse_diverse,DP-CounterGAN eps=4,202,22.538433094069656,22.538444469105187,1.1375035530392097e-05,True
no_disease_to_disease,proposed_dp_eps8_sparse_diverse,DP-CounterGAN eps=8,202,6.97791247873748,6.977919351130271,6.872392790846504e-06,True
no_disease_to_disease,countergan_sparse_diverse_no_dp,Non-DP CounterGAN,202,39.98556831958571,39.98558441631345,1.609672774094406e-05,True
disease_to_no_disease,genetic_cfe,Baseline,202,-9.633672230999357,-9.633668803085397,3.4279139597970243e-06,True
disease_to_no_disease,proposed_dp_eps16_sparse_diverse,DP-CounterGAN eps=16,202,-1.1684421246431302,-1.1684371832776745,4.941365455701785e-06,True
disease_to_no_disease,proposed_dp_eps2_sparse_diverse,DP-CounterGAN eps=2,202,-0.7247473002396863,-0.7247425257022816,4.774537404661494e-06,True
disease_to_no_disease,proposed_dp_eps4_sparse_diverse,DP-CounterGAN eps=4,202,-1.7803167090712577,-1.7803119384280446,4.770643213136694e-06,True
disease_to_no_disease,proposed_dp_eps8_sparse_diverse,DP-CounterGAN eps=8,202,-4.3016569826737525,-4.301652999581226,3.983092526915755e-06,True
disease_to_no_disease,proposed_countergan,Non-DP CounterGAN,202,-3.951066373873492,-3.9510621475590124,4.226314479716109e-06,True
no_disease_to_disease,genetic_cfe,Baseline,202,5.337238880366327,5.337245335438347,6.455072020017383e-06,True
no_disease_to_disease,proposed_dp_eps16_sparse_diverse,DP-CounterGAN eps=16,202,5.031249548442162,5.031255511088098,5.962645936108402e-06,True
no_disease_to_disease,proposed_dp_eps2_sparse_diverse,DP-CounterGAN eps=2,202,1.9881576261733933,1.988163236833757,5.610660363641884e-06,True
no_disease_to_disease,proposed_dp_eps4_sparse_diverse,DP-CounterGAN eps=4,202,0.2831507524755956,0.2831555574301367,4.804954541082207e-06,True
no_disease_to_disease,proposed_dp_eps8_sparse_diverse,DP-CounterGAN eps=8,202,6.045238506902152,6.04524501894304,6.5120408878627245e-06,True
no_disease_to_disease,countergan_one_shot,Non-DP CounterGAN,202,3.0384868329542716,3.0384923712193577,5.538265086091343e-06,True
disease_to_no_disease,genetic_cfe,Baseline,202,-4.500727025948736,-4.500722685390007,4.340558729332145e-06,True
disease_to_no_disease,proposed_dp_eps16_sparse_diverse,DP-CounterGAN eps=16,202,-1.7083712869148115,-1.7083664087581516,4.878156659948729e-06,True
disease_to_no_disease,proposed_dp_eps2_sparse_diverse,DP-CounterGAN eps=2,202,-0.42884900130097403,-0.4288438062818616,5.195019112447241e-06,True
disease_to_no_disease,proposed_dp_eps4_sparse_diverse,DP-CounterGAN eps=4,202,-0.7777711562338583,-0.777766104180974,5.052052884257918e-06,True
disease_to_no_disease,proposed_dp_eps8_sparse_diverse,DP-CounterGAN eps=8,202,-6.96271631649402,-6.962712803588471,3.512905548674894e-06,True
disease_to_no_disease,countergan_one_shot,Non-DP CounterGAN,202,-3.325585945456343,-3.325580952997002,4.992459340602551e-06,True
no_disease_to_disease,uniform_random,Baseline,202,1.6106435103973702,1.6106487145513309,5.204153960658431e-06,True
no_disease_to_disease,proposed_dp_eps16_sparse_diverse,DP-CounterGAN eps=16,202,7.787270737650932,7.787277432882999,6.695232067421841e-06,True
no_disease_to_disease,proposed_dp_eps2_sparse_diverse,DP-CounterGAN eps=2,202,16.419279979073067,16.41928940376461,9.424691540971253e-06,True
no_disease_to_disease,proposed_dp_eps4_sparse_diverse,DP-CounterGAN eps=4,202,23.950398154455705,23.95040846222118,1.0307765474948383e-05,True
no_disease_to_disease,proposed_dp_eps8_sparse_diverse,DP-CounterGAN eps=8,202,3.422321370520317,3.422327233218271,5.862697954217566e-06,True
no_disease_to_disease,countergan_one_shot,Non-DP CounterGAN,202,5.110462938825847,5.1104689041062015,5.965280354125468e-06,True
disease_to_no_disease,dice_gradient_style,Baseline,202,-10.334199509771544,-10.334196671549853,2.838221691447984e-06,True
disease_to_no_disease,proposed_dp_eps16_sparse_diverse,DP-CounterGAN eps=16,202,-2.0986335827292617,-2.098628645015099,4.937714162878137e-06,True
disease_to_no_disease,proposed_dp_eps2_sparse_diverse,DP-CounterGAN eps=2,202,-2.068289054901947,-2.068284175208948,4.879692999004703e-06,True
disease_to_no_disease,proposed_dp_eps4_sparse_diverse,DP-CounterGAN eps=4,202,-0.9005112267147961,-0.9005063114378308,4.915276965333781e-06,True
disease_to_no_disease,proposed_dp_eps8_sparse_diverse,DP-CounterGAN eps=8,202,-0.6854102350883817,-0.685405495173295,4.7399150867599715e-06,True
disease_to_no_disease,countergan_sparse_diverse_no_dp,Non-DP CounterGAN,202,-5.027337468443465,-5.027333720565542,3.7478779226773895e-06,True
no_disease_to_disease,genetic_cfe,Baseline,202,11.638913167811829,11.638921090589625,7.922777795599245e-06,True
no_disease_to_disease,proposed_dp_eps16_sparse_diverse,DP-CounterGAN eps=16,202,4.469539502411127,4.4695458654754,6.363064272818519e-06,True
no_disease_to_disease,proposed_dp_eps2_sparse_diverse,DP-CounterGAN eps=2,202,0.47363800609983464,0.4736428361571498,4.830057315163838e-06,True
no_disease_to_disease,proposed_dp_eps4_sparse_diverse,DP-CounterGAN eps=4,202,0.5321240376485363,0.5321289095587927,4.871910256332157e-06,True
no_disease_to_disease,proposed_dp_eps8_sparse_diverse,DP-CounterGAN eps=8,202,2.042826217130102,2.042831367085133,5.1499550308697906e-06,True
no_disease_to_disease,countergan_one_shot,Non-DP CounterGAN,202,3.4467120572610312,3.4467176428849693,5.5856239380425166e-06,True
disease_to_no_disease,uniform_random,Baseline,202,-0.5229331558401435,-0.5229278389619106,5.316878232908273e-06,True
disease_to_no_disease,proposed_dp_eps16_sparse_diverse,DP-CounterGAN eps=16,202,-3.361089280422135,-3.361084947203852,4.333218282859264e-06,True
disease_to_no_disease,proposed_dp_eps2_sparse_diverse,DP-CounterGAN eps=2,202,-2.0124889673669664,-2.0124836802132635,5.2871537028487126e-06,True
disease_to_no_disease,proposed_dp_eps4_sparse_diverse,DP-CounterGAN eps=4,202,-3.301791214149315,-3.3017865836159777,4.630533337213194e-06,True
disease_to_no_disease,proposed_dp_eps8_sparse_diverse,DP-CounterGAN eps=8,202,-16.291005311558955,-16.29100394480617,1.36675278383791e-06,True
disease_to_no_disease,countergan_sparse_diverse_no_dp,Non-DP CounterGAN,202,-1.9497283045315763,-1.9497234550127982,4.849518778105022e-06,True
no_disease_to_disease,genetic_cfe,Baseline,202,12.479448710801513,12.479456121380402,7.4105788883116475e-06,True
no_disease_to_disease,proposed_dp_eps16_sparse_diverse,DP-CounterGAN eps=16,202,1.0730915409669564,1.0730966280280507,5.0870610943665184e-06,True
no_disease_to_disease,proposed_dp_eps2_sparse_diverse,DP-CounterGAN eps=2,202,6.497821417396544,6.497827644664382,6.227267838276873e-06,True
no_disease_to_disease,proposed_dp_eps4_sparse_diverse,DP-CounterGAN eps=4,202,29.29146968599055,29.29148216155024,1.2475559689306692e-05,True
no_disease_to_disease,proposed_dp_eps8_sparse_diverse,DP-CounterGAN eps=8,202,8.018866873997355,8.018874150051868,7.276054512672658e-06,True
no_disease_to_disease,countergan_one_shot,Non-DP CounterGAN,202,4.99996552497781,4.999971526638484,6.001660674215259e-06,True
disease_to_no_disease,genetic_cfe,Baseline,202,-6.6092403363262395,-6.609235891780938,4.44454530157401e-06,True
disease_to_no_disease,proposed_dp_eps16_sparse_diverse,DP-CounterGAN eps=16,202,-36.08146875129418,-36.08147174688115,2.995586967813324e-06,True
disease_to_no_disease,proposed_dp_eps2_sparse_diverse,DP-CounterGAN eps=2,202,-36.68194654880519,-36.68194968638638,3.1375811886391602e-06,True
disease_to_no_disease,proposed_dp_eps4_sparse_diverse,DP-CounterGAN eps=4,202,-15.150424681765083,-15.150423020557557,1.6612075253163994e-06,True
disease_to_no_disease,proposed_dp_eps8_sparse_diverse,DP-CounterGAN eps=8,202,-12.499872193360124,-12.499870112443817,2.0809163068236103e-06,True
disease_to_no_disease,countergan_sparse_diverse_no_dp,Non-DP CounterGAN,202,-27.180952627592106,-27.18095346594319,8.383510845533237e-07,True
no_disease_to_disease,uniform_random,Baseline,202,0.7084432950022226,0.7084484315425496,5.136540326966532e-06,True
no_disease_to_disease,proposed_dp_eps16_sparse_diverse,DP-CounterGAN eps=16,202,1.875464626108874,1.875470091096994,5.46498811981877e-06,True
no_disease_to_disease,proposed_dp_eps2_sparse_diverse,DP-CounterGAN eps=2,202,0.13717624438678477,0.13718133799929644,5.09361251166407e-06,True
no_disease_to_disease,proposed_dp_eps4_sparse_diverse,DP-CounterGAN eps=4,202,5.5425181681729345,5.542524253689479,6.085516544906966e-06,True
no_disease_to_disease,proposed_dp_eps8_sparse_diverse,DP-CounterGAN eps=8,202,0.6447904701960212,0.6447953542144604,4.884018439232918e-06,True
no_disease_to_disease,countergan_sparse_diverse_no_dp,Non-DP CounterGAN,202,18.546350886745987,18.546360417290533,9.53054454555513e-06,True
disease_to_no_disease,uniform_random,Baseline,202,-10.783311726567177,-10.783308594667304,3.1318998736651338e-06,True
disease_to_no_disease,proposed_dp_eps16_sparse_diverse,DP-CounterGAN eps=16,202,-2.609162384161209,-2.6091574659535164,4.9182076926612694e-06,True
disease_to_no_disease,proposed_dp_eps2_sparse_diverse,DP-CounterGAN eps=2,202,-2.111540777163202,-2.111535499043196,5.278120005947073e-06,True
disease_to_no_disease,proposed_dp_eps4_sparse_diverse,DP-CounterGAN eps=4,202,-2.3056609410745024,-2.305656737353535,4.2037209673218e-06,True
disease_to_no_disease,proposed_dp_eps8_sparse_diverse,DP-CounterGAN eps=8,202,-0.6208756763032444,-0.620870564489327,5.111813917380026e-06,True
disease_to_no_disease,countergan_one_shot,Non-DP CounterGAN,202,-5.21666483773145,-5.216660149906945,4.68782450546712e-06,True
no_disease_to_disease,uniform_random,Baseline,202,7.673426282894965,7.673433083381172,6.800486207048095e-06,True
no_disease_to_disease,proposed_dp_eps16_sparse_diverse,DP-CounterGAN eps=16,202,14.375580406297086,14.375588945627275,8.539330188739314e-06,True
no_disease_to_disease,proposed_dp_eps2_sparse_diverse,DP-CounterGAN eps=2,202,13.326203561880206,13.326212635111299,9.073231092671108e-06,True
no_disease_to_disease,proposed_dp_eps4_sparse_diverse,DP-CounterGAN eps=4,202,0.4760420453894074,0.47604690186589377,4.856476486347905e-06,True
no_disease_to_disease,proposed_dp_eps8_sparse_diverse,DP-CounterGAN eps=8,202,0.7359604508025406,0.7359659870812483,5.5362787076962405e-06,True
no_disease_to_disease,countergan_one_shot,Non-DP CounterGAN,202,2.5995925577105403,2.5995980125925864,5.4548820460631475e-06,True
disease_to_no_disease,uniform_random,Baseline,202,-2.532421259048447,-2.532415966381783,5.292666664047374e-06,True
disease_to_no_disease,proposed_dp_eps16_sparse_diverse,DP-CounterGAN eps=16,202,-2.1202762542093714,-2.120271019590232,5.2346191394825325e-06,True
disease_to_no_disease,proposed_dp_eps2_sparse_diverse,DP-CounterGAN eps=2,202,-6.475762132690834,-6.47575854275789,3.5899329438038308e-06,True
disease_to_no_disease,proposed_dp_eps4_sparse_diverse,DP-CounterGAN eps=4,202,-0.6208756763032444,-0.620870551216509,5.125086735335849e-06,True
disease_to_no_disease,proposed_dp_eps8_sparse_diverse,DP-CounterGAN eps=8,202,-0.15112087090138093,-0.15111502082559672,5.850075784213926e-06,True
disease_to_no_disease,countergan_one_shot,Non-DP CounterGAN,202,-1.0058209865838572,-1.0058158544915408,5.1320923164510646e-06,True
no_disease_to_disease,genetic_cfe,Baseline,202,3.8537787705481676,3.8537845359498757,5.765401708046625e-06,True
no_disease_to_disease,proposed_dp_eps16_sparse_diverse,DP-CounterGAN eps=16,202,2.3799643817698346,2.379969907030315,5.525260480254701e-06,True
no_disease_to_disease,proposed_dp_eps2_sparse_diverse,DP-CounterGAN eps=2,202,5.409797985377642,5.409803836528683,5.851151041014191e-06,True
no_disease_to_disease,proposed_dp_eps4_sparse_diverse,DP-CounterGAN eps=4,202,2.844285836076393,2.844291858808337,6.022731943833293e-06,True
no_disease_to_disease,proposed_dp_eps8_sparse_diverse,DP-CounterGAN eps=8,202,4.822882750869038,4.822889346336503,6.595467464620697e-06,True
no_disease_to_disease,proposed_countergan,Non-DP CounterGAN,202,10.42312509744308,10.423132781478836,7.684035756128083e-06,True
disease_to_no_disease,uniform_random,Baseline,202,-2.00778205142087,-2.0077772313045097,4.820116360271243e-06,True
disease_to_no_disease,proposed_dp_eps16_sparse_diverse,DP-CounterGAN eps=16,202,-0.19611491003547155,-0.19610967215144273,5.237884028813644e-06,True
disease_to_no_disease,proposed_dp_eps2_sparse_diverse,DP-CounterGAN eps=2,202,-18.108163435073024,-18.10816232669526,1.108377762903956e-06,True
disease_to_no_disease,proposed_dp_eps4_sparse_diverse,DP-CounterGAN eps=4,202,-5.090200530953874,-5.090196832722355,3.6982315192446436e-06,True
disease_to_no_disease,proposed_dp_eps8_sparse_diverse,DP-CounterGAN eps=8,202,-5.209043179494101,-5.209038138373867,5.041120234139385e-06,True
disease_to_no_disease,proposed_countergan,Non-DP CounterGAN,202,-2.2109167556909846,-2.210911366833492,5.38885749268303e-06,True
no_disease_to_disease,uniform_random,Baseline,202,3.927573391084916,3.927579466744954,6.07566003774096e-06,True
no_disease_to_disease,proposed_dp_eps16_sparse_diverse,DP-CounterGAN eps=16,202,33.1988482861929,33.19886263736449,1.4351171593318668e-05,True
no_disease_to_disease,proposed_dp_eps2_sparse_diverse,DP-CounterGAN eps=2,202,8.553290149435224,8.553297279644875,7.130209651151631e-06,True
no_disease_to_disease,proposed_dp_eps4_sparse_diverse,DP-CounterGAN eps=4,202,0.8153439123282293,0.8153488127107471,4.900382517769586e-06,True
no_disease_to_disease,proposed_dp_eps8_sparse_diverse,DP-CounterGAN eps=8,202,1.0371799836401419,1.0371849599479006,4.976307758752796e-06,True
no_disease_to_disease,proposed_countergan,Non-DP CounterGAN,202,13.361311629125549,13.361320924550839,9.295425289934656e-06,True
disease_to_no_disease,genetic_cfe,Baseline,202,-2.7173947703923815,-2.717390322641071,4.447751310365788e-06,True
disease_to_no_disease,proposed_dp_eps16_sparse_diverse,DP-CounterGAN eps=16,202,-3.77893129220071,-3.7789270138281705,4.278372539356923e-06,True
disease_to_no_disease,proposed_dp_eps2_sparse_diverse,DP-CounterGAN eps=2,202,-0.5962830709178197,-0.596277960805372,5.110112447748172e-06,True
disease_to_no_disease,proposed_dp_eps4_sparse_diverse,DP-CounterGAN eps=4,202,-0.12234328142097972,-0.12233831364300027,4.967777979453247e-06,True
disease_to_no_disease,proposed_dp_eps8_sparse_diverse,DP-CounterGAN eps=8,202,-2.940118316961481,-2.940113800083572,4.516877909033212e-06,True
disease_to_no_disease,countergan_sparse_diverse_no_dp,Non-DP CounterGAN,202,-3.1866089319969895,-3.186603918002455,5.0139945346749926e-06,True
no_disease_to_disease,dice_gradient_style,Baseline,202,10.998847917205989,10.998855785157005,7.867951016038432e-06,True
no_disease_to_disease,proposed_dp_eps16_sparse_diverse,DP-CounterGAN eps=16,202,4.3002800087769515,4.300285735629394,5.72685244293325e-06,True
no_disease_to_disease,proposed_dp_eps2_sparse_diverse,DP-CounterGAN eps=2,202,19.15185407898367,19.151864596780275,1.0517796603437546e-05,True
no_disease_to_disease,proposed_dp_eps4_sparse_diverse,DP-CounterGAN eps=4,202,0.32202838391663136,0.3220337741031676,5.390186536224917e-06,True
no_disease_to_disease,proposed_dp_eps8_sparse_diverse,DP-CounterGAN eps=8,202,0.3551566686662788,0.35516188592808656,5.217261807743956e-06,True
no_disease_to_disease,proposed_countergan,Non-DP CounterGAN,202,7.087863999297207,7.087870916994736,6.91769752858562e-06,True
disease_to_no_disease,uniform_random,Baseline,202,-5.21874611974021,-5.218742250958662,3.868781548455047e-06,True
disease_to_no_disease,proposed_dp_eps16_sparse_diverse,DP-CounterGAN eps=16,202,-0.7142810779792512,-0.7142759118029233,5.166176327953131e-06,True
disease_to_no_disease,proposed_dp_eps2_sparse_diverse,DP-CounterGAN eps=2,202,-14.340252348968678,-14.340250565533902,1.783434775859405e-06,True
disease_to_no_disease,proposed_dp_eps4_sparse_diverse,DP-CounterGAN eps=4,202,-1.1509673912484875,-1.150962250169821,5.141078666559551e-06,True
disease_to_no_disease,proposed_dp_eps8_sparse_diverse,DP-CounterGAN eps=8,202,-12.801636006129268,-12.801633782411882,2.2237173862293957e-06,True
disease_to_no_disease,countergan_one_shot,Non-DP CounterGAN,202,-5.7558595489036435,-5.75585581280035,3.7361032934057903e-06,True
no_disease_to_disease,genetic_cfe,Baseline,202,3.3449382043800977,3.3449436769092067,5.4725291089852135e-06,True
no_disease_to_disease,proposed_dp_eps16_sparse_diverse,DP-CounterGAN eps=16,202,0.19808557210209266,0.19809061218997007,5.040087877411503e-06,True
no_disease_to_disease,proposed_dp_eps2_sparse_diverse,DP-CounterGAN eps=2,202,3.6349964442166147,3.635002288325993,5.844109378205786e-06,True
no_disease_to_disease,proposed_dp_eps4_sparse_diverse,DP-CounterGAN eps=4,202,5.188450785909533,5.188457835852469,7.049942936099285e-06,True
no_disease_to_disease,proposed_dp_eps8_sparse_diverse,DP-CounterGAN eps=8,202,1.8518197761433157,1.851825662633005,5.886489689244101e-06,True
no_disease_to_disease,proposed_countergan,Non-DP CounterGAN,202,9.634362720351234,9.634370849813603,8.129462369055318e-06,True
disease_to_no_disease,uniform_random,Baseline,202,-5.4844090597112976,-5.484404648402145,4.411309152629883e-06,True
disease_to_no_disease,proposed_dp_eps16_sparse_diverse,DP-CounterGAN eps=16,202,-6.118327792241587,-6.11832407084414,3.7213974470873268e-06,True
disease_to_no_disease,proposed_dp_eps2_sparse_diverse,DP-CounterGAN eps=2,202,-14.752963404226278,-14.752961264811528,2.13941475024626e-06,True
disease_to_no_disease,proposed_dp_eps4_sparse_diverse,DP-CounterGAN eps=4,202,-3.6806921025310535,-3.680687680084448,4.422446605367725e-06,True
disease_to_no_disease,proposed_dp_eps8_sparse_diverse,DP-CounterGAN eps=8,202,-8.089778469530298,-8.089775434781377,3.0347489214932466e-06,True
disease_to_no_disease,proposed_countergan,Non-DP CounterGAN,202,-5.6620646164315005,-5.662060773086183,3.843345317555702e-06,True
no_disease_to_disease,genetic_cfe,Baseline,202,7.804716932606485,7.804724079949914,7.147343428215436e-06,True
no_disease_to_disease,proposed_dp_eps16_sparse_diverse,DP-CounterGAN eps=16,202,3.2847042719595443,3.284710692184827,6.420225282521841e-06,True
no_disease_to_disease,proposed_dp_eps2_sparse_diverse,DP-CounterGAN eps=2,202,1.2828570475554315,1.2828627849098744,5.737354442869602e-06,True
no_disease_to_disease,proposed_dp_eps4_sparse_diverse,DP-CounterGAN eps=4,202,4.491146029878177,4.491152743738578,6.713860400964222e-06,True
no_disease_to_disease,proposed_dp_eps8_sparse_diverse,DP-CounterGAN eps=8,202,1.2319665459645055,1.2319724680742643,5.9221097588046945e-06,True
no_disease_to_disease,proposed_countergan,Non-DP CounterGAN,202,5.223911967552082,5.223918003520142,6.035968059592278e-06,True
disease_to_no_disease,genetic_cfe,Baseline,202,-0.4616802232029418,-0.4616752292709348,4.993932006980284e-06,True
disease_to_no_disease,proposed_dp_eps16_sparse_diverse,DP-CounterGAN eps=16,202,-1.9664771406512465,-1.9664723397069974,4.800944249039318e-06,True
disease_to_no_disease,proposed_dp_eps2_sparse_diverse,DP-CounterGAN eps=2,202,-13.602643472167037,-13.602641140720344,2.331446692593886e-06,True
disease_to_no_disease,proposed_dp_eps4_sparse_diverse,DP-CounterGAN eps=4,202,-1.0478579870921187,-1.0478531089071104,4.87818500838344e-06,True
disease_to_no_disease,proposed_dp_eps8_sparse_diverse,DP-CounterGAN eps=8,202,-7.711056251662079,-7.71105286474849,3.3869135886988033e-06,True
disease_to_no_disease,countergan_one_shot,Non-DP CounterGAN,202,-8.114613819335277,-8.114610132888727,3.6864465506880606e-06,True
no_disease_to_disease,genetic_cfe,Baseline,202,5.418854171764709,5.418860438295016,6.266530307108553e-06,True
no_disease_to_disease,proposed_dp_eps16_sparse_diverse,DP-CounterGAN eps=16,202,0.13795043046410616,0.13795526590254795,4.835438441791462e-06,True
no_disease_to_disease,proposed_dp_eps2_sparse_diverse,DP-CounterGAN eps=2,202,1.2054494583827697,1.2054553918541175,5.9334713478076395e-06,True
no_disease_to_disease,proposed_dp_eps4_sparse_diverse,DP-CounterGAN eps=4,202,1.6059842583840922,1.6059899598588545,5.701474762309644e-06,True
no_disease_to_disease,proposed_dp_eps8_sparse_diverse,DP-CounterGAN eps=8,202,0.5847760209244761,0.5847810689197068,5.047995230711422e-06,True
no_disease_to_disease,countergan_sparse_diverse_no_dp,Non-DP CounterGAN,202,11.199921796994559,11.199930137972753,8.34097819435442e-06,True
disease_to_no_disease,wachter_style,Baseline,202,-9.617268951483902,-9.617265914236574,3.0372473283080126e-06,True
disease_to_no_disease,proposed_dp_eps16_sparse_diverse,DP-CounterGAN eps=16,202,-0.8098484377532396,-0.8098436652155464,4.772537693154e-06,True
disease_to_no_disease,proposed_dp_eps2_sparse_diverse,DP-CounterGAN eps=2,202,-2.037879548731155,-2.037874253165372,5.29556578277024e-06,True
disease_to_no_disease,proposed_dp_eps4_sparse_diverse,DP-CounterGAN eps=4,202,-0.37673691258991493,-0.376731010074165,5.9025157499448255e-06,True
disease_to_no_disease,proposed_dp_eps8_sparse_diverse,DP-CounterGAN eps=8,202,-7.64601867158583,-7.646014274081006,4.397504824282805e-06,True
disease_to_no_disease,countergan_sparse_diverse_no_dp,Non-DP CounterGAN,202,-0.8954930943455457,-0.8954881145820776,4.97976346813811e-06,True
no_disease_to_disease,genetic_cfe,Baseline,202,4.814695001394133,4.814701093036188,6.091642054784074e-06,True
no_disease_to_disease,proposed_dp_eps16_sparse_diverse,DP-CounterGAN eps=16,202,1.8491234035237945,1.849128656349312,5.252825517443327e-06,True
no_disease_to_disease,proposed_dp_eps2_sparse_diverse,DP-CounterGAN eps=2,202,3.270561782825027,3.270567225387924,5.44256289725098e-06,True
no_disease_to_disease,proposed_dp_eps4_sparse_diverse,DP-CounterGAN eps=4,202,0.7630094293578118,0.7630146186460379,5.1892882261261875e-06,True
no_disease_to_disease,proposed_dp_eps8_sparse_diverse,DP-CounterGAN eps=8,202,0.1262939388092592,0.126298789716674,4.85090741478289e-06,True
no_disease_to_disease,countergan_one_shot,Non-DP CounterGAN,202,3.5298334969565985,3.529839138355605,5.641399006606207e-06,True
disease_to_no_disease,dice_gradient_style,Baseline,202,-10.915665874613705,-10.915663278697624,2.5959160812050186e-06,True
disease_to_no_disease,proposed_dp_eps16_sparse_diverse,DP-CounterGAN eps=16,202,-23.139237320975205,-23.139237402927808,8.195260292609419e-08,True
disease_to_no_disease,proposed_dp_eps2_sparse_diverse,DP-CounterGAN eps=2,202,-2.409233710913097,-2.409228703251774,5.00766132294217e-06,True
disease_to_no_disease,proposed_dp_eps4_sparse_diverse,DP-CounterGAN eps=4,202,-5.048928542577416,-5.048924424463173,4.118114243389925e-06,True
disease_to_no_disease,proposed_dp_eps8_sparse_diverse,DP-CounterGAN eps=8,202,-13.885072732893542,-13.885070289658145,2.4432353971093335e-06,True
disease_to_no_disease,countergan_sparse_diverse_no_dp,Non-DP CounterGAN,202,-11.505264426464079,-11.505261447959203,2.9785048756281185e-06,True
no_disease_to_disease,genetic_cfe,Baseline,202,8.259560193952897,8.259567263843847,7.069890950006652e-06,True
no_disease_to_disease,proposed_dp_eps16_sparse_diverse,DP-CounterGAN eps=16,202,2.712493964859357,2.7124996422211196,5.6773617624905626e-06,True
no_disease_to_disease,proposed_dp_eps2_sparse_diverse,DP-CounterGAN eps=2,202,0.5419901292071785,0.5419950415646748,4.912357496333897e-06,True
no_disease_to_disease,proposed_dp_eps4_sparse_diverse,DP-CounterGAN eps=4,202,0.8338450394713917,0.8338500319906496,4.9925192578959e-06,True
no_disease_to_disease,proposed_dp_eps8_sparse_diverse,DP-CounterGAN eps=8,202,4.375672238599197,4.37567909178813,6.853188932787191e-06,True
no_disease_to_disease,countergan_sparse_diverse_no_dp,Non-DP CounterGAN,202,5.09342948684786,5.09343624681871,6.759970849756769e-06,True
disease_to_no_disease,genetic_cfe,Baseline,202,-4.832724937533449,-4.832720238873883,4.698659566315655e-06,True
disease_to_no_disease,proposed_dp_eps16_sparse_diverse,DP-CounterGAN eps=16,202,-5.4834467849226876,-5.483442903649258,3.881273429762189e-06,True
disease_to_no_disease,proposed_dp_eps2_sparse_diverse,DP-CounterGAN eps=2,202,-31.19382061450459,-31.193822549083077,1.9345784849633674e-06,True
disease_to_no_disease,proposed_dp_eps4_sparse_diverse,DP-CounterGAN eps=4,202,-14.661117232972812,-14.66111505164519,2.1813276216420263e-06,True
disease_to_no_disease,proposed_dp_eps8_sparse_diverse,DP-CounterGAN eps=8,202,-13.090970060174637,-13.090967145156007,2.915018630034183e-06,True
disease_to_no_disease,countergan_sparse_diverse_no_dp,Non-DP CounterGAN,202,-4.436549737533803,-4.436545764187356,3.973346447416759e-06,True
no_disease_to_disease,genetic_cfe,Baseline,202,5.507945717234941,5.507952752934175,7.035699233881587e-06,True
no_disease_to_disease,proposed_dp_eps16_sparse_diverse,DP-CounterGAN eps=16,202,0.9772602727953057,0.9772652213101599,4.948514854219432e-06,True
no_disease_to_disease,proposed_dp_eps2_sparse_diverse,DP-CounterGAN eps=2,202,5.164664783029707,5.164670973844631,6.190814923812127e-06,True
no_disease_to_disease,proposed_dp_eps4_sparse_diverse,DP-CounterGAN eps=4,202,0.9779137572479364,0.9779187566511041,4.999403167671446e-06,True
no_disease_to_disease,proposed_dp_eps8_sparse_diverse,DP-CounterGAN eps=8,202,1.3664398923803258,1.366445334934337,5.442554011247935e-06,True
no_disease_to_disease,countergan_one_shot,Non-DP CounterGAN,202,9.586164897076657,9.586172493645249,7.596568591949904e-06,True
disease_to_no_disease,dice_gradient_style,Baseline,202,-1.2006966872157099,-1.2006908768882756,5.81032743429688e-06,True
disease_to_no_disease,proposed_dp_eps16_sparse_diverse,DP-CounterGAN eps=16,202,-11.436099980578401,-11.436097626110277,2.354468124465825e-06,True
disease_to_no_disease,proposed_dp_eps2_sparse_diverse,DP-CounterGAN eps=2,202,-3.7780254475160966,-3.778020936135375,4.5113807214391954e-06,True
disease_to_no_disease,proposed_dp_eps4_sparse_diverse,DP-CounterGAN eps=4,202,-6.021557010821562,-6.021553178708192,3.832113369739432e-06,True
disease_to_no_disease,proposed_dp_eps8_sparse_diverse,DP-CounterGAN eps=8,202,-2.552532581050883,-2.5525280572761515,4.523774731701735e-06,True
disease_to_no_disease,countergan_one_shot,Non-DP CounterGAN,202,-5.9638177095678335,-5.963813545173866,4.1643939674429475e-06,True
no_disease_to_disease,genetic_cfe,Baseline,202,1.523813731425225,1.523819730803806,5.999378581034165e-06,True
no_disease_to_disease,proposed_dp_eps16_sparse_diverse,DP-CounterGAN eps=16,202,0.5052884794929273,0.5052934257877786,4.946294851260191e-06,True
no_disease_to_disease,proposed_dp_eps2_sparse_diverse,DP-CounterGAN eps=2,202,2.889352252383624,2.8893579779375727,5.725553948732198e-06,True
no_disease_to_disease,proposed_dp_eps4_sparse_diverse,DP-CounterGAN eps=4,202,2.668275027088516,2.6682811035879284,6.076499412532854e-06,True
no_disease_to_disease,proposed_dp_eps8_sparse_diverse,DP-CounterGAN eps=8,202,3.4144807373742605,3.414486903670213,6.166295952514389e-06,True
no_disease_to_disease,countergan_sparse_diverse_no_dp,Non-DP CounterGAN,202,2.383838075936339,2.3838434076435666,5.331707227718141e-06,True
disease_to_no_disease,genetic_cfe,Baseline,202,-1.9141061745585137,-1.9141004480636612,5.726494852531516e-06,True
disease_to_no_disease,proposed_dp_eps16_sparse_diverse,DP-CounterGAN eps=16,202,-12.867104568453872,-12.867102162421006,2.406032866275609e-06,True
disease_to_no_disease,proposed_dp_eps2_sparse_diverse,DP-CounterGAN eps=2,202,-12.37016303454305,-12.37016064500545,2.389537600677727e-06,True
disease_to_no_disease,proposed_dp_eps4_sparse_diverse,DP-CounterGAN eps=4,202,-3.586581506856695,-3.586577184875714,4.321980981103479e-06,True
disease_to_no_disease,proposed_dp_eps8_sparse_diverse,DP-CounterGAN eps=8,202,-4.4300167708504965,-4.4300123952852735,4.375565223035949e-06,True
disease_to_no_disease,proposed_countergan,Non-DP CounterGAN,202,-3.230166225172008,-3.2301619318107826,4.293361225204961e-06,True
no_disease_to_disease,uniform_random,Baseline,202,15.85057964732341,15.850588987592994,9.340269583546501e-06,True
no_disease_to_disease,proposed_dp_eps16_sparse_diverse,DP-CounterGAN eps=16,202,10.79255535196712,10.792562842084623,7.4901175022290545e-06,True
no_disease_to_disease,proposed_dp_eps2_sparse_diverse,DP-CounterGAN eps=2,202,26.829704224090094,26.82971633469761,1.2110607517712424e-05,True
no_disease_to_disease,proposed_dp_eps4_sparse_diverse,DP-CounterGAN eps=4,202,1.316734283421356,1.3167396103923936,5.326971037611372e-06,True
no_disease_to_disease,proposed_dp_eps8_sparse_diverse,DP-CounterGAN eps=8,202,13.113515188247653,13.113522923198113,7.734950459692413e-06,True
no_disease_to_disease,countergan_one_shot,Non-DP CounterGAN,202,7.063881411594368,7.063888349546759,6.937952391261604e-06,True
disease_to_no_disease,uniform_random,Baseline,202,-0.7025996363291576,-0.702594605514189,5.030814968609576e-06,True
disease_to_no_disease,proposed_dp_eps16_sparse_diverse,DP-CounterGAN eps=16,202,-1.618958751704339,-1.618953860518722,4.891185616973104e-06,True
disease_to_no_disease,proposed_dp_eps2_sparse_diverse,DP-CounterGAN eps=2,202,-2.803883022337507,-2.803878579565163,4.442772343793422e-06,True
disease_to_no_disease,proposed_dp_eps4_sparse_diverse,DP-CounterGAN eps=4,202,-6.03745894093873,-6.037454770991044,4.1699476858170215e-06,True
disease_to_no_disease,proposed_dp_eps8_sparse_diverse,DP-CounterGAN eps=8,202,-3.244541918164317,-3.2445372832144916,4.634949825277346e-06,True
disease_to_no_disease,countergan_one_shot,Non-DP CounterGAN,202,-4.183261881740716,-4.183257801577994,4.080162721464831e-06,True
no_disease_to_disease,dice_gradient_style,Baseline,202,7.418218554346787,7.418225498993654,6.944646867346194e-06,True
no_disease_to_disease,proposed_dp_eps16_sparse_diverse,DP-CounterGAN eps=16,202,14.248224400545297,14.248233562019118,9.161473821350796e-06,True
no_disease_to_disease,proposed_dp_eps2_sparse_diverse,DP-CounterGAN eps=2,202,5.807479841246749,5.807485936061397,6.0948146476391685e-06,True
no_disease_to_disease,proposed_dp_eps4_sparse_diverse,DP-CounterGAN eps=4,202,16.42406865689955,16.424078607044855,9.950145305026581e-06,True
no_disease_to_disease,proposed_dp_eps8_sparse_diverse,DP-CounterGAN eps=8,202,4.250586309385254,4.250592903473969,6.59408871506173e-06,True
no_disease_to_disease,proposed_countergan,Non-DP CounterGAN,202,4.516227980457625,4.516233831929466,5.851471841289424e-06,True
disease_to_no_disease,genetic_cfe,Baseline,202,-6.450623284784433,-6.4506191565372895,4.128247143242447e-06,True
disease_to_no_disease,proposed_dp_eps16_sparse_diverse,DP-CounterGAN eps=16,202,-4.872864750646295,-4.872860081175701,4.66947059418743e-06,True
disease_to_no_disease,proposed_dp_eps2_sparse_diverse,DP-CounterGAN eps=2,202,-0.20449674655208572,-0.20449170177204407,5.044780041651986e-06,True
disease_to_no_disease,proposed_dp_eps4_sparse_diverse,DP-CounterGAN eps=4,202,-3.1876795436318925,-3.187675302868649,4.240763243679169e-06,True
disease_to_no_disease,proposed_dp_eps8_sparse_diverse,DP-CounterGAN eps=8,202,-0.9037092616135158,-0.9037042884516759,4.973161839894047e-06,True
disease_to_no_disease,countergan_one_shot,Non-DP CounterGAN,202,-8.713988781573503,-8.713985816447343,2.965126160603404e-06,True
no_disease_to_disease,genetic_cfe,Baseline,202,5.358650124180404,5.35865690370204,6.779521636524066e-06,True
no_disease_to_disease,proposed_dp_eps16_sparse_diverse,DP-CounterGAN eps=16,202,6.3858564676110525,6.385863110467628,6.642856575034273e-06,True
no_disease_to_disease,proposed_dp_eps2_sparse_diverse,DP-CounterGAN eps=2,202,2.5243997196421866,2.524405404722292,5.685080105344298e-06,True
no_disease_to_disease,proposed_dp_eps4_sparse_diverse,DP-CounterGAN eps=4,202,2.303500869994254,2.303506627672581,5.757678327000804e-06,True
no_disease_to_disease,proposed_dp_eps8_sparse_diverse,DP-CounterGAN eps=8,202,3.0036929193968565,3.0036984733915544,5.553994697926612e-06,True
no_disease_to_disease,proposed_countergan,Non-DP CounterGAN,202,8.2922757835873,8.292283137013968,7.353426667577878e-06,True
disease_to_no_disease,uniform_random,Baseline,202,-0.618177703124732,-0.618172944957494,4.758167237994826e-06,True
disease_to_no_disease,proposed_dp_eps16_sparse_diverse,DP-CounterGAN eps=16,202,-16.603863031051766,-16.60386176774572,1.2633060464395385e-06,True
disease_to_no_disease,proposed_dp_eps2_sparse_diverse,DP-CounterGAN eps=2,202,-5.987060449336814,-5.987056923335497,3.5260013167004445e-06,True
disease_to_no_disease,proposed_dp_eps4_sparse_diverse,DP-CounterGAN eps=4,202,-1.296585113515433,-1.2965804582318345,4.655283598387072e-06,True
disease_to_no_disease,proposed_dp_eps8_sparse_diverse,DP-CounterGAN eps=8,202,-9.165233369197082,-9.165230370153655,2.9990434278204248e-06,True
disease_to_no_disease,countergan_sparse_diverse_no_dp,Non-DP CounterGAN,202,-14.84781157796057,-14.84780910177131,2.476189260747219e-06,True
no_disease_to_disease,uniform_random,Baseline,202,1.326671966429947,1.3266775216002151,5.555170268234377e-06,True
no_disease_to_disease,proposed_dp_eps16_sparse_diverse,DP-CounterGAN eps=16,202,3.335541032808006,3.335547196221568,6.16341356174388e-06,True
no_disease_to_disease,proposed_dp_eps2_sparse_diverse,DP-CounterGAN eps=2,202,1.6916142606586781,1.6916193458725812,5.085213903077701e-06,True
no_disease_to_disease,proposed_dp_eps4_sparse_diverse,DP-CounterGAN eps=4,202,2.7217234647119657,2.721729240652277,5.775940311369965e-06,True
no_disease_to_disease,proposed_dp_eps8_sparse_diverse,DP-CounterGAN eps=8,202,10.669365227850719,10.669372844469079,7.616618360017924e-06,True
no_disease_to_disease,proposed_countergan,Non-DP CounterGAN,202,0.8456746752187527,0.8456796553233971,4.980104644336514e-06,True
disease_to_no_disease,genetic_cfe,Baseline,202,-0.4278342380513269,-0.4278283786932151,5.859358111814927e-06,True
disease_to_no_disease,proposed_dp_eps16_sparse_diverse,DP-CounterGAN eps=16,202,-18.80314423214083,-18.803142791889208,1.4402516228528839e-06,True
disease_to_no_disease,proposed_dp_eps2_sparse_diverse,DP-CounterGAN eps=2,202,-4.1696215801933825,-4.169617599369113,3.9808242693339935e-06,True
disease_to_no_disease,proposed_dp_eps4_sparse_diverse,DP-CounterGAN eps=4,202,-1.694675419686595,-1.694670200711678,5.218974916898489e-06,True
disease_to_no_disease,proposed_dp_eps8_sparse_diverse,DP-CounterGAN eps=8,202,-16.64528401786864,-16.64528238281196,1.6350566802714184e-06,True
disease_to_no_disease,proposed_countergan,Non-DP CounterGAN,202,-1.5054257489146057,-1.5054208257849528,4.923129652834035e-06,True
no_disease_to_disease,genetic_cfe,Baseline,202,0.25391971415227665,0.25392500384174044,5.289689463783276e-06,True
no_disease_to_disease,proposed_dp_eps16_sparse_diverse,DP-CounterGAN eps=16,202,2.5930663525185977,2.593071736102806,5.3835842082072816e-06,True
no_disease_to_disease,proposed_dp_eps2_sparse_diverse,DP-CounterGAN eps=2,202,5.7880156209309455,5.788022726819684,7.105888738756505e-06,True
no_disease_to_disease,proposed_dp_eps4_sparse_diverse,DP-CounterGAN eps=4,202,0.3629627409384355,0.3629675958984172,4.854959981703821e-06,True
no_disease_to_disease,proposed_dp_eps8_sparse_diverse,DP-CounterGAN eps=8,202,0.5634581473828959,0.5634631297114278,4.982328531855096e-06,True
no_disease_to_disease,countergan_sparse_diverse_no_dp,Non-DP CounterGAN,202,6.542102895397196,6.54210947823168,6.582834483737088e-06,True
disease_to_no_disease,uniform_random,Baseline,202,-13.55374793510203,-13.553746026618775,1.9084832540983143e-06,True
disease_to_no_disease,proposed_dp_eps16_sparse_diverse,DP-CounterGAN eps=16,202,-8.672458813057894,-8.672455804779464,3.0082784299167997e-06,True
disease_to_no_disease,proposed_dp_eps2_sparse_diverse,DP-CounterGAN eps=2,202,-2.4683858105944196,-2.468381333978505,4.476615914850157e-06,True
disease_to_no_disease,proposed_dp_eps4_sparse_diverse,DP-CounterGAN eps=4,202,-0.5469697481780749,-0.5469646955920522,5.052586022680217e-06,True
disease_to_no_disease,proposed_dp_eps8_sparse_diverse,DP-CounterGAN eps=8,202,-1.6516446688357735,-1.6516398393110017,4.829524771876592e-06,True
disease_to_no_disease,countergan_sparse_diverse_no_dp,Non-DP CounterGAN,202,-6.167355668022315,-6.16735203260698,3.635415334990455e-06,True
no_disease_to_disease,uniform_random,Baseline,202,1.8161620103079574,1.8161674239988765,5.413690919109371e-06,True
no_disease_to_disease,proposed_dp_eps16_sparse_diverse,DP-CounterGAN eps=16,202,7.348890972188396,7.348897396934852,6.4247464557354306e-06,True
no_disease_to_disease,proposed_dp_eps2_sparse_diverse,DP-CounterGAN eps=2,202,1.274024378823924,1.2740297469270523,5.36810312823377e-06,True
no_disease_to_disease,proposed_dp_eps4_sparse_diverse,DP-CounterGAN eps=4,202,2.9513999244128257,2.951406001163653,6.076750827421762e-06,True
no_disease_to_disease,proposed_dp_eps8_sparse_diverse,DP-CounterGAN eps=8,202,0.2082823027279499,0.20828776117650316,5.458448553263828e-06,True
no_disease_to_disease,proposed_countergan,Non-DP CounterGAN,202,11.868456243037222,11.86846446889673,8.225859508215194e-06,True
disease_to_no_disease,genetic_cfe,Baseline,202,-1.8909040847167216,-1.8908995831532691,4.501563452441459e-06,True
disease_to_no_disease,proposed_dp_eps16_sparse_diverse,DP-CounterGAN eps=16,202,-9.042367858903672,-9.042364186530746,3.6723729266441296e-06,True
disease_to_no_disease,proposed_dp_eps2_sparse_diverse,DP-CounterGAN eps=2,202,-18.128831379504746,-18.1288301536101,1.225894646239567e-06,True
disease_to_no_disease,proposed_dp_eps4_sparse_diverse,DP-CounterGAN eps=4,202,-5.115296156043847,-5.115292482443206,3.6736006414628264e-06,True
disease_to_no_disease,proposed_dp_eps8_sparse_diverse,DP-CounterGAN eps=8,202,-9.242420836265024,-9.242417892618557,2.943646467912231e-06,True
disease_to_no_disease,countergan_sparse_diverse_no_dp,Non-DP CounterGAN,202,-5.651598010040819,-5.651594190286027,3.819754791578589e-06,True
no_disease_to_disease,genetic_cfe,Baseline,202,11.45099302313237,11.451001223062722,8.19993035250377e-06,True
no_disease_to_disease,proposed_dp_eps16_sparse_diverse,DP-CounterGAN eps=16,202,10.730119080416863,10.730127732727265,8.652310402368357e-06,True
no_disease_to_disease,proposed_dp_eps2_sparse_diverse,DP-CounterGAN eps=2,202,6.129555720887785,6.129563134711468,7.413823682966836e-06,True
no_disease_to_disease,proposed_dp_eps4_sparse_diverse,DP-CounterGAN eps=4,202,0.42203793954260505,0.42204314266981224,5.203127207198399e-06,True
no_disease_to_disease,proposed_dp_eps8_sparse_diverse,DP-CounterGAN eps=8,202,1.3393942093170992,1.339399895418828,5.6861017287968e-06,True
no_disease_to_disease,proposed_countergan,Non-DP CounterGAN,202,9.997694531939572,9.997702819961436,8.288021863478434e-06,True
disease_to_no_disease,genetic_cfe,Baseline,202,-1.0082614144862525,-1.0082563357684309,5.0787178216271656e-06,True
disease_to_no_disease,proposed_dp_eps16_sparse_diverse,DP-CounterGAN eps=16,202,-1.1907655284959429,-1.190761007792559,4.520703383859015e-06,True
disease_to_no_disease,proposed_dp_eps2_sparse_diverse,DP-CounterGAN eps=2,202,-6.97650347801594,-6.976499795388111,3.6826278284607383e-06,True
disease_to_no_disease,proposed_dp_eps4_sparse_diverse,DP-CounterGAN eps=4,202,-5.995497200744292,-5.995493001971208,4.198773083885499e-06,True
disease_to_no_disease,proposed_dp_eps8_sparse_diverse,DP-CounterGAN eps=8,202,-14.766779618732754,-14.766777774752997,1.8439797564440141e-06,True
disease_to_no_disease,countergan_one_shot,Non-DP CounterGAN,202,-5.260874905115574,-5.2608709897739985,3.9153415754000775e-06,True
no_disease_to_disease,genetic_cfe,Baseline,202,7.016026639466691,7.016033353082339,6.713615647413462e-06,True
no_disease_to_disease,proposed_dp_eps16_sparse_diverse,DP-CounterGAN eps=16,202,0.3949987941138886,0.3950041302882216,5.33617433301492e-06,True
no_disease_to_disease,proposed_dp_eps2_sparse_diverse,DP-CounterGAN eps=2,202,18.12274655102651,18.122756605239427,1.0054212918220173e-05,True
no_disease_to_disease,proposed_dp_eps4_sparse_diverse,DP-CounterGAN eps=4,202,2.730847262341374,2.730853405235231,6.14289385669764e-06,True
no_disease_to_disease,proposed_dp_eps8_sparse_diverse,DP-CounterGAN eps=8,202,2.639078180646351,2.639083614179157,5.433532806353725e-06,True
no_disease_to_disease,proposed_countergan,Non-DP CounterGAN,202,5.340746714437119,5.3407527972578235,6.082820704911285e-06,True
disease_to_no_disease,uniform_random,Baseline,202,-0.957519887139,-0.9575146170956854,5.270043314631323e-06,True
disease_to_no_disease,proposed_dp_eps16_sparse_diverse,DP-CounterGAN eps=16,202,-14.314070077146688,-14.314067736969054,2.340177633897156e-06,True
disease_to_no_disease,proposed_dp_eps2_sparse_diverse,DP-CounterGAN eps=2,202,-1.5506577195451499,-1.5506523197550455,5.399790104387847e-06,True
disease_to_no_disease,proposed_dp_eps4_sparse_diverse,DP-CounterGAN eps=4,202,-9.550724186583345,-9.55072137055182,2.8160315252989676e-06,True
disease_to_no_disease,proposed_dp_eps8_sparse_diverse,DP-CounterGAN eps=8,202,-5.8532836902142265,-5.853279355216999,4.334997227850579e-06,True
disease_to_no_disease,countergan_one_shot,Non-DP CounterGAN,202,-5.342006220916258,-5.3420023316251095,3.889291148695406e-06,True
no_disease_to_disease,genetic_cfe,Baseline,202,4.253881969334504,4.253887868535071,5.899200567149876e-06,True
no_disease_to_disease,proposed_dp_eps16_sparse_diverse,DP-CounterGAN eps=16,202,42.759615892535166,42.759632601980506,1.6709445340268303e-05,True
no_disease_to_disease,proposed_dp_eps2_sparse_diverse,DP-CounterGAN eps=2,202,13.928489122425852,13.928497061973955,7.939548103408356e-06,True
no_disease_to_disease,proposed_dp_eps4_sparse_diverse,DP-CounterGAN eps=4,202,0.3124793013772127,0.3124841536569857,4.852279772982193e-06,True
no_disease_to_disease,proposed_dp_eps8_sparse_diverse,DP-CounterGAN eps=8,202,3.706254375494254,3.7062602986626683,5.9231684144123165e-06,True
no_disease_to_disease,countergan_one_shot,Non-DP CounterGAN,202,3.7420775630517937,3.7420832546672935,5.691615499792135e-06,True
disease_to_no_disease,uniform_random,Baseline,202,-2.5678970810038013,-2.567892313714956,4.767288845464179e-06,True
disease_to_no_disease,proposed_dp_eps16_sparse_diverse,DP-CounterGAN eps=16,202,-3.3229954381420352,-3.322990673565996,4.764576039040236e-06,True
disease_to_no_disease,proposed_dp_eps2_sparse_diverse,DP-CounterGAN eps=2,202,-16.4045484066432,-16.40454712082429,1.285818910901071e-06,True
disease_to_no_disease,proposed_dp_eps4_sparse_diverse,DP-CounterGAN eps=4,202,-8.385220623792188,-8.385217380750568,3.2430416201378875e-06,True
disease_to_no_disease,proposed_dp_eps8_sparse_diverse,DP-CounterGAN eps=8,202,-2.705909544922438,-2.705905332019918,4.212902520173145e-06,True
disease_to_no_disease,proposed_countergan,Non-DP CounterGAN,202,-0.5406290017843327,-0.5406231253533571,5.876430975604308e-06,True
no_disease_to_disease,genetic_cfe,Baseline,202,15.419881436246534,15.419891058406767,9.62216023303597e-06,True
no_disease_to_disease,proposed_dp_eps16_sparse_diverse,DP-CounterGAN eps=16,202,1.0353023446485174,1.0353073527800851,5.008131567674212e-06,True
no_disease_to_disease,proposed_dp_eps2_sparse_diverse,DP-CounterGAN eps=2,202,11.544586340938373,11.544595036965108,8.69602673425618e-06,True
no_disease_to_disease,proposed_dp_eps4_sparse_diverse,DP-CounterGAN eps=4,202,40.1659137486041,40.165930072555184,1.632395108686069e-05,True
no_disease_to_disease,proposed_dp_eps8_sparse_diverse,DP-CounterGAN eps=8,202,0.49026268538904816,0.4902683879376547,5.702548606545399e-06,True
no_disease_to_disease,countergan_sparse_diverse_no_dp,Non-DP CounterGAN,202,5.983809211616327,5.983816038579607,6.826963280026632e-06,True
disease_to_no_disease,genetic_cfe,Baseline,202,-15.096415006792805,-15.096413180728184,1.8260646204026898e-06,True
disease_to_no_disease,proposed_dp_eps16_sparse_diverse,DP-CounterGAN eps=16,202,-2.472458327125036,-2.4724539901016955,4.337023340461599e-06,True
disease_to_no_disease,proposed_dp_eps2_sparse_diverse,DP-CounterGAN eps=2,202,-5.075778823919144,-5.075775167900199,3.656018945363826e-06,True
disease_to_no_disease,proposed_dp_eps4_sparse_diverse,DP-CounterGAN eps=4,202,-2.2957071521323096,-2.2957019457256735,5.206406636037997e-06,True
disease_to_no_disease,proposed_dp_eps8_sparse_diverse,DP-CounterGAN eps=8,202,-1.9663916238446069,-1.9663868265153632,4.797329243633186e-06,True
disease_to_no_disease,countergan_sparse_diverse_no_dp,Non-DP CounterGAN,202,-1.8089882352196964,-1.8089836761612381,4.55905845830884e-06,True
no_disease_to_disease,genetic_cfe,Baseline,202,2.658308365529919,2.658314096793487,5.7312635677320145e-06,True
no_disease_to_disease,proposed_dp_eps16_sparse_diverse,DP-CounterGAN eps=16,202,2.170956988230909,2.170962610789225,5.622558315820925e-06,True
no_disease_to_disease,proposed_dp_eps2_sparse_diverse,DP-CounterGAN eps=2,202,6.976034061127908,6.976040552503116,6.491375208028671e-06,True
no_disease_to_disease,proposed_dp_eps4_sparse_diverse,DP-CounterGAN eps=4,202,11.156768881456244,11.156776677884563,7.79642831894023e-06,True
no_disease_to_disease,proposed_dp_eps8_sparse_diverse,DP-CounterGAN eps=8,202,2.815752824487964,2.815758153775747,5.329287783073511e-06,True
no_disease_to_disease,countergan_sparse_diverse_no_dp,Non-DP CounterGAN,202,3.9017428555984726,3.901748523720356,5.668121883406485e-06,True
disease_to_no_disease,uniform_random,Baseline,202,-2.200713095419669,-2.2007086308473505,4.46457231850772e-06,True
disease_to_no_disease,proposed_dp_eps16_sparse_diverse,DP-CounterGAN eps=16,202,-23.15429566535957,-23.154295752453184,8.709361409842131e-08,True
disease_to_no_disease,proposed_dp_eps2_sparse_diverse,DP-CounterGAN eps=2,202,-0.9300044509723104,-0.9299993921919046,5.058780405797769e-06,True
disease_to_no_disease,proposed_dp_eps4_sparse_diverse,DP-CounterGAN eps=4,202,-1.2158196156901244,-1.2158147875794505,4.828110673926744e-06,True
disease_to_no_disease,proposed_dp_eps8_sparse_diverse,DP-CounterGAN eps=8,202,-1.1656925540849024,-1.1656878592621611,4.694822741235782e-06,True
disease_to_no_disease,countergan_one_shot,Non-DP CounterGAN,202,-2.4148585557152904,-2.4148539096120074,4.64610328299031e-06,True
no_disease_to_disease,genetic_cfe,Baseline,202,9.340987964068653,9.340995465730074,7.501661421827066e-06,True
no_disease_to_disease,proposed_dp_eps16_sparse_diverse,DP-CounterGAN eps=16,202,0.6581977014927034,0.658202668484633,4.966991929644671e-06,True
no_disease_to_disease,proposed_dp_eps2_sparse_diverse,DP-CounterGAN eps=2,202,4.228043296770956,4.228048989203211,5.692432255344215e-06,True
no_disease_to_disease,proposed_dp_eps4_sparse_diverse,DP-CounterGAN eps=4,202,0.2446690249103156,0.24467387148425312,4.8465739375114225e-06,True
no_disease_to_disease,proposed_dp_eps8_sparse_diverse,DP-CounterGAN eps=8,202,7.618680135640718,7.618686717463934,6.581823216222915e-06,True
no_disease_to_disease,countergan_one_shot,Non-DP CounterGAN,202,10.604480563807506,10.604488774299671,8.210492165261485e-06,True
disease_to_no_disease,wachter_style,Baseline,202,-10.233033820159928,-10.23303079323609,3.0269238386892994e-06,True
disease_to_no_disease,proposed_dp_eps16_sparse_diverse,DP-CounterGAN eps=16,202,-5.691420837651785,-5.691416913986341,3.923665444105495e-06,True
disease_to_no_disease,proposed_dp_eps2_sparse_diverse,DP-CounterGAN eps=2,202,-10.233820853502598,-10.233817998536102,2.8549664961019516e-06,True
disease_to_no_disease,proposed_dp_eps4_sparse_diverse,DP-CounterGAN eps=4,202,-0.9708913267715076,-0.9708867254367312,4.601334776421773e-06,True
disease_to_no_disease,proposed_dp_eps8_sparse_diverse,DP-CounterGAN eps=8,202,-35.04719161099989,-35.04719438304842,2.7720485320514854e-06,True
disease_to_no_disease,countergan_sparse_diverse_no_dp,Non-DP CounterGAN,202,-12.270341139314933,-12.27033821171461,2.9276003239431247e-06,True
no_disease_to_disease,genetic_cfe,Baseline,202,6.115523436579734,6.115530225388785,6.788809050917166e-06,True
no_disease_to_disease,proposed_dp_eps16_sparse_diverse,DP-CounterGAN eps=16,202,0.9789802758206534,0.9789857634873216,5.487666668191338e-06,True
no_disease_to_disease,proposed_dp_eps2_sparse_diverse,DP-CounterGAN eps=2,202,1.431516234609317,1.431522146680582,5.912071264990715e-06,True
no_disease_to_disease,proposed_dp_eps4_sparse_diverse,DP-CounterGAN eps=4,202,2.591252035804459,2.5912580859116723,6.050107213440015e-06,True
no_disease_to_disease,proposed_dp_eps8_sparse_diverse,DP-CounterGAN eps=8,202,3.222309577250819,3.2223157404321334,6.163181314633448e-06,True
no_disease_to_disease,countergan_one_shot,Non-DP CounterGAN,202,11.625893801781544,11.625902676649776,8.874868232311428e-06,True
disease_to_no_disease,uniform_random,Baseline,202,-8.502152220435768,-8.502149141762317,3.0786734512844305e-06,True
disease_to_no_disease,proposed_dp_eps16_sparse_diverse,DP-CounterGAN eps=16,202,-0.1445930934417099,-0.14458793804508266,5.1553966272377405e-06,True
disease_to_no_disease,proposed_dp_eps2_sparse_diverse,DP-CounterGAN eps=2,202,-1.8205893811276521,-1.8205847434386397,4.637689012376711e-06,True
disease_to_no_disease,proposed_dp_eps4_sparse_diverse,DP-CounterGAN eps=4,202,-15.05254647785889,-15.05254471854039,1.7593185006603562e-06,True
disease_to_no_disease,proposed_dp_eps8_sparse_diverse,DP-CounterGAN eps=8,202,-36.045502025951706,-36.04550423309527,2.2071435665793615e-06,True
disease_to_no_disease,countergan_one_shot,Non-DP CounterGAN,202,-4.4635989989936835,-4.463595084327231,3.914666452331517e-06,True
no_disease_to_disease,uniform_random,Baseline,202,1.904609473161429,1.9046149483823267,5.475220897777078e-06,True
no_disease_to_disease,proposed_dp_eps16_sparse_diverse,DP-CounterGAN eps=16,202,1.0884911191343214,1.0884966815902393,5.562455917873521e-06,True
no_disease_to_disease,proposed_dp_eps2_sparse_diverse,DP-CounterGAN eps=2,202,2.353527358391368,2.3535330494474493,5.691056081502666e-06,True
no_disease_to_disease,proposed_dp_eps4_sparse_diverse,DP-CounterGAN eps=4,202,12.804078797646817,12.804087307143847,8.509497030573243e-06,True
no_disease_to_disease,proposed_dp_eps8_sparse_diverse,DP-CounterGAN eps=8,202,1.250709704789152,1.2507147110979069,5.006308754884614e-06,True
no_disease_to_disease,countergan_one_shot,Non-DP CounterGAN,202,2.931815033604213,2.9318205578792247,5.5242750116590855e-06,True
disease_to_no_disease,uniform_random,Baseline,202,-2.261254506948336,-2.2612497202700252,4.78667831060875e-06,True
disease_to_no_disease,proposed_dp_eps16_sparse_diverse,DP-CounterGAN eps=16,202,-1.8965666730673227,-1.8965616798042482,4.9932630745708195e-06,True
disease_to_no_disease,proposed_dp_eps2_sparse_diverse,DP-CounterGAN eps=2,202,-10.713335980736451,-10.71333354806159,2.4326748615521865e-06,True
disease_to_no_disease,proposed_dp_eps4_sparse_diverse,DP-CounterGAN eps=4,202,-5.796841981972331,-5.796837769759914,4.212212417087358e-06,True
disease_to_no_disease,proposed_dp_eps8_sparse_diverse,DP-CounterGAN eps=8,202,-1.4515373704744299,-1.4515327743916921,4.596082737728935e-06,True
disease_to_no_disease,countergan_one_shot,Non-DP CounterGAN,202,-3.2595720439777986,-3.2595677552745133,4.288703285393325e-06,True
no_disease_to_disease,genetic_cfe,Baseline,202,1.751383457202829,1.751388973556151,5.516353321910472e-06,True
no_disease_to_disease,proposed_dp_eps16_sparse_diverse,DP-CounterGAN eps=16,202,7.354693438297737,7.354700802298663,7.364000926379788e-06,True
no_disease_to_disease,proposed_dp_eps2_sparse_diverse,DP-CounterGAN eps=2,202,25.25055663551668,25.250568786821415,1.2151304733976076e-05,True
no_disease_to_disease,proposed_dp_eps4_sparse_diverse,DP-CounterGAN eps=4,202,1.107262390962859,1.1072685191524836,6.128189624643454e-06,True
no_disease_to_disease,proposed_dp_eps8_sparse_diverse,DP-CounterGAN eps=8,202,2.7353642502575415,2.7353704276351203,6.17737757879766e-06,True
no_disease_to_disease,countergan_one_shot,Non-DP CounterGAN,202,7.6808949272589295,7.680902264882248,7.337623318726116e-06,True
disease_to_no_disease,uniform_random,Baseline,202,-7.786586284566356,-7.786582645412156,3.6391542002078836e-06,True
disease_to_no_disease,proposed_dp_eps16_sparse_diverse,DP-CounterGAN eps=16,202,-1.554165903825206,-1.5541606226084765,5.281216729491334e-06,True
disease_to_no_disease,proposed_dp_eps2_sparse_diverse,DP-CounterGAN eps=2,202,-10.307797342761056,-10.307794385832215,2.9569288404474037e-06,True
disease_to_no_disease,proposed_dp_eps4_sparse_diverse,DP-CounterGAN eps=4,202,-4.685272609832061,-4.685268389573353,4.2202587078321585e-06,True
disease_to_no_disease,proposed_dp_eps8_sparse_diverse,DP-CounterGAN eps=8,202,-0.28427756058977405,-0.2842727754020291,4.785187744937858e-06,True
disease_to_no_disease,proposed_countergan,Non-DP CounterGAN,202,-5.860119756841552,-5.860115801645007,3.955196545391004e-06,True
no_disease_to_disease,genetic_cfe,Baseline,202,15.294771013279266,15.29477960944932,8.596170053110086e-06,True
no_disease_to_disease,proposed_dp_eps16_sparse_diverse,DP-CounterGAN eps=16,202,24.662037735638407,24.66204926353374,1.1527895331653326e-05,True
disease_to_no_disease,uniform_random,Baseline,303,-10.127386639960509,-10.127383709502787,2.9304577218169925e-06,True
disease_to_no_disease,proposed_dp_eps16_sparse_diverse,DP-CounterGAN eps=16,303,-0.7256219573088476,-0.725616806893301,5.150415546606446e-06,True
disease_to_no_disease,proposed_dp_eps2_sparse_diverse,DP-CounterGAN eps=2,303,-12.841133528633762,-12.841131189348232,2.3392855297288406e-06,True
disease_to_no_disease,proposed_dp_eps4_sparse_diverse,DP-CounterGAN eps=4,303,-9.413892584430897,-9.413889430056283,3.154374613956179e-06,True
disease_to_no_disease,proposed_dp_eps8_sparse_diverse,DP-CounterGAN eps=8,303,-8.1865211595526,-8.186517723916886,3.4356357136999804e-06,True
disease_to_no_disease,countergan_sparse_diverse_no_dp,Non-DP CounterGAN,303,-0.7095070039417788,-0.7095013302021048,5.673739673972555e-06,True
no_disease_to_disease,uniform_random,Baseline,303,0.2647500161933891,0.26475547379595976,5.457602570646536e-06,True
no_disease_to_disease,proposed_dp_eps16_sparse_diverse,DP-CounterGAN eps=16,303,25.887771912038332,25.887784099781133,1.218774280076218e-05,True
no_disease_to_disease,proposed_dp_eps2_sparse_diverse,DP-CounterGAN eps=2,303,2.369799133085982,2.3698045747275858,5.44164160398708e-06,True
no_disease_to_disease,proposed_dp_eps4_sparse_diverse,DP-CounterGAN eps=4,303,0.39744161066717254,0.39744721830958035,5.607642407812197e-06,True
no_disease_to_disease,proposed_dp_eps8_sparse_diverse,DP-CounterGAN eps=8,303,0.5154347454610839,0.5154402185977719,5.473136687972335e-06,True
no_disease_to_disease,proposed_countergan,Non-DP CounterGAN,303,11.571872268883276,11.571880842252934,8.573369658648744e-06,True
disease_to_no_disease,uniform_random,Baseline,303,-2.3135973303478643,-2.313591531162238,5.799185626376158e-06,True
disease_to_no_disease,proposed_dp_eps16_sparse_diverse,DP-CounterGAN eps=16,303,-22.30802136469291,-22.308020109323547,1.255369362240799e-06,True
disease_to_no_disease,proposed_dp_eps2_sparse_diverse,DP-CounterGAN eps=2,303,-0.700879396395532,-0.7008747965660196,4.5998295123972355e-06,True
disease_to_no_disease,proposed_dp_eps4_sparse_diverse,DP-CounterGAN eps=4,303,-2.638663468483152,-2.638658817855864,4.650627288160791e-06,True
disease_to_no_disease,proposed_dp_eps8_sparse_diverse,DP-CounterGAN eps=8,303,-6.640104124682135,-6.6401004276211015,3.6970610333142417e-06,True
disease_to_no_disease,proposed_countergan,Non-DP CounterGAN,303,-8.521381976932187,-8.521379058168808,2.9187633785454636e-06,True
no_disease_to_disease,uniform_random,Baseline,303,2.8800844205629943,2.8800902222785827,5.801715588393819e-06,True
no_disease_to_disease,proposed_dp_eps16_sparse_diverse,DP-CounterGAN eps=16,303,5.253170178067824,5.253176717416323,6.53934849825788e-06,True
no_disease_to_disease,proposed_dp_eps2_sparse_diverse,DP-CounterGAN eps=2,303,19.072538414699565,19.072548387122392,9.972422827075889e-06,True
no_disease_to_disease,proposed_dp_eps4_sparse_diverse,DP-CounterGAN eps=4,303,0.3567124692864674,0.35671733870439454,4.869417927155784e-06,True
no_disease_to_disease,proposed_dp_eps8_sparse_diverse,DP-CounterGAN eps=8,303,1.6402558473737656,1.640261644453042,5.797079276392836e-06,True
no_disease_to_disease,countergan_sparse_diverse_no_dp,Non-DP CounterGAN,303,1.2459462574661906,1.2459515730521233,5.315585932752498e-06,True
disease_to_no_disease,dice_gradient_style,Baseline,303,-12.095995226372247,-12.095992273983859,2.952388388877125e-06,True
disease_to_no_disease,proposed_dp_eps16_sparse_diverse,DP-CounterGAN eps=16,303,-1.435357395432539,-1.4353520594909794,5.335941559492241e-06,True
disease_to_no_disease,proposed_dp_eps2_sparse_diverse,DP-CounterGAN eps=2,303,-27.445867897796482,-27.44586902505448,1.127257998945197e-06,True
disease_to_no_disease,proposed_dp_eps4_sparse_diverse,DP-CounterGAN eps=4,303,-2.686815173184563,-2.686810038657542,5.134527020889124e-06,True
disease_to_no_disease,proposed_dp_eps8_sparse_diverse,DP-CounterGAN eps=8,303,-17.775550116302746,-17.775549013077395,1.1032253510734336e-06,True
disease_to_no_disease,proposed_countergan,Non-DP CounterGAN,303,-2.0090437882970074,-2.0090382979989667,5.490298040644603e-06,True
no_disease_to_disease,uniform_random,Baseline,303,2.9434846432329707,2.943490287701681,5.644468710208628e-06,True
no_disease_to_disease,proposed_dp_eps16_sparse_diverse,DP-CounterGAN eps=16,303,8.828555938510366,8.828563965651833,8.027141467081833e-06,True
no_disease_to_disease,proposed_dp_eps2_sparse_diverse,DP-CounterGAN eps=2,303,1.9564278720906376,1.95643305496799,5.182877352405413e-06,True
no_disease_to_disease,proposed_dp_eps4_sparse_diverse,DP-CounterGAN eps=4,303,8.399892464945964,8.399899118308547,6.653362582653699e-06,True
no_disease_to_disease,proposed_dp_eps8_sparse_diverse,DP-CounterGAN eps=8,303,25.732598110980646,25.73261009122112,1.1980240472553305e-05,True
no_disease_to_disease,countergan_sparse_diverse_no_dp,Non-DP CounterGAN,303,0.8232718488406725,0.8232769124628578,5.06362218533063e-06,True
disease_to_no_disease,uniform_random,Baseline,303,-5.210291033028163,-5.210286687245766,4.345782397052744e-06,True
disease_to_no_disease,proposed_dp_eps16_sparse_diverse,DP-CounterGAN eps=16,303,-8.722468647242323,-8.72246540137905,3.245863272383076e-06,True
disease_to_no_disease,proposed_dp_eps2_sparse_diverse,DP-CounterGAN eps=2,303,-2.1865368634011393,-2.1865323027287706,4.560672368647545e-06,True
disease_to_no_disease,proposed_dp_eps4_sparse_diverse,DP-CounterGAN eps=4,303,-3.0657981041177873,-3.065793651157731,4.452960056244848e-06,True
disease_to_no_disease,proposed_dp_eps8_sparse_diverse,DP-CounterGAN eps=8,303,-1.658009581904894,-1.6580045132161407,5.068688753162576e-06,True
disease_to_no_disease,countergan_sparse_diverse_no_dp,Non-DP CounterGAN,303,-30.296920701347123,-30.296921749300058,1.0479529350959638e-06,True
no_disease_to_disease,uniform_random,Baseline,303,1.326671966429947,1.3266775164469766,5.550017029731791e-06,True
no_disease_to_disease,proposed_dp_eps16_sparse_diverse,DP-CounterGAN eps=16,303,20.267260144709745,20.267270789696973,1.0644987227692582e-05,True
no_disease_to_disease,proposed_dp_eps2_sparse_diverse,DP-CounterGAN eps=2,303,17.03178892608876,17.03179777403312,8.847944361178861e-06,True
no_disease_to_disease,proposed_dp_eps4_sparse_diverse,DP-CounterGAN eps=4,303,0.6091147403196082,0.6091199519438156,5.211624207412946e-06,True
no_disease_to_disease,proposed_dp_eps8_sparse_diverse,DP-CounterGAN eps=8,303,2.405076364997729,2.405081959776024,5.59477829487065e-06,True
no_disease_to_disease,countergan_sparse_diverse_no_dp,Non-DP CounterGAN,303,2.395441981843387,2.395448038054525,6.056211137916989e-06,True
disease_to_no_disease,uniform_random,Baseline,303,-2.236723690876871,-2.236718752119055,4.9387578160420276e-06,True
disease_to_no_disease,proposed_dp_eps16_sparse_diverse,DP-CounterGAN eps=16,303,-2.3434839651388444,-2.343478866602862,5.09853598229526e-06,True
disease_to_no_disease,proposed_dp_eps2_sparse_diverse,DP-CounterGAN eps=2,303,-0.23364157293946164,-0.23363595244170524,5.6204977564033864e-06,True
disease_to_no_disease,proposed_dp_eps4_sparse_diverse,DP-CounterGAN eps=4,303,-4.523531566548211,-4.5235276099498245,3.956598386700705e-06,True
disease_to_no_disease,proposed_dp_eps8_sparse_diverse,DP-CounterGAN eps=8,303,-6.723198797507784,-6.7231952666077754,3.53090000881906e-06,True
disease_to_no_disease,countergan_sparse_diverse_no_dp,Non-DP CounterGAN,303,-0.21079547600150583,-0.21079058213087884,4.89387062699298e-06,True
no_disease_to_disease,uniform_random,Baseline,303,0.5907379052752582,0.5907435578082568,5.6525329986678585e-06,True
no_disease_to_disease,proposed_dp_eps16_sparse_diverse,DP-CounterGAN eps=16,303,3.1565338971726344,3.1565395398625697,5.64268993530348e-06,True
no_disease_to_disease,proposed_dp_eps2_sparse_diverse,DP-CounterGAN eps=2,303,1.4564430278083087,1.4564484679449758,5.440136667145268e-06,True
no_disease_to_disease,proposed_dp_eps4_sparse_diverse,DP-CounterGAN eps=4,303,1.4824455667354997,1.4824511608232482,5.594087748583831e-06,True
no_disease_to_disease,proposed_dp_eps8_sparse_diverse,DP-CounterGAN eps=8,303,12.310795801554018,12.310803683139822,7.881585803559688e-06,True
no_disease_to_disease,countergan_one_shot,Non-DP CounterGAN,303,6.566962223283719,6.566969048965973,6.82568225407465e-06,True
disease_to_no_disease,uniform_random,Baseline,303,-2.2841451921452904,-2.2841406689500663,4.5231952241486795e-06,True
disease_to_no_disease,proposed_dp_eps16_sparse_diverse,DP-CounterGAN eps=16,303,-0.4081695201500919,-0.40816477721003586,4.742940056035039e-06,True
disease_to_no_disease,proposed_dp_eps2_sparse_diverse,DP-CounterGAN eps=2,303,-6.642884352658876,-6.642880678804941,3.6738539348490917e-06,True
disease_to_no_disease,proposed_dp_eps4_sparse_diverse,DP-CounterGAN eps=4,303,-16.5573698324578,-16.557368502793356,1.329664442550893e-06,True
disease_to_no_disease,proposed_dp_eps8_sparse_diverse,DP-CounterGAN eps=8,303,-3.445840034554024,-3.4458358321771314,4.202376892692428e-06,True
disease_to_no_disease,proposed_countergan,Non-DP CounterGAN,303,-2.516388589397077,-2.516383022770871,5.566626206210401e-06,True
no_disease_to_disease,genetic_cfe,Baseline,303,3.640089666217028,3.6400959675858524,6.301368824512821e-06,True
no_disease_to_disease,proposed_dp_eps16_sparse_diverse,DP-CounterGAN eps=16,303,14.567923366332035,14.567932498513356,9.132181320481436e-06,True
no_disease_to_disease,proposed_dp_eps2_sparse_diverse,DP-CounterGAN eps=2,303,1.9417255136895797,1.9417313520448223,5.838355242593352e-06,True
no_disease_to_disease,proposed_dp_eps4_sparse_diverse,DP-CounterGAN eps=4,303,1.4050707094008423,1.4050763396941888,5.630293346436943e-06,True
no_disease_to_disease,proposed_dp_eps8_sparse_diverse,DP-CounterGAN eps=8,303,4.736890586294347,4.736896800486912,6.214192564968357e-06,True
no_disease_to_disease,proposed_countergan,Non-DP CounterGAN,303,6.362250671187976,6.362257073461837,6.402273861283447e-06,True
disease_to_no_disease,genetic_cfe,Baseline,303,-8.879731924947112,-8.879728986031324,2.938915788064378e-06,True
disease_to_no_disease,proposed_dp_eps16_sparse_diverse,DP-CounterGAN eps=16,303,-8.694480686487182,-8.694477667059788,3.019427394335139e-06,True
disease_to_no_disease,proposed_dp_eps2_sparse_diverse,DP-CounterGAN eps=2,303,-1.0753846483832339,-1.0753792755723433,5.372810890635904e-06,True
disease_to_no_disease,proposed_dp_eps4_sparse_diverse,DP-CounterGAN eps=4,303,-14.027681842333077,-14.027679768808783,2.0735242944880383e-06,True
disease_to_no_disease,proposed_dp_eps8_sparse_diverse,DP-CounterGAN eps=8,303,-9.48563502612798,-9.485631695426314,3.330701666470759e-06,True
disease_to_no_disease,proposed_countergan,Non-DP CounterGAN,303,-17.237896861938832,-17.23789566300257,1.1989362640463241e-06,True
no_disease_to_disease,genetic_cfe,Baseline,303,6.898822320229755,6.898829285067576,6.964837821143988e-06,True
no_disease_to_disease,proposed_dp_eps16_sparse_diverse,DP-CounterGAN eps=16,303,2.7071799932804588,2.7071859381491343,5.944868675555881e-06,True
no_disease_to_disease,proposed_dp_eps2_sparse_diverse,DP-CounterGAN eps=2,303,1.8169177151649016,1.816922894914169,5.179749267281153e-06,True
no_disease_to_disease,proposed_dp_eps4_sparse_diverse,DP-CounterGAN eps=4,303,1.554001258776161,1.5540067078459852,5.449069824248198e-06,True
no_disease_to_disease,proposed_dp_eps8_sparse_diverse,DP-CounterGAN eps=8,303,4.657400397070905,4.657406986016929,6.588946024344011e-06,True
no_disease_to_disease,countergan_one_shot,Non-DP CounterGAN,303,6.546066527028298,6.546072989734169,6.462705870902141e-06,True
disease_to_no_disease,uniform_random,Baseline,303,-0.7823116302655553,-0.7823066633515525,4.966914002757505e-06,True
disease_to_no_disease,proposed_dp_eps16_sparse_diverse,DP-CounterGAN eps=16,303,-7.609411166616129,-7.609407698422384,3.468193744637915e-06,True
disease_to_no_disease,proposed_dp_eps2_sparse_diverse,DP-CounterGAN eps=2,303,-0.718735117901935,-0.7187297829668905,5.33493504450977e-06,True
disease_to_no_disease,proposed_dp_eps4_sparse_diverse,DP-CounterGAN eps=4,303,-5.054362349855302,-5.054358301499358,4.04835594469688e-06,True
disease_to_no_disease,proposed_dp_eps8_sparse_diverse,DP-CounterGAN eps=8,303,-5.132813286129501,-5.1328091015149875,4.184614513569329e-06,True
disease_to_no_disease,countergan_one_shot,Non-DP CounterGAN,303,-2.086392461418865,-2.0863869486103352,5.512808529672952e-06,True
no_disease_to_disease,genetic_cfe,Baseline,303,1.5349359107394314,1.5349418337965162,5.923057084800121e-06,True
no_disease_to_disease,proposed_dp_eps16_sparse_diverse,DP-CounterGAN eps=16,303,0.5618905218121526,0.5618958660666064,5.344254453754083e-06,True
no_disease_to_disease,proposed_dp_eps2_sparse_diverse,DP-CounterGAN eps=2,303,1.8067321544654575,1.8067375135217751,5.3590563175998085e-06,True
no_disease_to_disease,proposed_dp_eps4_sparse_diverse,DP-CounterGAN eps=4,303,4.568424480375189,4.568431487038363,7.006663174102812e-06,True
no_disease_to_disease,proposed_dp_eps8_sparse_diverse,DP-CounterGAN eps=8,303,0.19103107724575707,0.1910364409750423,5.363729285223773e-06,True
no_disease_to_disease,proposed_countergan,Non-DP CounterGAN,303,7.5727851823663705,7.572792415415989,7.2330496188044435e-06,True
disease_to_no_disease,uniform_random,Baseline,303,-5.7526980707297195,-5.752693369573927,4.701155792652401e-06,True
disease_to_no_disease,proposed_dp_eps16_sparse_diverse,DP-CounterGAN eps=16,303,-13.289627078790048,-13.289624778332481,2.300457566661862e-06,True
disease_to_no_disease,proposed_dp_eps2_sparse_diverse,DP-CounterGAN eps=2,303,-2.898835634111947,-2.898830742115739,4.891996208122862e-06,True
disease_to_no_disease,proposed_dp_eps4_sparse_diverse,DP-CounterGAN eps=4,303,-2.722063360174868,-2.7220588249085966,4.535266271421534e-06,True
disease_to_no_disease,proposed_dp_eps8_sparse_diverse,DP-CounterGAN eps=8,303,-0.5282014051116066,-0.5281962518874221,5.153224184484273e-06,True
disease_to_no_disease,countergan_one_shot,Non-DP CounterGAN,303,-4.912549545758675,-4.912545552467128,3.993291547210731e-06,True
no_disease_to_disease,uniform_random,Baseline,303,12.027795723270657,12.02780332929967,7.606029013729199e-06,True
no_disease_to_disease,proposed_dp_eps16_sparse_diverse,DP-CounterGAN eps=16,303,1.4189571952889644,1.4189631440924886,5.948803524224999e-06,True
no_disease_to_disease,proposed_dp_eps2_sparse_diverse,DP-CounterGAN eps=2,303,6.732192469894564,6.732199556430288,7.086535724454279e-06,True
no_disease_to_disease,proposed_dp_eps4_sparse_diverse,DP-CounterGAN eps=4,303,31.047352866173263,31.047366096082495,1.3229909232137516e-05,True
no_disease_to_disease,proposed_dp_eps8_sparse_diverse,DP-CounterGAN eps=8,303,1.0651958811009514,1.0652017924956927,5.911394741264786e-06,True
no_disease_to_disease,countergan_one_shot,Non-DP CounterGAN,303,2.364556712767584,2.3645620875454583,5.374777874322945e-06,True
disease_to_no_disease,genetic_cfe,Baseline,303,-11.750309408872543,-11.75030710290895,2.3059635925193334e-06,True
disease_to_no_disease,proposed_dp_eps16_sparse_diverse,DP-CounterGAN eps=16,303,-0.1445930934417099,-0.14458794130557337,5.152136136526986e-06,True
disease_to_no_disease,proposed_dp_eps2_sparse_diverse,DP-CounterGAN eps=2,303,-2.0124889673669664,-2.012483681032919,5.286334047394092e-06,True
disease_to_no_disease,proposed_dp_eps4_sparse_diverse,DP-CounterGAN eps=4,303,-1.3674251393305434,-1.367420212907792,4.926422751516668e-06,True
disease_to_no_disease,proposed_dp_eps8_sparse_diverse,DP-CounterGAN eps=8,303,-3.539037442872525,-3.5390330936793073,4.3491932175676595e-06,True
disease_to_no_disease,countergan_one_shot,Non-DP CounterGAN,303,-1.2596476383015922,-1.259642101028184,5.537273408240395e-06,True
no_disease_to_disease,uniform_random,Baseline,303,5.034373154520841,5.034380046439526,6.891918684637233e-06,True
no_disease_to_disease,proposed_dp_eps16_sparse_diverse,DP-CounterGAN eps=16,303,44.24761235089052,44.247628594215726,1.6243325205778092e-05,True
no_disease_to_disease,proposed_dp_eps2_sparse_diverse,DP-CounterGAN eps=2,303,3.6349964442166147,3.6350022886314135,5.844414798783504e-06,True
no_disease_to_disease,proposed_dp_eps4_sparse_diverse,DP-CounterGAN eps=4,303,3.748872786332125,3.748879352752445,6.566420319931154e-06,True
no_disease_to_disease,proposed_dp_eps8_sparse_diverse,DP-CounterGAN eps=8,303,2.4713283504182844,2.471334002806343,5.652388058496882e-06,True
no_disease_to_disease,countergan_sparse_diverse_no_dp,Non-DP CounterGAN,303,1.359465321840382,1.3594710775448795,5.7557044974565486e-06,True
disease_to_no_disease,uniform_random,Baseline,303,-6.241722515782567,-6.241718679791397,3.835991170042519e-06,True
disease_to_no_disease,proposed_dp_eps16_sparse_diverse,DP-CounterGAN eps=16,303,-8.157431593459357,-8.157428552042797,3.041416560378707e-06,True
disease_to_no_disease,proposed_dp_eps2_sparse_diverse,DP-CounterGAN eps=2,303,-2.733167143746811,-2.7331627928367523,4.350910058459334e-06,True
disease_to_no_disease,proposed_dp_eps4_sparse_diverse,DP-CounterGAN eps=4,303,-6.300256190490298,-6.300252469673933,3.720816365238022e-06,True
disease_to_no_disease,proposed_dp_eps8_sparse_diverse,DP-CounterGAN eps=8,303,-6.33544083959206,-6.335437070194237,3.7693978232056224e-06,True
disease_to_no_disease,countergan_one_shot,Non-DP CounterGAN,303,-8.577295739771705,-8.57729280204278,2.937728924123917e-06,True
no_disease_to_disease,uniform_random,Baseline,303,10.146026174095763,10.14603395502051,7.780924747180507e-06,True
no_disease_to_disease,proposed_dp_eps16_sparse_diverse,DP-CounterGAN eps=16,303,0.23010673109077118,0.23011161476840825,4.883677637068651e-06,True
no_disease_to_disease,proposed_dp_eps2_sparse_diverse,DP-CounterGAN eps=2,303,5.819252866394788,5.819259042244447,6.175849659229016e-06,True
no_disease_to_disease,proposed_dp_eps4_sparse_diverse,DP-CounterGAN eps=4,303,2.3281443474245904,2.3281504399011217,6.092476531271984e-06,True
no_disease_to_disease,proposed_dp_eps8_sparse_diverse,DP-CounterGAN eps=8,303,0.785727606942725,0.7857330372378779,5.430295152875075e-06,True
no_disease_to_disease,countergan_one_shot,Non-DP CounterGAN,303,13.939964499331033,13.939973740787174,9.241456140784976e-06,True
disease_to_no_disease,uniform_random,Baseline,303,-8.218515657219942,-8.218512373975106,3.283244836893573e-06,True
disease_to_no_disease,proposed_dp_eps16_sparse_diverse,DP-CounterGAN eps=16,303,-2.587939268937128,-2.5879348390024957,4.4299346324550015e-06,True
disease_to_no_disease,proposed_dp_eps2_sparse_diverse,DP-CounterGAN eps=2,303,-4.450150993189102,-4.450146372019376,4.621169725993468e-06,True
disease_to_no_disease,proposed_dp_eps4_sparse_diverse,DP-CounterGAN eps=4,303,-15.81256492142606,-15.812563063372375,1.8580536860213215e-06,True
disease_to_no_disease,proposed_dp_eps8_sparse_diverse,DP-CounterGAN eps=8,303,-2.8075872812805365,-2.8075826283205134,4.652960023054931e-06,True
disease_to_no_disease,countergan_one_shot,Non-DP CounterGAN,303,-5.30625792837498,-5.306253898545868,4.029829112184302e-06,True
no_disease_to_disease,genetic_cfe,Baseline,303,10.187269023293357,10.187276543296223,7.520002865746278e-06,True
no_disease_to_disease,proposed_dp_eps16_sparse_diverse,DP-CounterGAN eps=16,303,10.251085904912522,10.251093781921941,7.877009419843262e-06,True
no_disease_to_disease,proposed_dp_eps2_sparse_diverse,DP-CounterGAN eps=2,303,19.188913406473286,19.188923762388875,1.0355915588178277e-05,True
no_disease_to_disease,proposed_dp_eps4_sparse_diverse,DP-CounterGAN eps=4,303,2.340410160123609,2.3404156779934957,5.517869886784155e-06,True
no_disease_to_disease,proposed_dp_eps8_sparse_diverse,DP-CounterGAN eps=8,303,42.79127082676662,42.791287291387704,1.6464621083400743e-05,True
no_disease_to_disease,proposed_countergan,Non-DP CounterGAN,303,8.774693894491428,8.774701437798255,7.543306827173524e-06,True
disease_to_no_disease,dice_gradient_style,Baseline,303,-11.99785782144529,-11.997854903941638,2.917503652000164e-06,True
disease_to_no_disease,proposed_dp_eps16_sparse_diverse,DP-CounterGAN eps=16,303,-10.450157254503024,-10.450154259439136,2.9950638875675395e-06,True
disease_to_no_disease,proposed_dp_eps2_sparse_diverse,DP-CounterGAN eps=2,303,-0.12386362123355532,-0.12385845809305598,5.16314049933686e-06,True
disease_to_no_disease,proposed_dp_eps4_sparse_diverse,DP-CounterGAN eps=4,303,-0.5850402627311553,-0.5850355388843679,4.7238467874022305e-06,True
disease_to_no_disease,proposed_dp_eps8_sparse_diverse,DP-CounterGAN eps=8,303,-0.888998985661555,-0.8889943151162893,4.670545265650361e-06,True
disease_to_no_disease,proposed_countergan,Non-DP CounterGAN,303,-9.693651731456987,-9.693648897513226,2.833943760549573e-06,True
no_disease_to_disease,genetic_cfe,Baseline,303,8.34915712191571,8.349164472316467,7.3504007573887975e-06,True
no_disease_to_disease,proposed_dp_eps16_sparse_diverse,DP-CounterGAN eps=16,303,1.10281713682852,1.1028227618979116,5.625069391612669e-06,True
no_disease_to_disease,proposed_dp_eps2_sparse_diverse,DP-CounterGAN eps=2,303,0.1033989054569675,0.1034040071952381,5.101738270590905e-06,True
no_disease_to_disease,proposed_dp_eps4_sparse_diverse,DP-CounterGAN eps=4,303,12.624242642482507,12.624251878014393,9.235531885920523e-06,True
no_disease_to_disease,proposed_dp_eps8_sparse_diverse,DP-CounterGAN eps=8,303,1.927667617434503,1.9276734197374799,5.8023029767539924e-06,True
no_disease_to_disease,proposed_countergan,Non-DP CounterGAN,303,10.190898760954834,10.190907029650305,8.268695470547982e-06,True
disease_to_no_disease,genetic_cfe,Baseline,303,-8.549549122003862,-8.54954583168328,3.2903205813283876e-06,True
disease_to_no_disease,proposed_dp_eps16_sparse_diverse,DP-CounterGAN eps=16,303,-3.706592363484365,-3.7065880056878293,4.357796535625624e-06,True
disease_to_no_disease,proposed_dp_eps2_sparse_diverse,DP-CounterGAN eps=2,303,-26.936953950061234,-26.936954242910012,2.928487781161948e-07,True
disease_to_no_disease,proposed_dp_eps4_sparse_diverse,DP-CounterGAN eps=4,303,-5.564343805036167,-5.5643398668043265,3.938231840194817e-06,True
disease_to_no_disease,proposed_dp_eps8_sparse_diverse,DP-CounterGAN eps=8,303,-2.2414515240221977,-2.241446283916373,5.240105824810826e-06,True
disease_to_no_disease,countergan_one_shot,Non-DP CounterGAN,303,-7.721572059558875,-7.7215689396366365,3.1199222387812142e-06,True
no_disease_to_disease,genetic_cfe,Baseline,303,4.428874529635586,4.428880477321285,5.9476856995033245e-06,True
no_disease_to_disease,proposed_dp_eps16_sparse_diverse,DP-CounterGAN eps=16,303,16.193959255503852,16.193968963533113,9.708029260480089e-06,True
no_disease_to_disease,proposed_dp_eps2_sparse_diverse,DP-CounterGAN eps=2,303,3.3186755020345036,3.318681065201954,5.563167450262085e-06,True
no_disease_to_disease,proposed_dp_eps4_sparse_diverse,DP-CounterGAN eps=4,303,2.808344644034456,2.8083502400260296,5.5959915736814025e-06,True
no_disease_to_disease,proposed_dp_eps8_sparse_diverse,DP-CounterGAN eps=8,303,1.056800428619777,1.056806289273654,5.860653877087785e-06,True
no_disease_to_disease,proposed_countergan,Non-DP CounterGAN,303,2.644618635610305,2.644624017258208,5.381647902868991e-06,True
disease_to_no_disease,genetic_cfe,Baseline,303,-9.266780276425852,-9.266776972247794,3.3041780582721003e-06,True
disease_to_no_disease,proposed_dp_eps16_sparse_diverse,DP-CounterGAN eps=16,303,-2.0490841027488393,-2.0490792865883023,4.816160537046699e-06,True
disease_to_no_disease,proposed_dp_eps2_sparse_diverse,DP-CounterGAN eps=2,303,-0.7149248146664444,-0.7149199007023653,4.913964079089617e-06,True
disease_to_no_disease,proposed_dp_eps4_sparse_diverse,DP-CounterGAN eps=4,303,-21.0711427441044,-21.07114245915784,2.8494655879285347e-07,True
disease_to_no_disease,proposed_dp_eps8_sparse_diverse,DP-CounterGAN eps=8,303,-5.689951083917888,-5.689947224578568,3.859339320122501e-06,True
disease_to_no_disease,proposed_countergan,Non-DP CounterGAN,303,-0.7630315693503924,-0.7630262913303398,5.278020052568166e-06,True
no_disease_to_disease,genetic_cfe,Baseline,303,0.39588365265446335,0.39588859746535193,4.944810888585227e-06,True
no_disease_to_disease,proposed_dp_eps16_sparse_diverse,DP-CounterGAN eps=16,303,1.573374317198116,1.5733797486871395,5.431489023433045e-06,True
no_disease_to_disease,proposed_dp_eps2_sparse_diverse,DP-CounterGAN eps=2,303,15.671393709179828,15.671403630477299,9.921297470683044e-06,True
no_disease_to_disease,proposed_dp_eps4_sparse_diverse,DP-CounterGAN eps=4,303,2.9856888811681,2.985695075038546,6.19387044586972e-06,True
no_disease_to_disease,proposed_dp_eps8_sparse_diverse,DP-CounterGAN eps=8,303,9.273100496636172,9.273108507650289,8.011014116959814e-06,True
no_disease_to_disease,countergan_sparse_diverse_no_dp,Non-DP CounterGAN,303,0.8674458617021603,0.8674512737223571,5.412020196771117e-06,True
disease_to_no_disease,dice_gradient_style,Baseline,303,-12.079973998075697,-12.079971555163871,2.4429118266056093e-06,True
disease_to_no_disease,proposed_dp_eps16_sparse_diverse,DP-CounterGAN eps=16,303,-49.1974367879782,-49.1974421369847,5.349006499955067e-06,True
disease_to_no_disease,proposed_dp_eps2_sparse_diverse,DP-CounterGAN eps=2,303,-20.184931955226155,-20.184930989945613,9.652805417204036e-07,True
disease_to_no_disease,proposed_dp_eps4_sparse_diverse,DP-CounterGAN eps=4,303,-25.528235109168232,-25.52823584027376,7.311055263414801e-07,True
disease_to_no_disease,proposed_dp_eps8_sparse_diverse,DP-CounterGAN eps=8,303,-8.510322423617277,-8.510319543311319,2.8803059581861135e-06,True
disease_to_no_disease,countergan_sparse_diverse_no_dp,Non-DP CounterGAN,303,-1.4027157605584781,-1.402710860449606,4.900108872218922e-06,True
no_disease_to_disease,genetic_cfe,Baseline,303,6.145192492649855,6.145198534712515,6.042062659972203e-06,True
no_disease_to_disease,proposed_dp_eps16_sparse_diverse,DP-CounterGAN eps=16,303,9.64164313064633,9.64165064357516,7.512928830166743e-06,True
no_disease_to_disease,proposed_dp_eps2_sparse_diverse,DP-CounterGAN eps=2,303,1.2018529457191676,1.2018583833178753,5.437598707747071e-06,True
no_disease_to_disease,proposed_dp_eps4_sparse_diverse,DP-CounterGAN eps=4,303,1.4807351327699898,1.4807407208123042,5.5880423144305524e-06,True
no_disease_to_disease,proposed_dp_eps8_sparse_diverse,DP-CounterGAN eps=8,303,0.2970551336734655,0.29706058633176663,5.452658301152713e-06,True
no_disease_to_disease,countergan_one_shot,Non-DP CounterGAN,303,11.473508958252431,11.47351724276568,8.284513249634529e-06,True
disease_to_no_disease,uniform_random,Baseline,303,-8.32184051756858,-8.321836928302886,3.589265693548782e-06,True
disease_to_no_disease,proposed_dp_eps16_sparse_diverse,DP-CounterGAN eps=16,303,-9.181542605287124,-9.18153944492595,3.1603611745367743e-06,True
disease_to_no_disease,proposed_dp_eps2_sparse_diverse,DP-CounterGAN eps=2,303,-4.129372402496487,-4.129367998772851,4.403723635526546e-06,True
disease_to_no_disease,proposed_dp_eps4_sparse_diverse,DP-CounterGAN eps=4,303,-20.532814818548,-20.532814363526814,4.550211869513987e-07,True
disease_to_no_disease,proposed_dp_eps8_sparse_diverse,DP-CounterGAN eps=8,303,-0.28934305951852934,-0.2893378287952031,5.23072332625496e-06,True
disease_to_no_disease,proposed_countergan,Non-DP CounterGAN,303,-7.902465766705709,-7.902462386450497,3.3802552117379037e-06,True
no_disease_to_disease,genetic_cfe,Baseline,303,1.6563048059410068,1.656310021260333,5.215319326179468e-06,True
no_disease_to_disease,proposed_dp_eps16_sparse_diverse,DP-CounterGAN eps=16,303,1.1758605816103227,1.175865966258877,5.3846485543740386e-06,True
no_disease_to_disease,proposed_dp_eps2_sparse_diverse,DP-CounterGAN eps=2,303,0.6248501300976077,0.6248557652876902,5.635190082453612e-06,True
no_disease_to_disease,proposed_dp_eps4_sparse_diverse,DP-CounterGAN eps=4,303,0.8539116856500115,0.8539167535069416,5.067856930107695e-06,True
no_disease_to_disease,proposed_dp_eps8_sparse_diverse,DP-CounterGAN eps=8,303,4.469536524605864,4.469542288214639,5.7636087751333775e-06,True
no_disease_to_disease,proposed_countergan,Non-DP CounterGAN,303,10.903442680569814,10.903450715035374,8.03446556041365e-06,True
disease_to_no_disease,genetic_cfe,Baseline,303,-7.435712388308284,-7.4357086882195,3.700088783809008e-06,True
disease_to_no_disease,proposed_dp_eps16_sparse_diverse,DP-CounterGAN eps=16,303,-15.586581108847348,-15.586579525206478,1.5836408699954063e-06,True
disease_to_no_disease,proposed_dp_eps2_sparse_diverse,DP-CounterGAN eps=2,303,-9.295309057774833,-9.295306255445487,2.8023293463519394e-06,True
disease_to_no_disease,proposed_dp_eps4_sparse_diverse,DP-CounterGAN eps=4,303,-12.355474435391653,-12.355472005896484,2.4294951685988053e-06,True
disease_to_no_disease,proposed_dp_eps8_sparse_diverse,DP-CounterGAN eps=8,303,-7.521077217280115,-7.521072839552956,4.3777271585554445e-06,True
disease_to_no_disease,proposed_countergan,Non-DP CounterGAN,303,-8.377247357420842,-8.377244389149679,2.9682711630840686e-06,True
no_disease_to_disease,uniform_random,Baseline,303,2.1736971022955913,2.1737028529359286,5.750640337254254e-06,True
no_disease_to_disease,proposed_dp_eps16_sparse_diverse,DP-CounterGAN eps=16,303,11.374304316337046,11.37431167889216,7.362555114909242e-06,True
no_disease_to_disease,proposed_dp_eps2_sparse_diverse,DP-CounterGAN eps=2,303,3.956806074920653,3.9568122177823337,6.142861680658029e-06,True
no_disease_to_disease,proposed_dp_eps4_sparse_diverse,DP-CounterGAN eps=4,303,0.2697229841286326,0.2697280981732805,5.1140446478692425e-06,True
no_disease_to_disease,proposed_dp_eps8_sparse_diverse,DP-CounterGAN eps=8,303,1.3853189304405866,1.3853242295668269,5.299126240254637e-06,True
no_disease_to_disease,countergan_one_shot,Non-DP CounterGAN,303,4.123651646173066,4.123657538697272,5.892524206352334e-06,True
disease_to_no_disease,uniform_random,Baseline,303,-2.4570674944252477,-2.4570626698572164,4.824568031303045e-06,True
disease_to_no_disease,proposed_dp_eps16_sparse_diverse,DP-CounterGAN eps=16,303,-10.385093774729201,-10.38509118435368,2.5903755211942325e-06,True
disease_to_no_disease,proposed_dp_eps2_sparse_diverse,DP-CounterGAN eps=2,303,-19.767280177590386,-19.767279499714462,6.778759242820342e-07,True
disease_to_no_disease,proposed_dp_eps4_sparse_diverse,DP-CounterGAN eps=4,303,-6.64747759600205,-6.647474140235251,3.455766798943216e-06,True
disease_to_no_disease,proposed_dp_eps8_sparse_diverse,DP-CounterGAN eps=8,303,-5.841270041295476,-5.841266408515909,3.6327795669421903e-06,True
disease_to_no_disease,countergan_sparse_diverse_no_dp,Non-DP CounterGAN,303,-1.954312060679059,-1.9543071937569914,4.866922067581214e-06,True
no_disease_to_disease,uniform_random,Baseline,303,3.3497774049390223,3.3497835849292503,6.1799902280057495e-06,True
no_disease_to_disease,proposed_dp_eps16_sparse_diverse,DP-CounterGAN eps=16,303,2.278826638541034,2.2788320004574896,5.361916455726146e-06,True
no_disease_to_disease,proposed_dp_eps2_sparse_diverse,DP-CounterGAN eps=2,303,0.13125441516167502,0.13126005081430828,5.635652633256827e-06,True
no_disease_to_disease,proposed_dp_eps4_sparse_diverse,DP-CounterGAN eps=4,303,10.004705867435788,10.004713671316017,7.80388022825207e-06,True
no_disease_to_disease,proposed_dp_eps8_sparse_diverse,DP-CounterGAN eps=8,303,22.018304240331606,22.018314718399445,1.0478067839159166e-05,True
no_disease_to_disease,countergan_sparse_diverse_no_dp,Non-DP CounterGAN,303,10.574672049381363,10.574680275600139,8.226218776385963e-06,True
disease_to_no_disease,wachter_style,Baseline,303,-10.346677712794726,-10.346675117957597,2.5948371291661942e-06,True
disease_to_no_disease,proposed_dp_eps16_sparse_diverse,DP-CounterGAN eps=16,303,-0.4016192012700568,-0.4016139461887975,5.255081259314398e-06,True
disease_to_no_disease,proposed_dp_eps2_sparse_diverse,DP-CounterGAN eps=2,303,-3.515782771946051,-3.5157779487641965,4.823181854352043e-06,True
disease_to_no_disease,proposed_dp_eps4_sparse_diverse,DP-CounterGAN eps=4,303,-0.6838032785988188,-0.6837980577888643,5.220809954575856e-06,True
disease_to_no_disease,proposed_dp_eps8_sparse_diverse,DP-CounterGAN eps=8,303,-6.740257452740829,-6.7402540817566905,3.370984138939548e-06,True
disease_to_no_disease,proposed_countergan,Non-DP CounterGAN,303,-3.312922420591738,-3.31291736927515,5.051316587678656e-06,True
no_disease_to_disease,uniform_random,Baseline,303,21.378222233075718,21.378232943663253,1.0710587535101013e-05,True
no_disease_to_disease,proposed_dp_eps16_sparse_diverse,DP-CounterGAN eps=16,303,0.3508868452747933,0.35089172838004223,4.883105248931763e-06,True
no_disease_to_disease,proposed_dp_eps2_sparse_diverse,DP-CounterGAN eps=2,303,0.9793865643832973,0.9793921591280739,5.594744776571403e-06,True
no_disease_to_disease,proposed_dp_eps4_sparse_diverse,DP-CounterGAN eps=4,303,12.899709017785487,12.899717709995203,8.692209716443244e-06,True
no_disease_to_disease,proposed_dp_eps8_sparse_diverse,DP-CounterGAN eps=8,303,2.955100407629601,2.9551064395979485,6.031968347475214e-06,True
no_disease_to_disease,proposed_countergan,Non-DP CounterGAN,303,13.316627760537084,13.316636719113717,8.958576632522863e-06,True
disease_to_no_disease,uniform_random,Baseline,303,-1.7541213003280216,-1.7541162350347346,5.065293287032091e-06,True
disease_to_no_disease,proposed_dp_eps16_sparse_diverse,DP-CounterGAN eps=16,303,-5.280930676657469,-5.280927048712866,3.627944603401545e-06,True
disease_to_no_disease,proposed_dp_eps2_sparse_diverse,DP-CounterGAN eps=2,303,-4.877739453717529,-4.877735479916803,3.973800726697618e-06,True
disease_to_no_disease,proposed_dp_eps4_sparse_diverse,DP-CounterGAN eps=4,303,-1.7380410983907186,-1.7380363747797443,4.723610974366466e-06,True
disease_to_no_disease,proposed_dp_eps8_sparse_diverse,DP-CounterGAN eps=8,303,-8.490834914931968,-8.490831645823567,3.2691084008718008e-06,True
disease_to_no_disease,countergan_sparse_diverse_no_dp,Non-DP CounterGAN,303,-2.2357430273500043,-2.235738299282584,4.728067420245452e-06,True
no_disease_to_disease,genetic_cfe,Baseline,303,5.823853716174218,5.8238602995012165,6.583326998210737e-06,True
no_disease_to_disease,proposed_dp_eps16_sparse_diverse,DP-CounterGAN eps=16,303,12.005540309839283,12.005548893122892,8.583283609198133e-06,True
no_disease_to_disease,proposed_dp_eps2_sparse_diverse,DP-CounterGAN eps=2,303,5.807479841246749,5.80748594850164,6.107254890252989e-06,True
no_disease_to_disease,proposed_dp_eps4_sparse_diverse,DP-CounterGAN eps=4,303,0.24616673275727052,0.24617182224788386,5.0894906133414075e-06,True
no_disease_to_disease,proposed_dp_eps8_sparse_diverse,DP-CounterGAN eps=8,303,1.209721616057168,1.209726672467817,5.056410649073584e-06,True
no_disease_to_disease,countergan_one_shot,Non-DP CounterGAN,303,7.634748121755477,7.634754902689352,6.780933874850348e-06,True
disease_to_no_disease,uniform_random,Baseline,303,-1.0539690877158492,-1.053963563138064,5.524577785243068e-06,True
disease_to_no_disease,proposed_dp_eps16_sparse_diverse,DP-CounterGAN eps=16,303,-1.2520541597167174,-1.2520491520624684,5.007654249045146e-06,True
disease_to_no_disease,proposed_dp_eps2_sparse_diverse,DP-CounterGAN eps=2,303,-34.87873340260032,-34.87873542405317,2.021452850442529e-06,True
disease_to_no_disease,proposed_dp_eps4_sparse_diverse,DP-CounterGAN eps=4,303,-14.789406576378752,-14.789404752458992,1.8239197601133128e-06,True
disease_to_no_disease,proposed_dp_eps8_sparse_diverse,DP-CounterGAN eps=8,303,-2.090478852689623,-2.090474619974943,4.232714680085792e-06,True
disease_to_no_disease,proposed_countergan,Non-DP CounterGAN,303,-1.2029712369918766,-1.20296606677395,5.170217926675491e-06,True
no_disease_to_disease,wachter_style,Baseline,303,7.724547002111795,7.724553561028972,6.558917177379442e-06,True
no_disease_to_disease,proposed_dp_eps16_sparse_diverse,DP-CounterGAN eps=16,303,0.9344529990345389,0.9344587747237358,5.7756891969074076e-06,True
no_disease_to_disease,proposed_dp_eps2_sparse_diverse,DP-CounterGAN eps=2,303,0.16207813305829077,0.16208366537970936,5.532321418588726e-06,True
no_disease_to_disease,proposed_dp_eps4_sparse_diverse,DP-CounterGAN eps=4,303,0.14688338245217203,0.14688854750197686,5.165049804828348e-06,True
no_disease_to_disease,proposed_dp_eps8_sparse_diverse,DP-CounterGAN eps=8,303,9.162782236819648,9.16278950829687,7.2714772212378875e-06,True
no_disease_to_disease,proposed_countergan,Non-DP CounterGAN,303,7.832259452714441,7.832266571586505,7.1188720642823e-06,True
disease_to_no_disease,genetic_cfe,Baseline,303,-0.4941212161186179,-0.4941163985970177,4.817521600197772e-06,True
disease_to_no_disease,proposed_dp_eps16_sparse_diverse,DP-CounterGAN eps=16,303,-39.76850945436952,-39.7685132205537,3.76618417874397e-06,True
disease_to_no_disease,proposed_dp_eps2_sparse_diverse,DP-CounterGAN eps=2,303,-22.69360357535289,-22.693603374748914,2.006039743207566e-07,True
disease_to_no_disease,proposed_dp_eps4_sparse_diverse,DP-CounterGAN eps=4,303,-0.8688386847699183,-0.868833012818453,5.671951465280323e-06,True
disease_to_no_disease,proposed_dp_eps8_sparse_diverse,DP-CounterGAN eps=8,303,-8.306082542869927,-8.306079359555449,3.183314477794852e-06,True
disease_to_no_disease,countergan_one_shot,Non-DP CounterGAN,303,-7.180119395400503,-7.180116155477184,3.2399233189650545e-06,True
no_disease_to_disease,uniform_random,Baseline,303,3.927573391084916,3.9275794506231176,6.05953820143057e-06,True
no_disease_to_disease,proposed_dp_eps16_sparse_diverse,DP-CounterGAN eps=16,303,16.519384503805597,16.519393794163868,9.290358271130117e-06,True
no_disease_to_disease,proposed_dp_eps2_sparse_diverse,DP-CounterGAN eps=2,303,3.6912962975042216,3.69130294529301,6.6477887883387154e-06,True
no_disease_to_disease,proposed_dp_eps4_sparse_diverse,DP-CounterGAN eps=4,303,2.3759157895628107,2.3759213394731544,5.549910343738418e-06,True
no_disease_to_disease,proposed_dp_eps8_sparse_diverse,DP-CounterGAN eps=8,303,0.42747145231905925,0.42747630916590124,4.856846841982954e-06,True
no_disease_to_disease,proposed_countergan,Non-DP CounterGAN,303,10.664514636351598,10.664522405622744,7.769271146429446e-06,True
disease_to_no_disease,uniform_random,Baseline,303,-7.066790060155592,-7.066786734504319,3.32565127258988e-06,True
disease_to_no_disease,proposed_dp_eps16_sparse_diverse,DP-CounterGAN eps=16,303,-2.836739048826538,-2.8367346478506157,4.400975922358441e-06,True
disease_to_no_disease,proposed_dp_eps2_sparse_diverse,DP-CounterGAN eps=2,303,-9.626682838372465,-9.626679287105517,3.5512669480652903e-06,True
disease_to_no_disease,proposed_dp_eps4_sparse_diverse,DP-CounterGAN eps=4,303,-10.977641564018597,-10.977639088811221,2.475207375951527e-06,True
disease_to_no_disease,proposed_dp_eps8_sparse_diverse,DP-CounterGAN eps=8,303,-2.003507769724618,-2.0035033075947415,4.462129876703358e-06,True
disease_to_no_disease,proposed_countergan,Non-DP CounterGAN,303,-1.7141985961514346,-1.7141931557763859,5.440375048682e-06,True
no_disease_to_disease,uniform_random,Baseline,303,3.9024019443426354,3.9024084747012964,6.530358660938873e-06,True
no_disease_to_disease,proposed_dp_eps16_sparse_diverse,DP-CounterGAN eps=16,303,4.756865487078112,4.756872647735725,7.160657612637067e-06,True
no_disease_to_disease,proposed_dp_eps2_sparse_diverse,DP-CounterGAN eps=2,303,2.4962360968699606,2.4962419774483706,5.880578410000226e-06,True
no_disease_to_disease,proposed_dp_eps4_sparse_diverse,DP-CounterGAN eps=4,303,23.451284363597882,23.451296227056385,1.186345850356929e-05,True
no_disease_to_disease,proposed_dp_eps8_sparse_diverse,DP-CounterGAN eps=8,303,0.9639156640642241,0.9639206568066129,4.992742388743032e-06,True
no_disease_to_disease,proposed_countergan,Non-DP CounterGAN,303,6.340390907607203,6.34039715550106,6.247893857391773e-06,True
disease_to_no_disease,genetic_cfe,Baseline,303,-8.482318543487422,-8.482315370385335,3.1731020868619453e-06,True
disease_to_no_disease,proposed_dp_eps16_sparse_diverse,DP-CounterGAN eps=16,303,-6.758763752340661,-6.758760192674603,3.5596660579173545e-06,True
disease_to_no_disease,proposed_dp_eps2_sparse_diverse,DP-CounterGAN eps=2,303,-13.107385202735038,-13.10738335841777,1.8443172677962139e-06,True
disease_to_no_disease,proposed_dp_eps4_sparse_diverse,DP-CounterGAN eps=4,303,-13.773830856892147,-13.773828944205075,1.9126870718366717e-06,True
disease_to_no_disease,proposed_dp_eps8_sparse_diverse,DP-CounterGAN eps=8,303,-4.592936438724019,-4.592931771779303,4.666944716014143e-06,True
disease_to_no_disease,countergan_one_shot,Non-DP CounterGAN,303,-4.37228683205909,-4.3722828714950674,3.96056402252043e-06,True
no_disease_to_disease,uniform_random,Baseline,303,8.182646443622165,8.182653339920211,6.896298046399352e-06,True
no_disease_to_disease,proposed_dp_eps16_sparse_diverse,DP-CounterGAN eps=16,303,1.5092420914144142,1.5092477453179531,5.653903538904714e-06,True
no_disease_to_disease,proposed_dp_eps2_sparse_diverse,DP-CounterGAN eps=2,303,10.73798681417071,10.737994951903095,8.137732384838614e-06,True
no_disease_to_disease,proposed_dp_eps4_sparse_diverse,DP-CounterGAN eps=4,303,32.195114087093586,32.19512762898018,1.3541886595191954e-05,True
no_disease_to_disease,proposed_dp_eps8_sparse_diverse,DP-CounterGAN eps=8,303,5.00965192458413,5.00965785997971,5.9353955803587155e-06,True
no_disease_to_disease,proposed_countergan,Non-DP CounterGAN,303,11.236404324939059,11.236412397120553,8.072181493901098e-06,True
disease_to_no_disease,genetic_cfe,Baseline,303,-3.0655088847998604,-3.0655039951760132,4.889623847148528e-06,True
disease_to_no_disease,proposed_dp_eps16_sparse_diverse,DP-CounterGAN eps=16,303,-0.8751732344029097,-0.875168219795426,5.014607483699862e-06,True
disease_to_no_disease,proposed_dp_eps2_sparse_diverse,DP-CounterGAN eps=2,303,-6.169289938409075,-6.1692860408104515,3.897598623403553e-06,True
disease_to_no_disease,proposed_dp_eps4_sparse_diverse,DP-CounterGAN eps=4,303,-3.7762961988506776,-3.7762919577340472,4.241116630332442e-06,True
disease_to_no_disease,proposed_dp_eps8_sparse_diverse,DP-CounterGAN eps=8,303,-1.3892552626979775,-1.3892502188596396,5.043838337881468e-06,True
disease_to_no_disease,countergan_sparse_diverse_no_dp,Non-DP CounterGAN,303,-1.9490080248482746,-1.949003058655011,4.966193263733487e-06,True
no_disease_to_disease,uniform_random,Baseline,303,3.2471036581320725,3.247110080511784,6.4223797116014225e-06,True
no_disease_to_disease,proposed_dp_eps16_sparse_diverse,DP-CounterGAN eps=16,303,6.014426780028531,6.014434128404339,7.348375808291507e-06,True
no_disease_to_disease,proposed_dp_eps2_sparse_diverse,DP-CounterGAN eps=2,303,0.9241490471613645,0.924154030240537,4.983079172515836e-06,True
no_disease_to_disease,proposed_dp_eps4_sparse_diverse,DP-CounterGAN eps=4,303,14.955004414676267,14.95501378197668,9.367300412677082e-06,True
no_disease_to_disease,proposed_dp_eps8_sparse_diverse,DP-CounterGAN eps=8,303,5.792213121495607,5.792219906144758,6.784649150937128e-06,True
no_disease_to_disease,proposed_countergan,Non-DP CounterGAN,303,9.155143110131114,9.155151317872221,8.207741107213451e-06,True
disease_to_no_disease,genetic_cfe,Baseline,303,-10.268526652278304,-10.268524091844267,2.5604340372353818e-06,True
disease_to_no_disease,proposed_dp_eps16_sparse_diverse,DP-CounterGAN eps=16,303,-0.35882896232918426,-0.35882360962044724,5.352708737027534e-06,True
disease_to_no_disease,proposed_dp_eps2_sparse_diverse,DP-CounterGAN eps=2,303,-0.8676072045592953,-0.867602110332632,5.0942266632825195e-06,True
disease_to_no_disease,proposed_dp_eps4_sparse_diverse,DP-CounterGAN eps=4,303,-18.211117955593796,-18.211117107017337,8.485764588783695e-07,True
disease_to_no_disease,proposed_dp_eps8_sparse_diverse,DP-CounterGAN eps=8,303,-1.5651076155567365,-1.5651026973003817,4.918256354846662e-06,True
disease_to_no_disease,proposed_countergan,Non-DP CounterGAN,303,-2.978457506910342,-2.978453160246061,4.346664280951984e-06,True
no_disease_to_disease,genetic_cfe,Baseline,303,7.059700805738192,7.059707551950352,6.746212159569609e-06,True
no_disease_to_disease,proposed_dp_eps16_sparse_diverse,DP-CounterGAN eps=16,303,0.6184725538744811,0.6184774576446568,4.903770175701538e-06,True
no_disease_to_disease,proposed_dp_eps2_sparse_diverse,DP-CounterGAN eps=2,303,3.5458569258363433,3.5458634668011197,6.5409647764802514e-06,True
no_disease_to_disease,proposed_dp_eps4_sparse_diverse,DP-CounterGAN eps=4,303,1.1441044225248191,1.144109998382694,5.575857874751122e-06,True
no_disease_to_disease,proposed_dp_eps8_sparse_diverse,DP-CounterGAN eps=8,303,14.226475822571182,14.226485114617935,9.292046753373029e-06,True
no_disease_to_disease,countergan_one_shot,Non-DP CounterGAN,303,8.602859756894617,8.602867620523963,7.863629345905565e-06,True
disease_to_no_disease,uniform_random,Baseline,303,-1.3978980845355515,-1.3978929248241674,5.1597113841506115e-06,True
disease_to_no_disease,proposed_dp_eps16_sparse_diverse,DP-CounterGAN eps=16,303,-18.26308849089892,-18.263087628240864,8.626580552117957e-07,True
disease_to_no_disease,proposed_dp_eps2_sparse_diverse,DP-CounterGAN eps=2,303,-7.6606848228115725,-7.660681562689267,3.2601223054484763e-06,True
disease_to_no_disease,proposed_dp_eps4_sparse_diverse,DP-CounterGAN eps=4,303,-0.3001121304593575,-0.30010733397616096,4.796483196511936e-06,True
disease_to_no_disease,proposed_dp_eps8_sparse_diverse,DP-CounterGAN eps=8,303,-20.855900260989216,-20.855899731562335,5.294268810018821e-07,True
disease_to_no_disease,countergan_one_shot,Non-DP CounterGAN,303,-4.873683398621629,-4.873679349945443,4.048676185419708e-06,True
no_disease_to_disease,genetic_cfe,Baseline,303,2.131854749467177,2.131860158899222,5.409432044967133e-06,True
no_disease_to_disease,proposed_dp_eps16_sparse_diverse,DP-CounterGAN eps=16,303,1.5937876401314668,1.5937929673528355,5.327221368700563e-06,True
no_disease_to_disease,proposed_dp_eps2_sparse_diverse,DP-CounterGAN eps=2,303,0.15004271543400094,0.15004779542570607,5.0799917051258525e-06,True
no_disease_to_disease,proposed_dp_eps4_sparse_diverse,DP-CounterGAN eps=4,303,13.03912545504432,13.039133782073291,8.32702897035631e-06,True
no_disease_to_disease,proposed_dp_eps8_sparse_diverse,DP-CounterGAN eps=8,303,5.033829094364325,5.033835324507557,6.230143231533702e-06,True
no_disease_to_disease,proposed_countergan,Non-DP CounterGAN,303,3.4139510004390754,3.413956597308889,5.596869813384586e-06,True
disease_to_no_disease,uniform_random,Baseline,303,-1.0260447693820964,-1.0260392342970788,5.535085017660535e-06,True
disease_to_no_disease,proposed_dp_eps16_sparse_diverse,DP-CounterGAN eps=16,303,-0.8747910532440066,-0.8747864127764469,4.640467559768879e-06,True
disease_to_no_disease,proposed_dp_eps2_sparse_diverse,DP-CounterGAN eps=2,303,-0.7664196333592255,-0.7664149612569996,4.672102225877772e-06,True
disease_to_no_disease,proposed_dp_eps4_sparse_diverse,DP-CounterGAN eps=4,303,-0.9253382806589734,-0.9253335096695889,4.77098938445053e-06,True
disease_to_no_disease,proposed_dp_eps8_sparse_diverse,DP-CounterGAN eps=8,303,-28.246537071243974,-28.24653809865864,1.027414665344395e-06,True
disease_to_no_disease,countergan_one_shot,Non-DP CounterGAN,303,-6.1289186913169145,-6.128914783982723,3.907334191310952e-06,True
no_disease_to_disease,genetic_cfe,Baseline,303,6.007649945173384,6.0076563739604865,6.428787102663591e-06,True
no_disease_to_disease,proposed_dp_eps16_sparse_diverse,DP-CounterGAN eps=16,303,14.19251264184507,14.192521374783244,8.732938173494631e-06,True
no_disease_to_disease,proposed_dp_eps2_sparse_diverse,DP-CounterGAN eps=2,303,1.2054494583827697,1.2054554139866105,5.955603840757107e-06,True
no_disease_to_disease,proposed_dp_eps4_sparse_diverse,DP-CounterGAN eps=4,303,6.234669828583659,6.2346765236433805,6.695059721728569e-06,True
no_disease_to_disease,proposed_dp_eps8_sparse_diverse,DP-CounterGAN eps=8,303,7.263473028711761,7.263479724425219,6.6957134574607835e-06,True
no_disease_to_disease,countergan_sparse_diverse_no_dp,Non-DP CounterGAN,303,2.4970039482713062,2.497009946471522,5.998200215628913e-06,True
disease_to_no_disease,uniform_random,Baseline,303,-3.032442352770058,-3.0324378936975958,4.459072462381641e-06,True
disease_to_no_disease,proposed_dp_eps16_sparse_diverse,DP-CounterGAN eps=16,303,-3.3532932181916593,-3.353288905765438,4.312426221453336e-06,True
disease_to_no_disease,proposed_dp_eps2_sparse_diverse,DP-CounterGAN eps=2,303,-0.24956584048564778,-0.24956083924569614,5.0012399516463635e-06,True
disease_to_no_disease,proposed_dp_eps4_sparse_diverse,DP-CounterGAN eps=4,303,-5.008095817534043,-5.008091741627823,4.07590622053533e-06,True
disease_to_no_disease,proposed_dp_eps8_sparse_diverse,DP-CounterGAN eps=8,303,-0.675742240539055,-0.6757372693065363,4.9712325186357376e-06,True
disease_to_no_disease,proposed_countergan,Non-DP CounterGAN,303,-4.5933279814301695,-4.593323787350707,4.194079462394029e-06,True
no_disease_to_disease,uniform_random,Baseline,303,2.7947345476569865,2.794740455234424,5.9075774374584e-06,True
no_disease_to_disease,proposed_dp_eps16_sparse_diverse,DP-CounterGAN eps=16,303,2.518228894505267,2.5182346416484043,5.74714313739122e-06,True
no_disease_to_disease,proposed_dp_eps2_sparse_diverse,DP-CounterGAN eps=2,303,10.286621125962917,10.286628485447354,7.3594844369750945e-06,True
no_disease_to_disease,proposed_dp_eps4_sparse_diverse,DP-CounterGAN eps=4,303,4.491146029878177,4.49115271449623,6.684618052865687e-06,True
no_disease_to_disease,proposed_dp_eps8_sparse_diverse,DP-CounterGAN eps=8,303,0.8470208085169979,0.8470258243092893,5.015792291396259e-06,True
no_disease_to_disease,countergan_sparse_diverse_no_dp,Non-DP CounterGAN,303,3.1049994907903393,3.105005176358608,5.685568268631869e-06,True
disease_to_no_disease,uniform_random,Baseline,303,-6.271791304479732,-6.271787619332973,3.6851467593024267e-06,True
disease_to_no_disease,proposed_dp_eps16_sparse_diverse,DP-CounterGAN eps=16,303,-4.590322661860609,-4.590318862893467,3.7989671426430505e-06,True
disease_to_no_disease,proposed_dp_eps2_sparse_diverse,DP-CounterGAN eps=2,303,-13.15889332073052,-13.158891130004806,2.1907257146125403e-06,True
disease_to_no_disease,proposed_dp_eps4_sparse_diverse,DP-CounterGAN eps=4,303,-0.3626450796727081,-0.3626396905185035,5.389154204615831e-06,True
disease_to_no_disease,proposed_dp_eps8_sparse_diverse,DP-CounterGAN eps=8,303,-0.22197072477221091,-0.22196548964081247,5.235131398440007e-06,True
disease_to_no_disease,proposed_countergan,Non-DP CounterGAN,303,-2.824374988652628,-2.8243698798616212,5.108791006680491e-06,True
no_disease_to_disease,uniform_random,Baseline,303,1.5111685243933337,1.511174122287744,5.5978944102363926e-06,True
no_disease_to_disease,proposed_dp_eps16_sparse_diverse,DP-CounterGAN eps=16,303,0.6904761138613793,0.6904813653165864,5.2514552071336595e-06,True
no_disease_to_disease,proposed_dp_eps2_sparse_diverse,DP-CounterGAN eps=2,303,5.94259439691524,5.942601061305174,6.664389934130099e-06,True
no_disease_to_disease,proposed_dp_eps4_sparse_diverse,DP-CounterGAN eps=4,303,4.362065546312733,4.3620713784870375,5.8321743043876495e-06,True
no_disease_to_disease,proposed_dp_eps8_sparse_diverse,DP-CounterGAN eps=8,303,0.801388166915725,0.8013931988641203,5.031948395295416e-06,True
no_disease_to_disease,countergan_one_shot,Non-DP CounterGAN,303,10.656469111902343,10.656477455945696,8.344043353147867e-06,True
disease_to_no_disease,uniform_random,Baseline,303,-1.6124493853667055,-1.6124444336809618,4.95168574365934e-06,True
disease_to_no_disease,proposed_dp_eps16_sparse_diverse,DP-CounterGAN eps=16,303,-7.595326894963015,-7.5953231897058355,3.7052571792983713e-06,True
disease_to_no_disease,proposed_dp_eps2_sparse_diverse,DP-CounterGAN eps=2,303,-6.997378283291355,-6.997374374759293,3.908532062446568e-06,True
disease_to_no_disease,proposed_dp_eps4_sparse_diverse,DP-CounterGAN eps=4,303,-18.016578474191814,-18.016577333209554,1.1409822597840957e-06,True
disease_to_no_disease,proposed_dp_eps8_sparse_diverse,DP-CounterGAN eps=8,303,-8.343484860280721,-8.343481519782463,3.3404982584528398e-06,True
disease_to_no_disease,countergan_sparse_diverse_no_dp,Non-DP CounterGAN,303,-0.7188501932736804,-0.7188450853691093,5.107904571088895e-06,True
no_disease_to_disease,genetic_cfe,Baseline,303,3.9287288921851626,3.928735444398556,6.5522133931850135e-06,True
no_disease_to_disease,proposed_dp_eps16_sparse_diverse,DP-CounterGAN eps=16,303,1.4955279342363283,1.4955335544930044,5.620256676053259e-06,True
no_disease_to_disease,proposed_dp_eps2_sparse_diverse,DP-CounterGAN eps=2,303,0.7261407466580536,0.7261459222295252,5.1755714716161805e-06,True
no_disease_to_disease,proposed_dp_eps4_sparse_diverse,DP-CounterGAN eps=4,303,2.1156607794725133,2.1156660731457633,5.2936732499730965e-06,True
no_disease_to_disease,proposed_dp_eps8_sparse_diverse,DP-CounterGAN eps=8,303,1.5961452521921515,1.596150918739682,5.666547530536192e-06,True
no_disease_to_disease,countergan_one_shot,Non-DP CounterGAN,303,4.566195818994085,4.5662026032310905,6.784237005064142e-06,True
disease_to_no_disease,uniform_random,Baseline,303,-1.7327468124321008,-1.7327414382498627,5.374182238115921e-06,True
disease_to_no_disease,proposed_dp_eps16_sparse_diverse,DP-CounterGAN eps=16,303,-2.264005845515184,-2.264001404443633,4.441071550953524e-06,True
disease_to_no_disease,proposed_dp_eps2_sparse_diverse,DP-CounterGAN eps=2,303,-24.529274690414265,-24.529275007450085,3.170358198190115e-07,True
disease_to_no_disease,proposed_dp_eps4_sparse_diverse,DP-CounterGAN eps=4,303,-4.213413456760884,-4.2134093237658,4.132995083949709e-06,True
disease_to_no_disease,proposed_dp_eps8_sparse_diverse,DP-CounterGAN eps=8,303,-5.2823738755720955,-5.282369754903404,4.120668691598439e-06,True
disease_to_no_disease,countergan_sparse_diverse_no_dp,Non-DP CounterGAN,303,-13.484845340359925,-13.484843393982558,1.946377366834895e-06,True
no_disease_to_disease,uniform_random,Baseline,303,7.382968076078399,7.382975200435754,7.124357355614563e-06,True
no_disease_to_disease,proposed_dp_eps16_sparse_diverse,DP-CounterGAN eps=16,303,2.5930663525185977,2.5930717301941146,5.377675516893277e-06,True
no_disease_to_disease,proposed_dp_eps2_sparse_diverse,DP-CounterGAN eps=2,303,1.1261508389514905,1.1261567414931775,5.902541686975127e-06,True
no_disease_to_disease,proposed_dp_eps4_sparse_diverse,DP-CounterGAN eps=4,303,2.1731223402246265,2.1731275945266564,5.254302029911173e-06,True
no_disease_to_disease,proposed_dp_eps8_sparse_diverse,DP-CounterGAN eps=8,303,16.136395306903218,16.13640450674278,9.199839563933665e-06,True
no_disease_to_disease,proposed_countergan,Non-DP CounterGAN,303,8.36237737259421,8.36238469571511,7.323120899016544e-06,True
disease_to_no_disease,genetic_cfe,Baseline,303,-2.481767702005703,-2.481763071595283,4.630410419981246e-06,True
disease_to_no_disease,proposed_dp_eps16_sparse_diverse,DP-CounterGAN eps=16,303,-6.699610324700096,-6.699606459333762,3.8653663336774e-06,True
disease_to_no_disease,proposed_dp_eps2_sparse_diverse,DP-CounterGAN eps=2,303,-13.077298619934927,-13.077296419387395,2.2005475326380974e-06,True
disease_to_no_disease,proposed_dp_eps4_sparse_diverse,DP-CounterGAN eps=4,303,-2.1234987644447596,-2.1234943751479713,4.389296788254171e-06,True
disease_to_no_disease,proposed_dp_eps8_sparse_diverse,DP-CounterGAN eps=8,303,-0.6200837662296106,-0.6200785285094806,5.237720129946943e-06,True
disease_to_no_disease,countergan_one_shot,Non-DP CounterGAN,303,-3.7784831099790077,-3.7784789627440616,4.147234946128009e-06,True
no_disease_to_disease,uniform_random,Baseline,303,1.7190814117216604,1.7190873805031375,5.968781477072582e-06,True
no_disease_to_disease,proposed_dp_eps16_sparse_diverse,DP-CounterGAN eps=16,303,2.424463425762406,2.424469475225296,6.049462890178603e-06,True
no_disease_to_disease,proposed_dp_eps2_sparse_diverse,DP-CounterGAN eps=2,303,9.689926232010308,9.689934102300361,7.870290053446638e-06,True
no_disease_to_disease,proposed_dp_eps4_sparse_diverse,DP-CounterGAN eps=4,303,0.5548122822672514,0.5548179727146976,5.690447446138336e-06,True
no_disease_to_disease,proposed_dp_eps8_sparse_diverse,DP-CounterGAN eps=8,303,0.7512796846707026,0.7512846031183701,4.9184476674790645e-06,True
no_disease_to_disease,countergan_one_shot,Non-DP CounterGAN,303,7.32521489148866,7.32522156734833,6.675859670401962e-06,True
disease_to_no_disease,uniform_random,Baseline,303,-2.60755454512117,-2.6075492845730883,5.2605480815870465e-06,True
disease_to_no_disease,proposed_dp_eps16_sparse_diverse,DP-CounterGAN eps=16,303,-5.864510866150816,-5.864506996918851,3.869231965047959e-06,True
disease_to_no_disease,proposed_dp_eps2_sparse_diverse,DP-CounterGAN eps=2,303,-2.2604370761812964,-2.260432419082763,4.657098533478177e-06,True
disease_to_no_disease,proposed_dp_eps4_sparse_diverse,DP-CounterGAN eps=4,303,-11.662408924137157,-11.662406346182548,2.5779546088955385e-06,True
disease_to_no_disease,proposed_dp_eps8_sparse_diverse,DP-CounterGAN eps=8,303,-0.6345362974379425,-0.6345315378984469,4.7595394956356785e-06,True
disease_to_no_disease,proposed_countergan,Non-DP CounterGAN,303,-3.8321325723051674,-3.8321284543176093,4.1179875580610315e-06,True
no_disease_to_disease,uniform_random,Baseline,303,1.2404823613688158,1.240488108298256,5.7469294401091275e-06,True
no_disease_to_disease,proposed_dp_eps16_sparse_diverse,DP-CounterGAN eps=16,303,2.660515636425508,2.6605211163241482,5.479898640192715e-06,True
no_disease_to_disease,proposed_dp_eps2_sparse_diverse,DP-CounterGAN eps=2,303,19.4993178399412,19.499327799216545,9.95927534575003e-06,True
no_disease_to_disease,proposed_dp_eps4_sparse_diverse,DP-CounterGAN eps=4,303,5.228139888120314,5.228146726959093,6.838838778833178e-06,True
no_disease_to_disease,proposed_dp_eps8_sparse_diverse,DP-CounterGAN eps=8,303,1.6244576835668063,1.6244634359954147,5.75242860834102e-06,True
no_disease_to_disease,proposed_countergan,Non-DP CounterGAN,303,8.113720787239796,8.113728064328205,7.277088409196608e-06,True
disease_to_no_disease,uniform_random,Baseline,303,-2.542533343355581,-2.5425285666360176,4.776719563448495e-06,True
disease_to_no_disease,proposed_dp_eps16_sparse_diverse,DP-CounterGAN eps=16,303,-0.7254517590496015,-0.7254461594891389,5.599560462532516e-06,True
disease_to_no_disease,proposed_dp_eps2_sparse_diverse,DP-CounterGAN eps=2,303,-1.0628262359700553,-1.0628211272168975,5.108753157845314e-06,True
disease_to_no_disease,proposed_dp_eps4_sparse_diverse,DP-CounterGAN eps=4,303,-13.272176794785718,-13.272174753130615,2.041655102758e-06,True
disease_to_no_disease,proposed_dp_eps8_sparse_diverse,DP-CounterGAN eps=8,303,-1.426496013097326,-1.4264913977177593,4.615379566752509e-06,True
disease_to_no_disease,countergan_sparse_diverse_no_dp,Non-DP CounterGAN,303,-4.901052028233931,-4.901048162699954,3.86553397646594e-06,True
no_disease_to_disease,genetic_cfe,Baseline,303,26.963432597371536,26.963444004814978,1.1407443441413534e-05,True
no_disease_to_disease,proposed_dp_eps16_sparse_diverse,DP-CounterGAN eps=16,303,8.139225920588201,8.139233216330696,7.295742495472268e-06,True
no_disease_to_disease,proposed_dp_eps2_sparse_diverse,DP-CounterGAN eps=2,303,13.099083921325114,13.099093016235571,9.094910456752814e-06,True
no_disease_to_disease,proposed_dp_eps4_sparse_diverse,DP-CounterGAN eps=4,303,1.1309901285463386,1.1309959543316375,5.825785298840813e-06,True
no_disease_to_disease,proposed_dp_eps8_sparse_diverse,DP-CounterGAN eps=8,303,1.3139614405917897,1.313966898199282,5.457607492376226e-06,True
no_disease_to_disease,proposed_countergan,Non-DP CounterGAN,303,8.076129236050797,8.076136636128782,7.400077985053599e-06,True
disease_to_no_disease,uniform_random,Baseline,303,-6.357793426171762,-6.357789578069448,3.848102314130131e-06,True
disease_to_no_disease,proposed_dp_eps16_sparse_diverse,DP-CounterGAN eps=16,303,-8.72412270668109,-8.724119566087767,3.1405933231809513e-06,True
disease_to_no_disease,proposed_dp_eps2_sparse_diverse,DP-CounterGAN eps=2,303,-9.676896364761827,-9.676893692431765,2.6723300621256385e-06,True
disease_to_no_disease,proposed_dp_eps4_sparse_diverse,DP-CounterGAN eps=4,303,-4.176165862457659,-4.1761617608892925,4.101568366721153e-06,True
disease_to_no_disease,proposed_dp_eps8_sparse_diverse,DP-CounterGAN eps=8,303,-4.380275625484041,-4.380271592660034,4.0328240062947884e-06,True
disease_to_no_disease,countergan_sparse_diverse_no_dp,Non-DP CounterGAN,303,-7.126046314356867,-7.12604276516105,3.5491958172428895e-06,True
no_disease_to_disease,genetic_cfe,Baseline,303,3.0207839987137284,3.020790035664075,6.0369503467327945e-06,True
no_disease_to_disease,proposed_dp_eps16_sparse_diverse,DP-CounterGAN eps=16,303,7.002553156731182,7.002560259324258,7.102593076346864e-06,True
no_disease_to_disease,proposed_dp_eps2_sparse_diverse,DP-CounterGAN eps=2,303,0.2501806784562888,0.25018590010671254,5.221650423770097e-06,True
no_disease_to_disease,proposed_dp_eps4_sparse_diverse,DP-CounterGAN eps=4,303,0.44454659191525003,0.4445515031121786,4.911196928580885e-06,True
no_disease_to_disease,proposed_dp_eps8_sparse_diverse,DP-CounterGAN eps=8,303,5.500549709172404,5.500556230418672,6.521246268320624e-06,True
no_disease_to_disease,countergan_one_shot,Non-DP CounterGAN,303,2.1317274760128555,2.1317327665075365,5.2904946810095055e-06,True
disease_to_no_disease,uniform_random,Baseline,303,-4.665792827824871,-4.66578845204384,4.375781030852011e-06,True
disease_to_no_disease,proposed_dp_eps16_sparse_diverse,DP-CounterGAN eps=16,303,-15.609399798661425,-15.609398249016778,1.549644647269588e-06,True
disease_to_no_disease,proposed_dp_eps2_sparse_diverse,DP-CounterGAN eps=2,303,-42.754523661817196,-42.75452807566303,4.4138458363818245e-06,True
disease_to_no_disease,proposed_dp_eps4_sparse_diverse,DP-CounterGAN eps=4,303,-8.631523051037568,-8.631519645984014,3.405053554672577e-06,True
disease_to_no_disease,proposed_dp_eps8_sparse_diverse,DP-CounterGAN eps=8,303,-3.9370128727575007,-3.93700809771737,4.775040130855501e-06,True
disease_to_no_disease,proposed_countergan,Non-DP CounterGAN,303,-5.067594604705693,-5.067590973272859,3.631432834438897e-06,True
no_disease_to_disease,uniform_random,Baseline,303,1.9553369560210356,1.9553427549850455,5.798964009873231e-06,True
no_disease_to_disease,proposed_dp_eps16_sparse_diverse,DP-CounterGAN eps=16,303,1.1148416597744877,1.114847088896627,5.429122139410936e-06,True
no_disease_to_disease,proposed_dp_eps2_sparse_diverse,DP-CounterGAN eps=2,303,1.7774358670092738,1.7774413645119704,5.497502696627521e-06,True
no_disease_to_disease,proposed_dp_eps4_sparse_diverse,DP-CounterGAN eps=4,303,1.1799465983351247,1.1799521519581626,5.553623037890532e-06,True
no_disease_to_disease,proposed_dp_eps8_sparse_diverse,DP-CounterGAN eps=8,303,1.3607790801376964,1.3607844377086022,5.3575709058062415e-06,True
no_disease_to_disease,countergan_one_shot,Non-DP CounterGAN,303,8.509503948232947,8.50951132017564,7.371942693623623e-06,True
disease_to_no_disease,genetic_cfe,Baseline,303,-4.019603674173375,-4.019599546558162,4.127615213178615e-06,True
disease_to_no_disease,proposed_dp_eps16_sparse_diverse,DP-CounterGAN eps=16,303,-5.567077204244219,-5.567073329215325,3.875028894206878e-06,True
disease_to_no_disease,proposed_dp_eps2_sparse_diverse,DP-CounterGAN eps=2,303,-16.270088814712988,-16.270087194969026,1.6197439620668774e-06,True
disease_to_no_disease,proposed_dp_eps4_sparse_diverse,DP-CounterGAN eps=4,303,-3.7579042774621865,-3.757899890250758,4.3872114283693975e-06,True
disease_to_no_disease,proposed_dp_eps8_sparse_diverse,DP-CounterGAN eps=8,303,-0.5915183794386403,-0.5915131213679561,5.258070684188709e-06,True
disease_to_no_disease,countergan_sparse_diverse_no_dp,Non-DP CounterGAN,303,-9.278811612102654,-9.278808553667918,3.058434735692117e-06,True
no_disease_to_disease,uniform_random,Baseline,303,5.433611456450583,5.4336176827250195,6.226274436471613e-06,True
no_disease_to_disease,proposed_dp_eps16_sparse_diverse,DP-CounterGAN eps=16,303,7.742881238246641,7.7428884790595385,7.240812897713056e-06,True
no_disease_to_disease,proposed_dp_eps2_sparse_diverse,DP-CounterGAN eps=2,303,1.8598666890368012,1.8598728483688378,6.159332036625997e-06,True
no_disease_to_disease,proposed_dp_eps4_sparse_diverse,DP-CounterGAN eps=4,303,0.2843542624965174,0.2843592954638327,5.0329673152993415e-06,True
no_disease_to_disease,proposed_dp_eps8_sparse_diverse,DP-CounterGAN eps=8,303,2.6920066626322203,2.692012605405283,5.94277306253943e-06,True
no_disease_to_disease,proposed_countergan,Non-DP CounterGAN,303,13.560451794555824,13.560460939561981,9.145006156785485e-06,True
disease_to_no_disease,uniform_random,Baseline,303,-1.1904505150151063,-1.190445339045445,5.175969661319613e-06,True
disease_to_no_disease,proposed_dp_eps16_sparse_diverse,DP-CounterGAN eps=16,303,-32.838789069986554,-32.838790532427396,1.462440842203705e-06,True
disease_to_no_disease,proposed_dp_eps2_sparse_diverse,DP-CounterGAN eps=2,303,-9.105244683909289,-9.105241617799566,3.0661097234485624e-06,True
disease_to_no_disease,proposed_dp_eps4_sparse_diverse,DP-CounterGAN eps=4,303,-6.797145506151961,-6.797141532920487,3.973231473608507e-06,True
disease_to_no_disease,proposed_dp_eps8_sparse_diverse,DP-CounterGAN eps=8,303,-0.9956309010946391,-0.9956252805130786,5.620581560505933e-06,True
disease_to_no_disease,proposed_countergan,Non-DP CounterGAN,303,-9.969679327530384,-9.969676691548788,2.6359815965548705e-06,True
no_disease_to_disease,uniform_random,Baseline,303,2.0757860582621674,2.0757913306821387,5.272419971280584e-06,True
no_disease_to_disease,proposed_dp_eps16_sparse_diverse,DP-CounterGAN eps=16,303,6.518824016625999,6.518830816911282,6.800285283325991e-06,True
no_disease_to_disease,proposed_dp_eps2_sparse_diverse,DP-CounterGAN eps=2,303,13.908768307572515,13.908777311674983,9.004102468068709e-06,True
no_disease_to_disease,proposed_dp_eps4_sparse_diverse,DP-CounterGAN eps=4,303,2.42511460991685,2.4251202946771455,5.684760295388003e-06,True
no_disease_to_disease,proposed_dp_eps8_sparse_diverse,DP-CounterGAN eps=8,303,8.451660142804663,8.451668106860195,7.96405553238344e-06,True
no_disease_to_disease,proposed_countergan,Non-DP CounterGAN,303,11.603738336233132,11.603746999577996,8.663344864601186e-06,True
disease_to_no_disease,uniform_random,Baseline,303,-12.360887119010759,-12.360884477181651,2.6418291074747913e-06,True
disease_to_no_disease,proposed_dp_eps16_sparse_diverse,DP-CounterGAN eps=16,303,-0.31128510682103183,-0.3112796957651081,5.41105592372082e-06,True
disease_to_no_disease,proposed_dp_eps2_sparse_diverse,DP-CounterGAN eps=2,303,-15.299196221396565,-15.299194605622178,1.6157743871758612e-06,True
disease_to_no_disease,proposed_dp_eps4_sparse_diverse,DP-CounterGAN eps=4,303,-4.052328192769029,-4.052323532132605,4.660636424347331e-06,True
disease_to_no_disease,proposed_dp_eps8_sparse_diverse,DP-CounterGAN eps=8,303,-0.12741996163464275,-0.12741483271158147,5.128923061287205e-06,True
disease_to_no_disease,proposed_countergan,Non-DP CounterGAN,303,-1.449942312048731,-1.4499368426497776,5.469398953295013e-06,True
no_disease_to_disease,genetic_cfe,Baseline,303,7.684616629364772,7.684623808315834,7.1789510620590136e-06,True
no_disease_to_disease,proposed_dp_eps16_sparse_diverse,DP-CounterGAN eps=16,303,1.4129216210958404,1.412926678397115,5.057301274646875e-06,True
no_disease_to_disease,proposed_dp_eps2_sparse_diverse,DP-CounterGAN eps=2,303,7.837532661631496,7.837539115149679,6.453518182958362e-06,True
no_disease_to_disease,proposed_dp_eps4_sparse_diverse,DP-CounterGAN eps=4,303,1.400144335674014,1.4001497359379034,5.400263889399071e-06,True
no_disease_to_disease,proposed_dp_eps8_sparse_diverse,DP-CounterGAN eps=8,303,0.21027779385331868,0.2102832513513492,5.4574980305199805e-06,True
no_disease_to_disease,countergan_one_shot,Non-DP CounterGAN,303,4.751801546381792,4.751807671220853,6.124839060817067e-06,True
disease_to_no_disease,uniform_random,Baseline,303,-5.28599434776997,-5.285990287753788,4.060016181917092e-06,True
disease_to_no_disease,proposed_dp_eps16_sparse_diverse,DP-CounterGAN eps=16,303,-0.1333656219913637,-0.13336080281439516,4.819176968540173e-06,True
disease_to_no_disease,proposed_dp_eps2_sparse_diverse,DP-CounterGAN eps=2,303,-6.94182974083793,-6.941826241148814,3.4996891162819566e-06,True
disease_to_no_disease,proposed_dp_eps4_sparse_diverse,DP-CounterGAN eps=4,303,-1.8070077920756464,-1.8070024738517174,5.318223929018373e-06,True
disease_to_no_disease,proposed_dp_eps8_sparse_diverse,DP-CounterGAN eps=8,303,-19.092190545358946,-19.092189288053994,1.2573049517072832e-06,True
disease_to_no_disease,countergan_sparse_diverse_no_dp,Non-DP CounterGAN,303,-0.46865784180025294,-0.4686529838223811,4.857977871863817e-06,True
no_disease_to_disease,uniform_random,Baseline,303,6.226721984029421,6.226729550562117,7.566532696401396e-06,True
no_disease_to_disease,proposed_dp_eps16_sparse_diverse,DP-CounterGAN eps=16,303,10.279677485367962,10.279685753597724,8.26822976129904e-06,True
no_disease_to_disease,proposed_dp_eps2_sparse_diverse,DP-CounterGAN eps=2,303,9.369812279790963,9.369819756969001,7.47717803761816e-06,True
no_disease_to_disease,proposed_dp_eps4_sparse_diverse,DP-CounterGAN eps=4,303,0.8196471723301215,0.8196523943042693,5.221974147762154e-06,True
no_disease_to_disease,proposed_dp_eps8_sparse_diverse,DP-CounterGAN eps=8,303,23.35461744272878,23.354627797177653,1.0354448871652266e-05,True
no_disease_to_disease,countergan_sparse_diverse_no_dp,Non-DP CounterGAN,303,13.980695755032954,13.980704755630299,9.000597344765993e-06,True
disease_to_no_disease,uniform_random,Baseline,303,-5.742986714771603,-5.742982495791861,4.218979741565931e-06,True
disease_to_no_disease,proposed_dp_eps16_sparse_diverse,DP-CounterGAN eps=16,303,-22.864825769997598,-22.864824792577824,9.774197735623602e-07,True
disease_to_no_disease,proposed_dp_eps2_sparse_diverse,DP-CounterGAN eps=2,303,-0.7213386170359479,-0.7213330684383618,5.548597586169102e-06,True
disease_to_no_disease,proposed_dp_eps4_sparse_diverse,DP-CounterGAN eps=4,303,-10.407574754962026,-10.407571933102906,2.821859119706005e-06,True
disease_to_no_disease,proposed_dp_eps8_sparse_diverse,DP-CounterGAN eps=8,303,-17.675442108921295,-17.675440593035123,1.515886172143155e-06,True
disease_to_no_disease,proposed_countergan,Non-DP CounterGAN,303,-3.218349857987053,-3.2183443232488846,5.534738168222475e-06,True
no_disease_to_disease,uniform_random,Baseline,303,4.686649491060436,4.686655760454499,6.2693940634517276e-06,True
no_disease_to_disease,proposed_dp_eps16_sparse_diverse,DP-CounterGAN eps=16,303,16.90412576765787,16.904135646423576,9.87876570590629e-06,True
