round,candidates,candidates_cumulative,feasible_candidates,margin_valid_candidates,archive_size,round_elapsed_seconds,cumulative_elapsed_seconds,proposal_adapts_to_oracle,acceptance_denominator_kind,query_id,method,method_seed,run_seed,robustness_seed,generator_training_seed,candidate_budget,direction,optimization_steps,gradient_restarts,final_unique_candidate_pool,backward_steps
1,64,64,64,23,23,0.0467345099987142,0.0467345099987142,False,all independently sampled candidates,0,uniform_random,11,5125795,12125795,,512,disease_to_no_disease,,,,
2,64,128,64,33,56,0.045561812999949325,0.09229632299866353,False,all independently sampled candidates,0,uniform_random,11,5125795,12125795,,512,disease_to_no_disease,,,,
3,64,192,64,30,86,0.04628087899982347,0.138577201998487,False,all independently sampled candidates,0,uniform_random,11,5125795,12125795,,512,disease_to_no_disease,,,,
4,64,256,64,27,113,0.04549595700154896,0.18407315900003596,False,all independently sampled candidates,0,uniform_random,11,5125795,12125795,,512,disease_to_no_disease,,,,
5,64,320,64,26,139,0.04730083699905663,0.23137399599909259,False,all independently sampled candidates,0,uniform_random,11,5125795,12125795,,512,disease_to_no_disease,,,,
6,64,384,64,20,159,0.04604391300017596,0.27741790899926855,False,all independently sampled candidates,0,uniform_random,11,5125795,12125795,,512,disease_to_no_disease,,,,
7,64,448,64,31,190,0.04936369700044452,0.32678160599971307,False,all independently sampled candidates,0,uniform_random,11,5125795,12125795,,512,disease_to_no_disease,,,,
8,64,512,64,32,222,0.050339224999333965,0.37712083099904703,False,all independently sampled candidates,0,uniform_random,11,5125795,12125795,,512,disease_to_no_disease,,,,
1,64,64,64,23,23,0.046556452000004356,0.046556452000004356,True,all genetic population candidates,0,genetic_cfe,11,5125795,12125795,,512,disease_to_no_disease,,,,
2,64,128,64,45,65,0.0464751220006292,0.09303157400063355,True,all genetic population candidates,0,genetic_cfe,11,5125795,12125795,,512,disease_to_no_disease,,,,
3,64,192,64,59,122,0.0497647619995405,0.14279633600017405,True,all genetic population candidates,0,genetic_cfe,11,5125795,12125795,,512,disease_to_no_disease,,,,
4,64,256,64,58,179,0.05377790900092805,0.1965742450011021,True,all genetic population candidates,0,genetic_cfe,11,5125795,12125795,,512,disease_to_no_disease,,,,
5,64,320,64,58,235,0.05393087199990987,0.25050511700101197,True,all genetic population candidates,0,genetic_cfe,11,5125795,12125795,,512,disease_to_no_disease,,,,
6,64,384,64,55,288,0.056053155998597504,0.30655827299960947,True,all genetic population candidates,0,genetic_cfe,11,5125795,12125795,,512,disease_to_no_disease,,,,
7,64,448,64,53,335,0.05863471100019524,0.3651929839998047,True,all genetic population candidates,0,genetic_cfe,11,5125795,12125795,,512,disease_to_no_disease,,,,
8,64,512,64,56,388,0.06326470200110634,0.42845768600091105,True,all genetic population candidates,0,genetic_cfe,11,5125795,12125795,,512,disease_to_no_disease,,,,
1,512,512,16,16,1,0.11423509900123463,0.11423509900123463,True,final restart pool only,0,dice_gradient_style,11,5125795,12125795,,512,disease_to_no_disease,31.0,16.0,16.0,31.0
1,512,512,16,16,1,0.11130834199866513,0.11130834199866513,True,final restart pool only,0,wachter_style,11,5125795,12125795,,512,disease_to_no_disease,31.0,16.0,16.0,31.0
1,64,64,64,38,38,0.04684357600126532,0.04684357600126532,False,all independently sampled candidates,1,uniform_random,11,6125798,13125798,,512,disease_to_no_disease,,,,
2,64,128,64,40,78,0.048502124000151525,0.09534570000141684,False,all independently sampled candidates,1,uniform_random,11,6125798,13125798,,512,disease_to_no_disease,,,,
3,64,192,64,32,110,0.04672841199862887,0.14207411200004572,False,all independently sampled candidates,1,uniform_random,11,6125798,13125798,,512,disease_to_no_disease,,,,
4,64,256,64,30,140,0.046742184000322595,0.1888162960003683,False,all independently sampled candidates,1,uniform_random,11,6125798,13125798,,512,disease_to_no_disease,,,,
5,64,320,64,37,177,0.04883961100131273,0.23765590700168104,False,all independently sampled candidates,1,uniform_random,11,6125798,13125798,,512,disease_to_no_disease,,,,
6,64,384,64,37,214,0.060375210998245166,0.2980311179999262,False,all independently sampled candidates,1,uniform_random,11,6125798,13125798,,512,disease_to_no_disease,,,,
7,64,448,63,24,238,0.05239049200099544,0.35042161000092165,False,all independently sampled candidates,1,uniform_random,11,6125798,13125798,,512,disease_to_no_disease,,,,
8,64,512,62,31,269,0.05367856200064125,0.4041001720015629,False,all independently sampled candidates,1,uniform_random,11,6125798,13125798,,512,disease_to_no_disease,,,,
1,64,64,64,38,38,0.04602148300000408,0.04602148300000408,True,all genetic population candidates,1,genetic_cfe,11,6125798,13125798,,512,disease_to_no_disease,,,,
2,64,128,64,44,80,0.04703715200048464,0.09305863500048872,True,all genetic population candidates,1,genetic_cfe,11,6125798,13125798,,512,disease_to_no_disease,,,,
3,64,192,64,57,136,0.05143166500056395,0.14449030000105267,True,all genetic population candidates,1,genetic_cfe,11,6125798,13125798,,512,disease_to_no_disease,,,,
4,64,256,64,53,186,0.05249017399910372,0.1969804740001564,True,all genetic population candidates,1,genetic_cfe,11,6125798,13125798,,512,disease_to_no_disease,,,,
5,64,320,64,56,240,0.05602971900043485,0.25301019300059124,True,all genetic population candidates,1,genetic_cfe,11,6125798,13125798,,512,disease_to_no_disease,,,,
6,64,384,64,54,293,0.055879673000163166,0.3088898660007544,True,all genetic population candidates,1,genetic_cfe,11,6125798,13125798,,512,disease_to_no_disease,,,,
7,64,448,64,58,349,0.058440388000235544,0.36733025400098995,True,all genetic population candidates,1,genetic_cfe,11,6125798,13125798,,512,disease_to_no_disease,,,,
8,64,512,64,61,405,0.06377314199926332,0.43110339600025327,True,all genetic population candidates,1,genetic_cfe,11,6125798,13125798,,512,disease_to_no_disease,,,,
1,512,512,16,16,1,0.1281579079986841,0.1281579079986841,True,final restart pool only,1,dice_gradient_style,11,6125798,13125798,,512,disease_to_no_disease,31.0,16.0,16.0,31.0
1,512,512,16,16,1,0.11215969800105086,0.11215969800105086,True,final restart pool only,1,wachter_style,11,6125798,13125798,,512,disease_to_no_disease,31.0,16.0,16.0,31.0
1,64,64,64,25,25,0.046593906999987666,0.046593906999987666,False,all independently sampled candidates,2,uniform_random,11,7125801,14125801,,512,disease_to_no_disease,,,,
2,64,128,64,23,48,0.04736225899978308,0.09395616599977075,False,all independently sampled candidates,2,uniform_random,11,7125801,14125801,,512,disease_to_no_disease,,,,
3,64,192,64,26,74,0.05093431400018744,0.1448904799999582,False,all independently sampled candidates,2,uniform_random,11,7125801,14125801,,512,disease_to_no_disease,,,,
4,64,256,64,25,99,0.047218054000040866,0.19210853399999905,False,all independently sampled candidates,2,uniform_random,11,7125801,14125801,,512,disease_to_no_disease,,,,
5,64,320,64,25,124,0.04623925200030499,0.23834778600030404,False,all independently sampled candidates,2,uniform_random,11,7125801,14125801,,512,disease_to_no_disease,,,,
6,64,384,64,30,154,0.049297707999357954,0.287645493999662,False,all independently sampled candidates,2,uniform_random,11,7125801,14125801,,512,disease_to_no_disease,,,,
7,64,448,64,28,182,0.050895696000225144,0.33854118999988714,False,all independently sampled candidates,2,uniform_random,11,7125801,14125801,,512,disease_to_no_disease,,,,
8,64,512,64,29,211,0.049703970000336994,0.38824516000022413,False,all independently sampled candidates,2,uniform_random,11,7125801,14125801,,512,disease_to_no_disease,,,,
1,64,64,64,25,25,0.04609187700043549,0.04609187700043549,True,all genetic population candidates,2,genetic_cfe,11,7125801,14125801,,512,disease_to_no_disease,,,,
2,64,128,64,49,72,0.0478207129999646,0.09391259000040009,True,all genetic population candidates,2,genetic_cfe,11,7125801,14125801,,512,disease_to_no_disease,,,,
3,64,192,64,59,130,0.05303737699978228,0.14694996700018237,True,all genetic population candidates,2,genetic_cfe,11,7125801,14125801,,512,disease_to_no_disease,,,,
4,64,256,64,56,183,0.05531896700085781,0.20226893400104018,True,all genetic population candidates,2,genetic_cfe,11,7125801,14125801,,512,disease_to_no_disease,,,,
5,64,320,64,55,236,0.06581845199980307,0.26808738600084325,True,all genetic population candidates,2,genetic_cfe,11,7125801,14125801,,512,disease_to_no_disease,,,,
6,64,384,64,58,292,0.06277351799872122,0.33086090399956447,True,all genetic population candidates,2,genetic_cfe,11,7125801,14125801,,512,disease_to_no_disease,,,,
7,64,448,64,56,347,0.0619537290003791,0.39281463299994357,True,all genetic population candidates,2,genetic_cfe,11,7125801,14125801,,512,disease_to_no_disease,,,,
8,64,512,64,54,395,0.06198481899991748,0.45479945199986105,True,all genetic population candidates,2,genetic_cfe,11,7125801,14125801,,512,disease_to_no_disease,,,,
1,512,512,16,16,2,0.11979555600009917,0.11979555600009917,True,final restart pool only,2,dice_gradient_style,11,7125801,14125801,,512,disease_to_no_disease,31.0,16.0,16.0,31.0
1,512,512,16,16,1,0.10987277999993239,0.10987277999993239,True,final restart pool only,2,wachter_style,11,7125801,14125801,,512,disease_to_no_disease,31.0,16.0,16.0,31.0
1,64,64,64,31,31,0.0449470690000453,0.0449470690000453,False,all independently sampled candidates,3,uniform_random,11,8125804,15125804,,512,disease_to_no_disease,,,,
2,64,128,64,29,60,0.045677144998990116,0.09062421399903542,False,all independently sampled candidates,3,uniform_random,11,8125804,15125804,,512,disease_to_no_disease,,,,
3,64,192,64,21,81,0.043068554001365555,0.13369276800040097,False,all independently sampled candidates,3,uniform_random,11,8125804,15125804,,512,disease_to_no_disease,,,,
4,64,256,64,34,115,0.04858602299827908,0.18227879099868005,False,all independently sampled candidates,3,uniform_random,11,8125804,15125804,,512,disease_to_no_disease,,,,
5,64,320,64,32,147,0.04725109200080624,0.2295298829994863,False,all independently sampled candidates,3,uniform_random,11,8125804,15125804,,512,disease_to_no_disease,,,,
6,64,384,64,33,180,0.04881057500097086,0.27834045800045715,False,all independently sampled candidates,3,uniform_random,11,8125804,15125804,,512,disease_to_no_disease,,,,
7,64,448,64,38,218,0.052146834999803104,0.33048729300026025,False,all independently sampled candidates,3,uniform_random,11,8125804,15125804,,512,disease_to_no_disease,,,,
8,64,512,64,34,252,0.051416425998468185,0.38190371899872844,False,all independently sampled candidates,3,uniform_random,11,8125804,15125804,,512,disease_to_no_disease,,,,
1,64,64,64,31,31,0.0460921359990607,0.0460921359990607,True,all genetic population candidates,3,genetic_cfe,11,8125804,15125804,,512,disease_to_no_disease,,,,
2,64,128,64,49,76,0.049997996000456624,0.09609013199951733,True,all genetic population candidates,3,genetic_cfe,11,8125804,15125804,,512,disease_to_no_disease,,,,
3,64,192,64,55,127,0.05120660600005067,0.147296737999568,True,all genetic population candidates,3,genetic_cfe,11,8125804,15125804,,512,disease_to_no_disease,,,,
4,64,256,64,58,182,0.052393006000784226,0.19968974400035222,True,all genetic population candidates,3,genetic_cfe,11,8125804,15125804,,512,disease_to_no_disease,,,,
5,64,320,64,64,244,0.0577429619988834,0.2574327059992356,True,all genetic population candidates,3,genetic_cfe,11,8125804,15125804,,512,disease_to_no_disease,,,,
6,64,384,64,57,296,0.05682399100078328,0.3142566970000189,True,all genetic population candidates,3,genetic_cfe,11,8125804,15125804,,512,disease_to_no_disease,,,,
7,64,448,64,53,347,0.059356148000006215,0.3736128450000251,True,all genetic population candidates,3,genetic_cfe,11,8125804,15125804,,512,disease_to_no_disease,,,,
8,64,512,64,58,404,0.06145096899854252,0.43506381399856764,True,all genetic population candidates,3,genetic_cfe,11,8125804,15125804,,512,disease_to_no_disease,,,,
1,512,512,16,16,1,0.12141613600033452,0.12141613600033452,True,final restart pool only,3,dice_gradient_style,11,8125804,15125804,,512,disease_to_no_disease,31.0,16.0,16.0,31.0
1,512,512,16,16,1,0.10620934700091311,0.10620934700091311,True,final restart pool only,3,wachter_style,11,8125804,15125804,,512,disease_to_no_disease,31.0,16.0,16.0,31.0
1,64,64,64,18,18,0.04472074099976453,0.04472074099976453,False,all independently sampled candidates,4,uniform_random,11,9125807,16125807,,512,disease_to_no_disease,,,,
2,64,128,64,29,47,0.04674376199909602,0.09146450299886055,False,all independently sampled candidates,4,uniform_random,11,9125807,16125807,,512,disease_to_no_disease,,,,
3,64,192,62,25,72,0.04685869300010381,0.13832319599896437,False,all independently sampled candidates,4,uniform_random,11,9125807,16125807,,512,disease_to_no_disease,,,,
4,64,256,62,28,100,0.047970363000786165,0.18629355899975053,False,all independently sampled candidates,4,uniform_random,11,9125807,16125807,,512,disease_to_no_disease,,,,
5,64,320,64,30,130,0.047499197000433924,0.23379275600018445,False,all independently sampled candidates,4,uniform_random,11,9125807,16125807,,512,disease_to_no_disease,,,,
6,64,384,63,34,164,0.04967462999957206,0.2834673859997565,False,all independently sampled candidates,4,uniform_random,11,9125807,16125807,,512,disease_to_no_disease,,,,
7,64,448,60,26,190,0.04760089099909237,0.3310682769988489,False,all independently sampled candidates,4,uniform_random,11,9125807,16125807,,512,disease_to_no_disease,,,,
8,64,512,64,36,226,0.05023008900025161,0.3812983659991005,False,all independently sampled candidates,4,uniform_random,11,9125807,16125807,,512,disease_to_no_disease,,,,
1,64,64,64,18,18,0.04436658600025112,0.04436658600025112,True,all genetic population candidates,4,genetic_cfe,11,9125807,16125807,,512,disease_to_no_disease,,,,
2,64,128,64,42,55,0.04532810399905429,0.08969468999930541,True,all genetic population candidates,4,genetic_cfe,11,9125807,16125807,,512,disease_to_no_disease,,,,
3,64,192,64,56,103,0.04719478500010155,0.13688947499940696,True,all genetic population candidates,4,genetic_cfe,11,9125807,16125807,,512,disease_to_no_disease,,,,
4,64,256,64,57,155,0.05314529400129686,0.19003476900070382,True,all genetic population candidates,4,genetic_cfe,11,9125807,16125807,,512,disease_to_no_disease,,,,
5,64,320,64,58,209,0.05376669299948844,0.24380146200019226,True,all genetic population candidates,4,genetic_cfe,11,9125807,16125807,,512,disease_to_no_disease,,,,
6,64,384,64,59,265,0.055020514999341685,0.29882197699953394,True,all genetic population candidates,4,genetic_cfe,11,9125807,16125807,,512,disease_to_no_disease,,,,
7,64,448,64,60,323,0.0586748189998616,0.35749679599939554,True,all genetic population candidates,4,genetic_cfe,11,9125807,16125807,,512,disease_to_no_disease,,,,
8,64,512,64,55,372,0.05991999500110978,0.4174167910005053,True,all genetic population candidates,4,genetic_cfe,11,9125807,16125807,,512,disease_to_no_disease,,,,
1,512,512,16,16,1,0.11764153399963106,0.11764153399963106,True,final restart pool only,4,dice_gradient_style,11,9125807,16125807,,512,disease_to_no_disease,31.0,16.0,16.0,31.0
1,512,512,16,16,1,0.11212860500017996,0.11212860500017996,True,final restart pool only,4,wachter_style,11,9125807,16125807,,512,disease_to_no_disease,31.0,16.0,16.0,31.0
1,64,64,64,30,30,0.04436205799902382,0.04436205799902382,False,all independently sampled candidates,5,uniform_random,11,10125810,17125810,,512,disease_to_no_disease,,,,
2,64,128,64,33,63,0.04567015900101978,0.0900322170000436,False,all independently sampled candidates,5,uniform_random,11,10125810,17125810,,512,disease_to_no_disease,,,,
3,64,192,64,31,94,0.04674616000011156,0.13677837700015516,False,all independently sampled candidates,5,uniform_random,11,10125810,17125810,,512,disease_to_no_disease,,,,
4,64,256,64,29,123,0.04782274099852657,0.18460111799868173,False,all independently sampled candidates,5,uniform_random,11,10125810,17125810,,512,disease_to_no_disease,,,,
5,64,320,64,42,165,0.048328187000151956,0.23292930499883369,False,all independently sampled candidates,5,uniform_random,11,10125810,17125810,,512,disease_to_no_disease,,,,
6,64,384,64,31,196,0.05150575800143997,0.28443506300027366,False,all independently sampled candidates,5,uniform_random,11,10125810,17125810,,512,disease_to_no_disease,,,,
7,64,448,64,37,233,0.05286490799880994,0.3372999709990836,False,all independently sampled candidates,5,uniform_random,11,10125810,17125810,,512,disease_to_no_disease,,,,
8,64,512,64,34,267,0.05443081399971561,0.3917307849987992,False,all independently sampled candidates,5,uniform_random,11,10125810,17125810,,512,disease_to_no_disease,,,,
1,64,64,64,30,30,0.04508137800075929,0.04508137800075929,True,all genetic population candidates,5,genetic_cfe,11,10125810,17125810,,512,disease_to_no_disease,,,,
2,64,128,64,52,81,0.046206676999645424,0.09128805500040471,True,all genetic population candidates,5,genetic_cfe,11,10125810,17125810,,512,disease_to_no_disease,,,,
3,64,192,64,58,138,0.04972006500065618,0.1410081200010609,True,all genetic population candidates,5,genetic_cfe,11,10125810,17125810,,512,disease_to_no_disease,,,,
4,64,256,64,54,187,0.052220093999494566,0.19322821400055545,True,all genetic population candidates,5,genetic_cfe,11,10125810,17125810,,512,disease_to_no_disease,,,,
5,64,320,64,59,246,0.054377215999920736,0.2476054300004762,True,all genetic population candidates,5,genetic_cfe,11,10125810,17125810,,512,disease_to_no_disease,,,,
6,64,384,64,58,299,0.059370151999246445,0.30697558199972264,True,all genetic population candidates,5,genetic_cfe,11,10125810,17125810,,512,disease_to_no_disease,,,,
7,64,448,64,55,349,0.06011204700007511,0.36708762899979774,True,all genetic population candidates,5,genetic_cfe,11,10125810,17125810,,512,disease_to_no_disease,,,,
8,64,512,64,45,390,0.05631822000032116,0.4234058490001189,True,all genetic population candidates,5,genetic_cfe,11,10125810,17125810,,512,disease_to_no_disease,,,,
1,512,512,16,16,1,0.12233694700080378,0.12233694700080378,True,final restart pool only,5,dice_gradient_style,11,10125810,17125810,,512,disease_to_no_disease,31.0,16.0,16.0,31.0
1,512,512,16,16,1,0.10345372099982342,0.10345372099982342,True,final restart pool only,5,wachter_style,11,10125810,17125810,,512,disease_to_no_disease,31.0,16.0,16.0,31.0
1,64,64,64,28,28,0.04482014499990328,0.04482014499990328,False,all independently sampled candidates,6,uniform_random,11,11125813,18125813,,512,disease_to_no_disease,,,,
2,64,128,64,29,57,0.045777109000482596,0.09059725400038587,False,all independently sampled candidates,6,uniform_random,11,11125813,18125813,,512,disease_to_no_disease,,,,
3,64,192,64,36,93,0.04698268299944175,0.13757993699982762,False,all independently sampled candidates,6,uniform_random,11,11125813,18125813,,512,disease_to_no_disease,,,,
4,64,256,64,31,124,0.047362658000565716,0.18494259500039334,False,all independently sampled candidates,6,uniform_random,11,11125813,18125813,,512,disease_to_no_disease,,,,
5,64,320,64,30,154,0.04761687599966535,0.2325594710000587,False,all independently sampled candidates,6,uniform_random,11,11125813,18125813,,512,disease_to_no_disease,,,,
6,64,384,64,34,188,0.050242368000908755,0.28280183900096745,False,all independently sampled candidates,6,uniform_random,11,11125813,18125813,,512,disease_to_no_disease,,,,
7,64,448,64,30,218,0.05040141199970094,0.3332032510006684,False,all independently sampled candidates,6,uniform_random,11,11125813,18125813,,512,disease_to_no_disease,,,,
8,64,512,63,33,251,0.05318309299946122,0.3863863440001296,False,all independently sampled candidates,6,uniform_random,11,11125813,18125813,,512,disease_to_no_disease,,,,
1,64,64,64,28,28,0.04377596099948278,0.04377596099948278,True,all genetic population candidates,6,genetic_cfe,11,11125813,18125813,,512,disease_to_no_disease,,,,
2,64,128,64,52,80,0.04512135799996031,0.08889731899944309,True,all genetic population candidates,6,genetic_cfe,11,11125813,18125813,,512,disease_to_no_disease,,,,
3,64,192,64,51,125,0.049745341999368975,0.13864266099881206,True,all genetic population candidates,6,genetic_cfe,11,11125813,18125813,,512,disease_to_no_disease,,,,
4,64,256,64,56,180,0.05241297500106157,0.19105563599987363,True,all genetic population candidates,6,genetic_cfe,11,11125813,18125813,,512,disease_to_no_disease,,,,
5,64,320,64,53,233,0.05429616299988993,0.24535179899976356,True,all genetic population candidates,6,genetic_cfe,11,11125813,18125813,,512,disease_to_no_disease,,,,
6,64,384,64,52,282,0.0563286220003647,0.30168042100012826,True,all genetic population candidates,6,genetic_cfe,11,11125813,18125813,,512,disease_to_no_disease,,,,
7,64,448,64,60,340,0.059570226998403086,0.36125064799853135,True,all genetic population candidates,6,genetic_cfe,11,11125813,18125813,,512,disease_to_no_disease,,,,
8,64,512,64,59,395,0.06091969400040398,0.42217034199893533,True,all genetic population candidates,6,genetic_cfe,11,11125813,18125813,,512,disease_to_no_disease,,,,
1,512,512,16,16,1,0.10985129000073357,0.10985129000073357,True,final restart pool only,6,dice_gradient_style,11,11125813,18125813,,512,disease_to_no_disease,31.0,16.0,16.0,31.0
1,512,512,16,16,1,0.10477399499905005,0.10477399499905005,True,final restart pool only,6,wachter_style,11,11125813,18125813,,512,disease_to_no_disease,31.0,16.0,16.0,31.0
1,64,64,64,24,24,0.04641094399994472,0.04641094399994472,False,all independently sampled candidates,7,uniform_random,11,12125816,19125816,,512,disease_to_no_disease,,,,
2,64,128,64,19,43,0.047628890999476425,0.09403983499942115,False,all independently sampled candidates,7,uniform_random,11,12125816,19125816,,512,disease_to_no_disease,,,,
3,64,192,64,30,73,0.043823080999572994,0.13786291599899414,False,all independently sampled candidates,7,uniform_random,11,12125816,19125816,,512,disease_to_no_disease,,,,
4,64,256,64,35,108,0.04628767400026845,0.1841505899992626,False,all independently sampled candidates,7,uniform_random,11,12125816,19125816,,512,disease_to_no_disease,,,,
5,64,320,64,25,133,0.049065856999732205,0.2332164469989948,False,all independently sampled candidates,7,uniform_random,11,12125816,19125816,,512,disease_to_no_disease,,,,
6,64,384,63,22,155,0.04692857800000638,0.2801450249990012,False,all independently sampled candidates,7,uniform_random,11,12125816,19125816,,512,disease_to_no_disease,,,,
7,64,448,63,27,182,0.047986199000661145,0.3281312239996623,False,all independently sampled candidates,7,uniform_random,11,12125816,19125816,,512,disease_to_no_disease,,,,
8,64,512,63,35,217,0.05009531100040476,0.3782265350000671,False,all independently sampled candidates,7,uniform_random,11,12125816,19125816,,512,disease_to_no_disease,,,,
1,64,64,64,24,24,0.04331106700010423,0.04331106700010423,True,all genetic population candidates,7,genetic_cfe,11,12125816,19125816,,512,disease_to_no_disease,,,,
2,64,128,64,42,65,0.04484594599853153,0.08815701299863576,True,all genetic population candidates,7,genetic_cfe,11,12125816,19125816,,512,disease_to_no_disease,,,,
3,64,192,64,59,119,0.049641565999991144,0.1377985789986269,True,all genetic population candidates,7,genetic_cfe,11,12125816,19125816,,512,disease_to_no_disease,,,,
4,64,256,64,58,175,0.05023446500126738,0.1880330439998943,True,all genetic population candidates,7,genetic_cfe,11,12125816,19125816,,512,disease_to_no_disease,,,,
5,64,320,64,59,230,0.05280456499895081,0.2408376089988451,True,all genetic population candidates,7,genetic_cfe,11,12125816,19125816,,512,disease_to_no_disease,,,,
6,64,384,64,58,284,0.05752485500124749,0.2983624640000926,True,all genetic population candidates,7,genetic_cfe,11,12125816,19125816,,512,disease_to_no_disease,,,,
7,64,448,64,60,339,0.06187912399946072,0.3602415879995533,True,all genetic population candidates,7,genetic_cfe,11,12125816,19125816,,512,disease_to_no_disease,,,,
8,64,512,64,56,391,0.06359965299998294,0.42384124099953624,True,all genetic population candidates,7,genetic_cfe,11,12125816,19125816,,512,disease_to_no_disease,,,,
1,512,512,16,16,1,0.1107461030005652,0.1107461030005652,True,final restart pool only,7,dice_gradient_style,11,12125816,19125816,,512,disease_to_no_disease,31.0,16.0,16.0,31.0
1,512,512,16,16,1,0.10178005000125268,0.10178005000125268,True,final restart pool only,7,wachter_style,11,12125816,19125816,,512,disease_to_no_disease,31.0,16.0,16.0,31.0
1,64,64,64,32,32,0.04396729099971708,0.04396729099971708,False,all independently sampled candidates,8,uniform_random,11,13125819,20125819,,512,disease_to_no_disease,,,,
2,64,128,64,34,66,0.04559521999908611,0.08956251099880319,False,all independently sampled candidates,8,uniform_random,11,13125819,20125819,,512,disease_to_no_disease,,,,
3,64,192,64,37,103,0.04647654000109469,0.13603905099989788,False,all independently sampled candidates,8,uniform_random,11,13125819,20125819,,512,disease_to_no_disease,,,,
4,64,256,64,31,134,0.04748025799926836,0.18351930899916624,False,all independently sampled candidates,8,uniform_random,11,13125819,20125819,,512,disease_to_no_disease,,,,
5,64,320,64,30,164,0.04779989300004672,0.23131920199921296,False,all independently sampled candidates,8,uniform_random,11,13125819,20125819,,512,disease_to_no_disease,,,,
6,64,384,64,37,201,0.05059859399989364,0.2819177959991066,False,all independently sampled candidates,8,uniform_random,11,13125819,20125819,,512,disease_to_no_disease,,,,
7,64,448,64,34,235,0.05204571900139854,0.33396351500050514,False,all independently sampled candidates,8,uniform_random,11,13125819,20125819,,512,disease_to_no_disease,,,,
8,64,512,64,33,268,0.05469686199830903,0.38866037699881417,False,all independently sampled candidates,8,uniform_random,11,13125819,20125819,,512,disease_to_no_disease,,,,
1,64,64,64,32,32,0.045578984998428496,0.045578984998428496,True,all genetic population candidates,8,genetic_cfe,11,13125819,20125819,,512,disease_to_no_disease,,,,
2,64,128,64,59,87,0.04838324500087765,0.09396222999930615,True,all genetic population candidates,8,genetic_cfe,11,13125819,20125819,,512,disease_to_no_disease,,,,
3,64,192,64,60,145,0.05055415599963453,0.14451638599894068,True,all genetic population candidates,8,genetic_cfe,11,13125819,20125819,,512,disease_to_no_disease,,,,
4,64,256,64,59,203,0.05420025000057649,0.19871663599951717,True,all genetic population candidates,8,genetic_cfe,11,13125819,20125819,,512,disease_to_no_disease,,,,
5,64,320,64,57,255,0.05467634500018903,0.2533929809997062,True,all genetic population candidates,8,genetic_cfe,11,13125819,20125819,,512,disease_to_no_disease,,,,
6,64,384,64,60,314,0.05912593999892124,0.31251892099862744,True,all genetic population candidates,8,genetic_cfe,11,13125819,20125819,,512,disease_to_no_disease,,,,
7,64,448,64,60,369,0.06360398600008921,0.37612290699871664,True,all genetic population candidates,8,genetic_cfe,11,13125819,20125819,,512,disease_to_no_disease,,,,
8,64,512,64,63,427,0.06541403200026252,0.44153693899897917,True,all genetic population candidates,8,genetic_cfe,11,13125819,20125819,,512,disease_to_no_disease,,,,
1,512,512,16,16,1,0.11290803699921526,0.11290803699921526,True,final restart pool only,8,dice_gradient_style,11,13125819,20125819,,512,disease_to_no_disease,31.0,16.0,16.0,31.0
1,512,512,16,16,1,0.1002979820004839,0.1002979820004839,True,final restart pool only,8,wachter_style,11,13125819,20125819,,512,disease_to_no_disease,31.0,16.0,16.0,31.0
1,64,64,64,34,34,0.044190724000145565,0.044190724000145565,False,all independently sampled candidates,9,uniform_random,11,14125822,21125822,,512,disease_to_no_disease,,,,
2,64,128,64,37,71,0.047038515000167536,0.0912292390003131,False,all independently sampled candidates,9,uniform_random,11,14125822,21125822,,512,disease_to_no_disease,,,,
3,64,192,64,38,109,0.04651483300040127,0.13774407200071437,False,all independently sampled candidates,9,uniform_random,11,14125822,21125822,,512,disease_to_no_disease,,,,
4,64,256,64,35,144,0.04843575199993211,0.18617982400064648,False,all independently sampled candidates,9,uniform_random,11,14125822,21125822,,512,disease_to_no_disease,,,,
5,64,320,64,38,182,0.05028218099869264,0.23646200499933911,False,all independently sampled candidates,9,uniform_random,11,14125822,21125822,,512,disease_to_no_disease,,,,
6,64,384,64,32,214,0.050659794000239344,0.28712179899957846,False,all independently sampled candidates,9,uniform_random,11,14125822,21125822,,512,disease_to_no_disease,,,,
7,64,448,64,32,246,0.04986045100122283,0.3369822500008013,False,all independently sampled candidates,9,uniform_random,11,14125822,21125822,,512,disease_to_no_disease,,,,
8,64,512,64,25,271,0.04819445399880351,0.3851767039996048,False,all independently sampled candidates,9,uniform_random,11,14125822,21125822,,512,disease_to_no_disease,,,,
1,64,64,64,34,34,0.04622846100028255,0.04622846100028255,True,all genetic population candidates,9,genetic_cfe,11,14125822,21125822,,512,disease_to_no_disease,,,,
2,64,128,64,55,88,0.04872356600026251,0.09495202700054506,True,all genetic population candidates,9,genetic_cfe,11,14125822,21125822,,512,disease_to_no_disease,,,,
3,64,192,64,58,145,0.05027469599917822,0.14522672299972328,True,all genetic population candidates,9,genetic_cfe,11,14125822,21125822,,512,disease_to_no_disease,,,,
4,64,256,64,56,200,0.053763269001137814,0.1989899920008611,True,all genetic population candidates,9,genetic_cfe,11,14125822,21125822,,512,disease_to_no_disease,,,,
5,64,320,64,60,258,0.05457513600049424,0.25356512800135533,True,all genetic population candidates,9,genetic_cfe,11,14125822,21125822,,512,disease_to_no_disease,,,,
6,64,384,64,54,310,0.057546457999706035,0.31111158600106137,True,all genetic population candidates,9,genetic_cfe,11,14125822,21125822,,512,disease_to_no_disease,,,,
7,64,448,64,60,363,0.07002160999945772,0.3811331960005191,True,all genetic population candidates,9,genetic_cfe,11,14125822,21125822,,512,disease_to_no_disease,,,,
8,64,512,64,62,419,0.06920946600075695,0.45034266200127604,True,all genetic population candidates,9,genetic_cfe,11,14125822,21125822,,512,disease_to_no_disease,,,,
1,512,512,16,16,1,0.12288685299972713,0.12288685299972713,True,final restart pool only,9,dice_gradient_style,11,14125822,21125822,,512,disease_to_no_disease,31.0,16.0,16.0,31.0
1,512,512,16,16,1,0.10473168499993335,0.10473168499993335,True,final restart pool only,9,wachter_style,11,14125822,21125822,,512,disease_to_no_disease,31.0,16.0,16.0,31.0
1,64,64,64,36,36,0.0505741319993831,0.0505741319993831,False,all independently sampled candidates,10,uniform_random,11,15125825,22125825,,512,disease_to_no_disease,,,,
2,64,128,64,30,66,0.052830460999757634,0.10340459299914073,False,all independently sampled candidates,10,uniform_random,11,15125825,22125825,,512,disease_to_no_disease,,,,
3,64,192,64,29,95,0.04861019599957217,0.1520147889987129,False,all independently sampled candidates,10,uniform_random,11,15125825,22125825,,512,disease_to_no_disease,,,,
4,64,256,64,30,125,0.0461521580000408,0.1981669469987537,False,all independently sampled candidates,10,uniform_random,11,15125825,22125825,,512,disease_to_no_disease,,,,
5,64,320,64,33,158,0.04855744900123682,0.24672439599999052,False,all independently sampled candidates,10,uniform_random,11,15125825,22125825,,512,disease_to_no_disease,,,,
6,64,384,64,32,190,0.0487618979987019,0.2954862939986924,False,all independently sampled candidates,10,uniform_random,11,15125825,22125825,,512,disease_to_no_disease,,,,
7,64,448,64,27,217,0.04997501600155374,0.34546131000024616,False,all independently sampled candidates,10,uniform_random,11,15125825,22125825,,512,disease_to_no_disease,,,,
8,64,512,64,35,252,0.05200828299894056,0.3974695929991867,False,all independently sampled candidates,10,uniform_random,11,15125825,22125825,,512,disease_to_no_disease,,,,
1,64,64,64,36,36,0.04524543399929826,0.04524543399929826,True,all genetic population candidates,10,genetic_cfe,11,15125825,22125825,,512,disease_to_no_disease,,,,
2,64,128,64,46,81,0.049410517000069376,0.09465595099936763,True,all genetic population candidates,10,genetic_cfe,11,15125825,22125825,,512,disease_to_no_disease,,,,
3,64,192,64,54,133,0.052057107001019176,0.1467130580003868,True,all genetic population candidates,10,genetic_cfe,11,15125825,22125825,,512,disease_to_no_disease,,,,
4,64,256,64,57,186,0.0537570800006506,0.2004701380010374,True,all genetic population candidates,10,genetic_cfe,11,15125825,22125825,,512,disease_to_no_disease,,,,
5,64,320,64,62,245,0.055594071998712025,0.25606420999974944,True,all genetic population candidates,10,genetic_cfe,11,15125825,22125825,,512,disease_to_no_disease,,,,
6,64,384,64,61,304,0.05774566800027969,0.31380987800002913,True,all genetic population candidates,10,genetic_cfe,11,15125825,22125825,,512,disease_to_no_disease,,,,
7,64,448,64,59,360,0.06140120400050364,0.37521108200053277,True,all genetic population candidates,10,genetic_cfe,11,15125825,22125825,,512,disease_to_no_disease,,,,
8,64,512,64,58,414,0.06628598299903388,0.44149706499956665,True,all genetic population candidates,10,genetic_cfe,11,15125825,22125825,,512,disease_to_no_disease,,,,
1,512,512,16,16,1,0.11055747700083884,0.11055747700083884,True,final restart pool only,10,dice_gradient_style,11,15125825,22125825,,512,disease_to_no_disease,31.0,16.0,16.0,31.0
1,512,512,16,16,1,0.10307261999878392,0.10307261999878392,True,final restart pool only,10,wachter_style,11,15125825,22125825,,512,disease_to_no_disease,31.0,16.0,16.0,31.0
1,64,64,64,23,23,0.04471262900005968,0.04471262900005968,False,all independently sampled candidates,11,uniform_random,11,16125828,23125828,,512,disease_to_no_disease,,,,
2,64,128,64,34,57,0.045096010000634124,0.0898086390006938,False,all independently sampled candidates,11,uniform_random,11,16125828,23125828,,512,disease_to_no_disease,,,,
3,64,192,64,34,91,0.0453171659992222,0.135125804999916,False,all independently sampled candidates,11,uniform_random,11,16125828,23125828,,512,disease_to_no_disease,,,,
4,64,256,64,35,126,0.04599919200154545,0.18112499700146145,False,all independently sampled candidates,11,uniform_random,11,16125828,23125828,,512,disease_to_no_disease,,,,
5,64,320,64,44,170,0.049866666999150766,0.23099166400061222,False,all independently sampled candidates,11,uniform_random,11,16125828,23125828,,512,disease_to_no_disease,,,,
6,64,384,64,32,202,0.04856350500085682,0.27955516900146904,False,all independently sampled candidates,11,uniform_random,11,16125828,23125828,,512,disease_to_no_disease,,,,
7,64,448,64,25,227,0.04876710799908324,0.3283222770005523,False,all independently sampled candidates,11,uniform_random,11,16125828,23125828,,512,disease_to_no_disease,,,,
8,64,512,64,31,258,0.049237418999837246,0.3775596960003895,False,all independently sampled candidates,11,uniform_random,11,16125828,23125828,,512,disease_to_no_disease,,,,
1,64,64,64,23,23,0.04480520799916121,0.04480520799916121,True,all genetic population candidates,11,genetic_cfe,11,16125828,23125828,,512,disease_to_no_disease,,,,
2,64,128,64,40,61,0.04633983200073999,0.0911450399999012,True,all genetic population candidates,11,genetic_cfe,11,16125828,23125828,,512,disease_to_no_disease,,,,
3,64,192,64,57,115,0.04827821399885579,0.139423253998757,True,all genetic population candidates,11,genetic_cfe,11,16125828,23125828,,512,disease_to_no_disease,,,,
4,64,256,64,57,171,0.05092137900101079,0.19034463299976778,True,all genetic population candidates,11,genetic_cfe,11,16125828,23125828,,512,disease_to_no_disease,,,,
5,64,320,64,58,226,0.05407415799891169,0.24441879099867947,True,all genetic population candidates,11,genetic_cfe,11,16125828,23125828,,512,disease_to_no_disease,,,,
6,64,384,64,61,286,0.05700731300021289,0.30142610399889236,True,all genetic population candidates,11,genetic_cfe,11,16125828,23125828,,512,disease_to_no_disease,,,,
7,64,448,64,60,344,0.06193861500105413,0.3633647189999465,True,all genetic population candidates,11,genetic_cfe,11,16125828,23125828,,512,disease_to_no_disease,,,,
8,64,512,64,62,402,0.0620589789996302,0.4254236979995767,True,all genetic population candidates,11,genetic_cfe,11,16125828,23125828,,512,disease_to_no_disease,,,,
1,512,512,16,16,1,0.1117917049996322,0.1117917049996322,True,final restart pool only,11,dice_gradient_style,11,16125828,23125828,,512,disease_to_no_disease,31.0,16.0,16.0,31.0
1,512,512,16,16,1,0.10243519700088655,0.10243519700088655,True,final restart pool only,11,wachter_style,11,16125828,23125828,,512,disease_to_no_disease,31.0,16.0,16.0,31.0
1,64,64,64,32,32,0.04423757100084913,0.04423757100084913,False,all independently sampled candidates,12,uniform_random,11,17125831,24125831,,512,disease_to_no_disease,,,,
2,64,128,64,34,66,0.04549113900066004,0.08972871000150917,False,all independently sampled candidates,12,uniform_random,11,17125831,24125831,,512,disease_to_no_disease,,,,
3,64,192,64,36,102,0.04574678099925222,0.1354754910007614,False,all independently sampled candidates,12,uniform_random,11,17125831,24125831,,512,disease_to_no_disease,,,,
4,64,256,64,27,129,0.04584982599953946,0.18132531700030086,False,all independently sampled candidates,12,uniform_random,11,17125831,24125831,,512,disease_to_no_disease,,,,
5,64,320,64,36,165,0.04802785600077186,0.22935317300107272,False,all independently sampled candidates,12,uniform_random,11,17125831,24125831,,512,disease_to_no_disease,,,,
6,64,384,64,31,196,0.04883100999904855,0.27818418300012127,False,all independently sampled candidates,12,uniform_random,11,17125831,24125831,,512,disease_to_no_disease,,,,
7,64,448,64,33,229,0.05301843100096448,0.33120261400108575,False,all independently sampled candidates,12,uniform_random,11,17125831,24125831,,512,disease_to_no_disease,,,,
8,64,512,64,37,266,0.052751338998859865,0.3839539529999456,False,all independently sampled candidates,12,uniform_random,11,17125831,24125831,,512,disease_to_no_disease,,,,
1,64,64,64,32,32,0.04458462399998098,0.04458462399998098,True,all genetic population candidates,12,genetic_cfe,11,17125831,24125831,,512,disease_to_no_disease,,,,
2,64,128,64,51,80,0.04824919600105204,0.09283382000103302,True,all genetic population candidates,12,genetic_cfe,11,17125831,24125831,,512,disease_to_no_disease,,,,
3,64,192,64,56,133,0.05186964299900865,0.14470346300004167,True,all genetic population candidates,12,genetic_cfe,11,17125831,24125831,,512,disease_to_no_disease,,,,
4,64,256,64,57,186,0.053279173000191804,0.19798263600023347,True,all genetic population candidates,12,genetic_cfe,11,17125831,24125831,,512,disease_to_no_disease,,,,
5,64,320,64,55,240,0.05343809199985117,0.25142072800008464,True,all genetic population candidates,12,genetic_cfe,11,17125831,24125831,,512,disease_to_no_disease,,,,
6,64,384,64,61,299,0.057233331999668735,0.30865405999975337,True,all genetic population candidates,12,genetic_cfe,11,17125831,24125831,,512,disease_to_no_disease,,,,
7,64,448,64,58,355,0.06128391200036276,0.36993797200011613,True,all genetic population candidates,12,genetic_cfe,11,17125831,24125831,,512,disease_to_no_disease,,,,
8,64,512,64,59,413,0.06149439700129733,0.43143236900141346,True,all genetic population candidates,12,genetic_cfe,11,17125831,24125831,,512,disease_to_no_disease,,,,
1,512,512,16,16,1,0.11261793599987868,0.11261793599987868,True,final restart pool only,12,dice_gradient_style,11,17125831,24125831,,512,disease_to_no_disease,31.0,16.0,16.0,31.0
1,512,512,16,16,1,0.10141796000061731,0.10141796000061731,True,final restart pool only,12,wachter_style,11,17125831,24125831,,512,disease_to_no_disease,31.0,16.0,16.0,31.0
1,64,64,64,22,22,0.04340476099969237,0.04340476099969237,False,all independently sampled candidates,13,uniform_random,11,18125834,25125834,,512,disease_to_no_disease,,,,
2,64,128,64,28,50,0.043393593001383124,0.0867983540010755,False,all independently sampled candidates,13,uniform_random,11,18125834,25125834,,512,disease_to_no_disease,,,,
3,64,192,64,28,78,0.04508625699963886,0.13188461100071436,False,all independently sampled candidates,13,uniform_random,11,18125834,25125834,,512,disease_to_no_disease,,,,
4,64,256,64,27,105,0.04454611300025135,0.1764307240009657,False,all independently sampled candidates,13,uniform_random,11,18125834,25125834,,512,disease_to_no_disease,,,,
5,64,320,64,22,127,0.044519999999465654,0.22095072400043136,False,all independently sampled candidates,13,uniform_random,11,18125834,25125834,,512,disease_to_no_disease,,,,
6,64,384,64,27,154,0.04684690499925637,0.26779762899968773,False,all independently sampled candidates,13,uniform_random,11,18125834,25125834,,512,disease_to_no_disease,,,,
7,64,448,64,29,183,0.04687718100103666,0.3146748100007244,False,all independently sampled candidates,13,uniform_random,11,18125834,25125834,,512,disease_to_no_disease,,,,
8,64,512,63,28,211,0.048255013000016334,0.3629298230007407,False,all independently sampled candidates,13,uniform_random,11,18125834,25125834,,512,disease_to_no_disease,,,,
1,64,64,64,22,22,0.04394066900022153,0.04394066900022153,True,all genetic population candidates,13,genetic_cfe,11,18125834,25125834,,512,disease_to_no_disease,,,,
2,64,128,64,33,54,0.045716592998360284,0.08965726199858182,True,all genetic population candidates,13,genetic_cfe,11,18125834,25125834,,512,disease_to_no_disease,,,,
3,64,192,64,46,99,0.04596825700173213,0.13562551900031394,True,all genetic population candidates,13,genetic_cfe,11,18125834,25125834,,512,disease_to_no_disease,,,,
4,64,256,64,51,149,0.050975824999113684,0.18660134399942763,True,all genetic population candidates,13,genetic_cfe,11,18125834,25125834,,512,disease_to_no_disease,,,,
5,64,320,64,55,202,0.05211529600092035,0.23871664000034798,True,all genetic population candidates,13,genetic_cfe,11,18125834,25125834,,512,disease_to_no_disease,,,,
6,64,384,64,53,254,0.052286108999396674,0.29100274899974465,True,all genetic population candidates,13,genetic_cfe,11,18125834,25125834,,512,disease_to_no_disease,,,,
7,64,448,64,57,307,0.05915214400010882,0.3501548929998535,True,all genetic population candidates,13,genetic_cfe,11,18125834,25125834,,512,disease_to_no_disease,,,,
8,64,512,64,55,360,0.060303975000351784,0.41045886800020526,True,all genetic population candidates,13,genetic_cfe,11,18125834,25125834,,512,disease_to_no_disease,,,,
1,512,512,16,16,1,0.11227082000004884,0.11227082000004884,True,final restart pool only,13,dice_gradient_style,11,18125834,25125834,,512,disease_to_no_disease,31.0,16.0,16.0,31.0
1,512,512,16,16,1,0.10159710699917923,0.10159710699917923,True,final restart pool only,13,wachter_style,11,18125834,25125834,,512,disease_to_no_disease,31.0,16.0,16.0,31.0
1,64,64,64,19,19,0.0434276680007315,0.0434276680007315,False,all independently sampled candidates,14,uniform_random,11,19125837,26125837,,512,disease_to_no_disease,,,,
2,64,128,64,28,47,0.04529134400036128,0.08871901200109278,False,all independently sampled candidates,14,uniform_random,11,19125837,26125837,,512,disease_to_no_disease,,,,
3,64,192,64,27,74,0.0465444599994953,0.13526347200058808,False,all independently sampled candidates,14,uniform_random,11,19125837,26125837,,512,disease_to_no_disease,,,,
4,64,256,64,24,98,0.04590438599916524,0.18116785799975332,False,all independently sampled candidates,14,uniform_random,11,19125837,26125837,,512,disease_to_no_disease,,,,
5,64,320,64,29,127,0.04735492700092436,0.2285227850006777,False,all independently sampled candidates,14,uniform_random,11,19125837,26125837,,512,disease_to_no_disease,,,,
6,64,384,64,27,154,0.04646991700064973,0.2749927020013274,False,all independently sampled candidates,14,uniform_random,11,19125837,26125837,,512,disease_to_no_disease,,,,
7,64,448,63,32,186,0.048001862998717115,0.32299456500004453,False,all independently sampled candidates,14,uniform_random,11,19125837,26125837,,512,disease_to_no_disease,,,,
8,64,512,63,24,210,0.04558722200090415,0.3685817870009487,False,all independently sampled candidates,14,uniform_random,11,19125837,26125837,,512,disease_to_no_disease,,,,
1,64,64,64,19,19,0.043916279000768554,0.043916279000768554,True,all genetic population candidates,14,genetic_cfe,11,19125837,26125837,,512,disease_to_no_disease,,,,
2,64,128,64,42,56,0.04553665300045395,0.08945293200122251,True,all genetic population candidates,14,genetic_cfe,11,19125837,26125837,,512,disease_to_no_disease,,,,
3,64,192,64,51,103,0.04754337599842984,0.13699630799965234,True,all genetic population candidates,14,genetic_cfe,11,19125837,26125837,,512,disease_to_no_disease,,,,
4,64,256,64,57,157,0.04908864400022139,0.18608495199987374,True,all genetic population candidates,14,genetic_cfe,11,19125837,26125837,,512,disease_to_no_disease,,,,
5,64,320,64,60,215,0.05297066400089534,0.23905561600076908,True,all genetic population candidates,14,genetic_cfe,11,19125837,26125837,,512,disease_to_no_disease,,,,
6,64,384,64,57,267,0.05528890700043121,0.2943445230012003,True,all genetic population candidates,14,genetic_cfe,11,19125837,26125837,,512,disease_to_no_disease,,,,
7,64,448,64,56,322,0.0575007799998275,0.3518453030010278,True,all genetic population candidates,14,genetic_cfe,11,19125837,26125837,,512,disease_to_no_disease,,,,
8,64,512,64,55,376,0.06081168599848752,0.4126569889995153,True,all genetic population candidates,14,genetic_cfe,11,19125837,26125837,,512,disease_to_no_disease,,,,
1,512,512,16,16,1,0.10829859200021019,0.10829859200021019,True,final restart pool only,14,dice_gradient_style,11,19125837,26125837,,512,disease_to_no_disease,31.0,16.0,16.0,31.0
1,512,512,16,16,1,0.11605000300005486,0.11605000300005486,True,final restart pool only,14,wachter_style,11,19125837,26125837,,512,disease_to_no_disease,31.0,16.0,16.0,31.0
1,64,64,64,31,31,0.044708829998853616,0.044708829998853616,False,all independently sampled candidates,15,uniform_random,11,20125840,27125840,,512,disease_to_no_disease,,,,
2,64,128,64,28,59,0.057929951000915025,0.10263878099976864,False,all independently sampled candidates,15,uniform_random,11,20125840,27125840,,512,disease_to_no_disease,,,,
3,64,192,64,34,93,0.05956678300026397,0.1622055640000326,False,all independently sampled candidates,15,uniform_random,11,20125840,27125840,,512,disease_to_no_disease,,,,
4,64,256,64,37,130,0.04880791199866508,0.21101347599869769,False,all independently sampled candidates,15,uniform_random,11,20125840,27125840,,512,disease_to_no_disease,,,,
5,64,320,64,32,162,0.04849557700072182,0.2595090529994195,False,all independently sampled candidates,15,uniform_random,11,20125840,27125840,,512,disease_to_no_disease,,,,
6,64,384,64,37,199,0.051443488999211695,0.3109525419986312,False,all independently sampled candidates,15,uniform_random,11,20125840,27125840,,512,disease_to_no_disease,,,,
7,64,448,64,38,237,0.05092115300067235,0.36187369499930355,False,all independently sampled candidates,15,uniform_random,11,20125840,27125840,,512,disease_to_no_disease,,,,
8,64,512,64,32,269,0.05008753299989621,0.41196122799919976,False,all independently sampled candidates,15,uniform_random,11,20125840,27125840,,512,disease_to_no_disease,,,,
1,64,64,64,31,31,0.04285774600066361,0.04285774600066361,True,all genetic population candidates,15,genetic_cfe,11,20125840,27125840,,512,disease_to_no_disease,,,,
2,64,128,64,50,76,0.045952180998938275,0.08880992699960188,True,all genetic population candidates,15,genetic_cfe,11,20125840,27125840,,512,disease_to_no_disease,,,,
3,64,192,64,56,131,0.049142403000587365,0.13795233000018925,True,all genetic population candidates,15,genetic_cfe,11,20125840,27125840,,512,disease_to_no_disease,,,,
4,64,256,64,55,184,0.05267404799997166,0.1906263780001609,True,all genetic population candidates,15,genetic_cfe,11,20125840,27125840,,512,disease_to_no_disease,,,,
5,64,320,64,55,237,0.055097856999054784,0.2457242349992157,True,all genetic population candidates,15,genetic_cfe,11,20125840,27125840,,512,disease_to_no_disease,,,,
6,64,384,64,59,292,0.05612112300150329,0.301845358000719,True,all genetic population candidates,15,genetic_cfe,11,20125840,27125840,,512,disease_to_no_disease,,,,
7,64,448,64,49,340,0.05467967099866655,0.35652502899938554,True,all genetic population candidates,15,genetic_cfe,11,20125840,27125840,,512,disease_to_no_disease,,,,
8,64,512,64,59,395,0.061437338999894564,0.4179623679992801,True,all genetic population candidates,15,genetic_cfe,11,20125840,27125840,,512,disease_to_no_disease,,,,
1,512,512,16,16,1,0.11964750300103333,0.11964750300103333,True,final restart pool only,15,dice_gradient_style,11,20125840,27125840,,512,disease_to_no_disease,31.0,16.0,16.0,31.0
1,512,512,16,16,1,0.1104973980000068,0.1104973980000068,True,final restart pool only,15,wachter_style,11,20125840,27125840,,512,disease_to_no_disease,31.0,16.0,16.0,31.0
1,64,64,64,36,36,0.04762360600034299,0.04762360600034299,False,all independently sampled candidates,16,uniform_random,11,21125843,28125843,,512,disease_to_no_disease,,,,
2,64,128,64,39,75,0.047812872000577045,0.09543647800092003,False,all independently sampled candidates,16,uniform_random,11,21125843,28125843,,512,disease_to_no_disease,,,,
3,64,192,64,40,115,0.04705994799951441,0.14249642600043444,False,all independently sampled candidates,16,uniform_random,11,21125843,28125843,,512,disease_to_no_disease,,,,
4,64,256,64,38,153,0.04746788699958415,0.1899643130000186,False,all independently sampled candidates,16,uniform_random,11,21125843,28125843,,512,disease_to_no_disease,,,,
5,64,320,64,34,187,0.046617476000392344,0.23658178900041094,False,all independently sampled candidates,16,uniform_random,11,21125843,28125843,,512,disease_to_no_disease,,,,
6,64,384,64,35,222,0.048169288000281085,0.284751077000692,False,all independently sampled candidates,16,uniform_random,11,21125843,28125843,,512,disease_to_no_disease,,,,
7,64,448,64,31,253,0.05025409699919692,0.33500517399988894,False,all independently sampled candidates,16,uniform_random,11,21125843,28125843,,512,disease_to_no_disease,,,,
8,64,512,64,38,291,0.0517339730013191,0.38673914700120804,False,all independently sampled candidates,16,uniform_random,11,21125843,28125843,,512,disease_to_no_disease,,,,
1,64,64,64,36,36,0.0441567230009241,0.0441567230009241,True,all genetic population candidates,16,genetic_cfe,11,21125843,28125843,,512,disease_to_no_disease,,,,
2,64,128,64,54,87,0.046015754000109155,0.09017247700103326,True,all genetic population candidates,16,genetic_cfe,11,21125843,28125843,,512,disease_to_no_disease,,,,
3,64,192,64,56,140,0.04902949600000284,0.1392019730010361,True,all genetic population candidates,16,genetic_cfe,11,21125843,28125843,,512,disease_to_no_disease,,,,
4,64,256,64,57,193,0.05060975999913353,0.18981173300016962,True,all genetic population candidates,16,genetic_cfe,11,21125843,28125843,,512,disease_to_no_disease,,,,
5,64,320,64,58,249,0.05373025500011863,0.24354198800028826,True,all genetic population candidates,16,genetic_cfe,11,21125843,28125843,,512,disease_to_no_disease,,,,
6,64,384,64,58,301,0.05940747900058341,0.30294946700087166,True,all genetic population candidates,16,genetic_cfe,11,21125843,28125843,,512,disease_to_no_disease,,,,
7,64,448,64,61,353,0.05973974299922702,0.3626892100000987,True,all genetic population candidates,16,genetic_cfe,11,21125843,28125843,,512,disease_to_no_disease,,,,
8,64,512,64,57,402,0.06144123000012769,0.42413044000022637,True,all genetic population candidates,16,genetic_cfe,11,21125843,28125843,,512,disease_to_no_disease,,,,
1,512,512,16,16,1,0.11901170599958277,0.11901170599958277,True,final restart pool only,16,dice_gradient_style,11,21125843,28125843,,512,disease_to_no_disease,31.0,16.0,16.0,31.0
1,512,512,16,16,1,0.10568478400091408,0.10568478400091408,True,final restart pool only,16,wachter_style,11,21125843,28125843,,512,disease_to_no_disease,31.0,16.0,16.0,31.0
1,64,64,64,39,39,0.044952147000003606,0.044952147000003606,False,all independently sampled candidates,17,uniform_random,11,22125846,29125846,,512,disease_to_no_disease,,,,
2,64,128,64,30,69,0.044307157999355695,0.0892593049993593,False,all independently sampled candidates,17,uniform_random,11,22125846,29125846,,512,disease_to_no_disease,,,,
3,64,192,64,34,103,0.05075180300082138,0.14001110800018068,False,all independently sampled candidates,17,uniform_random,11,22125846,29125846,,512,disease_to_no_disease,,,,
4,64,256,64,39,142,0.04594968299898028,0.18596079099916096,False,all independently sampled candidates,17,uniform_random,11,22125846,29125846,,512,disease_to_no_disease,,,,
5,64,320,64,30,172,0.04960802800087549,0.23556881900003646,False,all independently sampled candidates,17,uniform_random,11,22125846,29125846,,512,disease_to_no_disease,,,,
6,64,384,64,33,205,0.05195159100003366,0.2875204100000701,False,all independently sampled candidates,17,uniform_random,11,22125846,29125846,,512,disease_to_no_disease,,,,
7,64,448,64,31,236,0.055403964999641175,0.3429243749997113,False,all independently sampled candidates,17,uniform_random,11,22125846,29125846,,512,disease_to_no_disease,,,,
8,64,512,64,42,278,0.053001383999799145,0.39592575899951044,False,all independently sampled candidates,17,uniform_random,11,22125846,29125846,,512,disease_to_no_disease,,,,
1,64,64,64,39,39,0.042448181000509067,0.042448181000509067,True,all genetic population candidates,17,genetic_cfe,11,22125846,29125846,,512,disease_to_no_disease,,,,
2,64,128,64,50,87,0.0480055629996059,0.09045374400011497,True,all genetic population candidates,17,genetic_cfe,11,22125846,29125846,,512,disease_to_no_disease,,,,
3,64,192,64,54,138,0.05042076100107806,0.14087450500119303,True,all genetic population candidates,17,genetic_cfe,11,22125846,29125846,,512,disease_to_no_disease,,,,
4,64,256,64,57,193,0.05289499999889813,0.19376950500009116,True,all genetic population candidates,17,genetic_cfe,11,22125846,29125846,,512,disease_to_no_disease,,,,
5,64,320,64,61,248,0.0548711169994931,0.24864062199958425,True,all genetic population candidates,17,genetic_cfe,11,22125846,29125846,,512,disease_to_no_disease,,,,
6,64,384,64,63,306,0.05757253600131662,0.3062131580009009,True,all genetic population candidates,17,genetic_cfe,11,22125846,29125846,,512,disease_to_no_disease,,,,
7,64,448,64,62,367,0.06356229199991503,0.3697754500008159,True,all genetic population candidates,17,genetic_cfe,11,22125846,29125846,,512,disease_to_no_disease,,,,
8,64,512,64,58,420,0.06389220999881218,0.4336676599996281,True,all genetic population candidates,17,genetic_cfe,11,22125846,29125846,,512,disease_to_no_disease,,,,
1,512,512,16,16,1,0.11461562099975708,0.11461562099975708,True,final restart pool only,17,dice_gradient_style,11,22125846,29125846,,512,disease_to_no_disease,31.0,16.0,16.0,31.0
1,512,512,16,16,1,0.1119845510002051,0.1119845510002051,True,final restart pool only,17,wachter_style,11,22125846,29125846,,512,disease_to_no_disease,31.0,16.0,16.0,31.0
1,64,64,64,36,36,0.04456153699902643,0.04456153699902643,False,all independently sampled candidates,18,uniform_random,11,23125849,30125849,,512,disease_to_no_disease,,,,
2,64,128,64,31,67,0.04694768199988175,0.09150921899890818,False,all independently sampled candidates,18,uniform_random,11,23125849,30125849,,512,disease_to_no_disease,,,,
3,64,192,64,31,98,0.04715872499946272,0.1386679439983709,False,all independently sampled candidates,18,uniform_random,11,23125849,30125849,,512,disease_to_no_disease,,,,
4,64,256,64,32,130,0.047950080001101014,0.18661802399947192,False,all independently sampled candidates,18,uniform_random,11,23125849,30125849,,512,disease_to_no_disease,,,,
5,64,320,64,41,171,0.04890132599939534,0.23551934999886726,False,all independently sampled candidates,18,uniform_random,11,23125849,30125849,,512,disease_to_no_disease,,,,
6,64,384,64,27,198,0.048629007000272395,0.28414835699913965,False,all independently sampled candidates,18,uniform_random,11,23125849,30125849,,512,disease_to_no_disease,,,,
7,64,448,64,36,234,0.05117919499934942,0.33532755199848907,False,all independently sampled candidates,18,uniform_random,11,23125849,30125849,,512,disease_to_no_disease,,,,
8,64,512,64,32,266,0.050234829001055914,0.385562380999545,False,all independently sampled candidates,18,uniform_random,11,23125849,30125849,,512,disease_to_no_disease,,,,
1,64,64,64,36,36,0.04510866800046642,0.04510866800046642,True,all genetic population candidates,18,genetic_cfe,11,23125849,30125849,,512,disease_to_no_disease,,,,
2,64,128,64,47,82,0.04605597699992359,0.09116464500039001,True,all genetic population candidates,18,genetic_cfe,11,23125849,30125849,,512,disease_to_no_disease,,,,
3,64,192,64,55,135,0.046568194000428775,0.13773283900081879,True,all genetic population candidates,18,genetic_cfe,11,23125849,30125849,,512,disease_to_no_disease,,,,
4,64,256,64,56,187,0.05043361199932406,0.18816645100014284,True,all genetic population candidates,18,genetic_cfe,11,23125849,30125849,,512,disease_to_no_disease,,,,
5,64,320,64,58,243,0.054564494001169805,0.24273094500131265,True,all genetic population candidates,18,genetic_cfe,11,23125849,30125849,,512,disease_to_no_disease,,,,
6,64,384,64,58,297,0.05699487799938652,0.29972582300069917,True,all genetic population candidates,18,genetic_cfe,11,23125849,30125849,,512,disease_to_no_disease,,,,
7,64,448,64,57,350,0.060119636000308674,0.35984545900100784,True,all genetic population candidates,18,genetic_cfe,11,23125849,30125849,,512,disease_to_no_disease,,,,
8,64,512,64,60,406,0.06226062299901969,0.4221060820000275,True,all genetic population candidates,18,genetic_cfe,11,23125849,30125849,,512,disease_to_no_disease,,,,
1,512,512,16,16,1,0.11709533099929104,0.11709533099929104,True,final restart pool only,18,dice_gradient_style,11,23125849,30125849,,512,disease_to_no_disease,31.0,16.0,16.0,31.0
1,512,512,16,16,1,0.10430246699979762,0.10430246699979762,True,final restart pool only,18,wachter_style,11,23125849,30125849,,512,disease_to_no_disease,31.0,16.0,16.0,31.0
1,64,64,64,31,31,0.045921130000351695,0.045921130000351695,False,all independently sampled candidates,19,uniform_random,11,24125852,31125852,,512,disease_to_no_disease,,,,
2,64,128,64,37,68,0.04577675600012299,0.09169788600047468,False,all independently sampled candidates,19,uniform_random,11,24125852,31125852,,512,disease_to_no_disease,,,,
3,64,192,64,33,101,0.045790543999828515,0.1374884300003032,False,all independently sampled candidates,19,uniform_random,11,24125852,31125852,,512,disease_to_no_disease,,,,
4,64,256,64,37,138,0.048256936999678146,0.18574536699998134,False,all independently sampled candidates,19,uniform_random,11,24125852,31125852,,512,disease_to_no_disease,,,,
5,64,320,64,31,169,0.04631757400056813,0.23206294100054947,False,all independently sampled candidates,19,uniform_random,11,24125852,31125852,,512,disease_to_no_disease,,,,
6,64,384,64,34,203,0.04716629299946362,0.2792292340000131,False,all independently sampled candidates,19,uniform_random,11,24125852,31125852,,512,disease_to_no_disease,,,,
7,64,448,64,39,242,0.050241388998983894,0.329470622998997,False,all independently sampled candidates,19,uniform_random,11,24125852,31125852,,512,disease_to_no_disease,,,,
8,64,512,64,32,274,0.048997909001627704,0.3784685320006247,False,all independently sampled candidates,19,uniform_random,11,24125852,31125852,,512,disease_to_no_disease,,,,
1,64,64,64,31,31,0.05097895500148297,0.05097895500148297,True,all genetic population candidates,19,genetic_cfe,11,24125852,31125852,,512,disease_to_no_disease,,,,
2,64,128,64,51,82,0.058117652999499114,0.10909660800098209,True,all genetic population candidates,19,genetic_cfe,11,24125852,31125852,,512,disease_to_no_disease,,,,
3,64,192,64,55,136,0.05609270700006164,0.16518931500104372,True,all genetic population candidates,19,genetic_cfe,11,24125852,31125852,,512,disease_to_no_disease,,,,
4,64,256,64,60,195,0.055350450000332785,0.2205397650013765,True,all genetic population candidates,19,genetic_cfe,11,24125852,31125852,,512,disease_to_no_disease,,,,
5,64,320,64,56,251,0.054973936999886064,0.2755137020012626,True,all genetic population candidates,19,genetic_cfe,11,24125852,31125852,,512,disease_to_no_disease,,,,
6,64,384,64,58,306,0.05697137199967983,0.3324850740009424,True,all genetic population candidates,19,genetic_cfe,11,24125852,31125852,,512,disease_to_no_disease,,,,
7,64,448,64,59,364,0.0654278729998623,0.3979129470008047,True,all genetic population candidates,19,genetic_cfe,11,24125852,31125852,,512,disease_to_no_disease,,,,
8,64,512,64,63,423,0.06271625400040648,0.4606292010012112,True,all genetic population candidates,19,genetic_cfe,11,24125852,31125852,,512,disease_to_no_disease,,,,
1,512,512,16,16,1,0.11659030499868095,0.11659030499868095,True,final restart pool only,19,dice_gradient_style,11,24125852,31125852,,512,disease_to_no_disease,31.0,16.0,16.0,31.0
1,512,512,16,16,1,0.10648971099908522,0.10648971099908522,True,final restart pool only,19,wachter_style,11,24125852,31125852,,512,disease_to_no_disease,31.0,16.0,16.0,31.0
1,64,64,64,31,31,0.04558871100016404,0.04558871100016404,False,all independently sampled candidates,20,uniform_random,11,25125855,32125855,,512,disease_to_no_disease,,,,
2,64,128,64,31,62,0.0449297610011854,0.09051847200134944,False,all independently sampled candidates,20,uniform_random,11,25125855,32125855,,512,disease_to_no_disease,,,,
3,64,192,64,38,100,0.04844558999866422,0.13896406200001366,False,all independently sampled candidates,20,uniform_random,11,25125855,32125855,,512,disease_to_no_disease,,,,
4,64,256,64,38,138,0.04691378600000462,0.18587784800001828,False,all independently sampled candidates,20,uniform_random,11,25125855,32125855,,512,disease_to_no_disease,,,,
5,64,320,64,40,178,0.05297303200131864,0.23885088000133692,False,all independently sampled candidates,20,uniform_random,11,25125855,32125855,,512,disease_to_no_disease,,,,
6,64,384,64,38,216,0.051653473999976995,0.2905043540013139,False,all independently sampled candidates,20,uniform_random,11,25125855,32125855,,512,disease_to_no_disease,,,,
7,64,448,64,38,254,0.049551737000001594,0.3400560910013155,False,all independently sampled candidates,20,uniform_random,11,25125855,32125855,,512,disease_to_no_disease,,,,
8,64,512,64,45,299,0.0521788669993839,0.3922349580006994,False,all independently sampled candidates,20,uniform_random,11,25125855,32125855,,512,disease_to_no_disease,,,,
1,64,64,64,31,31,0.041827495999314124,0.041827495999314124,True,all genetic population candidates,20,genetic_cfe,11,25125855,32125855,,512,disease_to_no_disease,,,,
2,64,128,64,45,74,0.04484275899994827,0.0866702549992624,True,all genetic population candidates,20,genetic_cfe,11,25125855,32125855,,512,disease_to_no_disease,,,,
3,64,192,64,50,121,0.04884185300034005,0.13551210799960245,True,all genetic population candidates,20,genetic_cfe,11,25125855,32125855,,512,disease_to_no_disease,,,,
4,64,256,64,55,176,0.052561632999641006,0.18807374099924346,True,all genetic population candidates,20,genetic_cfe,11,25125855,32125855,,512,disease_to_no_disease,,,,
5,64,320,64,57,232,0.054353830999389174,0.24242757199863263,True,all genetic population candidates,20,genetic_cfe,11,25125855,32125855,,512,disease_to_no_disease,,,,
6,64,384,64,60,291,0.05851688800066768,0.3009444599993003,True,all genetic population candidates,20,genetic_cfe,11,25125855,32125855,,512,disease_to_no_disease,,,,
7,64,448,64,57,346,0.05723139099973196,0.35817585099903226,True,all genetic population candidates,20,genetic_cfe,11,25125855,32125855,,512,disease_to_no_disease,,,,
8,64,512,64,58,402,0.06305149299987534,0.4212273439989076,True,all genetic population candidates,20,genetic_cfe,11,25125855,32125855,,512,disease_to_no_disease,,,,
1,512,512,16,16,1,0.11591826400035643,0.11591826400035643,True,final restart pool only,20,dice_gradient_style,11,25125855,32125855,,512,disease_to_no_disease,31.0,16.0,16.0,31.0
1,512,512,16,16,1,0.10761145300057251,0.10761145300057251,True,final restart pool only,20,wachter_style,11,25125855,32125855,,512,disease_to_no_disease,31.0,16.0,16.0,31.0
1,64,64,64,35,35,0.04451083599997219,0.04451083599997219,False,all independently sampled candidates,21,uniform_random,11,26125858,33125858,,512,disease_to_no_disease,,,,
2,64,128,64,37,72,0.04776754299928143,0.09227837899925362,False,all independently sampled candidates,21,uniform_random,11,26125858,33125858,,512,disease_to_no_disease,,,,
3,64,192,64,33,105,0.04591545299990685,0.13819383199916047,False,all independently sampled candidates,21,uniform_random,11,26125858,33125858,,512,disease_to_no_disease,,,,
4,64,256,64,35,140,0.04625930300062464,0.1844531349997851,False,all independently sampled candidates,21,uniform_random,11,26125858,33125858,,512,disease_to_no_disease,,,,
5,64,320,64,34,174,0.04738671700033592,0.23183985200012103,False,all independently sampled candidates,21,uniform_random,11,26125858,33125858,,512,disease_to_no_disease,,,,
6,64,384,64,33,207,0.048179678999076714,0.28001953099919774,False,all independently sampled candidates,21,uniform_random,11,26125858,33125858,,512,disease_to_no_disease,,,,
7,64,448,64,37,244,0.05311406100008753,0.3331335919992853,False,all independently sampled candidates,21,uniform_random,11,26125858,33125858,,512,disease_to_no_disease,,,,
8,64,512,64,40,284,0.0539494000004197,0.387082991999705,False,all independently sampled candidates,21,uniform_random,11,26125858,33125858,,512,disease_to_no_disease,,,,
1,64,64,64,35,35,0.045272981999005424,0.045272981999005424,True,all genetic population candidates,21,genetic_cfe,11,26125858,33125858,,512,disease_to_no_disease,,,,
2,64,128,64,54,89,0.04672122699957981,0.09199420899858524,True,all genetic population candidates,21,genetic_cfe,11,26125858,33125858,,512,disease_to_no_disease,,,,
3,64,192,64,56,143,0.0505881130011403,0.14258232199972554,True,all genetic population candidates,21,genetic_cfe,11,26125858,33125858,,512,disease_to_no_disease,,,,
4,64,256,64,57,198,0.05060994499945082,0.19319226699917635,True,all genetic population candidates,21,genetic_cfe,11,26125858,33125858,,512,disease_to_no_disease,,,,
5,64,320,64,56,251,0.056128247999367886,0.24932051499854424,True,all genetic population candidates,21,genetic_cfe,11,26125858,33125858,,512,disease_to_no_disease,,,,
6,64,384,64,59,309,0.05632532800154877,0.305645843000093,True,all genetic population candidates,21,genetic_cfe,11,26125858,33125858,,512,disease_to_no_disease,,,,
7,64,448,64,63,366,0.059558779999861144,0.36520462299995415,True,all genetic population candidates,21,genetic_cfe,11,26125858,33125858,,512,disease_to_no_disease,,,,
8,64,512,64,63,426,0.06233842999972694,0.4275430529996811,True,all genetic population candidates,21,genetic_cfe,11,26125858,33125858,,512,disease_to_no_disease,,,,
1,512,512,16,16,1,0.11853966599846899,0.11853966599846899,True,final restart pool only,21,dice_gradient_style,11,26125858,33125858,,512,disease_to_no_disease,31.0,16.0,16.0,31.0
1,512,512,16,16,1,0.11757727200165391,0.11757727200165391,True,final restart pool only,21,wachter_style,11,26125858,33125858,,512,disease_to_no_disease,31.0,16.0,16.0,31.0
1,64,64,64,20,20,0.04587593900032516,0.04587593900032516,False,all independently sampled candidates,22,uniform_random,11,27125861,34125861,,512,disease_to_no_disease,,,,
2,64,128,64,29,49,0.044153646000268054,0.09002958500059322,False,all independently sampled candidates,22,uniform_random,11,27125861,34125861,,512,disease_to_no_disease,,,,
3,64,192,64,26,75,0.04509713500010548,0.1351267200006987,False,all independently sampled candidates,22,uniform_random,11,27125861,34125861,,512,disease_to_no_disease,,,,
4,64,256,64,32,107,0.04977002600026026,0.18489674600095896,False,all independently sampled candidates,22,uniform_random,11,27125861,34125861,,512,disease_to_no_disease,,,,
5,64,320,64,25,132,0.04744874899915885,0.2323454950001178,False,all independently sampled candidates,22,uniform_random,11,27125861,34125861,,512,disease_to_no_disease,,,,
6,64,384,64,33,165,0.04852672299966798,0.2808722179997858,False,all independently sampled candidates,22,uniform_random,11,27125861,34125861,,512,disease_to_no_disease,,,,
7,64,448,64,31,196,0.04816032000053383,0.3290325380003196,False,all independently sampled candidates,22,uniform_random,11,27125861,34125861,,512,disease_to_no_disease,,,,
8,64,512,64,32,228,0.05067038900051557,0.3797029270008352,False,all independently sampled candidates,22,uniform_random,11,27125861,34125861,,512,disease_to_no_disease,,,,
1,64,64,64,20,20,0.04155073399851972,0.04155073399851972,True,all genetic population candidates,22,genetic_cfe,11,27125861,34125861,,512,disease_to_no_disease,,,,
2,64,128,64,39,58,0.043373797001549974,0.08492453100006969,True,all genetic population candidates,22,genetic_cfe,11,27125861,34125861,,512,disease_to_no_disease,,,,
3,64,192,64,51,106,0.052002708998770686,0.13692723999884038,True,all genetic population candidates,22,genetic_cfe,11,27125861,34125861,,512,disease_to_no_disease,,,,
4,64,256,64,58,161,0.05011559600097826,0.18704283599981864,True,all genetic population candidates,22,genetic_cfe,11,27125861,34125861,,512,disease_to_no_disease,,,,
5,64,320,64,57,215,0.050972317998457584,0.23801515399827622,True,all genetic population candidates,22,genetic_cfe,11,27125861,34125861,,512,disease_to_no_disease,,,,
6,64,384,64,58,273,0.055026870000801864,0.2930420239990781,True,all genetic population candidates,22,genetic_cfe,11,27125861,34125861,,512,disease_to_no_disease,,,,
7,64,448,64,56,328,0.05688542099960614,0.3499274449986842,True,all genetic population candidates,22,genetic_cfe,11,27125861,34125861,,512,disease_to_no_disease,,,,
8,64,512,64,59,383,0.06103296900073474,0.41096041399941896,True,all genetic population candidates,22,genetic_cfe,11,27125861,34125861,,512,disease_to_no_disease,,,,
1,512,512,16,16,2,0.11791333700057294,0.11791333700057294,True,final restart pool only,22,dice_gradient_style,11,27125861,34125861,,512,disease_to_no_disease,31.0,16.0,16.0,31.0
1,512,512,16,16,2,0.10527160099991306,0.10527160099991306,True,final restart pool only,22,wachter_style,11,27125861,34125861,,512,disease_to_no_disease,31.0,16.0,16.0,31.0
1,64,64,64,22,22,0.04350060200158623,0.04350060200158623,False,all independently sampled candidates,23,uniform_random,11,28125864,35125864,,512,disease_to_no_disease,,,,
2,64,128,64,28,50,0.044199584999660146,0.08770018700124638,False,all independently sampled candidates,23,uniform_random,11,28125864,35125864,,512,disease_to_no_disease,,,,
3,64,192,64,31,81,0.04411034399890923,0.1318105310001556,False,all independently sampled candidates,23,uniform_random,11,28125864,35125864,,512,disease_to_no_disease,,,,
4,64,256,64,34,115,0.04604172200015455,0.17785225300031016,False,all independently sampled candidates,23,uniform_random,11,28125864,35125864,,512,disease_to_no_disease,,,,
5,64,320,64,29,144,0.04841656099961256,0.2262688139999227,False,all independently sampled candidates,23,uniform_random,11,28125864,35125864,,512,disease_to_no_disease,,,,
6,64,384,64,26,170,0.0458773550017213,0.272146169001644,False,all independently sampled candidates,23,uniform_random,11,28125864,35125864,,512,disease_to_no_disease,,,,
7,64,448,64,33,203,0.047205489998304984,0.319351658999949,False,all independently sampled candidates,23,uniform_random,11,28125864,35125864,,512,disease_to_no_disease,,,,
8,64,512,64,31,234,0.049292690000584116,0.3686443490005331,False,all independently sampled candidates,23,uniform_random,11,28125864,35125864,,512,disease_to_no_disease,,,,
1,64,64,64,22,22,0.04198100599933241,0.04198100599933241,True,all genetic population candidates,23,genetic_cfe,11,28125864,35125864,,512,disease_to_no_disease,,,,
2,64,128,64,49,69,0.04738067300058901,0.08936167899992142,True,all genetic population candidates,23,genetic_cfe,11,28125864,35125864,,512,disease_to_no_disease,,,,
3,64,192,64,50,116,0.048967081998853246,0.13832876099877467,True,all genetic population candidates,23,genetic_cfe,11,28125864,35125864,,512,disease_to_no_disease,,,,
4,64,256,64,54,169,0.051872815000024275,0.19020157599879894,True,all genetic population candidates,23,genetic_cfe,11,28125864,35125864,,512,disease_to_no_disease,,,,
5,64,320,64,61,229,0.053599838000081945,0.2438014139988809,True,all genetic population candidates,23,genetic_cfe,11,28125864,35125864,,512,disease_to_no_disease,,,,
6,64,384,64,57,282,0.05614748300104111,0.299948896999922,True,all genetic population candidates,23,genetic_cfe,11,28125864,35125864,,512,disease_to_no_disease,,,,
7,64,448,64,54,334,0.055437392999010626,0.3553862899989326,True,all genetic population candidates,23,genetic_cfe,11,28125864,35125864,,512,disease_to_no_disease,,,,
8,64,512,64,56,386,0.06040716099960264,0.41579345099853526,True,all genetic population candidates,23,genetic_cfe,11,28125864,35125864,,512,disease_to_no_disease,,,,
1,512,512,16,16,1,0.11648643700027606,0.11648643700027606,True,final restart pool only,23,dice_gradient_style,11,28125864,35125864,,512,disease_to_no_disease,31.0,16.0,16.0,31.0
1,512,512,16,16,1,0.10372396500133618,0.10372396500133618,True,final restart pool only,23,wachter_style,11,28125864,35125864,,512,disease_to_no_disease,31.0,16.0,16.0,31.0
1,64,64,64,28,28,0.04574604899971746,0.04574604899971746,False,all independently sampled candidates,24,uniform_random,11,29125867,36125867,,512,disease_to_no_disease,,,,
2,64,128,64,33,61,0.05171981800049252,0.09746586700020998,False,all independently sampled candidates,24,uniform_random,11,29125867,36125867,,512,disease_to_no_disease,,,,
3,64,192,64,32,93,0.05647455399957835,0.15394042099978833,False,all independently sampled candidates,24,uniform_random,11,29125867,36125867,,512,disease_to_no_disease,,,,
4,64,256,64,24,117,0.05668916700051341,0.21062958800030174,False,all independently sampled candidates,24,uniform_random,11,29125867,36125867,,512,disease_to_no_disease,,,,
5,64,320,64,34,151,0.058528849000140326,0.26915843700044206,False,all independently sampled candidates,24,uniform_random,11,29125867,36125867,,512,disease_to_no_disease,,,,
6,64,384,64,24,175,0.05602281800020137,0.32518125500064343,False,all independently sampled candidates,24,uniform_random,11,29125867,36125867,,512,disease_to_no_disease,,,,
7,64,448,64,36,211,0.0581226960002823,0.38330395100092574,False,all independently sampled candidates,24,uniform_random,11,29125867,36125867,,512,disease_to_no_disease,,,,
8,64,512,64,42,253,0.055068957999537815,0.43837290900046355,False,all independently sampled candidates,24,uniform_random,11,29125867,36125867,,512,disease_to_no_disease,,,,
1,64,64,64,28,28,0.044241863000934245,0.044241863000934245,True,all genetic population candidates,24,genetic_cfe,11,29125867,36125867,,512,disease_to_no_disease,,,,
2,64,128,64,45,72,0.04510434999974677,0.08934621300068102,True,all genetic population candidates,24,genetic_cfe,11,29125867,36125867,,512,disease_to_no_disease,,,,
3,64,192,64,54,123,0.04754876100014371,0.13689497400082473,True,all genetic population candidates,24,genetic_cfe,11,29125867,36125867,,512,disease_to_no_disease,,,,
4,64,256,64,53,175,0.05103426599998784,0.18792924000081257,True,all genetic population candidates,24,genetic_cfe,11,29125867,36125867,,512,disease_to_no_disease,,,,
5,64,320,64,54,227,0.05162269199900038,0.23955193199981295,True,all genetic population candidates,24,genetic_cfe,11,29125867,36125867,,512,disease_to_no_disease,,,,
6,64,384,64,57,281,0.056116667999958736,0.2956685999997717,True,all genetic population candidates,24,genetic_cfe,11,29125867,36125867,,512,disease_to_no_disease,,,,
7,64,448,64,53,328,0.057320690000778995,0.3529892900005507,True,all genetic population candidates,24,genetic_cfe,11,29125867,36125867,,512,disease_to_no_disease,,,,
8,64,512,64,55,380,0.06222431899914227,0.41521360899969295,True,all genetic population candidates,24,genetic_cfe,11,29125867,36125867,,512,disease_to_no_disease,,,,
1,512,512,16,16,2,0.11014426200017624,0.11014426200017624,True,final restart pool only,24,dice_gradient_style,11,29125867,36125867,,512,disease_to_no_disease,31.0,16.0,16.0,31.0
1,512,512,16,16,2,0.09867296099946543,0.09867296099946543,True,final restart pool only,24,wachter_style,11,29125867,36125867,,512,disease_to_no_disease,31.0,16.0,16.0,31.0
1,64,64,64,29,29,0.043485975000294275,0.043485975000294275,False,all independently sampled candidates,25,uniform_random,11,30125870,37125870,,512,disease_to_no_disease,,,,
2,64,128,64,31,60,0.04391125700021803,0.0873972320005123,False,all independently sampled candidates,25,uniform_random,11,30125870,37125870,,512,disease_to_no_disease,,,,
3,64,192,64,38,98,0.046098507000351674,0.13349573900086398,False,all independently sampled candidates,25,uniform_random,11,30125870,37125870,,512,disease_to_no_disease,,,,
4,64,256,64,29,127,0.04615059299976565,0.17964633200062963,False,all independently sampled candidates,25,uniform_random,11,30125870,37125870,,512,disease_to_no_disease,,,,
5,64,320,64,34,161,0.04745803699915996,0.22710436899978959,False,all independently sampled candidates,25,uniform_random,11,30125870,37125870,,512,disease_to_no_disease,,,,
6,64,384,64,30,191,0.047538008000628906,0.2746423770004185,False,all independently sampled candidates,25,uniform_random,11,30125870,37125870,,512,disease_to_no_disease,,,,
7,64,448,64,31,222,0.04799015299977327,0.32263253000019176,False,all independently sampled candidates,25,uniform_random,11,30125870,37125870,,512,disease_to_no_disease,,,,
8,64,512,64,29,251,0.049725880000551115,0.3723584100007429,False,all independently sampled candidates,25,uniform_random,11,30125870,37125870,,512,disease_to_no_disease,,,,
1,64,64,64,29,29,0.044487651000963524,0.044487651000963524,True,all genetic population candidates,25,genetic_cfe,11,30125870,37125870,,512,disease_to_no_disease,,,,
2,64,128,64,47,71,0.044322272999124834,0.08880992400008836,True,all genetic population candidates,25,genetic_cfe,11,30125870,37125870,,512,disease_to_no_disease,,,,
3,64,192,64,55,126,0.04772580300050322,0.13653572700059158,True,all genetic population candidates,25,genetic_cfe,11,30125870,37125870,,512,disease_to_no_disease,,,,
4,64,256,64,54,178,0.05205032300000312,0.1885860500005947,True,all genetic population candidates,25,genetic_cfe,11,30125870,37125870,,512,disease_to_no_disease,,,,
5,64,320,64,54,231,0.0528293509996729,0.2414154010002676,True,all genetic population candidates,25,genetic_cfe,11,30125870,37125870,,512,disease_to_no_disease,,,,
6,64,384,64,58,285,0.05569683300018369,0.2971122340004513,True,all genetic population candidates,25,genetic_cfe,11,30125870,37125870,,512,disease_to_no_disease,,,,
7,64,448,64,58,342,0.05684210700019321,0.3539543410006445,True,all genetic population candidates,25,genetic_cfe,11,30125870,37125870,,512,disease_to_no_disease,,,,
8,64,512,64,59,397,0.06383559200003219,0.4177899330006767,True,all genetic population candidates,25,genetic_cfe,11,30125870,37125870,,512,disease_to_no_disease,,,,
1,512,512,16,16,2,0.10724123600084567,0.10724123600084567,True,final restart pool only,25,dice_gradient_style,11,30125870,37125870,,512,disease_to_no_disease,31.0,16.0,16.0,31.0
1,512,512,16,16,2,0.10352982500080543,0.10352982500080543,True,final restart pool only,25,wachter_style,11,30125870,37125870,,512,disease_to_no_disease,31.0,16.0,16.0,31.0
1,64,64,64,28,28,0.04469402099857689,0.04469402099857689,False,all independently sampled candidates,26,uniform_random,11,31125873,38125873,,512,disease_to_no_disease,,,,
2,64,128,64,32,60,0.046771323000939447,0.09146534399951634,False,all independently sampled candidates,26,uniform_random,11,31125873,38125873,,512,disease_to_no_disease,,,,
3,64,192,64,27,87,0.04608453899891174,0.13754988299842807,False,all independently sampled candidates,26,uniform_random,11,31125873,38125873,,512,disease_to_no_disease,,,,
4,64,256,64,22,109,0.046192746000087936,0.183742628998516,False,all independently sampled candidates,26,uniform_random,11,31125873,38125873,,512,disease_to_no_disease,,,,
5,64,320,64,27,136,0.047338658001535805,0.23108128700005182,False,all independently sampled candidates,26,uniform_random,11,31125873,38125873,,512,disease_to_no_disease,,,,
6,64,384,64,28,164,0.04556375299944193,0.27664503999949375,False,all independently sampled candidates,26,uniform_random,11,31125873,38125873,,512,disease_to_no_disease,,,,
7,64,448,64,32,196,0.046091240999885486,0.32273628099937923,False,all independently sampled candidates,26,uniform_random,11,31125873,38125873,,512,disease_to_no_disease,,,,
8,64,512,64,34,230,0.04752745099904132,0.37026373199842055,False,all independently sampled candidates,26,uniform_random,11,31125873,38125873,,512,disease_to_no_disease,,,,
1,64,64,64,28,28,0.042988848999812035,0.042988848999812035,True,all genetic population candidates,26,genetic_cfe,11,31125873,38125873,,512,disease_to_no_disease,,,,
2,64,128,64,42,69,0.04530890500063833,0.08829775400045037,True,all genetic population candidates,26,genetic_cfe,11,31125873,38125873,,512,disease_to_no_disease,,,,
3,64,192,64,54,120,0.04903425799966499,0.13733201200011536,True,all genetic population candidates,26,genetic_cfe,11,31125873,38125873,,512,disease_to_no_disease,,,,
4,64,256,64,56,175,0.05090885000026901,0.18824086200038437,True,all genetic population candidates,26,genetic_cfe,11,31125873,38125873,,512,disease_to_no_disease,,,,
5,64,320,64,59,231,0.05573264200029371,0.24397350400067808,True,all genetic population candidates,26,genetic_cfe,11,31125873,38125873,,512,disease_to_no_disease,,,,
6,64,384,64,57,288,0.060634219998974004,0.3046077239996521,True,all genetic population candidates,26,genetic_cfe,11,31125873,38125873,,512,disease_to_no_disease,,,,
7,64,448,64,58,343,0.06032388499988883,0.3649316089995409,True,all genetic population candidates,26,genetic_cfe,11,31125873,38125873,,512,disease_to_no_disease,,,,
8,64,512,64,62,402,0.06413525500101969,0.4290668640005606,True,all genetic population candidates,26,genetic_cfe,11,31125873,38125873,,512,disease_to_no_disease,,,,
1,512,512,16,16,1,0.10847165899940592,0.10847165899940592,True,final restart pool only,26,dice_gradient_style,11,31125873,38125873,,512,disease_to_no_disease,31.0,16.0,16.0,31.0
1,512,512,16,16,1,0.11173765900093713,0.11173765900093713,True,final restart pool only,26,wachter_style,11,31125873,38125873,,512,disease_to_no_disease,31.0,16.0,16.0,31.0
1,64,64,64,19,19,0.046058132998950896,0.046058132998950896,False,all independently sampled candidates,27,uniform_random,11,32125876,39125876,,512,disease_to_no_disease,,,,
2,64,128,64,24,43,0.045225079000374535,0.09128321199932543,False,all independently sampled candidates,27,uniform_random,11,32125876,39125876,,512,disease_to_no_disease,,,,
3,64,192,64,34,77,0.04570781300026283,0.13699102499958826,False,all independently sampled candidates,27,uniform_random,11,32125876,39125876,,512,disease_to_no_disease,,,,
4,64,256,64,28,105,0.04467813200062665,0.1816691570002149,False,all independently sampled candidates,27,uniform_random,11,32125876,39125876,,512,disease_to_no_disease,,,,
5,64,320,64,36,141,0.04529545399964263,0.22696461099985754,False,all independently sampled candidates,27,uniform_random,11,32125876,39125876,,512,disease_to_no_disease,,,,
6,64,384,64,26,167,0.046011120999537525,0.27297573199939507,False,all independently sampled candidates,27,uniform_random,11,32125876,39125876,,512,disease_to_no_disease,,,,
7,64,448,64,24,191,0.05050998400110984,0.3234857160005049,False,all independently sampled candidates,27,uniform_random,11,32125876,39125876,,512,disease_to_no_disease,,,,
8,64,512,64,30,221,0.04773919199942611,0.371224907999931,False,all independently sampled candidates,27,uniform_random,11,32125876,39125876,,512,disease_to_no_disease,,,,
1,64,64,64,19,19,0.043408895000538905,0.043408895000538905,True,all genetic population candidates,27,genetic_cfe,11,32125876,39125876,,512,disease_to_no_disease,,,,
2,64,128,64,43,61,0.04564693700012867,0.08905583200066758,True,all genetic population candidates,27,genetic_cfe,11,32125876,39125876,,512,disease_to_no_disease,,,,
3,64,192,64,49,109,0.04726954400030081,0.1363253760009684,True,all genetic population candidates,27,genetic_cfe,11,32125876,39125876,,512,disease_to_no_disease,,,,
4,64,256,64,51,159,0.05085623699960706,0.18718161300057545,True,all genetic population candidates,27,genetic_cfe,11,32125876,39125876,,512,disease_to_no_disease,,,,
5,64,320,64,58,214,0.054152331998921,0.24133394499949645,True,all genetic population candidates,27,genetic_cfe,11,32125876,39125876,,512,disease_to_no_disease,,,,
6,64,384,64,57,268,0.05451286600145977,0.2958468110009562,True,all genetic population candidates,27,genetic_cfe,11,32125876,39125876,,512,disease_to_no_disease,,,,
7,64,448,64,59,325,0.057354250999196665,0.3532010620001529,True,all genetic population candidates,27,genetic_cfe,11,32125876,39125876,,512,disease_to_no_disease,,,,
8,64,512,64,57,376,0.058468490999075584,0.41166955299922847,True,all genetic population candidates,27,genetic_cfe,11,32125876,39125876,,512,disease_to_no_disease,,,,
1,512,512,16,16,1,0.10790067200105113,0.10790067200105113,True,final restart pool only,27,dice_gradient_style,11,32125876,39125876,,512,disease_to_no_disease,31.0,16.0,16.0,31.0
1,512,512,16,16,1,0.10106477299996186,0.10106477299996186,True,final restart pool only,27,wachter_style,11,32125876,39125876,,512,disease_to_no_disease,31.0,16.0,16.0,31.0
1,64,64,64,21,21,0.04371556400110421,0.04371556400110421,False,all independently sampled candidates,28,uniform_random,11,33125879,40125879,,512,disease_to_no_disease,,,,
2,64,128,64,27,48,0.04475810599979013,0.08847367000089434,False,all independently sampled candidates,28,uniform_random,11,33125879,40125879,,512,disease_to_no_disease,,,,
3,64,192,64,27,75,0.04428415399888763,0.13275782399978198,False,all independently sampled candidates,28,uniform_random,11,33125879,40125879,,512,disease_to_no_disease,,,,
4,64,256,64,27,102,0.04672490800112428,0.17948273200090625,False,all independently sampled candidates,28,uniform_random,11,33125879,40125879,,512,disease_to_no_disease,,,,
5,64,320,64,24,126,0.05095368900038011,0.23043642100128636,False,all independently sampled candidates,28,uniform_random,11,33125879,40125879,,512,disease_to_no_disease,,,,
6,64,384,64,30,156,0.04538192699874344,0.2758183480000298,False,all independently sampled candidates,28,uniform_random,11,33125879,40125879,,512,disease_to_no_disease,,,,
7,64,448,64,27,183,0.04730327300057979,0.3231216210006096,False,all independently sampled candidates,28,uniform_random,11,33125879,40125879,,512,disease_to_no_disease,,,,
8,64,512,64,26,209,0.0477741499998956,0.3708957710005052,False,all independently sampled candidates,28,uniform_random,11,33125879,40125879,,512,disease_to_no_disease,,,,
1,64,64,64,21,21,0.04740096999921661,0.04740096999921661,True,all genetic population candidates,28,genetic_cfe,11,33125879,40125879,,512,disease_to_no_disease,,,,
2,64,128,64,43,63,0.046911465000448516,0.09431243499966513,True,all genetic population candidates,28,genetic_cfe,11,33125879,40125879,,512,disease_to_no_disease,,,,
3,64,192,64,59,117,0.04924772300000768,0.1435601579996728,True,all genetic population candidates,28,genetic_cfe,11,33125879,40125879,,512,disease_to_no_disease,,,,
4,64,256,64,56,170,0.05013547300040955,0.19369563100008236,True,all genetic population candidates,28,genetic_cfe,11,33125879,40125879,,512,disease_to_no_disease,,,,
5,64,320,64,57,224,0.05336826899838343,0.24706389999846579,True,all genetic population candidates,28,genetic_cfe,11,33125879,40125879,,512,disease_to_no_disease,,,,
6,64,384,64,57,280,0.05464697200113733,0.3017108719996031,True,all genetic population candidates,28,genetic_cfe,11,33125879,40125879,,512,disease_to_no_disease,,,,
7,64,448,64,56,334,0.05761811400043371,0.3593289860000368,True,all genetic population candidates,28,genetic_cfe,11,33125879,40125879,,512,disease_to_no_disease,,,,
8,64,512,64,58,389,0.06245115099955001,0.42178013699958683,True,all genetic population candidates,28,genetic_cfe,11,33125879,40125879,,512,disease_to_no_disease,,,,
1,512,512,16,16,1,0.10948033999920881,0.10948033999920881,True,final restart pool only,28,dice_gradient_style,11,33125879,40125879,,512,disease_to_no_disease,31.0,16.0,16.0,31.0
1,512,512,16,16,1,0.13153227499969944,0.13153227499969944,True,final restart pool only,28,wachter_style,11,33125879,40125879,,512,disease_to_no_disease,31.0,16.0,16.0,31.0
1,64,64,64,20,20,0.040927124000518234,0.040927124000518234,False,all independently sampled candidates,29,uniform_random,11,34125882,41125882,,512,disease_to_no_disease,,,,
2,64,128,64,18,38,0.04439613999966241,0.08532326400018064,False,all independently sampled candidates,29,uniform_random,11,34125882,41125882,,512,disease_to_no_disease,,,,
3,64,192,64,34,72,0.044936582999071106,0.13025984699925175,False,all independently sampled candidates,29,uniform_random,11,34125882,41125882,,512,disease_to_no_disease,,,,
4,64,256,64,33,105,0.0455228660011926,0.17578271300044435,False,all independently sampled candidates,29,uniform_random,11,34125882,41125882,,512,disease_to_no_disease,,,,
5,64,320,64,23,128,0.044790423999074847,0.2205731369995192,False,all independently sampled candidates,29,uniform_random,11,34125882,41125882,,512,disease_to_no_disease,,,,
6,64,384,64,32,160,0.047972853999453946,0.26854599099897314,False,all independently sampled candidates,29,uniform_random,11,34125882,41125882,,512,disease_to_no_disease,,,,
7,64,448,64,25,185,0.04632486100126698,0.3148708520002401,False,all independently sampled candidates,29,uniform_random,11,34125882,41125882,,512,disease_to_no_disease,,,,
8,64,512,64,32,217,0.048290025999449426,0.36316087799968955,False,all independently sampled candidates,29,uniform_random,11,34125882,41125882,,512,disease_to_no_disease,,,,
1,64,64,64,20,20,0.0430717729996104,0.0430717729996104,True,all genetic population candidates,29,genetic_cfe,11,34125882,41125882,,512,disease_to_no_disease,,,,
2,64,128,64,42,62,0.04787757799931569,0.09094935099892609,True,all genetic population candidates,29,genetic_cfe,11,34125882,41125882,,512,disease_to_no_disease,,,,
3,64,192,64,53,112,0.04689118600072106,0.13784053699964716,True,all genetic population candidates,29,genetic_cfe,11,34125882,41125882,,512,disease_to_no_disease,,,,
4,64,256,64,56,163,0.04888137099987944,0.1867219079995266,True,all genetic population candidates,29,genetic_cfe,11,34125882,41125882,,512,disease_to_no_disease,,,,
5,64,320,64,57,217,0.052666768000563025,0.23938867600008962,True,all genetic population candidates,29,genetic_cfe,11,34125882,41125882,,512,disease_to_no_disease,,,,
6,64,384,64,58,273,0.05595844100025715,0.29534711700034677,True,all genetic population candidates,29,genetic_cfe,11,34125882,41125882,,512,disease_to_no_disease,,,,
7,64,448,64,52,322,0.05520146299932094,0.3505485799996677,True,all genetic population candidates,29,genetic_cfe,11,34125882,41125882,,512,disease_to_no_disease,,,,
8,64,512,64,58,377,0.06060088699996413,0.41114946699963184,True,all genetic population candidates,29,genetic_cfe,11,34125882,41125882,,512,disease_to_no_disease,,,,
1,512,512,16,16,1,0.11750389500048186,0.11750389500048186,True,final restart pool only,29,dice_gradient_style,11,34125882,41125882,,512,disease_to_no_disease,31.0,16.0,16.0,31.0
1,512,512,16,16,1,0.11135305099924153,0.11135305099924153,True,final restart pool only,29,wachter_style,11,34125882,41125882,,512,disease_to_no_disease,31.0,16.0,16.0,31.0
1,64,64,64,27,27,0.04347276500084263,0.04347276500084263,False,all independently sampled candidates,30,uniform_random,11,35125885,42125885,,512,disease_to_no_disease,,,,
2,64,128,64,31,58,0.044926806000148645,0.08839957100099127,False,all independently sampled candidates,30,uniform_random,11,35125885,42125885,,512,disease_to_no_disease,,,,
3,64,192,64,27,85,0.04529406000074232,0.1336936310017336,False,all independently sampled candidates,30,uniform_random,11,35125885,42125885,,512,disease_to_no_disease,,,,
4,64,256,64,37,122,0.047863422998489114,0.1815570540002227,False,all independently sampled candidates,30,uniform_random,11,35125885,42125885,,512,disease_to_no_disease,,,,
5,64,320,64,36,158,0.04838210600064485,0.22993916000086756,False,all independently sampled candidates,30,uniform_random,11,35125885,42125885,,512,disease_to_no_disease,,,,
6,64,384,64,31,189,0.047404048000316834,0.2773432080011844,False,all independently sampled candidates,30,uniform_random,11,35125885,42125885,,512,disease_to_no_disease,,,,
7,64,448,64,22,211,0.04787948299963318,0.3252226910008176,False,all independently sampled candidates,30,uniform_random,11,35125885,42125885,,512,disease_to_no_disease,,,,
8,64,512,64,26,237,0.047965929999918444,0.373188621000736,False,all independently sampled candidates,30,uniform_random,11,35125885,42125885,,512,disease_to_no_disease,,,,
1,64,64,64,27,27,0.04467451600066852,0.04467451600066852,True,all genetic population candidates,30,genetic_cfe,11,35125885,42125885,,512,disease_to_no_disease,,,,
2,64,128,64,45,71,0.04492979600036051,0.08960431200102903,True,all genetic population candidates,30,genetic_cfe,11,35125885,42125885,,512,disease_to_no_disease,,,,
3,64,192,64,57,127,0.0502924879983766,0.13989679999940563,True,all genetic population candidates,30,genetic_cfe,11,35125885,42125885,,512,disease_to_no_disease,,,,
4,64,256,64,59,186,0.053937178001433495,0.19383397800083912,True,all genetic population candidates,30,genetic_cfe,11,35125885,42125885,,512,disease_to_no_disease,,,,
5,64,320,64,61,246,0.06499064899981022,0.25882462700064934,True,all genetic population candidates,30,genetic_cfe,11,35125885,42125885,,512,disease_to_no_disease,,,,
6,64,384,64,54,297,0.06515301800027373,0.3239776450009231,True,all genetic population candidates,30,genetic_cfe,11,35125885,42125885,,512,disease_to_no_disease,,,,
7,64,448,64,58,352,0.06168504800007213,0.3856626930009952,True,all genetic population candidates,30,genetic_cfe,11,35125885,42125885,,512,disease_to_no_disease,,,,
8,64,512,64,55,405,0.06363182499990216,0.44929451800089737,True,all genetic population candidates,30,genetic_cfe,11,35125885,42125885,,512,disease_to_no_disease,,,,
1,512,512,16,16,1,0.11287808000088262,0.11287808000088262,True,final restart pool only,30,dice_gradient_style,11,35125885,42125885,,512,disease_to_no_disease,31.0,16.0,16.0,31.0
1,512,512,16,16,1,0.10084110000025248,0.10084110000025248,True,final restart pool only,30,wachter_style,11,35125885,42125885,,512,disease_to_no_disease,31.0,16.0,16.0,31.0
1,64,64,64,22,22,0.04549501799920108,0.04549501799920108,False,all independently sampled candidates,31,uniform_random,11,36125888,43125888,,512,disease_to_no_disease,,,,
2,64,128,64,30,52,0.04663456399975985,0.09212958199896093,False,all independently sampled candidates,31,uniform_random,11,36125888,43125888,,512,disease_to_no_disease,,,,
3,64,192,64,33,85,0.05484793899995566,0.1469775209989166,False,all independently sampled candidates,31,uniform_random,11,36125888,43125888,,512,disease_to_no_disease,,,,
4,64,256,64,31,116,0.05615587000102096,0.20313339099993755,False,all independently sampled candidates,31,uniform_random,11,36125888,43125888,,512,disease_to_no_disease,,,,
5,64,320,64,43,159,0.060101672999735456,0.263235063999673,False,all independently sampled candidates,31,uniform_random,11,36125888,43125888,,512,disease_to_no_disease,,,,
6,64,384,64,31,190,0.05751975000021048,0.3207548139998835,False,all independently sampled candidates,31,uniform_random,11,36125888,43125888,,512,disease_to_no_disease,,,,
7,64,448,64,29,219,0.05146989599961671,0.3722247099995002,False,all independently sampled candidates,31,uniform_random,11,36125888,43125888,,512,disease_to_no_disease,,,,
8,64,512,64,27,246,0.04815826699996251,0.4203829769994627,False,all independently sampled candidates,31,uniform_random,11,36125888,43125888,,512,disease_to_no_disease,,,,
1,64,64,64,22,22,0.04436099899976398,0.04436099899976398,True,all genetic population candidates,31,genetic_cfe,11,36125888,43125888,,512,disease_to_no_disease,,,,
2,64,128,64,40,61,0.0471232140007487,0.09148421300051268,True,all genetic population candidates,31,genetic_cfe,11,36125888,43125888,,512,disease_to_no_disease,,,,
3,64,192,64,56,115,0.050622209999346524,0.1421064229998592,True,all genetic population candidates,31,genetic_cfe,11,36125888,43125888,,512,disease_to_no_disease,,,,
4,64,256,64,52,165,0.05254917800084513,0.19465560100070434,True,all genetic population candidates,31,genetic_cfe,11,36125888,43125888,,512,disease_to_no_disease,,,,
5,64,320,64,55,218,0.05429227899912803,0.24894787999983237,True,all genetic population candidates,31,genetic_cfe,11,36125888,43125888,,512,disease_to_no_disease,,,,
6,64,384,64,58,271,0.058287105999625055,0.3072349859994574,True,all genetic population candidates,31,genetic_cfe,11,36125888,43125888,,512,disease_to_no_disease,,,,
7,64,448,64,57,326,0.0610446310001862,0.3682796169996436,True,all genetic population candidates,31,genetic_cfe,11,36125888,43125888,,512,disease_to_no_disease,,,,
8,64,512,64,59,382,0.05826289500146231,0.42654251200110593,True,all genetic population candidates,31,genetic_cfe,11,36125888,43125888,,512,disease_to_no_disease,,,,
1,512,512,16,16,1,0.10954039999887755,0.10954039999887755,True,final restart pool only,31,dice_gradient_style,11,36125888,43125888,,512,disease_to_no_disease,31.0,16.0,16.0,31.0
1,512,512,16,16,1,0.09983566300070379,0.09983566300070379,True,final restart pool only,31,wachter_style,11,36125888,43125888,,512,disease_to_no_disease,31.0,16.0,16.0,31.0
1,64,64,64,25,25,0.04551854499914043,0.04551854499914043,False,all independently sampled candidates,32,uniform_random,11,37125891,44125891,,512,disease_to_no_disease,,,,
2,64,128,64,27,52,0.045690775999901234,0.09120932099904167,False,all independently sampled candidates,32,uniform_random,11,37125891,44125891,,512,disease_to_no_disease,,,,
3,64,192,64,29,81,0.04538200900060474,0.1365913299996464,False,all independently sampled candidates,32,uniform_random,11,37125891,44125891,,512,disease_to_no_disease,,,,
4,64,256,64,38,119,0.048774670000057085,0.1853659999997035,False,all independently sampled candidates,32,uniform_random,11,37125891,44125891,,512,disease_to_no_disease,,,,
5,64,320,64,35,154,0.04966275799961295,0.23502875799931644,False,all independently sampled candidates,32,uniform_random,11,37125891,44125891,,512,disease_to_no_disease,,,,
6,64,384,64,30,184,0.047316718999354634,0.2823454769986711,False,all independently sampled candidates,32,uniform_random,11,37125891,44125891,,512,disease_to_no_disease,,,,
7,64,448,64,26,210,0.04903882000144222,0.3313842970001133,False,all independently sampled candidates,32,uniform_random,11,37125891,44125891,,512,disease_to_no_disease,,,,
8,64,512,64,33,243,0.05238754499987408,0.3837718419999874,False,all independently sampled candidates,32,uniform_random,11,37125891,44125891,,512,disease_to_no_disease,,,,
1,64,64,64,25,25,0.045318853999560815,0.045318853999560815,True,all genetic population candidates,32,genetic_cfe,11,37125891,44125891,,512,disease_to_no_disease,,,,
2,64,128,64,45,68,0.048528756999075995,0.09384761099863681,True,all genetic population candidates,32,genetic_cfe,11,37125891,44125891,,512,disease_to_no_disease,,,,
3,64,192,64,52,120,0.05578360500112467,0.14963121599976148,True,all genetic population candidates,32,genetic_cfe,11,37125891,44125891,,512,disease_to_no_disease,,,,
4,64,256,64,50,169,0.049414375998821924,0.1990455919985834,True,all genetic population candidates,32,genetic_cfe,11,37125891,44125891,,512,disease_to_no_disease,,,,
5,64,320,64,60,226,0.05435697400025674,0.25340256599884015,True,all genetic population candidates,32,genetic_cfe,11,37125891,44125891,,512,disease_to_no_disease,,,,
6,64,384,64,57,279,0.05534287100090296,0.3087454369997431,True,all genetic population candidates,32,genetic_cfe,11,37125891,44125891,,512,disease_to_no_disease,,,,
7,64,448,64,54,328,0.056720909000432584,0.3654663460001757,True,all genetic population candidates,32,genetic_cfe,11,37125891,44125891,,512,disease_to_no_disease,,,,
8,64,512,64,60,385,0.060342369999489165,0.42580871599966486,True,all genetic population candidates,32,genetic_cfe,11,37125891,44125891,,512,disease_to_no_disease,,,,
1,512,512,16,16,1,0.10947622799903911,0.10947622799903911,True,final restart pool only,32,dice_gradient_style,11,37125891,44125891,,512,disease_to_no_disease,31.0,16.0,16.0,31.0
1,512,512,16,16,1,0.101387048000106,0.101387048000106,True,final restart pool only,32,wachter_style,11,37125891,44125891,,512,disease_to_no_disease,31.0,16.0,16.0,31.0
1,64,64,64,24,24,0.04447376000098302,0.04447376000098302,False,all independently sampled candidates,33,uniform_random,11,38125894,45125894,,512,disease_to_no_disease,,,,
2,64,128,64,34,58,0.04470387599940295,0.08917763600038597,False,all independently sampled candidates,33,uniform_random,11,38125894,45125894,,512,disease_to_no_disease,,,,
3,64,192,64,30,88,0.04527410700029577,0.13445174300068174,False,all independently sampled candidates,33,uniform_random,11,38125894,45125894,,512,disease_to_no_disease,,,,
4,64,256,64,27,115,0.04582669499905023,0.18027843799973198,False,all independently sampled candidates,33,uniform_random,11,38125894,45125894,,512,disease_to_no_disease,,,,
5,64,320,64,24,139,0.04772377900007996,0.22800221699981194,False,all independently sampled candidates,33,uniform_random,11,38125894,45125894,,512,disease_to_no_disease,,,,
6,64,384,64,25,164,0.047596652000720496,0.27559886900053243,False,all independently sampled candidates,33,uniform_random,11,38125894,45125894,,512,disease_to_no_disease,,,,
7,64,448,64,32,196,0.05221665699900768,0.3278155259995401,False,all independently sampled candidates,33,uniform_random,11,38125894,45125894,,512,disease_to_no_disease,,,,
8,64,512,64,32,228,0.04823747299997194,0.37605299899951206,False,all independently sampled candidates,33,uniform_random,11,38125894,45125894,,512,disease_to_no_disease,,,,
1,64,64,64,24,24,0.045956595000461675,0.045956595000461675,True,all genetic population candidates,33,genetic_cfe,11,38125894,45125894,,512,disease_to_no_disease,,,,
2,64,128,64,37,60,0.04804228899956797,0.09399888400002965,True,all genetic population candidates,33,genetic_cfe,11,38125894,45125894,,512,disease_to_no_disease,,,,
3,64,192,64,49,107,0.055057817000488285,0.14905670100051793,True,all genetic population candidates,33,genetic_cfe,11,38125894,45125894,,512,disease_to_no_disease,,,,
4,64,256,64,55,160,0.05026350299885962,0.19932020399937755,True,all genetic population candidates,33,genetic_cfe,11,38125894,45125894,,512,disease_to_no_disease,,,,
5,64,320,64,56,215,0.05327450299955672,0.25259470699893427,True,all genetic population candidates,33,genetic_cfe,11,38125894,45125894,,512,disease_to_no_disease,,,,
6,64,384,64,61,274,0.05590119400039839,0.30849590099933266,True,all genetic population candidates,33,genetic_cfe,11,38125894,45125894,,512,disease_to_no_disease,,,,
7,64,448,64,60,333,0.05864879799992195,0.3671446989992546,True,all genetic population candidates,33,genetic_cfe,11,38125894,45125894,,512,disease_to_no_disease,,,,
8,64,512,64,59,390,0.09364712000024156,0.46079181899949617,True,all genetic population candidates,33,genetic_cfe,11,38125894,45125894,,512,disease_to_no_disease,,,,
1,512,512,16,16,1,0.10851352499958011,0.10851352499958011,True,final restart pool only,33,dice_gradient_style,11,38125894,45125894,,512,disease_to_no_disease,31.0,16.0,16.0,31.0
1,512,512,16,16,1,0.10207770600027288,0.10207770600027288,True,final restart pool only,33,wachter_style,11,38125894,45125894,,512,disease_to_no_disease,31.0,16.0,16.0,31.0
1,64,64,64,16,16,0.043699276000552345,0.043699276000552345,False,all independently sampled candidates,34,uniform_random,11,39125897,46125897,,512,disease_to_no_disease,,,,
2,64,128,64,20,36,0.04501907599842525,0.0887183519989776,False,all independently sampled candidates,34,uniform_random,11,39125897,46125897,,512,disease_to_no_disease,,,,
3,64,192,64,24,60,0.04646179800147365,0.13518015000045125,False,all independently sampled candidates,34,uniform_random,11,39125897,46125897,,512,disease_to_no_disease,,,,
4,64,256,64,16,76,0.046620301000075415,0.18180045100052666,False,all independently sampled candidates,34,uniform_random,11,39125897,46125897,,512,disease_to_no_disease,,,,
5,64,320,64,29,105,0.04729438299909816,0.22909483399962483,False,all independently sampled candidates,34,uniform_random,11,39125897,46125897,,512,disease_to_no_disease,,,,
6,64,384,64,24,129,0.04566640600023675,0.2747612399998616,False,all independently sampled candidates,34,uniform_random,11,39125897,46125897,,512,disease_to_no_disease,,,,
7,64,448,64,25,154,0.04646299799969711,0.3212242379995587,False,all independently sampled candidates,34,uniform_random,11,39125897,46125897,,512,disease_to_no_disease,,,,
8,64,512,64,27,181,0.04764839000017673,0.3688726279997354,False,all independently sampled candidates,34,uniform_random,11,39125897,46125897,,512,disease_to_no_disease,,,,
1,64,64,64,16,16,0.04512472300120862,0.04512472300120862,True,all genetic population candidates,34,genetic_cfe,11,39125897,46125897,,512,disease_to_no_disease,,,,
2,64,128,64,35,50,0.04432682199876581,0.08945154499997443,True,all genetic population candidates,34,genetic_cfe,11,39125897,46125897,,512,disease_to_no_disease,,,,
3,64,192,64,51,99,0.04819540900098218,0.1376469540009566,True,all genetic population candidates,34,genetic_cfe,11,39125897,46125897,,512,disease_to_no_disease,,,,
4,64,256,64,56,152,0.05032422700060124,0.18797118100155785,True,all genetic population candidates,34,genetic_cfe,11,39125897,46125897,,512,disease_to_no_disease,,,,
5,64,320,64,56,204,0.05263640999874042,0.24060759100029827,True,all genetic population candidates,34,genetic_cfe,11,39125897,46125897,,512,disease_to_no_disease,,,,
6,64,384,64,53,253,0.05445007399976021,0.2950576650000585,True,all genetic population candidates,34,genetic_cfe,11,39125897,46125897,,512,disease_to_no_disease,,,,
7,64,448,64,55,306,0.05847640899992257,0.35353407399998105,True,all genetic population candidates,34,genetic_cfe,11,39125897,46125897,,512,disease_to_no_disease,,,,
8,64,512,64,51,353,0.06041484500019578,0.41394891900017683,True,all genetic population candidates,34,genetic_cfe,11,39125897,46125897,,512,disease_to_no_disease,,,,
1,512,512,16,16,1,0.11164567900050315,0.11164567900050315,True,final restart pool only,34,dice_gradient_style,11,39125897,46125897,,512,disease_to_no_disease,31.0,16.0,16.0,31.0
1,512,512,16,16,1,0.10298149800109968,0.10298149800109968,True,final restart pool only,34,wachter_style,11,39125897,46125897,,512,disease_to_no_disease,31.0,16.0,16.0,31.0
1,64,64,64,14,14,0.04517508900062239,0.04517508900062239,False,all independently sampled candidates,35,uniform_random,11,40125900,47125900,,512,disease_to_no_disease,,,,
2,64,128,64,17,31,0.044451398998717195,0.08962648799933959,False,all independently sampled candidates,35,uniform_random,11,40125900,47125900,,512,disease_to_no_disease,,,,
3,64,192,64,20,51,0.044850885000414564,0.13447737299975415,False,all independently sampled candidates,35,uniform_random,11,40125900,47125900,,512,disease_to_no_disease,,,,
4,64,256,64,19,70,0.04683532799936074,0.1813127009991149,False,all independently sampled candidates,35,uniform_random,11,40125900,47125900,,512,disease_to_no_disease,,,,
5,64,320,64,22,92,0.0439008660014224,0.2252135670005373,False,all independently sampled candidates,35,uniform_random,11,40125900,47125900,,512,disease_to_no_disease,,,,
6,64,384,64,32,124,0.04504867799914791,0.2702622449996852,False,all independently sampled candidates,35,uniform_random,11,40125900,47125900,,512,disease_to_no_disease,,,,
7,64,448,64,19,143,0.04491240800052765,0.31517465300021286,False,all independently sampled candidates,35,uniform_random,11,40125900,47125900,,512,disease_to_no_disease,,,,
8,64,512,64,29,172,0.04776492299970414,0.362939575999917,False,all independently sampled candidates,35,uniform_random,11,40125900,47125900,,512,disease_to_no_disease,,,,
1,64,64,64,14,14,0.04562103799980832,0.04562103799980832,True,all genetic population candidates,35,genetic_cfe,11,40125900,47125900,,512,disease_to_no_disease,,,,
2,64,128,64,34,46,0.0440013639999961,0.08962240199980442,True,all genetic population candidates,35,genetic_cfe,11,40125900,47125900,,512,disease_to_no_disease,,,,
3,64,192,64,50,93,0.0474727430009807,0.13709514500078512,True,all genetic population candidates,35,genetic_cfe,11,40125900,47125900,,512,disease_to_no_disease,,,,
4,64,256,64,48,140,0.04725080000025628,0.1843459450010414,True,all genetic population candidates,35,genetic_cfe,11,40125900,47125900,,512,disease_to_no_disease,,,,
5,64,320,64,58,195,0.05445822000001499,0.2388041650010564,True,all genetic population candidates,35,genetic_cfe,11,40125900,47125900,,512,disease_to_no_disease,,,,
6,64,384,64,56,251,0.05605699399893638,0.29486115899999277,True,all genetic population candidates,35,genetic_cfe,11,40125900,47125900,,512,disease_to_no_disease,,,,
7,64,448,64,57,306,0.05684042699976999,0.35170158599976276,True,all genetic population candidates,35,genetic_cfe,11,40125900,47125900,,512,disease_to_no_disease,,,,
8,64,512,64,58,360,0.060552355000254465,0.4122539410000172,True,all genetic population candidates,35,genetic_cfe,11,40125900,47125900,,512,disease_to_no_disease,,,,
1,512,512,16,16,1,0.10654115500074113,0.10654115500074113,True,final restart pool only,35,dice_gradient_style,11,40125900,47125900,,512,disease_to_no_disease,31.0,16.0,16.0,31.0
1,512,512,16,16,1,0.09886877000099048,0.09886877000099048,True,final restart pool only,35,wachter_style,11,40125900,47125900,,512,disease_to_no_disease,31.0,16.0,16.0,31.0
1,64,64,64,13,13,0.04588684900045337,0.04588684900045337,False,all independently sampled candidates,36,uniform_random,11,41125903,48125903,,512,disease_to_no_disease,,,,
2,64,128,64,18,31,0.04746435100059898,0.09335120000105235,False,all independently sampled candidates,36,uniform_random,11,41125903,48125903,,512,disease_to_no_disease,,,,
3,64,192,64,21,52,0.04508047599847487,0.13843167599952722,False,all independently sampled candidates,36,uniform_random,11,41125903,48125903,,512,disease_to_no_disease,,,,
4,64,256,64,20,72,0.04371149400139984,0.18214317000092706,False,all independently sampled candidates,36,uniform_random,11,41125903,48125903,,512,disease_to_no_disease,,,,
5,64,320,64,28,100,0.04649249899921415,0.2286356690001412,False,all independently sampled candidates,36,uniform_random,11,41125903,48125903,,512,disease_to_no_disease,,,,
6,64,384,64,26,126,0.04556807500011928,0.2742037440002605,False,all independently sampled candidates,36,uniform_random,11,41125903,48125903,,512,disease_to_no_disease,,,,
7,64,448,64,24,150,0.04568005299915967,0.31988379699942016,False,all independently sampled candidates,36,uniform_random,11,41125903,48125903,,512,disease_to_no_disease,,,,
8,64,512,64,29,179,0.04688650500065705,0.3667703020000772,False,all independently sampled candidates,36,uniform_random,11,41125903,48125903,,512,disease_to_no_disease,,,,
1,64,64,64,13,13,0.04175223799938976,0.04175223799938976,True,all genetic population candidates,36,genetic_cfe,11,41125903,48125903,,512,disease_to_no_disease,,,,
2,64,128,64,27,39,0.044351218999509,0.08610345699889876,True,all genetic population candidates,36,genetic_cfe,11,41125903,48125903,,512,disease_to_no_disease,,,,
3,64,192,64,50,89,0.045815302000846714,0.13191875899974548,True,all genetic population candidates,36,genetic_cfe,11,41125903,48125903,,512,disease_to_no_disease,,,,
4,64,256,64,55,138,0.05123767199984286,0.18315643099958834,True,all genetic population candidates,36,genetic_cfe,11,41125903,48125903,,512,disease_to_no_disease,,,,
5,64,320,64,56,192,0.057023332999960985,0.24017976399954932,True,all genetic population candidates,36,genetic_cfe,11,41125903,48125903,,512,disease_to_no_disease,,,,
6,64,384,64,48,240,0.05534469499980332,0.29552445899935265,True,all genetic population candidates,36,genetic_cfe,11,41125903,48125903,,512,disease_to_no_disease,,,,
7,64,448,64,59,295,0.06023329200070293,0.3557577510000556,True,all genetic population candidates,36,genetic_cfe,11,41125903,48125903,,512,disease_to_no_disease,,,,
8,64,512,64,59,353,0.05939742800001113,0.4151551790000667,True,all genetic population candidates,36,genetic_cfe,11,41125903,48125903,,512,disease_to_no_disease,,,,
1,512,512,16,16,1,0.10935404900010326,0.10935404900010326,True,final restart pool only,36,dice_gradient_style,11,41125903,48125903,,512,disease_to_no_disease,31.0,16.0,16.0,31.0
1,512,512,16,16,1,0.10425051899983373,0.10425051899983373,True,final restart pool only,36,wachter_style,11,41125903,48125903,,512,disease_to_no_disease,31.0,16.0,16.0,31.0
1,64,64,64,13,13,0.043544094000026234,0.043544094000026234,False,all independently sampled candidates,37,uniform_random,11,42125906,49125906,,512,disease_to_no_disease,,,,
2,64,128,64,13,26,0.0444435280005564,0.08798762200058263,False,all independently sampled candidates,37,uniform_random,11,42125906,49125906,,512,disease_to_no_disease,,,,
3,64,192,64,17,43,0.046556957000575494,0.13454457900115813,False,all independently sampled candidates,37,uniform_random,11,42125906,49125906,,512,disease_to_no_disease,,,,
4,64,256,64,14,57,0.044584684999790625,0.17912926400094875,False,all independently sampled candidates,37,uniform_random,11,42125906,49125906,,512,disease_to_no_disease,,,,
5,64,320,63,27,84,0.04630094300046039,0.22543020700140914,False,all independently sampled candidates,37,uniform_random,11,42125906,49125906,,512,disease_to_no_disease,,,,
6,64,384,64,26,110,0.047421596998901805,0.27285180400031095,False,all independently sampled candidates,37,uniform_random,11,42125906,49125906,,512,disease_to_no_disease,,,,
7,64,448,64,27,137,0.04957228100101929,0.32242408500133024,False,all independently sampled candidates,37,uniform_random,11,42125906,49125906,,512,disease_to_no_disease,,,,
8,64,512,63,25,162,0.04663200799950573,0.36905609300083597,False,all independently sampled candidates,37,uniform_random,11,42125906,49125906,,512,disease_to_no_disease,,,,
1,64,64,64,13,13,0.04257193699959316,0.04257193699959316,True,all genetic population candidates,37,genetic_cfe,11,42125906,49125906,,512,disease_to_no_disease,,,,
2,64,128,64,26,37,0.04606070699992415,0.08863264399951731,True,all genetic population candidates,37,genetic_cfe,11,42125906,49125906,,512,disease_to_no_disease,,,,
3,64,192,64,45,81,0.04948885799967684,0.13812150199919415,True,all genetic population candidates,37,genetic_cfe,11,42125906,49125906,,512,disease_to_no_disease,,,,
4,64,256,64,56,136,0.05676351100009924,0.1948850129992934,True,all genetic population candidates,37,genetic_cfe,11,42125906,49125906,,512,disease_to_no_disease,,,,
5,64,320,64,58,192,0.05373775400039449,0.24862276699968788,True,all genetic population candidates,37,genetic_cfe,11,42125906,49125906,,512,disease_to_no_disease,,,,
6,64,384,64,52,242,0.05292896299943095,0.30155172999911883,True,all genetic population candidates,37,genetic_cfe,11,42125906,49125906,,512,disease_to_no_disease,,,,
7,64,448,64,52,288,0.05442195199975686,0.3559736819988757,True,all genetic population candidates,37,genetic_cfe,11,42125906,49125906,,512,disease_to_no_disease,,,,
8,64,512,64,57,343,0.05830834500011406,0.41428202699898975,True,all genetic population candidates,37,genetic_cfe,11,42125906,49125906,,512,disease_to_no_disease,,,,
1,512,512,16,16,1,0.11166343100012455,0.11166343100012455,True,final restart pool only,37,dice_gradient_style,11,42125906,49125906,,512,disease_to_no_disease,31.0,16.0,16.0,31.0
1,512,512,16,16,1,0.10437543299849494,0.10437543299849494,True,final restart pool only,37,wachter_style,11,42125906,49125906,,512,disease_to_no_disease,31.0,16.0,16.0,31.0
1,64,64,64,12,12,0.04348260500046308,0.04348260500046308,False,all independently sampled candidates,38,uniform_random,11,43125909,50125909,,512,disease_to_no_disease,,,,
2,64,128,64,20,32,0.042733107999083586,0.08621571299954667,False,all independently sampled candidates,38,uniform_random,11,43125909,50125909,,512,disease_to_no_disease,,,,
3,64,192,64,22,54,0.04321822800011432,0.129433940999661,False,all independently sampled candidates,38,uniform_random,11,43125909,50125909,,512,disease_to_no_disease,,,,
4,64,256,64,23,77,0.044386572000803426,0.17382051300046442,False,all independently sampled candidates,38,uniform_random,11,43125909,50125909,,512,disease_to_no_disease,,,,
5,64,320,64,27,104,0.04547950999949535,0.21930002299995977,False,all independently sampled candidates,38,uniform_random,11,43125909,50125909,,512,disease_to_no_disease,,,,
6,64,384,64,26,130,0.045488845000363654,0.2647888680003234,False,all independently sampled candidates,38,uniform_random,11,43125909,50125909,,512,disease_to_no_disease,,,,
7,64,448,64,26,156,0.04688597799940908,0.3116748459997325,False,all independently sampled candidates,38,uniform_random,11,43125909,50125909,,512,disease_to_no_disease,,,,
8,64,512,64,37,193,0.047719288000735105,0.3593941340004676,False,all independently sampled candidates,38,uniform_random,11,43125909,50125909,,512,disease_to_no_disease,,,,
1,64,64,64,12,12,0.043526837000172236,0.043526837000172236,True,all genetic population candidates,38,genetic_cfe,11,43125909,50125909,,512,disease_to_no_disease,,,,
2,64,128,64,41,52,0.04562042199904681,0.08914725899921905,True,all genetic population candidates,38,genetic_cfe,11,43125909,50125909,,512,disease_to_no_disease,,,,
3,64,192,64,50,99,0.048335066001527593,0.13748232500074664,True,all genetic population candidates,38,genetic_cfe,11,43125909,50125909,,512,disease_to_no_disease,,,,
4,64,256,64,47,146,0.04590111799916485,0.1833834429999115,True,all genetic population candidates,38,genetic_cfe,11,43125909,50125909,,512,disease_to_no_disease,,,,
5,64,320,64,52,196,0.050992820999454125,0.23437626399936562,True,all genetic population candidates,38,genetic_cfe,11,43125909,50125909,,512,disease_to_no_disease,,,,
6,64,384,64,59,254,0.053532511001321836,0.28790877500068746,True,all genetic population candidates,38,genetic_cfe,11,43125909,50125909,,512,disease_to_no_disease,,,,
7,64,448,64,57,307,0.056025477999355644,0.3439342530000431,True,all genetic population candidates,38,genetic_cfe,11,43125909,50125909,,512,disease_to_no_disease,,,,
8,64,512,64,55,359,0.06065297799977998,0.4045872309998231,True,all genetic population candidates,38,genetic_cfe,11,43125909,50125909,,512,disease_to_no_disease,,,,
1,512,512,16,16,1,0.1178936150008667,0.1178936150008667,True,final restart pool only,38,dice_gradient_style,11,43125909,50125909,,512,disease_to_no_disease,31.0,16.0,16.0,31.0
1,512,512,16,16,1,0.10560610100037593,0.10560610100037593,True,final restart pool only,38,wachter_style,11,43125909,50125909,,512,disease_to_no_disease,31.0,16.0,16.0,31.0
1,64,64,64,13,13,0.04412285599937604,0.04412285599937604,False,all independently sampled candidates,39,uniform_random,11,44125912,51125912,,512,disease_to_no_disease,,,,
2,64,128,64,15,28,0.045799667001119815,0.08992252300049586,False,all independently sampled candidates,39,uniform_random,11,44125912,51125912,,512,disease_to_no_disease,,,,
3,64,192,64,20,48,0.046388897999349865,0.13631142099984572,False,all independently sampled candidates,39,uniform_random,11,44125912,51125912,,512,disease_to_no_disease,,,,
4,64,256,64,18,66,0.04502604800109111,0.18133746900093684,False,all independently sampled candidates,39,uniform_random,11,44125912,51125912,,512,disease_to_no_disease,,,,
5,64,320,64,17,83,0.04467548999855353,0.22601295899949037,False,all independently sampled candidates,39,uniform_random,11,44125912,51125912,,512,disease_to_no_disease,,,,
6,64,384,64,22,105,0.04292090499984624,0.2689338639993366,False,all independently sampled candidates,39,uniform_random,11,44125912,51125912,,512,disease_to_no_disease,,,,
7,64,448,63,27,132,0.04557581000153732,0.31450967400087393,False,all independently sampled candidates,39,uniform_random,11,44125912,51125912,,512,disease_to_no_disease,,,,
8,64,512,62,19,151,0.044969331998800044,0.359479005999674,False,all independently sampled candidates,39,uniform_random,11,44125912,51125912,,512,disease_to_no_disease,,,,
1,64,64,64,13,13,0.042205011000987724,0.042205011000987724,True,all genetic population candidates,39,genetic_cfe,11,44125912,51125912,,512,disease_to_no_disease,,,,
2,64,128,64,20,33,0.041644049999376875,0.0838490610003646,True,all genetic population candidates,39,genetic_cfe,11,44125912,51125912,,512,disease_to_no_disease,,,,
3,64,192,64,40,70,0.04471748300056788,0.12856654400093248,True,all genetic population candidates,39,genetic_cfe,11,44125912,51125912,,512,disease_to_no_disease,,,,
4,64,256,64,47,114,0.046574343999964185,0.17514088800089667,True,all genetic population candidates,39,genetic_cfe,11,44125912,51125912,,512,disease_to_no_disease,,,,
5,64,320,64,54,168,0.04901532099938777,0.22415620900028443,True,all genetic population candidates,39,genetic_cfe,11,44125912,51125912,,512,disease_to_no_disease,,,,
6,64,384,64,55,221,0.052718609000294236,0.27687481800057867,True,all genetic population candidates,39,genetic_cfe,11,44125912,51125912,,512,disease_to_no_disease,,,,
7,64,448,64,56,276,0.05857888299942715,0.3354537010000058,True,all genetic population candidates,39,genetic_cfe,11,44125912,51125912,,512,disease_to_no_disease,,,,
8,64,512,64,56,329,0.057167169001331786,0.3926208700013376,True,all genetic population candidates,39,genetic_cfe,11,44125912,51125912,,512,disease_to_no_disease,,,,
1,512,512,16,16,1,0.11937506800131814,0.11937506800131814,True,final restart pool only,39,dice_gradient_style,11,44125912,51125912,,512,disease_to_no_disease,31.0,16.0,16.0,31.0
1,512,512,16,16,1,0.10514675299964438,0.10514675299964438,True,final restart pool only,39,wachter_style,11,44125912,51125912,,512,disease_to_no_disease,31.0,16.0,16.0,31.0
1,64,64,64,10,10,0.04493444200124941,0.04493444200124941,False,all independently sampled candidates,40,uniform_random,11,45125915,52125915,,512,disease_to_no_disease,,,,
2,64,128,64,21,31,0.04568760099937208,0.09062204300062149,False,all independently sampled candidates,40,uniform_random,11,45125915,52125915,,512,disease_to_no_disease,,,,
3,64,192,64,14,45,0.04353264900055365,0.13415469200117514,False,all independently sampled candidates,40,uniform_random,11,45125915,52125915,,512,disease_to_no_disease,,,,
4,64,256,64,19,64,0.04313439399993513,0.17728908600111026,False,all independently sampled candidates,40,uniform_random,11,45125915,52125915,,512,disease_to_no_disease,,,,
5,64,320,64,15,79,0.043443200000183424,0.2207322860012937,False,all independently sampled candidates,40,uniform_random,11,45125915,52125915,,512,disease_to_no_disease,,,,
6,64,384,64,31,110,0.04805182699965371,0.2687841130009474,False,all independently sampled candidates,40,uniform_random,11,45125915,52125915,,512,disease_to_no_disease,,,,
7,64,448,64,25,135,0.045102193998900475,0.3138863069998479,False,all independently sampled candidates,40,uniform_random,11,45125915,52125915,,512,disease_to_no_disease,,,,
8,64,512,64,23,158,0.045467545000065,0.3593538519999129,False,all independently sampled candidates,40,uniform_random,11,45125915,52125915,,512,disease_to_no_disease,,,,
1,64,64,64,10,10,0.04326126999876578,0.04326126999876578,True,all genetic population candidates,40,genetic_cfe,11,45125915,52125915,,512,disease_to_no_disease,,,,
2,64,128,64,26,36,0.04169808200094849,0.08495935199971427,True,all genetic population candidates,40,genetic_cfe,11,45125915,52125915,,512,disease_to_no_disease,,,,
3,64,192,64,48,82,0.04492017299889994,0.12987952499861422,True,all genetic population candidates,40,genetic_cfe,11,45125915,52125915,,512,disease_to_no_disease,,,,
4,64,256,64,53,133,0.04974194600072224,0.17962147099933645,True,all genetic population candidates,40,genetic_cfe,11,45125915,52125915,,512,disease_to_no_disease,,,,
5,64,320,64,54,183,0.05116944700057502,0.23079091799991147,True,all genetic population candidates,40,genetic_cfe,11,45125915,52125915,,512,disease_to_no_disease,,,,
6,64,384,64,47,229,0.05181613899912918,0.28260705699904065,True,all genetic population candidates,40,genetic_cfe,11,45125915,52125915,,512,disease_to_no_disease,,,,
7,64,448,64,56,283,0.05615028700049152,0.33875734399953217,True,all genetic population candidates,40,genetic_cfe,11,45125915,52125915,,512,disease_to_no_disease,,,,
8,64,512,64,60,340,0.05967738799881772,0.3984347319983499,True,all genetic population candidates,40,genetic_cfe,11,45125915,52125915,,512,disease_to_no_disease,,,,
1,512,512,16,16,1,0.1242372910000995,0.1242372910000995,True,final restart pool only,40,dice_gradient_style,11,45125915,52125915,,512,disease_to_no_disease,31.0,16.0,16.0,31.0
1,512,512,16,16,1,0.10755600099946605,0.10755600099946605,True,final restart pool only,40,wachter_style,11,45125915,52125915,,512,disease_to_no_disease,31.0,16.0,16.0,31.0
1,64,64,64,15,15,0.04288842200003273,0.04288842200003273,False,all independently sampled candidates,41,uniform_random,11,46125918,53125918,,512,disease_to_no_disease,,,,
2,64,128,64,21,36,0.043370285999117186,0.08625870799914992,False,all independently sampled candidates,41,uniform_random,11,46125918,53125918,,512,disease_to_no_disease,,,,
3,64,192,64,18,54,0.04447821699977794,0.13073692499892786,False,all independently sampled candidates,41,uniform_random,11,46125918,53125918,,512,disease_to_no_disease,,,,
4,64,256,64,20,74,0.04470295300052385,0.1754398779994517,False,all independently sampled candidates,41,uniform_random,11,46125918,53125918,,512,disease_to_no_disease,,,,
5,64,320,64,19,93,0.04520546599997033,0.22064534399942204,False,all independently sampled candidates,41,uniform_random,11,46125918,53125918,,512,disease_to_no_disease,,,,
6,64,384,63,27,120,0.044741751000401564,0.2653870949998236,False,all independently sampled candidates,41,uniform_random,11,46125918,53125918,,512,disease_to_no_disease,,,,
7,64,448,64,22,142,0.04424752399972931,0.3096346189995529,False,all independently sampled candidates,41,uniform_random,11,46125918,53125918,,512,disease_to_no_disease,,,,
8,64,512,64,27,169,0.0465857250001136,0.3562203439996665,False,all independently sampled candidates,41,uniform_random,11,46125918,53125918,,512,disease_to_no_disease,,,,
1,64,64,64,15,15,0.043879201000891044,0.043879201000891044,True,all genetic population candidates,41,genetic_cfe,11,46125918,53125918,,512,disease_to_no_disease,,,,
2,64,128,64,31,44,0.04579596199982916,0.0896751630007202,True,all genetic population candidates,41,genetic_cfe,11,46125918,53125918,,512,disease_to_no_disease,,,,
3,64,192,64,45,87,0.04614338300052623,0.13581854600124643,True,all genetic population candidates,41,genetic_cfe,11,46125918,53125918,,512,disease_to_no_disease,,,,
4,64,256,64,59,143,0.04897568100022909,0.18479422700147552,True,all genetic population candidates,41,genetic_cfe,11,46125918,53125918,,512,disease_to_no_disease,,,,
5,64,320,64,57,195,0.050107735998608405,0.23490196300008392,True,all genetic population candidates,41,genetic_cfe,11,46125918,53125918,,512,disease_to_no_disease,,,,
6,64,384,64,52,244,0.05274586000086856,0.2876478230009525,True,all genetic population candidates,41,genetic_cfe,11,46125918,53125918,,512,disease_to_no_disease,,,,
7,64,448,64,54,295,0.054046859999289154,0.34169468300024164,True,all genetic population candidates,41,genetic_cfe,11,46125918,53125918,,512,disease_to_no_disease,,,,
8,64,512,64,49,343,0.05607071300073585,0.3977653960009775,True,all genetic population candidates,41,genetic_cfe,11,46125918,53125918,,512,disease_to_no_disease,,,,
1,512,512,16,16,1,0.11434921600084635,0.11434921600084635,True,final restart pool only,41,dice_gradient_style,11,46125918,53125918,,512,disease_to_no_disease,31.0,16.0,16.0,31.0
1,512,512,16,16,1,0.10760149999987334,0.10760149999987334,True,final restart pool only,41,wachter_style,11,46125918,53125918,,512,disease_to_no_disease,31.0,16.0,16.0,31.0
1,64,64,64,19,19,0.04143457399914041,0.04143457399914041,False,all independently sampled candidates,42,uniform_random,11,47125921,54125921,,512,disease_to_no_disease,,,,
2,64,128,64,22,41,0.043378946000302676,0.08481351999944309,False,all independently sampled candidates,42,uniform_random,11,47125921,54125921,,512,disease_to_no_disease,,,,
3,64,192,64,19,60,0.04344420099914714,0.12825772099859023,False,all independently sampled candidates,42,uniform_random,11,47125921,54125921,,512,disease_to_no_disease,,,,
4,64,256,64,23,83,0.044949641000130214,0.17320736199872044,False,all independently sampled candidates,42,uniform_random,11,47125921,54125921,,512,disease_to_no_disease,,,,
5,64,320,63,21,104,0.04427214300085325,0.2174795049995737,False,all independently sampled candidates,42,uniform_random,11,47125921,54125921,,512,disease_to_no_disease,,,,
6,64,384,63,23,127,0.045263305999469594,0.2627428109990433,False,all independently sampled candidates,42,uniform_random,11,47125921,54125921,,512,disease_to_no_disease,,,,
7,64,448,64,17,144,0.04375877500024217,0.30650158599928545,False,all independently sampled candidates,42,uniform_random,11,47125921,54125921,,512,disease_to_no_disease,,,,
8,64,512,64,28,172,0.04537942800016026,0.3518810139994457,False,all independently sampled candidates,42,uniform_random,11,47125921,54125921,,512,disease_to_no_disease,,,,
1,64,64,64,19,19,0.04170653599976504,0.04170653599976504,True,all genetic population candidates,42,genetic_cfe,11,47125921,54125921,,512,disease_to_no_disease,,,,
2,64,128,64,33,52,0.044612072000745684,0.08631860800051072,True,all genetic population candidates,42,genetic_cfe,11,47125921,54125921,,512,disease_to_no_disease,,,,
3,64,192,64,45,96,0.04692809600055625,0.13324670400106697,True,all genetic population candidates,42,genetic_cfe,11,47125921,54125921,,512,disease_to_no_disease,,,,
4,64,256,64,52,145,0.04893453799923009,0.18218124200029706,True,all genetic population candidates,42,genetic_cfe,11,47125921,54125921,,512,disease_to_no_disease,,,,
5,64,320,64,55,197,0.050851128000431345,0.2330323700007284,True,all genetic population candidates,42,genetic_cfe,11,47125921,54125921,,512,disease_to_no_disease,,,,
6,64,384,64,60,255,0.053386714000225766,0.28641908400095417,True,all genetic population candidates,42,genetic_cfe,11,47125921,54125921,,512,disease_to_no_disease,,,,
7,64,448,64,58,308,0.057066669998675934,0.3434857539996301,True,all genetic population candidates,42,genetic_cfe,11,47125921,54125921,,512,disease_to_no_disease,,,,
8,64,512,64,60,360,0.0597363619999669,0.403222115999597,True,all genetic population candidates,42,genetic_cfe,11,47125921,54125921,,512,disease_to_no_disease,,,,
1,512,512,16,16,1,0.11216964900086168,0.11216964900086168,True,final restart pool only,42,dice_gradient_style,11,47125921,54125921,,512,disease_to_no_disease,31.0,16.0,16.0,31.0
1,512,512,16,16,1,0.10597806499936269,0.10597806499936269,True,final restart pool only,42,wachter_style,11,47125921,54125921,,512,disease_to_no_disease,31.0,16.0,16.0,31.0
1,64,64,64,8,8,0.04327320199990936,0.04327320199990936,False,all independently sampled candidates,43,uniform_random,11,48125924,55125924,,512,disease_to_no_disease,,,,
2,64,128,64,17,25,0.046048055999563076,0.08932125799947244,False,all independently sampled candidates,43,uniform_random,11,48125924,55125924,,512,disease_to_no_disease,,,,
3,64,192,64,22,47,0.04482680700130004,0.13414806500077248,False,all independently sampled candidates,43,uniform_random,11,48125924,55125924,,512,disease_to_no_disease,,,,
4,64,256,64,18,65,0.043701331998818205,0.17784939699959068,False,all independently sampled candidates,43,uniform_random,11,48125924,55125924,,512,disease_to_no_disease,,,,
5,64,320,64,19,84,0.0639267540009314,0.24177615100052208,False,all independently sampled candidates,43,uniform_random,11,48125924,55125924,,512,disease_to_no_disease,,,,
6,64,384,64,27,111,0.059759403999123606,0.3015355549996457,False,all independently sampled candidates,43,uniform_random,11,48125924,55125924,,512,disease_to_no_disease,,,,
7,64,448,64,26,137,0.047384953999426216,0.3489205089990719,False,all independently sampled candidates,43,uniform_random,11,48125924,55125924,,512,disease_to_no_disease,,,,
8,64,512,64,24,161,0.05305547800162458,0.4019759870006965,False,all independently sampled candidates,43,uniform_random,11,48125924,55125924,,512,disease_to_no_disease,,,,
1,64,64,64,8,8,0.04336308799975086,0.04336308799975086,True,all genetic population candidates,43,genetic_cfe,11,48125924,55125924,,512,disease_to_no_disease,,,,
2,64,128,64,31,35,0.0442509059994336,0.08761399399918446,True,all genetic population candidates,43,genetic_cfe,11,48125924,55125924,,512,disease_to_no_disease,,,,
3,64,192,64,40,73,0.04503555600058462,0.13264954999976908,True,all genetic population candidates,43,genetic_cfe,11,48125924,55125924,,512,disease_to_no_disease,,,,
4,64,256,64,53,125,0.048137559000679175,0.18078710900044825,True,all genetic population candidates,43,genetic_cfe,11,48125924,55125924,,512,disease_to_no_disease,,,,
5,64,320,64,52,174,0.051349231998756295,0.23213634099920455,True,all genetic population candidates,43,genetic_cfe,11,48125924,55125924,,512,disease_to_no_disease,,,,
6,64,384,64,56,225,0.05164710600001854,0.2837834469992231,True,all genetic population candidates,43,genetic_cfe,11,48125924,55125924,,512,disease_to_no_disease,,,,
7,64,448,64,59,280,0.053260497999872314,0.3370439449990954,True,all genetic population candidates,43,genetic_cfe,11,48125924,55125924,,512,disease_to_no_disease,,,,
8,64,512,64,60,337,0.05829511600131809,0.3953390610004135,True,all genetic population candidates,43,genetic_cfe,11,48125924,55125924,,512,disease_to_no_disease,,,,
1,512,512,16,16,1,0.11948137000035786,0.11948137000035786,True,final restart pool only,43,dice_gradient_style,11,48125924,55125924,,512,disease_to_no_disease,31.0,16.0,16.0,31.0
1,512,512,16,16,1,0.1058578709998983,0.1058578709998983,True,final restart pool only,43,wachter_style,11,48125924,55125924,,512,disease_to_no_disease,31.0,16.0,16.0,31.0
1,64,64,64,8,8,0.04277349099902494,0.04277349099902494,False,all independently sampled candidates,44,uniform_random,11,49125927,56125927,,512,disease_to_no_disease,,,,
2,64,128,64,23,31,0.04269084500083409,0.08546433599985903,False,all independently sampled candidates,44,uniform_random,11,49125927,56125927,,512,disease_to_no_disease,,,,
3,64,192,64,22,53,0.043700244999854476,0.1291645809997135,False,all independently sampled candidates,44,uniform_random,11,49125927,56125927,,512,disease_to_no_disease,,,,
4,64,256,64,27,80,0.044272064998949645,0.17343664599866315,False,all independently sampled candidates,44,uniform_random,11,49125927,56125927,,512,disease_to_no_disease,,,,
5,64,320,64,25,105,0.0464201190006861,0.21985676499934925,False,all independently sampled candidates,44,uniform_random,11,49125927,56125927,,512,disease_to_no_disease,,,,
6,64,384,64,23,128,0.04900036499930138,0.26885712999865063,False,all independently sampled candidates,44,uniform_random,11,49125927,56125927,,512,disease_to_no_disease,,,,
7,64,448,64,28,156,0.04731015200013644,0.3161672819987871,False,all independently sampled candidates,44,uniform_random,11,49125927,56125927,,512,disease_to_no_disease,,,,
8,64,512,64,21,177,0.04837144900011481,0.3645387309989019,False,all independently sampled candidates,44,uniform_random,11,49125927,56125927,,512,disease_to_no_disease,,,,
1,64,64,64,8,8,0.04323627800113172,0.04323627800113172,True,all genetic population candidates,44,genetic_cfe,11,49125927,56125927,,512,disease_to_no_disease,,,,
2,64,128,64,31,39,0.04257142599999497,0.0858077040011267,True,all genetic population candidates,44,genetic_cfe,11,49125927,56125927,,512,disease_to_no_disease,,,,
3,64,192,64,43,81,0.045465074999810895,0.1312727790009376,True,all genetic population candidates,44,genetic_cfe,11,49125927,56125927,,512,disease_to_no_disease,,,,
4,64,256,64,45,125,0.049484113998914836,0.18075689299985243,True,all genetic population candidates,44,genetic_cfe,11,49125927,56125927,,512,disease_to_no_disease,,,,
5,64,320,64,48,172,0.04895035499976075,0.22970724799961317,True,all genetic population candidates,44,genetic_cfe,11,49125927,56125927,,512,disease_to_no_disease,,,,
6,64,384,64,56,224,0.05124563200115517,0.28095288000076835,True,all genetic population candidates,44,genetic_cfe,11,49125927,56125927,,512,disease_to_no_disease,,,,
7,64,448,64,51,270,0.05400125400046818,0.3349541340012365,True,all genetic population candidates,44,genetic_cfe,11,49125927,56125927,,512,disease_to_no_disease,,,,
8,64,512,64,56,324,0.055640620999838575,0.3905947550010751,True,all genetic population candidates,44,genetic_cfe,11,49125927,56125927,,512,disease_to_no_disease,,,,
1,512,512,16,16,1,0.11970977100099844,0.11970977100099844,True,final restart pool only,44,dice_gradient_style,11,49125927,56125927,,512,disease_to_no_disease,31.0,16.0,16.0,31.0
1,512,512,16,16,1,0.10593187999984366,0.10593187999984366,True,final restart pool only,44,wachter_style,11,49125927,56125927,,512,disease_to_no_disease,31.0,16.0,16.0,31.0
1,64,64,64,16,16,0.04251687600117293,0.04251687600117293,False,all independently sampled candidates,45,uniform_random,11,50125930,57125930,,512,disease_to_no_disease,,,,
2,64,128,64,17,33,0.04329599999982747,0.0858128760010004,False,all independently sampled candidates,45,uniform_random,11,50125930,57125930,,512,disease_to_no_disease,,,,
3,64,192,64,26,59,0.04381543099952978,0.12962830700053019,False,all independently sampled candidates,45,uniform_random,11,50125930,57125930,,512,disease_to_no_disease,,,,
4,64,256,64,32,91,0.045660473999305395,0.17528878099983558,False,all independently sampled candidates,45,uniform_random,11,50125930,57125930,,512,disease_to_no_disease,,,,
5,64,320,64,25,116,0.047425605000171345,0.22271438600000693,False,all independently sampled candidates,45,uniform_random,11,50125930,57125930,,512,disease_to_no_disease,,,,
6,64,384,64,22,138,0.04896551500132773,0.27167990100133466,False,all independently sampled candidates,45,uniform_random,11,50125930,57125930,,512,disease_to_no_disease,,,,
7,64,448,64,29,167,0.04981950000001234,0.321499401001347,False,all independently sampled candidates,45,uniform_random,11,50125930,57125930,,512,disease_to_no_disease,,,,
8,64,512,64,27,194,0.048218693998933304,0.3697180950002803,False,all independently sampled candidates,45,uniform_random,11,50125930,57125930,,512,disease_to_no_disease,,,,
1,64,64,64,16,16,0.04251237000062247,0.04251237000062247,True,all genetic population candidates,45,genetic_cfe,11,50125930,57125930,,512,disease_to_no_disease,,,,
2,64,128,64,35,51,0.04472782199991343,0.0872401920005359,True,all genetic population candidates,45,genetic_cfe,11,50125930,57125930,,512,disease_to_no_disease,,,,
3,64,192,64,55,104,0.04725038300057349,0.1344905750011094,True,all genetic population candidates,45,genetic_cfe,11,50125930,57125930,,512,disease_to_no_disease,,,,
4,64,256,64,56,159,0.04920624899932591,0.1836968240004353,True,all genetic population candidates,45,genetic_cfe,11,50125930,57125930,,512,disease_to_no_disease,,,,
5,64,320,64,58,211,0.053566767999654985,0.23726359200009028,True,all genetic population candidates,45,genetic_cfe,11,50125930,57125930,,512,disease_to_no_disease,,,,
6,64,384,64,59,266,0.05776351500026067,0.29502710700035095,True,all genetic population candidates,45,genetic_cfe,11,50125930,57125930,,512,disease_to_no_disease,,,,
7,64,448,64,54,319,0.059193876000790624,0.3542209830011416,True,all genetic population candidates,45,genetic_cfe,11,50125930,57125930,,512,disease_to_no_disease,,,,
8,64,512,64,52,363,0.06359390199941117,0.41781488500055275,True,all genetic population candidates,45,genetic_cfe,11,50125930,57125930,,512,disease_to_no_disease,,,,
1,512,512,16,16,1,0.11868763299935381,0.11868763299935381,True,final restart pool only,45,dice_gradient_style,11,50125930,57125930,,512,disease_to_no_disease,31.0,16.0,16.0,31.0
1,512,512,16,16,1,0.10941817800085119,0.10941817800085119,True,final restart pool only,45,wachter_style,11,50125930,57125930,,512,disease_to_no_disease,31.0,16.0,16.0,31.0
1,64,64,64,17,17,0.044035165999957826,0.044035165999957826,False,all independently sampled candidates,46,uniform_random,11,51125933,58125933,,512,disease_to_no_disease,,,,
2,64,128,64,23,40,0.04880847599997651,0.09284364199993433,False,all independently sampled candidates,46,uniform_random,11,51125933,58125933,,512,disease_to_no_disease,,,,
3,64,192,64,24,64,0.047894700001052115,0.14073834200098645,False,all independently sampled candidates,46,uniform_random,11,51125933,58125933,,512,disease_to_no_disease,,,,
4,64,256,64,22,86,0.04611409899916907,0.18685244100015552,False,all independently sampled candidates,46,uniform_random,11,51125933,58125933,,512,disease_to_no_disease,,,,
5,64,320,64,29,115,0.045504452000386664,0.2323568930005422,False,all independently sampled candidates,46,uniform_random,11,51125933,58125933,,512,disease_to_no_disease,,,,
6,64,384,64,27,142,0.04779434299962304,0.2801512360001652,False,all independently sampled candidates,46,uniform_random,11,51125933,58125933,,512,disease_to_no_disease,,,,
7,64,448,64,31,173,0.046450003999780165,0.3266012399999454,False,all independently sampled candidates,46,uniform_random,11,51125933,58125933,,512,disease_to_no_disease,,,,
8,64,512,64,33,206,0.04982254999958968,0.3764237899995351,False,all independently sampled candidates,46,uniform_random,11,51125933,58125933,,512,disease_to_no_disease,,,,
1,64,64,64,17,17,0.043537219000427285,0.043537219000427285,True,all genetic population candidates,46,genetic_cfe,11,51125933,58125933,,512,disease_to_no_disease,,,,
2,64,128,64,45,62,0.04736584599959315,0.09090306500002043,True,all genetic population candidates,46,genetic_cfe,11,51125933,58125933,,512,disease_to_no_disease,,,,
3,64,192,64,56,116,0.0466421100009029,0.13754517500092334,True,all genetic population candidates,46,genetic_cfe,11,51125933,58125933,,512,disease_to_no_disease,,,,
4,64,256,64,55,170,0.04957086799913668,0.18711604300006002,True,all genetic population candidates,46,genetic_cfe,11,51125933,58125933,,512,disease_to_no_disease,,,,
5,64,320,64,52,220,0.051629006000439404,0.23874504900049942,True,all genetic population candidates,46,genetic_cfe,11,51125933,58125933,,512,disease_to_no_disease,,,,
6,64,384,64,55,274,0.05946173499978613,0.29820678400028555,True,all genetic population candidates,46,genetic_cfe,11,51125933,58125933,,512,disease_to_no_disease,,,,
7,64,448,64,51,324,0.05920438999964972,0.35741117399993527,True,all genetic population candidates,46,genetic_cfe,11,51125933,58125933,,512,disease_to_no_disease,,,,
8,64,512,64,57,378,0.06068760000016482,0.4180987740001001,True,all genetic population candidates,46,genetic_cfe,11,51125933,58125933,,512,disease_to_no_disease,,,,
1,512,512,16,16,1,0.129178810000667,0.129178810000667,True,final restart pool only,46,dice_gradient_style,11,51125933,58125933,,512,disease_to_no_disease,31.0,16.0,16.0,31.0
1,512,512,16,16,1,0.11106153999935486,0.11106153999935486,True,final restart pool only,46,wachter_style,11,51125933,58125933,,512,disease_to_no_disease,31.0,16.0,16.0,31.0
1,64,64,64,12,12,0.04320906199973251,0.04320906199973251,False,all independently sampled candidates,47,uniform_random,11,52125936,59125936,,512,disease_to_no_disease,,,,
2,64,128,64,14,26,0.04500360199926945,0.08821266399900196,False,all independently sampled candidates,47,uniform_random,11,52125936,59125936,,512,disease_to_no_disease,,,,
3,64,192,64,23,49,0.04419436799980758,0.13240703199880954,False,all independently sampled candidates,47,uniform_random,11,52125936,59125936,,512,disease_to_no_disease,,,,
4,64,256,64,28,77,0.04549719000169716,0.1779042220005067,False,all independently sampled candidates,47,uniform_random,11,52125936,59125936,,512,disease_to_no_disease,,,,
5,64,320,64,22,99,0.045067978999213665,0.22297220099972037,False,all independently sampled candidates,47,uniform_random,11,52125936,59125936,,512,disease_to_no_disease,,,,
6,64,384,64,29,128,0.045264447000590735,0.2682366480003111,False,all independently sampled candidates,47,uniform_random,11,52125936,59125936,,512,disease_to_no_disease,,,,
7,64,448,63,20,148,0.045438260000082664,0.31367490800039377,False,all independently sampled candidates,47,uniform_random,11,52125936,59125936,,512,disease_to_no_disease,,,,
8,64,512,64,23,171,0.046215742999265785,0.35989065099965956,False,all independently sampled candidates,47,uniform_random,11,52125936,59125936,,512,disease_to_no_disease,,,,
1,64,64,64,12,12,0.0412398900007247,0.0412398900007247,True,all genetic population candidates,47,genetic_cfe,11,52125936,59125936,,512,disease_to_no_disease,,,,
2,64,128,64,37,48,0.04388457200002449,0.08512446200074919,True,all genetic population candidates,47,genetic_cfe,11,52125936,59125936,,512,disease_to_no_disease,,,,
3,64,192,64,52,97,0.048527596998610534,0.13365205899935972,True,all genetic population candidates,47,genetic_cfe,11,52125936,59125936,,512,disease_to_no_disease,,,,
4,64,256,64,55,150,0.051073814000119455,0.18472587299947918,True,all genetic population candidates,47,genetic_cfe,11,52125936,59125936,,512,disease_to_no_disease,,,,
5,64,320,64,59,209,0.052780459000132396,0.23750633199961158,True,all genetic population candidates,47,genetic_cfe,11,52125936,59125936,,512,disease_to_no_disease,,,,
6,64,384,64,55,259,0.05806299500000023,0.2955693269996118,True,all genetic population candidates,47,genetic_cfe,11,52125936,59125936,,512,disease_to_no_disease,,,,
7,64,448,64,53,310,0.055916229999638745,0.35148555699925055,True,all genetic population candidates,47,genetic_cfe,11,52125936,59125936,,512,disease_to_no_disease,,,,
8,64,512,64,51,359,0.05673682400083635,0.4082223810000869,True,all genetic population candidates,47,genetic_cfe,11,52125936,59125936,,512,disease_to_no_disease,,,,
1,512,512,16,16,1,0.14317683999979636,0.14317683999979636,True,final restart pool only,47,dice_gradient_style,11,52125936,59125936,,512,disease_to_no_disease,31.0,16.0,16.0,31.0
1,512,512,16,16,1,0.10447575199941639,0.10447575199941639,True,final restart pool only,47,wachter_style,11,52125936,59125936,,512,disease_to_no_disease,31.0,16.0,16.0,31.0
1,64,64,64,7,7,0.041594570999222924,0.041594570999222924,False,all independently sampled candidates,48,uniform_random,11,53125939,60125939,,512,disease_to_no_disease,,,,
2,64,128,64,19,26,0.044226891001017066,0.08582146200023999,False,all independently sampled candidates,48,uniform_random,11,53125939,60125939,,512,disease_to_no_disease,,,,
3,64,192,64,23,49,0.05073416199957137,0.13655562399981136,False,all independently sampled candidates,48,uniform_random,11,53125939,60125939,,512,disease_to_no_disease,,,,
4,64,256,64,30,79,0.045316048999666236,0.1818716729994776,False,all independently sampled candidates,48,uniform_random,11,53125939,60125939,,512,disease_to_no_disease,,,,
5,64,320,64,25,104,0.04763067900057649,0.2295023520000541,False,all independently sampled candidates,48,uniform_random,11,53125939,60125939,,512,disease_to_no_disease,,,,
6,64,384,64,26,130,0.048399549999885494,0.2779019019999396,False,all independently sampled candidates,48,uniform_random,11,53125939,60125939,,512,disease_to_no_disease,,,,
7,64,448,64,26,156,0.05143762599982438,0.32933952799976396,False,all independently sampled candidates,48,uniform_random,11,53125939,60125939,,512,disease_to_no_disease,,,,
8,64,512,64,31,187,0.04864928099959798,0.37798880899936194,False,all independently sampled candidates,48,uniform_random,11,53125939,60125939,,512,disease_to_no_disease,,,,
1,64,64,64,7,7,0.04383512100139342,0.04383512100139342,True,all genetic population candidates,48,genetic_cfe,11,53125939,60125939,,512,disease_to_no_disease,,,,
2,64,128,64,26,32,0.04582767299871193,0.08966279400010535,True,all genetic population candidates,48,genetic_cfe,11,53125939,60125939,,512,disease_to_no_disease,,,,
3,64,192,64,41,72,0.047096734000660945,0.1367595280007663,True,all genetic population candidates,48,genetic_cfe,11,53125939,60125939,,512,disease_to_no_disease,,,,
4,64,256,64,54,124,0.04852225300055579,0.1852817810013221,True,all genetic population candidates,48,genetic_cfe,11,53125939,60125939,,512,disease_to_no_disease,,,,
5,64,320,64,56,179,0.05143097299878718,0.23671275400010927,True,all genetic population candidates,48,genetic_cfe,11,53125939,60125939,,512,disease_to_no_disease,,,,
6,64,384,64,56,233,0.056274722001035116,0.2929874760011444,True,all genetic population candidates,48,genetic_cfe,11,53125939,60125939,,512,disease_to_no_disease,,,,
7,64,448,64,61,291,0.05794818899994425,0.35093566500108864,True,all genetic population candidates,48,genetic_cfe,11,53125939,60125939,,512,disease_to_no_disease,,,,
8,64,512,64,54,342,0.05528888200024085,0.4062245470013295,True,all genetic population candidates,48,genetic_cfe,11,53125939,60125939,,512,disease_to_no_disease,,,,
1,512,512,16,16,1,0.1080484060003073,0.1080484060003073,True,final restart pool only,48,dice_gradient_style,11,53125939,60125939,,512,disease_to_no_disease,31.0,16.0,16.0,31.0
1,512,512,16,16,1,0.10541427099997236,0.10541427099997236,True,final restart pool only,48,wachter_style,11,53125939,60125939,,512,disease_to_no_disease,31.0,16.0,16.0,31.0
1,64,64,64,16,16,0.044522797001263825,0.044522797001263825,False,all independently sampled candidates,49,uniform_random,11,54125942,61125942,,512,disease_to_no_disease,,,,
2,64,128,64,24,40,0.0455195670001558,0.09004236400141963,False,all independently sampled candidates,49,uniform_random,11,54125942,61125942,,512,disease_to_no_disease,,,,
3,64,192,64,20,60,0.04315756799951487,0.1331999320009345,False,all independently sampled candidates,49,uniform_random,11,54125942,61125942,,512,disease_to_no_disease,,,,
4,64,256,64,31,91,0.04660648999924888,0.17980642200018337,False,all independently sampled candidates,49,uniform_random,11,54125942,61125942,,512,disease_to_no_disease,,,,
5,64,320,64,24,115,0.044347977000143146,0.22415439900032652,False,all independently sampled candidates,49,uniform_random,11,54125942,61125942,,512,disease_to_no_disease,,,,
6,64,384,64,31,146,0.04668172600031539,0.2708361250006419,False,all independently sampled candidates,49,uniform_random,11,54125942,61125942,,512,disease_to_no_disease,,,,
7,64,448,64,25,171,0.04578764500001853,0.31662377000066044,False,all independently sampled candidates,49,uniform_random,11,54125942,61125942,,512,disease_to_no_disease,,,,
8,64,512,64,33,204,0.04905545899964636,0.3656792290003068,False,all independently sampled candidates,49,uniform_random,11,54125942,61125942,,512,disease_to_no_disease,,,,
1,64,64,64,16,16,0.04364481899938255,0.04364481899938255,True,all genetic population candidates,49,genetic_cfe,11,54125942,61125942,,512,disease_to_no_disease,,,,
2,64,128,64,29,45,0.046617887001048075,0.09026270600043063,True,all genetic population candidates,49,genetic_cfe,11,54125942,61125942,,512,disease_to_no_disease,,,,
3,64,192,64,40,82,0.04707829499966465,0.13734100100009528,True,all genetic population candidates,49,genetic_cfe,11,54125942,61125942,,512,disease_to_no_disease,,,,
4,64,256,64,57,136,0.05588442599946575,0.19322542699956102,True,all genetic population candidates,49,genetic_cfe,11,54125942,61125942,,512,disease_to_no_disease,,,,
5,64,320,64,52,187,0.05368178400021861,0.24690721099977964,True,all genetic population candidates,49,genetic_cfe,11,54125942,61125942,,512,disease_to_no_disease,,,,
6,64,384,64,53,239,0.053583811000862624,0.30049102200064226,True,all genetic population candidates,49,genetic_cfe,11,54125942,61125942,,512,disease_to_no_disease,,,,
7,64,448,64,55,292,0.054564594000112265,0.3550556160007545,True,all genetic population candidates,49,genetic_cfe,11,54125942,61125942,,512,disease_to_no_disease,,,,
8,64,512,64,58,344,0.05913102500016976,0.4141866410009243,True,all genetic population candidates,49,genetic_cfe,11,54125942,61125942,,512,disease_to_no_disease,,,,
1,512,512,16,16,1,0.11229905600157508,0.11229905600157508,True,final restart pool only,49,dice_gradient_style,11,54125942,61125942,,512,disease_to_no_disease,31.0,16.0,16.0,31.0
1,512,512,16,16,1,0.1043268409994198,0.1043268409994198,True,final restart pool only,49,wachter_style,11,54125942,61125942,,512,disease_to_no_disease,31.0,16.0,16.0,31.0
1,64,64,64,11,11,0.04403169800025353,0.04403169800025353,False,all independently sampled candidates,50,uniform_random,11,55125945,62125945,,512,disease_to_no_disease,,,,
2,64,128,64,16,27,0.04315068299911218,0.0871823809993657,False,all independently sampled candidates,50,uniform_random,11,55125945,62125945,,512,disease_to_no_disease,,,,
3,64,192,64,21,48,0.042246469000019715,0.12942884999938542,False,all independently sampled candidates,50,uniform_random,11,55125945,62125945,,512,disease_to_no_disease,,,,
4,64,256,64,29,77,0.04336049900120997,0.1727893490005954,False,all independently sampled candidates,50,uniform_random,11,55125945,62125945,,512,disease_to_no_disease,,,,
5,64,320,64,27,104,0.04592197499914619,0.21871132399974158,False,all independently sampled candidates,50,uniform_random,11,55125945,62125945,,512,disease_to_no_disease,,,,
6,64,384,64,31,135,0.045750106999548734,0.2644614309992903,False,all independently sampled candidates,50,uniform_random,11,55125945,62125945,,512,disease_to_no_disease,,,,
7,64,448,64,35,170,0.048064915999930236,0.31252634699922055,False,all independently sampled candidates,50,uniform_random,11,55125945,62125945,,512,disease_to_no_disease,,,,
8,64,512,64,28,198,0.047562393001499004,0.36008874000071955,False,all independently sampled candidates,50,uniform_random,11,55125945,62125945,,512,disease_to_no_disease,,,,
1,64,64,64,11,11,0.042002508000223315,0.042002508000223315,True,all genetic population candidates,50,genetic_cfe,11,55125945,62125945,,512,disease_to_no_disease,,,,
2,64,128,64,31,39,0.042508379998253076,0.08451088799847639,True,all genetic population candidates,50,genetic_cfe,11,55125945,62125945,,512,disease_to_no_disease,,,,
3,64,192,64,46,84,0.0472394880016509,0.1317503760001273,True,all genetic population candidates,50,genetic_cfe,11,55125945,62125945,,512,disease_to_no_disease,,,,
4,64,256,64,47,129,0.04802538699914294,0.17977576299927023,True,all genetic population candidates,50,genetic_cfe,11,55125945,62125945,,512,disease_to_no_disease,,,,
5,64,320,64,53,177,0.05014705100074934,0.22992281400001957,True,all genetic population candidates,50,genetic_cfe,11,55125945,62125945,,512,disease_to_no_disease,,,,
6,64,384,64,58,232,0.052087017998928786,0.28200983199894836,True,all genetic population candidates,50,genetic_cfe,11,55125945,62125945,,512,disease_to_no_disease,,,,
7,64,448,64,57,284,0.054265247999865096,0.33627507999881345,True,all genetic population candidates,50,genetic_cfe,11,55125945,62125945,,512,disease_to_no_disease,,,,
8,64,512,64,58,338,0.056395565001366776,0.39267064500018023,True,all genetic population candidates,50,genetic_cfe,11,55125945,62125945,,512,disease_to_no_disease,,,,
1,512,512,16,16,1,0.11281493100068474,0.11281493100068474,True,final restart pool only,50,dice_gradient_style,11,55125945,62125945,,512,disease_to_no_disease,31.0,16.0,16.0,31.0
1,512,512,16,16,1,0.10136313599832647,0.10136313599832647,True,final restart pool only,50,wachter_style,11,55125945,62125945,,512,disease_to_no_disease,31.0,16.0,16.0,31.0
1,64,64,64,11,11,0.04313581700080249,0.04313581700080249,False,all independently sampled candidates,51,uniform_random,11,56125948,63125948,,512,disease_to_no_disease,,,,
2,64,128,64,14,25,0.043642501999784145,0.08677831900058663,False,all independently sampled candidates,51,uniform_random,11,56125948,63125948,,512,disease_to_no_disease,,,,
3,64,192,64,32,57,0.04683674999978393,0.13361506900037057,False,all independently sampled candidates,51,uniform_random,11,56125948,63125948,,512,disease_to_no_disease,,,,
4,64,256,64,29,86,0.04464040099992417,0.17825547000029474,False,all independently sampled candidates,51,uniform_random,11,56125948,63125948,,512,disease_to_no_disease,,,,
5,64,320,64,23,109,0.043970839000394335,0.22222630900068907,False,all independently sampled candidates,51,uniform_random,11,56125948,63125948,,512,disease_to_no_disease,,,,
6,64,384,64,35,144,0.04680281500077399,0.26902912400146306,False,all independently sampled candidates,51,uniform_random,11,56125948,63125948,,512,disease_to_no_disease,,,,
7,64,448,64,30,174,0.04632169199976488,0.31535081600122794,False,all independently sampled candidates,51,uniform_random,11,56125948,63125948,,512,disease_to_no_disease,,,,
8,64,512,64,31,205,0.04665455800022755,0.3620053740014555,False,all independently sampled candidates,51,uniform_random,11,56125948,63125948,,512,disease_to_no_disease,,,,
1,64,64,64,11,11,0.04601034200095455,0.04601034200095455,True,all genetic population candidates,51,genetic_cfe,11,56125948,63125948,,512,disease_to_no_disease,,,,
2,64,128,64,34,42,0.046136581999235204,0.09214692400018976,True,all genetic population candidates,51,genetic_cfe,11,56125948,63125948,,512,disease_to_no_disease,,,,
3,64,192,64,44,85,0.0462941759997193,0.13844109999990906,True,all genetic population candidates,51,genetic_cfe,11,56125948,63125948,,512,disease_to_no_disease,,,,
4,64,256,64,53,137,0.04964895600096497,0.18809005600087403,True,all genetic population candidates,51,genetic_cfe,11,56125948,63125948,,512,disease_to_no_disease,,,,
5,64,320,64,55,190,0.05324556800042046,0.2413356240012945,True,all genetic population candidates,51,genetic_cfe,11,56125948,63125948,,512,disease_to_no_disease,,,,
6,64,384,64,52,240,0.05323233099989011,0.2945679550011846,True,all genetic population candidates,51,genetic_cfe,11,56125948,63125948,,512,disease_to_no_disease,,,,
7,64,448,64,62,301,0.058192671998767764,0.35276062699995236,True,all genetic population candidates,51,genetic_cfe,11,56125948,63125948,,512,disease_to_no_disease,,,,
8,64,512,64,56,354,0.05918408500110672,0.4119447120010591,True,all genetic population candidates,51,genetic_cfe,11,56125948,63125948,,512,disease_to_no_disease,,,,
1,512,512,16,16,1,0.11302790999980061,0.11302790999980061,True,final restart pool only,51,dice_gradient_style,11,56125948,63125948,,512,disease_to_no_disease,31.0,16.0,16.0,31.0
1,512,512,16,16,1,0.10323371199956455,0.10323371199956455,True,final restart pool only,51,wachter_style,11,56125948,63125948,,512,disease_to_no_disease,31.0,16.0,16.0,31.0
1,64,64,64,20,20,0.045848801999454736,0.045848801999454736,False,all independently sampled candidates,52,uniform_random,11,57125951,64125951,,512,disease_to_no_disease,,,,
2,64,128,64,34,54,0.0460484439990978,0.09189724599855253,False,all independently sampled candidates,52,uniform_random,11,57125951,64125951,,512,disease_to_no_disease,,,,
3,64,192,64,27,81,0.04592030200001318,0.13781754799856571,False,all independently sampled candidates,52,uniform_random,11,57125951,64125951,,512,disease_to_no_disease,,,,
4,64,256,64,33,114,0.04694201900019834,0.18475956699876406,False,all independently sampled candidates,52,uniform_random,11,57125951,64125951,,512,disease_to_no_disease,,,,
5,64,320,64,35,149,0.045825122000678675,0.23058468899944273,False,all independently sampled candidates,52,uniform_random,11,57125951,64125951,,512,disease_to_no_disease,,,,
6,64,384,64,26,175,0.04484355499880621,0.27542824399824894,False,all independently sampled candidates,52,uniform_random,11,57125951,64125951,,512,disease_to_no_disease,,,,
7,64,448,64,32,207,0.04754967500048224,0.3229779189987312,False,all independently sampled candidates,52,uniform_random,11,57125951,64125951,,512,disease_to_no_disease,,,,
8,64,512,64,27,234,0.04794533099993714,0.3709232499986683,False,all independently sampled candidates,52,uniform_random,11,57125951,64125951,,512,disease_to_no_disease,,,,
1,64,64,64,20,20,0.050603506999323145,0.050603506999323145,True,all genetic population candidates,52,genetic_cfe,11,57125951,64125951,,512,disease_to_no_disease,,,,
2,64,128,64,38,56,0.045678451999265235,0.09628195899858838,True,all genetic population candidates,52,genetic_cfe,11,57125951,64125951,,512,disease_to_no_disease,,,,
3,64,192,64,52,107,0.047639602000344894,0.14392156099893327,True,all genetic population candidates,52,genetic_cfe,11,57125951,64125951,,512,disease_to_no_disease,,,,
4,64,256,64,52,156,0.04923309900004824,0.19315465999898151,True,all genetic population candidates,52,genetic_cfe,11,57125951,64125951,,512,disease_to_no_disease,,,,
5,64,320,64,57,210,0.05290012400109845,0.24605478400007996,True,all genetic population candidates,52,genetic_cfe,11,57125951,64125951,,512,disease_to_no_disease,,,,
6,64,384,64,55,259,0.055525374998978805,0.30158015899905877,True,all genetic population candidates,52,genetic_cfe,11,57125951,64125951,,512,disease_to_no_disease,,,,
7,64,448,64,58,313,0.08618641999964893,0.3877665789987077,True,all genetic population candidates,52,genetic_cfe,11,57125951,64125951,,512,disease_to_no_disease,,,,
8,64,512,64,59,365,0.05883800300034636,0.44660458199905406,True,all genetic population candidates,52,genetic_cfe,11,57125951,64125951,,512,disease_to_no_disease,,,,
1,512,512,16,16,1,0.10735559400018246,0.10735559400018246,True,final restart pool only,52,dice_gradient_style,11,57125951,64125951,,512,disease_to_no_disease,31.0,16.0,16.0,31.0
1,512,512,16,16,1,0.09883664500011946,0.09883664500011946,True,final restart pool only,52,wachter_style,11,57125951,64125951,,512,disease_to_no_disease,31.0,16.0,16.0,31.0
1,64,64,64,13,13,0.043241822999334545,0.043241822999334545,False,all independently sampled candidates,53,uniform_random,11,58125954,65125954,,512,disease_to_no_disease,,,,
2,64,128,64,23,36,0.04239437999967777,0.08563620299901231,False,all independently sampled candidates,53,uniform_random,11,58125954,65125954,,512,disease_to_no_disease,,,,
3,64,192,64,25,61,0.042724046999865095,0.1283602499988774,False,all independently sampled candidates,53,uniform_random,11,58125954,65125954,,512,disease_to_no_disease,,,,
4,64,256,64,26,87,0.04459119500097586,0.17295144499985327,False,all independently sampled candidates,53,uniform_random,11,58125954,65125954,,512,disease_to_no_disease,,,,
5,64,320,64,25,112,0.044107640998845454,0.21705908599869872,False,all independently sampled candidates,53,uniform_random,11,58125954,65125954,,512,disease_to_no_disease,,,,
6,64,384,64,30,142,0.04660829300155456,0.2636673790002533,False,all independently sampled candidates,53,uniform_random,11,58125954,65125954,,512,disease_to_no_disease,,,,
7,64,448,64,37,179,0.04981701499855262,0.3134843939988059,False,all independently sampled candidates,53,uniform_random,11,58125954,65125954,,512,disease_to_no_disease,,,,
8,64,512,64,30,209,0.04645689200151537,0.35994128600032127,False,all independently sampled candidates,53,uniform_random,11,58125954,65125954,,512,disease_to_no_disease,,,,
1,64,64,64,13,13,0.042041240998514695,0.042041240998514695,True,all genetic population candidates,53,genetic_cfe,11,58125954,65125954,,512,disease_to_no_disease,,,,
2,64,128,64,32,43,0.04372520100150723,0.08576644200002193,True,all genetic population candidates,53,genetic_cfe,11,58125954,65125954,,512,disease_to_no_disease,,,,
3,64,192,64,48,89,0.04480138999861083,0.13056783199863276,True,all genetic population candidates,53,genetic_cfe,11,58125954,65125954,,512,disease_to_no_disease,,,,
4,64,256,64,54,142,0.047620803999961936,0.1781886359985947,True,all genetic population candidates,53,genetic_cfe,11,58125954,65125954,,512,disease_to_no_disease,,,,
5,64,320,64,54,195,0.04873831900113146,0.22692695499972615,True,all genetic population candidates,53,genetic_cfe,11,58125954,65125954,,512,disease_to_no_disease,,,,
6,64,384,64,52,246,0.052218814998923335,0.2791457699986495,True,all genetic population candidates,53,genetic_cfe,11,58125954,65125954,,512,disease_to_no_disease,,,,
7,64,448,64,56,300,0.05520867700033705,0.33435444699898653,True,all genetic population candidates,53,genetic_cfe,11,58125954,65125954,,512,disease_to_no_disease,,,,
8,64,512,64,60,359,0.05714402900048299,0.3914984759994695,True,all genetic population candidates,53,genetic_cfe,11,58125954,65125954,,512,disease_to_no_disease,,,,
1,512,512,16,16,1,0.11198175699973945,0.11198175699973945,True,final restart pool only,53,dice_gradient_style,11,58125954,65125954,,512,disease_to_no_disease,31.0,16.0,16.0,31.0
1,512,512,16,16,1,0.10062008800014155,0.10062008800014155,True,final restart pool only,53,wachter_style,11,58125954,65125954,,512,disease_to_no_disease,31.0,16.0,16.0,31.0
1,64,64,64,17,17,0.042602813000485185,0.042602813000485185,False,all independently sampled candidates,54,uniform_random,11,59125957,66125957,,512,disease_to_no_disease,,,,
2,64,128,64,23,40,0.04326763199969719,0.08587044500018237,False,all independently sampled candidates,54,uniform_random,11,59125957,66125957,,512,disease_to_no_disease,,,,
3,64,192,64,27,67,0.04481909099922632,0.1306895359994087,False,all independently sampled candidates,54,uniform_random,11,59125957,66125957,,512,disease_to_no_disease,,,,
4,64,256,64,25,92,0.045476837000023806,0.1761663729994325,False,all independently sampled candidates,54,uniform_random,11,59125957,66125957,,512,disease_to_no_disease,,,,
5,64,320,64,28,120,0.04792616100166924,0.22409253400110174,False,all independently sampled candidates,54,uniform_random,11,59125957,66125957,,512,disease_to_no_disease,,,,
6,64,384,64,28,148,0.045468876998711494,0.26956141099981323,False,all independently sampled candidates,54,uniform_random,11,59125957,66125957,,512,disease_to_no_disease,,,,
7,64,448,64,44,192,0.049501505000080215,0.31906291599989345,False,all independently sampled candidates,54,uniform_random,11,59125957,66125957,,512,disease_to_no_disease,,,,
8,64,512,64,37,229,0.05037348600126279,0.36943640200115624,False,all independently sampled candidates,54,uniform_random,11,59125957,66125957,,512,disease_to_no_disease,,,,
1,64,64,64,17,17,0.04404168200017011,0.04404168200017011,True,all genetic population candidates,54,genetic_cfe,11,59125957,66125957,,512,disease_to_no_disease,,,,
2,64,128,64,37,53,0.04498638299992308,0.08902806500009319,True,all genetic population candidates,54,genetic_cfe,11,59125957,66125957,,512,disease_to_no_disease,,,,
3,64,192,64,55,105,0.04718076199969801,0.1362088269997912,True,all genetic population candidates,54,genetic_cfe,11,59125957,66125957,,512,disease_to_no_disease,,,,
4,64,256,64,54,159,0.04942013799882261,0.1856289649986138,True,all genetic population candidates,54,genetic_cfe,11,59125957,66125957,,512,disease_to_no_disease,,,,
5,64,320,64,56,213,0.04982171800111246,0.23545068299972627,True,all genetic population candidates,54,genetic_cfe,11,59125957,66125957,,512,disease_to_no_disease,,,,
6,64,384,64,58,266,0.05367517299964675,0.289125855999373,True,all genetic population candidates,54,genetic_cfe,11,59125957,66125957,,512,disease_to_no_disease,,,,
7,64,448,64,55,318,0.05676452099942253,0.34589037699879555,True,all genetic population candidates,54,genetic_cfe,11,59125957,66125957,,512,disease_to_no_disease,,,,
8,64,512,64,58,374,0.061116894999940996,0.40700727199873654,True,all genetic population candidates,54,genetic_cfe,11,59125957,66125957,,512,disease_to_no_disease,,,,
1,512,512,16,16,1,0.10955366300004243,0.10955366300004243,True,final restart pool only,54,dice_gradient_style,11,59125957,66125957,,512,disease_to_no_disease,31.0,16.0,16.0,31.0
1,512,512,16,16,1,0.10251262299971131,0.10251262299971131,True,final restart pool only,54,wachter_style,11,59125957,66125957,,512,disease_to_no_disease,31.0,16.0,16.0,31.0
1,64,64,64,13,13,0.042682307999712066,0.042682307999712066,False,all independently sampled candidates,55,uniform_random,11,60125960,67125960,,512,disease_to_no_disease,,,,
2,64,128,64,17,30,0.04489275100058876,0.08757505900030083,False,all independently sampled candidates,55,uniform_random,11,60125960,67125960,,512,disease_to_no_disease,,,,
3,64,192,64,23,53,0.04565758799981268,0.1332326470001135,False,all independently sampled candidates,55,uniform_random,11,60125960,67125960,,512,disease_to_no_disease,,,,
4,64,256,64,25,78,0.04339989899926877,0.17663254599938227,False,all independently sampled candidates,55,uniform_random,11,60125960,67125960,,512,disease_to_no_disease,,,,
5,64,320,64,19,97,0.044760713000869146,0.22139325900025142,False,all independently sampled candidates,55,uniform_random,11,60125960,67125960,,512,disease_to_no_disease,,,,
6,64,384,64,35,132,0.04656833099943469,0.2679615899996861,False,all independently sampled candidates,55,uniform_random,11,60125960,67125960,,512,disease_to_no_disease,,,,
7,64,448,64,30,162,0.05234075699991081,0.3203023469995969,False,all independently sampled candidates,55,uniform_random,11,60125960,67125960,,512,disease_to_no_disease,,,,
8,64,512,64,29,191,0.04944918600085657,0.3697515330004535,False,all independently sampled candidates,55,uniform_random,11,60125960,67125960,,512,disease_to_no_disease,,,,
1,64,64,64,13,13,0.04296307799995702,0.04296307799995702,True,all genetic population candidates,55,genetic_cfe,11,60125960,67125960,,512,disease_to_no_disease,,,,
2,64,128,64,36,48,0.04495938700165425,0.08792246500161127,True,all genetic population candidates,55,genetic_cfe,11,60125960,67125960,,512,disease_to_no_disease,,,,
3,64,192,64,50,98,0.04632663399934245,0.13424909900095372,True,all genetic population candidates,55,genetic_cfe,11,60125960,67125960,,512,disease_to_no_disease,,,,
4,64,256,64,46,143,0.04933610999978555,0.18358520900073927,True,all genetic population candidates,55,genetic_cfe,11,60125960,67125960,,512,disease_to_no_disease,,,,
5,64,320,64,56,198,0.05308406900076079,0.23666927800150006,True,all genetic population candidates,55,genetic_cfe,11,60125960,67125960,,512,disease_to_no_disease,,,,
6,64,384,64,48,244,0.05179487399982463,0.2884641520013247,True,all genetic population candidates,55,genetic_cfe,11,60125960,67125960,,512,disease_to_no_disease,,,,
7,64,448,64,57,297,0.05543876499905309,0.3439029170003778,True,all genetic population candidates,55,genetic_cfe,11,60125960,67125960,,512,disease_to_no_disease,,,,
8,64,512,64,56,351,0.05922160599948256,0.40312452299986035,True,all genetic population candidates,55,genetic_cfe,11,60125960,67125960,,512,disease_to_no_disease,,,,
1,512,512,16,16,1,0.11142356600066705,0.11142356600066705,True,final restart pool only,55,dice_gradient_style,11,60125960,67125960,,512,disease_to_no_disease,31.0,16.0,16.0,31.0
1,512,512,16,16,1,0.0986913149990869,0.0986913149990869,True,final restart pool only,55,wachter_style,11,60125960,67125960,,512,disease_to_no_disease,31.0,16.0,16.0,31.0
1,64,64,64,22,22,0.043467396000778535,0.043467396000778535,False,all independently sampled candidates,56,uniform_random,11,61125963,68125963,,512,disease_to_no_disease,,,,
2,64,128,64,22,44,0.0425080290006008,0.08597542500137934,False,all independently sampled candidates,56,uniform_random,11,61125963,68125963,,512,disease_to_no_disease,,,,
3,64,192,64,30,74,0.04363663699950848,0.12961206200088782,False,all independently sampled candidates,56,uniform_random,11,61125963,68125963,,512,disease_to_no_disease,,,,
4,64,256,64,29,103,0.045344785999986925,0.17495684800087474,False,all independently sampled candidates,56,uniform_random,11,61125963,68125963,,512,disease_to_no_disease,,,,
5,64,320,64,20,123,0.04787859399948502,0.22283544200035976,False,all independently sampled candidates,56,uniform_random,11,61125963,68125963,,512,disease_to_no_disease,,,,
6,64,384,64,31,154,0.0500349379999534,0.27287038000031316,False,all independently sampled candidates,56,uniform_random,11,61125963,68125963,,512,disease_to_no_disease,,,,
7,64,448,64,35,189,0.04992185400078597,0.32279223400109913,False,all independently sampled candidates,56,uniform_random,11,61125963,68125963,,512,disease_to_no_disease,,,,
8,64,512,64,24,213,0.04824442899916903,0.37103666300026816,False,all independently sampled candidates,56,uniform_random,11,61125963,68125963,,512,disease_to_no_disease,,,,
1,64,64,64,22,22,0.04328365599940298,0.04328365599940298,True,all genetic population candidates,56,genetic_cfe,11,61125963,68125963,,512,disease_to_no_disease,,,,
2,64,128,64,46,68,0.045215455000288785,0.08849911099969177,True,all genetic population candidates,56,genetic_cfe,11,61125963,68125963,,512,disease_to_no_disease,,,,
3,64,192,64,51,116,0.049160029000631766,0.13765914000032353,True,all genetic population candidates,56,genetic_cfe,11,61125963,68125963,,512,disease_to_no_disease,,,,
4,64,256,64,57,168,0.05536725799902342,0.19302639799934695,True,all genetic population candidates,56,genetic_cfe,11,61125963,68125963,,512,disease_to_no_disease,,,,
5,64,320,64,58,223,0.05565493300127855,0.2486813310006255,True,all genetic population candidates,56,genetic_cfe,11,61125963,68125963,,512,disease_to_no_disease,,,,
6,64,384,64,59,279,0.055882258999190526,0.30456358999981603,True,all genetic population candidates,56,genetic_cfe,11,61125963,68125963,,512,disease_to_no_disease,,,,
7,64,448,64,60,335,0.05624835699927644,0.36081194699909247,True,all genetic population candidates,56,genetic_cfe,11,61125963,68125963,,512,disease_to_no_disease,,,,
8,64,512,64,60,392,0.06444877200010524,0.4252607189991977,True,all genetic population candidates,56,genetic_cfe,11,61125963,68125963,,512,disease_to_no_disease,,,,
1,512,512,16,16,1,0.10924837200036563,0.10924837200036563,True,final restart pool only,56,dice_gradient_style,11,61125963,68125963,,512,disease_to_no_disease,31.0,16.0,16.0,31.0
1,512,512,16,16,1,0.10029508600018744,0.10029508600018744,True,final restart pool only,56,wachter_style,11,61125963,68125963,,512,disease_to_no_disease,31.0,16.0,16.0,31.0
1,64,64,64,19,19,0.0424703499993484,0.0424703499993484,False,all independently sampled candidates,57,uniform_random,11,62125966,69125966,,512,disease_to_no_disease,,,,
2,64,128,64,29,48,0.043839637999553815,0.08630998799890222,False,all independently sampled candidates,57,uniform_random,11,62125966,69125966,,512,disease_to_no_disease,,,,
3,64,192,64,24,72,0.047594786001354805,0.13390477400025702,False,all independently sampled candidates,57,uniform_random,11,62125966,69125966,,512,disease_to_no_disease,,,,
4,64,256,64,23,95,0.046982976999061066,0.1808877509993181,False,all independently sampled candidates,57,uniform_random,11,62125966,69125966,,512,disease_to_no_disease,,,,
5,64,320,64,30,125,0.0490159950004454,0.2299037459997635,False,all independently sampled candidates,57,uniform_random,11,62125966,69125966,,512,disease_to_no_disease,,,,
6,64,384,64,32,157,0.04956413999934739,0.2794678859991109,False,all independently sampled candidates,57,uniform_random,11,62125966,69125966,,512,disease_to_no_disease,,,,
7,64,448,64,22,179,0.04777669299983245,0.3272445789989433,False,all independently sampled candidates,57,uniform_random,11,62125966,69125966,,512,disease_to_no_disease,,,,
8,64,512,64,34,213,0.0516900729999179,0.3789346519988612,False,all independently sampled candidates,57,uniform_random,11,62125966,69125966,,512,disease_to_no_disease,,,,
1,64,64,64,19,19,0.042810541001017555,0.042810541001017555,True,all genetic population candidates,57,genetic_cfe,11,62125966,69125966,,512,disease_to_no_disease,,,,
2,64,128,64,30,49,0.045435043999532354,0.08824558500054991,True,all genetic population candidates,57,genetic_cfe,11,62125966,69125966,,512,disease_to_no_disease,,,,
3,64,192,64,50,96,0.0471599079992302,0.1354054929997801,True,all genetic population candidates,57,genetic_cfe,11,62125966,69125966,,512,disease_to_no_disease,,,,
4,64,256,64,54,149,0.05210031400019943,0.18750580699997954,True,all genetic population candidates,57,genetic_cfe,11,62125966,69125966,,512,disease_to_no_disease,,,,
5,64,320,64,52,201,0.049697714999638265,0.2372035219996178,True,all genetic population candidates,57,genetic_cfe,11,62125966,69125966,,512,disease_to_no_disease,,,,
6,64,384,64,58,256,0.05891018200054532,0.2961137040001631,True,all genetic population candidates,57,genetic_cfe,11,62125966,69125966,,512,disease_to_no_disease,,,,
7,64,448,64,60,314,0.059765515999970376,0.3558792200001335,True,all genetic population candidates,57,genetic_cfe,11,62125966,69125966,,512,disease_to_no_disease,,,,
8,64,512,64,61,373,0.05904111500058207,0.41492033500071557,True,all genetic population candidates,57,genetic_cfe,11,62125966,69125966,,512,disease_to_no_disease,,,,
1,512,512,16,16,1,0.10911269499956688,0.10911269499956688,True,final restart pool only,57,dice_gradient_style,11,62125966,69125966,,512,disease_to_no_disease,31.0,16.0,16.0,31.0
1,512,512,16,16,1,0.1010013599989179,0.1010013599989179,True,final restart pool only,57,wachter_style,11,62125966,69125966,,512,disease_to_no_disease,31.0,16.0,16.0,31.0
1,64,64,64,20,20,0.04541656699984742,0.04541656699984742,False,all independently sampled candidates,58,uniform_random,11,63125969,70125969,,512,disease_to_no_disease,,,,
2,64,128,64,31,51,0.04717038100170612,0.09258694800155354,False,all independently sampled candidates,58,uniform_random,11,63125969,70125969,,512,disease_to_no_disease,,,,
3,64,192,64,26,77,0.04668134299936355,0.1392682910009171,False,all independently sampled candidates,58,uniform_random,11,63125969,70125969,,512,disease_to_no_disease,,,,
4,64,256,64,33,110,0.04735996799900022,0.1866282589999173,False,all independently sampled candidates,58,uniform_random,11,63125969,70125969,,512,disease_to_no_disease,,,,
5,64,320,64,25,135,0.04751577400020324,0.23414403300012054,False,all independently sampled candidates,58,uniform_random,11,63125969,70125969,,512,disease_to_no_disease,,,,
6,64,384,64,26,161,0.049071110001023044,0.2832151430011436,False,all independently sampled candidates,58,uniform_random,11,63125969,70125969,,512,disease_to_no_disease,,,,
7,64,448,64,27,188,0.046722650000447175,0.32993779300159076,False,all independently sampled candidates,58,uniform_random,11,63125969,70125969,,512,disease_to_no_disease,,,,
8,64,512,64,27,215,0.046391617999688606,0.37632941100127937,False,all independently sampled candidates,58,uniform_random,11,63125969,70125969,,512,disease_to_no_disease,,,,
1,64,64,64,20,20,0.04322061099992425,0.04322061099992425,True,all genetic population candidates,58,genetic_cfe,11,63125969,70125969,,512,disease_to_no_disease,,,,
2,64,128,64,42,61,0.04608353900039219,0.08930415000031644,True,all genetic population candidates,58,genetic_cfe,11,63125969,70125969,,512,disease_to_no_disease,,,,
3,64,192,64,54,113,0.04751976899933652,0.13682391899965296,True,all genetic population candidates,58,genetic_cfe,11,63125969,70125969,,512,disease_to_no_disease,,,,
4,64,256,64,57,168,0.05229201499969349,0.18911593399934645,True,all genetic population candidates,58,genetic_cfe,11,63125969,70125969,,512,disease_to_no_disease,,,,
5,64,320,64,56,223,0.05235119400094845,0.2414671280002949,True,all genetic population candidates,58,genetic_cfe,11,63125969,70125969,,512,disease_to_no_disease,,,,
6,64,384,64,56,274,0.05581962399992335,0.29728675200021826,True,all genetic population candidates,58,genetic_cfe,11,63125969,70125969,,512,disease_to_no_disease,,,,
7,64,448,64,55,328,0.05546986399895104,0.3527566159991693,True,all genetic population candidates,58,genetic_cfe,11,63125969,70125969,,512,disease_to_no_disease,,,,
8,64,512,64,56,384,0.05910930200116127,0.41186591800033057,True,all genetic population candidates,58,genetic_cfe,11,63125969,70125969,,512,disease_to_no_disease,,,,
1,512,512,16,16,1,0.11027621700122836,0.11027621700122836,True,final restart pool only,58,dice_gradient_style,11,63125969,70125969,,512,disease_to_no_disease,31.0,16.0,16.0,31.0
1,512,512,16,16,1,0.10343011399891111,0.10343011399891111,True,final restart pool only,58,wachter_style,11,63125969,70125969,,512,disease_to_no_disease,31.0,16.0,16.0,31.0
1,64,64,64,20,20,0.044156580999697326,0.044156580999697326,False,all independently sampled candidates,59,uniform_random,11,64125972,71125972,,512,disease_to_no_disease,,,,
2,64,128,64,33,53,0.04586314699918148,0.0900197279988788,False,all independently sampled candidates,59,uniform_random,11,64125972,71125972,,512,disease_to_no_disease,,,,
3,64,192,64,24,77,0.044624086000112584,0.1346438139989914,False,all independently sampled candidates,59,uniform_random,11,64125972,71125972,,512,disease_to_no_disease,,,,
4,64,256,64,28,105,0.04468936000012036,0.17933317399911175,False,all independently sampled candidates,59,uniform_random,11,64125972,71125972,,512,disease_to_no_disease,,,,
5,64,320,64,33,138,0.047236141999746906,0.22656931599885866,False,all independently sampled candidates,59,uniform_random,11,64125972,71125972,,512,disease_to_no_disease,,,,
6,64,384,64,27,165,0.0490592430014658,0.27562855900032446,False,all independently sampled candidates,59,uniform_random,11,64125972,71125972,,512,disease_to_no_disease,,,,
7,64,448,64,22,187,0.04705348099923867,0.32268203999956313,False,all independently sampled candidates,59,uniform_random,11,64125972,71125972,,512,disease_to_no_disease,,,,
8,64,512,64,27,214,0.049443582000094466,0.3721256219996576,False,all independently sampled candidates,59,uniform_random,11,64125972,71125972,,512,disease_to_no_disease,,,,
1,64,64,64,20,20,0.04348501799904625,0.04348501799904625,True,all genetic population candidates,59,genetic_cfe,11,64125972,71125972,,512,disease_to_no_disease,,,,
2,64,128,64,48,64,0.04713736500161758,0.09062238300066383,True,all genetic population candidates,59,genetic_cfe,11,64125972,71125972,,512,disease_to_no_disease,,,,
3,64,192,64,55,115,0.050862864998634905,0.14148524799929874,True,all genetic population candidates,59,genetic_cfe,11,64125972,71125972,,512,disease_to_no_disease,,,,
4,64,256,64,58,166,0.054617575000520446,0.19610282299981918,True,all genetic population candidates,59,genetic_cfe,11,64125972,71125972,,512,disease_to_no_disease,,,,
5,64,320,64,61,223,0.05721230599920091,0.2533151289990201,True,all genetic population candidates,59,genetic_cfe,11,64125972,71125972,,512,disease_to_no_disease,,,,
6,64,384,64,62,284,0.059503782000319916,0.31281891099934,True,all genetic population candidates,59,genetic_cfe,11,64125972,71125972,,512,disease_to_no_disease,,,,
7,64,448,64,62,342,0.06061993900038942,0.3734388499997294,True,all genetic population candidates,59,genetic_cfe,11,64125972,71125972,,512,disease_to_no_disease,,,,
8,64,512,64,60,399,0.05997307899997395,0.4334119289997034,True,all genetic population candidates,59,genetic_cfe,11,64125972,71125972,,512,disease_to_no_disease,,,,
1,512,512,16,16,1,0.1099188400003186,0.1099188400003186,True,final restart pool only,59,dice_gradient_style,11,64125972,71125972,,512,disease_to_no_disease,31.0,16.0,16.0,31.0
1,512,512,16,16,1,0.1024652119995153,0.1024652119995153,True,final restart pool only,59,wachter_style,11,64125972,71125972,,512,disease_to_no_disease,31.0,16.0,16.0,31.0
1,64,64,64,21,21,0.04398718900120002,0.04398718900120002,False,all independently sampled candidates,60,uniform_random,11,65125975,72125975,,512,disease_to_no_disease,,,,
2,64,128,64,24,45,0.045314205999602564,0.08930139500080259,False,all independently sampled candidates,60,uniform_random,11,65125975,72125975,,512,disease_to_no_disease,,,,
3,64,192,64,28,73,0.04739320699991367,0.13669460200071626,False,all independently sampled candidates,60,uniform_random,11,65125975,72125975,,512,disease_to_no_disease,,,,
4,64,256,64,28,101,0.04824060300052224,0.1849352050012385,False,all independently sampled candidates,60,uniform_random,11,65125975,72125975,,512,disease_to_no_disease,,,,
5,64,320,64,32,133,0.04730382500019914,0.23223903000143764,False,all independently sampled candidates,60,uniform_random,11,65125975,72125975,,512,disease_to_no_disease,,,,
6,64,384,64,28,161,0.048586662000161596,0.28082569200159924,False,all independently sampled candidates,60,uniform_random,11,65125975,72125975,,512,disease_to_no_disease,,,,
7,64,448,64,25,186,0.04698295499838423,0.32780864699998347,False,all independently sampled candidates,60,uniform_random,11,65125975,72125975,,512,disease_to_no_disease,,,,
8,64,512,64,23,209,0.04548263200013025,0.3732912790001137,False,all independently sampled candidates,60,uniform_random,11,65125975,72125975,,512,disease_to_no_disease,,,,
1,64,64,64,21,21,0.04438191100052791,0.04438191100052791,True,all genetic population candidates,60,genetic_cfe,11,65125975,72125975,,512,disease_to_no_disease,,,,
2,64,128,64,41,62,0.046325114999490324,0.09070702600001823,True,all genetic population candidates,60,genetic_cfe,11,65125975,72125975,,512,disease_to_no_disease,,,,
3,64,192,64,51,113,0.04863106700031494,0.13933809300033317,True,all genetic population candidates,60,genetic_cfe,11,65125975,72125975,,512,disease_to_no_disease,,,,
4,64,256,64,57,169,0.05251861199940322,0.1918567049997364,True,all genetic population candidates,60,genetic_cfe,11,65125975,72125975,,512,disease_to_no_disease,,,,
5,64,320,64,54,222,0.052995324000221444,0.24485202899995784,True,all genetic population candidates,60,genetic_cfe,11,65125975,72125975,,512,disease_to_no_disease,,,,
6,64,384,64,54,272,0.056975158000568626,0.30182718700052646,True,all genetic population candidates,60,genetic_cfe,11,65125975,72125975,,512,disease_to_no_disease,,,,
7,64,448,64,59,330,0.05797448699922825,0.3598016739997547,True,all genetic population candidates,60,genetic_cfe,11,65125975,72125975,,512,disease_to_no_disease,,,,
8,64,512,64,50,379,0.057376762000785675,0.4171784360005404,True,all genetic population candidates,60,genetic_cfe,11,65125975,72125975,,512,disease_to_no_disease,,,,
1,512,512,16,16,1,0.11435943400101678,0.11435943400101678,True,final restart pool only,60,dice_gradient_style,11,65125975,72125975,,512,disease_to_no_disease,31.0,16.0,16.0,31.0
1,512,512,16,16,1,0.10207026599891833,0.10207026599891833,True,final restart pool only,60,wachter_style,11,65125975,72125975,,512,disease_to_no_disease,31.0,16.0,16.0,31.0
1,64,64,64,18,18,0.043640513000354986,0.043640513000354986,False,all independently sampled candidates,61,uniform_random,11,66125978,73125978,,512,disease_to_no_disease,,,,
2,64,128,64,23,41,0.043128427998453844,0.08676894099880883,False,all independently sampled candidates,61,uniform_random,11,66125978,73125978,,512,disease_to_no_disease,,,,
3,64,192,64,34,75,0.04524290800145536,0.1320118490002642,False,all independently sampled candidates,61,uniform_random,11,66125978,73125978,,512,disease_to_no_disease,,,,
4,64,256,64,28,103,0.04469940799936012,0.1767112569996243,False,all independently sampled candidates,61,uniform_random,11,66125978,73125978,,512,disease_to_no_disease,,,,
5,64,320,64,32,135,0.04578358899925661,0.22249484599888092,False,all independently sampled candidates,61,uniform_random,11,66125978,73125978,,512,disease_to_no_disease,,,,
6,64,384,64,29,164,0.04596972299987101,0.26846456899875193,False,all independently sampled candidates,61,uniform_random,11,66125978,73125978,,512,disease_to_no_disease,,,,
7,64,448,64,22,186,0.047480260000156704,0.31594482899890863,False,all independently sampled candidates,61,uniform_random,11,66125978,73125978,,512,disease_to_no_disease,,,,
8,64,512,63,31,217,0.048605761001454084,0.3645505900003627,False,all independently sampled candidates,61,uniform_random,11,66125978,73125978,,512,disease_to_no_disease,,,,
1,64,64,64,18,18,0.045310045999940485,0.045310045999940485,True,all genetic population candidates,61,genetic_cfe,11,66125978,73125978,,512,disease_to_no_disease,,,,
2,64,128,64,35,51,0.0453427840002405,0.09065283000018098,True,all genetic population candidates,61,genetic_cfe,11,66125978,73125978,,512,disease_to_no_disease,,,,
3,64,192,64,44,94,0.04571358099929057,0.13636641099947155,True,all genetic population candidates,61,genetic_cfe,11,66125978,73125978,,512,disease_to_no_disease,,,,
4,64,256,64,54,145,0.04950515200107475,0.1858715630005463,True,all genetic population candidates,61,genetic_cfe,11,66125978,73125978,,512,disease_to_no_disease,,,,
5,64,320,64,53,196,0.052781049998884555,0.23865261299943086,True,all genetic population candidates,61,genetic_cfe,11,66125978,73125978,,512,disease_to_no_disease,,,,
6,64,384,64,56,251,0.05555774000094971,0.29421035300038056,True,all genetic population candidates,61,genetic_cfe,11,66125978,73125978,,512,disease_to_no_disease,,,,
7,64,448,64,60,310,0.05653243999950064,0.3507427929998812,True,all genetic population candidates,61,genetic_cfe,11,66125978,73125978,,512,disease_to_no_disease,,,,
8,64,512,64,57,365,0.05883154199909768,0.4095743349989789,True,all genetic population candidates,61,genetic_cfe,11,66125978,73125978,,512,disease_to_no_disease,,,,
1,512,512,16,16,1,0.11082221099968592,0.11082221099968592,True,final restart pool only,61,dice_gradient_style,11,66125978,73125978,,512,disease_to_no_disease,31.0,16.0,16.0,31.0
1,512,512,16,16,1,0.10243445400010387,0.10243445400010387,True,final restart pool only,61,wachter_style,11,66125978,73125978,,512,disease_to_no_disease,31.0,16.0,16.0,31.0
1,64,64,64,19,19,0.0547108520004258,0.0547108520004258,False,all independently sampled candidates,62,uniform_random,11,67125981,74125981,,512,disease_to_no_disease,,,,
2,64,128,64,21,40,0.059162710000236984,0.11387356200066279,False,all independently sampled candidates,62,uniform_random,11,67125981,74125981,,512,disease_to_no_disease,,,,
3,64,192,64,29,69,0.042895212000075844,0.15676877400073863,False,all independently sampled candidates,62,uniform_random,11,67125981,74125981,,512,disease_to_no_disease,,,,
4,64,256,64,31,100,0.04562102099953336,0.202389795000272,False,all independently sampled candidates,62,uniform_random,11,67125981,74125981,,512,disease_to_no_disease,,,,
5,64,320,64,23,123,0.04542639200008125,0.24781618700035324,False,all independently sampled candidates,62,uniform_random,11,67125981,74125981,,512,disease_to_no_disease,,,,
6,64,384,64,28,151,0.04700379600035376,0.294819983000707,False,all independently sampled candidates,62,uniform_random,11,67125981,74125981,,512,disease_to_no_disease,,,,
7,64,448,64,35,186,0.04867329099943163,0.3434932740001386,False,all independently sampled candidates,62,uniform_random,11,67125981,74125981,,512,disease_to_no_disease,,,,
8,64,512,64,36,222,0.04868795800030057,0.3921812320004392,False,all independently sampled candidates,62,uniform_random,11,67125981,74125981,,512,disease_to_no_disease,,,,
1,64,64,64,19,19,0.051995937999890884,0.051995937999890884,True,all genetic population candidates,62,genetic_cfe,11,67125981,74125981,,512,disease_to_no_disease,,,,
2,64,128,64,43,60,0.05410338900037459,0.10609932700026548,True,all genetic population candidates,62,genetic_cfe,11,67125981,74125981,,512,disease_to_no_disease,,,,
3,64,192,64,58,116,0.051727009000387625,0.1578263360006531,True,all genetic population candidates,62,genetic_cfe,11,67125981,74125981,,512,disease_to_no_disease,,,,
4,64,256,64,56,169,0.0515862489992287,0.2094125849998818,True,all genetic population candidates,62,genetic_cfe,11,67125981,74125981,,512,disease_to_no_disease,,,,
5,64,320,64,59,225,0.05528342199977487,0.2646960069996567,True,all genetic population candidates,62,genetic_cfe,11,67125981,74125981,,512,disease_to_no_disease,,,,
6,64,384,64,58,281,0.056551290001152665,0.32124729700080934,True,all genetic population candidates,62,genetic_cfe,11,67125981,74125981,,512,disease_to_no_disease,,,,
7,64,448,64,58,335,0.05953690099886444,0.3807841979996738,True,all genetic population candidates,62,genetic_cfe,11,67125981,74125981,,512,disease_to_no_disease,,,,
8,64,512,64,63,394,0.061229009999806294,0.4420132079994801,True,all genetic population candidates,62,genetic_cfe,11,67125981,74125981,,512,disease_to_no_disease,,,,
1,512,512,16,16,1,0.1165587460000097,0.1165587460000097,True,final restart pool only,62,dice_gradient_style,11,67125981,74125981,,512,disease_to_no_disease,31.0,16.0,16.0,31.0
1,512,512,16,16,1,0.10441267500027607,0.10441267500027607,True,final restart pool only,62,wachter_style,11,67125981,74125981,,512,disease_to_no_disease,31.0,16.0,16.0,31.0
1,64,64,64,14,14,0.04426753500047198,0.04426753500047198,False,all independently sampled candidates,63,uniform_random,11,68125984,75125984,,512,disease_to_no_disease,,,,
2,64,128,64,23,37,0.04249003999939305,0.08675757499986503,False,all independently sampled candidates,63,uniform_random,11,68125984,75125984,,512,disease_to_no_disease,,,,
3,64,192,64,23,60,0.04277669099974446,0.1295342659996095,False,all independently sampled candidates,63,uniform_random,11,68125984,75125984,,512,disease_to_no_disease,,,,
4,64,256,64,25,85,0.0459880720009096,0.17552233800051908,False,all independently sampled candidates,63,uniform_random,11,68125984,75125984,,512,disease_to_no_disease,,,,
5,64,320,64,19,104,0.044331138999041286,0.21985347699956037,False,all independently sampled candidates,63,uniform_random,11,68125984,75125984,,512,disease_to_no_disease,,,,
6,64,384,64,28,132,0.047905610999805504,0.2677590879993659,False,all independently sampled candidates,63,uniform_random,11,68125984,75125984,,512,disease_to_no_disease,,,,
7,64,448,64,23,155,0.04595927400077926,0.31371836200014513,False,all independently sampled candidates,63,uniform_random,11,68125984,75125984,,512,disease_to_no_disease,,,,
8,64,512,64,25,180,0.047628045998862945,0.3613464079990081,False,all independently sampled candidates,63,uniform_random,11,68125984,75125984,,512,disease_to_no_disease,,,,
1,64,64,64,14,14,0.043665404000421404,0.043665404000421404,True,all genetic population candidates,63,genetic_cfe,11,68125984,75125984,,512,disease_to_no_disease,,,,
2,64,128,64,29,40,0.043514680000953376,0.08718008400137478,True,all genetic population candidates,63,genetic_cfe,11,68125984,75125984,,512,disease_to_no_disease,,,,
3,64,192,64,51,87,0.04778946499936865,0.13496954900074343,True,all genetic population candidates,63,genetic_cfe,11,68125984,75125984,,512,disease_to_no_disease,,,,
4,64,256,64,53,137,0.0497503639999195,0.18471991300066293,True,all genetic population candidates,63,genetic_cfe,11,68125984,75125984,,512,disease_to_no_disease,,,,
5,64,320,64,58,190,0.051238214000477456,0.23595812700114038,True,all genetic population candidates,63,genetic_cfe,11,68125984,75125984,,512,disease_to_no_disease,,,,
6,64,384,64,49,232,0.051204360999690834,0.2871624880008312,True,all genetic population candidates,63,genetic_cfe,11,68125984,75125984,,512,disease_to_no_disease,,,,
7,64,448,64,52,281,0.060697016000631265,0.3478595040014625,True,all genetic population candidates,63,genetic_cfe,11,68125984,75125984,,512,disease_to_no_disease,,,,
8,64,512,64,53,332,0.05983461199866724,0.4076941160001297,True,all genetic population candidates,63,genetic_cfe,11,68125984,75125984,,512,disease_to_no_disease,,,,
1,512,512,16,16,1,0.12018657500084373,0.12018657500084373,True,final restart pool only,63,dice_gradient_style,11,68125984,75125984,,512,disease_to_no_disease,31.0,16.0,16.0,31.0
1,512,512,16,16,1,0.10551780199966743,0.10551780199966743,True,final restart pool only,63,wachter_style,11,68125984,75125984,,512,disease_to_no_disease,31.0,16.0,16.0,31.0
1,64,64,64,10,10,0.04297883999970509,0.04297883999970509,False,all independently sampled candidates,64,uniform_random,11,69125987,76125987,,512,disease_to_no_disease,,,,
2,64,128,64,17,27,0.04281073300080607,0.08578957300051115,False,all independently sampled candidates,64,uniform_random,11,69125987,76125987,,512,disease_to_no_disease,,,,
3,64,192,64,24,51,0.044677405998299946,0.1304669789988111,False,all independently sampled candidates,64,uniform_random,11,69125987,76125987,,512,disease_to_no_disease,,,,
4,64,256,64,29,80,0.04704311700152175,0.17751009600033285,False,all independently sampled candidates,64,uniform_random,11,69125987,76125987,,512,disease_to_no_disease,,,,
5,64,320,64,23,103,0.04370575599932636,0.2212158519996592,False,all independently sampled candidates,64,uniform_random,11,69125987,76125987,,512,disease_to_no_disease,,,,
6,64,384,64,26,129,0.04557102900071186,0.26678688100037107,False,all independently sampled candidates,64,uniform_random,11,69125987,76125987,,512,disease_to_no_disease,,,,
7,64,448,64,24,153,0.04674558699844056,0.3135324679988116,False,all independently sampled candidates,64,uniform_random,11,69125987,76125987,,512,disease_to_no_disease,,,,
8,64,512,64,35,188,0.04841711300105089,0.3619495809998625,False,all independently sampled candidates,64,uniform_random,11,69125987,76125987,,512,disease_to_no_disease,,,,
1,64,64,64,10,10,0.043825208998896414,0.043825208998896414,True,all genetic population candidates,64,genetic_cfe,11,69125987,76125987,,512,disease_to_no_disease,,,,
2,64,128,64,23,32,0.04776759600099467,0.09159280499989109,True,all genetic population candidates,64,genetic_cfe,11,69125987,76125987,,512,disease_to_no_disease,,,,
3,64,192,64,39,69,0.04726749099972949,0.13886029599962058,True,all genetic population candidates,64,genetic_cfe,11,69125987,76125987,,512,disease_to_no_disease,,,,
4,64,256,64,57,122,0.04842353300045943,0.18728382900008,True,all genetic population candidates,64,genetic_cfe,11,69125987,76125987,,512,disease_to_no_disease,,,,
5,64,320,64,56,176,0.05103380399850721,0.23831763299858721,True,all genetic population candidates,64,genetic_cfe,11,69125987,76125987,,512,disease_to_no_disease,,,,
6,64,384,64,54,226,0.052405377000468434,0.29072300999905565,True,all genetic population candidates,64,genetic_cfe,11,69125987,76125987,,512,disease_to_no_disease,,,,
7,64,448,64,59,281,0.057380297001145664,0.3481033070002013,True,all genetic population candidates,64,genetic_cfe,11,69125987,76125987,,512,disease_to_no_disease,,,,
8,64,512,64,58,337,0.059379125999839744,0.40748243300004106,True,all genetic population candidates,64,genetic_cfe,11,69125987,76125987,,512,disease_to_no_disease,,,,
1,512,512,16,16,1,0.1175457120007195,0.1175457120007195,True,final restart pool only,64,dice_gradient_style,11,69125987,76125987,,512,disease_to_no_disease,31.0,16.0,16.0,31.0
1,512,512,16,16,1,0.10417111700007808,0.10417111700007808,True,final restart pool only,64,wachter_style,11,69125987,76125987,,512,disease_to_no_disease,31.0,16.0,16.0,31.0
1,64,64,64,14,14,0.044591604000743246,0.044591604000743246,False,all independently sampled candidates,65,uniform_random,11,70125990,77125990,,512,disease_to_no_disease,,,,
2,64,128,64,16,30,0.04422679399976914,0.08881839800051239,False,all independently sampled candidates,65,uniform_random,11,70125990,77125990,,512,disease_to_no_disease,,,,
3,64,192,64,23,53,0.04392913899937412,0.1327475369998865,False,all independently sampled candidates,65,uniform_random,11,70125990,77125990,,512,disease_to_no_disease,,,,
4,64,256,64,24,77,0.04566025299936882,0.17840778999925533,False,all independently sampled candidates,65,uniform_random,11,70125990,77125990,,512,disease_to_no_disease,,,,
5,64,320,64,27,104,0.04422658700059401,0.22263437699984934,False,all independently sampled candidates,65,uniform_random,11,70125990,77125990,,512,disease_to_no_disease,,,,
6,64,384,64,22,126,0.04605753999931039,0.26869191699915973,False,all independently sampled candidates,65,uniform_random,11,70125990,77125990,,512,disease_to_no_disease,,,,
7,64,448,64,26,152,0.0475841000006767,0.31627601699983643,False,all independently sampled candidates,65,uniform_random,11,70125990,77125990,,512,disease_to_no_disease,,,,
8,64,512,64,30,182,0.04649118800080032,0.36276720500063675,False,all independently sampled candidates,65,uniform_random,11,70125990,77125990,,512,disease_to_no_disease,,,,
1,64,64,64,14,14,0.04461309100042854,0.04461309100042854,True,all genetic population candidates,65,genetic_cfe,11,70125990,77125990,,512,disease_to_no_disease,,,,
2,64,128,64,37,50,0.045097617999999784,0.08971070900042832,True,all genetic population candidates,65,genetic_cfe,11,70125990,77125990,,512,disease_to_no_disease,,,,
3,64,192,64,48,97,0.048281684999892605,0.13799239400032093,True,all genetic population candidates,65,genetic_cfe,11,70125990,77125990,,512,disease_to_no_disease,,,,
4,64,256,64,60,156,0.05079125599877443,0.18878364999909536,True,all genetic population candidates,65,genetic_cfe,11,70125990,77125990,,512,disease_to_no_disease,,,,
5,64,320,64,52,208,0.05447721100063063,0.243260860999726,True,all genetic population candidates,65,genetic_cfe,11,70125990,77125990,,512,disease_to_no_disease,,,,
6,64,384,64,60,265,0.05949001800036058,0.30275087900008657,True,all genetic population candidates,65,genetic_cfe,11,70125990,77125990,,512,disease_to_no_disease,,,,
7,64,448,64,55,317,0.05938390600022103,0.3621347850003076,True,all genetic population candidates,65,genetic_cfe,11,70125990,77125990,,512,disease_to_no_disease,,,,
8,64,512,64,58,373,0.05956251499992504,0.42169730000023264,True,all genetic population candidates,65,genetic_cfe,11,70125990,77125990,,512,disease_to_no_disease,,,,
1,512,512,16,16,1,0.12516796100135252,0.12516796100135252,True,final restart pool only,65,dice_gradient_style,11,70125990,77125990,,512,disease_to_no_disease,31.0,16.0,16.0,31.0
1,512,512,16,16,1,0.10542484100005822,0.10542484100005822,True,final restart pool only,65,wachter_style,11,70125990,77125990,,512,disease_to_no_disease,31.0,16.0,16.0,31.0
1,64,64,64,17,17,0.04241549099970143,0.04241549099970143,False,all independently sampled candidates,66,uniform_random,11,71125993,78125993,,512,disease_to_no_disease,,,,
2,64,128,64,22,39,0.04416627200043877,0.0865817630001402,False,all independently sampled candidates,66,uniform_random,11,71125993,78125993,,512,disease_to_no_disease,,,,
3,64,192,64,20,59,0.044145554000351694,0.1307273170004919,False,all independently sampled candidates,66,uniform_random,11,71125993,78125993,,512,disease_to_no_disease,,,,
4,64,256,64,20,79,0.044379126999047,0.1751064439995389,False,all independently sampled candidates,66,uniform_random,11,71125993,78125993,,512,disease_to_no_disease,,,,
5,64,320,64,26,105,0.044352838000122574,0.21945928199966147,False,all independently sampled candidates,66,uniform_random,11,71125993,78125993,,512,disease_to_no_disease,,,,
6,64,384,64,29,134,0.04517349399975501,0.2646327759994165,False,all independently sampled candidates,66,uniform_random,11,71125993,78125993,,512,disease_to_no_disease,,,,
7,64,448,64,25,159,0.04720673800147779,0.31183951400089427,False,all independently sampled candidates,66,uniform_random,11,71125993,78125993,,512,disease_to_no_disease,,,,
8,64,512,64,35,194,0.04806585899859783,0.3599053729994921,False,all independently sampled candidates,66,uniform_random,11,71125993,78125993,,512,disease_to_no_disease,,,,
1,64,64,64,17,17,0.04330035899874929,0.04330035899874929,True,all genetic population candidates,66,genetic_cfe,11,71125993,78125993,,512,disease_to_no_disease,,,,
2,64,128,64,38,50,0.0441209760010679,0.08742133499981719,True,all genetic population candidates,66,genetic_cfe,11,71125993,78125993,,512,disease_to_no_disease,,,,
3,64,192,64,47,94,0.04745640100009041,0.1348777359999076,True,all genetic population candidates,66,genetic_cfe,11,71125993,78125993,,512,disease_to_no_disease,,,,
4,64,256,64,53,145,0.05163522200018633,0.18651295800009393,True,all genetic population candidates,66,genetic_cfe,11,71125993,78125993,,512,disease_to_no_disease,,,,
5,64,320,64,61,201,0.05209597099928942,0.23860892899938335,True,all genetic population candidates,66,genetic_cfe,11,71125993,78125993,,512,disease_to_no_disease,,,,
6,64,384,64,56,251,0.052646313000877853,0.2912552420002612,True,all genetic population candidates,66,genetic_cfe,11,71125993,78125993,,512,disease_to_no_disease,,,,
7,64,448,64,58,308,0.06067787499887345,0.35193311699913465,True,all genetic population candidates,66,genetic_cfe,11,71125993,78125993,,512,disease_to_no_disease,,,,
8,64,512,64,60,362,0.06005219200051215,0.4119853089996468,True,all genetic population candidates,66,genetic_cfe,11,71125993,78125993,,512,disease_to_no_disease,,,,
1,512,512,16,16,1,0.11762952100070834,0.11762952100070834,True,final restart pool only,66,dice_gradient_style,11,71125993,78125993,,512,disease_to_no_disease,31.0,16.0,16.0,31.0
1,512,512,16,16,1,0.1141231860001426,0.1141231860001426,True,final restart pool only,66,wachter_style,11,71125993,78125993,,512,disease_to_no_disease,31.0,16.0,16.0,31.0
1,64,64,64,4,4,0.043425427000329364,0.043425427000329364,False,all independently sampled candidates,67,uniform_random,11,72125996,79125996,,512,disease_to_no_disease,,,,
2,64,128,64,18,22,0.043869176999578485,0.08729460399990785,False,all independently sampled candidates,67,uniform_random,11,72125996,79125996,,512,disease_to_no_disease,,,,
3,64,192,64,17,39,0.04326257600041572,0.13055718000032357,False,all independently sampled candidates,67,uniform_random,11,72125996,79125996,,512,disease_to_no_disease,,,,
4,64,256,64,22,61,0.045544045000497135,0.1761012250008207,False,all independently sampled candidates,67,uniform_random,11,72125996,79125996,,512,disease_to_no_disease,,,,
5,64,320,64,21,82,0.04471952600033546,0.22082075100115617,False,all independently sampled candidates,67,uniform_random,11,72125996,79125996,,512,disease_to_no_disease,,,,
6,64,384,64,12,94,0.04551805399933073,0.2663388050004869,False,all independently sampled candidates,67,uniform_random,11,72125996,79125996,,512,disease_to_no_disease,,,,
7,64,448,63,19,113,0.046674445999087766,0.31301325099957467,False,all independently sampled candidates,67,uniform_random,11,72125996,79125996,,512,disease_to_no_disease,,,,
8,64,512,64,19,132,0.04710512100064079,0.36011837200021546,False,all independently sampled candidates,67,uniform_random,11,72125996,79125996,,512,disease_to_no_disease,,,,
1,64,64,64,4,4,0.043914060001043254,0.043914060001043254,True,all genetic population candidates,67,genetic_cfe,11,72125996,79125996,,512,disease_to_no_disease,,,,
2,64,128,64,24,27,0.04541610100022808,0.08933016100127134,True,all genetic population candidates,67,genetic_cfe,11,72125996,79125996,,512,disease_to_no_disease,,,,
3,64,192,64,49,74,0.04579369199927896,0.1351238530005503,True,all genetic population candidates,67,genetic_cfe,11,72125996,79125996,,512,disease_to_no_disease,,,,
4,64,256,64,56,126,0.04804749200047809,0.18317134500102839,True,all genetic population candidates,67,genetic_cfe,11,72125996,79125996,,512,disease_to_no_disease,,,,
5,64,320,64,57,182,0.050847086999056046,0.23401843200008443,True,all genetic population candidates,67,genetic_cfe,11,72125996,79125996,,512,disease_to_no_disease,,,,
6,64,384,64,58,238,0.053632254001058755,0.2876506860011432,True,all genetic population candidates,67,genetic_cfe,11,72125996,79125996,,512,disease_to_no_disease,,,,
7,64,448,64,60,296,0.05516613399959169,0.3428168200007349,True,all genetic population candidates,67,genetic_cfe,11,72125996,79125996,,512,disease_to_no_disease,,,,
8,64,512,64,57,353,0.05841545699877315,0.40123227699950803,True,all genetic population candidates,67,genetic_cfe,11,72125996,79125996,,512,disease_to_no_disease,,,,
1,512,512,16,16,1,0.1211086149996845,0.1211086149996845,True,final restart pool only,67,dice_gradient_style,11,72125996,79125996,,512,disease_to_no_disease,31.0,16.0,16.0,31.0
1,512,512,16,16,1,0.10900365099951159,0.10900365099951159,True,final restart pool only,67,wachter_style,11,72125996,79125996,,512,disease_to_no_disease,31.0,16.0,16.0,31.0
1,64,64,64,12,12,0.043136624999533524,0.043136624999533524,False,all independently sampled candidates,68,uniform_random,11,73125999,80125999,,512,disease_to_no_disease,,,,
2,64,128,64,12,24,0.043776709000667324,0.08691333400020085,False,all independently sampled candidates,68,uniform_random,11,73125999,80125999,,512,disease_to_no_disease,,,,
3,64,192,64,16,40,0.04275510499974189,0.12966843899994274,False,all independently sampled candidates,68,uniform_random,11,73125999,80125999,,512,disease_to_no_disease,,,,
4,64,256,64,22,62,0.044670602001133375,0.1743390410010761,False,all independently sampled candidates,68,uniform_random,11,73125999,80125999,,512,disease_to_no_disease,,,,
5,64,320,63,24,86,0.045454916999005945,0.21979395800008206,False,all independently sampled candidates,68,uniform_random,11,73125999,80125999,,512,disease_to_no_disease,,,,
6,64,384,64,20,106,0.045146452999688336,0.2649404109997704,False,all independently sampled candidates,68,uniform_random,11,73125999,80125999,,512,disease_to_no_disease,,,,
7,64,448,63,22,128,0.0451793930005806,0.310119804000351,False,all independently sampled candidates,68,uniform_random,11,73125999,80125999,,512,disease_to_no_disease,,,,
8,64,512,64,22,150,0.04532392799956142,0.3554437319999124,False,all independently sampled candidates,68,uniform_random,11,73125999,80125999,,512,disease_to_no_disease,,,,
1,64,64,64,12,12,0.04347138099910808,0.04347138099910808,True,all genetic population candidates,68,genetic_cfe,11,73125999,80125999,,512,disease_to_no_disease,,,,
2,64,128,64,27,38,0.04308030900028825,0.08655168999939633,True,all genetic population candidates,68,genetic_cfe,11,73125999,80125999,,512,disease_to_no_disease,,,,
3,64,192,64,43,81,0.04753704599897901,0.13408873599837534,True,all genetic population candidates,68,genetic_cfe,11,73125999,80125999,,512,disease_to_no_disease,,,,
4,64,256,64,56,135,0.04836499600060051,0.18245373199897585,True,all genetic population candidates,68,genetic_cfe,11,73125999,80125999,,512,disease_to_no_disease,,,,
5,64,320,64,59,190,0.049397447999581345,0.2318511799985572,True,all genetic population candidates,68,genetic_cfe,11,73125999,80125999,,512,disease_to_no_disease,,,,
6,64,384,64,57,245,0.053243618000124115,0.2850947979986813,True,all genetic population candidates,68,genetic_cfe,11,73125999,80125999,,512,disease_to_no_disease,,,,
7,64,448,64,58,301,0.0547049100005097,0.339799707999191,True,all genetic population candidates,68,genetic_cfe,11,73125999,80125999,,512,disease_to_no_disease,,,,
8,64,512,64,61,360,0.05963765600063198,0.399437363999823,True,all genetic population candidates,68,genetic_cfe,11,73125999,80125999,,512,disease_to_no_disease,,,,
1,512,512,16,16,1,0.12322713699904853,0.12322713699904853,True,final restart pool only,68,dice_gradient_style,11,73125999,80125999,,512,disease_to_no_disease,31.0,16.0,16.0,31.0
1,512,512,16,16,1,0.10911232499893231,0.10911232499893231,True,final restart pool only,68,wachter_style,11,73125999,80125999,,512,disease_to_no_disease,31.0,16.0,16.0,31.0
1,64,64,64,8,8,0.04203992600014317,0.04203992600014317,False,all independently sampled candidates,69,uniform_random,11,74126002,81126002,,512,disease_to_no_disease,,,,
2,64,128,64,17,25,0.04470588000003772,0.08674580600018089,False,all independently sampled candidates,69,uniform_random,11,74126002,81126002,,512,disease_to_no_disease,,,,
3,64,192,63,21,46,0.0443791739999142,0.1311249800000951,False,all independently sampled candidates,69,uniform_random,11,74126002,81126002,,512,disease_to_no_disease,,,,
4,64,256,64,18,64,0.04536221700072929,0.17648719700082438,False,all independently sampled candidates,69,uniform_random,11,74126002,81126002,,512,disease_to_no_disease,,,,
5,64,320,64,23,87,0.04549106699960248,0.22197826400042686,False,all independently sampled candidates,69,uniform_random,11,74126002,81126002,,512,disease_to_no_disease,,,,
6,64,384,64,14,101,0.045404689000861254,0.2673829530012881,False,all independently sampled candidates,69,uniform_random,11,74126002,81126002,,512,disease_to_no_disease,,,,
7,64,448,64,24,125,0.050846762000219314,0.31822971500150743,False,all independently sampled candidates,69,uniform_random,11,74126002,81126002,,512,disease_to_no_disease,,,,
8,64,512,63,28,153,0.05506819999936852,0.37329791500087595,False,all independently sampled candidates,69,uniform_random,11,74126002,81126002,,512,disease_to_no_disease,,,,
1,64,64,64,8,8,0.044278763998590875,0.044278763998590875,True,all genetic population candidates,69,genetic_cfe,11,74126002,81126002,,512,disease_to_no_disease,,,,
2,64,128,64,28,36,0.04472362800152041,0.08900239200011129,True,all genetic population candidates,69,genetic_cfe,11,74126002,81126002,,512,disease_to_no_disease,,,,
3,64,192,64,49,82,0.04800602499926754,0.13700841699937882,True,all genetic population candidates,69,genetic_cfe,11,74126002,81126002,,512,disease_to_no_disease,,,,
4,64,256,64,51,129,0.047270433000448975,0.1842788499998278,True,all genetic population candidates,69,genetic_cfe,11,74126002,81126002,,512,disease_to_no_disease,,,,
5,64,320,64,53,179,0.04976275999979407,0.23404160999962187,True,all genetic population candidates,69,genetic_cfe,11,74126002,81126002,,512,disease_to_no_disease,,,,
6,64,384,64,59,233,0.055356519000270055,0.2893981289998919,True,all genetic population candidates,69,genetic_cfe,11,74126002,81126002,,512,disease_to_no_disease,,,,
7,64,448,64,58,289,0.059437846999571775,0.3488359759994637,True,all genetic population candidates,69,genetic_cfe,11,74126002,81126002,,512,disease_to_no_disease,,,,
8,64,512,64,57,344,0.06350823799948557,0.41234421399894927,True,all genetic population candidates,69,genetic_cfe,11,74126002,81126002,,512,disease_to_no_disease,,,,
1,512,512,16,16,1,0.1192849480012228,0.1192849480012228,True,final restart pool only,69,dice_gradient_style,11,74126002,81126002,,512,disease_to_no_disease,31.0,16.0,16.0,31.0
1,512,512,16,16,1,0.10364263900009973,0.10364263900009973,True,final restart pool only,69,wachter_style,11,74126002,81126002,,512,disease_to_no_disease,31.0,16.0,16.0,31.0
1,64,64,64,12,12,0.04287826299878361,0.04287826299878361,False,all independently sampled candidates,70,uniform_random,11,75126005,82126005,,512,disease_to_no_disease,,,,
2,64,128,64,20,32,0.04533982700013439,0.088218089998918,False,all independently sampled candidates,70,uniform_random,11,75126005,82126005,,512,disease_to_no_disease,,,,
3,64,192,64,15,47,0.04591167699982179,0.1341297669987398,False,all independently sampled candidates,70,uniform_random,11,75126005,82126005,,512,disease_to_no_disease,,,,
4,64,256,64,26,73,0.04517116600072768,0.17930093299946748,False,all independently sampled candidates,70,uniform_random,11,75126005,82126005,,512,disease_to_no_disease,,,,
5,64,320,64,17,90,0.04581730499921832,0.2251182379986858,False,all independently sampled candidates,70,uniform_random,11,75126005,82126005,,512,disease_to_no_disease,,,,
6,64,384,64,22,112,0.043440181001642486,0.2685584190003283,False,all independently sampled candidates,70,uniform_random,11,75126005,82126005,,512,disease_to_no_disease,,,,
7,64,448,64,23,135,0.044569449999471544,0.31312786899979983,False,all independently sampled candidates,70,uniform_random,11,75126005,82126005,,512,disease_to_no_disease,,,,
8,64,512,64,25,160,0.04639359599968884,0.35952146499948867,False,all independently sampled candidates,70,uniform_random,11,75126005,82126005,,512,disease_to_no_disease,,,,
1,64,64,64,12,12,0.04276596999989124,0.04276596999989124,True,all genetic population candidates,70,genetic_cfe,11,75126005,82126005,,512,disease_to_no_disease,,,,
2,64,128,64,20,32,0.04176641599951836,0.0845323859994096,True,all genetic population candidates,70,genetic_cfe,11,75126005,82126005,,512,disease_to_no_disease,,,,
3,64,192,64,33,63,0.044819078999353223,0.12935146499876282,True,all genetic population candidates,70,genetic_cfe,11,75126005,82126005,,512,disease_to_no_disease,,,,
4,64,256,64,49,109,0.04769293699973787,0.1770444019985007,True,all genetic population candidates,70,genetic_cfe,11,75126005,82126005,,512,disease_to_no_disease,,,,
5,64,320,64,51,156,0.04875159000039275,0.22579599199889344,True,all genetic population candidates,70,genetic_cfe,11,75126005,82126005,,512,disease_to_no_disease,,,,
6,64,384,64,57,210,0.051157002000763896,0.27695299399965734,True,all genetic population candidates,70,genetic_cfe,11,75126005,82126005,,512,disease_to_no_disease,,,,
7,64,448,64,56,263,0.053985086000466254,0.3309380800001236,True,all genetic population candidates,70,genetic_cfe,11,75126005,82126005,,512,disease_to_no_disease,,,,
8,64,512,64,62,322,0.05736946999968495,0.38830754999980854,True,all genetic population candidates,70,genetic_cfe,11,75126005,82126005,,512,disease_to_no_disease,,,,
1,512,512,16,16,1,0.11816263800028537,0.11816263800028537,True,final restart pool only,70,dice_gradient_style,11,75126005,82126005,,512,disease_to_no_disease,31.0,16.0,16.0,31.0
1,512,512,16,16,1,0.10530857399862725,0.10530857399862725,True,final restart pool only,70,wachter_style,11,75126005,82126005,,512,disease_to_no_disease,31.0,16.0,16.0,31.0
1,64,64,63,1,1,0.04267850600081147,0.04267850600081147,False,all independently sampled candidates,71,uniform_random,11,76126008,83126008,,512,disease_to_no_disease,,,,
2,64,128,63,0,1,0.042423531998792896,0.08510203799960436,False,all independently sampled candidates,71,uniform_random,11,76126008,83126008,,512,disease_to_no_disease,,,,
3,64,192,60,2,3,0.04144167900085449,0.12654371700045886,False,all independently sampled candidates,71,uniform_random,11,76126008,83126008,,512,disease_to_no_disease,,,,
4,64,256,58,0,3,0.04258102499989036,0.16912474200034922,False,all independently sampled candidates,71,uniform_random,11,76126008,83126008,,512,disease_to_no_disease,,,,
5,64,320,60,8,11,0.04235130000051868,0.2114760420008679,False,all independently sampled candidates,71,uniform_random,11,76126008,83126008,,512,disease_to_no_disease,,,,
6,64,384,55,10,21,0.041906356998879346,0.25338239899974724,False,all independently sampled candidates,71,uniform_random,11,76126008,83126008,,512,disease_to_no_disease,,,,
7,64,448,59,11,32,0.04196563700133993,0.29534803600108717,False,all independently sampled candidates,71,uniform_random,11,76126008,83126008,,512,disease_to_no_disease,,,,
8,64,512,62,9,41,0.043755333999797585,0.33910337000088475,False,all independently sampled candidates,71,uniform_random,11,76126008,83126008,,512,disease_to_no_disease,,,,
1,64,64,63,1,1,0.04454448499927821,0.04454448499927821,True,all genetic population candidates,71,genetic_cfe,11,76126008,83126008,,512,disease_to_no_disease,,,,
2,64,128,63,2,3,0.0654203440008132,0.10996482900009141,True,all genetic population candidates,71,genetic_cfe,11,76126008,83126008,,512,disease_to_no_disease,,,,
3,64,192,63,0,3,0.052150915000311215,0.16211574400040263,True,all genetic population candidates,71,genetic_cfe,11,76126008,83126008,,512,disease_to_no_disease,,,,
4,64,256,64,10,13,0.04256545699900016,0.2046812009994028,True,all genetic population candidates,71,genetic_cfe,11,76126008,83126008,,512,disease_to_no_disease,,,,
5,64,320,63,34,46,0.04601885900046909,0.2507000599998719,True,all genetic population candidates,71,genetic_cfe,11,76126008,83126008,,512,disease_to_no_disease,,,,
6,64,384,64,40,80,0.047446823000427685,0.29814688300029957,True,all genetic population candidates,71,genetic_cfe,11,76126008,83126008,,512,disease_to_no_disease,,,,
7,64,448,64,45,122,0.04830961900006514,0.3464565020003647,True,all genetic population candidates,71,genetic_cfe,11,76126008,83126008,,512,disease_to_no_disease,,,,
8,64,512,64,50,167,0.04769522700007656,0.39415172900044126,True,all genetic population candidates,71,genetic_cfe,11,76126008,83126008,,512,disease_to_no_disease,,,,
1,512,512,16,16,1,0.11946909799917194,0.11946909799917194,True,final restart pool only,71,dice_gradient_style,11,76126008,83126008,,512,disease_to_no_disease,31.0,16.0,16.0,31.0
1,512,512,16,16,1,0.10893936399952509,0.10893936399952509,True,final restart pool only,71,wachter_style,11,76126008,83126008,,512,disease_to_no_disease,31.0,16.0,16.0,31.0
1,64,64,64,11,11,0.04386511399934534,0.04386511399934534,False,all independently sampled candidates,72,uniform_random,11,77126011,84126011,,512,disease_to_no_disease,,,,
2,64,128,64,14,25,0.044922617000338505,0.08878773099968384,False,all independently sampled candidates,72,uniform_random,11,77126011,84126011,,512,disease_to_no_disease,,,,
3,64,192,64,21,46,0.04389106099915807,0.13267879199884192,False,all independently sampled candidates,72,uniform_random,11,77126011,84126011,,512,disease_to_no_disease,,,,
4,64,256,64,21,67,0.04290893799952755,0.17558772999836947,False,all independently sampled candidates,72,uniform_random,11,77126011,84126011,,512,disease_to_no_disease,,,,
5,64,320,64,24,91,0.04421294300118461,0.21980067299955408,False,all independently sampled candidates,72,uniform_random,11,77126011,84126011,,512,disease_to_no_disease,,,,
6,64,384,64,21,112,0.04504925999935949,0.2648499329989136,False,all independently sampled candidates,72,uniform_random,11,77126011,84126011,,512,disease_to_no_disease,,,,
7,64,448,64,25,137,0.04526869599976635,0.3101186289986799,False,all independently sampled candidates,72,uniform_random,11,77126011,84126011,,512,disease_to_no_disease,,,,
8,64,512,64,30,167,0.0473319700013235,0.3574505990000034,False,all independently sampled candidates,72,uniform_random,11,77126011,84126011,,512,disease_to_no_disease,,,,
1,64,64,64,11,11,0.04193087899875536,0.04193087899875536,True,all genetic population candidates,72,genetic_cfe,11,77126011,84126011,,512,disease_to_no_disease,,,,
2,64,128,64,33,42,0.04337645900159259,0.08530733800034795,True,all genetic population candidates,72,genetic_cfe,11,77126011,84126011,,512,disease_to_no_disease,,,,
3,64,192,64,50,89,0.047082357999897795,0.13238969600024575,True,all genetic population candidates,72,genetic_cfe,11,77126011,84126011,,512,disease_to_no_disease,,,,
4,64,256,64,52,139,0.05119643999933032,0.18358613599957607,True,all genetic population candidates,72,genetic_cfe,11,77126011,84126011,,512,disease_to_no_disease,,,,
5,64,320,64,55,193,0.054071227999884286,0.23765736399946036,True,all genetic population candidates,72,genetic_cfe,11,77126011,84126011,,512,disease_to_no_disease,,,,
6,64,384,64,58,248,0.05910380500063184,0.2967611690000922,True,all genetic population candidates,72,genetic_cfe,11,77126011,84126011,,512,disease_to_no_disease,,,,
7,64,448,64,57,302,0.05856886199944711,0.3553300309995393,True,all genetic population candidates,72,genetic_cfe,11,77126011,84126011,,512,disease_to_no_disease,,,,
8,64,512,64,53,353,0.059900897000261466,0.41523092799980077,True,all genetic population candidates,72,genetic_cfe,11,77126011,84126011,,512,disease_to_no_disease,,,,
1,512,512,16,16,1,0.11934130699955858,0.11934130699955858,True,final restart pool only,72,dice_gradient_style,11,77126011,84126011,,512,disease_to_no_disease,31.0,16.0,16.0,31.0
1,512,512,16,16,1,0.10600376200090977,0.10600376200090977,True,final restart pool only,72,wachter_style,11,77126011,84126011,,512,disease_to_no_disease,31.0,16.0,16.0,31.0
1,64,64,64,7,7,0.04398285400020541,0.04398285400020541,False,all independently sampled candidates,73,uniform_random,11,78126014,85126014,,512,disease_to_no_disease,,,,
2,64,128,64,10,17,0.04320787700089568,0.08719073100110108,False,all independently sampled candidates,73,uniform_random,11,78126014,85126014,,512,disease_to_no_disease,,,,
3,64,192,64,15,32,0.043753400999776204,0.1309441320008773,False,all independently sampled candidates,73,uniform_random,11,78126014,85126014,,512,disease_to_no_disease,,,,
4,64,256,64,15,47,0.045189951999418554,0.17613408400029584,False,all independently sampled candidates,73,uniform_random,11,78126014,85126014,,512,disease_to_no_disease,,,,
5,64,320,64,20,67,0.044212615001015365,0.2203466990013112,False,all independently sampled candidates,73,uniform_random,11,78126014,85126014,,512,disease_to_no_disease,,,,
6,64,384,62,22,89,0.046875850999640534,0.26722255000095174,False,all independently sampled candidates,73,uniform_random,11,78126014,85126014,,512,disease_to_no_disease,,,,
7,64,448,64,24,113,0.04554403699876275,0.3127665869997145,False,all independently sampled candidates,73,uniform_random,11,78126014,85126014,,512,disease_to_no_disease,,,,
8,64,512,63,18,131,0.04405515400139848,0.35682174100111297,False,all independently sampled candidates,73,uniform_random,11,78126014,85126014,,512,disease_to_no_disease,,,,
1,64,64,64,7,7,0.0423446659988258,0.0423446659988258,True,all genetic population candidates,73,genetic_cfe,11,78126014,85126014,,512,disease_to_no_disease,,,,
2,64,128,64,28,33,0.04312565000145696,0.08547031600028276,True,all genetic population candidates,73,genetic_cfe,11,78126014,85126014,,512,disease_to_no_disease,,,,
3,64,192,64,42,74,0.04489469399959489,0.13036500999987766,True,all genetic population candidates,73,genetic_cfe,11,78126014,85126014,,512,disease_to_no_disease,,,,
4,64,256,64,55,129,0.0488853860006202,0.17925039600049786,True,all genetic population candidates,73,genetic_cfe,11,78126014,85126014,,512,disease_to_no_disease,,,,
5,64,320,64,55,181,0.04971909300002153,0.2289694890005194,True,all genetic population candidates,73,genetic_cfe,11,78126014,85126014,,512,disease_to_no_disease,,,,
6,64,384,64,57,238,0.052526024999679066,0.28149551400019845,True,all genetic population candidates,73,genetic_cfe,11,78126014,85126014,,512,disease_to_no_disease,,,,
7,64,448,64,60,298,0.058062979000169435,0.3395584930003679,True,all genetic population candidates,73,genetic_cfe,11,78126014,85126014,,512,disease_to_no_disease,,,,
8,64,512,64,54,350,0.058819076999498066,0.39837756999986595,True,all genetic population candidates,73,genetic_cfe,11,78126014,85126014,,512,disease_to_no_disease,,,,
1,512,512,16,16,1,0.12295810000068741,0.12295810000068741,True,final restart pool only,73,dice_gradient_style,11,78126014,85126014,,512,disease_to_no_disease,31.0,16.0,16.0,31.0
1,512,512,16,16,1,0.10473468199961644,0.10473468199961644,True,final restart pool only,73,wachter_style,11,78126014,85126014,,512,disease_to_no_disease,31.0,16.0,16.0,31.0
1,64,64,64,6,6,0.04114999100056593,0.04114999100056593,False,all independently sampled candidates,74,uniform_random,11,79126017,86126017,,512,disease_to_no_disease,,,,
2,64,128,64,8,14,0.043148019000000204,0.08429801000056614,False,all independently sampled candidates,74,uniform_random,11,79126017,86126017,,512,disease_to_no_disease,,,,
3,64,192,64,15,29,0.04307587999937823,0.12737388999994437,False,all independently sampled candidates,74,uniform_random,11,79126017,86126017,,512,disease_to_no_disease,,,,
4,64,256,64,17,46,0.04438706399923831,0.17176095399918268,False,all independently sampled candidates,74,uniform_random,11,79126017,86126017,,512,disease_to_no_disease,,,,
5,64,320,64,16,62,0.043813815000248724,0.2155747689994314,False,all independently sampled candidates,74,uniform_random,11,79126017,86126017,,512,disease_to_no_disease,,,,
6,64,384,64,26,88,0.044278363000557874,0.2598531319999893,False,all independently sampled candidates,74,uniform_random,11,79126017,86126017,,512,disease_to_no_disease,,,,
7,64,448,64,24,112,0.04510366499926022,0.3049567969992495,False,all independently sampled candidates,74,uniform_random,11,79126017,86126017,,512,disease_to_no_disease,,,,
8,64,512,62,29,141,0.04693755300104385,0.35189435000029334,False,all independently sampled candidates,74,uniform_random,11,79126017,86126017,,512,disease_to_no_disease,,,,
1,64,64,64,6,6,0.04243492400019022,0.04243492400019022,True,all genetic population candidates,74,genetic_cfe,11,79126017,86126017,,512,disease_to_no_disease,,,,
2,64,128,64,24,30,0.04385471699970367,0.08628964099989389,True,all genetic population candidates,74,genetic_cfe,11,79126017,86126017,,512,disease_to_no_disease,,,,
3,64,192,64,46,73,0.04405486399991787,0.13034450499981176,True,all genetic population candidates,74,genetic_cfe,11,79126017,86126017,,512,disease_to_no_disease,,,,
4,64,256,64,53,125,0.04608198200003244,0.1764264869998442,True,all genetic population candidates,74,genetic_cfe,11,79126017,86126017,,512,disease_to_no_disease,,,,
5,64,320,64,54,173,0.04969905399957497,0.22612554099941917,True,all genetic population candidates,74,genetic_cfe,11,79126017,86126017,,512,disease_to_no_disease,,,,
6,64,384,64,55,223,0.05248769300123968,0.27861323400065885,True,all genetic population candidates,74,genetic_cfe,11,79126017,86126017,,512,disease_to_no_disease,,,,
7,64,448,64,57,277,0.0566005069995299,0.33521374100018875,True,all genetic population candidates,74,genetic_cfe,11,79126017,86126017,,512,disease_to_no_disease,,,,
8,64,512,64,57,330,0.06009425000047486,0.3953079910006636,True,all genetic population candidates,74,genetic_cfe,11,79126017,86126017,,512,disease_to_no_disease,,,,
1,512,512,16,16,1,0.11067354599981627,0.11067354599981627,True,final restart pool only,74,dice_gradient_style,11,79126017,86126017,,512,disease_to_no_disease,31.0,16.0,16.0,31.0
1,512,512,16,16,1,0.10704145799900289,0.10704145799900289,True,final restart pool only,74,wachter_style,11,79126017,86126017,,512,disease_to_no_disease,31.0,16.0,16.0,31.0
1,64,64,64,13,13,0.04448322700045537,0.04448322700045537,False,all independently sampled candidates,75,uniform_random,11,80126020,87126020,,512,disease_to_no_disease,,,,
2,64,128,64,14,27,0.04256782899938116,0.08705105599983654,False,all independently sampled candidates,75,uniform_random,11,80126020,87126020,,512,disease_to_no_disease,,,,
3,64,192,64,23,50,0.04668858200057002,0.13373963800040656,False,all independently sampled candidates,75,uniform_random,11,80126020,87126020,,512,disease_to_no_disease,,,,
4,64,256,64,25,75,0.04311970100025064,0.1768593390006572,False,all independently sampled candidates,75,uniform_random,11,80126020,87126020,,512,disease_to_no_disease,,,,
5,64,320,64,24,99,0.04744784600006824,0.22430718500072544,False,all independently sampled candidates,75,uniform_random,11,80126020,87126020,,512,disease_to_no_disease,,,,
6,64,384,64,27,126,0.04644806000032986,0.2707552450010553,False,all independently sampled candidates,75,uniform_random,11,80126020,87126020,,512,disease_to_no_disease,,,,
7,64,448,64,21,147,0.046181099000023096,0.3169363440010784,False,all independently sampled candidates,75,uniform_random,11,80126020,87126020,,512,disease_to_no_disease,,,,
8,64,512,64,33,180,0.048478839999006595,0.365415184000085,False,all independently sampled candidates,75,uniform_random,11,80126020,87126020,,512,disease_to_no_disease,,,,
1,64,64,64,13,13,0.042962253999576205,0.042962253999576205,True,all genetic population candidates,75,genetic_cfe,11,80126020,87126020,,512,disease_to_no_disease,,,,
2,64,128,64,30,43,0.043281591999402735,0.08624384599897894,True,all genetic population candidates,75,genetic_cfe,11,80126020,87126020,,512,disease_to_no_disease,,,,
3,64,192,64,46,89,0.04569022900068376,0.1319340749996627,True,all genetic population candidates,75,genetic_cfe,11,80126020,87126020,,512,disease_to_no_disease,,,,
4,64,256,64,49,136,0.052873975999318645,0.18480805099898134,True,all genetic population candidates,75,genetic_cfe,11,80126020,87126020,,512,disease_to_no_disease,,,,
5,64,320,64,57,191,0.05578453999987687,0.2405925909988582,True,all genetic population candidates,75,genetic_cfe,11,80126020,87126020,,512,disease_to_no_disease,,,,
6,64,384,64,53,242,0.054095251000035205,0.2946878419988934,True,all genetic population candidates,75,genetic_cfe,11,80126020,87126020,,512,disease_to_no_disease,,,,
7,64,448,64,56,296,0.05574974800038035,0.35043758999927377,True,all genetic population candidates,75,genetic_cfe,11,80126020,87126020,,512,disease_to_no_disease,,,,
8,64,512,64,54,347,0.05689596699994581,0.4073335569992196,True,all genetic population candidates,75,genetic_cfe,11,80126020,87126020,,512,disease_to_no_disease,,,,
1,512,512,16,16,1,0.11830188500061922,0.11830188500061922,True,final restart pool only,75,dice_gradient_style,11,80126020,87126020,,512,disease_to_no_disease,31.0,16.0,16.0,31.0
1,512,512,16,16,1,0.1129061069987074,0.1129061069987074,True,final restart pool only,75,wachter_style,11,80126020,87126020,,512,disease_to_no_disease,31.0,16.0,16.0,31.0
1,64,64,64,6,6,0.044371846999638365,0.044371846999638365,False,all independently sampled candidates,76,uniform_random,11,81126023,88126023,,512,disease_to_no_disease,,,,
2,64,128,64,14,20,0.04527615799997875,0.08964800499961711,False,all independently sampled candidates,76,uniform_random,11,81126023,88126023,,512,disease_to_no_disease,,,,
3,64,192,64,16,36,0.050207194000904565,0.13985519900052168,False,all independently sampled candidates,76,uniform_random,11,81126023,88126023,,512,disease_to_no_disease,,,,
4,64,256,64,14,50,0.04568610400019679,0.18554130300071847,False,all independently sampled candidates,76,uniform_random,11,81126023,88126023,,512,disease_to_no_disease,,,,
5,64,320,64,21,71,0.045582458000353654,0.23112376100107213,False,all independently sampled candidates,76,uniform_random,11,81126023,88126023,,512,disease_to_no_disease,,,,
6,64,384,64,19,90,0.048215425998932915,0.27933918700000504,False,all independently sampled candidates,76,uniform_random,11,81126023,88126023,,512,disease_to_no_disease,,,,
7,64,448,64,23,113,0.04791753599965887,0.3272567229996639,False,all independently sampled candidates,76,uniform_random,11,81126023,88126023,,512,disease_to_no_disease,,,,
8,64,512,64,21,134,0.046465553999951226,0.37372227699961513,False,all independently sampled candidates,76,uniform_random,11,81126023,88126023,,512,disease_to_no_disease,,,,
1,64,64,64,6,6,0.04691829600051278,0.04691829600051278,True,all genetic population candidates,76,genetic_cfe,11,81126023,88126023,,512,disease_to_no_disease,,,,
2,64,128,64,24,30,0.04656889299985778,0.09348718900037056,True,all genetic population candidates,76,genetic_cfe,11,81126023,88126023,,512,disease_to_no_disease,,,,
3,64,192,64,38,66,0.04739828299898363,0.1408854719993542,True,all genetic population candidates,76,genetic_cfe,11,81126023,88126023,,512,disease_to_no_disease,,,,
4,64,256,64,49,113,0.04661531800047669,0.18750078999983089,True,all genetic population candidates,76,genetic_cfe,11,81126023,88126023,,512,disease_to_no_disease,,,,
5,64,320,64,58,169,0.0493601159996615,0.2368609059994924,True,all genetic population candidates,76,genetic_cfe,11,81126023,88126023,,512,disease_to_no_disease,,,,
6,64,384,64,58,226,0.053028260999781196,0.2898891669992736,True,all genetic population candidates,76,genetic_cfe,11,81126023,88126023,,512,disease_to_no_disease,,,,
7,64,448,64,53,277,0.053211640000881744,0.34310080700015533,True,all genetic population candidates,76,genetic_cfe,11,81126023,88126023,,512,disease_to_no_disease,,,,
8,64,512,64,56,329,0.057718333999218885,0.4008191409993742,True,all genetic population candidates,76,genetic_cfe,11,81126023,88126023,,512,disease_to_no_disease,,,,
1,512,512,16,16,1,0.11705732100017485,0.11705732100017485,True,final restart pool only,76,dice_gradient_style,11,81126023,88126023,,512,disease_to_no_disease,31.0,16.0,16.0,31.0
1,512,512,16,16,1,0.1077306259994657,0.1077306259994657,True,final restart pool only,76,wachter_style,11,81126023,88126023,,512,disease_to_no_disease,31.0,16.0,16.0,31.0
1,64,64,64,4,4,0.045176589001130196,0.045176589001130196,False,all independently sampled candidates,77,uniform_random,11,82126026,89126026,,512,disease_to_no_disease,,,,
2,64,128,64,22,26,0.04532126899903233,0.09049785800016252,False,all independently sampled candidates,77,uniform_random,11,82126026,89126026,,512,disease_to_no_disease,,,,
3,64,192,64,17,43,0.04666859400094836,0.13716645200111088,False,all independently sampled candidates,77,uniform_random,11,82126026,89126026,,512,disease_to_no_disease,,,,
4,64,256,64,19,62,0.04569788199842151,0.1828643339995324,False,all independently sampled candidates,77,uniform_random,11,82126026,89126026,,512,disease_to_no_disease,,,,
5,64,320,64,11,73,0.04588692800098215,0.22875126200051454,False,all independently sampled candidates,77,uniform_random,11,82126026,89126026,,512,disease_to_no_disease,,,,
6,64,384,64,19,92,0.04653709599915601,0.27528835799967055,False,all independently sampled candidates,77,uniform_random,11,82126026,89126026,,512,disease_to_no_disease,,,,
7,64,448,64,16,108,0.047224605001247255,0.3225129630009178,False,all independently sampled candidates,77,uniform_random,11,82126026,89126026,,512,disease_to_no_disease,,,,
8,64,512,60,21,129,0.046412296998823876,0.3689252599997417,False,all independently sampled candidates,77,uniform_random,11,82126026,89126026,,512,disease_to_no_disease,,,,
1,64,64,64,4,4,0.04567918099928647,0.04567918099928647,True,all genetic population candidates,77,genetic_cfe,11,82126026,89126026,,512,disease_to_no_disease,,,,
2,64,128,64,11,15,0.04191669499959971,0.08759587599888619,True,all genetic population candidates,77,genetic_cfe,11,82126026,89126026,,512,disease_to_no_disease,,,,
3,64,192,64,36,50,0.04473924900048587,0.13233512499937206,True,all genetic population candidates,77,genetic_cfe,11,82126026,89126026,,512,disease_to_no_disease,,,,
4,64,256,64,48,97,0.04603849799968884,0.1783736229990609,True,all genetic population candidates,77,genetic_cfe,11,82126026,89126026,,512,disease_to_no_disease,,,,
5,64,320,64,55,146,0.04730600199945911,0.22567962499852,True,all genetic population candidates,77,genetic_cfe,11,82126026,89126026,,512,disease_to_no_disease,,,,
6,64,384,64,52,198,0.05147218100137252,0.27715180599989253,True,all genetic population candidates,77,genetic_cfe,11,82126026,89126026,,512,disease_to_no_disease,,,,
7,64,448,64,55,249,0.056109571998604224,0.33326137799849676,True,all genetic population candidates,77,genetic_cfe,11,82126026,89126026,,512,disease_to_no_disease,,,,
8,64,512,64,56,304,0.05623015000128362,0.3894915279997804,True,all genetic population candidates,77,genetic_cfe,11,82126026,89126026,,512,disease_to_no_disease,,,,
1,512,512,16,16,1,0.12118604100032826,0.12118604100032826,True,final restart pool only,77,dice_gradient_style,11,82126026,89126026,,512,disease_to_no_disease,31.0,16.0,16.0,31.0
1,512,512,16,16,1,0.1276577670014376,0.1276577670014376,True,final restart pool only,77,wachter_style,11,82126026,89126026,,512,disease_to_no_disease,31.0,16.0,16.0,31.0
1,64,64,64,11,11,0.04670794800040312,0.04670794800040312,False,all independently sampled candidates,78,uniform_random,11,83126029,90126029,,512,disease_to_no_disease,,,,
2,64,128,64,22,33,0.04706512300072063,0.09377307100112375,False,all independently sampled candidates,78,uniform_random,11,83126029,90126029,,512,disease_to_no_disease,,,,
3,64,192,64,16,49,0.04599042699919664,0.1397634980003204,False,all independently sampled candidates,78,uniform_random,11,83126029,90126029,,512,disease_to_no_disease,,,,
4,64,256,64,23,72,0.04745838500093669,0.18722188300125708,False,all independently sampled candidates,78,uniform_random,11,83126029,90126029,,512,disease_to_no_disease,,,,
5,64,320,63,21,93,0.04729437300011341,0.2345162560013705,False,all independently sampled candidates,78,uniform_random,11,83126029,90126029,,512,disease_to_no_disease,,,,
6,64,384,64,26,119,0.0479233549995115,0.282439611000882,False,all independently sampled candidates,78,uniform_random,11,83126029,90126029,,512,disease_to_no_disease,,,,
7,64,448,64,35,154,0.04996258599931025,0.33240219700019225,False,all independently sampled candidates,78,uniform_random,11,83126029,90126029,,512,disease_to_no_disease,,,,
8,64,512,64,24,178,0.050037470000461326,0.38243966700065357,False,all independently sampled candidates,78,uniform_random,11,83126029,90126029,,512,disease_to_no_disease,,,,
1,64,64,64,11,11,0.04353674100093485,0.04353674100093485,True,all genetic population candidates,78,genetic_cfe,11,83126029,90126029,,512,disease_to_no_disease,,,,
2,64,128,64,27,38,0.04527415299889981,0.08881089399983466,True,all genetic population candidates,78,genetic_cfe,11,83126029,90126029,,512,disease_to_no_disease,,,,
3,64,192,64,47,85,0.049525620001077186,0.13833651400091185,True,all genetic population candidates,78,genetic_cfe,11,83126029,90126029,,512,disease_to_no_disease,,,,
4,64,256,64,55,137,0.04855053499886708,0.18688704899977893,True,all genetic population candidates,78,genetic_cfe,11,83126029,90126029,,512,disease_to_no_disease,,,,
5,64,320,64,58,192,0.053288774000975536,0.24017582300075446,True,all genetic population candidates,78,genetic_cfe,11,83126029,90126029,,512,disease_to_no_disease,,,,
6,64,384,64,54,242,0.05506773900015105,0.2952435620009055,True,all genetic population candidates,78,genetic_cfe,11,83126029,90126029,,512,disease_to_no_disease,,,,
7,64,448,64,51,290,0.05683429099917703,0.35207785300008254,True,all genetic population candidates,78,genetic_cfe,11,83126029,90126029,,512,disease_to_no_disease,,,,
8,64,512,64,58,348,0.060995627000011154,0.4130734800000937,True,all genetic population candidates,78,genetic_cfe,11,83126029,90126029,,512,disease_to_no_disease,,,,
1,512,512,16,16,1,0.12316260399893508,0.12316260399893508,True,final restart pool only,78,dice_gradient_style,11,83126029,90126029,,512,disease_to_no_disease,31.0,16.0,16.0,31.0
1,512,512,16,16,1,0.11375758100075473,0.11375758100075473,True,final restart pool only,78,wachter_style,11,83126029,90126029,,512,disease_to_no_disease,31.0,16.0,16.0,31.0
1,64,64,64,6,6,0.04336395599966636,0.04336395599966636,False,all independently sampled candidates,79,uniform_random,11,84126032,91126032,,512,disease_to_no_disease,,,,
2,64,128,64,11,17,0.045689216000027955,0.08905317199969431,False,all independently sampled candidates,79,uniform_random,11,84126032,91126032,,512,disease_to_no_disease,,,,
3,64,192,64,24,41,0.04576492599881021,0.13481809799850453,False,all independently sampled candidates,79,uniform_random,11,84126032,91126032,,512,disease_to_no_disease,,,,
4,64,256,64,17,58,0.0460967779999919,0.18091487599849643,False,all independently sampled candidates,79,uniform_random,11,84126032,91126032,,512,disease_to_no_disease,,,,
5,64,320,64,18,76,0.045312965999983135,0.22622784199847956,False,all independently sampled candidates,79,uniform_random,11,84126032,91126032,,512,disease_to_no_disease,,,,
6,64,384,63,28,104,0.04690525600017281,0.2731330979986524,False,all independently sampled candidates,79,uniform_random,11,84126032,91126032,,512,disease_to_no_disease,,,,
7,64,448,63,19,123,0.04473295900061203,0.3178660569992644,False,all independently sampled candidates,79,uniform_random,11,84126032,91126032,,512,disease_to_no_disease,,,,
8,64,512,64,22,145,0.04516160400089575,0.36302766100016015,False,all independently sampled candidates,79,uniform_random,11,84126032,91126032,,512,disease_to_no_disease,,,,
1,64,64,64,6,6,0.05353439699865703,0.05353439699865703,True,all genetic population candidates,79,genetic_cfe,11,84126032,91126032,,512,disease_to_no_disease,,,,
2,64,128,64,20,26,0.04506528500132845,0.09859968199998548,True,all genetic population candidates,79,genetic_cfe,11,84126032,91126032,,512,disease_to_no_disease,,,,
3,64,192,64,44,67,0.04533826499937277,0.14393794699935825,True,all genetic population candidates,79,genetic_cfe,11,84126032,91126032,,512,disease_to_no_disease,,,,
4,64,256,64,48,114,0.0463158040001872,0.19025375099954545,True,all genetic population candidates,79,genetic_cfe,11,84126032,91126032,,512,disease_to_no_disease,,,,
5,64,320,64,57,167,0.048968478999086074,0.23922222999863152,True,all genetic population candidates,79,genetic_cfe,11,84126032,91126032,,512,disease_to_no_disease,,,,
6,64,384,64,57,220,0.052598672000385704,0.2918209019990172,True,all genetic population candidates,79,genetic_cfe,11,84126032,91126032,,512,disease_to_no_disease,,,,
7,64,448,64,58,274,0.054652614999213256,0.3464735169982305,True,all genetic population candidates,79,genetic_cfe,11,84126032,91126032,,512,disease_to_no_disease,,,,
8,64,512,64,57,326,0.057889022000381374,0.40436253899861185,True,all genetic population candidates,79,genetic_cfe,11,84126032,91126032,,512,disease_to_no_disease,,,,
1,512,512,16,16,1,0.12294354100049532,0.12294354100049532,True,final restart pool only,79,dice_gradient_style,11,84126032,91126032,,512,disease_to_no_disease,31.0,16.0,16.0,31.0
1,512,512,16,16,1,0.1065970859999652,0.1065970859999652,True,final restart pool only,79,wachter_style,11,84126032,91126032,,512,disease_to_no_disease,31.0,16.0,16.0,31.0
1,64,64,64,13,13,0.04280016200027603,0.04280016200027603,False,all independently sampled candidates,80,uniform_random,11,85126035,92126035,,512,disease_to_no_disease,,,,
2,64,128,64,14,27,0.04364599300060945,0.08644615500088548,False,all independently sampled candidates,80,uniform_random,11,85126035,92126035,,512,disease_to_no_disease,,,,
3,64,192,64,16,43,0.04443248399911681,0.1308786390000023,False,all independently sampled candidates,80,uniform_random,11,85126035,92126035,,512,disease_to_no_disease,,,,
4,64,256,64,23,66,0.04615614300018933,0.17703478200019163,False,all independently sampled candidates,80,uniform_random,11,85126035,92126035,,512,disease_to_no_disease,,,,
5,64,320,64,24,90,0.04912510800022574,0.22615989000041736,False,all independently sampled candidates,80,uniform_random,11,85126035,92126035,,512,disease_to_no_disease,,,,
6,64,384,64,20,110,0.04798907899930782,0.2741489689997252,False,all independently sampled candidates,80,uniform_random,11,85126035,92126035,,512,disease_to_no_disease,,,,
7,64,448,64,19,129,0.049919142000362626,0.3240681110000878,False,all independently sampled candidates,80,uniform_random,11,85126035,92126035,,512,disease_to_no_disease,,,,
8,64,512,63,24,153,0.04827243699946848,0.3723405479995563,False,all independently sampled candidates,80,uniform_random,11,85126035,92126035,,512,disease_to_no_disease,,,,
1,64,64,64,13,13,0.04282070099907287,0.04282070099907287,True,all genetic population candidates,80,genetic_cfe,11,85126035,92126035,,512,disease_to_no_disease,,,,
2,64,128,64,28,41,0.043331109000064316,0.08615180999913719,True,all genetic population candidates,80,genetic_cfe,11,85126035,92126035,,512,disease_to_no_disease,,,,
3,64,192,64,47,87,0.048422544001368806,0.134574354000506,True,all genetic population candidates,80,genetic_cfe,11,85126035,92126035,,512,disease_to_no_disease,,,,
4,64,256,64,55,139,0.049491628999021486,0.18406598299952748,True,all genetic population candidates,80,genetic_cfe,11,85126035,92126035,,512,disease_to_no_disease,,,,
5,64,320,64,53,189,0.05424451799990493,0.2383105009994324,True,all genetic population candidates,80,genetic_cfe,11,85126035,92126035,,512,disease_to_no_disease,,,,
6,64,384,64,56,244,0.053716792001068825,0.29202729300050123,True,all genetic population candidates,80,genetic_cfe,11,85126035,92126035,,512,disease_to_no_disease,,,,
7,64,448,64,50,289,0.05717957199885859,0.3492068649993598,True,all genetic population candidates,80,genetic_cfe,11,85126035,92126035,,512,disease_to_no_disease,,,,
8,64,512,64,56,343,0.06065648699950543,0.40986335199886526,True,all genetic population candidates,80,genetic_cfe,11,85126035,92126035,,512,disease_to_no_disease,,,,
1,512,512,16,16,1,0.13481386999956158,0.13481386999956158,True,final restart pool only,80,dice_gradient_style,11,85126035,92126035,,512,disease_to_no_disease,31.0,16.0,16.0,31.0
1,512,512,16,16,1,0.1059804440010339,0.1059804440010339,True,final restart pool only,80,wachter_style,11,85126035,92126035,,512,disease_to_no_disease,31.0,16.0,16.0,31.0
1,64,64,64,7,7,0.0443757769990043,0.0443757769990043,False,all independently sampled candidates,81,uniform_random,11,86126038,93126038,,512,disease_to_no_disease,,,,
2,64,128,64,17,24,0.044029157999830204,0.0884049349988345,False,all independently sampled candidates,81,uniform_random,11,86126038,93126038,,512,disease_to_no_disease,,,,
3,64,192,64,14,38,0.04618410200055223,0.13458903699938674,False,all independently sampled candidates,81,uniform_random,11,86126038,93126038,,512,disease_to_no_disease,,,,
4,64,256,64,17,55,0.04370806599945354,0.17829710299884027,False,all independently sampled candidates,81,uniform_random,11,86126038,93126038,,512,disease_to_no_disease,,,,
5,64,320,64,19,74,0.04441227999996045,0.22270938299880072,False,all independently sampled candidates,81,uniform_random,11,86126038,93126038,,512,disease_to_no_disease,,,,
6,64,384,64,18,92,0.04609050500039302,0.26879988799919374,False,all independently sampled candidates,81,uniform_random,11,86126038,93126038,,512,disease_to_no_disease,,,,
7,64,448,64,28,120,0.04730081900015648,0.3161007069993502,False,all independently sampled candidates,81,uniform_random,11,86126038,93126038,,512,disease_to_no_disease,,,,
8,64,512,64,20,140,0.04566233600053238,0.3617630429998826,False,all independently sampled candidates,81,uniform_random,11,86126038,93126038,,512,disease_to_no_disease,,,,
1,64,64,64,7,7,0.043272737000734196,0.043272737000734196,True,all genetic population candidates,81,genetic_cfe,11,86126038,93126038,,512,disease_to_no_disease,,,,
2,64,128,64,30,36,0.04530592499941122,0.08857866200014541,True,all genetic population candidates,81,genetic_cfe,11,86126038,93126038,,512,disease_to_no_disease,,,,
3,64,192,64,48,83,0.04706598099983239,0.1356446429999778,True,all genetic population candidates,81,genetic_cfe,11,86126038,93126038,,512,disease_to_no_disease,,,,
4,64,256,64,49,129,0.0516668309992383,0.1873114739992161,True,all genetic population candidates,81,genetic_cfe,11,86126038,93126038,,512,disease_to_no_disease,,,,
5,64,320,64,53,180,0.05598758199994336,0.24329905599915946,True,all genetic population candidates,81,genetic_cfe,11,86126038,93126038,,512,disease_to_no_disease,,,,
6,64,384,64,58,233,0.0580726730004244,0.30137172899958387,True,all genetic population candidates,81,genetic_cfe,11,86126038,93126038,,512,disease_to_no_disease,,,,
7,64,448,64,59,291,0.05787995900027454,0.3592516879998584,True,all genetic population candidates,81,genetic_cfe,11,86126038,93126038,,512,disease_to_no_disease,,,,
8,64,512,64,53,341,0.06118030899961013,0.42043199699946854,True,all genetic population candidates,81,genetic_cfe,11,86126038,93126038,,512,disease_to_no_disease,,,,
1,512,512,16,16,1,0.12171327699979884,0.12171327699979884,True,final restart pool only,81,dice_gradient_style,11,86126038,93126038,,512,disease_to_no_disease,31.0,16.0,16.0,31.0
1,512,512,16,16,1,0.11061094599972421,0.11061094599972421,True,final restart pool only,81,wachter_style,11,86126038,93126038,,512,disease_to_no_disease,31.0,16.0,16.0,31.0
1,64,64,64,4,4,0.04322252699967066,0.04322252699967066,False,all independently sampled candidates,82,uniform_random,11,87126041,94126041,,512,disease_to_no_disease,,,,
2,64,128,64,10,14,0.04489145400111738,0.08811398100078804,False,all independently sampled candidates,82,uniform_random,11,87126041,94126041,,512,disease_to_no_disease,,,,
3,64,192,64,14,28,0.04731347599954461,0.13542745700033265,False,all independently sampled candidates,82,uniform_random,11,87126041,94126041,,512,disease_to_no_disease,,,,
4,64,256,64,21,49,0.04477117699934752,0.18019863399968017,False,all independently sampled candidates,82,uniform_random,11,87126041,94126041,,512,disease_to_no_disease,,,,
5,64,320,64,15,64,0.04837571200005186,0.22857434599973203,False,all independently sampled candidates,82,uniform_random,11,87126041,94126041,,512,disease_to_no_disease,,,,
6,64,384,63,15,79,0.04607813500115299,0.274652481000885,False,all independently sampled candidates,82,uniform_random,11,87126041,94126041,,512,disease_to_no_disease,,,,
7,64,448,64,24,103,0.04908423300003051,0.3237367140009155,False,all independently sampled candidates,82,uniform_random,11,87126041,94126041,,512,disease_to_no_disease,,,,
8,64,512,64,32,135,0.050621442998817656,0.3743581569997332,False,all independently sampled candidates,82,uniform_random,11,87126041,94126041,,512,disease_to_no_disease,,,,
1,64,64,64,4,4,0.050419907998730196,0.050419907998730196,True,all genetic population candidates,82,genetic_cfe,11,87126041,94126041,,512,disease_to_no_disease,,,,
2,64,128,64,27,31,0.04664663000039582,0.09706653799912601,True,all genetic population candidates,82,genetic_cfe,11,87126041,94126041,,512,disease_to_no_disease,,,,
3,64,192,64,46,75,0.051063146000160486,0.1481296839992865,True,all genetic population candidates,82,genetic_cfe,11,87126041,94126041,,512,disease_to_no_disease,,,,
4,64,256,64,54,127,0.0510873380007979,0.1992170220000844,True,all genetic population candidates,82,genetic_cfe,11,87126041,94126041,,512,disease_to_no_disease,,,,
5,64,320,64,55,180,0.053771251999933156,0.25298827400001755,True,all genetic population candidates,82,genetic_cfe,11,87126041,94126041,,512,disease_to_no_disease,,,,
6,64,384,64,56,234,0.05662056099936308,0.30960883499938063,True,all genetic population candidates,82,genetic_cfe,11,87126041,94126041,,512,disease_to_no_disease,,,,
7,64,448,64,60,292,0.060953686999710044,0.3705625219990907,True,all genetic population candidates,82,genetic_cfe,11,87126041,94126041,,512,disease_to_no_disease,,,,
8,64,512,64,55,343,0.05966359900048701,0.4302261209995777,True,all genetic population candidates,82,genetic_cfe,11,87126041,94126041,,512,disease_to_no_disease,,,,
1,512,512,16,16,1,0.12001620199953322,0.12001620199953322,True,final restart pool only,82,dice_gradient_style,11,87126041,94126041,,512,disease_to_no_disease,31.0,16.0,16.0,31.0
1,512,512,16,16,1,0.1052120130007097,0.1052120130007097,True,final restart pool only,82,wachter_style,11,87126041,94126041,,512,disease_to_no_disease,31.0,16.0,16.0,31.0
1,64,64,64,5,5,0.043757772000390105,0.043757772000390105,False,all independently sampled candidates,83,uniform_random,11,88126044,95126044,,512,disease_to_no_disease,,,,
2,64,128,64,10,15,0.04366765799932182,0.08742542999971192,False,all independently sampled candidates,83,uniform_random,11,88126044,95126044,,512,disease_to_no_disease,,,,
3,64,192,64,17,32,0.04535757500161708,0.132783005001329,False,all independently sampled candidates,83,uniform_random,11,88126044,95126044,,512,disease_to_no_disease,,,,
4,64,256,64,18,50,0.04502957699878607,0.17781258200011507,False,all independently sampled candidates,83,uniform_random,11,88126044,95126044,,512,disease_to_no_disease,,,,
5,64,320,64,14,64,0.04577978400084248,0.22359236600095755,False,all independently sampled candidates,83,uniform_random,11,88126044,95126044,,512,disease_to_no_disease,,,,
6,64,384,64,25,89,0.04519666499982122,0.2687890310007788,False,all independently sampled candidates,83,uniform_random,11,88126044,95126044,,512,disease_to_no_disease,,,,
7,64,448,64,26,115,0.04473654699904728,0.31352557799982606,False,all independently sampled candidates,83,uniform_random,11,88126044,95126044,,512,disease_to_no_disease,,,,
8,64,512,64,23,138,0.04767162100142741,0.36119719900125347,False,all independently sampled candidates,83,uniform_random,11,88126044,95126044,,512,disease_to_no_disease,,,,
1,64,64,64,5,5,0.043586993000644725,0.043586993000644725,True,all genetic population candidates,83,genetic_cfe,11,88126044,95126044,,512,disease_to_no_disease,,,,
2,64,128,64,12,16,0.044344980000460055,0.08793197300110478,True,all genetic population candidates,83,genetic_cfe,11,88126044,95126044,,512,disease_to_no_disease,,,,
3,64,192,64,31,45,0.045019368999419385,0.13295134200052416,True,all genetic population candidates,83,genetic_cfe,11,88126044,95126044,,512,disease_to_no_disease,,,,
4,64,256,64,48,91,0.047321599999122554,0.18027294199964672,True,all genetic population candidates,83,genetic_cfe,11,88126044,95126044,,512,disease_to_no_disease,,,,
5,64,320,64,58,147,0.04963093900005333,0.22990388099970005,True,all genetic population candidates,83,genetic_cfe,11,88126044,95126044,,512,disease_to_no_disease,,,,
6,64,384,64,54,197,0.05159634000119695,0.281500221000897,True,all genetic population candidates,83,genetic_cfe,11,88126044,95126044,,512,disease_to_no_disease,,,,
7,64,448,64,55,250,0.05222391200004495,0.33372413300094195,True,all genetic population candidates,83,genetic_cfe,11,88126044,95126044,,512,disease_to_no_disease,,,,
8,64,512,64,59,306,0.05662501299957512,0.39034914600051707,True,all genetic population candidates,83,genetic_cfe,11,88126044,95126044,,512,disease_to_no_disease,,,,
1,512,512,16,16,1,0.11614222299976973,0.11614222299976973,True,final restart pool only,83,dice_gradient_style,11,88126044,95126044,,512,disease_to_no_disease,31.0,16.0,16.0,31.0
1,512,512,16,16,1,0.09812970500024676,0.09812970500024676,True,final restart pool only,83,wachter_style,11,88126044,95126044,,512,disease_to_no_disease,31.0,16.0,16.0,31.0
1,64,64,64,3,3,0.04080386900022859,0.04080386900022859,False,all independently sampled candidates,84,uniform_random,11,89126047,96126047,,512,disease_to_no_disease,,,,
2,64,128,64,9,12,0.042211981999571435,0.08301585099980002,False,all independently sampled candidates,84,uniform_random,11,89126047,96126047,,512,disease_to_no_disease,,,,
3,64,192,64,18,30,0.04371304699998291,0.12672889799978293,False,all independently sampled candidates,84,uniform_random,11,89126047,96126047,,512,disease_to_no_disease,,,,
4,64,256,64,14,44,0.04379264300041541,0.17052154100019834,False,all independently sampled candidates,84,uniform_random,11,89126047,96126047,,512,disease_to_no_disease,,,,
5,64,320,64,17,61,0.04350555399832956,0.2140270949985279,False,all independently sampled candidates,84,uniform_random,11,89126047,96126047,,512,disease_to_no_disease,,,,
6,64,384,64,17,78,0.04477541000051133,0.25880250499903923,False,all independently sampled candidates,84,uniform_random,11,89126047,96126047,,512,disease_to_no_disease,,,,
7,64,448,63,20,98,0.04527655899983074,0.30407906399886997,False,all independently sampled candidates,84,uniform_random,11,89126047,96126047,,512,disease_to_no_disease,,,,
8,64,512,64,15,113,0.04533336700114887,0.34941243100001884,False,all independently sampled candidates,84,uniform_random,11,89126047,96126047,,512,disease_to_no_disease,,,,
1,64,64,64,3,3,0.04149460500048008,0.04149460500048008,True,all genetic population candidates,84,genetic_cfe,11,89126047,96126047,,512,disease_to_no_disease,,,,
2,64,128,64,17,20,0.04199998600051913,0.08349459100099921,True,all genetic population candidates,84,genetic_cfe,11,89126047,96126047,,512,disease_to_no_disease,,,,
3,64,192,64,39,59,0.04391479799960507,0.12740938900060428,True,all genetic population candidates,84,genetic_cfe,11,89126047,96126047,,512,disease_to_no_disease,,,,
4,64,256,64,51,107,0.04651182300040091,0.1739212120010052,True,all genetic population candidates,84,genetic_cfe,11,89126047,96126047,,512,disease_to_no_disease,,,,
5,64,320,64,56,160,0.05027587800032052,0.2241970900013257,True,all genetic population candidates,84,genetic_cfe,11,89126047,96126047,,512,disease_to_no_disease,,,,
6,64,384,64,60,218,0.05136637399846222,0.2755634639997879,True,all genetic population candidates,84,genetic_cfe,11,89126047,96126047,,512,disease_to_no_disease,,,,
7,64,448,64,55,270,0.054489603000547504,0.33005306700033543,True,all genetic population candidates,84,genetic_cfe,11,89126047,96126047,,512,disease_to_no_disease,,,,
8,64,512,64,55,323,0.056360608999966644,0.3864136760003021,True,all genetic population candidates,84,genetic_cfe,11,89126047,96126047,,512,disease_to_no_disease,,,,
1,512,512,16,16,1,0.11130592100016656,0.11130592100016656,True,final restart pool only,84,dice_gradient_style,11,89126047,96126047,,512,disease_to_no_disease,31.0,16.0,16.0,31.0
1,512,512,16,16,1,0.0987335109984997,0.0987335109984997,True,final restart pool only,84,wachter_style,11,89126047,96126047,,512,disease_to_no_disease,31.0,16.0,16.0,31.0
1,64,64,64,8,8,0.04257679399961489,0.04257679399961489,False,all independently sampled candidates,85,uniform_random,11,90126050,97126050,,512,disease_to_no_disease,,,,
2,64,128,64,11,19,0.04398267000033229,0.08655946399994718,False,all independently sampled candidates,85,uniform_random,11,90126050,97126050,,512,disease_to_no_disease,,,,
3,64,192,64,10,29,0.04459262599993963,0.1311520899998868,False,all independently sampled candidates,85,uniform_random,11,90126050,97126050,,512,disease_to_no_disease,,,,
4,64,256,64,15,44,0.04476761099977011,0.17591970099965692,False,all independently sampled candidates,85,uniform_random,11,90126050,97126050,,512,disease_to_no_disease,,,,
5,64,320,64,25,69,0.044935829000678496,0.22085553000033542,False,all independently sampled candidates,85,uniform_random,11,90126050,97126050,,512,disease_to_no_disease,,,,
6,64,384,64,29,98,0.04859111500081781,0.26944664500115323,False,all independently sampled candidates,85,uniform_random,11,90126050,97126050,,512,disease_to_no_disease,,,,
7,64,448,64,25,123,0.04832112699841673,0.31776777199956996,False,all independently sampled candidates,85,uniform_random,11,90126050,97126050,,512,disease_to_no_disease,,,,
8,64,512,64,29,152,0.04988449800111994,0.3676522700006899,False,all independently sampled candidates,85,uniform_random,11,90126050,97126050,,512,disease_to_no_disease,,,,
1,64,64,64,8,8,0.041413876999286,0.041413876999286,True,all genetic population candidates,85,genetic_cfe,11,90126050,97126050,,512,disease_to_no_disease,,,,
2,64,128,64,25,30,0.04360353199990641,0.08501740899919241,True,all genetic population candidates,85,genetic_cfe,11,90126050,97126050,,512,disease_to_no_disease,,,,
3,64,192,64,41,71,0.04596336400027212,0.13098077299946453,True,all genetic population candidates,85,genetic_cfe,11,90126050,97126050,,512,disease_to_no_disease,,,,
4,64,256,64,55,121,0.04808744500041939,0.17906821799988393,True,all genetic population candidates,85,genetic_cfe,11,90126050,97126050,,512,disease_to_no_disease,,,,
5,64,320,64,57,176,0.050512624000475626,0.22958084200035955,True,all genetic population candidates,85,genetic_cfe,11,90126050,97126050,,512,disease_to_no_disease,,,,
6,64,384,64,57,232,0.08305814300001657,0.3126389850003761,True,all genetic population candidates,85,genetic_cfe,11,90126050,97126050,,512,disease_to_no_disease,,,,
7,64,448,64,59,286,0.05619254299926979,0.3688315279996459,True,all genetic population candidates,85,genetic_cfe,11,90126050,97126050,,512,disease_to_no_disease,,,,
8,64,512,64,58,340,0.055992928999330616,0.42482445699897653,True,all genetic population candidates,85,genetic_cfe,11,90126050,97126050,,512,disease_to_no_disease,,,,
1,512,512,16,16,1,0.11331293299917888,0.11331293299917888,True,final restart pool only,85,dice_gradient_style,11,90126050,97126050,,512,disease_to_no_disease,31.0,16.0,16.0,31.0
1,512,512,16,16,1,0.10454402699906495,0.10454402699906495,True,final restart pool only,85,wachter_style,11,90126050,97126050,,512,disease_to_no_disease,31.0,16.0,16.0,31.0
1,64,64,64,6,6,0.04272660700007691,0.04272660700007691,False,all independently sampled candidates,86,uniform_random,11,91126053,98126053,,512,disease_to_no_disease,,,,
2,64,128,64,10,16,0.04294082799970056,0.08566743499977747,False,all independently sampled candidates,86,uniform_random,11,91126053,98126053,,512,disease_to_no_disease,,,,
3,64,192,64,15,31,0.043209358998865355,0.12887679399864282,False,all independently sampled candidates,86,uniform_random,11,91126053,98126053,,512,disease_to_no_disease,,,,
4,64,256,64,23,54,0.04450169000119786,0.17337848399984068,False,all independently sampled candidates,86,uniform_random,11,91126053,98126053,,512,disease_to_no_disease,,,,
5,64,320,64,21,75,0.0454012469999725,0.21877973099981318,False,all independently sampled candidates,86,uniform_random,11,91126053,98126053,,512,disease_to_no_disease,,,,
6,64,384,64,29,104,0.04844454699923517,0.26722427799904835,False,all independently sampled candidates,86,uniform_random,11,91126053,98126053,,512,disease_to_no_disease,,,,
7,64,448,64,24,128,0.045035181001367164,0.3122594590004155,False,all independently sampled candidates,86,uniform_random,11,91126053,98126053,,512,disease_to_no_disease,,,,
8,64,512,64,27,155,0.04638902399892686,0.3586484829993424,False,all independently sampled candidates,86,uniform_random,11,91126053,98126053,,512,disease_to_no_disease,,,,
1,64,64,64,6,6,0.04351062100067793,0.04351062100067793,True,all genetic population candidates,86,genetic_cfe,11,91126053,98126053,,512,disease_to_no_disease,,,,
2,64,128,64,29,35,0.042260281999915605,0.08577090300059353,True,all genetic population candidates,86,genetic_cfe,11,91126053,98126053,,512,disease_to_no_disease,,,,
3,64,192,64,45,78,0.044780504000300425,0.13055140700089396,True,all genetic population candidates,86,genetic_cfe,11,91126053,98126053,,512,disease_to_no_disease,,,,
4,64,256,64,54,130,0.049598244999288,0.18014965200018196,True,all genetic population candidates,86,genetic_cfe,11,91126053,98126053,,512,disease_to_no_disease,,,,
5,64,320,64,58,187,0.0517218020013388,0.23187145400152076,True,all genetic population candidates,86,genetic_cfe,11,91126053,98126053,,512,disease_to_no_disease,,,,
6,64,384,64,53,239,0.052642333999756374,0.28451378800127713,True,all genetic population candidates,86,genetic_cfe,11,91126053,98126053,,512,disease_to_no_disease,,,,
7,64,448,64,58,292,0.05515674599882914,0.3396705340001063,True,all genetic population candidates,86,genetic_cfe,11,91126053,98126053,,512,disease_to_no_disease,,,,
8,64,512,64,56,343,0.058293533000323805,0.3979640670004301,True,all genetic population candidates,86,genetic_cfe,11,91126053,98126053,,512,disease_to_no_disease,,,,
1,512,512,16,16,1,0.11785102499925415,0.11785102499925415,True,final restart pool only,86,dice_gradient_style,11,91126053,98126053,,512,disease_to_no_disease,31.0,16.0,16.0,31.0
1,512,512,16,16,1,0.11649059699993813,0.11649059699993813,True,final restart pool only,86,wachter_style,11,91126053,98126053,,512,disease_to_no_disease,31.0,16.0,16.0,31.0
1,64,64,64,4,4,0.041938461999961874,0.041938461999961874,False,all independently sampled candidates,87,uniform_random,11,92126056,99126056,,512,disease_to_no_disease,,,,
2,64,128,64,16,20,0.04252425999948173,0.0844627219994436,False,all independently sampled candidates,87,uniform_random,11,92126056,99126056,,512,disease_to_no_disease,,,,
3,64,192,64,18,38,0.045730832000117516,0.13019355399956112,False,all independently sampled candidates,87,uniform_random,11,92126056,99126056,,512,disease_to_no_disease,,,,
4,64,256,64,26,64,0.04517755999950168,0.1753711139990628,False,all independently sampled candidates,87,uniform_random,11,92126056,99126056,,512,disease_to_no_disease,,,,
5,64,320,64,17,81,0.0462662600002659,0.2216373739993287,False,all independently sampled candidates,87,uniform_random,11,92126056,99126056,,512,disease_to_no_disease,,,,
6,64,384,64,30,111,0.050622439999642665,0.27225981399897137,False,all independently sampled candidates,87,uniform_random,11,92126056,99126056,,512,disease_to_no_disease,,,,
7,64,448,64,26,137,0.04865546600012749,0.32091527999909886,False,all independently sampled candidates,87,uniform_random,11,92126056,99126056,,512,disease_to_no_disease,,,,
8,64,512,64,30,167,0.048945997999908286,0.36986127799900714,False,all independently sampled candidates,87,uniform_random,11,92126056,99126056,,512,disease_to_no_disease,,,,
1,64,64,64,4,4,0.04431912600011856,0.04431912600011856,True,all genetic population candidates,87,genetic_cfe,11,92126056,99126056,,512,disease_to_no_disease,,,,
2,64,128,64,20,24,0.04530076000082772,0.08961988600094628,True,all genetic population candidates,87,genetic_cfe,11,92126056,99126056,,512,disease_to_no_disease,,,,
3,64,192,64,47,70,0.04735994799921173,0.136979834000158,True,all genetic population candidates,87,genetic_cfe,11,92126056,99126056,,512,disease_to_no_disease,,,,
4,64,256,64,43,113,0.04877536899948609,0.1857552029996441,True,all genetic population candidates,87,genetic_cfe,11,92126056,99126056,,512,disease_to_no_disease,,,,
5,64,320,64,57,169,0.051463691001117695,0.2372188940007618,True,all genetic population candidates,87,genetic_cfe,11,92126056,99126056,,512,disease_to_no_disease,,,,
6,64,384,64,57,223,0.05374826699880941,0.2909671609995712,True,all genetic population candidates,87,genetic_cfe,11,92126056,99126056,,512,disease_to_no_disease,,,,
7,64,448,64,60,281,0.05503815300107817,0.3460053140006494,True,all genetic population candidates,87,genetic_cfe,11,92126056,99126056,,512,disease_to_no_disease,,,,
8,64,512,64,59,338,0.05899089199920127,0.40499620599985064,True,all genetic population candidates,87,genetic_cfe,11,92126056,99126056,,512,disease_to_no_disease,,,,
1,512,512,16,16,1,0.1167320140011725,0.1167320140011725,True,final restart pool only,87,dice_gradient_style,11,92126056,99126056,,512,disease_to_no_disease,31.0,16.0,16.0,31.0
1,512,512,16,16,1,0.10575534400049946,0.10575534400049946,True,final restart pool only,87,wachter_style,11,92126056,99126056,,512,disease_to_no_disease,31.0,16.0,16.0,31.0
1,64,64,64,8,8,0.04212197000015294,0.04212197000015294,False,all independently sampled candidates,88,uniform_random,11,93126059,100126059,,512,disease_to_no_disease,,,,
2,64,128,64,11,19,0.04194882400042843,0.08407079400058137,False,all independently sampled candidates,88,uniform_random,11,93126059,100126059,,512,disease_to_no_disease,,,,
3,64,192,64,14,33,0.04461879199880059,0.12868958599938196,False,all independently sampled candidates,88,uniform_random,11,93126059,100126059,,512,disease_to_no_disease,,,,
4,64,256,64,18,51,0.0432393540013436,0.17192894000072556,False,all independently sampled candidates,88,uniform_random,11,93126059,100126059,,512,disease_to_no_disease,,,,
5,64,320,64,22,73,0.045486945999073214,0.21741588599979877,False,all independently sampled candidates,88,uniform_random,11,93126059,100126059,,512,disease_to_no_disease,,,,
6,64,384,64,21,94,0.04568446099983703,0.2631003469996358,False,all independently sampled candidates,88,uniform_random,11,93126059,100126059,,512,disease_to_no_disease,,,,
7,64,448,61,19,113,0.04657057599979453,0.30967092299943033,False,all independently sampled candidates,88,uniform_random,11,93126059,100126059,,512,disease_to_no_disease,,,,
8,64,512,62,16,129,0.04793282100035867,0.357603743999789,False,all independently sampled candidates,88,uniform_random,11,93126059,100126059,,512,disease_to_no_disease,,,,
1,64,64,64,8,8,0.04500045500026317,0.04500045500026317,True,all genetic population candidates,88,genetic_cfe,11,93126059,100126059,,512,disease_to_no_disease,,,,
2,64,128,64,26,33,0.04464617399935378,0.08964662899961695,True,all genetic population candidates,88,genetic_cfe,11,93126059,100126059,,512,disease_to_no_disease,,,,
3,64,192,64,41,73,0.047552755000651814,0.13719938400026876,True,all genetic population candidates,88,genetic_cfe,11,93126059,100126059,,512,disease_to_no_disease,,,,
4,64,256,64,48,119,0.049853885000629816,0.18705326900089858,True,all genetic population candidates,88,genetic_cfe,11,93126059,100126059,,512,disease_to_no_disease,,,,
5,64,320,64,55,172,0.051398790999883204,0.23845206000078178,True,all genetic population candidates,88,genetic_cfe,11,93126059,100126059,,512,disease_to_no_disease,,,,
6,64,384,64,51,222,0.05285629599893582,0.2913083559997176,True,all genetic population candidates,88,genetic_cfe,11,93126059,100126059,,512,disease_to_no_disease,,,,
7,64,448,64,53,270,0.056019609999566455,0.34732796599928406,True,all genetic population candidates,88,genetic_cfe,11,93126059,100126059,,512,disease_to_no_disease,,,,
8,64,512,64,50,319,0.056136598001103266,0.4034645640003873,True,all genetic population candidates,88,genetic_cfe,11,93126059,100126059,,512,disease_to_no_disease,,,,
1,512,512,16,16,1,0.10875493100138556,0.10875493100138556,True,final restart pool only,88,dice_gradient_style,11,93126059,100126059,,512,disease_to_no_disease,31.0,16.0,16.0,31.0
1,512,512,16,16,1,0.10243497400006163,0.10243497400006163,True,final restart pool only,88,wachter_style,11,93126059,100126059,,512,disease_to_no_disease,31.0,16.0,16.0,31.0
1,64,64,64,3,3,0.04280899799960025,0.04280899799960025,False,all independently sampled candidates,89,uniform_random,11,94126062,101126062,,512,disease_to_no_disease,,,,
2,64,128,64,2,5,0.04249042599985842,0.08529942399945867,False,all independently sampled candidates,89,uniform_random,11,94126062,101126062,,512,disease_to_no_disease,,,,
3,64,192,64,6,11,0.04438861599919619,0.12968803999865486,False,all independently sampled candidates,89,uniform_random,11,94126062,101126062,,512,disease_to_no_disease,,,,
4,64,256,64,9,20,0.042599555001288536,0.1722875949999434,False,all independently sampled candidates,89,uniform_random,11,94126062,101126062,,512,disease_to_no_disease,,,,
5,64,320,64,13,33,0.044135352998637245,0.21642294799858064,False,all independently sampled candidates,89,uniform_random,11,94126062,101126062,,512,disease_to_no_disease,,,,
6,64,384,64,10,43,0.04410103500049445,0.2605239829990751,False,all independently sampled candidates,89,uniform_random,11,94126062,101126062,,512,disease_to_no_disease,,,,
7,64,448,64,20,63,0.04578355699959502,0.3063075399986701,False,all independently sampled candidates,89,uniform_random,11,94126062,101126062,,512,disease_to_no_disease,,,,
8,64,512,64,14,77,0.04343588900155737,0.3497434290002275,False,all independently sampled candidates,89,uniform_random,11,94126062,101126062,,512,disease_to_no_disease,,,,
1,64,64,64,3,3,0.0437961820007331,0.0437961820007331,True,all genetic population candidates,89,genetic_cfe,11,94126062,101126062,,512,disease_to_no_disease,,,,
2,64,128,64,10,13,0.04281419899962202,0.08661038100035512,True,all genetic population candidates,89,genetic_cfe,11,94126062,101126062,,512,disease_to_no_disease,,,,
3,64,192,64,34,47,0.04538899100043636,0.13199937200079148,True,all genetic population candidates,89,genetic_cfe,11,94126062,101126062,,512,disease_to_no_disease,,,,
4,64,256,64,41,85,0.0471086359993933,0.17910800800018478,True,all genetic population candidates,89,genetic_cfe,11,94126062,101126062,,512,disease_to_no_disease,,,,
5,64,320,64,51,133,0.04976434300078836,0.22887235100097314,True,all genetic population candidates,89,genetic_cfe,11,94126062,101126062,,512,disease_to_no_disease,,,,
6,64,384,64,49,178,0.05052040199916519,0.2793927530001383,True,all genetic population candidates,89,genetic_cfe,11,94126062,101126062,,512,disease_to_no_disease,,,,
7,64,448,64,58,233,0.054911295001147664,0.334304048001286,True,all genetic population candidates,89,genetic_cfe,11,94126062,101126062,,512,disease_to_no_disease,,,,
8,64,512,64,56,285,0.05440978699880361,0.3887138350000896,True,all genetic population candidates,89,genetic_cfe,11,94126062,101126062,,512,disease_to_no_disease,,,,
1,512,512,16,16,1,0.11208654699839826,0.11208654699839826,True,final restart pool only,89,dice_gradient_style,11,94126062,101126062,,512,disease_to_no_disease,31.0,16.0,16.0,31.0
1,512,512,16,16,1,0.1007998699988093,0.1007998699988093,True,final restart pool only,89,wachter_style,11,94126062,101126062,,512,disease_to_no_disease,31.0,16.0,16.0,31.0
1,64,64,64,4,4,0.043826998999065836,0.043826998999065836,False,all independently sampled candidates,90,uniform_random,11,95126065,102126065,,512,disease_to_no_disease,,,,
2,64,128,64,8,12,0.04436823700052628,0.08819523599959211,False,all independently sampled candidates,90,uniform_random,11,95126065,102126065,,512,disease_to_no_disease,,,,
3,64,192,64,18,30,0.04585787799987884,0.13405311399947095,False,all independently sampled candidates,90,uniform_random,11,95126065,102126065,,512,disease_to_no_disease,,,,
4,64,256,64,18,48,0.04534219900051539,0.17939531299998634,False,all independently sampled candidates,90,uniform_random,11,95126065,102126065,,512,disease_to_no_disease,,,,
5,64,320,64,17,65,0.047744829000293976,0.22714014200028032,False,all independently sampled candidates,90,uniform_random,11,95126065,102126065,,512,disease_to_no_disease,,,,
6,64,384,64,22,87,0.053364292998594465,0.2805044349988748,False,all independently sampled candidates,90,uniform_random,11,95126065,102126065,,512,disease_to_no_disease,,,,
7,64,448,64,26,113,0.04667898499974399,0.3271834199986188,False,all independently sampled candidates,90,uniform_random,11,95126065,102126065,,512,disease_to_no_disease,,,,
8,64,512,64,29,142,0.04542571999991196,0.37260913999853074,False,all independently sampled candidates,90,uniform_random,11,95126065,102126065,,512,disease_to_no_disease,,,,
1,64,64,64,4,4,0.04134018099830428,0.04134018099830428,True,all genetic population candidates,90,genetic_cfe,11,95126065,102126065,,512,disease_to_no_disease,,,,
2,64,128,64,16,19,0.04369529900031921,0.08503547999862349,True,all genetic population candidates,90,genetic_cfe,11,95126065,102126065,,512,disease_to_no_disease,,,,
3,64,192,64,39,56,0.044830254000771674,0.12986573399939516,True,all genetic population candidates,90,genetic_cfe,11,95126065,102126065,,512,disease_to_no_disease,,,,
4,64,256,64,50,102,0.047639054000683245,0.1775047880000784,True,all genetic population candidates,90,genetic_cfe,11,95126065,102126065,,512,disease_to_no_disease,,,,
5,64,320,64,55,153,0.04927515599956678,0.22677994399964518,True,all genetic population candidates,90,genetic_cfe,11,95126065,102126065,,512,disease_to_no_disease,,,,
6,64,384,64,58,205,0.0541653669988591,0.2809453109985043,True,all genetic population candidates,90,genetic_cfe,11,95126065,102126065,,512,disease_to_no_disease,,,,
7,64,448,64,58,261,0.055039038001268636,0.3359843489997729,True,all genetic population candidates,90,genetic_cfe,11,95126065,102126065,,512,disease_to_no_disease,,,,
8,64,512,64,60,317,0.05964931000016804,0.39563365899994096,True,all genetic population candidates,90,genetic_cfe,11,95126065,102126065,,512,disease_to_no_disease,,,,
1,512,512,16,16,1,0.11305249100041692,0.11305249100041692,True,final restart pool only,90,dice_gradient_style,11,95126065,102126065,,512,disease_to_no_disease,31.0,16.0,16.0,31.0
1,512,512,16,16,1,0.09849010499965516,0.09849010499965516,True,final restart pool only,90,wachter_style,11,95126065,102126065,,512,disease_to_no_disease,31.0,16.0,16.0,31.0
1,64,64,64,9,9,0.04447146500024246,0.04447146500024246,False,all independently sampled candidates,91,uniform_random,11,96126068,103126068,,512,disease_to_no_disease,,,,
2,64,128,64,7,16,0.043588405000264174,0.08805987000050663,False,all independently sampled candidates,91,uniform_random,11,96126068,103126068,,512,disease_to_no_disease,,,,
3,64,192,64,12,28,0.044024042999808444,0.13208391300031508,False,all independently sampled candidates,91,uniform_random,11,96126068,103126068,,512,disease_to_no_disease,,,,
4,64,256,64,20,48,0.04391874900102266,0.17600266200133774,False,all independently sampled candidates,91,uniform_random,11,96126068,103126068,,512,disease_to_no_disease,,,,
5,64,320,64,15,63,0.043692929999451735,0.21969559200078947,False,all independently sampled candidates,91,uniform_random,11,96126068,103126068,,512,disease_to_no_disease,,,,
6,64,384,64,17,80,0.04555737900045642,0.2652529710012459,False,all independently sampled candidates,91,uniform_random,11,96126068,103126068,,512,disease_to_no_disease,,,,
7,64,448,64,18,98,0.04683998799919209,0.312092959000438,False,all independently sampled candidates,91,uniform_random,11,96126068,103126068,,512,disease_to_no_disease,,,,
8,64,512,64,18,116,0.0452432130005036,0.3573361720009416,False,all independently sampled candidates,91,uniform_random,11,96126068,103126068,,512,disease_to_no_disease,,,,
1,64,64,64,9,9,0.044326825000098324,0.044326825000098324,True,all genetic population candidates,91,genetic_cfe,11,96126068,103126068,,512,disease_to_no_disease,,,,
2,64,128,64,21,29,0.0448390660003497,0.08916589100044803,True,all genetic population candidates,91,genetic_cfe,11,96126068,103126068,,512,disease_to_no_disease,,,,
3,64,192,64,49,72,0.04648890699900221,0.13565479799945024,True,all genetic population candidates,91,genetic_cfe,11,96126068,103126068,,512,disease_to_no_disease,,,,
4,64,256,64,56,126,0.05091053000069223,0.18656532800014247,True,all genetic population candidates,91,genetic_cfe,11,96126068,103126068,,512,disease_to_no_disease,,,,
5,64,320,64,55,176,0.052255243999752565,0.23882057199989504,True,all genetic population candidates,91,genetic_cfe,11,96126068,103126068,,512,disease_to_no_disease,,,,
6,64,384,64,57,230,0.055917679999765824,0.29473825199966086,True,all genetic population candidates,91,genetic_cfe,11,96126068,103126068,,512,disease_to_no_disease,,,,
7,64,448,64,54,277,0.05643114700069418,0.35116939900035504,True,all genetic population candidates,91,genetic_cfe,11,96126068,103126068,,512,disease_to_no_disease,,,,
8,64,512,64,61,334,0.05890137899950787,0.4100707779998629,True,all genetic population candidates,91,genetic_cfe,11,96126068,103126068,,512,disease_to_no_disease,,,,
1,512,512,16,16,1,0.11016174699943804,0.11016174699943804,True,final restart pool only,91,dice_gradient_style,11,96126068,103126068,,512,disease_to_no_disease,31.0,16.0,16.0,31.0
1,512,512,16,16,1,0.10395055200024217,0.10395055200024217,True,final restart pool only,91,wachter_style,11,96126068,103126068,,512,disease_to_no_disease,31.0,16.0,16.0,31.0
1,64,64,64,9,9,0.042032981999000185,0.042032981999000185,False,all independently sampled candidates,92,uniform_random,11,97126071,104126071,,512,disease_to_no_disease,,,,
2,64,128,64,17,26,0.04282419999981357,0.08485718199881376,False,all independently sampled candidates,92,uniform_random,11,97126071,104126071,,512,disease_to_no_disease,,,,
3,64,192,64,17,43,0.0441964760011615,0.12905365799997526,False,all independently sampled candidates,92,uniform_random,11,97126071,104126071,,512,disease_to_no_disease,,,,
4,64,256,64,12,55,0.04526235899902531,0.17431601699900057,False,all independently sampled candidates,92,uniform_random,11,97126071,104126071,,512,disease_to_no_disease,,,,
5,64,320,64,22,77,0.04704771000069741,0.22136372699969797,False,all independently sampled candidates,92,uniform_random,11,97126071,104126071,,512,disease_to_no_disease,,,,
6,64,384,64,18,95,0.043756736999057466,0.26512046399875544,False,all independently sampled candidates,92,uniform_random,11,97126071,104126071,,512,disease_to_no_disease,,,,
7,64,448,64,28,123,0.04529423100029817,0.3104146949990536,False,all independently sampled candidates,92,uniform_random,11,97126071,104126071,,512,disease_to_no_disease,,,,
8,64,512,64,25,148,0.04562261200044304,0.35603730699949665,False,all independently sampled candidates,92,uniform_random,11,97126071,104126071,,512,disease_to_no_disease,,,,
1,64,64,64,9,9,0.04291027599902009,0.04291027599902009,True,all genetic population candidates,92,genetic_cfe,11,97126071,104126071,,512,disease_to_no_disease,,,,
2,64,128,64,18,26,0.04464899200138461,0.0875592680004047,True,all genetic population candidates,92,genetic_cfe,11,97126071,104126071,,512,disease_to_no_disease,,,,
3,64,192,64,36,61,0.046266490999187226,0.13382575899959193,True,all genetic population candidates,92,genetic_cfe,11,97126071,104126071,,512,disease_to_no_disease,,,,
4,64,256,64,44,105,0.04718011099976138,0.1810058699993533,True,all genetic population candidates,92,genetic_cfe,11,97126071,104126071,,512,disease_to_no_disease,,,,
5,64,320,64,53,156,0.051087241001368966,0.23209311100072227,True,all genetic population candidates,92,genetic_cfe,11,97126071,104126071,,512,disease_to_no_disease,,,,
6,64,384,64,57,211,0.051539286998377065,0.28363239799909934,True,all genetic population candidates,92,genetic_cfe,11,97126071,104126071,,512,disease_to_no_disease,,,,
7,64,448,64,54,264,0.05302117800056294,0.3366535759996623,True,all genetic population candidates,92,genetic_cfe,11,97126071,104126071,,512,disease_to_no_disease,,,,
8,64,512,64,50,309,0.05484783000065363,0.3915014060003159,True,all genetic population candidates,92,genetic_cfe,11,97126071,104126071,,512,disease_to_no_disease,,,,
1,512,512,16,16,1,0.1132440380006301,0.1132440380006301,True,final restart pool only,92,dice_gradient_style,11,97126071,104126071,,512,disease_to_no_disease,31.0,16.0,16.0,31.0
1,512,512,16,16,1,0.1049646980009129,0.1049646980009129,True,final restart pool only,92,wachter_style,11,97126071,104126071,,512,disease_to_no_disease,31.0,16.0,16.0,31.0
1,64,64,64,10,10,0.04290548299832153,0.04290548299832153,False,all independently sampled candidates,93,uniform_random,11,98126074,105126074,,512,disease_to_no_disease,,,,
2,64,128,64,21,31,0.04256759000054444,0.08547307299886597,False,all independently sampled candidates,93,uniform_random,11,98126074,105126074,,512,disease_to_no_disease,,,,
3,64,192,64,19,50,0.04440924300070037,0.12988231599956634,False,all independently sampled candidates,93,uniform_random,11,98126074,105126074,,512,disease_to_no_disease,,,,
4,64,256,64,18,68,0.04302631999962614,0.17290863599919248,False,all independently sampled candidates,93,uniform_random,11,98126074,105126074,,512,disease_to_no_disease,,,,
5,64,320,64,23,91,0.04287656300039089,0.21578519899958337,False,all independently sampled candidates,93,uniform_random,11,98126074,105126074,,512,disease_to_no_disease,,,,
6,64,384,64,29,120,0.047249090999684995,0.26303428999926837,False,all independently sampled candidates,93,uniform_random,11,98126074,105126074,,512,disease_to_no_disease,,,,
7,64,448,64,22,142,0.04570471000079124,0.3087390000000596,False,all independently sampled candidates,93,uniform_random,11,98126074,105126074,,512,disease_to_no_disease,,,,
8,64,512,64,23,165,0.04528282299907005,0.35402182299912965,False,all independently sampled candidates,93,uniform_random,11,98126074,105126074,,512,disease_to_no_disease,,,,
1,64,64,64,10,10,0.043447909998576506,0.043447909998576506,True,all genetic population candidates,93,genetic_cfe,11,98126074,105126074,,512,disease_to_no_disease,,,,
2,64,128,64,29,37,0.04619413600084954,0.08964204599942605,True,all genetic population candidates,93,genetic_cfe,11,98126074,105126074,,512,disease_to_no_disease,,,,
3,64,192,64,48,85,0.05368393100070534,0.1433259770001314,True,all genetic population candidates,93,genetic_cfe,11,98126074,105126074,,512,disease_to_no_disease,,,,
4,64,256,64,55,137,0.059627306000038516,0.2029532830001699,True,all genetic population candidates,93,genetic_cfe,11,98126074,105126074,,512,disease_to_no_disease,,,,
5,64,320,64,57,192,0.06335147099889582,0.2663047539990657,True,all genetic population candidates,93,genetic_cfe,11,98126074,105126074,,512,disease_to_no_disease,,,,
6,64,384,64,57,245,0.0662404280010378,0.3325451820001035,True,all genetic population candidates,93,genetic_cfe,11,98126074,105126074,,512,disease_to_no_disease,,,,
7,64,448,64,59,299,0.06814923199999612,0.40069441400009964,True,all genetic population candidates,93,genetic_cfe,11,98126074,105126074,,512,disease_to_no_disease,,,,
8,64,512,64,56,349,0.06657531699966057,0.4672697309997602,True,all genetic population candidates,93,genetic_cfe,11,98126074,105126074,,512,disease_to_no_disease,,,,
1,512,512,16,16,1,0.10842736700033129,0.10842736700033129,True,final restart pool only,93,dice_gradient_style,11,98126074,105126074,,512,disease_to_no_disease,31.0,16.0,16.0,31.0
1,512,512,16,16,1,0.10137783199934347,0.10137783199934347,True,final restart pool only,93,wachter_style,11,98126074,105126074,,512,disease_to_no_disease,31.0,16.0,16.0,31.0
1,64,64,64,6,6,0.041894920001141145,0.041894920001141145,False,all independently sampled candidates,94,uniform_random,11,99126077,106126077,,512,disease_to_no_disease,,,,
2,64,128,64,11,17,0.04145658800007368,0.08335150800121482,False,all independently sampled candidates,94,uniform_random,11,99126077,106126077,,512,disease_to_no_disease,,,,
3,64,192,64,19,36,0.04301068799941277,0.1263621960006276,False,all independently sampled candidates,94,uniform_random,11,99126077,106126077,,512,disease_to_no_disease,,,,
4,64,256,64,12,48,0.042873790000157896,0.1692359860007855,False,all independently sampled candidates,94,uniform_random,11,99126077,106126077,,512,disease_to_no_disease,,,,
5,64,320,64,17,65,0.0425698069993814,0.2118057930001669,False,all independently sampled candidates,94,uniform_random,11,99126077,106126077,,512,disease_to_no_disease,,,,
6,64,384,64,13,78,0.04353928599994106,0.25534507900010794,False,all independently sampled candidates,94,uniform_random,11,99126077,106126077,,512,disease_to_no_disease,,,,
7,64,448,64,19,97,0.04443030200127396,0.2997753810013819,False,all independently sampled candidates,94,uniform_random,11,99126077,106126077,,512,disease_to_no_disease,,,,
8,64,512,64,26,123,0.04648064099819749,0.3462560219995794,False,all independently sampled candidates,94,uniform_random,11,99126077,106126077,,512,disease_to_no_disease,,,,
1,64,64,64,6,6,0.044905578999532736,0.044905578999532736,True,all genetic population candidates,94,genetic_cfe,11,99126077,106126077,,512,disease_to_no_disease,,,,
2,64,128,64,21,26,0.042784097999174264,0.087689676998707,True,all genetic population candidates,94,genetic_cfe,11,99126077,106126077,,512,disease_to_no_disease,,,,
3,64,192,64,39,63,0.04331233000084467,0.13100200699955167,True,all genetic population candidates,94,genetic_cfe,11,99126077,106126077,,512,disease_to_no_disease,,,,
4,64,256,64,52,114,0.045390190000034636,0.1763921969995863,True,all genetic population candidates,94,genetic_cfe,11,99126077,106126077,,512,disease_to_no_disease,,,,
5,64,320,64,59,170,0.05047420300070371,0.22686640000029,True,all genetic population candidates,94,genetic_cfe,11,99126077,106126077,,512,disease_to_no_disease,,,,
6,64,384,64,56,224,0.052127176999420044,0.27899357699971006,True,all genetic population candidates,94,genetic_cfe,11,99126077,106126077,,512,disease_to_no_disease,,,,
7,64,448,64,57,279,0.05424007200053893,0.333233649000249,True,all genetic population candidates,94,genetic_cfe,11,99126077,106126077,,512,disease_to_no_disease,,,,
8,64,512,64,55,334,0.0568427279995376,0.3900763769997866,True,all genetic population candidates,94,genetic_cfe,11,99126077,106126077,,512,disease_to_no_disease,,,,
1,512,512,16,16,1,0.10653730899866787,0.10653730899866787,True,final restart pool only,94,dice_gradient_style,11,99126077,106126077,,512,disease_to_no_disease,31.0,16.0,16.0,31.0
1,512,512,16,16,1,0.10537650300102541,0.10537650300102541,True,final restart pool only,94,wachter_style,11,99126077,106126077,,512,disease_to_no_disease,31.0,16.0,16.0,31.0
1,64,64,64,7,7,0.044419632000426645,0.044419632000426645,False,all independently sampled candidates,95,uniform_random,11,100126080,107126080,,512,disease_to_no_disease,,,,
2,64,128,64,14,21,0.04356986199854873,0.08798949399897538,False,all independently sampled candidates,95,uniform_random,11,100126080,107126080,,512,disease_to_no_disease,,,,
3,64,192,64,18,39,0.06684069900074974,0.1548301929997251,False,all independently sampled candidates,95,uniform_random,11,100126080,107126080,,512,disease_to_no_disease,,,,
4,64,256,64,20,59,0.050606025999513804,0.20543621899923892,False,all independently sampled candidates,95,uniform_random,11,100126080,107126080,,512,disease_to_no_disease,,,,
5,64,320,64,23,82,0.04492475799997919,0.2503609769992181,False,all independently sampled candidates,95,uniform_random,11,100126080,107126080,,512,disease_to_no_disease,,,,
6,64,384,64,21,103,0.044756586001312826,0.29511756300053094,False,all independently sampled candidates,95,uniform_random,11,100126080,107126080,,512,disease_to_no_disease,,,,
7,64,448,64,28,131,0.04565931999968598,0.3407768830002169,False,all independently sampled candidates,95,uniform_random,11,100126080,107126080,,512,disease_to_no_disease,,,,
8,64,512,64,27,158,0.047256624999135965,0.3880335079993529,False,all independently sampled candidates,95,uniform_random,11,100126080,107126080,,512,disease_to_no_disease,,,,
1,64,64,64,7,7,0.051505482999345986,0.051505482999345986,True,all genetic population candidates,95,genetic_cfe,11,100126080,107126080,,512,disease_to_no_disease,,,,
2,64,128,64,23,29,0.05223216700142075,0.10373765000076673,True,all genetic population candidates,95,genetic_cfe,11,100126080,107126080,,512,disease_to_no_disease,,,,
3,64,192,64,43,72,0.05528298099852691,0.15902063099929364,True,all genetic population candidates,95,genetic_cfe,11,100126080,107126080,,512,disease_to_no_disease,,,,
4,64,256,64,54,124,0.04805882400069095,0.2070794549999846,True,all genetic population candidates,95,genetic_cfe,11,100126080,107126080,,512,disease_to_no_disease,,,,
5,64,320,64,54,176,0.048878855999646476,0.25595831099963107,True,all genetic population candidates,95,genetic_cfe,11,100126080,107126080,,512,disease_to_no_disease,,,,
6,64,384,64,48,221,0.052779789999476634,0.3087381009991077,True,all genetic population candidates,95,genetic_cfe,11,100126080,107126080,,512,disease_to_no_disease,,,,
7,64,448,64,54,273,0.05629023000074085,0.36502833099984855,True,all genetic population candidates,95,genetic_cfe,11,100126080,107126080,,512,disease_to_no_disease,,,,
8,64,512,64,54,327,0.06020051400082593,0.4252288450006745,True,all genetic population candidates,95,genetic_cfe,11,100126080,107126080,,512,disease_to_no_disease,,,,
1,512,512,16,16,1,0.11191011299888487,0.11191011299888487,True,final restart pool only,95,dice_gradient_style,11,100126080,107126080,,512,disease_to_no_disease,31.0,16.0,16.0,31.0
1,512,512,16,16,1,0.10115750200020557,0.10115750200020557,True,final restart pool only,95,wachter_style,11,100126080,107126080,,512,disease_to_no_disease,31.0,16.0,16.0,31.0
1,64,64,64,9,9,0.041773787001147866,0.041773787001147866,False,all independently sampled candidates,96,uniform_random,11,101126083,108126083,,512,disease_to_no_disease,,,,
2,64,128,64,11,20,0.043463635998705286,0.08523742299985315,False,all independently sampled candidates,96,uniform_random,11,101126083,108126083,,512,disease_to_no_disease,,,,
3,64,192,64,15,35,0.04801898900041124,0.1332564120002644,False,all independently sampled candidates,96,uniform_random,11,101126083,108126083,,512,disease_to_no_disease,,,,
4,64,256,64,16,51,0.04666891300075804,0.17992532500102243,False,all independently sampled candidates,96,uniform_random,11,101126083,108126083,,512,disease_to_no_disease,,,,
5,64,320,64,21,72,0.04597574099898338,0.2259010660000058,False,all independently sampled candidates,96,uniform_random,11,101126083,108126083,,512,disease_to_no_disease,,,,
6,64,384,64,25,97,0.04524780600149825,0.27114887200150406,False,all independently sampled candidates,96,uniform_random,11,101126083,108126083,,512,disease_to_no_disease,,,,
7,64,448,63,27,124,0.045094010998582235,0.3162428830000863,False,all independently sampled candidates,96,uniform_random,11,101126083,108126083,,512,disease_to_no_disease,,,,
8,64,512,64,26,150,0.04522375600026862,0.3614666390003549,False,all independently sampled candidates,96,uniform_random,11,101126083,108126083,,512,disease_to_no_disease,,,,
1,64,64,64,9,9,0.04316577200006577,0.04316577200006577,True,all genetic population candidates,96,genetic_cfe,11,101126083,108126083,,512,disease_to_no_disease,,,,
2,64,128,64,29,38,0.04211162899991905,0.08527740099998482,True,all genetic population candidates,96,genetic_cfe,11,101126083,108126083,,512,disease_to_no_disease,,,,
3,64,192,64,36,71,0.04476468499888142,0.13004208599886624,True,all genetic population candidates,96,genetic_cfe,11,101126083,108126083,,512,disease_to_no_disease,,,,
4,64,256,64,56,122,0.046468765000099665,0.1765108509989659,True,all genetic population candidates,96,genetic_cfe,11,101126083,108126083,,512,disease_to_no_disease,,,,
5,64,320,64,49,168,0.047756762000062736,0.22426761299902864,True,all genetic population candidates,96,genetic_cfe,11,101126083,108126083,,512,disease_to_no_disease,,,,
6,64,384,64,56,221,0.05246484800045437,0.276732460999483,True,all genetic population candidates,96,genetic_cfe,11,101126083,108126083,,512,disease_to_no_disease,,,,
7,64,448,64,55,274,0.055884887999127386,0.3326173489986104,True,all genetic population candidates,96,genetic_cfe,11,101126083,108126083,,512,disease_to_no_disease,,,,
8,64,512,64,57,325,0.05833813600111171,0.3909554849997221,True,all genetic population candidates,96,genetic_cfe,11,101126083,108126083,,512,disease_to_no_disease,,,,
1,512,512,16,16,1,0.11402460399949632,0.11402460399949632,True,final restart pool only,96,dice_gradient_style,11,101126083,108126083,,512,disease_to_no_disease,31.0,16.0,16.0,31.0
1,512,512,16,16,1,0.1046057439998549,0.1046057439998549,True,final restart pool only,96,wachter_style,11,101126083,108126083,,512,disease_to_no_disease,31.0,16.0,16.0,31.0
1,64,64,64,14,14,0.04476241500015021,0.04476241500015021,False,all independently sampled candidates,97,uniform_random,11,102126086,109126086,,512,disease_to_no_disease,,,,
2,64,128,64,18,32,0.04507922300035716,0.08984163800050737,False,all independently sampled candidates,97,uniform_random,11,102126086,109126086,,512,disease_to_no_disease,,,,
3,64,192,64,20,52,0.0424070169992774,0.13224865499978478,False,all independently sampled candidates,97,uniform_random,11,102126086,109126086,,512,disease_to_no_disease,,,,
4,64,256,64,24,76,0.04575674199986679,0.17800539699965157,False,all independently sampled candidates,97,uniform_random,11,102126086,109126086,,512,disease_to_no_disease,,,,
5,64,320,64,31,107,0.04585862000021734,0.2238640169998689,False,all independently sampled candidates,97,uniform_random,11,102126086,109126086,,512,disease_to_no_disease,,,,
6,64,384,64,30,137,0.04597018700042099,0.2698342040002899,False,all independently sampled candidates,97,uniform_random,11,102126086,109126086,,512,disease_to_no_disease,,,,
7,64,448,64,26,163,0.045131818998925155,0.31496602299921506,False,all independently sampled candidates,97,uniform_random,11,102126086,109126086,,512,disease_to_no_disease,,,,
8,64,512,64,29,192,0.0464854000001651,0.36145142299938016,False,all independently sampled candidates,97,uniform_random,11,102126086,109126086,,512,disease_to_no_disease,,,,
1,64,64,64,14,14,0.04424528299932717,0.04424528299932717,True,all genetic population candidates,97,genetic_cfe,11,102126086,109126086,,512,disease_to_no_disease,,,,
2,64,128,64,38,51,0.04464412800007267,0.08888941099939984,True,all genetic population candidates,97,genetic_cfe,11,102126086,109126086,,512,disease_to_no_disease,,,,
3,64,192,64,54,100,0.04815645900089294,0.13704587000029278,True,all genetic population candidates,97,genetic_cfe,11,102126086,109126086,,512,disease_to_no_disease,,,,
4,64,256,64,56,153,0.050097769000785775,0.18714363900107855,True,all genetic population candidates,97,genetic_cfe,11,102126086,109126086,,512,disease_to_no_disease,,,,
5,64,320,64,59,204,0.0563451919988438,0.24348883099992236,True,all genetic population candidates,97,genetic_cfe,11,102126086,109126086,,512,disease_to_no_disease,,,,
6,64,384,64,58,257,0.061630686999706086,0.30511951799962844,True,all genetic population candidates,97,genetic_cfe,11,102126086,109126086,,512,disease_to_no_disease,,,,
7,64,448,64,60,311,0.06729116499991505,0.3724106829995435,True,all genetic population candidates,97,genetic_cfe,11,102126086,109126086,,512,disease_to_no_disease,,,,
8,64,512,64,55,362,0.0629214510008751,0.4353321340004186,True,all genetic population candidates,97,genetic_cfe,11,102126086,109126086,,512,disease_to_no_disease,,,,
1,512,512,16,16,1,0.11680745800003933,0.11680745800003933,True,final restart pool only,97,dice_gradient_style,11,102126086,109126086,,512,disease_to_no_disease,31.0,16.0,16.0,31.0
1,512,512,16,16,1,0.10717957800079603,0.10717957800079603,True,final restart pool only,97,wachter_style,11,102126086,109126086,,512,disease_to_no_disease,31.0,16.0,16.0,31.0
1,64,64,64,1,1,0.04351125500033959,0.04351125500033959,False,all independently sampled candidates,98,uniform_random,11,103126089,110126089,,512,disease_to_no_disease,,,,
2,64,128,64,5,6,0.04297600099926058,0.08648725599960017,False,all independently sampled candidates,98,uniform_random,11,103126089,110126089,,512,disease_to_no_disease,,,,
3,64,192,64,17,23,0.04420855200078222,0.13069580800038239,False,all independently sampled candidates,98,uniform_random,11,103126089,110126089,,512,disease_to_no_disease,,,,
4,64,256,64,17,40,0.044578266999451444,0.17527407499983383,False,all independently sampled candidates,98,uniform_random,11,103126089,110126089,,512,disease_to_no_disease,,,,
5,64,320,64,18,58,0.04404674199940928,0.2193208169992431,False,all independently sampled candidates,98,uniform_random,11,103126089,110126089,,512,disease_to_no_disease,,,,
6,64,384,64,26,84,0.04722762100027467,0.2665484379995178,False,all independently sampled candidates,98,uniform_random,11,103126089,110126089,,512,disease_to_no_disease,,,,
7,64,448,64,22,106,0.04782347100081097,0.31437190900032874,False,all independently sampled candidates,98,uniform_random,11,103126089,110126089,,512,disease_to_no_disease,,,,
8,64,512,64,32,138,0.0487543569997797,0.36312626600010844,False,all independently sampled candidates,98,uniform_random,11,103126089,110126089,,512,disease_to_no_disease,,,,
1,64,64,64,1,1,0.04273850099889387,0.04273850099889387,True,all genetic population candidates,98,genetic_cfe,11,103126089,110126089,,512,disease_to_no_disease,,,,
2,64,128,64,3,4,0.04239208700164454,0.08513058800053841,True,all genetic population candidates,98,genetic_cfe,11,103126089,110126089,,512,disease_to_no_disease,,,,
3,64,192,64,14,18,0.045436623999194126,0.13056721199973254,True,all genetic population candidates,98,genetic_cfe,11,103126089,110126089,,512,disease_to_no_disease,,,,
4,64,256,64,33,49,0.04568834100064123,0.17625555300037377,True,all genetic population candidates,98,genetic_cfe,11,103126089,110126089,,512,disease_to_no_disease,,,,
5,64,320,64,42,91,0.045531177000157186,0.22178673000053095,True,all genetic population candidates,98,genetic_cfe,11,103126089,110126089,,512,disease_to_no_disease,,,,
6,64,384,64,53,143,0.04956611599845928,0.27135284599899023,True,all genetic population candidates,98,genetic_cfe,11,103126089,110126089,,512,disease_to_no_disease,,,,
7,64,448,64,62,203,0.05283041300026525,0.3241832589992555,True,all genetic population candidates,98,genetic_cfe,11,103126089,110126089,,512,disease_to_no_disease,,,,
8,64,512,64,59,257,0.05570417600029032,0.3798874349995458,True,all genetic population candidates,98,genetic_cfe,11,103126089,110126089,,512,disease_to_no_disease,,,,
1,512,512,16,16,1,0.1066030439997121,0.1066030439997121,True,final restart pool only,98,dice_gradient_style,11,103126089,110126089,,512,disease_to_no_disease,31.0,16.0,16.0,31.0
1,512,512,16,16,1,0.10075090999998793,0.10075090999998793,True,final restart pool only,98,wachter_style,11,103126089,110126089,,512,disease_to_no_disease,31.0,16.0,16.0,31.0
1,64,64,64,18,18,0.04259187000025122,0.04259187000025122,False,all independently sampled candidates,99,uniform_random,11,104126092,111126092,,512,disease_to_no_disease,,,,
2,64,128,64,19,37,0.04390752499966766,0.08649939499991888,False,all independently sampled candidates,99,uniform_random,11,104126092,111126092,,512,disease_to_no_disease,,,,
3,64,192,64,29,66,0.04508705099942745,0.13158644599934632,False,all independently sampled candidates,99,uniform_random,11,104126092,111126092,,512,disease_to_no_disease,,,,
4,64,256,64,23,89,0.04347180100012338,0.1750582469994697,False,all independently sampled candidates,99,uniform_random,11,104126092,111126092,,512,disease_to_no_disease,,,,
5,64,320,64,30,119,0.04566911800066009,0.2207273650001298,False,all independently sampled candidates,99,uniform_random,11,104126092,111126092,,512,disease_to_no_disease,,,,
6,64,384,64,30,149,0.04824964299950807,0.26897700799963786,False,all independently sampled candidates,99,uniform_random,11,104126092,111126092,,512,disease_to_no_disease,,,,
7,64,448,64,34,183,0.04784871700030635,0.3168257249999442,False,all independently sampled candidates,99,uniform_random,11,104126092,111126092,,512,disease_to_no_disease,,,,
8,64,512,64,29,212,0.04684141399957298,0.3636671389995172,False,all independently sampled candidates,99,uniform_random,11,104126092,111126092,,512,disease_to_no_disease,,,,
1,64,64,64,18,18,0.042052167998917866,0.042052167998917866,True,all genetic population candidates,99,genetic_cfe,11,104126092,111126092,,512,disease_to_no_disease,,,,
2,64,128,64,36,53,0.04803276300117432,0.09008493100009218,True,all genetic population candidates,99,genetic_cfe,11,104126092,111126092,,512,disease_to_no_disease,,,,
3,64,192,64,45,95,0.050739316999170114,0.1408242479992623,True,all genetic population candidates,99,genetic_cfe,11,104126092,111126092,,512,disease_to_no_disease,,,,
4,64,256,64,51,144,0.053913957000986557,0.19473820500024885,True,all genetic population candidates,99,genetic_cfe,11,104126092,111126092,,512,disease_to_no_disease,,,,
5,64,320,64,55,198,0.051960257998871384,0.24669846299912024,True,all genetic population candidates,99,genetic_cfe,11,104126092,111126092,,512,disease_to_no_disease,,,,
6,64,384,64,52,248,0.05395464899993385,0.3006531119990541,True,all genetic population candidates,99,genetic_cfe,11,104126092,111126092,,512,disease_to_no_disease,,,,
7,64,448,64,57,304,0.05603782500111265,0.35669093700016674,True,all genetic population candidates,99,genetic_cfe,11,104126092,111126092,,512,disease_to_no_disease,,,,
8,64,512,64,58,359,0.058623619999707444,0.4153145569998742,True,all genetic population candidates,99,genetic_cfe,11,104126092,111126092,,512,disease_to_no_disease,,,,
1,512,512,16,16,1,0.14092216800054302,0.14092216800054302,True,final restart pool only,99,dice_gradient_style,11,104126092,111126092,,512,disease_to_no_disease,31.0,16.0,16.0,31.0
1,512,512,16,16,1,0.10214886399990064,0.10214886399990064,True,final restart pool only,99,wachter_style,11,104126092,111126092,,512,disease_to_no_disease,31.0,16.0,16.0,31.0
1,64,64,64,36,36,0.04503775400007726,0.04503775400007726,False,all independently sampled candidates,100,uniform_random,11,105126095,112126095,,512,no_disease_to_disease,,,,
2,64,128,64,28,64,0.04437557500023104,0.0894133290003083,False,all independently sampled candidates,100,uniform_random,11,105126095,112126095,,512,no_disease_to_disease,,,,
3,64,192,64,32,96,0.0465179699986038,0.1359312989989121,False,all independently sampled candidates,100,uniform_random,11,105126095,112126095,,512,no_disease_to_disease,,,,
4,64,256,64,31,127,0.047652823999669636,0.18358412299858173,False,all independently sampled candidates,100,uniform_random,11,105126095,112126095,,512,no_disease_to_disease,,,,
5,64,320,64,28,155,0.045259656000780524,0.22884377899936226,False,all independently sampled candidates,100,uniform_random,11,105126095,112126095,,512,no_disease_to_disease,,,,
6,64,384,64,33,188,0.04901955499917676,0.277863333998539,False,all independently sampled candidates,100,uniform_random,11,105126095,112126095,,512,no_disease_to_disease,,,,
7,64,448,64,22,210,0.04788330200062774,0.32574663599916676,False,all independently sampled candidates,100,uniform_random,11,105126095,112126095,,512,no_disease_to_disease,,,,
8,64,512,64,34,244,0.0485385709998809,0.37428520699904766,False,all independently sampled candidates,100,uniform_random,11,105126095,112126095,,512,no_disease_to_disease,,,,
1,64,64,64,36,36,0.04315862499970535,0.04315862499970535,True,all genetic population candidates,100,genetic_cfe,11,105126095,112126095,,512,no_disease_to_disease,,,,
2,64,128,64,48,80,0.046229479999965406,0.08938810499967076,True,all genetic population candidates,100,genetic_cfe,11,105126095,112126095,,512,no_disease_to_disease,,,,
3,64,192,64,54,132,0.04765044200030388,0.13703854699997464,True,all genetic population candidates,100,genetic_cfe,11,105126095,112126095,,512,no_disease_to_disease,,,,
4,64,256,64,58,187,0.051105132999509806,0.18814367999948445,True,all genetic population candidates,100,genetic_cfe,11,105126095,112126095,,512,no_disease_to_disease,,,,
5,64,320,64,57,241,0.05149640499985253,0.23964008499933698,True,all genetic population candidates,100,genetic_cfe,11,105126095,112126095,,512,no_disease_to_disease,,,,
6,64,384,64,53,291,0.055344057000183966,0.29498414199952094,True,all genetic population candidates,100,genetic_cfe,11,105126095,112126095,,512,no_disease_to_disease,,,,
7,64,448,64,52,340,0.06037423099951411,0.35535837299903505,True,all genetic population candidates,100,genetic_cfe,11,105126095,112126095,,512,no_disease_to_disease,,,,
8,64,512,64,55,393,0.06061414700161549,0.41597252000065055,True,all genetic population candidates,100,genetic_cfe,11,105126095,112126095,,512,no_disease_to_disease,,,,
1,512,512,16,16,1,0.10764684799869428,0.10764684799869428,True,final restart pool only,100,dice_gradient_style,11,105126095,112126095,,512,no_disease_to_disease,31.0,16.0,16.0,31.0
1,512,512,16,16,1,0.0977040699999634,0.0977040699999634,True,final restart pool only,100,wachter_style,11,105126095,112126095,,512,no_disease_to_disease,31.0,16.0,16.0,31.0
1,64,64,64,17,17,0.043448014999739826,0.043448014999739826,False,all independently sampled candidates,101,uniform_random,11,106126098,113126098,,512,no_disease_to_disease,,,,
2,64,128,64,29,46,0.04446589600047446,0.08791391100021428,False,all independently sampled candidates,101,uniform_random,11,106126098,113126098,,512,no_disease_to_disease,,,,
3,64,192,64,33,79,0.043877823000002536,0.13179173400021682,False,all independently sampled candidates,101,uniform_random,11,106126098,113126098,,512,no_disease_to_disease,,,,
4,64,256,64,25,104,0.04412354299893195,0.17591527699914877,False,all independently sampled candidates,101,uniform_random,11,106126098,113126098,,512,no_disease_to_disease,,,,
5,64,320,64,22,126,0.045170715000494965,0.22108599199964374,False,all independently sampled candidates,101,uniform_random,11,106126098,113126098,,512,no_disease_to_disease,,,,
6,64,384,64,22,148,0.04459418599981291,0.26568017799945665,False,all independently sampled candidates,101,uniform_random,11,106126098,113126098,,512,no_disease_to_disease,,,,
7,64,448,63,20,168,0.04638617100135889,0.31206634900081553,False,all independently sampled candidates,101,uniform_random,11,106126098,113126098,,512,no_disease_to_disease,,,,
8,64,512,64,26,194,0.04740187999959744,0.359468229000413,False,all independently sampled candidates,101,uniform_random,11,106126098,113126098,,512,no_disease_to_disease,,,,
1,64,64,64,17,17,0.044793781999032944,0.044793781999032944,True,all genetic population candidates,101,genetic_cfe,11,106126098,113126098,,512,no_disease_to_disease,,,,
2,64,128,64,38,53,0.04472135800097021,0.08951514000000316,True,all genetic population candidates,101,genetic_cfe,11,106126098,113126098,,512,no_disease_to_disease,,,,
3,64,192,64,49,99,0.047022257998833084,0.13653739799883624,True,all genetic population candidates,101,genetic_cfe,11,106126098,113126098,,512,no_disease_to_disease,,,,
4,64,256,64,47,145,0.04717296600028931,0.18371036399912555,True,all genetic population candidates,101,genetic_cfe,11,106126098,113126098,,512,no_disease_to_disease,,,,
5,64,320,64,52,193,0.05202528300105769,0.23573564700018323,True,all genetic population candidates,101,genetic_cfe,11,106126098,113126098,,512,no_disease_to_disease,,,,
6,64,384,64,51,241,0.05501115999868489,0.2907468069988681,True,all genetic population candidates,101,genetic_cfe,11,106126098,113126098,,512,no_disease_to_disease,,,,
7,64,448,64,61,300,0.05772502500076371,0.34847183199963183,True,all genetic population candidates,101,genetic_cfe,11,106126098,113126098,,512,no_disease_to_disease,,,,
8,64,512,64,48,346,0.05717019099938625,0.4056420229990181,True,all genetic population candidates,101,genetic_cfe,11,106126098,113126098,,512,no_disease_to_disease,,,,
1,512,512,16,16,1,0.10849963300097443,0.10849963300097443,True,final restart pool only,101,dice_gradient_style,11,106126098,113126098,,512,no_disease_to_disease,31.0,16.0,16.0,31.0
1,512,512,16,16,1,0.09985424099977536,0.09985424099977536,True,final restart pool only,101,wachter_style,11,106126098,113126098,,512,no_disease_to_disease,31.0,16.0,16.0,31.0
1,64,64,64,20,20,0.04506619099993259,0.04506619099993259,False,all independently sampled candidates,102,uniform_random,11,107126101,114126101,,512,no_disease_to_disease,,,,
2,64,128,64,20,40,0.044100928000261774,0.08916711900019436,False,all independently sampled candidates,102,uniform_random,11,107126101,114126101,,512,no_disease_to_disease,,,,
3,64,192,64,21,61,0.04419730200061167,0.13336442100080603,False,all independently sampled candidates,102,uniform_random,11,107126101,114126101,,512,no_disease_to_disease,,,,
4,64,256,64,24,85,0.04390525999951933,0.17726968100032536,False,all independently sampled candidates,102,uniform_random,11,107126101,114126101,,512,no_disease_to_disease,,,,
5,64,320,64,24,109,0.044927818000360276,0.22219749900068564,False,all independently sampled candidates,102,uniform_random,11,107126101,114126101,,512,no_disease_to_disease,,,,
6,64,384,64,21,130,0.045009172999925795,0.26720667200061143,False,all independently sampled candidates,102,uniform_random,11,107126101,114126101,,512,no_disease_to_disease,,,,
7,64,448,63,27,157,0.04648823400020774,0.3136949060008192,False,all independently sampled candidates,102,uniform_random,11,107126101,114126101,,512,no_disease_to_disease,,,,
8,64,512,64,31,188,0.047197150999636506,0.3608920570004557,False,all independently sampled candidates,102,uniform_random,11,107126101,114126101,,512,no_disease_to_disease,,,,
1,64,64,64,20,20,0.042078982000020915,0.042078982000020915,True,all genetic population candidates,102,genetic_cfe,11,107126101,114126101,,512,no_disease_to_disease,,,,
2,64,128,64,41,60,0.044045381000614725,0.08612436300063564,True,all genetic population candidates,102,genetic_cfe,11,107126101,114126101,,512,no_disease_to_disease,,,,
3,64,192,64,51,108,0.047990412000217475,0.13411477500085311,True,all genetic population candidates,102,genetic_cfe,11,107126101,114126101,,512,no_disease_to_disease,,,,
4,64,256,64,56,157,0.05169293599828961,0.18580771099914273,True,all genetic population candidates,102,genetic_cfe,11,107126101,114126101,,512,no_disease_to_disease,,,,
5,64,320,64,57,210,0.05245003600066411,0.23825774699980684,True,all genetic population candidates,102,genetic_cfe,11,107126101,114126101,,512,no_disease_to_disease,,,,
6,64,384,64,54,260,0.05596354000044812,0.29422128700025496,True,all genetic population candidates,102,genetic_cfe,11,107126101,114126101,,512,no_disease_to_disease,,,,
7,64,448,64,56,315,0.059771070000351756,0.3539923570006067,True,all genetic population candidates,102,genetic_cfe,11,107126101,114126101,,512,no_disease_to_disease,,,,
8,64,512,64,55,365,0.06012967599963304,0.41412203300023975,True,all genetic population candidates,102,genetic_cfe,11,107126101,114126101,,512,no_disease_to_disease,,,,
1,512,512,16,16,1,0.10680984099963098,0.10680984099963098,True,final restart pool only,102,dice_gradient_style,11,107126101,114126101,,512,no_disease_to_disease,31.0,16.0,16.0,31.0
1,512,512,16,16,1,0.10024835500007612,0.10024835500007612,True,final restart pool only,102,wachter_style,11,107126101,114126101,,512,no_disease_to_disease,31.0,16.0,16.0,31.0
1,64,64,64,28,28,0.04372345299998415,0.04372345299998415,False,all independently sampled candidates,103,uniform_random,11,108126104,115126104,,512,no_disease_to_disease,,,,
2,64,128,64,26,54,0.04288108300170279,0.08660453600168694,False,all independently sampled candidates,103,uniform_random,11,108126104,115126104,,512,no_disease_to_disease,,,,
3,64,192,64,20,74,0.043134416999237146,0.12973895300092408,False,all independently sampled candidates,103,uniform_random,11,108126104,115126104,,512,no_disease_to_disease,,,,
4,64,256,64,31,105,0.045889224000347895,0.17562817700127198,False,all independently sampled candidates,103,uniform_random,11,108126104,115126104,,512,no_disease_to_disease,,,,
5,64,320,64,28,133,0.04514791200017498,0.22077608900144696,False,all independently sampled candidates,103,uniform_random,11,108126104,115126104,,512,no_disease_to_disease,,,,
6,64,384,64,20,153,0.04447161200005212,0.2652477010014991,False,all independently sampled candidates,103,uniform_random,11,108126104,115126104,,512,no_disease_to_disease,,,,
7,64,448,63,23,176,0.04669278499932261,0.3119404860008217,False,all independently sampled candidates,103,uniform_random,11,108126104,115126104,,512,no_disease_to_disease,,,,
8,64,512,64,30,206,0.048986529000103474,0.36092701500092517,False,all independently sampled candidates,103,uniform_random,11,108126104,115126104,,512,no_disease_to_disease,,,,
1,64,64,64,28,28,0.04362631000003603,0.04362631000003603,True,all genetic population candidates,103,genetic_cfe,11,108126104,115126104,,512,no_disease_to_disease,,,,
2,64,128,64,48,76,0.045278597999640624,0.08890490799967665,True,all genetic population candidates,103,genetic_cfe,11,108126104,115126104,,512,no_disease_to_disease,,,,
3,64,192,64,55,130,0.04844597699957376,0.1373508849992504,True,all genetic population candidates,103,genetic_cfe,11,108126104,115126104,,512,no_disease_to_disease,,,,
4,64,256,64,49,179,0.05051064200051769,0.1878615269997681,True,all genetic population candidates,103,genetic_cfe,11,108126104,115126104,,512,no_disease_to_disease,,,,
5,64,320,64,59,237,0.056188303999078926,0.24404983099884703,True,all genetic population candidates,103,genetic_cfe,11,108126104,115126104,,512,no_disease_to_disease,,,,
6,64,384,64,56,290,0.05431844099985028,0.2983682719986973,True,all genetic population candidates,103,genetic_cfe,11,108126104,115126104,,512,no_disease_to_disease,,,,
7,64,448,64,58,345,0.05677739600105269,0.35514566799975,True,all genetic population candidates,103,genetic_cfe,11,108126104,115126104,,512,no_disease_to_disease,,,,
8,64,512,64,60,404,0.06164762700063875,0.41679329500038875,True,all genetic population candidates,103,genetic_cfe,11,108126104,115126104,,512,no_disease_to_disease,,,,
1,512,512,16,16,1,0.1071772579998651,0.1071772579998651,True,final restart pool only,103,dice_gradient_style,11,108126104,115126104,,512,no_disease_to_disease,31.0,16.0,16.0,31.0
1,512,512,16,16,1,0.09884847600005742,0.09884847600005742,True,final restart pool only,103,wachter_style,11,108126104,115126104,,512,no_disease_to_disease,31.0,16.0,16.0,31.0
1,64,64,64,32,32,0.04331473099955474,0.04331473099955474,False,all independently sampled candidates,104,uniform_random,11,109126107,116126107,,512,no_disease_to_disease,,,,
2,64,128,64,24,56,0.04160934100036684,0.08492407199992158,False,all independently sampled candidates,104,uniform_random,11,109126107,116126107,,512,no_disease_to_disease,,,,
3,64,192,64,27,83,0.043248451000181376,0.12817252300010296,False,all independently sampled candidates,104,uniform_random,11,109126107,116126107,,512,no_disease_to_disease,,,,
4,64,256,64,24,107,0.04595661999883305,0.174129142998936,False,all independently sampled candidates,104,uniform_random,11,109126107,116126107,,512,no_disease_to_disease,,,,
5,64,320,64,16,123,0.04598398300004192,0.22011312599897792,False,all independently sampled candidates,104,uniform_random,11,109126107,116126107,,512,no_disease_to_disease,,,,
6,64,384,64,24,147,0.04712652000125672,0.26723964600023464,False,all independently sampled candidates,104,uniform_random,11,109126107,116126107,,512,no_disease_to_disease,,,,
7,64,448,64,21,168,0.04807752299893764,0.3153171689991723,False,all independently sampled candidates,104,uniform_random,11,109126107,116126107,,512,no_disease_to_disease,,,,
8,64,512,64,26,194,0.04993334299979324,0.3652505119989655,False,all independently sampled candidates,104,uniform_random,11,109126107,116126107,,512,no_disease_to_disease,,,,
1,64,64,64,32,32,0.04526394700042147,0.04526394700042147,True,all genetic population candidates,104,genetic_cfe,11,109126107,116126107,,512,no_disease_to_disease,,,,
2,64,128,64,49,79,0.04749022899886768,0.09275417599928915,True,all genetic population candidates,104,genetic_cfe,11,109126107,116126107,,512,no_disease_to_disease,,,,
3,64,192,64,47,123,0.049145060000228113,0.14189923599951726,True,all genetic population candidates,104,genetic_cfe,11,109126107,116126107,,512,no_disease_to_disease,,,,
4,64,256,64,57,178,0.050686402999417624,0.19258563899893488,True,all genetic population candidates,104,genetic_cfe,11,109126107,116126107,,512,no_disease_to_disease,,,,
5,64,320,64,60,235,0.05363179800042417,0.24621743699935905,True,all genetic population candidates,104,genetic_cfe,11,109126107,116126107,,512,no_disease_to_disease,,,,
6,64,384,64,63,291,0.08828391499991994,0.334501351999279,True,all genetic population candidates,104,genetic_cfe,11,109126107,116126107,,512,no_disease_to_disease,,,,
7,64,448,64,58,343,0.0600285199998325,0.3945298719991115,True,all genetic population candidates,104,genetic_cfe,11,109126107,116126107,,512,no_disease_to_disease,,,,
8,64,512,64,58,395,0.061300756000491674,0.45583062799960317,True,all genetic population candidates,104,genetic_cfe,11,109126107,116126107,,512,no_disease_to_disease,,,,
1,512,512,16,16,1,0.10849724299987429,0.10849724299987429,True,final restart pool only,104,dice_gradient_style,11,109126107,116126107,,512,no_disease_to_disease,31.0,16.0,16.0,31.0
1,512,512,16,16,1,0.10116538600050262,0.10116538600050262,True,final restart pool only,104,wachter_style,11,109126107,116126107,,512,no_disease_to_disease,31.0,16.0,16.0,31.0
1,64,64,64,25,25,0.04277511600048456,0.04277511600048456,False,all independently sampled candidates,105,uniform_random,11,110126110,117126110,,512,no_disease_to_disease,,,,
2,64,128,64,17,42,0.04434008699900005,0.08711520299948461,False,all independently sampled candidates,105,uniform_random,11,110126110,117126110,,512,no_disease_to_disease,,,,
3,64,192,64,28,70,0.05782044800071162,0.14493565100019623,False,all independently sampled candidates,105,uniform_random,11,110126110,117126110,,512,no_disease_to_disease,,,,
4,64,256,63,22,92,0.047793820000151754,0.19272947100034798,False,all independently sampled candidates,105,uniform_random,11,110126110,117126110,,512,no_disease_to_disease,,,,
5,64,320,64,28,120,0.04569124800036661,0.2384207190007146,False,all independently sampled candidates,105,uniform_random,11,110126110,117126110,,512,no_disease_to_disease,,,,
6,64,384,64,27,147,0.0459728810001252,0.2843936000008398,False,all independently sampled candidates,105,uniform_random,11,110126110,117126110,,512,no_disease_to_disease,,,,
7,64,448,64,26,173,0.0463457779987948,0.3307393779996346,False,all independently sampled candidates,105,uniform_random,11,110126110,117126110,,512,no_disease_to_disease,,,,
8,64,512,64,27,200,0.04741796900088957,0.37815734700052417,False,all independently sampled candidates,105,uniform_random,11,110126110,117126110,,512,no_disease_to_disease,,,,
1,64,64,64,25,25,0.04446926200034795,0.04446926200034795,True,all genetic population candidates,105,genetic_cfe,11,110126110,117126110,,512,no_disease_to_disease,,,,
2,64,128,64,45,68,0.04716503199961153,0.09163429399995948,True,all genetic population candidates,105,genetic_cfe,11,110126110,117126110,,512,no_disease_to_disease,,,,
3,64,192,64,49,116,0.04691962899960345,0.13855392299956293,True,all genetic population candidates,105,genetic_cfe,11,110126110,117126110,,512,no_disease_to_disease,,,,
4,64,256,64,55,168,0.05018086000018229,0.18873478299974522,True,all genetic population candidates,105,genetic_cfe,11,110126110,117126110,,512,no_disease_to_disease,,,,
5,64,320,64,59,226,0.05373297199912486,0.24246775499887008,True,all genetic population candidates,105,genetic_cfe,11,110126110,117126110,,512,no_disease_to_disease,,,,
6,64,384,64,60,281,0.05626697700063232,0.2987347319995024,True,all genetic population candidates,105,genetic_cfe,11,110126110,117126110,,512,no_disease_to_disease,,,,
7,64,448,64,62,340,0.05675003199939965,0.35548476399890205,True,all genetic population candidates,105,genetic_cfe,11,110126110,117126110,,512,no_disease_to_disease,,,,
8,64,512,64,57,392,0.05930591000105778,0.41479067399995984,True,all genetic population candidates,105,genetic_cfe,11,110126110,117126110,,512,no_disease_to_disease,,,,
1,512,512,16,16,1,0.11043646599864587,0.11043646599864587,True,final restart pool only,105,dice_gradient_style,11,110126110,117126110,,512,no_disease_to_disease,31.0,16.0,16.0,31.0
1,512,512,16,16,1,0.09921717799988983,0.09921717799988983,True,final restart pool only,105,wachter_style,11,110126110,117126110,,512,no_disease_to_disease,31.0,16.0,16.0,31.0
1,64,64,64,28,28,0.04421627999909106,0.04421627999909106,False,all independently sampled candidates,106,uniform_random,11,111126113,118126113,,512,no_disease_to_disease,,,,
2,64,128,64,34,62,0.0455381120009406,0.08975439200003166,False,all independently sampled candidates,106,uniform_random,11,111126113,118126113,,512,no_disease_to_disease,,,,
3,64,192,64,28,90,0.04443268199975137,0.13418707399978302,False,all independently sampled candidates,106,uniform_random,11,111126113,118126113,,512,no_disease_to_disease,,,,
4,64,256,64,28,118,0.043829125999764074,0.1780161999995471,False,all independently sampled candidates,106,uniform_random,11,111126113,118126113,,512,no_disease_to_disease,,,,
5,64,320,64,37,155,0.046948794999480015,0.2249649949990271,False,all independently sampled candidates,106,uniform_random,11,111126113,118126113,,512,no_disease_to_disease,,,,
6,64,384,64,29,184,0.04640501799985941,0.2713700129988865,False,all independently sampled candidates,106,uniform_random,11,111126113,118126113,,512,no_disease_to_disease,,,,
7,64,448,64,27,211,0.04956299600053171,0.32093300899941823,False,all independently sampled candidates,106,uniform_random,11,111126113,118126113,,512,no_disease_to_disease,,,,
8,64,512,64,29,240,0.04889152999930957,0.3698245389987278,False,all independently sampled candidates,106,uniform_random,11,111126113,118126113,,512,no_disease_to_disease,,,,
1,64,64,64,28,28,0.046538540000256035,0.046538540000256035,True,all genetic population candidates,106,genetic_cfe,11,111126113,118126113,,512,no_disease_to_disease,,,,
2,64,128,64,42,69,0.04660349400000996,0.093142034000266,True,all genetic population candidates,106,genetic_cfe,11,111126113,118126113,,512,no_disease_to_disease,,,,
3,64,192,64,54,122,0.047837891999733984,0.14097992599999998,True,all genetic population candidates,106,genetic_cfe,11,111126113,118126113,,512,no_disease_to_disease,,,,
4,64,256,64,61,181,0.05016473599971505,0.19114466199971503,True,all genetic population candidates,106,genetic_cfe,11,111126113,118126113,,512,no_disease_to_disease,,,,
5,64,320,64,53,233,0.050428573000317556,0.24157323500003258,True,all genetic population candidates,106,genetic_cfe,11,111126113,118126113,,512,no_disease_to_disease,,,,
6,64,384,64,56,288,0.057298861000163015,0.2988720960001956,True,all genetic population candidates,106,genetic_cfe,11,111126113,118126113,,512,no_disease_to_disease,,,,
7,64,448,64,56,342,0.05663420299970312,0.3555062989998987,True,all genetic population candidates,106,genetic_cfe,11,111126113,118126113,,512,no_disease_to_disease,,,,
8,64,512,64,55,393,0.059380954000516795,0.4148872530004155,True,all genetic population candidates,106,genetic_cfe,11,111126113,118126113,,512,no_disease_to_disease,,,,
1,512,512,16,16,1,0.1083488269996451,0.1083488269996451,True,final restart pool only,106,dice_gradient_style,11,111126113,118126113,,512,no_disease_to_disease,31.0,16.0,16.0,31.0
1,512,512,16,16,1,0.10031284600154322,0.10031284600154322,True,final restart pool only,106,wachter_style,11,111126113,118126113,,512,no_disease_to_disease,31.0,16.0,16.0,31.0
1,64,64,64,21,21,0.04383464000056847,0.04383464000056847,False,all independently sampled candidates,107,uniform_random,11,112126116,119126116,,512,no_disease_to_disease,,,,
2,64,128,64,32,53,0.04533934499886527,0.08917398499943374,False,all independently sampled candidates,107,uniform_random,11,112126116,119126116,,512,no_disease_to_disease,,,,
3,64,192,64,20,73,0.0451423579997936,0.13431634299922734,False,all independently sampled candidates,107,uniform_random,11,112126116,119126116,,512,no_disease_to_disease,,,,
4,64,256,64,27,100,0.046511334001479554,0.1808276770007069,False,all independently sampled candidates,107,uniform_random,11,112126116,119126116,,512,no_disease_to_disease,,,,
5,64,320,64,32,132,0.04895041899908392,0.22977809599979082,False,all independently sampled candidates,107,uniform_random,11,112126116,119126116,,512,no_disease_to_disease,,,,
6,64,384,64,22,154,0.048543749000600656,0.2783218450003915,False,all independently sampled candidates,107,uniform_random,11,112126116,119126116,,512,no_disease_to_disease,,,,
7,64,448,64,26,180,0.049396107000575284,0.32771795200096676,False,all independently sampled candidates,107,uniform_random,11,112126116,119126116,,512,no_disease_to_disease,,,,
8,64,512,63,18,198,0.04840398499982257,0.37612193700078933,False,all independently sampled candidates,107,uniform_random,11,112126116,119126116,,512,no_disease_to_disease,,,,
1,64,64,64,21,21,0.0413370850001229,0.0413370850001229,True,all genetic population candidates,107,genetic_cfe,11,112126116,119126116,,512,no_disease_to_disease,,,,
2,64,128,64,33,53,0.0422089789990423,0.0835460639991652,True,all genetic population candidates,107,genetic_cfe,11,112126116,119126116,,512,no_disease_to_disease,,,,
3,64,192,64,44,94,0.045628634999957285,0.12917469899912248,True,all genetic population candidates,107,genetic_cfe,11,112126116,119126116,,512,no_disease_to_disease,,,,
4,64,256,64,56,147,0.04880185100046219,0.17797654999958468,True,all genetic population candidates,107,genetic_cfe,11,112126116,119126116,,512,no_disease_to_disease,,,,
5,64,320,64,52,197,0.04879174900088401,0.2267682990004687,True,all genetic population candidates,107,genetic_cfe,11,112126116,119126116,,512,no_disease_to_disease,,,,
6,64,384,64,59,253,0.05268723900007899,0.2794555380005477,True,all genetic population candidates,107,genetic_cfe,11,112126116,119126116,,512,no_disease_to_disease,,,,
7,64,448,64,54,305,0.0548856599998544,0.3343411980004021,True,all genetic population candidates,107,genetic_cfe,11,112126116,119126116,,512,no_disease_to_disease,,,,
8,64,512,64,56,361,0.05812873600007151,0.3924699340004736,True,all genetic population candidates,107,genetic_cfe,11,112126116,119126116,,512,no_disease_to_disease,,,,
1,512,512,16,16,1,0.12621398299961584,0.12621398299961584,True,final restart pool only,107,dice_gradient_style,11,112126116,119126116,,512,no_disease_to_disease,31.0,16.0,16.0,31.0
1,512,512,16,16,1,0.10523567900054331,0.10523567900054331,True,final restart pool only,107,wachter_style,11,112126116,119126116,,512,no_disease_to_disease,31.0,16.0,16.0,31.0
1,64,64,64,18,18,0.04301370500070334,0.04301370500070334,False,all independently sampled candidates,108,uniform_random,11,113126119,120126119,,512,no_disease_to_disease,,,,
2,64,128,64,14,32,0.044205481999597396,0.08721918700030074,False,all independently sampled candidates,108,uniform_random,11,113126119,120126119,,512,no_disease_to_disease,,,,
3,64,192,64,25,57,0.04688633700061473,0.13410552400091547,False,all independently sampled candidates,108,uniform_random,11,113126119,120126119,,512,no_disease_to_disease,,,,
4,64,256,64,28,85,0.046454845998596284,0.18056036999951175,False,all independently sampled candidates,108,uniform_random,11,113126119,120126119,,512,no_disease_to_disease,,,,
5,64,320,64,24,109,0.048077765000925865,0.22863813500043761,False,all independently sampled candidates,108,uniform_random,11,113126119,120126119,,512,no_disease_to_disease,,,,
6,64,384,64,25,134,0.04662313799963158,0.2752612730000692,False,all independently sampled candidates,108,uniform_random,11,113126119,120126119,,512,no_disease_to_disease,,,,
7,64,448,64,29,163,0.04791975800071668,0.3231810310007859,False,all independently sampled candidates,108,uniform_random,11,113126119,120126119,,512,no_disease_to_disease,,,,
8,64,512,64,35,198,0.04721240599974408,0.37039343700052996,False,all independently sampled candidates,108,uniform_random,11,113126119,120126119,,512,no_disease_to_disease,,,,
1,64,64,64,18,18,0.04177815600087342,0.04177815600087342,True,all genetic population candidates,108,genetic_cfe,11,113126119,120126119,,512,no_disease_to_disease,,,,
2,64,128,64,37,54,0.04371899199941254,0.08549714800028596,True,all genetic population candidates,108,genetic_cfe,11,113126119,120126119,,512,no_disease_to_disease,,,,
3,64,192,64,45,95,0.0454257380006311,0.13092288600091706,True,all genetic population candidates,108,genetic_cfe,11,113126119,120126119,,512,no_disease_to_disease,,,,
4,64,256,64,49,140,0.04807825699936075,0.1790011430002778,True,all genetic population candidates,108,genetic_cfe,11,113126119,120126119,,512,no_disease_to_disease,,,,
5,64,320,64,49,188,0.05077409700061253,0.22977524000089034,True,all genetic population candidates,108,genetic_cfe,11,113126119,120126119,,512,no_disease_to_disease,,,,
6,64,384,64,52,236,0.053045885999381426,0.28282112600027176,True,all genetic population candidates,108,genetic_cfe,11,113126119,120126119,,512,no_disease_to_disease,,,,
7,64,448,64,58,292,0.05716941299942846,0.3399905389997002,True,all genetic population candidates,108,genetic_cfe,11,113126119,120126119,,512,no_disease_to_disease,,,,
8,64,512,64,58,346,0.06313309800134448,0.4031236370010447,True,all genetic population candidates,108,genetic_cfe,11,113126119,120126119,,512,no_disease_to_disease,,,,
1,512,512,16,16,1,0.107719845000247,0.107719845000247,True,final restart pool only,108,dice_gradient_style,11,113126119,120126119,,512,no_disease_to_disease,31.0,16.0,16.0,31.0
1,512,512,16,16,1,0.09798192199923506,0.09798192199923506,True,final restart pool only,108,wachter_style,11,113126119,120126119,,512,no_disease_to_disease,31.0,16.0,16.0,31.0
1,64,64,64,14,14,0.04534236800100189,0.04534236800100189,False,all independently sampled candidates,109,uniform_random,11,114126122,121126122,,512,no_disease_to_disease,,,,
2,64,128,64,25,39,0.0451722689995222,0.09051463700052409,False,all independently sampled candidates,109,uniform_random,11,114126122,121126122,,512,no_disease_to_disease,,,,
3,64,192,64,19,58,0.04366906200084486,0.13418369900136895,False,all independently sampled candidates,109,uniform_random,11,114126122,121126122,,512,no_disease_to_disease,,,,
4,64,256,64,22,80,0.04595996999887575,0.1801436690002447,False,all independently sampled candidates,109,uniform_random,11,114126122,121126122,,512,no_disease_to_disease,,,,
5,64,320,64,32,112,0.046389678000196,0.2265333470004407,False,all independently sampled candidates,109,uniform_random,11,114126122,121126122,,512,no_disease_to_disease,,,,
6,64,384,64,25,137,0.05106757500107051,0.2776009220015112,False,all independently sampled candidates,109,uniform_random,11,114126122,121126122,,512,no_disease_to_disease,,,,
7,64,448,64,24,161,0.04814269999951648,0.3257436220010277,False,all independently sampled candidates,109,uniform_random,11,114126122,121126122,,512,no_disease_to_disease,,,,
8,64,512,64,21,182,0.04738416699910886,0.37312778900013654,False,all independently sampled candidates,109,uniform_random,11,114126122,121126122,,512,no_disease_to_disease,,,,
1,64,64,64,14,14,0.04392235899831576,0.04392235899831576,True,all genetic population candidates,109,genetic_cfe,11,114126122,121126122,,512,no_disease_to_disease,,,,
2,64,128,64,33,47,0.044561592001628014,0.08848395099994377,True,all genetic population candidates,109,genetic_cfe,11,114126122,121126122,,512,no_disease_to_disease,,,,
3,64,192,64,46,90,0.05072063599982357,0.13920458699976734,True,all genetic population candidates,109,genetic_cfe,11,114126122,121126122,,512,no_disease_to_disease,,,,
4,64,256,64,47,134,0.047712812998724985,0.18691739999849233,True,all genetic population candidates,109,genetic_cfe,11,114126122,121126122,,512,no_disease_to_disease,,,,
5,64,320,64,56,189,0.05479043700142938,0.2417078369999217,True,all genetic population candidates,109,genetic_cfe,11,114126122,121126122,,512,no_disease_to_disease,,,,
6,64,384,64,54,239,0.05650016399886226,0.298208000998784,True,all genetic population candidates,109,genetic_cfe,11,114126122,121126122,,512,no_disease_to_disease,,,,
7,64,448,64,51,289,0.06162885599951551,0.3598368569982995,True,all genetic population candidates,109,genetic_cfe,11,114126122,121126122,,512,no_disease_to_disease,,,,
8,64,512,64,52,337,0.056063649000861915,0.4159005059991614,True,all genetic population candidates,109,genetic_cfe,11,114126122,121126122,,512,no_disease_to_disease,,,,
1,512,512,16,16,1,0.12108872399949178,0.12108872399949178,True,final restart pool only,109,dice_gradient_style,11,114126122,121126122,,512,no_disease_to_disease,31.0,16.0,16.0,31.0
1,512,512,16,16,1,0.10203256699969643,0.10203256699969643,True,final restart pool only,109,wachter_style,11,114126122,121126122,,512,no_disease_to_disease,31.0,16.0,16.0,31.0
1,64,64,64,19,19,0.04233370499969169,0.04233370499969169,False,all independently sampled candidates,110,uniform_random,11,115126125,122126125,,512,no_disease_to_disease,,,,
2,64,128,64,31,50,0.04360643499967409,0.08594013999936578,False,all independently sampled candidates,110,uniform_random,11,115126125,122126125,,512,no_disease_to_disease,,,,
3,64,192,64,21,71,0.044192213001224445,0.13013235300059023,False,all independently sampled candidates,110,uniform_random,11,115126125,122126125,,512,no_disease_to_disease,,,,
4,64,256,64,26,97,0.04707072699966375,0.17720308000025398,False,all independently sampled candidates,110,uniform_random,11,115126125,122126125,,512,no_disease_to_disease,,,,
5,64,320,64,22,119,0.0451164450005308,0.22231952500078478,False,all independently sampled candidates,110,uniform_random,11,115126125,122126125,,512,no_disease_to_disease,,,,
6,64,384,64,20,139,0.04535288599981868,0.26767241100060346,False,all independently sampled candidates,110,uniform_random,11,115126125,122126125,,512,no_disease_to_disease,,,,
7,64,448,64,30,169,0.04447514200001024,0.3121475530006137,False,all independently sampled candidates,110,uniform_random,11,115126125,122126125,,512,no_disease_to_disease,,,,
8,64,512,64,28,197,0.048157736999201006,0.3603052899998147,False,all independently sampled candidates,110,uniform_random,11,115126125,122126125,,512,no_disease_to_disease,,,,
1,64,64,64,19,19,0.041939704000469646,0.041939704000469646,True,all genetic population candidates,110,genetic_cfe,11,115126125,122126125,,512,no_disease_to_disease,,,,
2,64,128,64,41,58,0.04459535599926312,0.08653505999973277,True,all genetic population candidates,110,genetic_cfe,11,115126125,122126125,,512,no_disease_to_disease,,,,
3,64,192,64,44,100,0.04638194900144299,0.13291700900117576,True,all genetic population candidates,110,genetic_cfe,11,115126125,122126125,,512,no_disease_to_disease,,,,
4,64,256,64,50,148,0.049015729999155155,0.1819327390003309,True,all genetic population candidates,110,genetic_cfe,11,115126125,122126125,,512,no_disease_to_disease,,,,
5,64,320,64,55,198,0.052447112000663765,0.23437985100099468,True,all genetic population candidates,110,genetic_cfe,11,115126125,122126125,,512,no_disease_to_disease,,,,
6,64,384,64,51,245,0.05907931099864072,0.2934591619996354,True,all genetic population candidates,110,genetic_cfe,11,115126125,122126125,,512,no_disease_to_disease,,,,
7,64,448,64,50,293,0.05765549400166492,0.3511146560013003,True,all genetic population candidates,110,genetic_cfe,11,115126125,122126125,,512,no_disease_to_disease,,,,
8,64,512,64,49,341,0.0561707339984423,0.4072853899997426,True,all genetic population candidates,110,genetic_cfe,11,115126125,122126125,,512,no_disease_to_disease,,,,
1,512,512,16,16,1,0.11031880100017588,0.11031880100017588,True,final restart pool only,110,dice_gradient_style,11,115126125,122126125,,512,no_disease_to_disease,31.0,16.0,16.0,31.0
1,512,512,16,16,1,0.10352761400099553,0.10352761400099553,True,final restart pool only,110,wachter_style,11,115126125,122126125,,512,no_disease_to_disease,31.0,16.0,16.0,31.0
1,64,64,64,19,19,0.04384050699991349,0.04384050699991349,False,all independently sampled candidates,111,uniform_random,11,116126128,123126128,,512,no_disease_to_disease,,,,
2,64,128,64,30,49,0.04588646400043217,0.08972697100034566,False,all independently sampled candidates,111,uniform_random,11,116126128,123126128,,512,no_disease_to_disease,,,,
3,64,192,64,28,77,0.04698214899872255,0.1367091199990682,False,all independently sampled candidates,111,uniform_random,11,116126128,123126128,,512,no_disease_to_disease,,,,
4,64,256,64,23,100,0.046067299001151696,0.1827764190002199,False,all independently sampled candidates,111,uniform_random,11,116126128,123126128,,512,no_disease_to_disease,,,,
5,64,320,64,28,128,0.04594592399917019,0.2287223429993901,False,all independently sampled candidates,111,uniform_random,11,116126128,123126128,,512,no_disease_to_disease,,,,
6,64,384,64,20,148,0.04611051600113569,0.2748328590005258,False,all independently sampled candidates,111,uniform_random,11,116126128,123126128,,512,no_disease_to_disease,,,,
7,64,448,64,28,176,0.04658495799958473,0.3214178170001105,False,all independently sampled candidates,111,uniform_random,11,116126128,123126128,,512,no_disease_to_disease,,,,
8,64,512,64,27,203,0.04764012499981618,0.3690579419999267,False,all independently sampled candidates,111,uniform_random,11,116126128,123126128,,512,no_disease_to_disease,,,,
1,64,64,64,19,19,0.04251012399981846,0.04251012399981846,True,all genetic population candidates,111,genetic_cfe,11,116126128,123126128,,512,no_disease_to_disease,,,,
2,64,128,64,40,56,0.04451309300020512,0.08702321700002358,True,all genetic population candidates,111,genetic_cfe,11,116126128,123126128,,512,no_disease_to_disease,,,,
3,64,192,64,47,97,0.0450919619997876,0.13211517899981118,True,all genetic population candidates,111,genetic_cfe,11,116126128,123126128,,512,no_disease_to_disease,,,,
4,64,256,64,48,140,0.04719730600118055,0.17931248500099173,True,all genetic population candidates,111,genetic_cfe,11,116126128,123126128,,512,no_disease_to_disease,,,,
5,64,320,64,57,195,0.0504148529998929,0.22972733800088463,True,all genetic population candidates,111,genetic_cfe,11,116126128,123126128,,512,no_disease_to_disease,,,,
6,64,384,64,58,247,0.05512229699888849,0.2848496349997731,True,all genetic population candidates,111,genetic_cfe,11,116126128,123126128,,512,no_disease_to_disease,,,,
7,64,448,64,57,301,0.055454579000070225,0.34030421399984334,True,all genetic population candidates,111,genetic_cfe,11,116126128,123126128,,512,no_disease_to_disease,,,,
8,64,512,64,57,352,0.057349608001459274,0.3976538220013026,True,all genetic population candidates,111,genetic_cfe,11,116126128,123126128,,512,no_disease_to_disease,,,,
1,512,512,16,16,1,0.11075910799991107,0.11075910799991107,True,final restart pool only,111,dice_gradient_style,11,116126128,123126128,,512,no_disease_to_disease,31.0,16.0,16.0,31.0
1,512,512,16,16,1,0.10400076500081923,0.10400076500081923,True,final restart pool only,111,wachter_style,11,116126128,123126128,,512,no_disease_to_disease,31.0,16.0,16.0,31.0
1,64,64,64,17,17,0.04226420700069866,0.04226420700069866,False,all independently sampled candidates,112,uniform_random,11,117126131,124126131,,512,no_disease_to_disease,,,,
2,64,128,64,27,44,0.0445962799985864,0.08686048699928506,False,all independently sampled candidates,112,uniform_random,11,117126131,124126131,,512,no_disease_to_disease,,,,
3,64,192,64,26,70,0.043265684000289184,0.13012617099957424,False,all independently sampled candidates,112,uniform_random,11,117126131,124126131,,512,no_disease_to_disease,,,,
4,64,256,64,20,90,0.04317118499966455,0.1732973559992388,False,all independently sampled candidates,112,uniform_random,11,117126131,124126131,,512,no_disease_to_disease,,,,
5,64,320,64,29,119,0.04396581200126093,0.21726316800049972,False,all independently sampled candidates,112,uniform_random,11,117126131,124126131,,512,no_disease_to_disease,,,,
6,64,384,64,28,147,0.0485523329989519,0.2658155009994516,False,all independently sampled candidates,112,uniform_random,11,117126131,124126131,,512,no_disease_to_disease,,,,
7,64,448,64,28,175,0.05060447400137491,0.3164199750008265,False,all independently sampled candidates,112,uniform_random,11,117126131,124126131,,512,no_disease_to_disease,,,,
8,64,512,64,27,202,0.05015594899850839,0.3665759239993349,False,all independently sampled candidates,112,uniform_random,11,117126131,124126131,,512,no_disease_to_disease,,,,
1,64,64,64,17,17,0.04243876799955615,0.04243876799955615,True,all genetic population candidates,112,genetic_cfe,11,117126131,124126131,,512,no_disease_to_disease,,,,
2,64,128,64,37,52,0.04355533399939304,0.08599410199894919,True,all genetic population candidates,112,genetic_cfe,11,117126131,124126131,,512,no_disease_to_disease,,,,
3,64,192,64,45,97,0.045188625999799115,0.1311827279987483,True,all genetic population candidates,112,genetic_cfe,11,117126131,124126131,,512,no_disease_to_disease,,,,
4,64,256,64,55,151,0.049831698001071345,0.18101442599981965,True,all genetic population candidates,112,genetic_cfe,11,117126131,124126131,,512,no_disease_to_disease,,,,
5,64,320,64,60,206,0.05262055899947882,0.23363498499929847,True,all genetic population candidates,112,genetic_cfe,11,117126131,124126131,,512,no_disease_to_disease,,,,
6,64,384,64,58,259,0.05447113199988962,0.2881061169991881,True,all genetic population candidates,112,genetic_cfe,11,117126131,124126131,,512,no_disease_to_disease,,,,
7,64,448,64,50,308,0.05324476900023001,0.3413508859994181,True,all genetic population candidates,112,genetic_cfe,11,117126131,124126131,,512,no_disease_to_disease,,,,
8,64,512,64,57,362,0.05891677999898093,0.400267665998399,True,all genetic population candidates,112,genetic_cfe,11,117126131,124126131,,512,no_disease_to_disease,,,,
1,512,512,16,16,1,0.1172739220000949,0.1172739220000949,True,final restart pool only,112,dice_gradient_style,11,117126131,124126131,,512,no_disease_to_disease,31.0,16.0,16.0,31.0
1,512,512,16,16,1,0.1042785970003024,0.1042785970003024,True,final restart pool only,112,wachter_style,11,117126131,124126131,,512,no_disease_to_disease,31.0,16.0,16.0,31.0
1,64,64,64,26,26,0.04192703000080655,0.04192703000080655,False,all independently sampled candidates,113,uniform_random,11,118126134,125126134,,512,no_disease_to_disease,,,,
2,64,128,64,28,54,0.04237118200035184,0.08429821200115839,False,all independently sampled candidates,113,uniform_random,11,118126134,125126134,,512,no_disease_to_disease,,,,
3,64,192,64,24,78,0.04335256599915738,0.12765077800031577,False,all independently sampled candidates,113,uniform_random,11,118126134,125126134,,512,no_disease_to_disease,,,,
4,64,256,64,24,102,0.044804564999139984,0.17245534299945575,False,all independently sampled candidates,113,uniform_random,11,118126134,125126134,,512,no_disease_to_disease,,,,
5,64,320,64,25,127,0.04618463500082726,0.218639978000283,False,all independently sampled candidates,113,uniform_random,11,118126134,125126134,,512,no_disease_to_disease,,,,
6,64,384,64,25,152,0.04549165299977176,0.26413163100005477,False,all independently sampled candidates,113,uniform_random,11,118126134,125126134,,512,no_disease_to_disease,,,,
7,64,448,64,24,176,0.04603336599939212,0.3101649969994469,False,all independently sampled candidates,113,uniform_random,11,118126134,125126134,,512,no_disease_to_disease,,,,
8,64,512,64,26,202,0.04602894100025878,0.35619393799970567,False,all independently sampled candidates,113,uniform_random,11,118126134,125126134,,512,no_disease_to_disease,,,,
1,64,64,64,26,26,0.04117147400029353,0.04117147400029353,True,all genetic population candidates,113,genetic_cfe,11,118126134,125126134,,512,no_disease_to_disease,,,,
2,64,128,64,42,67,0.04495313200095552,0.08612460600124905,True,all genetic population candidates,113,genetic_cfe,11,118126134,125126134,,512,no_disease_to_disease,,,,
3,64,192,64,44,107,0.050892600000224775,0.13701720600147382,True,all genetic population candidates,113,genetic_cfe,11,118126134,125126134,,512,no_disease_to_disease,,,,
4,64,256,64,52,156,0.0492686159996083,0.18628582200108212,True,all genetic population candidates,113,genetic_cfe,11,118126134,125126134,,512,no_disease_to_disease,,,,
5,64,320,64,52,204,0.050409334999130806,0.23669515700021293,True,all genetic population candidates,113,genetic_cfe,11,118126134,125126134,,512,no_disease_to_disease,,,,
6,64,384,64,50,251,0.050981676000446896,0.2876768330006598,True,all genetic population candidates,113,genetic_cfe,11,118126134,125126134,,512,no_disease_to_disease,,,,
7,64,448,64,52,303,0.053773211999214254,0.3414500449998741,True,all genetic population candidates,113,genetic_cfe,11,118126134,125126134,,512,no_disease_to_disease,,,,
8,64,512,64,54,353,0.05854089300009946,0.39999093799997354,True,all genetic population candidates,113,genetic_cfe,11,118126134,125126134,,512,no_disease_to_disease,,,,
1,512,512,16,16,1,0.12177832700035651,0.12177832700035651,True,final restart pool only,113,dice_gradient_style,11,118126134,125126134,,512,no_disease_to_disease,31.0,16.0,16.0,31.0
1,512,512,16,16,1,0.10586013100146374,0.10586013100146374,True,final restart pool only,113,wachter_style,11,118126134,125126134,,512,no_disease_to_disease,31.0,16.0,16.0,31.0
1,64,64,64,27,27,0.04781412400006957,0.04781412400006957,False,all independently sampled candidates,114,uniform_random,11,119126137,126126137,,512,no_disease_to_disease,,,,
2,64,128,64,19,46,0.06882816100005584,0.11664228500012541,False,all independently sampled candidates,114,uniform_random,11,119126137,126126137,,512,no_disease_to_disease,,,,
3,64,192,64,24,70,0.04511437300061516,0.16175665800074057,False,all independently sampled candidates,114,uniform_random,11,119126137,126126137,,512,no_disease_to_disease,,,,
4,64,256,64,23,93,0.04414975500003493,0.2059064130007755,False,all independently sampled candidates,114,uniform_random,11,119126137,126126137,,512,no_disease_to_disease,,,,
5,64,320,64,28,121,0.046660476000397466,0.25256688900117297,False,all independently sampled candidates,114,uniform_random,11,119126137,126126137,,512,no_disease_to_disease,,,,
6,64,384,64,23,144,0.04765147499892919,0.30021836400010216,False,all independently sampled candidates,114,uniform_random,11,119126137,126126137,,512,no_disease_to_disease,,,,
7,64,448,64,28,172,0.04685226100082218,0.34707062500092434,False,all independently sampled candidates,114,uniform_random,11,119126137,126126137,,512,no_disease_to_disease,,,,
8,64,512,64,26,198,0.04655473599996185,0.3936253610008862,False,all independently sampled candidates,114,uniform_random,11,119126137,126126137,,512,no_disease_to_disease,,,,
1,64,64,64,27,27,0.046060460999797215,0.046060460999797215,True,all genetic population candidates,114,genetic_cfe,11,119126137,126126137,,512,no_disease_to_disease,,,,
2,64,128,64,43,69,0.045734957999229664,0.09179541899902688,True,all genetic population candidates,114,genetic_cfe,11,119126137,126126137,,512,no_disease_to_disease,,,,
3,64,192,64,53,122,0.049499767999805044,0.14129518699883192,True,all genetic population candidates,114,genetic_cfe,11,119126137,126126137,,512,no_disease_to_disease,,,,
4,64,256,64,55,174,0.0493587649998517,0.19065395199868362,True,all genetic population candidates,114,genetic_cfe,11,119126137,126126137,,512,no_disease_to_disease,,,,
5,64,320,64,48,219,0.050169177000498166,0.2408231289991818,True,all genetic population candidates,114,genetic_cfe,11,119126137,126126137,,512,no_disease_to_disease,,,,
6,64,384,64,54,271,0.053539456999715185,0.294362585998897,True,all genetic population candidates,114,genetic_cfe,11,119126137,126126137,,512,no_disease_to_disease,,,,
7,64,448,64,58,326,0.05531643399990571,0.3496790199988027,True,all genetic population candidates,114,genetic_cfe,11,119126137,126126137,,512,no_disease_to_disease,,,,
8,64,512,64,52,370,0.057170627000232344,0.40684964699903503,True,all genetic population candidates,114,genetic_cfe,11,119126137,126126137,,512,no_disease_to_disease,,,,
1,512,512,16,16,1,0.10859280300064711,0.10859280300064711,True,final restart pool only,114,dice_gradient_style,11,119126137,126126137,,512,no_disease_to_disease,31.0,16.0,16.0,31.0
1,512,512,16,16,1,0.10597750099987024,0.10597750099987024,True,final restart pool only,114,wachter_style,11,119126137,126126137,,512,no_disease_to_disease,31.0,16.0,16.0,31.0
1,64,64,64,21,21,0.04377260399996885,0.04377260399996885,False,all independently sampled candidates,115,uniform_random,11,120126140,127126140,,512,no_disease_to_disease,,,,
2,64,128,64,26,47,0.04429845199956617,0.08807105599953502,False,all independently sampled candidates,115,uniform_random,11,120126140,127126140,,512,no_disease_to_disease,,,,
3,64,192,64,31,78,0.0452030950000335,0.13327415099956852,False,all independently sampled candidates,115,uniform_random,11,120126140,127126140,,512,no_disease_to_disease,,,,
4,64,256,64,30,108,0.0428138030001719,0.17608795399974042,False,all independently sampled candidates,115,uniform_random,11,120126140,127126140,,512,no_disease_to_disease,,,,
5,64,320,63,26,134,0.0456066450005892,0.22169459900032962,False,all independently sampled candidates,115,uniform_random,11,120126140,127126140,,512,no_disease_to_disease,,,,
6,64,384,64,30,164,0.04542317199957324,0.26711777099990286,False,all independently sampled candidates,115,uniform_random,11,120126140,127126140,,512,no_disease_to_disease,,,,
7,64,448,64,31,195,0.04654545999983384,0.3136632309997367,False,all independently sampled candidates,115,uniform_random,11,120126140,127126140,,512,no_disease_to_disease,,,,
8,64,512,63,30,225,0.04730161000043154,0.36096484100016824,False,all independently sampled candidates,115,uniform_random,11,120126140,127126140,,512,no_disease_to_disease,,,,
1,64,64,64,21,21,0.04430234500068764,0.04430234500068764,True,all genetic population candidates,115,genetic_cfe,11,120126140,127126140,,512,no_disease_to_disease,,,,
2,64,128,64,47,67,0.044776328999432735,0.08907867400012037,True,all genetic population candidates,115,genetic_cfe,11,120126140,127126140,,512,no_disease_to_disease,,,,
3,64,192,64,50,115,0.046157284999935655,0.13523595900005603,True,all genetic population candidates,115,genetic_cfe,11,120126140,127126140,,512,no_disease_to_disease,,,,
4,64,256,64,55,168,0.05078620899985253,0.18602216799990856,True,all genetic population candidates,115,genetic_cfe,11,120126140,127126140,,512,no_disease_to_disease,,,,
5,64,320,64,51,215,0.05482138799925451,0.24084355599916307,True,all genetic population candidates,115,genetic_cfe,11,120126140,127126140,,512,no_disease_to_disease,,,,
6,64,384,64,53,265,0.05420392100131721,0.2950474770004803,True,all genetic population candidates,115,genetic_cfe,11,120126140,127126140,,512,no_disease_to_disease,,,,
7,64,448,64,61,322,0.05779023399918515,0.35283771099966543,True,all genetic population candidates,115,genetic_cfe,11,120126140,127126140,,512,no_disease_to_disease,,,,
8,64,512,64,57,376,0.06040833699989889,0.4132460479995643,True,all genetic population candidates,115,genetic_cfe,11,120126140,127126140,,512,no_disease_to_disease,,,,
1,512,512,16,16,1,0.11776012199879915,0.11776012199879915,True,final restart pool only,115,dice_gradient_style,11,120126140,127126140,,512,no_disease_to_disease,31.0,16.0,16.0,31.0
1,512,512,16,16,1,0.0994064199985587,0.0994064199985587,True,final restart pool only,115,wachter_style,11,120126140,127126140,,512,no_disease_to_disease,31.0,16.0,16.0,31.0
1,64,64,64,24,24,0.04455919800057018,0.04455919800057018,False,all independently sampled candidates,116,uniform_random,11,121126143,128126143,,512,no_disease_to_disease,,,,
2,64,128,64,19,43,0.04455082099957508,0.08911001900014526,False,all independently sampled candidates,116,uniform_random,11,121126143,128126143,,512,no_disease_to_disease,,,,
3,64,192,64,23,66,0.04553270100041118,0.13464272000055644,False,all independently sampled candidates,116,uniform_random,11,121126143,128126143,,512,no_disease_to_disease,,,,
4,64,256,64,24,90,0.04427479799960565,0.1789175180001621,False,all independently sampled candidates,116,uniform_random,11,121126143,128126143,,512,no_disease_to_disease,,,,
5,64,320,64,23,113,0.04496098199888365,0.22387849999904574,False,all independently sampled candidates,116,uniform_random,11,121126143,128126143,,512,no_disease_to_disease,,,,
6,64,384,64,30,143,0.045142531000237796,0.26902103099928354,False,all independently sampled candidates,116,uniform_random,11,121126143,128126143,,512,no_disease_to_disease,,,,
7,64,448,64,26,169,0.04807138500109431,0.31709241600037785,False,all independently sampled candidates,116,uniform_random,11,121126143,128126143,,512,no_disease_to_disease,,,,
8,64,512,62,24,193,0.04602981599964551,0.36312223200002336,False,all independently sampled candidates,116,uniform_random,11,121126143,128126143,,512,no_disease_to_disease,,,,
1,64,64,64,24,24,0.043858975999683025,0.043858975999683025,True,all genetic population candidates,116,genetic_cfe,11,121126143,128126143,,512,no_disease_to_disease,,,,
2,64,128,64,48,72,0.04657977599890728,0.0904387519985903,True,all genetic population candidates,116,genetic_cfe,11,121126143,128126143,,512,no_disease_to_disease,,,,
3,64,192,64,50,121,0.047549238999636145,0.13798799099822645,True,all genetic population candidates,116,genetic_cfe,11,121126143,128126143,,512,no_disease_to_disease,,,,
4,64,256,64,51,172,0.051377063000472845,0.1893650539986993,True,all genetic population candidates,116,genetic_cfe,11,121126143,128126143,,512,no_disease_to_disease,,,,
5,64,320,64,53,221,0.05371141700015869,0.24307647099885799,True,all genetic population candidates,116,genetic_cfe,11,121126143,128126143,,512,no_disease_to_disease,,,,
6,64,384,64,55,271,0.056610285999340704,0.2996867569981987,True,all genetic population candidates,116,genetic_cfe,11,121126143,128126143,,512,no_disease_to_disease,,,,
7,64,448,64,53,321,0.054961213001661235,0.3546479699998599,True,all genetic population candidates,116,genetic_cfe,11,121126143,128126143,,512,no_disease_to_disease,,,,
8,64,512,64,55,373,0.05870510199929413,0.41335307199915405,True,all genetic population candidates,116,genetic_cfe,11,121126143,128126143,,512,no_disease_to_disease,,,,
1,512,512,16,16,1,0.10929825400125992,0.10929825400125992,True,final restart pool only,116,dice_gradient_style,11,121126143,128126143,,512,no_disease_to_disease,31.0,16.0,16.0,31.0
1,512,512,16,16,1,0.108373589000621,0.108373589000621,True,final restart pool only,116,wachter_style,11,121126143,128126143,,512,no_disease_to_disease,31.0,16.0,16.0,31.0
1,64,64,64,14,14,0.04356353500043042,0.04356353500043042,False,all independently sampled candidates,117,uniform_random,11,122126146,129126146,,512,no_disease_to_disease,,,,
2,64,128,64,20,34,0.04349484300109907,0.08705837800152949,False,all independently sampled candidates,117,uniform_random,11,122126146,129126146,,512,no_disease_to_disease,,,,
3,64,192,64,24,58,0.04403106599966122,0.1310894440011907,False,all independently sampled candidates,117,uniform_random,11,122126146,129126146,,512,no_disease_to_disease,,,,
4,64,256,64,28,86,0.045903438000095775,0.1769928820012865,False,all independently sampled candidates,117,uniform_random,11,122126146,129126146,,512,no_disease_to_disease,,,,
5,64,320,64,22,108,0.04517627600034757,0.22216915800163406,False,all independently sampled candidates,117,uniform_random,11,122126146,129126146,,512,no_disease_to_disease,,,,
6,64,384,64,25,133,0.04805990800014115,0.2702290660017752,False,all independently sampled candidates,117,uniform_random,11,122126146,129126146,,512,no_disease_to_disease,,,,
7,64,448,64,27,160,0.04641248499865469,0.3166415510004299,False,all independently sampled candidates,117,uniform_random,11,122126146,129126146,,512,no_disease_to_disease,,,,
8,64,512,64,23,183,0.04761245000008785,0.36425400100051775,False,all independently sampled candidates,117,uniform_random,11,122126146,129126146,,512,no_disease_to_disease,,,,
1,64,64,64,14,14,0.04115914499925566,0.04115914499925566,True,all genetic population candidates,117,genetic_cfe,11,122126146,129126146,,512,no_disease_to_disease,,,,
2,64,128,64,32,45,0.043110369000714854,0.08426951399997051,True,all genetic population candidates,117,genetic_cfe,11,122126146,129126146,,512,no_disease_to_disease,,,,
3,64,192,64,48,93,0.0458296809993044,0.13009919499927491,True,all genetic population candidates,117,genetic_cfe,11,122126146,129126146,,512,no_disease_to_disease,,,,
4,64,256,64,50,141,0.046860407001076965,0.17695960200035188,True,all genetic population candidates,117,genetic_cfe,11,122126146,129126146,,512,no_disease_to_disease,,,,
5,64,320,64,49,189,0.04907614199873933,0.2260357439990912,True,all genetic population candidates,117,genetic_cfe,11,122126146,129126146,,512,no_disease_to_disease,,,,
6,64,384,64,56,243,0.05319193099967379,0.279227674998765,True,all genetic population candidates,117,genetic_cfe,11,122126146,129126146,,512,no_disease_to_disease,,,,
7,64,448,64,53,292,0.05391083200083813,0.3331385069996031,True,all genetic population candidates,117,genetic_cfe,11,122126146,129126146,,512,no_disease_to_disease,,,,
8,64,512,64,60,350,0.06193797599917161,0.39507648299877474,True,all genetic population candidates,117,genetic_cfe,11,122126146,129126146,,512,no_disease_to_disease,,,,
1,512,512,16,16,1,0.11623763200077519,0.11623763200077519,True,final restart pool only,117,dice_gradient_style,11,122126146,129126146,,512,no_disease_to_disease,31.0,16.0,16.0,31.0
1,512,512,16,16,1,0.10707412999909138,0.10707412999909138,True,final restart pool only,117,wachter_style,11,122126146,129126146,,512,no_disease_to_disease,31.0,16.0,16.0,31.0
1,64,64,64,15,15,0.04323805300009553,0.04323805300009553,False,all independently sampled candidates,118,uniform_random,11,123126149,130126149,,512,no_disease_to_disease,,,,
2,64,128,64,13,28,0.042922290000205976,0.08616034300030151,False,all independently sampled candidates,118,uniform_random,11,123126149,130126149,,512,no_disease_to_disease,,,,
3,64,192,64,23,51,0.04553448399929039,0.1316948269995919,False,all independently sampled candidates,118,uniform_random,11,123126149,130126149,,512,no_disease_to_disease,,,,
4,64,256,63,29,80,0.04719658100111701,0.1788914080007089,False,all independently sampled candidates,118,uniform_random,11,123126149,130126149,,512,no_disease_to_disease,,,,
5,64,320,64,30,110,0.04822810099904018,0.2271195089997491,False,all independently sampled candidates,118,uniform_random,11,123126149,130126149,,512,no_disease_to_disease,,,,
6,64,384,63,25,135,0.04734499699952721,0.2744645059992763,False,all independently sampled candidates,118,uniform_random,11,123126149,130126149,,512,no_disease_to_disease,,,,
7,64,448,64,32,167,0.04888460599977407,0.32334911199905036,False,all independently sampled candidates,118,uniform_random,11,123126149,130126149,,512,no_disease_to_disease,,,,
8,64,512,64,28,195,0.04696230500121601,0.3703114170002664,False,all independently sampled candidates,118,uniform_random,11,123126149,130126149,,512,no_disease_to_disease,,,,
1,64,64,64,15,15,0.04173322299902793,0.04173322299902793,True,all genetic population candidates,118,genetic_cfe,11,123126149,130126149,,512,no_disease_to_disease,,,,
2,64,128,64,33,48,0.044780485000956105,0.08651370799998404,True,all genetic population candidates,118,genetic_cfe,11,123126149,130126149,,512,no_disease_to_disease,,,,
3,64,192,64,47,92,0.045845695000025444,0.13235940300000948,True,all genetic population candidates,118,genetic_cfe,11,123126149,130126149,,512,no_disease_to_disease,,,,
4,64,256,64,52,141,0.04989199499868846,0.18225139799869794,True,all genetic population candidates,118,genetic_cfe,11,123126149,130126149,,512,no_disease_to_disease,,,,
5,64,320,64,57,190,0.05013445700024022,0.23238585499893816,True,all genetic population candidates,118,genetic_cfe,11,123126149,130126149,,512,no_disease_to_disease,,,,
6,64,384,64,52,239,0.053602247000526404,0.28598810199946456,True,all genetic population candidates,118,genetic_cfe,11,123126149,130126149,,512,no_disease_to_disease,,,,
7,64,448,64,54,291,0.05545223899935081,0.3414403409988154,True,all genetic population candidates,118,genetic_cfe,11,123126149,130126149,,512,no_disease_to_disease,,,,
8,64,512,64,61,348,0.05948577400158683,0.4009261150004022,True,all genetic population candidates,118,genetic_cfe,11,123126149,130126149,,512,no_disease_to_disease,,,,
1,512,512,16,16,1,0.1179667669985065,0.1179667669985065,True,final restart pool only,118,dice_gradient_style,11,123126149,130126149,,512,no_disease_to_disease,31.0,16.0,16.0,31.0
1,512,512,16,16,1,0.10453379499995208,0.10453379499995208,True,final restart pool only,118,wachter_style,11,123126149,130126149,,512,no_disease_to_disease,31.0,16.0,16.0,31.0
1,64,64,64,20,20,0.04361054699984379,0.04361054699984379,False,all independently sampled candidates,119,uniform_random,11,124126152,131126152,,512,no_disease_to_disease,,,,
2,64,128,64,23,43,0.04414081299910322,0.08775135999894701,False,all independently sampled candidates,119,uniform_random,11,124126152,131126152,,512,no_disease_to_disease,,,,
3,64,192,64,26,69,0.04568900800040865,0.13344036799935566,False,all independently sampled candidates,119,uniform_random,11,124126152,131126152,,512,no_disease_to_disease,,,,
4,64,256,64,39,108,0.0453892330006056,0.17882960099996126,False,all independently sampled candidates,119,uniform_random,11,124126152,131126152,,512,no_disease_to_disease,,,,
5,64,320,64,25,133,0.04563558100016962,0.22446518200013088,False,all independently sampled candidates,119,uniform_random,11,124126152,131126152,,512,no_disease_to_disease,,,,
6,64,384,63,31,164,0.04748785999981919,0.2719530419999501,False,all independently sampled candidates,119,uniform_random,11,124126152,131126152,,512,no_disease_to_disease,,,,
7,64,448,64,18,182,0.04631354400044074,0.3182665860003908,False,all independently sampled candidates,119,uniform_random,11,124126152,131126152,,512,no_disease_to_disease,,,,
8,64,512,64,21,203,0.05009823399996094,0.36836482000035176,False,all independently sampled candidates,119,uniform_random,11,124126152,131126152,,512,no_disease_to_disease,,,,
1,64,64,64,20,20,0.0419058520001272,0.0419058520001272,True,all genetic population candidates,119,genetic_cfe,11,124126152,131126152,,512,no_disease_to_disease,,,,
2,64,128,64,42,59,0.0441201789999468,0.086026031000074,True,all genetic population candidates,119,genetic_cfe,11,124126152,131126152,,512,no_disease_to_disease,,,,
3,64,192,64,55,113,0.046875345999069395,0.1329013769991434,True,all genetic population candidates,119,genetic_cfe,11,124126152,131126152,,512,no_disease_to_disease,,,,
4,64,256,64,55,166,0.05050119800034736,0.18340257499949075,True,all genetic population candidates,119,genetic_cfe,11,124126152,131126152,,512,no_disease_to_disease,,,,
5,64,320,64,51,212,0.049270912999418215,0.23267348799890897,True,all genetic population candidates,119,genetic_cfe,11,124126152,131126152,,512,no_disease_to_disease,,,,
6,64,384,64,52,261,0.05319611100094335,0.2858695989998523,True,all genetic population candidates,119,genetic_cfe,11,124126152,131126152,,512,no_disease_to_disease,,,,
7,64,448,64,55,313,0.05615910699998494,0.34202870599983726,True,all genetic population candidates,119,genetic_cfe,11,124126152,131126152,,512,no_disease_to_disease,,,,
8,64,512,64,57,365,0.05791514599877701,0.39994385199861426,True,all genetic population candidates,119,genetic_cfe,11,124126152,131126152,,512,no_disease_to_disease,,,,
1,512,512,16,16,1,0.12030602199956775,0.12030602199956775,True,final restart pool only,119,dice_gradient_style,11,124126152,131126152,,512,no_disease_to_disease,31.0,16.0,16.0,31.0
1,512,512,16,16,1,0.10652537699934328,0.10652537699934328,True,final restart pool only,119,wachter_style,11,124126152,131126152,,512,no_disease_to_disease,31.0,16.0,16.0,31.0
1,64,64,64,12,12,0.044436579999455716,0.044436579999455716,False,all independently sampled candidates,120,uniform_random,11,125126155,132126155,,512,no_disease_to_disease,,,,
2,64,128,64,17,29,0.04658682900117128,0.091023409000627,False,all independently sampled candidates,120,uniform_random,11,125126155,132126155,,512,no_disease_to_disease,,,,
3,64,192,64,26,55,0.04316922999896633,0.13419263899959333,False,all independently sampled candidates,120,uniform_random,11,125126155,132126155,,512,no_disease_to_disease,,,,
4,64,256,64,23,78,0.04342255600022327,0.1776151949998166,False,all independently sampled candidates,120,uniform_random,11,125126155,132126155,,512,no_disease_to_disease,,,,
5,64,320,64,22,100,0.04977225599941448,0.22738745099923108,False,all independently sampled candidates,120,uniform_random,11,125126155,132126155,,512,no_disease_to_disease,,,,
6,64,384,64,29,129,0.04673381200154836,0.27412126300077944,False,all independently sampled candidates,120,uniform_random,11,125126155,132126155,,512,no_disease_to_disease,,,,
7,64,448,64,27,156,0.045332308998695225,0.31945357199947466,False,all independently sampled candidates,120,uniform_random,11,125126155,132126155,,512,no_disease_to_disease,,,,
8,64,512,63,29,185,0.04852824100089492,0.3679818130003696,False,all independently sampled candidates,120,uniform_random,11,125126155,132126155,,512,no_disease_to_disease,,,,
1,64,64,64,12,12,0.04341237399967213,0.04341237399967213,True,all genetic population candidates,120,genetic_cfe,11,125126155,132126155,,512,no_disease_to_disease,,,,
2,64,128,64,27,38,0.04267869199975394,0.08609106599942606,True,all genetic population candidates,120,genetic_cfe,11,125126155,132126155,,512,no_disease_to_disease,,,,
3,64,192,64,37,75,0.04472839899972314,0.1308194649991492,True,all genetic population candidates,120,genetic_cfe,11,125126155,132126155,,512,no_disease_to_disease,,,,
4,64,256,64,45,119,0.04561773900059052,0.17643720399973972,True,all genetic population candidates,120,genetic_cfe,11,125126155,132126155,,512,no_disease_to_disease,,,,
5,64,320,64,50,169,0.0487377600002219,0.22517496399996162,True,all genetic population candidates,120,genetic_cfe,11,125126155,132126155,,512,no_disease_to_disease,,,,
6,64,384,64,53,222,0.05221105999953579,0.2773860239994974,True,all genetic population candidates,120,genetic_cfe,11,125126155,132126155,,512,no_disease_to_disease,,,,
7,64,448,64,52,272,0.05537390400058939,0.3327599280000868,True,all genetic population candidates,120,genetic_cfe,11,125126155,132126155,,512,no_disease_to_disease,,,,
8,64,512,64,58,328,0.062352549999559415,0.3951124779996462,True,all genetic population candidates,120,genetic_cfe,11,125126155,132126155,,512,no_disease_to_disease,,,,
1,512,512,16,16,1,0.11647680399983074,0.11647680399983074,True,final restart pool only,120,dice_gradient_style,11,125126155,132126155,,512,no_disease_to_disease,31.0,16.0,16.0,31.0
1,512,512,16,16,1,0.10904112000025634,0.10904112000025634,True,final restart pool only,120,wachter_style,11,125126155,132126155,,512,no_disease_to_disease,31.0,16.0,16.0,31.0
1,64,64,64,16,16,0.04158649199962383,0.04158649199962383,False,all independently sampled candidates,121,uniform_random,11,126126158,133126158,,512,no_disease_to_disease,,,,
2,64,128,64,23,39,0.04236071000013908,0.08394720199976291,False,all independently sampled candidates,121,uniform_random,11,126126158,133126158,,512,no_disease_to_disease,,,,
3,64,192,64,26,65,0.0483228049997706,0.1322700069995335,False,all independently sampled candidates,121,uniform_random,11,126126158,133126158,,512,no_disease_to_disease,,,,
4,64,256,64,22,87,0.044667375999779324,0.17693738299931283,False,all independently sampled candidates,121,uniform_random,11,126126158,133126158,,512,no_disease_to_disease,,,,
5,64,320,64,28,115,0.04574448399944231,0.22268186699875514,False,all independently sampled candidates,121,uniform_random,11,126126158,133126158,,512,no_disease_to_disease,,,,
6,64,384,64,21,136,0.04508046000046306,0.2677623269992182,False,all independently sampled candidates,121,uniform_random,11,126126158,133126158,,512,no_disease_to_disease,,,,
7,64,448,64,29,165,0.04766001300049538,0.3154223399997136,False,all independently sampled candidates,121,uniform_random,11,126126158,133126158,,512,no_disease_to_disease,,,,
8,64,512,63,27,192,0.04754775199944561,0.3629700919991592,False,all independently sampled candidates,121,uniform_random,11,126126158,133126158,,512,no_disease_to_disease,,,,
1,64,64,64,16,16,0.04441435599983379,0.04441435599983379,True,all genetic population candidates,121,genetic_cfe,11,126126158,133126158,,512,no_disease_to_disease,,,,
2,64,128,64,32,47,0.04566637399875617,0.09008072999858996,True,all genetic population candidates,121,genetic_cfe,11,126126158,133126158,,512,no_disease_to_disease,,,,
3,64,192,64,49,95,0.047088561001146445,0.1371692909997364,True,all genetic population candidates,121,genetic_cfe,11,126126158,133126158,,512,no_disease_to_disease,,,,
4,64,256,64,51,144,0.048695280000174535,0.18586457099991094,True,all genetic population candidates,121,genetic_cfe,11,126126158,133126158,,512,no_disease_to_disease,,,,
5,64,320,64,57,195,0.051972029999888036,0.23783660099979897,True,all genetic population candidates,121,genetic_cfe,11,126126158,133126158,,512,no_disease_to_disease,,,,
6,64,384,64,57,252,0.0530022579987417,0.2908388589985407,True,all genetic population candidates,121,genetic_cfe,11,126126158,133126158,,512,no_disease_to_disease,,,,
7,64,448,64,52,302,0.05884246900131984,0.3496813279998605,True,all genetic population candidates,121,genetic_cfe,11,126126158,133126158,,512,no_disease_to_disease,,,,
8,64,512,64,56,357,0.05772949799938942,0.40741082599924994,True,all genetic population candidates,121,genetic_cfe,11,126126158,133126158,,512,no_disease_to_disease,,,,
1,512,512,16,16,1,0.11626225400141266,0.11626225400141266,True,final restart pool only,121,dice_gradient_style,11,126126158,133126158,,512,no_disease_to_disease,31.0,16.0,16.0,31.0
1,512,512,16,16,1,0.10389383700021426,0.10389383700021426,True,final restart pool only,121,wachter_style,11,126126158,133126158,,512,no_disease_to_disease,31.0,16.0,16.0,31.0
1,64,64,64,23,23,0.05090835100054392,0.05090835100054392,False,all independently sampled candidates,122,uniform_random,11,127126161,134126161,,512,no_disease_to_disease,,,,
2,64,128,64,25,48,0.04541697700005898,0.0963253280006029,False,all independently sampled candidates,122,uniform_random,11,127126161,134126161,,512,no_disease_to_disease,,,,
3,64,192,64,18,66,0.04643426999973599,0.14275959800033888,False,all independently sampled candidates,122,uniform_random,11,127126161,134126161,,512,no_disease_to_disease,,,,
4,64,256,64,22,88,0.04615095699955418,0.18891055499989307,False,all independently sampled candidates,122,uniform_random,11,127126161,134126161,,512,no_disease_to_disease,,,,
5,64,320,64,23,111,0.04481850999945891,0.23372906499935198,False,all independently sampled candidates,122,uniform_random,11,127126161,134126161,,512,no_disease_to_disease,,,,
6,64,384,64,23,134,0.04434737700103142,0.2780764420003834,False,all independently sampled candidates,122,uniform_random,11,127126161,134126161,,512,no_disease_to_disease,,,,
7,64,448,64,28,162,0.046194471999115194,0.3242709139994986,False,all independently sampled candidates,122,uniform_random,11,127126161,134126161,,512,no_disease_to_disease,,,,
8,64,512,64,25,187,0.0492980830003944,0.373568996999893,False,all independently sampled candidates,122,uniform_random,11,127126161,134126161,,512,no_disease_to_disease,,,,
1,64,64,64,23,23,0.04434352799944463,0.04434352799944463,True,all genetic population candidates,122,genetic_cfe,11,127126161,134126161,,512,no_disease_to_disease,,,,
2,64,128,64,38,59,0.046206582001104834,0.09055011000054947,True,all genetic population candidates,122,genetic_cfe,11,127126161,134126161,,512,no_disease_to_disease,,,,
3,64,192,64,49,103,0.047224026999174384,0.13777413699972385,True,all genetic population candidates,122,genetic_cfe,11,127126161,134126161,,512,no_disease_to_disease,,,,
4,64,256,64,58,160,0.05265698600123869,0.19043112300096254,True,all genetic population candidates,122,genetic_cfe,11,127126161,134126161,,512,no_disease_to_disease,,,,
5,64,320,64,54,209,0.058820296999329,0.24925142000029155,True,all genetic population candidates,122,genetic_cfe,11,127126161,134126161,,512,no_disease_to_disease,,,,
6,64,384,64,57,262,0.05596657999922172,0.30521799999951327,True,all genetic population candidates,122,genetic_cfe,11,127126161,134126161,,512,no_disease_to_disease,,,,
7,64,448,64,54,313,0.05703445800099871,0.362252458000512,True,all genetic population candidates,122,genetic_cfe,11,127126161,134126161,,512,no_disease_to_disease,,,,
8,64,512,64,58,366,0.06183598899951903,0.424088447000031,True,all genetic population candidates,122,genetic_cfe,11,127126161,134126161,,512,no_disease_to_disease,,,,
1,512,512,16,16,1,0.11912716000006185,0.11912716000006185,True,final restart pool only,122,dice_gradient_style,11,127126161,134126161,,512,no_disease_to_disease,31.0,16.0,16.0,31.0
1,512,512,16,16,1,0.10891735500081268,0.10891735500081268,True,final restart pool only,122,wachter_style,11,127126161,134126161,,512,no_disease_to_disease,31.0,16.0,16.0,31.0
1,64,64,64,26,26,0.04430130100081442,0.04430130100081442,False,all independently sampled candidates,123,uniform_random,11,128126164,135126164,,512,no_disease_to_disease,,,,
2,64,128,64,28,54,0.04401576800046314,0.08831706900127756,False,all independently sampled candidates,123,uniform_random,11,128126164,135126164,,512,no_disease_to_disease,,,,
3,64,192,64,23,77,0.04387044999930367,0.13218751900058123,False,all independently sampled candidates,123,uniform_random,11,128126164,135126164,,512,no_disease_to_disease,,,,
4,64,256,64,30,107,0.04788038200058509,0.18006790100116632,False,all independently sampled candidates,123,uniform_random,11,128126164,135126164,,512,no_disease_to_disease,,,,
5,64,320,64,26,133,0.045445779998772196,0.22551368099993852,False,all independently sampled candidates,123,uniform_random,11,128126164,135126164,,512,no_disease_to_disease,,,,
6,64,384,64,26,159,0.04742965500008722,0.27294333600002574,False,all independently sampled candidates,123,uniform_random,11,128126164,135126164,,512,no_disease_to_disease,,,,
7,64,448,64,29,188,0.04813397900034033,0.32107731500036607,False,all independently sampled candidates,123,uniform_random,11,128126164,135126164,,512,no_disease_to_disease,,,,
8,64,512,64,24,212,0.04622924199975387,0.36730655700011994,False,all independently sampled candidates,123,uniform_random,11,128126164,135126164,,512,no_disease_to_disease,,,,
1,64,64,64,26,26,0.04267691899985948,0.04267691899985948,True,all genetic population candidates,123,genetic_cfe,11,128126164,135126164,,512,no_disease_to_disease,,,,
2,64,128,64,44,67,0.04952834000141593,0.09220525900127541,True,all genetic population candidates,123,genetic_cfe,11,128126164,135126164,,512,no_disease_to_disease,,,,
3,64,192,64,43,106,0.047241127998859156,0.13944638700013456,True,all genetic population candidates,123,genetic_cfe,11,128126164,135126164,,512,no_disease_to_disease,,,,
4,64,256,64,49,153,0.05518124500122212,0.1946276320013567,True,all genetic population candidates,123,genetic_cfe,11,128126164,135126164,,512,no_disease_to_disease,,,,
5,64,320,64,55,206,0.09571502399921883,0.2903426560005755,True,all genetic population candidates,123,genetic_cfe,11,128126164,135126164,,512,no_disease_to_disease,,,,
6,64,384,64,52,254,0.06733615399934934,0.35767880999992485,True,all genetic population candidates,123,genetic_cfe,11,128126164,135126164,,512,no_disease_to_disease,,,,
7,64,448,64,47,301,0.06635082700086059,0.42402963700078544,True,all genetic population candidates,123,genetic_cfe,11,128126164,135126164,,512,no_disease_to_disease,,,,
8,64,512,64,51,351,0.06760769999891636,0.4916373369997018,True,all genetic population candidates,123,genetic_cfe,11,128126164,135126164,,512,no_disease_to_disease,,,,
1,512,512,16,16,1,0.10976800800017372,0.10976800800017372,True,final restart pool only,123,dice_gradient_style,11,128126164,135126164,,512,no_disease_to_disease,31.0,16.0,16.0,31.0
1,512,512,16,16,1,0.10578687799898034,0.10578687799898034,True,final restart pool only,123,wachter_style,11,128126164,135126164,,512,no_disease_to_disease,31.0,16.0,16.0,31.0
1,64,64,64,17,17,0.04213886999968963,0.04213886999968963,False,all independently sampled candidates,124,uniform_random,11,129126167,136126167,,512,no_disease_to_disease,,,,
2,64,128,64,23,40,0.04228582500036282,0.08442469500005245,False,all independently sampled candidates,124,uniform_random,11,129126167,136126167,,512,no_disease_to_disease,,,,
3,64,192,64,25,65,0.04376372899969283,0.12818842399974528,False,all independently sampled candidates,124,uniform_random,11,129126167,136126167,,512,no_disease_to_disease,,,,
4,64,256,64,17,82,0.044082883001465234,0.17227130700121052,False,all independently sampled candidates,124,uniform_random,11,129126167,136126167,,512,no_disease_to_disease,,,,
5,64,320,64,23,105,0.04643924099946162,0.21871054800067213,False,all independently sampled candidates,124,uniform_random,11,129126167,136126167,,512,no_disease_to_disease,,,,
6,64,384,64,19,124,0.045418484000038006,0.26412903200071014,False,all independently sampled candidates,124,uniform_random,11,129126167,136126167,,512,no_disease_to_disease,,,,
7,64,448,64,21,145,0.0441870779995952,0.30831611000030534,False,all independently sampled candidates,124,uniform_random,11,129126167,136126167,,512,no_disease_to_disease,,,,
8,64,512,64,23,168,0.04597813500004122,0.35429424500034656,False,all independently sampled candidates,124,uniform_random,11,129126167,136126167,,512,no_disease_to_disease,,,,
1,64,64,64,17,17,0.04221092199986742,0.04221092199986742,True,all genetic population candidates,124,genetic_cfe,11,129126167,136126167,,512,no_disease_to_disease,,,,
2,64,128,64,35,52,0.04491883000082453,0.08712975200069195,True,all genetic population candidates,124,genetic_cfe,11,129126167,136126167,,512,no_disease_to_disease,,,,
3,64,192,64,47,99,0.047608731998479925,0.13473848399917188,True,all genetic population candidates,124,genetic_cfe,11,129126167,136126167,,512,no_disease_to_disease,,,,
4,64,256,64,48,146,0.048010127000452485,0.18274861099962436,True,all genetic population candidates,124,genetic_cfe,11,129126167,136126167,,512,no_disease_to_disease,,,,
5,64,320,64,52,197,0.052532130999679794,0.23528074199930415,True,all genetic population candidates,124,genetic_cfe,11,129126167,136126167,,512,no_disease_to_disease,,,,
6,64,384,64,51,244,0.05418971900144243,0.2894704610007466,True,all genetic population candidates,124,genetic_cfe,11,129126167,136126167,,512,no_disease_to_disease,,,,
7,64,448,64,57,297,0.05743183599952317,0.34690229700026975,True,all genetic population candidates,124,genetic_cfe,11,129126167,136126167,,512,no_disease_to_disease,,,,
8,64,512,64,60,356,0.05770998799926019,0.40461228499952995,True,all genetic population candidates,124,genetic_cfe,11,129126167,136126167,,512,no_disease_to_disease,,,,
1,512,512,16,16,1,0.1287604140015901,0.1287604140015901,True,final restart pool only,124,dice_gradient_style,11,129126167,136126167,,512,no_disease_to_disease,31.0,16.0,16.0,31.0
1,512,512,16,16,1,0.10105927000040538,0.10105927000040538,True,final restart pool only,124,wachter_style,11,129126167,136126167,,512,no_disease_to_disease,31.0,16.0,16.0,31.0
1,64,64,64,23,23,0.044243180000194116,0.044243180000194116,False,all independently sampled candidates,125,uniform_random,11,130126170,137126170,,512,no_disease_to_disease,,,,
2,64,128,64,22,45,0.04399380900031247,0.08823698900050658,False,all independently sampled candidates,125,uniform_random,11,130126170,137126170,,512,no_disease_to_disease,,,,
3,64,192,64,27,72,0.043799564000437385,0.13203655300094397,False,all independently sampled candidates,125,uniform_random,11,130126170,137126170,,512,no_disease_to_disease,,,,
4,64,256,64,19,91,0.04472748400075943,0.1767640370017034,False,all independently sampled candidates,125,uniform_random,11,130126170,137126170,,512,no_disease_to_disease,,,,
5,64,320,64,23,114,0.04463433699856978,0.22139837400027318,False,all independently sampled candidates,125,uniform_random,11,130126170,137126170,,512,no_disease_to_disease,,,,
6,64,384,64,25,139,0.04645846000130405,0.2678568340015772,False,all independently sampled candidates,125,uniform_random,11,130126170,137126170,,512,no_disease_to_disease,,,,
7,64,448,64,24,163,0.04599760199926095,0.3138544360008382,False,all independently sampled candidates,125,uniform_random,11,130126170,137126170,,512,no_disease_to_disease,,,,
8,64,512,64,22,185,0.045717896000496694,0.35957233200133487,False,all independently sampled candidates,125,uniform_random,11,130126170,137126170,,512,no_disease_to_disease,,,,
1,64,64,64,23,23,0.042046112999742036,0.042046112999742036,True,all genetic population candidates,125,genetic_cfe,11,130126170,137126170,,512,no_disease_to_disease,,,,
2,64,128,64,44,66,0.044644531000813004,0.08669064400055504,True,all genetic population candidates,125,genetic_cfe,11,130126170,137126170,,512,no_disease_to_disease,,,,
3,64,192,64,53,118,0.048362601999542676,0.13505324600009772,True,all genetic population candidates,125,genetic_cfe,11,130126170,137126170,,512,no_disease_to_disease,,,,
4,64,256,64,49,166,0.04960591800045222,0.18465916400054994,True,all genetic population candidates,125,genetic_cfe,11,130126170,137126170,,512,no_disease_to_disease,,,,
5,64,320,64,55,217,0.052533281999785686,0.23719244600033562,True,all genetic population candidates,125,genetic_cfe,11,130126170,137126170,,512,no_disease_to_disease,,,,
6,64,384,64,56,272,0.053632908000508905,0.2908253540008445,True,all genetic population candidates,125,genetic_cfe,11,130126170,137126170,,512,no_disease_to_disease,,,,
7,64,448,64,58,328,0.05557218399917474,0.34639753800001927,True,all genetic population candidates,125,genetic_cfe,11,130126170,137126170,,512,no_disease_to_disease,,,,
8,64,512,64,60,382,0.05919901600100275,0.405596554001022,True,all genetic population candidates,125,genetic_cfe,11,130126170,137126170,,512,no_disease_to_disease,,,,
1,512,512,16,16,1,0.1128170259999024,0.1128170259999024,True,final restart pool only,125,dice_gradient_style,11,130126170,137126170,,512,no_disease_to_disease,31.0,16.0,16.0,31.0
1,512,512,16,16,1,0.12325029100065876,0.12325029100065876,True,final restart pool only,125,wachter_style,11,130126170,137126170,,512,no_disease_to_disease,31.0,16.0,16.0,31.0
1,64,64,64,25,25,0.043098936999740545,0.043098936999740545,False,all independently sampled candidates,126,uniform_random,11,131126173,138126173,,512,no_disease_to_disease,,,,
2,64,128,64,21,46,0.0433111389993428,0.08641007599908335,False,all independently sampled candidates,126,uniform_random,11,131126173,138126173,,512,no_disease_to_disease,,,,
3,64,192,64,21,67,0.043779772000561934,0.13018984799964528,False,all independently sampled candidates,126,uniform_random,11,131126173,138126173,,512,no_disease_to_disease,,,,
4,64,256,64,27,94,0.044976598999710404,0.17516644699935568,False,all independently sampled candidates,126,uniform_random,11,131126173,138126173,,512,no_disease_to_disease,,,,
5,64,320,64,20,114,0.04593562399895745,0.22110207099831314,False,all independently sampled candidates,126,uniform_random,11,131126173,138126173,,512,no_disease_to_disease,,,,
6,64,384,64,25,139,0.046539204000509926,0.26764127499882306,False,all independently sampled candidates,126,uniform_random,11,131126173,138126173,,512,no_disease_to_disease,,,,
7,64,448,64,22,161,0.045358569999734755,0.3129998449985578,False,all independently sampled candidates,126,uniform_random,11,131126173,138126173,,512,no_disease_to_disease,,,,
8,64,512,64,35,196,0.04696734400022251,0.35996718899878033,False,all independently sampled candidates,126,uniform_random,11,131126173,138126173,,512,no_disease_to_disease,,,,
1,64,64,64,25,25,0.0424018249996152,0.0424018249996152,True,all genetic population candidates,126,genetic_cfe,11,131126173,138126173,,512,no_disease_to_disease,,,,
2,64,128,64,37,61,0.04449773099986487,0.08689955599948007,True,all genetic population candidates,126,genetic_cfe,11,131126173,138126173,,512,no_disease_to_disease,,,,
3,64,192,64,49,108,0.04936851300044509,0.13626806899992516,True,all genetic population candidates,126,genetic_cfe,11,131126173,138126173,,512,no_disease_to_disease,,,,
4,64,256,64,55,162,0.05120385000009264,0.1874719190000178,True,all genetic population candidates,126,genetic_cfe,11,131126173,138126173,,512,no_disease_to_disease,,,,
5,64,320,64,58,216,0.05394576800063078,0.24141768700064858,True,all genetic population candidates,126,genetic_cfe,11,131126173,138126173,,512,no_disease_to_disease,,,,
6,64,384,64,59,272,0.057262493999587605,0.2986801810002362,True,all genetic population candidates,126,genetic_cfe,11,131126173,138126173,,512,no_disease_to_disease,,,,
7,64,448,64,56,322,0.0590281770000729,0.3577083580003091,True,all genetic population candidates,126,genetic_cfe,11,131126173,138126173,,512,no_disease_to_disease,,,,
8,64,512,64,49,370,0.05791513700023643,0.4156234950005455,True,all genetic population candidates,126,genetic_cfe,11,131126173,138126173,,512,no_disease_to_disease,,,,
1,512,512,16,16,1,0.11652564100040763,0.11652564100040763,True,final restart pool only,126,dice_gradient_style,11,131126173,138126173,,512,no_disease_to_disease,31.0,16.0,16.0,31.0
1,512,512,16,16,1,0.10421975099961855,0.10421975099961855,True,final restart pool only,126,wachter_style,11,131126173,138126173,,512,no_disease_to_disease,31.0,16.0,16.0,31.0
1,64,64,64,23,23,0.044623739000599016,0.044623739000599016,False,all independently sampled candidates,127,uniform_random,11,132126176,139126176,,512,no_disease_to_disease,,,,
2,64,128,64,23,46,0.044650079998973524,0.08927381899957254,False,all independently sampled candidates,127,uniform_random,11,132126176,139126176,,512,no_disease_to_disease,,,,
3,64,192,64,20,66,0.04415108099965437,0.1334248999992269,False,all independently sampled candidates,127,uniform_random,11,132126176,139126176,,512,no_disease_to_disease,,,,
4,64,256,64,14,80,0.04418958500173176,0.17761448500095867,False,all independently sampled candidates,127,uniform_random,11,132126176,139126176,,512,no_disease_to_disease,,,,
5,64,320,64,20,100,0.04347799899915117,0.22109248400010983,False,all independently sampled candidates,127,uniform_random,11,132126176,139126176,,512,no_disease_to_disease,,,,
6,64,384,64,24,124,0.044655499999862514,0.26574798399997235,False,all independently sampled candidates,127,uniform_random,11,132126176,139126176,,512,no_disease_to_disease,,,,
7,64,448,64,27,151,0.0468586150000192,0.31260659899999155,False,all independently sampled candidates,127,uniform_random,11,132126176,139126176,,512,no_disease_to_disease,,,,
8,64,512,64,24,175,0.04539604800083907,0.3580026470008306,False,all independently sampled candidates,127,uniform_random,11,132126176,139126176,,512,no_disease_to_disease,,,,
1,64,64,64,23,23,0.04396885599999223,0.04396885599999223,True,all genetic population candidates,127,genetic_cfe,11,132126176,139126176,,512,no_disease_to_disease,,,,
2,64,128,64,41,63,0.045272146999195684,0.08924100299918791,True,all genetic population candidates,127,genetic_cfe,11,132126176,139126176,,512,no_disease_to_disease,,,,
3,64,192,64,49,111,0.046129091999318916,0.13537009499850683,True,all genetic population candidates,127,genetic_cfe,11,132126176,139126176,,512,no_disease_to_disease,,,,
4,64,256,64,55,162,0.04908506799984025,0.18445516299834708,True,all genetic population candidates,127,genetic_cfe,11,132126176,139126176,,512,no_disease_to_disease,,,,
5,64,320,64,49,210,0.051368766000450705,0.23582392899879778,True,all genetic population candidates,127,genetic_cfe,11,132126176,139126176,,512,no_disease_to_disease,,,,
6,64,384,64,56,265,0.054660244000842795,0.2904841729996406,True,all genetic population candidates,127,genetic_cfe,11,132126176,139126176,,512,no_disease_to_disease,,,,
7,64,448,64,56,316,0.0567919980003353,0.3472761709999759,True,all genetic population candidates,127,genetic_cfe,11,132126176,139126176,,512,no_disease_to_disease,,,,
8,64,512,64,46,358,0.05544799599920225,0.4027241669991781,True,all genetic population candidates,127,genetic_cfe,11,132126176,139126176,,512,no_disease_to_disease,,,,
1,512,512,16,16,1,0.11525332800010801,0.11525332800010801,True,final restart pool only,127,dice_gradient_style,11,132126176,139126176,,512,no_disease_to_disease,31.0,16.0,16.0,31.0
1,512,512,16,16,1,0.10739459300020826,0.10739459300020826,True,final restart pool only,127,wachter_style,11,132126176,139126176,,512,no_disease_to_disease,31.0,16.0,16.0,31.0
1,64,64,64,16,16,0.042467438001040136,0.042467438001040136,False,all independently sampled candidates,128,uniform_random,11,133126179,140126179,,512,no_disease_to_disease,,,,
2,64,128,64,21,37,0.042560538999168784,0.08502797700020892,False,all independently sampled candidates,128,uniform_random,11,133126179,140126179,,512,no_disease_to_disease,,,,
3,64,192,64,21,58,0.04432665199965413,0.12935462899986305,False,all independently sampled candidates,128,uniform_random,11,133126179,140126179,,512,no_disease_to_disease,,,,
4,64,256,64,21,79,0.04662937800094369,0.17598400700080674,False,all independently sampled candidates,128,uniform_random,11,133126179,140126179,,512,no_disease_to_disease,,,,
5,64,320,64,19,98,0.0627210999991803,0.23870510699998704,False,all independently sampled candidates,128,uniform_random,11,133126179,140126179,,512,no_disease_to_disease,,,,
6,64,384,64,23,121,0.04603422199943452,0.28473932899942156,False,all independently sampled candidates,128,uniform_random,11,133126179,140126179,,512,no_disease_to_disease,,,,
7,64,448,64,22,143,0.049054334000175004,0.33379366299959656,False,all independently sampled candidates,128,uniform_random,11,133126179,140126179,,512,no_disease_to_disease,,,,
8,64,512,64,30,173,0.053767373001392116,0.3875610360009887,False,all independently sampled candidates,128,uniform_random,11,133126179,140126179,,512,no_disease_to_disease,,,,
1,64,64,64,16,16,0.04351240399955714,0.04351240399955714,True,all genetic population candidates,128,genetic_cfe,11,133126179,140126179,,512,no_disease_to_disease,,,,
2,64,128,64,33,49,0.044885458000862855,0.08839786200041999,True,all genetic population candidates,128,genetic_cfe,11,133126179,140126179,,512,no_disease_to_disease,,,,
3,64,192,64,37,86,0.04649602700010291,0.1348938890005229,True,all genetic population candidates,128,genetic_cfe,11,133126179,140126179,,512,no_disease_to_disease,,,,
4,64,256,64,56,140,0.047997768999266555,0.18289165799978946,True,all genetic population candidates,128,genetic_cfe,11,133126179,140126179,,512,no_disease_to_disease,,,,
5,64,320,64,52,188,0.04846477700084506,0.23135643500063452,True,all genetic population candidates,128,genetic_cfe,11,133126179,140126179,,512,no_disease_to_disease,,,,
6,64,384,64,52,237,0.05157155199958652,0.28292798700022104,True,all genetic population candidates,128,genetic_cfe,11,133126179,140126179,,512,no_disease_to_disease,,,,
7,64,448,64,58,295,0.05475838699931046,0.3376863739995315,True,all genetic population candidates,128,genetic_cfe,11,133126179,140126179,,512,no_disease_to_disease,,,,
8,64,512,64,59,347,0.057131579000269994,0.3948179529998015,True,all genetic population candidates,128,genetic_cfe,11,133126179,140126179,,512,no_disease_to_disease,,,,
1,512,512,16,16,1,0.1064936349994241,0.1064936349994241,True,final restart pool only,128,dice_gradient_style,11,133126179,140126179,,512,no_disease_to_disease,31.0,16.0,16.0,31.0
1,512,512,16,16,1,0.10760064100031741,0.10760064100031741,True,final restart pool only,128,wachter_style,11,133126179,140126179,,512,no_disease_to_disease,31.0,16.0,16.0,31.0
1,64,64,64,14,14,0.042005194000012125,0.042005194000012125,False,all independently sampled candidates,129,uniform_random,11,134126182,141126182,,512,no_disease_to_disease,,,,
2,64,128,64,23,37,0.043570503999944776,0.0855756979999569,False,all independently sampled candidates,129,uniform_random,11,134126182,141126182,,512,no_disease_to_disease,,,,
3,64,192,64,19,56,0.04381237300003704,0.12938807099999394,False,all independently sampled candidates,129,uniform_random,11,134126182,141126182,,512,no_disease_to_disease,,,,
4,64,256,64,20,76,0.04396010200071032,0.17334817300070426,False,all independently sampled candidates,129,uniform_random,11,134126182,141126182,,512,no_disease_to_disease,,,,
5,64,320,64,22,98,0.047616242000003695,0.22096441500070796,False,all independently sampled candidates,129,uniform_random,11,134126182,141126182,,512,no_disease_to_disease,,,,
6,64,384,64,22,120,0.04580182899917418,0.26676624399988214,False,all independently sampled candidates,129,uniform_random,11,134126182,141126182,,512,no_disease_to_disease,,,,
7,64,448,64,23,143,0.04463618800036784,0.31140243200025,False,all independently sampled candidates,129,uniform_random,11,134126182,141126182,,512,no_disease_to_disease,,,,
8,64,512,64,30,173,0.04833430700091412,0.3597367390011641,False,all independently sampled candidates,129,uniform_random,11,134126182,141126182,,512,no_disease_to_disease,,,,
1,64,64,64,14,14,0.042069286999321776,0.042069286999321776,True,all genetic population candidates,129,genetic_cfe,11,134126182,141126182,,512,no_disease_to_disease,,,,
2,64,128,64,26,39,0.04442595100044855,0.08649523799977032,True,all genetic population candidates,129,genetic_cfe,11,134126182,141126182,,512,no_disease_to_disease,,,,
3,64,192,64,44,83,0.04510762199970486,0.13160285999947519,True,all genetic population candidates,129,genetic_cfe,11,134126182,141126182,,512,no_disease_to_disease,,,,
4,64,256,64,52,133,0.048070026001369115,0.1796728860008443,True,all genetic population candidates,129,genetic_cfe,11,134126182,141126182,,512,no_disease_to_disease,,,,
5,64,320,64,54,186,0.04938337499879708,0.22905626099964138,True,all genetic population candidates,129,genetic_cfe,11,134126182,141126182,,512,no_disease_to_disease,,,,
6,64,384,64,60,242,0.0539961829999811,0.2830524439996225,True,all genetic population candidates,129,genetic_cfe,11,134126182,141126182,,512,no_disease_to_disease,,,,
7,64,448,64,55,294,0.05219511700124713,0.3352475610008696,True,all genetic population candidates,129,genetic_cfe,11,134126182,141126182,,512,no_disease_to_disease,,,,
8,64,512,64,61,351,0.058462540999244084,0.3937101020001137,True,all genetic population candidates,129,genetic_cfe,11,134126182,141126182,,512,no_disease_to_disease,,,,
1,512,512,16,16,1,0.10735096800090105,0.10735096800090105,True,final restart pool only,129,dice_gradient_style,11,134126182,141126182,,512,no_disease_to_disease,31.0,16.0,16.0,31.0
1,512,512,16,16,1,0.11099251700034074,0.11099251700034074,True,final restart pool only,129,wachter_style,11,134126182,141126182,,512,no_disease_to_disease,31.0,16.0,16.0,31.0
1,64,64,64,21,21,0.043250159000308486,0.043250159000308486,False,all independently sampled candidates,130,uniform_random,11,135126185,142126185,,512,no_disease_to_disease,,,,
2,64,128,64,21,42,0.04450245799853292,0.0877526169988414,False,all independently sampled candidates,130,uniform_random,11,135126185,142126185,,512,no_disease_to_disease,,,,
3,64,192,64,19,61,0.04670575700038171,0.1344583739992231,False,all independently sampled candidates,130,uniform_random,11,135126185,142126185,,512,no_disease_to_disease,,,,
4,64,256,64,22,83,0.04591818200060516,0.18037655599982827,False,all independently sampled candidates,130,uniform_random,11,135126185,142126185,,512,no_disease_to_disease,,,,
5,64,320,64,24,107,0.045058513000185485,0.22543506900001375,False,all independently sampled candidates,130,uniform_random,11,135126185,142126185,,512,no_disease_to_disease,,,,
6,64,384,64,24,131,0.04692737599907559,0.27236244499908935,False,all independently sampled candidates,130,uniform_random,11,135126185,142126185,,512,no_disease_to_disease,,,,
7,64,448,64,24,155,0.04711548399973253,0.3194779289988219,False,all independently sampled candidates,130,uniform_random,11,135126185,142126185,,512,no_disease_to_disease,,,,
8,64,512,64,23,178,0.04882221700063383,0.3683001459994557,False,all independently sampled candidates,130,uniform_random,11,135126185,142126185,,512,no_disease_to_disease,,,,
1,64,64,64,21,21,0.042683666999437264,0.042683666999437264,True,all genetic population candidates,130,genetic_cfe,11,135126185,142126185,,512,no_disease_to_disease,,,,
2,64,128,64,34,53,0.044345289999910165,0.08702895699934743,True,all genetic population candidates,130,genetic_cfe,11,135126185,142126185,,512,no_disease_to_disease,,,,
3,64,192,64,45,96,0.047847133999312064,0.1348760909986595,True,all genetic population candidates,130,genetic_cfe,11,135126185,142126185,,512,no_disease_to_disease,,,,
4,64,256,64,51,146,0.049983224000243354,0.18485931499890285,True,all genetic population candidates,130,genetic_cfe,11,135126185,142126185,,512,no_disease_to_disease,,,,
5,64,320,64,54,198,0.05067603399947984,0.2355353489983827,True,all genetic population candidates,130,genetic_cfe,11,135126185,142126185,,512,no_disease_to_disease,,,,
6,64,384,64,55,247,0.05468134900002042,0.2902166979984031,True,all genetic population candidates,130,genetic_cfe,11,135126185,142126185,,512,no_disease_to_disease,,,,
7,64,448,64,56,302,0.05859211500137462,0.34880881299977773,True,all genetic population candidates,130,genetic_cfe,11,135126185,142126185,,512,no_disease_to_disease,,,,
8,64,512,64,57,357,0.059884028998567373,0.4086928419983451,True,all genetic population candidates,130,genetic_cfe,11,135126185,142126185,,512,no_disease_to_disease,,,,
1,512,512,16,16,1,0.116751662999377,0.116751662999377,True,final restart pool only,130,dice_gradient_style,11,135126185,142126185,,512,no_disease_to_disease,31.0,16.0,16.0,31.0
1,512,512,16,16,1,0.10236335399895324,0.10236335399895324,True,final restart pool only,130,wachter_style,11,135126185,142126185,,512,no_disease_to_disease,31.0,16.0,16.0,31.0
1,64,64,64,38,38,0.04370538699913595,0.04370538699913595,False,all independently sampled candidates,131,uniform_random,11,136126188,143126188,,512,no_disease_to_disease,,,,
2,64,128,64,28,66,0.04462034700009099,0.08832573399922694,False,all independently sampled candidates,131,uniform_random,11,136126188,143126188,,512,no_disease_to_disease,,,,
3,64,192,64,29,95,0.04411286799950176,0.1324386019987287,False,all independently sampled candidates,131,uniform_random,11,136126188,143126188,,512,no_disease_to_disease,,,,
4,64,256,64,22,117,0.045756191000691615,0.17819479299942032,False,all independently sampled candidates,131,uniform_random,11,136126188,143126188,,512,no_disease_to_disease,,,,
5,64,320,64,23,140,0.04578024100010225,0.22397503399952257,False,all independently sampled candidates,131,uniform_random,11,136126188,143126188,,512,no_disease_to_disease,,,,
6,64,384,64,25,165,0.046180282999557676,0.27015531699908024,False,all independently sampled candidates,131,uniform_random,11,136126188,143126188,,512,no_disease_to_disease,,,,
7,64,448,64,27,192,0.04668334800044249,0.31683866499952273,False,all independently sampled candidates,131,uniform_random,11,136126188,143126188,,512,no_disease_to_disease,,,,
8,64,512,64,26,218,0.04626399600056175,0.3631026610000845,False,all independently sampled candidates,131,uniform_random,11,136126188,143126188,,512,no_disease_to_disease,,,,
1,64,64,64,38,38,0.04415830500147422,0.04415830500147422,True,all genetic population candidates,131,genetic_cfe,11,136126188,143126188,,512,no_disease_to_disease,,,,
2,64,128,64,48,83,0.04537244399944029,0.08953074900091451,True,all genetic population candidates,131,genetic_cfe,11,136126188,143126188,,512,no_disease_to_disease,,,,
3,64,192,64,53,135,0.04612035599893716,0.13565110499985167,True,all genetic population candidates,131,genetic_cfe,11,136126188,143126188,,512,no_disease_to_disease,,,,
4,64,256,64,51,184,0.050117031001718715,0.18576813600157038,True,all genetic population candidates,131,genetic_cfe,11,136126188,143126188,,512,no_disease_to_disease,,,,
5,64,320,64,49,231,0.05121815699931176,0.23698629300088214,True,all genetic population candidates,131,genetic_cfe,11,136126188,143126188,,512,no_disease_to_disease,,,,
6,64,384,64,53,282,0.053860912999880384,0.2908472060007625,True,all genetic population candidates,131,genetic_cfe,11,136126188,143126188,,512,no_disease_to_disease,,,,
7,64,448,64,58,338,0.05639967500064813,0.34724688100141066,True,all genetic population candidates,131,genetic_cfe,11,136126188,143126188,,512,no_disease_to_disease,,,,
8,64,512,64,57,393,0.06209029399906285,0.4093371750004735,True,all genetic population candidates,131,genetic_cfe,11,136126188,143126188,,512,no_disease_to_disease,,,,
1,512,512,16,16,1,0.10901702599949203,0.10901702599949203,True,final restart pool only,131,dice_gradient_style,11,136126188,143126188,,512,no_disease_to_disease,31.0,16.0,16.0,31.0
1,512,512,16,16,1,0.10478359999979148,0.10478359999979148,True,final restart pool only,131,wachter_style,11,136126188,143126188,,512,no_disease_to_disease,31.0,16.0,16.0,31.0
1,64,64,64,20,20,0.04289189799965243,0.04289189799965243,False,all independently sampled candidates,132,uniform_random,11,137126191,144126191,,512,no_disease_to_disease,,,,
2,64,128,64,28,48,0.04383107600006042,0.08672297399971285,False,all independently sampled candidates,132,uniform_random,11,137126191,144126191,,512,no_disease_to_disease,,,,
3,64,192,64,24,72,0.04537015700043412,0.13209313100014697,False,all independently sampled candidates,132,uniform_random,11,137126191,144126191,,512,no_disease_to_disease,,,,
4,64,256,64,22,94,0.04423649899945303,0.1763296299996,False,all independently sampled candidates,132,uniform_random,11,137126191,144126191,,512,no_disease_to_disease,,,,
5,64,320,64,27,121,0.04534059499928844,0.22167022499888844,False,all independently sampled candidates,132,uniform_random,11,137126191,144126191,,512,no_disease_to_disease,,,,
6,64,384,64,31,152,0.04786743400109117,0.2695376589999796,False,all independently sampled candidates,132,uniform_random,11,137126191,144126191,,512,no_disease_to_disease,,,,
7,64,448,64,19,171,0.048178142998949625,0.31771580199892924,False,all independently sampled candidates,132,uniform_random,11,137126191,144126191,,512,no_disease_to_disease,,,,
8,64,512,64,26,197,0.04646113300077559,0.3641769349997048,False,all independently sampled candidates,132,uniform_random,11,137126191,144126191,,512,no_disease_to_disease,,,,
1,64,64,64,20,20,0.04216794199965079,0.04216794199965079,True,all genetic population candidates,132,genetic_cfe,11,137126191,144126191,,512,no_disease_to_disease,,,,
2,64,128,64,38,57,0.044680221000817255,0.08684816300046805,True,all genetic population candidates,132,genetic_cfe,11,137126191,144126191,,512,no_disease_to_disease,,,,
3,64,192,64,51,104,0.0477941169992846,0.13464227999975265,True,all genetic population candidates,132,genetic_cfe,11,137126191,144126191,,512,no_disease_to_disease,,,,
4,64,256,64,57,159,0.0513840790008544,0.18602635900060704,True,all genetic population candidates,132,genetic_cfe,11,137126191,144126191,,512,no_disease_to_disease,,,,
5,64,320,64,54,212,0.05182883599991328,0.23785519500052033,True,all genetic population candidates,132,genetic_cfe,11,137126191,144126191,,512,no_disease_to_disease,,,,
6,64,384,64,49,255,0.05291119499997876,0.2907663900004991,True,all genetic population candidates,132,genetic_cfe,11,137126191,144126191,,512,no_disease_to_disease,,,,
7,64,448,64,54,305,0.054706005999832996,0.3454723960003321,True,all genetic population candidates,132,genetic_cfe,11,137126191,144126191,,512,no_disease_to_disease,,,,
8,64,512,64,53,355,0.056576400998892495,0.4020487969992246,True,all genetic population candidates,132,genetic_cfe,11,137126191,144126191,,512,no_disease_to_disease,,,,
1,512,512,16,16,1,0.12042077500154846,0.12042077500154846,True,final restart pool only,132,dice_gradient_style,11,137126191,144126191,,512,no_disease_to_disease,31.0,16.0,16.0,31.0
1,512,512,16,16,1,0.10882366700025159,0.10882366700025159,True,final restart pool only,132,wachter_style,11,137126191,144126191,,512,no_disease_to_disease,31.0,16.0,16.0,31.0
1,64,64,64,27,27,0.04324533100043482,0.04324533100043482,False,all independently sampled candidates,133,uniform_random,11,138126194,145126194,,512,no_disease_to_disease,,,,
2,64,128,64,18,45,0.04421192900008464,0.08745726000051945,False,all independently sampled candidates,133,uniform_random,11,138126194,145126194,,512,no_disease_to_disease,,,,
3,64,192,64,27,72,0.04455625400078134,0.1320135140013008,False,all independently sampled candidates,133,uniform_random,11,138126194,145126194,,512,no_disease_to_disease,,,,
4,64,256,64,23,95,0.04694821599878196,0.17896173000008275,False,all independently sampled candidates,133,uniform_random,11,138126194,145126194,,512,no_disease_to_disease,,,,
5,64,320,64,25,120,0.044979233000049135,0.2239409630001319,False,all independently sampled candidates,133,uniform_random,11,138126194,145126194,,512,no_disease_to_disease,,,,
6,64,384,64,26,146,0.045090036999681615,0.2690309999998135,False,all independently sampled candidates,133,uniform_random,11,138126194,145126194,,512,no_disease_to_disease,,,,
7,64,448,64,26,172,0.04553754900007334,0.31456854899988684,False,all independently sampled candidates,133,uniform_random,11,138126194,145126194,,512,no_disease_to_disease,,,,
8,64,512,64,27,199,0.04684230200109596,0.3614108510009828,False,all independently sampled candidates,133,uniform_random,11,138126194,145126194,,512,no_disease_to_disease,,,,
1,64,64,64,27,27,0.04322926600070787,0.04322926600070787,True,all genetic population candidates,133,genetic_cfe,11,138126194,145126194,,512,no_disease_to_disease,,,,
2,64,128,64,42,68,0.04793686099947081,0.09116612700017868,True,all genetic population candidates,133,genetic_cfe,11,138126194,145126194,,512,no_disease_to_disease,,,,
3,64,192,64,45,113,0.046701708999535185,0.13786783599971386,True,all genetic population candidates,133,genetic_cfe,11,138126194,145126194,,512,no_disease_to_disease,,,,
4,64,256,64,50,163,0.048169341000175336,0.1860371769998892,True,all genetic population candidates,133,genetic_cfe,11,138126194,145126194,,512,no_disease_to_disease,,,,
5,64,320,64,53,211,0.048765886000182945,0.23480306300007214,True,all genetic population candidates,133,genetic_cfe,11,138126194,145126194,,512,no_disease_to_disease,,,,
6,64,384,64,55,264,0.05347574799998256,0.2882788110000547,True,all genetic population candidates,133,genetic_cfe,11,138126194,145126194,,512,no_disease_to_disease,,,,
7,64,448,64,61,319,0.05737942199993995,0.34565823299999465,True,all genetic population candidates,133,genetic_cfe,11,138126194,145126194,,512,no_disease_to_disease,,,,
8,64,512,64,61,373,0.05992096699992544,0.4055791999999201,True,all genetic population candidates,133,genetic_cfe,11,138126194,145126194,,512,no_disease_to_disease,,,,
1,512,512,16,16,1,0.10844344999895839,0.10844344999895839,True,final restart pool only,133,dice_gradient_style,11,138126194,145126194,,512,no_disease_to_disease,31.0,16.0,16.0,31.0
1,512,512,16,16,1,0.10267988799932937,0.10267988799932937,True,final restart pool only,133,wachter_style,11,138126194,145126194,,512,no_disease_to_disease,31.0,16.0,16.0,31.0
1,64,64,64,23,23,0.04228691299977072,0.04228691299977072,False,all independently sampled candidates,134,uniform_random,11,139126197,146126197,,512,no_disease_to_disease,,,,
2,64,128,64,22,45,0.04507240599923534,0.08735931899900606,False,all independently sampled candidates,134,uniform_random,11,139126197,146126197,,512,no_disease_to_disease,,,,
3,64,192,64,26,71,0.04638277400044899,0.13374209299945505,False,all independently sampled candidates,134,uniform_random,11,139126197,146126197,,512,no_disease_to_disease,,,,
4,64,256,64,22,93,0.04196770199996536,0.1757097949994204,False,all independently sampled candidates,134,uniform_random,11,139126197,146126197,,512,no_disease_to_disease,,,,
5,64,320,63,25,118,0.04442169899994042,0.22013149399936083,False,all independently sampled candidates,134,uniform_random,11,139126197,146126197,,512,no_disease_to_disease,,,,
6,64,384,63,22,140,0.0481299469993246,0.26826144099868543,False,all independently sampled candidates,134,uniform_random,11,139126197,146126197,,512,no_disease_to_disease,,,,
7,64,448,64,25,165,0.0451932960004342,0.31345473699911963,False,all independently sampled candidates,134,uniform_random,11,139126197,146126197,,512,no_disease_to_disease,,,,
8,64,512,64,26,191,0.04524028900050325,0.3586950259996229,False,all independently sampled candidates,134,uniform_random,11,139126197,146126197,,512,no_disease_to_disease,,,,
1,64,64,64,23,23,0.04616423500010569,0.04616423500010569,True,all genetic population candidates,134,genetic_cfe,11,139126197,146126197,,512,no_disease_to_disease,,,,
2,64,128,64,41,63,0.04459558499911509,0.09075981999922078,True,all genetic population candidates,134,genetic_cfe,11,139126197,146126197,,512,no_disease_to_disease,,,,
3,64,192,64,53,112,0.045956203999594436,0.13671602399881522,True,all genetic population candidates,134,genetic_cfe,11,139126197,146126197,,512,no_disease_to_disease,,,,
4,64,256,64,56,166,0.048264008000842296,0.1849800319996575,True,all genetic population candidates,134,genetic_cfe,11,139126197,146126197,,512,no_disease_to_disease,,,,
5,64,320,64,55,219,0.05161217699969711,0.23659220899935463,True,all genetic population candidates,134,genetic_cfe,11,139126197,146126197,,512,no_disease_to_disease,,,,
6,64,384,64,52,268,0.05228670699943905,0.2888789159987937,True,all genetic population candidates,134,genetic_cfe,11,139126197,146126197,,512,no_disease_to_disease,,,,
7,64,448,64,56,318,0.05670359699979599,0.34558251299858966,True,all genetic population candidates,134,genetic_cfe,11,139126197,146126197,,512,no_disease_to_disease,,,,
8,64,512,64,54,366,0.0591107970012672,0.40469330999985687,True,all genetic population candidates,134,genetic_cfe,11,139126197,146126197,,512,no_disease_to_disease,,,,
1,512,512,16,16,1,0.10931823200007784,0.10931823200007784,True,final restart pool only,134,dice_gradient_style,11,139126197,146126197,,512,no_disease_to_disease,31.0,16.0,16.0,31.0
1,512,512,16,16,1,0.09799632300018857,0.09799632300018857,True,final restart pool only,134,wachter_style,11,139126197,146126197,,512,no_disease_to_disease,31.0,16.0,16.0,31.0
1,64,64,64,16,16,0.0444785170002433,0.0444785170002433,False,all independently sampled candidates,135,uniform_random,11,140126200,147126200,,512,no_disease_to_disease,,,,
2,64,128,64,17,33,0.04491112100004102,0.08938963800028432,False,all independently sampled candidates,135,uniform_random,11,140126200,147126200,,512,no_disease_to_disease,,,,
3,64,192,64,22,55,0.04440689799957909,0.1337965359998634,False,all independently sampled candidates,135,uniform_random,11,140126200,147126200,,512,no_disease_to_disease,,,,
4,64,256,64,25,80,0.04764654599966889,0.1814430819995323,False,all independently sampled candidates,135,uniform_random,11,140126200,147126200,,512,no_disease_to_disease,,,,
5,64,320,64,23,103,0.04700048899940157,0.22844357099893386,False,all independently sampled candidates,135,uniform_random,11,140126200,147126200,,512,no_disease_to_disease,,,,
6,64,384,64,20,123,0.04468641700077569,0.27312998799970956,False,all independently sampled candidates,135,uniform_random,11,140126200,147126200,,512,no_disease_to_disease,,,,
7,64,448,64,27,150,0.04616970800088893,0.3192996960005985,False,all independently sampled candidates,135,uniform_random,11,140126200,147126200,,512,no_disease_to_disease,,,,
8,64,512,62,25,175,0.04803600299965183,0.3673356990002503,False,all independently sampled candidates,135,uniform_random,11,140126200,147126200,,512,no_disease_to_disease,,,,
1,64,64,64,16,16,0.043142136999449576,0.043142136999449576,True,all genetic population candidates,135,genetic_cfe,11,140126200,147126200,,512,no_disease_to_disease,,,,
2,64,128,64,33,47,0.047463847000472015,0.09060598399992159,True,all genetic population candidates,135,genetic_cfe,11,140126200,147126200,,512,no_disease_to_disease,,,,
3,64,192,64,52,97,0.04581286699976772,0.1364188509996893,True,all genetic population candidates,135,genetic_cfe,11,140126200,147126200,,512,no_disease_to_disease,,,,
4,64,256,64,59,153,0.048896719999902416,0.18531557099959173,True,all genetic population candidates,135,genetic_cfe,11,140126200,147126200,,512,no_disease_to_disease,,,,
5,64,320,64,54,200,0.04924652000045171,0.23456209100004344,True,all genetic population candidates,135,genetic_cfe,11,140126200,147126200,,512,no_disease_to_disease,,,,
6,64,384,64,53,250,0.05430880200037791,0.28887089300042135,True,all genetic population candidates,135,genetic_cfe,11,140126200,147126200,,512,no_disease_to_disease,,,,
7,64,448,64,56,303,0.053366750998975476,0.3422376439993968,True,all genetic population candidates,135,genetic_cfe,11,140126200,147126200,,512,no_disease_to_disease,,,,
8,64,512,64,60,361,0.058687575001385994,0.4009252190007828,True,all genetic population candidates,135,genetic_cfe,11,140126200,147126200,,512,no_disease_to_disease,,,,
1,512,512,16,16,1,0.11425387500094075,0.11425387500094075,True,final restart pool only,135,dice_gradient_style,11,140126200,147126200,,512,no_disease_to_disease,31.0,16.0,16.0,31.0
1,512,512,16,16,1,0.10639600700051233,0.10639600700051233,True,final restart pool only,135,wachter_style,11,140126200,147126200,,512,no_disease_to_disease,31.0,16.0,16.0,31.0
1,64,64,64,17,17,0.041388652000023285,0.041388652000023285,False,all independently sampled candidates,136,uniform_random,11,141126203,148126203,,512,no_disease_to_disease,,,,
2,64,128,64,16,33,0.04230211799949757,0.08369076999952085,False,all independently sampled candidates,136,uniform_random,11,141126203,148126203,,512,no_disease_to_disease,,,,
3,64,192,64,18,51,0.04469634499946551,0.12838711499898636,False,all independently sampled candidates,136,uniform_random,11,141126203,148126203,,512,no_disease_to_disease,,,,
4,64,256,64,21,72,0.04553138800110901,0.17391850300009537,False,all independently sampled candidates,136,uniform_random,11,141126203,148126203,,512,no_disease_to_disease,,,,
5,64,320,64,28,100,0.0454807019996224,0.21939920499971777,False,all independently sampled candidates,136,uniform_random,11,141126203,148126203,,512,no_disease_to_disease,,,,
6,64,384,64,18,118,0.04434249299993098,0.26374169799964875,False,all independently sampled candidates,136,uniform_random,11,141126203,148126203,,512,no_disease_to_disease,,,,
7,64,448,64,25,143,0.04533733700009179,0.30907903499974054,False,all independently sampled candidates,136,uniform_random,11,141126203,148126203,,512,no_disease_to_disease,,,,
8,64,512,64,19,162,0.044635236999965855,0.3537142719997064,False,all independently sampled candidates,136,uniform_random,11,141126203,148126203,,512,no_disease_to_disease,,,,
1,64,64,64,17,17,0.042955240000082995,0.042955240000082995,True,all genetic population candidates,136,genetic_cfe,11,141126203,148126203,,512,no_disease_to_disease,,,,
2,64,128,64,40,56,0.04245433700089052,0.08540957700097351,True,all genetic population candidates,136,genetic_cfe,11,141126203,148126203,,512,no_disease_to_disease,,,,
3,64,192,64,47,102,0.04526073200031533,0.13067030900128884,True,all genetic population candidates,136,genetic_cfe,11,141126203,148126203,,512,no_disease_to_disease,,,,
4,64,256,64,54,154,0.048377678998804186,0.17904798800009303,True,all genetic population candidates,136,genetic_cfe,11,141126203,148126203,,512,no_disease_to_disease,,,,
5,64,320,64,52,204,0.048448032001033425,0.22749602000112645,True,all genetic population candidates,136,genetic_cfe,11,141126203,148126203,,512,no_disease_to_disease,,,,
6,64,384,64,53,257,0.05122768000001088,0.27872370000113733,True,all genetic population candidates,136,genetic_cfe,11,141126203,148126203,,512,no_disease_to_disease,,,,
7,64,448,64,54,309,0.05386385099882318,0.3325875509999605,True,all genetic population candidates,136,genetic_cfe,11,141126203,148126203,,512,no_disease_to_disease,,,,
8,64,512,64,50,358,0.057235665000916924,0.38982321600087744,True,all genetic population candidates,136,genetic_cfe,11,141126203,148126203,,512,no_disease_to_disease,,,,
1,512,512,16,16,1,0.11386698100068315,0.11386698100068315,True,final restart pool only,136,dice_gradient_style,11,141126203,148126203,,512,no_disease_to_disease,31.0,16.0,16.0,31.0
1,512,512,16,16,1,0.10799088100066001,0.10799088100066001,True,final restart pool only,136,wachter_style,11,141126203,148126203,,512,no_disease_to_disease,31.0,16.0,16.0,31.0
1,64,64,64,18,18,0.0419033540001692,0.0419033540001692,False,all independently sampled candidates,137,uniform_random,11,142126206,149126206,,512,no_disease_to_disease,,,,
2,64,128,64,23,41,0.04377352399933443,0.08567687799950363,False,all independently sampled candidates,137,uniform_random,11,142126206,149126206,,512,no_disease_to_disease,,,,
3,64,192,64,21,62,0.04390130100000533,0.12957817899950896,False,all independently sampled candidates,137,uniform_random,11,142126206,149126206,,512,no_disease_to_disease,,,,
4,64,256,64,25,87,0.045890198000051896,0.17546837699956086,False,all independently sampled candidates,137,uniform_random,11,142126206,149126206,,512,no_disease_to_disease,,,,
5,64,320,64,26,113,0.04546240000127,0.22093077700083086,False,all independently sampled candidates,137,uniform_random,11,142126206,149126206,,512,no_disease_to_disease,,,,
6,64,384,64,31,144,0.04534130399952119,0.26627208100035205,False,all independently sampled candidates,137,uniform_random,11,142126206,149126206,,512,no_disease_to_disease,,,,
7,64,448,64,22,166,0.04370648899930529,0.30997856999965734,False,all independently sampled candidates,137,uniform_random,11,142126206,149126206,,512,no_disease_to_disease,,,,
8,64,512,64,23,189,0.04727290300070308,0.3572514730003604,False,all independently sampled candidates,137,uniform_random,11,142126206,149126206,,512,no_disease_to_disease,,,,
1,64,64,64,18,18,0.04236176900121791,0.04236176900121791,True,all genetic population candidates,137,genetic_cfe,11,142126206,149126206,,512,no_disease_to_disease,,,,
2,64,128,64,37,54,0.04446920400005183,0.08683097300126974,True,all genetic population candidates,137,genetic_cfe,11,142126206,149126206,,512,no_disease_to_disease,,,,
3,64,192,64,55,106,0.048129670998605434,0.13496064399987517,True,all genetic population candidates,137,genetic_cfe,11,142126206,149126206,,512,no_disease_to_disease,,,,
4,64,256,64,60,166,0.04877487600060704,0.1837355200004822,True,all genetic population candidates,137,genetic_cfe,11,142126206,149126206,,512,no_disease_to_disease,,,,
5,64,320,64,52,216,0.04924887199922523,0.23298439199970744,True,all genetic population candidates,137,genetic_cfe,11,142126206,149126206,,512,no_disease_to_disease,,,,
6,64,384,64,52,266,0.05328938500133518,0.2862737770010426,True,all genetic population candidates,137,genetic_cfe,11,142126206,149126206,,512,no_disease_to_disease,,,,
7,64,448,64,58,321,0.05637516299975687,0.3426489400007995,True,all genetic population candidates,137,genetic_cfe,11,142126206,149126206,,512,no_disease_to_disease,,,,
8,64,512,64,57,375,0.058528203999230755,0.40117714400003024,True,all genetic population candidates,137,genetic_cfe,11,142126206,149126206,,512,no_disease_to_disease,,,,
1,512,512,16,16,1,0.13769762899937632,0.13769762899937632,True,final restart pool only,137,dice_gradient_style,11,142126206,149126206,,512,no_disease_to_disease,31.0,16.0,16.0,31.0
1,512,512,16,16,1,0.1052662189995317,0.1052662189995317,True,final restart pool only,137,wachter_style,11,142126206,149126206,,512,no_disease_to_disease,31.0,16.0,16.0,31.0
1,64,64,64,13,13,0.04226673000084702,0.04226673000084702,False,all independently sampled candidates,138,uniform_random,11,143126209,150126209,,512,no_disease_to_disease,,,,
2,64,128,64,17,30,0.046792687999186455,0.08905941800003347,False,all independently sampled candidates,138,uniform_random,11,143126209,150126209,,512,no_disease_to_disease,,,,
3,64,192,64,22,52,0.04476693700053147,0.13382635500056494,False,all independently sampled candidates,138,uniform_random,11,143126209,150126209,,512,no_disease_to_disease,,,,
4,64,256,64,26,78,0.045479331000024104,0.17930568600058905,False,all independently sampled candidates,138,uniform_random,11,143126209,150126209,,512,no_disease_to_disease,,,,
5,64,320,64,25,103,0.04483900099876337,0.22414468699935242,False,all independently sampled candidates,138,uniform_random,11,143126209,150126209,,512,no_disease_to_disease,,,,
6,64,384,64,25,128,0.04571677900094073,0.26986146600029315,False,all independently sampled candidates,138,uniform_random,11,143126209,150126209,,512,no_disease_to_disease,,,,
7,64,448,64,27,155,0.048231987000690424,0.3180934530009836,False,all independently sampled candidates,138,uniform_random,11,143126209,150126209,,512,no_disease_to_disease,,,,
8,64,512,64,17,172,0.04613344599965785,0.3642268990006414,False,all independently sampled candidates,138,uniform_random,11,143126209,150126209,,512,no_disease_to_disease,,,,
1,64,64,64,13,13,0.043473264000567724,0.043473264000567724,True,all genetic population candidates,138,genetic_cfe,11,143126209,150126209,,512,no_disease_to_disease,,,,
2,64,128,64,29,41,0.044248924999919836,0.08772218900048756,True,all genetic population candidates,138,genetic_cfe,11,143126209,150126209,,512,no_disease_to_disease,,,,
3,64,192,64,46,86,0.05565335699975549,0.14337554600024305,True,all genetic population candidates,138,genetic_cfe,11,143126209,150126209,,512,no_disease_to_disease,,,,
4,64,256,64,46,129,0.05836128800001461,0.20173683400025766,True,all genetic population candidates,138,genetic_cfe,11,143126209,150126209,,512,no_disease_to_disease,,,,
5,64,320,64,50,177,0.060363759999745525,0.2621005940000032,True,all genetic population candidates,138,genetic_cfe,11,143126209,150126209,,512,no_disease_to_disease,,,,
6,64,384,64,58,235,0.06525241599956644,0.3273530099995696,True,all genetic population candidates,138,genetic_cfe,11,143126209,150126209,,512,no_disease_to_disease,,,,
7,64,448,64,56,289,0.061112286000934546,0.38846529600050417,True,all genetic population candidates,138,genetic_cfe,11,143126209,150126209,,512,no_disease_to_disease,,,,
8,64,512,64,61,347,0.05927154999881168,0.44773684599931585,True,all genetic population candidates,138,genetic_cfe,11,143126209,150126209,,512,no_disease_to_disease,,,,
1,512,512,16,16,1,0.11591269800010195,0.11591269800010195,True,final restart pool only,138,dice_gradient_style,11,143126209,150126209,,512,no_disease_to_disease,31.0,16.0,16.0,31.0
1,512,512,16,16,1,0.10865449999982957,0.10865449999982957,True,final restart pool only,138,wachter_style,11,143126209,150126209,,512,no_disease_to_disease,31.0,16.0,16.0,31.0
1,64,64,64,12,12,0.044333900999845355,0.044333900999845355,False,all independently sampled candidates,139,uniform_random,11,144126212,151126212,,512,no_disease_to_disease,,,,
2,64,128,64,19,31,0.04399126399948727,0.08832516499933263,False,all independently sampled candidates,139,uniform_random,11,144126212,151126212,,512,no_disease_to_disease,,,,
3,64,192,64,19,50,0.04333881300044595,0.13166397799977858,False,all independently sampled candidates,139,uniform_random,11,144126212,151126212,,512,no_disease_to_disease,,,,
4,64,256,64,24,74,0.04547397200076375,0.17713795000054233,False,all independently sampled candidates,139,uniform_random,11,144126212,151126212,,512,no_disease_to_disease,,,,
5,64,320,64,22,96,0.042339899999205954,0.2194778499997483,False,all independently sampled candidates,139,uniform_random,11,144126212,151126212,,512,no_disease_to_disease,,,,
6,64,384,64,27,123,0.04548344999966503,0.2649612999994133,False,all independently sampled candidates,139,uniform_random,11,144126212,151126212,,512,no_disease_to_disease,,,,
7,64,448,63,24,147,0.04480469200098014,0.30976599200039345,False,all independently sampled candidates,139,uniform_random,11,144126212,151126212,,512,no_disease_to_disease,,,,
8,64,512,64,25,172,0.04728068999975221,0.35704668200014567,False,all independently sampled candidates,139,uniform_random,11,144126212,151126212,,512,no_disease_to_disease,,,,
1,64,64,64,12,12,0.04308724600014102,0.04308724600014102,True,all genetic population candidates,139,genetic_cfe,11,144126212,151126212,,512,no_disease_to_disease,,,,
2,64,128,64,29,40,0.046648064999317285,0.0897353109994583,True,all genetic population candidates,139,genetic_cfe,11,144126212,151126212,,512,no_disease_to_disease,,,,
3,64,192,64,44,84,0.04709379599989916,0.13682910699935746,True,all genetic population candidates,139,genetic_cfe,11,144126212,151126212,,512,no_disease_to_disease,,,,
4,64,256,64,59,140,0.05103627599964966,0.18786538299900712,True,all genetic population candidates,139,genetic_cfe,11,144126212,151126212,,512,no_disease_to_disease,,,,
5,64,320,64,48,186,0.05022196299978532,0.23808734599879244,True,all genetic population candidates,139,genetic_cfe,11,144126212,151126212,,512,no_disease_to_disease,,,,
6,64,384,64,52,237,0.05315503600104421,0.29124238199983665,True,all genetic population candidates,139,genetic_cfe,11,144126212,151126212,,512,no_disease_to_disease,,,,
7,64,448,64,59,294,0.05655759100045543,0.3477999730002921,True,all genetic population candidates,139,genetic_cfe,11,144126212,151126212,,512,no_disease_to_disease,,,,
8,64,512,64,51,343,0.05805042699830665,0.40585039999859873,True,all genetic population candidates,139,genetic_cfe,11,144126212,151126212,,512,no_disease_to_disease,,,,
1,512,512,16,16,1,0.12251312899934419,0.12251312899934419,True,final restart pool only,139,dice_gradient_style,11,144126212,151126212,,512,no_disease_to_disease,31.0,16.0,16.0,31.0
1,512,512,16,16,1,0.10870889599937072,0.10870889599937072,True,final restart pool only,139,wachter_style,11,144126212,151126212,,512,no_disease_to_disease,31.0,16.0,16.0,31.0
1,64,64,64,24,24,0.04354467899975134,0.04354467899975134,False,all independently sampled candidates,140,uniform_random,11,145126215,152126215,,512,no_disease_to_disease,,,,
2,64,128,64,22,46,0.0433188719998725,0.08686355099962384,False,all independently sampled candidates,140,uniform_random,11,145126215,152126215,,512,no_disease_to_disease,,,,
3,64,192,64,28,74,0.04490657700080192,0.13177012800042576,False,all independently sampled candidates,140,uniform_random,11,145126215,152126215,,512,no_disease_to_disease,,,,
4,64,256,64,24,98,0.04683317499984696,0.17860330300027272,False,all independently sampled candidates,140,uniform_random,11,145126215,152126215,,512,no_disease_to_disease,,,,
5,64,320,64,24,122,0.048280992999934824,0.22688429600020754,False,all independently sampled candidates,140,uniform_random,11,145126215,152126215,,512,no_disease_to_disease,,,,
6,64,384,63,32,154,0.048570979000942316,0.27545527500114986,False,all independently sampled candidates,140,uniform_random,11,145126215,152126215,,512,no_disease_to_disease,,,,
7,64,448,64,30,184,0.049502081999889924,0.3249573570010398,False,all independently sampled candidates,140,uniform_random,11,145126215,152126215,,512,no_disease_to_disease,,,,
8,64,512,64,21,205,0.04936631300006411,0.3743236700011039,False,all independently sampled candidates,140,uniform_random,11,145126215,152126215,,512,no_disease_to_disease,,,,
1,64,64,64,24,24,0.042981143000361044,0.042981143000361044,True,all genetic population candidates,140,genetic_cfe,11,145126215,152126215,,512,no_disease_to_disease,,,,
2,64,128,64,37,60,0.046542609999960405,0.08952375300032145,True,all genetic population candidates,140,genetic_cfe,11,145126215,152126215,,512,no_disease_to_disease,,,,
3,64,192,64,48,107,0.0523937459984154,0.14191749899873685,True,all genetic population candidates,140,genetic_cfe,11,145126215,152126215,,512,no_disease_to_disease,,,,
4,64,256,64,50,154,0.055437087001337204,0.19735458600007405,True,all genetic population candidates,140,genetic_cfe,11,145126215,152126215,,512,no_disease_to_disease,,,,
5,64,320,64,59,210,0.05598519699924509,0.25333978299931914,True,all genetic population candidates,140,genetic_cfe,11,145126215,152126215,,512,no_disease_to_disease,,,,
6,64,384,64,54,263,0.06092337799964298,0.3142631609989621,True,all genetic population candidates,140,genetic_cfe,11,145126215,152126215,,512,no_disease_to_disease,,,,
7,64,448,64,51,311,0.05783481000071333,0.37209797099967545,True,all genetic population candidates,140,genetic_cfe,11,145126215,152126215,,512,no_disease_to_disease,,,,
8,64,512,64,59,368,0.061348163999355165,0.4334461349990306,True,all genetic population candidates,140,genetic_cfe,11,145126215,152126215,,512,no_disease_to_disease,,,,
1,512,512,16,16,1,0.11559469700114278,0.11559469700114278,True,final restart pool only,140,dice_gradient_style,11,145126215,152126215,,512,no_disease_to_disease,31.0,16.0,16.0,31.0
1,512,512,16,16,1,0.10576392900111387,0.10576392900111387,True,final restart pool only,140,wachter_style,11,145126215,152126215,,512,no_disease_to_disease,31.0,16.0,16.0,31.0
1,64,64,64,27,27,0.04554634099986288,0.04554634099986288,False,all independently sampled candidates,141,uniform_random,11,146126218,153126218,,512,no_disease_to_disease,,,,
2,64,128,64,25,52,0.04382000700024946,0.08936634800011234,False,all independently sampled candidates,141,uniform_random,11,146126218,153126218,,512,no_disease_to_disease,,,,
3,64,192,64,26,78,0.043087324000225635,0.13245367200033797,False,all independently sampled candidates,141,uniform_random,11,146126218,153126218,,512,no_disease_to_disease,,,,
4,64,256,64,28,106,0.04471955200097,0.17717322400130797,False,all independently sampled candidates,141,uniform_random,11,146126218,153126218,,512,no_disease_to_disease,,,,
5,64,320,64,29,135,0.04766339599882485,0.22483662000013283,False,all independently sampled candidates,141,uniform_random,11,146126218,153126218,,512,no_disease_to_disease,,,,
6,64,384,64,30,165,0.04978909700002987,0.2746257170001627,False,all independently sampled candidates,141,uniform_random,11,146126218,153126218,,512,no_disease_to_disease,,,,
7,64,448,64,24,189,0.049375472000974696,0.3240011890011374,False,all independently sampled candidates,141,uniform_random,11,146126218,153126218,,512,no_disease_to_disease,,,,
8,64,512,63,25,214,0.04840349899859575,0.37240468799973314,False,all independently sampled candidates,141,uniform_random,11,146126218,153126218,,512,no_disease_to_disease,,,,
1,64,64,64,27,27,0.042540389998976025,0.042540389998976025,True,all genetic population candidates,141,genetic_cfe,11,146126218,153126218,,512,no_disease_to_disease,,,,
2,64,128,64,42,66,0.046302943001137464,0.08884333300011349,True,all genetic population candidates,141,genetic_cfe,11,146126218,153126218,,512,no_disease_to_disease,,,,
3,64,192,64,48,113,0.04713364599956549,0.13597697899967898,True,all genetic population candidates,141,genetic_cfe,11,146126218,153126218,,512,no_disease_to_disease,,,,
4,64,256,64,54,165,0.04809561100046267,0.18407259000014164,True,all genetic population candidates,141,genetic_cfe,11,146126218,153126218,,512,no_disease_to_disease,,,,
5,64,320,64,59,217,0.05281204099992465,0.2368846310000663,True,all genetic population candidates,141,genetic_cfe,11,146126218,153126218,,512,no_disease_to_disease,,,,
6,64,384,64,60,272,0.055521840000437805,0.2924064710005041,True,all genetic population candidates,141,genetic_cfe,11,146126218,153126218,,512,no_disease_to_disease,,,,
7,64,448,64,59,327,0.05459796099967207,0.34700443200017617,True,all genetic population candidates,141,genetic_cfe,11,146126218,153126218,,512,no_disease_to_disease,,,,
8,64,512,64,57,379,0.05848014900038834,0.4054845810005645,True,all genetic population candidates,141,genetic_cfe,11,146126218,153126218,,512,no_disease_to_disease,,,,
1,512,512,16,16,1,0.11477994300003047,0.11477994300003047,True,final restart pool only,141,dice_gradient_style,11,146126218,153126218,,512,no_disease_to_disease,31.0,16.0,16.0,31.0
1,512,512,16,16,1,0.1076513910011272,0.1076513910011272,True,final restart pool only,141,wachter_style,11,146126218,153126218,,512,no_disease_to_disease,31.0,16.0,16.0,31.0
1,64,64,64,11,11,0.04215586999998777,0.04215586999998777,False,all independently sampled candidates,142,uniform_random,11,147126221,154126221,,512,no_disease_to_disease,,,,
2,64,128,64,18,29,0.04183628899954783,0.0839921589995356,False,all independently sampled candidates,142,uniform_random,11,147126221,154126221,,512,no_disease_to_disease,,,,
3,64,192,64,25,54,0.044090116000006674,0.12808227499954228,False,all independently sampled candidates,142,uniform_random,11,147126221,154126221,,512,no_disease_to_disease,,,,
4,64,256,64,24,78,0.04500848800125823,0.1730907630008005,False,all independently sampled candidates,142,uniform_random,11,147126221,154126221,,512,no_disease_to_disease,,,,
5,64,320,64,22,100,0.04594519499914895,0.21903595799994946,False,all independently sampled candidates,142,uniform_random,11,147126221,154126221,,512,no_disease_to_disease,,,,
6,64,384,64,26,126,0.046346801000254345,0.2653827590002038,False,all independently sampled candidates,142,uniform_random,11,147126221,154126221,,512,no_disease_to_disease,,,,
7,64,448,64,21,147,0.04352230699987558,0.3089050660000794,False,all independently sampled candidates,142,uniform_random,11,147126221,154126221,,512,no_disease_to_disease,,,,
8,64,512,64,23,170,0.04483323500062397,0.35373830100070336,False,all independently sampled candidates,142,uniform_random,11,147126221,154126221,,512,no_disease_to_disease,,,,
1,64,64,64,11,11,0.04277310799989209,0.04277310799989209,True,all genetic population candidates,142,genetic_cfe,11,147126221,154126221,,512,no_disease_to_disease,,,,
2,64,128,64,29,35,0.044290673000432434,0.08706378100032452,True,all genetic population candidates,142,genetic_cfe,11,147126221,154126221,,512,no_disease_to_disease,,,,
3,64,192,64,41,75,0.04743781900106114,0.13450160000138567,True,all genetic population candidates,142,genetic_cfe,11,147126221,154126221,,512,no_disease_to_disease,,,,
4,64,256,64,49,123,0.0754173039986199,0.20991890400000557,True,all genetic population candidates,142,genetic_cfe,11,147126221,154126221,,512,no_disease_to_disease,,,,
5,64,320,64,42,164,0.05048661300133972,0.2604055170013453,True,all genetic population candidates,142,genetic_cfe,11,147126221,154126221,,512,no_disease_to_disease,,,,
6,64,384,64,58,218,0.05399637799928314,0.31440189500062843,True,all genetic population candidates,142,genetic_cfe,11,147126221,154126221,,512,no_disease_to_disease,,,,
7,64,448,64,58,274,0.055212410999956774,0.3696143060005852,True,all genetic population candidates,142,genetic_cfe,11,147126221,154126221,,512,no_disease_to_disease,,,,
8,64,512,64,52,324,0.05649161700057448,0.4261059230011597,True,all genetic population candidates,142,genetic_cfe,11,147126221,154126221,,512,no_disease_to_disease,,,,
1,512,512,16,16,1,0.1069360620003863,0.1069360620003863,True,final restart pool only,142,dice_gradient_style,11,147126221,154126221,,512,no_disease_to_disease,31.0,16.0,16.0,31.0
1,512,512,16,16,1,0.10300697599996056,0.10300697599996056,True,final restart pool only,142,wachter_style,11,147126221,154126221,,512,no_disease_to_disease,31.0,16.0,16.0,31.0
1,64,64,64,16,16,0.04417340800137026,0.04417340800137026,False,all independently sampled candidates,143,uniform_random,11,148126224,155126224,,512,no_disease_to_disease,,,,
2,64,128,64,21,37,0.045455269999365555,0.08962867800073582,False,all independently sampled candidates,143,uniform_random,11,148126224,155126224,,512,no_disease_to_disease,,,,
3,64,192,64,15,52,0.04517673699956504,0.13480541500030085,False,all independently sampled candidates,143,uniform_random,11,148126224,155126224,,512,no_disease_to_disease,,,,
4,64,256,64,19,71,0.04358922699975665,0.1783946420000575,False,all independently sampled candidates,143,uniform_random,11,148126224,155126224,,512,no_disease_to_disease,,,,
5,64,320,64,27,98,0.04388283600019349,0.222277478000251,False,all independently sampled candidates,143,uniform_random,11,148126224,155126224,,512,no_disease_to_disease,,,,
6,64,384,64,25,123,0.045261631999892415,0.2675391100001434,False,all independently sampled candidates,143,uniform_random,11,148126224,155126224,,512,no_disease_to_disease,,,,
7,64,448,64,22,145,0.04425979200095753,0.31179890200110094,False,all independently sampled candidates,143,uniform_random,11,148126224,155126224,,512,no_disease_to_disease,,,,
8,64,512,64,23,168,0.04593336899961287,0.3577322710007138,False,all independently sampled candidates,143,uniform_random,11,148126224,155126224,,512,no_disease_to_disease,,,,
1,64,64,64,16,16,0.04444934899947839,0.04444934899947839,True,all genetic population candidates,143,genetic_cfe,11,148126224,155126224,,512,no_disease_to_disease,,,,
2,64,128,64,30,44,0.049335310999595094,0.09378465999907348,True,all genetic population candidates,143,genetic_cfe,11,148126224,155126224,,512,no_disease_to_disease,,,,
3,64,192,64,45,88,0.04695409700070741,0.1407387569997809,True,all genetic population candidates,143,genetic_cfe,11,148126224,155126224,,512,no_disease_to_disease,,,,
4,64,256,64,46,129,0.04976728799920238,0.19050604499898327,True,all genetic population candidates,143,genetic_cfe,11,148126224,155126224,,512,no_disease_to_disease,,,,
5,64,320,64,57,182,0.05064743299953989,0.24115347799852316,True,all genetic population candidates,143,genetic_cfe,11,148126224,155126224,,512,no_disease_to_disease,,,,
6,64,384,64,57,235,0.05185177600105817,0.2930052539995813,True,all genetic population candidates,143,genetic_cfe,11,148126224,155126224,,512,no_disease_to_disease,,,,
7,64,448,64,60,290,0.05540884299989557,0.3484140969994769,True,all genetic population candidates,143,genetic_cfe,11,148126224,155126224,,512,no_disease_to_disease,,,,
8,64,512,64,55,341,0.06265154500033532,0.4110656419998122,True,all genetic population candidates,143,genetic_cfe,11,148126224,155126224,,512,no_disease_to_disease,,,,
1,512,512,16,16,1,0.1099729790003039,0.1099729790003039,True,final restart pool only,143,dice_gradient_style,11,148126224,155126224,,512,no_disease_to_disease,31.0,16.0,16.0,31.0
1,512,512,16,16,1,0.10024970199992822,0.10024970199992822,True,final restart pool only,143,wachter_style,11,148126224,155126224,,512,no_disease_to_disease,31.0,16.0,16.0,31.0
1,64,64,64,18,18,0.04380799099999422,0.04380799099999422,False,all independently sampled candidates,144,uniform_random,11,149126227,156126227,,512,no_disease_to_disease,,,,
2,64,128,64,15,33,0.043081392999738455,0.08688938399973267,False,all independently sampled candidates,144,uniform_random,11,149126227,156126227,,512,no_disease_to_disease,,,,
3,64,192,64,22,55,0.04429268899912131,0.13118207299885398,False,all independently sampled candidates,144,uniform_random,11,149126227,156126227,,512,no_disease_to_disease,,,,
4,64,256,64,24,79,0.04524775800018688,0.17642983099904086,False,all independently sampled candidates,144,uniform_random,11,149126227,156126227,,512,no_disease_to_disease,,,,
5,64,320,64,21,100,0.05027339200023562,0.22670322299927648,False,all independently sampled candidates,144,uniform_random,11,149126227,156126227,,512,no_disease_to_disease,,,,
6,64,384,64,31,131,0.055022829001245555,0.28172605200052203,False,all independently sampled candidates,144,uniform_random,11,149126227,156126227,,512,no_disease_to_disease,,,,
7,64,448,64,24,155,0.0542578839995258,0.33598393600004783,False,all independently sampled candidates,144,uniform_random,11,149126227,156126227,,512,no_disease_to_disease,,,,
8,64,512,64,31,186,0.05660122799963574,0.3925851639996836,False,all independently sampled candidates,144,uniform_random,11,149126227,156126227,,512,no_disease_to_disease,,,,
1,64,64,64,18,18,0.04218309899988526,0.04218309899988526,True,all genetic population candidates,144,genetic_cfe,11,149126227,156126227,,512,no_disease_to_disease,,,,
2,64,128,64,46,62,0.044358057999488665,0.08654115699937392,True,all genetic population candidates,144,genetic_cfe,11,149126227,156126227,,512,no_disease_to_disease,,,,
3,64,192,64,51,109,0.04631974199946853,0.13286089899884246,True,all genetic population candidates,144,genetic_cfe,11,149126227,156126227,,512,no_disease_to_disease,,,,
4,64,256,64,49,158,0.05003240900077799,0.18289330799962045,True,all genetic population candidates,144,genetic_cfe,11,149126227,156126227,,512,no_disease_to_disease,,,,
5,64,320,64,48,200,0.05210437399910006,0.2349976819987205,True,all genetic population candidates,144,genetic_cfe,11,149126227,156126227,,512,no_disease_to_disease,,,,
6,64,384,64,53,252,0.056018512999798986,0.2910161949985195,True,all genetic population candidates,144,genetic_cfe,11,149126227,156126227,,512,no_disease_to_disease,,,,
7,64,448,64,55,305,0.05518031300016446,0.34619650799868396,True,all genetic population candidates,144,genetic_cfe,11,149126227,156126227,,512,no_disease_to_disease,,,,
8,64,512,64,56,358,0.05796080300024187,0.4041573109989258,True,all genetic population candidates,144,genetic_cfe,11,149126227,156126227,,512,no_disease_to_disease,,,,
1,512,512,16,16,1,0.11987428900101804,0.11987428900101804,True,final restart pool only,144,dice_gradient_style,11,149126227,156126227,,512,no_disease_to_disease,31.0,16.0,16.0,31.0
1,512,512,16,16,1,0.10646748500039394,0.10646748500039394,True,final restart pool only,144,wachter_style,11,149126227,156126227,,512,no_disease_to_disease,31.0,16.0,16.0,31.0
1,64,64,64,13,13,0.04356411800108617,0.04356411800108617,False,all independently sampled candidates,145,uniform_random,11,150126230,157126230,,512,no_disease_to_disease,,,,
2,64,128,64,24,37,0.043475253998622065,0.08703937199970824,False,all independently sampled candidates,145,uniform_random,11,150126230,157126230,,512,no_disease_to_disease,,,,
3,64,192,64,20,57,0.04405517500163114,0.13109454700133938,False,all independently sampled candidates,145,uniform_random,11,150126230,157126230,,512,no_disease_to_disease,,,,
4,64,256,64,22,79,0.04379760599840665,0.17489215299974603,False,all independently sampled candidates,145,uniform_random,11,150126230,157126230,,512,no_disease_to_disease,,,,
5,64,320,64,17,96,0.04323323300013726,0.2181253859998833,False,all independently sampled candidates,145,uniform_random,11,150126230,157126230,,512,no_disease_to_disease,,,,
6,64,384,64,20,116,0.043883203999939724,0.262008589999823,False,all independently sampled candidates,145,uniform_random,11,150126230,157126230,,512,no_disease_to_disease,,,,
7,64,448,64,20,136,0.04425713500131678,0.3062657250011398,False,all independently sampled candidates,145,uniform_random,11,150126230,157126230,,512,no_disease_to_disease,,,,
8,64,512,64,24,160,0.046014036999622476,0.3522797620007623,False,all independently sampled candidates,145,uniform_random,11,150126230,157126230,,512,no_disease_to_disease,,,,
1,64,64,64,13,13,0.04329126999982691,0.04329126999982691,True,all genetic population candidates,145,genetic_cfe,11,150126230,157126230,,512,no_disease_to_disease,,,,
2,64,128,64,19,32,0.04463009500068438,0.08792136500051129,True,all genetic population candidates,145,genetic_cfe,11,150126230,157126230,,512,no_disease_to_disease,,,,
3,64,192,64,42,71,0.0469065720008075,0.1348279370013188,True,all genetic population candidates,145,genetic_cfe,11,150126230,157126230,,512,no_disease_to_disease,,,,
4,64,256,64,52,122,0.04940296599852445,0.18423090299984324,True,all genetic population candidates,145,genetic_cfe,11,150126230,157126230,,512,no_disease_to_disease,,,,
5,64,320,64,51,172,0.05199333600103273,0.23622423900087597,True,all genetic population candidates,145,genetic_cfe,11,150126230,157126230,,512,no_disease_to_disease,,,,
6,64,384,64,52,221,0.05360961099904671,0.2898338499999227,True,all genetic population candidates,145,genetic_cfe,11,150126230,157126230,,512,no_disease_to_disease,,,,
7,64,448,64,56,271,0.055276853001487325,0.34511070300141,True,all genetic population candidates,145,genetic_cfe,11,150126230,157126230,,512,no_disease_to_disease,,,,
8,64,512,64,56,322,0.05599397199875966,0.40110467500016966,True,all genetic population candidates,145,genetic_cfe,11,150126230,157126230,,512,no_disease_to_disease,,,,
1,512,512,16,16,1,0.11907058299948403,0.11907058299948403,True,final restart pool only,145,dice_gradient_style,11,150126230,157126230,,512,no_disease_to_disease,31.0,16.0,16.0,31.0
1,512,512,16,16,1,0.10618712600080471,0.10618712600080471,True,final restart pool only,145,wachter_style,11,150126230,157126230,,512,no_disease_to_disease,31.0,16.0,16.0,31.0
1,64,64,64,8,8,0.04331703899879358,0.04331703899879358,False,all independently sampled candidates,146,uniform_random,11,151126233,158126233,,512,no_disease_to_disease,,,,
2,64,128,64,12,20,0.04574407400104974,0.08906111299984332,False,all independently sampled candidates,146,uniform_random,11,151126233,158126233,,512,no_disease_to_disease,,,,
3,64,192,64,21,41,0.04621348299951933,0.13527459599936265,False,all independently sampled candidates,146,uniform_random,11,151126233,158126233,,512,no_disease_to_disease,,,,
4,64,256,64,22,63,0.04330775999915204,0.17858235599851469,False,all independently sampled candidates,146,uniform_random,11,151126233,158126233,,512,no_disease_to_disease,,,,
5,64,320,64,18,81,0.04262466799991671,0.2212070239984314,False,all independently sampled candidates,146,uniform_random,11,151126233,158126233,,512,no_disease_to_disease,,,,
6,64,384,64,19,100,0.04535997500170197,0.26656699900013336,False,all independently sampled candidates,146,uniform_random,11,151126233,158126233,,512,no_disease_to_disease,,,,
7,64,448,64,14,114,0.04208596499847772,0.3086529639986111,False,all independently sampled candidates,146,uniform_random,11,151126233,158126233,,512,no_disease_to_disease,,,,
8,64,512,64,20,134,0.044640113001150894,0.353293076999762,False,all independently sampled candidates,146,uniform_random,11,151126233,158126233,,512,no_disease_to_disease,,,,
1,64,64,64,8,8,0.04285696800070582,0.04285696800070582,True,all genetic population candidates,146,genetic_cfe,11,151126233,158126233,,512,no_disease_to_disease,,,,
2,64,128,64,26,32,0.04330284099887649,0.08615980899958231,True,all genetic population candidates,146,genetic_cfe,11,151126233,158126233,,512,no_disease_to_disease,,,,
3,64,192,64,35,66,0.04376115299965022,0.12992096199923253,True,all genetic population candidates,146,genetic_cfe,11,151126233,158126233,,512,no_disease_to_disease,,,,
4,64,256,64,47,109,0.048433431000376004,0.17835439299960854,True,all genetic population candidates,146,genetic_cfe,11,151126233,158126233,,512,no_disease_to_disease,,,,
5,64,320,64,55,163,0.05063481400065939,0.22898920700026792,True,all genetic population candidates,146,genetic_cfe,11,151126233,158126233,,512,no_disease_to_disease,,,,
6,64,384,64,51,211,0.05365299799996137,0.2826422050002293,True,all genetic population candidates,146,genetic_cfe,11,151126233,158126233,,512,no_disease_to_disease,,,,
7,64,448,64,56,266,0.053976578999936464,0.33661878400016576,True,all genetic population candidates,146,genetic_cfe,11,151126233,158126233,,512,no_disease_to_disease,,,,
8,64,512,64,55,317,0.056033924000075785,0.39265270800024155,True,all genetic population candidates,146,genetic_cfe,11,151126233,158126233,,512,no_disease_to_disease,,,,
1,512,512,16,16,1,0.11438481500044873,0.11438481500044873,True,final restart pool only,146,dice_gradient_style,11,151126233,158126233,,512,no_disease_to_disease,31.0,16.0,16.0,31.0
1,512,512,16,16,1,0.10586632199920132,0.10586632199920132,True,final restart pool only,146,wachter_style,11,151126233,158126233,,512,no_disease_to_disease,31.0,16.0,16.0,31.0
1,64,64,64,10,10,0.0428942750004353,0.0428942750004353,False,all independently sampled candidates,147,uniform_random,11,152126236,159126236,,512,no_disease_to_disease,,,,
2,64,128,64,21,31,0.04181743300068774,0.08471170800112304,False,all independently sampled candidates,147,uniform_random,11,152126236,159126236,,512,no_disease_to_disease,,,,
3,64,192,64,19,50,0.0431429410000419,0.12785464900116494,False,all independently sampled candidates,147,uniform_random,11,152126236,159126236,,512,no_disease_to_disease,,,,
4,64,256,64,17,67,0.04403893599919684,0.17189358500036178,False,all independently sampled candidates,147,uniform_random,11,152126236,159126236,,512,no_disease_to_disease,,,,
5,64,320,64,21,88,0.04386273700038146,0.21575632200074324,False,all independently sampled candidates,147,uniform_random,11,152126236,159126236,,512,no_disease_to_disease,,,,
6,64,384,64,21,109,0.045760765999148134,0.2615170879998914,False,all independently sampled candidates,147,uniform_random,11,152126236,159126236,,512,no_disease_to_disease,,,,
7,64,448,64,20,129,0.050265227000636514,0.3117823150005279,False,all independently sampled candidates,147,uniform_random,11,152126236,159126236,,512,no_disease_to_disease,,,,
8,64,512,64,23,152,0.04403123699921707,0.35581355199974496,False,all independently sampled candidates,147,uniform_random,11,152126236,159126236,,512,no_disease_to_disease,,,,
1,64,64,64,10,10,0.04199699399941892,0.04199699399941892,True,all genetic population candidates,147,genetic_cfe,11,152126236,159126236,,512,no_disease_to_disease,,,,
2,64,128,64,30,39,0.042722868000055314,0.08471986199947423,True,all genetic population candidates,147,genetic_cfe,11,152126236,159126236,,512,no_disease_to_disease,,,,
3,64,192,64,46,82,0.04374103700138221,0.12846089900085644,True,all genetic population candidates,147,genetic_cfe,11,152126236,159126236,,512,no_disease_to_disease,,,,
4,64,256,64,45,126,0.04738099699898157,0.17584189599983802,True,all genetic population candidates,147,genetic_cfe,11,152126236,159126236,,512,no_disease_to_disease,,,,
5,64,320,64,47,171,0.05011837299934996,0.22596026899918797,True,all genetic population candidates,147,genetic_cfe,11,152126236,159126236,,512,no_disease_to_disease,,,,
6,64,384,64,58,228,0.051557976001276984,0.27751824500046496,True,all genetic population candidates,147,genetic_cfe,11,152126236,159126236,,512,no_disease_to_disease,,,,
7,64,448,64,54,275,0.05370063000009395,0.3312188750005589,True,all genetic population candidates,147,genetic_cfe,11,152126236,159126236,,512,no_disease_to_disease,,,,
8,64,512,64,49,321,0.055278989999351325,0.38649786499991023,True,all genetic population candidates,147,genetic_cfe,11,152126236,159126236,,512,no_disease_to_disease,,,,
1,512,512,16,16,1,0.12013814300007652,0.12013814300007652,True,final restart pool only,147,dice_gradient_style,11,152126236,159126236,,512,no_disease_to_disease,31.0,16.0,16.0,31.0
1,512,512,16,16,1,0.10489231599967752,0.10489231599967752,True,final restart pool only,147,wachter_style,11,152126236,159126236,,512,no_disease_to_disease,31.0,16.0,16.0,31.0
1,64,64,64,15,15,0.04269899599967175,0.04269899599967175,False,all independently sampled candidates,148,uniform_random,11,153126239,160126239,,512,no_disease_to_disease,,,,
2,64,128,64,18,33,0.04163510299986228,0.08433409899953404,False,all independently sampled candidates,148,uniform_random,11,153126239,160126239,,512,no_disease_to_disease,,,,
3,64,192,64,21,54,0.04332070800046495,0.12765480699999898,False,all independently sampled candidates,148,uniform_random,11,153126239,160126239,,512,no_disease_to_disease,,,,
4,64,256,64,17,71,0.04296394999983022,0.1706187569998292,False,all independently sampled candidates,148,uniform_random,11,153126239,160126239,,512,no_disease_to_disease,,,,
5,64,320,64,19,90,0.04430084299929149,0.2149195999991207,False,all independently sampled candidates,148,uniform_random,11,153126239,160126239,,512,no_disease_to_disease,,,,
6,64,384,64,20,110,0.04325473300013982,0.2581743329992605,False,all independently sampled candidates,148,uniform_random,11,153126239,160126239,,512,no_disease_to_disease,,,,
7,64,448,64,21,131,0.04406291400118789,0.3022372470004484,False,all independently sampled candidates,148,uniform_random,11,153126239,160126239,,512,no_disease_to_disease,,,,
8,64,512,64,32,163,0.04624587999933283,0.34848312699978123,False,all independently sampled candidates,148,uniform_random,11,153126239,160126239,,512,no_disease_to_disease,,,,
1,64,64,64,15,15,0.0423018180008512,0.0423018180008512,True,all genetic population candidates,148,genetic_cfe,11,153126239,160126239,,512,no_disease_to_disease,,,,
2,64,128,64,33,48,0.043581649000770994,0.0858834670016222,True,all genetic population candidates,148,genetic_cfe,11,153126239,160126239,,512,no_disease_to_disease,,,,
3,64,192,64,51,99,0.0466618929985998,0.132545360000222,True,all genetic population candidates,148,genetic_cfe,11,153126239,160126239,,512,no_disease_to_disease,,,,
4,64,256,64,52,151,0.04769492200102832,0.1802402820012503,True,all genetic population candidates,148,genetic_cfe,11,153126239,160126239,,512,no_disease_to_disease,,,,
5,64,320,64,58,208,0.05015531699973508,0.23039559900098538,True,all genetic population candidates,148,genetic_cfe,11,153126239,160126239,,512,no_disease_to_disease,,,,
6,64,384,64,53,255,0.052126663000308326,0.2825222620012937,True,all genetic population candidates,148,genetic_cfe,11,153126239,160126239,,512,no_disease_to_disease,,,,
7,64,448,64,61,314,0.05656819799878576,0.3390904600000795,True,all genetic population candidates,148,genetic_cfe,11,153126239,160126239,,512,no_disease_to_disease,,,,
8,64,512,64,61,370,0.05931623400101671,0.3984066940010962,True,all genetic population candidates,148,genetic_cfe,11,153126239,160126239,,512,no_disease_to_disease,,,,
1,512,512,16,16,1,0.11545144000047003,0.11545144000047003,True,final restart pool only,148,dice_gradient_style,11,153126239,160126239,,512,no_disease_to_disease,31.0,16.0,16.0,31.0
1,512,512,16,16,1,0.10472091100018588,0.10472091100018588,True,final restart pool only,148,wachter_style,11,153126239,160126239,,512,no_disease_to_disease,31.0,16.0,16.0,31.0
1,64,64,64,18,18,0.042130592999455985,0.042130592999455985,False,all independently sampled candidates,149,uniform_random,11,154126242,161126242,,512,no_disease_to_disease,,,,
2,64,128,64,13,31,0.041501903000607854,0.08363249600006384,False,all independently sampled candidates,149,uniform_random,11,154126242,161126242,,512,no_disease_to_disease,,,,
3,64,192,64,24,55,0.04335663799975009,0.12698913399981393,False,all independently sampled candidates,149,uniform_random,11,154126242,161126242,,512,no_disease_to_disease,,,,
4,64,256,64,28,83,0.04377482699965185,0.17076396099946578,False,all independently sampled candidates,149,uniform_random,11,154126242,161126242,,512,no_disease_to_disease,,,,
5,64,320,64,30,113,0.04597601000023133,0.2167399709996971,False,all independently sampled candidates,149,uniform_random,11,154126242,161126242,,512,no_disease_to_disease,,,,
6,64,384,64,27,140,0.04699984900071286,0.26373982000040996,False,all independently sampled candidates,149,uniform_random,11,154126242,161126242,,512,no_disease_to_disease,,,,
7,64,448,64,24,164,0.046929174999604584,0.31066899500001455,False,all independently sampled candidates,149,uniform_random,11,154126242,161126242,,512,no_disease_to_disease,,,,
8,64,512,63,23,187,0.045739758999843616,0.35640875399985816,False,all independently sampled candidates,149,uniform_random,11,154126242,161126242,,512,no_disease_to_disease,,,,
1,64,64,64,18,18,0.04361455800062686,0.04361455800062686,True,all genetic population candidates,149,genetic_cfe,11,154126242,161126242,,512,no_disease_to_disease,,,,
2,64,128,64,36,51,0.044597394999073,0.08821195299969986,True,all genetic population candidates,149,genetic_cfe,11,154126242,161126242,,512,no_disease_to_disease,,,,
3,64,192,64,54,103,0.0472842290000699,0.13549618199976976,True,all genetic population candidates,149,genetic_cfe,11,154126242,161126242,,512,no_disease_to_disease,,,,
4,64,256,64,57,159,0.048684846000469406,0.18418102800023917,True,all genetic population candidates,149,genetic_cfe,11,154126242,161126242,,512,no_disease_to_disease,,,,
5,64,320,64,55,210,0.051396849999946426,0.2355778780001856,True,all genetic population candidates,149,genetic_cfe,11,154126242,161126242,,512,no_disease_to_disease,,,,
6,64,384,64,55,262,0.054360731000997475,0.28993860900118307,True,all genetic population candidates,149,genetic_cfe,11,154126242,161126242,,512,no_disease_to_disease,,,,
7,64,448,64,58,314,0.05490555399956065,0.3448441630007437,True,all genetic population candidates,149,genetic_cfe,11,154126242,161126242,,512,no_disease_to_disease,,,,
8,64,512,64,52,364,0.05438902199966833,0.39923318500041205,True,all genetic population candidates,149,genetic_cfe,11,154126242,161126242,,512,no_disease_to_disease,,,,
1,512,512,16,16,1,0.11571054500018363,0.11571054500018363,True,final restart pool only,149,dice_gradient_style,11,154126242,161126242,,512,no_disease_to_disease,31.0,16.0,16.0,31.0
1,512,512,16,16,1,0.10643811699992511,0.10643811699992511,True,final restart pool only,149,wachter_style,11,154126242,161126242,,512,no_disease_to_disease,31.0,16.0,16.0,31.0
1,64,64,64,17,17,0.042397146000439534,0.042397146000439534,False,all independently sampled candidates,150,uniform_random,11,155126245,162126245,,512,no_disease_to_disease,,,,
2,64,128,64,13,30,0.042358270000477205,0.08475541600091674,False,all independently sampled candidates,150,uniform_random,11,155126245,162126245,,512,no_disease_to_disease,,,,
3,64,192,64,23,53,0.0430513899991638,0.12780680600008054,False,all independently sampled candidates,150,uniform_random,11,155126245,162126245,,512,no_disease_to_disease,,,,
4,64,256,64,27,80,0.04572588100018038,0.17353268700026092,False,all independently sampled candidates,150,uniform_random,11,155126245,162126245,,512,no_disease_to_disease,,,,
5,64,320,64,25,105,0.044271111000853125,0.21780379800111405,False,all independently sampled candidates,150,uniform_random,11,155126245,162126245,,512,no_disease_to_disease,,,,
6,64,384,64,29,134,0.046328651000294485,0.26413244900140853,False,all independently sampled candidates,150,uniform_random,11,155126245,162126245,,512,no_disease_to_disease,,,,
7,64,448,64,29,163,0.04564487499919778,0.3097773240006063,False,all independently sampled candidates,150,uniform_random,11,155126245,162126245,,512,no_disease_to_disease,,,,
8,64,512,64,32,195,0.04686860099900514,0.35664592499961145,False,all independently sampled candidates,150,uniform_random,11,155126245,162126245,,512,no_disease_to_disease,,,,
1,64,64,64,17,17,0.04401376000168966,0.04401376000168966,True,all genetic population candidates,150,genetic_cfe,11,155126245,162126245,,512,no_disease_to_disease,,,,
2,64,128,64,31,47,0.04295058099887683,0.08696434100056649,True,all genetic population candidates,150,genetic_cfe,11,155126245,162126245,,512,no_disease_to_disease,,,,
3,64,192,64,46,90,0.047132588999375,0.1340969299999415,True,all genetic population candidates,150,genetic_cfe,11,155126245,162126245,,512,no_disease_to_disease,,,,
4,64,256,64,48,137,0.047620871000617626,0.18171780100055912,True,all genetic population candidates,150,genetic_cfe,11,155126245,162126245,,512,no_disease_to_disease,,,,
5,64,320,64,54,185,0.049458429999504006,0.23117623100006313,True,all genetic population candidates,150,genetic_cfe,11,155126245,162126245,,512,no_disease_to_disease,,,,
6,64,384,64,59,242,0.05335263400047552,0.28452886500053864,True,all genetic population candidates,150,genetic_cfe,11,155126245,162126245,,512,no_disease_to_disease,,,,
7,64,448,64,58,299,0.054919197000344866,0.3394480620008835,True,all genetic population candidates,150,genetic_cfe,11,155126245,162126245,,512,no_disease_to_disease,,,,
8,64,512,64,61,355,0.057963936000305694,0.3974119980011892,True,all genetic population candidates,150,genetic_cfe,11,155126245,162126245,,512,no_disease_to_disease,,,,
1,512,512,16,16,1,0.11462350999863702,0.11462350999863702,True,final restart pool only,150,dice_gradient_style,11,155126245,162126245,,512,no_disease_to_disease,31.0,16.0,16.0,31.0
1,512,512,16,16,1,0.10546131100090861,0.10546131100090861,True,final restart pool only,150,wachter_style,11,155126245,162126245,,512,no_disease_to_disease,31.0,16.0,16.0,31.0
1,64,64,64,14,14,0.044099831000494305,0.044099831000494305,False,all independently sampled candidates,151,uniform_random,11,156126248,163126248,,512,no_disease_to_disease,,,,
2,64,128,64,16,30,0.043302088999553234,0.08740192000004754,False,all independently sampled candidates,151,uniform_random,11,156126248,163126248,,512,no_disease_to_disease,,,,
3,64,192,64,26,56,0.045200082000519615,0.13260200200056715,False,all independently sampled candidates,151,uniform_random,11,156126248,163126248,,512,no_disease_to_disease,,,,
4,64,256,64,22,78,0.044130935000794125,0.17673293700136128,False,all independently sampled candidates,151,uniform_random,11,156126248,163126248,,512,no_disease_to_disease,,,,
5,64,320,64,23,101,0.04440920399974857,0.22114214100110985,False,all independently sampled candidates,151,uniform_random,11,156126248,163126248,,512,no_disease_to_disease,,,,
6,64,384,64,24,125,0.04503720699904079,0.26617934800015064,False,all independently sampled candidates,151,uniform_random,11,156126248,163126248,,512,no_disease_to_disease,,,,
7,64,448,64,21,146,0.04564624200065737,0.311825590000808,False,all independently sampled candidates,151,uniform_random,11,156126248,163126248,,512,no_disease_to_disease,,,,
8,64,512,63,19,165,0.04555847899973742,0.3573840690005454,False,all independently sampled candidates,151,uniform_random,11,156126248,163126248,,512,no_disease_to_disease,,,,
1,64,64,64,14,14,0.04245464899940998,0.04245464899940998,True,all genetic population candidates,151,genetic_cfe,11,156126248,163126248,,512,no_disease_to_disease,,,,
2,64,128,64,34,46,0.04320771899983811,0.08566236799924809,True,all genetic population candidates,151,genetic_cfe,11,156126248,163126248,,512,no_disease_to_disease,,,,
3,64,192,64,47,92,0.046757738000451354,0.13242010599969944,True,all genetic population candidates,151,genetic_cfe,11,156126248,163126248,,512,no_disease_to_disease,,,,
4,64,256,64,53,143,0.0502755409997917,0.18269564699949115,True,all genetic population candidates,151,genetic_cfe,11,156126248,163126248,,512,no_disease_to_disease,,,,
5,64,320,64,56,197,0.05108316500081855,0.2337788120003097,True,all genetic population candidates,151,genetic_cfe,11,156126248,163126248,,512,no_disease_to_disease,,,,
6,64,384,64,52,242,0.05255922099968302,0.2863380329999927,True,all genetic population candidates,151,genetic_cfe,11,156126248,163126248,,512,no_disease_to_disease,,,,
7,64,448,64,53,294,0.05348700899958203,0.33982504199957475,True,all genetic population candidates,151,genetic_cfe,11,156126248,163126248,,512,no_disease_to_disease,,,,
8,64,512,64,54,346,0.057099109999398934,0.3969241519989737,True,all genetic population candidates,151,genetic_cfe,11,156126248,163126248,,512,no_disease_to_disease,,,,
1,512,512,16,16,1,0.14018437800041283,0.14018437800041283,True,final restart pool only,151,dice_gradient_style,11,156126248,163126248,,512,no_disease_to_disease,31.0,16.0,16.0,31.0
1,512,512,16,16,1,0.10380604399870208,0.10380604399870208,True,final restart pool only,151,wachter_style,11,156126248,163126248,,512,no_disease_to_disease,31.0,16.0,16.0,31.0
1,64,64,64,6,6,0.045145836998926825,0.045145836998926825,False,all independently sampled candidates,152,uniform_random,11,157126251,164126251,,512,no_disease_to_disease,,,,
2,64,128,64,14,20,0.04679537700030778,0.0919412139992346,False,all independently sampled candidates,152,uniform_random,11,157126251,164126251,,512,no_disease_to_disease,,,,
3,64,192,64,16,36,0.044472378000136814,0.13641359199937142,False,all independently sampled candidates,152,uniform_random,11,157126251,164126251,,512,no_disease_to_disease,,,,
4,64,256,64,16,52,0.0442190310004662,0.18063262299983762,False,all independently sampled candidates,152,uniform_random,11,157126251,164126251,,512,no_disease_to_disease,,,,
5,64,320,64,27,79,0.045052457999190665,0.2256850809990283,False,all independently sampled candidates,152,uniform_random,11,157126251,164126251,,512,no_disease_to_disease,,,,
6,64,384,64,24,103,0.04314338999938627,0.26882847099841456,False,all independently sampled candidates,152,uniform_random,11,157126251,164126251,,512,no_disease_to_disease,,,,
7,64,448,64,28,131,0.045202272000096855,0.3140307429985114,False,all independently sampled candidates,152,uniform_random,11,157126251,164126251,,512,no_disease_to_disease,,,,
8,64,512,64,23,154,0.04489922200082219,0.3589299649993336,False,all independently sampled candidates,152,uniform_random,11,157126251,164126251,,512,no_disease_to_disease,,,,
1,64,64,64,6,6,0.042195450001599966,0.042195450001599966,True,all genetic population candidates,152,genetic_cfe,11,157126251,164126251,,512,no_disease_to_disease,,,,
2,64,128,64,25,31,0.04544844299925899,0.08764389300085895,True,all genetic population candidates,152,genetic_cfe,11,157126251,164126251,,512,no_disease_to_disease,,,,
3,64,192,64,42,71,0.04667520200018771,0.13431909500104666,True,all genetic population candidates,152,genetic_cfe,11,157126251,164126251,,512,no_disease_to_disease,,,,
4,64,256,64,49,118,0.04698878899944248,0.18130788400048914,True,all genetic population candidates,152,genetic_cfe,11,157126251,164126251,,512,no_disease_to_disease,,,,
5,64,320,64,49,166,0.04889096900114964,0.23019885300163878,True,all genetic population candidates,152,genetic_cfe,11,157126251,164126251,,512,no_disease_to_disease,,,,
6,64,384,64,56,220,0.052067401999011054,0.28226625500064983,True,all genetic population candidates,152,genetic_cfe,11,157126251,164126251,,512,no_disease_to_disease,,,,
7,64,448,64,60,277,0.05623748800098838,0.3385037430016382,True,all genetic population candidates,152,genetic_cfe,11,157126251,164126251,,512,no_disease_to_disease,,,,
8,64,512,64,54,330,0.05496687899903918,0.3934706220006774,True,all genetic population candidates,152,genetic_cfe,11,157126251,164126251,,512,no_disease_to_disease,,,,
1,512,512,16,16,1,0.11831272200106469,0.11831272200106469,True,final restart pool only,152,dice_gradient_style,11,157126251,164126251,,512,no_disease_to_disease,31.0,16.0,16.0,31.0
1,512,512,16,16,1,0.10373903100116877,0.10373903100116877,True,final restart pool only,152,wachter_style,11,157126251,164126251,,512,no_disease_to_disease,31.0,16.0,16.0,31.0
1,64,64,64,11,11,0.044498335000753286,0.044498335000753286,False,all independently sampled candidates,153,uniform_random,11,158126254,165126254,,512,no_disease_to_disease,,,,
2,64,128,64,18,29,0.04477951399894664,0.08927784899969993,False,all independently sampled candidates,153,uniform_random,11,158126254,165126254,,512,no_disease_to_disease,,,,
3,64,192,64,17,46,0.04468653900039499,0.1339643880000949,False,all independently sampled candidates,153,uniform_random,11,158126254,165126254,,512,no_disease_to_disease,,,,
4,64,256,64,18,64,0.04542807300094864,0.17939246100104356,False,all independently sampled candidates,153,uniform_random,11,158126254,165126254,,512,no_disease_to_disease,,,,
5,64,320,64,23,87,0.048782394998852396,0.22817485599989595,False,all independently sampled candidates,153,uniform_random,11,158126254,165126254,,512,no_disease_to_disease,,,,
6,64,384,64,22,109,0.04533830900072644,0.2735131650006224,False,all independently sampled candidates,153,uniform_random,11,158126254,165126254,,512,no_disease_to_disease,,,,
7,64,448,64,24,133,0.04605536400049459,0.319568529001117,False,all independently sampled candidates,153,uniform_random,11,158126254,165126254,,512,no_disease_to_disease,,,,
8,64,512,63,22,155,0.04389567299949704,0.363464202000614,False,all independently sampled candidates,153,uniform_random,11,158126254,165126254,,512,no_disease_to_disease,,,,
1,64,64,64,11,11,0.04447968600106833,0.04447968600106833,True,all genetic population candidates,153,genetic_cfe,11,158126254,165126254,,512,no_disease_to_disease,,,,
2,64,128,64,35,45,0.04283717499856721,0.08731686099963554,True,all genetic population candidates,153,genetic_cfe,11,158126254,165126254,,512,no_disease_to_disease,,,,
3,64,192,64,52,95,0.04544808300124714,0.13276494400088268,True,all genetic population candidates,153,genetic_cfe,11,158126254,165126254,,512,no_disease_to_disease,,,,
4,64,256,64,51,145,0.04763255699981528,0.18039750100069796,True,all genetic population candidates,153,genetic_cfe,11,158126254,165126254,,512,no_disease_to_disease,,,,
5,64,320,64,54,198,0.050877304000096046,0.231274805000794,True,all genetic population candidates,153,genetic_cfe,11,158126254,165126254,,512,no_disease_to_disease,,,,
6,64,384,64,52,246,0.057325378998939414,0.2886001839997334,True,all genetic population candidates,153,genetic_cfe,11,158126254,165126254,,512,no_disease_to_disease,,,,
7,64,448,64,53,294,0.05519452699991234,0.34379471099964576,True,all genetic population candidates,153,genetic_cfe,11,158126254,165126254,,512,no_disease_to_disease,,,,
8,64,512,64,56,342,0.05589616600082081,0.39969087700046657,True,all genetic population candidates,153,genetic_cfe,11,158126254,165126254,,512,no_disease_to_disease,,,,
1,512,512,16,16,1,0.11951104699983262,0.11951104699983262,True,final restart pool only,153,dice_gradient_style,11,158126254,165126254,,512,no_disease_to_disease,31.0,16.0,16.0,31.0
1,512,512,16,16,1,0.10974353399979009,0.10974353399979009,True,final restart pool only,153,wachter_style,11,158126254,165126254,,512,no_disease_to_disease,31.0,16.0,16.0,31.0
1,64,64,64,15,15,0.0472219959992799,0.0472219959992799,False,all independently sampled candidates,154,uniform_random,11,159126257,166126257,,512,no_disease_to_disease,,,,
2,64,128,64,11,26,0.0434879180011194,0.0907099140003993,False,all independently sampled candidates,154,uniform_random,11,159126257,166126257,,512,no_disease_to_disease,,,,
3,64,192,64,17,43,0.04444185799911793,0.13515177199951722,False,all independently sampled candidates,154,uniform_random,11,159126257,166126257,,512,no_disease_to_disease,,,,
4,64,256,64,16,59,0.044634048999796505,0.17978582099931373,False,all independently sampled candidates,154,uniform_random,11,159126257,166126257,,512,no_disease_to_disease,,,,
5,64,320,64,15,74,0.04344818900062819,0.22323400999994192,False,all independently sampled candidates,154,uniform_random,11,159126257,166126257,,512,no_disease_to_disease,,,,
6,64,384,64,20,94,0.04382605600039824,0.26706006600034016,False,all independently sampled candidates,154,uniform_random,11,159126257,166126257,,512,no_disease_to_disease,,,,
7,64,448,64,19,113,0.04367822599851934,0.3107382919988595,False,all independently sampled candidates,154,uniform_random,11,159126257,166126257,,512,no_disease_to_disease,,,,
8,64,512,64,18,131,0.04510965100052999,0.3558479429993895,False,all independently sampled candidates,154,uniform_random,11,159126257,166126257,,512,no_disease_to_disease,,,,
1,64,64,64,15,15,0.04476747099943168,0.04476747099943168,True,all genetic population candidates,154,genetic_cfe,11,159126257,166126257,,512,no_disease_to_disease,,,,
2,64,128,64,26,40,0.043551938000746304,0.08831940900017798,True,all genetic population candidates,154,genetic_cfe,11,159126257,166126257,,512,no_disease_to_disease,,,,
3,64,192,64,48,86,0.04808363200027088,0.13640304100044887,True,all genetic population candidates,154,genetic_cfe,11,159126257,166126257,,512,no_disease_to_disease,,,,
4,64,256,64,47,129,0.04873362099897349,0.18513666199942236,True,all genetic population candidates,154,genetic_cfe,11,159126257,166126257,,512,no_disease_to_disease,,,,
5,64,320,64,49,173,0.05020233899995219,0.23533900099937455,True,all genetic population candidates,154,genetic_cfe,11,159126257,166126257,,512,no_disease_to_disease,,,,
6,64,384,64,50,220,0.05234836899944639,0.28768736999882094,True,all genetic population candidates,154,genetic_cfe,11,159126257,166126257,,512,no_disease_to_disease,,,,
7,64,448,64,55,270,0.05670092100081092,0.34438829099963186,True,all genetic population candidates,154,genetic_cfe,11,159126257,166126257,,512,no_disease_to_disease,,,,
8,64,512,64,53,320,0.057588951000070665,0.40197724199970253,True,all genetic population candidates,154,genetic_cfe,11,159126257,166126257,,512,no_disease_to_disease,,,,
1,512,512,16,16,1,0.12284579900006065,0.12284579900006065,True,final restart pool only,154,dice_gradient_style,11,159126257,166126257,,512,no_disease_to_disease,31.0,16.0,16.0,31.0
1,512,512,16,16,1,0.1073271349996503,0.1073271349996503,True,final restart pool only,154,wachter_style,11,159126257,166126257,,512,no_disease_to_disease,31.0,16.0,16.0,31.0
1,64,64,64,13,13,0.04128047000085644,0.04128047000085644,False,all independently sampled candidates,155,uniform_random,11,160126260,167126260,,512,no_disease_to_disease,,,,
2,64,128,64,13,26,0.04176116899907356,0.08304163899993,False,all independently sampled candidates,155,uniform_random,11,160126260,167126260,,512,no_disease_to_disease,,,,
3,64,192,64,18,44,0.04240968300109671,0.1254513220010267,False,all independently sampled candidates,155,uniform_random,11,160126260,167126260,,512,no_disease_to_disease,,,,
4,64,256,64,20,64,0.04373671499888587,0.16918803699991258,False,all independently sampled candidates,155,uniform_random,11,160126260,167126260,,512,no_disease_to_disease,,,,
5,64,320,64,19,83,0.043946038000285625,0.2131340750001982,False,all independently sampled candidates,155,uniform_random,11,160126260,167126260,,512,no_disease_to_disease,,,,
6,64,384,64,16,99,0.043891302000702126,0.25702537700090033,False,all independently sampled candidates,155,uniform_random,11,160126260,167126260,,512,no_disease_to_disease,,,,
7,64,448,64,22,121,0.044919271998878685,0.301944648999779,False,all independently sampled candidates,155,uniform_random,11,160126260,167126260,,512,no_disease_to_disease,,,,
8,64,512,64,26,147,0.04441355000017211,0.34635819899995113,False,all independently sampled candidates,155,uniform_random,11,160126260,167126260,,512,no_disease_to_disease,,,,
1,64,64,64,13,13,0.04475310499947227,0.04475310499947227,True,all genetic population candidates,155,genetic_cfe,11,160126260,167126260,,512,no_disease_to_disease,,,,
2,64,128,64,29,40,0.044921480999619234,0.0896745859990915,True,all genetic population candidates,155,genetic_cfe,11,160126260,167126260,,512,no_disease_to_disease,,,,
3,64,192,64,33,71,0.04327226600071299,0.1329468519998045,True,all genetic population candidates,155,genetic_cfe,11,160126260,167126260,,512,no_disease_to_disease,,,,
4,64,256,64,49,119,0.04737247099910746,0.18031932299891196,True,all genetic population candidates,155,genetic_cfe,11,160126260,167126260,,512,no_disease_to_disease,,,,
5,64,320,64,58,175,0.0500085420007963,0.23032786499970825,True,all genetic population candidates,155,genetic_cfe,11,160126260,167126260,,512,no_disease_to_disease,,,,
6,64,384,64,62,236,0.05270599200048309,0.28303385700019135,True,all genetic population candidates,155,genetic_cfe,11,160126260,167126260,,512,no_disease_to_disease,,,,
7,64,448,64,60,294,0.05484869399879244,0.3378825509989838,True,all genetic population candidates,155,genetic_cfe,11,160126260,167126260,,512,no_disease_to_disease,,,,
8,64,512,64,58,351,0.05895989000055124,0.39684244099953503,True,all genetic population candidates,155,genetic_cfe,11,160126260,167126260,,512,no_disease_to_disease,,,,
1,512,512,16,16,1,0.11831258900019748,0.11831258900019748,True,final restart pool only,155,dice_gradient_style,11,160126260,167126260,,512,no_disease_to_disease,31.0,16.0,16.0,31.0
1,512,512,16,16,1,0.10599859000103606,0.10599859000103606,True,final restart pool only,155,wachter_style,11,160126260,167126260,,512,no_disease_to_disease,31.0,16.0,16.0,31.0
1,64,64,64,21,21,0.04511780699976953,0.04511780699976953,False,all independently sampled candidates,156,uniform_random,11,161126263,168126263,,512,no_disease_to_disease,,,,
2,64,128,64,17,38,0.04268048399899271,0.08779829099876224,False,all independently sampled candidates,156,uniform_random,11,161126263,168126263,,512,no_disease_to_disease,,,,
3,64,192,64,19,57,0.04370661300163192,0.13150490400039416,False,all independently sampled candidates,156,uniform_random,11,161126263,168126263,,512,no_disease_to_disease,,,,
4,64,256,64,19,76,0.04378004599857377,0.17528494999896793,False,all independently sampled candidates,156,uniform_random,11,161126263,168126263,,512,no_disease_to_disease,,,,
5,64,320,64,25,101,0.047423005000382545,0.22270795499935048,False,all independently sampled candidates,156,uniform_random,11,161126263,168126263,,512,no_disease_to_disease,,,,
6,64,384,64,22,123,0.0445215769996139,0.2672295319989644,False,all independently sampled candidates,156,uniform_random,11,161126263,168126263,,512,no_disease_to_disease,,,,
7,64,448,64,22,145,0.04591372800132376,0.31314326000028814,False,all independently sampled candidates,156,uniform_random,11,161126263,168126263,,512,no_disease_to_disease,,,,
8,64,512,64,25,170,0.0446993850000581,0.35784264500034624,False,all independently sampled candidates,156,uniform_random,11,161126263,168126263,,512,no_disease_to_disease,,,,
1,64,64,64,21,21,0.04185892699933902,0.04185892699933902,True,all genetic population candidates,156,genetic_cfe,11,161126263,168126263,,512,no_disease_to_disease,,,,
2,64,128,64,34,53,0.04359861699958856,0.08545754399892758,True,all genetic population candidates,156,genetic_cfe,11,161126263,168126263,,512,no_disease_to_disease,,,,
3,64,192,64,45,94,0.04637553999964439,0.13183308399857196,True,all genetic population candidates,156,genetic_cfe,11,161126263,168126263,,512,no_disease_to_disease,,,,
4,64,256,64,50,142,0.06099080000058166,0.19282388399915362,True,all genetic population candidates,156,genetic_cfe,11,161126263,168126263,,512,no_disease_to_disease,,,,
5,64,320,64,57,195,0.05604734699954861,0.24887123099870223,True,all genetic population candidates,156,genetic_cfe,11,161126263,168126263,,512,no_disease_to_disease,,,,
6,64,384,64,54,249,0.05349619400112715,0.3023674249998294,True,all genetic population candidates,156,genetic_cfe,11,161126263,168126263,,512,no_disease_to_disease,,,,
7,64,448,64,51,299,0.05398306999995839,0.35635049499978777,True,all genetic population candidates,156,genetic_cfe,11,161126263,168126263,,512,no_disease_to_disease,,,,
8,64,512,64,53,348,0.05633506499907526,0.412685559998863,True,all genetic population candidates,156,genetic_cfe,11,161126263,168126263,,512,no_disease_to_disease,,,,
1,512,512,16,16,1,0.12415885699920182,0.12415885699920182,True,final restart pool only,156,dice_gradient_style,11,161126263,168126263,,512,no_disease_to_disease,31.0,16.0,16.0,31.0
1,512,512,16,16,1,0.10296769799970207,0.10296769799970207,True,final restart pool only,156,wachter_style,11,161126263,168126263,,512,no_disease_to_disease,31.0,16.0,16.0,31.0
1,64,64,64,1,1,0.04219943899988721,0.04219943899988721,False,all independently sampled candidates,157,uniform_random,11,162126266,169126266,,512,no_disease_to_disease,,,,
2,64,128,64,12,13,0.04187417699904472,0.08407361599893193,False,all independently sampled candidates,157,uniform_random,11,162126266,169126266,,512,no_disease_to_disease,,,,
3,64,192,64,12,25,0.04418876599993382,0.12826238199886575,False,all independently sampled candidates,157,uniform_random,11,162126266,169126266,,512,no_disease_to_disease,,,,
4,64,256,64,16,41,0.0446287470003881,0.17289112899925385,False,all independently sampled candidates,157,uniform_random,11,162126266,169126266,,512,no_disease_to_disease,,,,
5,64,320,64,12,53,0.04475918199932494,0.2176503109985788,False,all independently sampled candidates,157,uniform_random,11,162126266,169126266,,512,no_disease_to_disease,,,,
6,64,384,64,10,63,0.041906218000804074,0.25955652899938286,False,all independently sampled candidates,157,uniform_random,11,162126266,169126266,,512,no_disease_to_disease,,,,
7,64,448,64,18,81,0.044455436000134796,0.30401196499951766,False,all independently sampled candidates,157,uniform_random,11,162126266,169126266,,512,no_disease_to_disease,,,,
8,64,512,64,19,100,0.043859629000507994,0.34787159400002565,False,all independently sampled candidates,157,uniform_random,11,162126266,169126266,,512,no_disease_to_disease,,,,
1,64,64,64,1,1,0.04279467000014847,0.04279467000014847,True,all genetic population candidates,157,genetic_cfe,11,162126266,169126266,,512,no_disease_to_disease,,,,
2,64,128,64,19,20,0.043140947998836054,0.08593561799898453,True,all genetic population candidates,157,genetic_cfe,11,162126266,169126266,,512,no_disease_to_disease,,,,
3,64,192,64,44,62,0.04419300700101303,0.13012862499999756,True,all genetic population candidates,157,genetic_cfe,11,162126266,169126266,,512,no_disease_to_disease,,,,
4,64,256,64,48,108,0.04693485499956296,0.1770634799995605,True,all genetic population candidates,157,genetic_cfe,11,162126266,169126266,,512,no_disease_to_disease,,,,
5,64,320,64,50,155,0.04988416000014695,0.22694763999970746,True,all genetic population candidates,157,genetic_cfe,11,162126266,169126266,,512,no_disease_to_disease,,,,
6,64,384,64,54,207,0.050265059999219375,0.27721269999892684,True,all genetic population candidates,157,genetic_cfe,11,162126266,169126266,,512,no_disease_to_disease,,,,
7,64,448,64,51,255,0.052864281000438496,0.33007698099936533,True,all genetic population candidates,157,genetic_cfe,11,162126266,169126266,,512,no_disease_to_disease,,,,
8,64,512,64,46,297,0.05270400700101163,0.38278098800037696,True,all genetic population candidates,157,genetic_cfe,11,162126266,169126266,,512,no_disease_to_disease,,,,
1,512,512,16,16,1,0.1149197369995818,0.1149197369995818,True,final restart pool only,157,dice_gradient_style,11,162126266,169126266,,512,no_disease_to_disease,31.0,16.0,16.0,31.0
1,512,512,16,16,1,0.10402602599970123,0.10402602599970123,True,final restart pool only,157,wachter_style,11,162126266,169126266,,512,no_disease_to_disease,31.0,16.0,16.0,31.0
1,64,64,64,8,8,0.04156385600072099,0.04156385600072099,False,all independently sampled candidates,158,uniform_random,11,163126269,170126269,,512,no_disease_to_disease,,,,
2,64,128,64,6,14,0.0412902429998212,0.08285409900054219,False,all independently sampled candidates,158,uniform_random,11,163126269,170126269,,512,no_disease_to_disease,,,,
3,64,192,64,14,28,0.041177712999342475,0.12403181199988467,False,all independently sampled candidates,158,uniform_random,11,163126269,170126269,,512,no_disease_to_disease,,,,
4,64,256,64,17,45,0.04336254100053338,0.16739435300041805,False,all independently sampled candidates,158,uniform_random,11,163126269,170126269,,512,no_disease_to_disease,,,,
5,64,320,64,15,60,0.04371160800110374,0.2111059610015218,False,all independently sampled candidates,158,uniform_random,11,163126269,170126269,,512,no_disease_to_disease,,,,
6,64,384,64,14,74,0.04361394299849053,0.2547199040000123,False,all independently sampled candidates,158,uniform_random,11,163126269,170126269,,512,no_disease_to_disease,,,,
7,64,448,64,17,91,0.043732923000789015,0.29845282700080134,False,all independently sampled candidates,158,uniform_random,11,163126269,170126269,,512,no_disease_to_disease,,,,
8,64,512,64,15,106,0.043652296999425744,0.3421051240002271,False,all independently sampled candidates,158,uniform_random,11,163126269,170126269,,512,no_disease_to_disease,,,,
1,64,64,64,8,8,0.04124609899918141,0.04124609899918141,True,all genetic population candidates,158,genetic_cfe,11,163126269,170126269,,512,no_disease_to_disease,,,,
2,64,128,64,18,26,0.044335480000881944,0.08558157900006336,True,all genetic population candidates,158,genetic_cfe,11,163126269,170126269,,512,no_disease_to_disease,,,,
3,64,192,64,31,57,0.045659413999601384,0.13124099299966474,True,all genetic population candidates,158,genetic_cfe,11,163126269,170126269,,512,no_disease_to_disease,,,,
4,64,256,64,52,108,0.04813947900038329,0.17938047200004803,True,all genetic population candidates,158,genetic_cfe,11,163126269,170126269,,512,no_disease_to_disease,,,,
5,64,320,64,47,155,0.04909338200013735,0.22847385400018538,True,all genetic population candidates,158,genetic_cfe,11,163126269,170126269,,512,no_disease_to_disease,,,,
6,64,384,64,47,200,0.05167791499843588,0.28015176899862126,True,all genetic population candidates,158,genetic_cfe,11,163126269,170126269,,512,no_disease_to_disease,,,,
7,64,448,64,53,253,0.054848996000146144,0.3350007649987674,True,all genetic population candidates,158,genetic_cfe,11,163126269,170126269,,512,no_disease_to_disease,,,,
8,64,512,64,53,303,0.05443920800098567,0.3894399729997531,True,all genetic population candidates,158,genetic_cfe,11,163126269,170126269,,512,no_disease_to_disease,,,,
1,512,512,16,16,1,0.11527671299882059,0.11527671299882059,True,final restart pool only,158,dice_gradient_style,11,163126269,170126269,,512,no_disease_to_disease,31.0,16.0,16.0,31.0
1,512,512,16,16,1,0.1028994309999689,0.1028994309999689,True,final restart pool only,158,wachter_style,11,163126269,170126269,,512,no_disease_to_disease,31.0,16.0,16.0,31.0
1,64,64,64,8,8,0.04151992100014468,0.04151992100014468,False,all independently sampled candidates,159,uniform_random,11,164126272,171126272,,512,no_disease_to_disease,,,,
2,64,128,64,16,24,0.043152127000212204,0.08467204800035688,False,all independently sampled candidates,159,uniform_random,11,164126272,171126272,,512,no_disease_to_disease,,,,
3,64,192,64,23,47,0.04728428300040832,0.1319563310007652,False,all independently sampled candidates,159,uniform_random,11,164126272,171126272,,512,no_disease_to_disease,,,,
4,64,256,64,16,63,0.048673345998395234,0.18062967699916044,False,all independently sampled candidates,159,uniform_random,11,164126272,171126272,,512,no_disease_to_disease,,,,
5,64,320,64,22,85,0.049264744000538485,0.22989442099969892,False,all independently sampled candidates,159,uniform_random,11,164126272,171126272,,512,no_disease_to_disease,,,,
6,64,384,64,19,104,0.04561733999980788,0.2755117609995068,False,all independently sampled candidates,159,uniform_random,11,164126272,171126272,,512,no_disease_to_disease,,,,
7,64,448,64,18,122,0.04712398500123527,0.3226357460007421,False,all independently sampled candidates,159,uniform_random,11,164126272,171126272,,512,no_disease_to_disease,,,,
8,64,512,64,15,137,0.04461736099983682,0.3672531070005789,False,all independently sampled candidates,159,uniform_random,11,164126272,171126272,,512,no_disease_to_disease,,,,
1,64,64,64,8,8,0.04239383300046029,0.04239383300046029,True,all genetic population candidates,159,genetic_cfe,11,164126272,171126272,,512,no_disease_to_disease,,,,
2,64,128,64,21,27,0.0429873539997061,0.08538118700016639,True,all genetic population candidates,159,genetic_cfe,11,164126272,171126272,,512,no_disease_to_disease,,,,
3,64,192,64,35,62,0.04474450199995772,0.1301256890001241,True,all genetic population candidates,159,genetic_cfe,11,164126272,171126272,,512,no_disease_to_disease,,,,
4,64,256,64,47,106,0.04668187300012505,0.17680756200024916,True,all genetic population candidates,159,genetic_cfe,11,164126272,171126272,,512,no_disease_to_disease,,,,
5,64,320,64,54,157,0.049324276000334066,0.22613183800058323,True,all genetic population candidates,159,genetic_cfe,11,164126272,171126272,,512,no_disease_to_disease,,,,
6,64,384,64,58,213,0.05051352699956624,0.27664536500014947,True,all genetic population candidates,159,genetic_cfe,11,164126272,171126272,,512,no_disease_to_disease,,,,
7,64,448,64,54,262,0.05271405900020909,0.32935942400035856,True,all genetic population candidates,159,genetic_cfe,11,164126272,171126272,,512,no_disease_to_disease,,,,
8,64,512,64,58,318,0.057933510001021205,0.38729293400137976,True,all genetic population candidates,159,genetic_cfe,11,164126272,171126272,,512,no_disease_to_disease,,,,
1,512,512,16,16,1,0.11817714100106969,0.11817714100106969,True,final restart pool only,159,dice_gradient_style,11,164126272,171126272,,512,no_disease_to_disease,31.0,16.0,16.0,31.0
1,512,512,16,16,1,0.10571911799888767,0.10571911799888767,True,final restart pool only,159,wachter_style,11,164126272,171126272,,512,no_disease_to_disease,31.0,16.0,16.0,31.0
1,64,64,64,8,8,0.04400737600008142,0.04400737600008142,False,all independently sampled candidates,160,uniform_random,11,165126275,172126275,,512,no_disease_to_disease,,,,
2,64,128,64,18,26,0.04100546200061217,0.08501283800069359,False,all independently sampled candidates,160,uniform_random,11,165126275,172126275,,512,no_disease_to_disease,,,,
3,64,192,64,16,42,0.04174508899995999,0.12675792700065358,False,all independently sampled candidates,160,uniform_random,11,165126275,172126275,,512,no_disease_to_disease,,,,
4,64,256,64,21,63,0.04486178499973903,0.1716197120003926,False,all independently sampled candidates,160,uniform_random,11,165126275,172126275,,512,no_disease_to_disease,,,,
5,64,320,64,16,79,0.04179976699924737,0.21341947899963998,False,all independently sampled candidates,160,uniform_random,11,165126275,172126275,,512,no_disease_to_disease,,,,
6,64,384,64,14,93,0.04294259400012379,0.25636207299976377,False,all independently sampled candidates,160,uniform_random,11,165126275,172126275,,512,no_disease_to_disease,,,,
7,64,448,64,18,111,0.04241976800039993,0.2987818410001637,False,all independently sampled candidates,160,uniform_random,11,165126275,172126275,,512,no_disease_to_disease,,,,
8,64,512,63,21,132,0.04341186999954516,0.34219371099970886,False,all independently sampled candidates,160,uniform_random,11,165126275,172126275,,512,no_disease_to_disease,,,,
1,64,64,64,8,8,0.041736035998837906,0.041736035998837906,True,all genetic population candidates,160,genetic_cfe,11,165126275,172126275,,512,no_disease_to_disease,,,,
2,64,128,64,24,30,0.04228492900074343,0.08402096499958134,True,all genetic population candidates,160,genetic_cfe,11,165126275,172126275,,512,no_disease_to_disease,,,,
3,64,192,64,36,64,0.043158005999430316,0.12717897099901165,True,all genetic population candidates,160,genetic_cfe,11,165126275,172126275,,512,no_disease_to_disease,,,,
4,64,256,64,50,111,0.04582577399924048,0.17300474499825214,True,all genetic population candidates,160,genetic_cfe,11,165126275,172126275,,512,no_disease_to_disease,,,,
5,64,320,64,49,155,0.047200930001054076,0.2202056749993062,True,all genetic population candidates,160,genetic_cfe,11,165126275,172126275,,512,no_disease_to_disease,,,,
6,64,384,64,50,205,0.05166422599904763,0.27186990099835384,True,all genetic population candidates,160,genetic_cfe,11,165126275,172126275,,512,no_disease_to_disease,,,,
7,64,448,64,46,248,0.05028185300034238,0.3221517539986962,True,all genetic population candidates,160,genetic_cfe,11,165126275,172126275,,512,no_disease_to_disease,,,,
8,64,512,64,49,297,0.057491741001285845,0.37964349499998207,True,all genetic population candidates,160,genetic_cfe,11,165126275,172126275,,512,no_disease_to_disease,,,,
1,512,512,16,16,1,0.11492508900118992,0.11492508900118992,True,final restart pool only,160,dice_gradient_style,11,165126275,172126275,,512,no_disease_to_disease,31.0,16.0,16.0,31.0
1,512,512,16,16,1,0.10362753300069016,0.10362753300069016,True,final restart pool only,160,wachter_style,11,165126275,172126275,,512,no_disease_to_disease,31.0,16.0,16.0,31.0
1,64,64,64,10,10,0.042829545000131475,0.042829545000131475,False,all independently sampled candidates,161,uniform_random,11,166126278,173126278,,512,no_disease_to_disease,,,,
2,64,128,64,18,28,0.04310944200005906,0.08593898700019054,False,all independently sampled candidates,161,uniform_random,11,166126278,173126278,,512,no_disease_to_disease,,,,
3,64,192,64,17,45,0.04711848400074814,0.13305747100093868,False,all independently sampled candidates,161,uniform_random,11,166126278,173126278,,512,no_disease_to_disease,,,,
4,64,256,64,22,67,0.0433917289992678,0.17644920000020647,False,all independently sampled candidates,161,uniform_random,11,166126278,173126278,,512,no_disease_to_disease,,,,
5,64,320,64,23,90,0.045096178000676446,0.22154537800088292,False,all independently sampled candidates,161,uniform_random,11,166126278,173126278,,512,no_disease_to_disease,,,,
6,64,384,64,16,106,0.04334690299947397,0.2648922810003569,False,all independently sampled candidates,161,uniform_random,11,166126278,173126278,,512,no_disease_to_disease,,,,
7,64,448,64,14,120,0.04343205400073202,0.3083243350010889,False,all independently sampled candidates,161,uniform_random,11,166126278,173126278,,512,no_disease_to_disease,,,,
8,64,512,64,21,141,0.04334328199911397,0.3516676170002029,False,all independently sampled candidates,161,uniform_random,11,166126278,173126278,,512,no_disease_to_disease,,,,
1,64,64,64,10,10,0.042289887000151793,0.042289887000151793,True,all genetic population candidates,161,genetic_cfe,11,166126278,173126278,,512,no_disease_to_disease,,,,
2,64,128,64,17,27,0.044297591999566066,0.08658747899971786,True,all genetic population candidates,161,genetic_cfe,11,166126278,173126278,,512,no_disease_to_disease,,,,
3,64,192,64,39,64,0.05723499600026116,0.14382247499997902,True,all genetic population candidates,161,genetic_cfe,11,166126278,173126278,,512,no_disease_to_disease,,,,
4,64,256,64,50,110,0.06433828300032474,0.20816075800030376,True,all genetic population candidates,161,genetic_cfe,11,166126278,173126278,,512,no_disease_to_disease,,,,
5,64,320,64,56,163,0.04937200099993788,0.25753275900024164,True,all genetic population candidates,161,genetic_cfe,11,166126278,173126278,,512,no_disease_to_disease,,,,
6,64,384,64,59,219,0.050114330000724294,0.30764708900096593,True,all genetic population candidates,161,genetic_cfe,11,166126278,173126278,,512,no_disease_to_disease,,,,
7,64,448,64,51,270,0.05481748999955016,0.3624645790005161,True,all genetic population candidates,161,genetic_cfe,11,166126278,173126278,,512,no_disease_to_disease,,,,
8,64,512,64,56,322,0.0564704949993029,0.418935073999819,True,all genetic population candidates,161,genetic_cfe,11,166126278,173126278,,512,no_disease_to_disease,,,,
1,512,512,16,16,1,0.116181430999859,0.116181430999859,True,final restart pool only,161,dice_gradient_style,11,166126278,173126278,,512,no_disease_to_disease,31.0,16.0,16.0,31.0
1,512,512,16,16,1,0.1049382550008886,0.1049382550008886,True,final restart pool only,161,wachter_style,11,166126278,173126278,,512,no_disease_to_disease,31.0,16.0,16.0,31.0
1,64,64,64,13,13,0.043314814000041224,0.043314814000041224,False,all independently sampled candidates,162,uniform_random,11,167126281,174126281,,512,no_disease_to_disease,,,,
2,64,128,64,9,22,0.04167562299880956,0.08499043699885078,False,all independently sampled candidates,162,uniform_random,11,167126281,174126281,,512,no_disease_to_disease,,,,
3,64,192,64,14,36,0.0439982140014763,0.12898865100032708,False,all independently sampled candidates,162,uniform_random,11,167126281,174126281,,512,no_disease_to_disease,,,,
4,64,256,64,19,55,0.04224299899942707,0.17123164999975415,False,all independently sampled candidates,162,uniform_random,11,167126281,174126281,,512,no_disease_to_disease,,,,
5,64,320,64,20,75,0.04272708999997121,0.21395873999972537,False,all independently sampled candidates,162,uniform_random,11,167126281,174126281,,512,no_disease_to_disease,,,,
6,64,384,64,24,99,0.043121672000779654,0.257080412000505,False,all independently sampled candidates,162,uniform_random,11,167126281,174126281,,512,no_disease_to_disease,,,,
7,64,448,64,23,122,0.044846762999441125,0.30192717499994615,False,all independently sampled candidates,162,uniform_random,11,167126281,174126281,,512,no_disease_to_disease,,,,
8,64,512,64,23,145,0.0481065240001044,0.35003369900005055,False,all independently sampled candidates,162,uniform_random,11,167126281,174126281,,512,no_disease_to_disease,,,,
1,64,64,64,13,13,0.04236056099944108,0.04236056099944108,True,all genetic population candidates,162,genetic_cfe,11,167126281,174126281,,512,no_disease_to_disease,,,,
2,64,128,64,24,36,0.043533854999623145,0.08589441599906422,True,all genetic population candidates,162,genetic_cfe,11,167126281,174126281,,512,no_disease_to_disease,,,,
3,64,192,64,39,74,0.04476264200093283,0.13065705799999705,True,all genetic population candidates,162,genetic_cfe,11,167126281,174126281,,512,no_disease_to_disease,,,,
4,64,256,64,51,122,0.04997358000036911,0.18063063800036616,True,all genetic population candidates,162,genetic_cfe,11,167126281,174126281,,512,no_disease_to_disease,,,,
5,64,320,64,52,173,0.05314150599951972,0.23377214399988588,True,all genetic population candidates,162,genetic_cfe,11,167126281,174126281,,512,no_disease_to_disease,,,,
6,64,384,64,50,220,0.05555221699978574,0.2893243609996716,True,all genetic population candidates,162,genetic_cfe,11,167126281,174126281,,512,no_disease_to_disease,,,,
7,64,448,64,55,273,0.05393133600045985,0.3432556970001315,True,all genetic population candidates,162,genetic_cfe,11,167126281,174126281,,512,no_disease_to_disease,,,,
8,64,512,64,52,320,0.05298309799945855,0.39623879499959,True,all genetic population candidates,162,genetic_cfe,11,167126281,174126281,,512,no_disease_to_disease,,,,
1,512,512,16,16,1,0.11888318899946171,0.11888318899946171,True,final restart pool only,162,dice_gradient_style,11,167126281,174126281,,512,no_disease_to_disease,31.0,16.0,16.0,31.0
1,512,512,16,16,1,0.10403745900111971,0.10403745900111971,True,final restart pool only,162,wachter_style,11,167126281,174126281,,512,no_disease_to_disease,31.0,16.0,16.0,31.0
1,64,64,64,17,17,0.04361438200066914,0.04361438200066914,False,all independently sampled candidates,163,uniform_random,11,168126284,175126284,,512,no_disease_to_disease,,,,
2,64,128,64,19,36,0.04408285799945588,0.08769724000012502,False,all independently sampled candidates,163,uniform_random,11,168126284,175126284,,512,no_disease_to_disease,,,,
3,64,192,64,17,53,0.04216655799973523,0.12986379799986025,False,all independently sampled candidates,163,uniform_random,11,168126284,175126284,,512,no_disease_to_disease,,,,
4,64,256,64,18,71,0.042583347001709626,0.17244714500156988,False,all independently sampled candidates,163,uniform_random,11,168126284,175126284,,512,no_disease_to_disease,,,,
5,64,320,64,21,92,0.04489010899851564,0.21733725400008552,False,all independently sampled candidates,163,uniform_random,11,168126284,175126284,,512,no_disease_to_disease,,,,
6,64,384,64,23,115,0.046741702000872465,0.264078956000958,False,all independently sampled candidates,163,uniform_random,11,168126284,175126284,,512,no_disease_to_disease,,,,
7,64,448,64,23,138,0.04633277100037958,0.31041172700133757,False,all independently sampled candidates,163,uniform_random,11,168126284,175126284,,512,no_disease_to_disease,,,,
8,64,512,63,21,159,0.04808357299953059,0.35849530000086816,False,all independently sampled candidates,163,uniform_random,11,168126284,175126284,,512,no_disease_to_disease,,,,
1,64,64,64,17,17,0.041594667000026675,0.041594667000026675,True,all genetic population candidates,163,genetic_cfe,11,168126284,175126284,,512,no_disease_to_disease,,,,
2,64,128,64,35,51,0.04641236699899309,0.08800703399901977,True,all genetic population candidates,163,genetic_cfe,11,168126284,175126284,,512,no_disease_to_disease,,,,
3,64,192,64,37,85,0.04505052500098827,0.13305755900000804,True,all genetic population candidates,163,genetic_cfe,11,168126284,175126284,,512,no_disease_to_disease,,,,
4,64,256,64,47,129,0.05116710800029978,0.18422466700030782,True,all genetic population candidates,163,genetic_cfe,11,168126284,175126284,,512,no_disease_to_disease,,,,
5,64,320,64,53,181,0.04939800700049091,0.23362267400079872,True,all genetic population candidates,163,genetic_cfe,11,168126284,175126284,,512,no_disease_to_disease,,,,
6,64,384,64,51,230,0.0517477939993114,0.2853704680001101,True,all genetic population candidates,163,genetic_cfe,11,168126284,175126284,,512,no_disease_to_disease,,,,
7,64,448,64,58,287,0.054153794999365346,0.33952426299947547,True,all genetic population candidates,163,genetic_cfe,11,168126284,175126284,,512,no_disease_to_disease,,,,
8,64,512,64,60,342,0.055879405001178384,0.39540366800065385,True,all genetic population candidates,163,genetic_cfe,11,168126284,175126284,,512,no_disease_to_disease,,,,
1,512,512,16,16,1,0.11546859800000675,0.11546859800000675,True,final restart pool only,163,dice_gradient_style,11,168126284,175126284,,512,no_disease_to_disease,31.0,16.0,16.0,31.0
1,512,512,16,16,1,0.11064763699869218,0.11064763699869218,True,final restart pool only,163,wachter_style,11,168126284,175126284,,512,no_disease_to_disease,31.0,16.0,16.0,31.0
1,64,64,64,11,11,0.04119245400033833,0.04119245400033833,False,all independently sampled candidates,164,uniform_random,11,169126287,176126287,,512,no_disease_to_disease,,,,
2,64,128,64,17,28,0.04150059899984626,0.08269305300018459,False,all independently sampled candidates,164,uniform_random,11,169126287,176126287,,512,no_disease_to_disease,,,,
3,64,192,64,12,40,0.04209301799892273,0.12478607099910732,False,all independently sampled candidates,164,uniform_random,11,169126287,176126287,,512,no_disease_to_disease,,,,
4,64,256,64,20,60,0.04396608299975924,0.16875215399886656,False,all independently sampled candidates,164,uniform_random,11,169126287,176126287,,512,no_disease_to_disease,,,,
5,64,320,64,20,80,0.04517389100146829,0.21392604500033485,False,all independently sampled candidates,164,uniform_random,11,169126287,176126287,,512,no_disease_to_disease,,,,
6,64,384,64,19,99,0.046522231999915675,0.2604482770002505,False,all independently sampled candidates,164,uniform_random,11,169126287,176126287,,512,no_disease_to_disease,,,,
7,64,448,64,20,119,0.04795108100006473,0.30839935800031526,False,all independently sampled candidates,164,uniform_random,11,169126287,176126287,,512,no_disease_to_disease,,,,
8,64,512,64,25,144,0.049020138998457696,0.35741949699877296,False,all independently sampled candidates,164,uniform_random,11,169126287,176126287,,512,no_disease_to_disease,,,,
1,64,64,64,11,11,0.04179502399892954,0.04179502399892954,True,all genetic population candidates,164,genetic_cfe,11,169126287,176126287,,512,no_disease_to_disease,,,,
2,64,128,64,24,35,0.041924731000108295,0.08371975499903783,True,all genetic population candidates,164,genetic_cfe,11,169126287,176126287,,512,no_disease_to_disease,,,,
3,64,192,64,42,75,0.04663316200094414,0.13035291699998197,True,all genetic population candidates,164,genetic_cfe,11,169126287,176126287,,512,no_disease_to_disease,,,,
4,64,256,64,54,126,0.04767754099884769,0.17803045799882966,True,all genetic population candidates,164,genetic_cfe,11,169126287,176126287,,512,no_disease_to_disease,,,,
5,64,320,64,50,174,0.04850663000070199,0.22653708799953165,True,all genetic population candidates,164,genetic_cfe,11,169126287,176126287,,512,no_disease_to_disease,,,,
6,64,384,64,46,218,0.04835449799975322,0.27489158599928487,True,all genetic population candidates,164,genetic_cfe,11,169126287,176126287,,512,no_disease_to_disease,,,,
7,64,448,64,55,272,0.053109168000446516,0.3280007539997314,True,all genetic population candidates,164,genetic_cfe,11,169126287,176126287,,512,no_disease_to_disease,,,,
8,64,512,64,53,325,0.05574870899909001,0.3837494629988214,True,all genetic population candidates,164,genetic_cfe,11,169126287,176126287,,512,no_disease_to_disease,,,,
1,512,512,16,16,1,0.11571743700005754,0.11571743700005754,True,final restart pool only,164,dice_gradient_style,11,169126287,176126287,,512,no_disease_to_disease,31.0,16.0,16.0,31.0
1,512,512,16,16,1,0.10613298600037524,0.10613298600037524,True,final restart pool only,164,wachter_style,11,169126287,176126287,,512,no_disease_to_disease,31.0,16.0,16.0,31.0
1,64,64,64,15,15,0.04147790000024543,0.04147790000024543,False,all independently sampled candidates,165,uniform_random,11,170126290,177126290,,512,no_disease_to_disease,,,,
2,64,128,64,16,31,0.04211435400065966,0.08359225400090509,False,all independently sampled candidates,165,uniform_random,11,170126290,177126290,,512,no_disease_to_disease,,,,
3,64,192,64,13,44,0.04286972299996705,0.12646197700087214,False,all independently sampled candidates,165,uniform_random,11,170126290,177126290,,512,no_disease_to_disease,,,,
4,64,256,64,18,62,0.04361819999940053,0.17008017700027267,False,all independently sampled candidates,165,uniform_random,11,170126290,177126290,,512,no_disease_to_disease,,,,
5,64,320,64,23,85,0.0436406539993186,0.21372083099959127,False,all independently sampled candidates,165,uniform_random,11,170126290,177126290,,512,no_disease_to_disease,,,,
6,64,384,64,22,107,0.04568626900072559,0.25940710000031686,False,all independently sampled candidates,165,uniform_random,11,170126290,177126290,,512,no_disease_to_disease,,,,
7,64,448,64,23,130,0.044896045999848866,0.3043031460001657,False,all independently sampled candidates,165,uniform_random,11,170126290,177126290,,512,no_disease_to_disease,,,,
8,64,512,64,22,152,0.046091292999335565,0.3503944389995013,False,all independently sampled candidates,165,uniform_random,11,170126290,177126290,,512,no_disease_to_disease,,,,
1,64,64,64,15,15,0.04340319900074974,0.04340319900074974,True,all genetic population candidates,165,genetic_cfe,11,170126290,177126290,,512,no_disease_to_disease,,,,
2,64,128,64,24,39,0.044945104000362335,0.08834830300111207,True,all genetic population candidates,165,genetic_cfe,11,170126290,177126290,,512,no_disease_to_disease,,,,
3,64,192,64,42,79,0.046615735000159475,0.13496403800127155,True,all genetic population candidates,165,genetic_cfe,11,170126290,177126290,,512,no_disease_to_disease,,,,
4,64,256,64,48,124,0.04770099599954847,0.18266503400082001,True,all genetic population candidates,165,genetic_cfe,11,170126290,177126290,,512,no_disease_to_disease,,,,
5,64,320,64,53,174,0.04897615099980612,0.23164118500062614,True,all genetic population candidates,165,genetic_cfe,11,170126290,177126290,,512,no_disease_to_disease,,,,
6,64,384,64,55,223,0.05179270599910524,0.2834338909997314,True,all genetic population candidates,165,genetic_cfe,11,170126290,177126290,,512,no_disease_to_disease,,,,
7,64,448,64,62,281,0.05838053900151863,0.34181443000125,True,all genetic population candidates,165,genetic_cfe,11,170126290,177126290,,512,no_disease_to_disease,,,,
8,64,512,64,55,334,0.06225649599946337,0.40407092600071337,True,all genetic population candidates,165,genetic_cfe,11,170126290,177126290,,512,no_disease_to_disease,,,,
1,512,512,16,16,1,0.11078755999915302,0.11078755999915302,True,final restart pool only,165,dice_gradient_style,11,170126290,177126290,,512,no_disease_to_disease,31.0,16.0,16.0,31.0
1,512,512,16,16,1,0.10015062200000102,0.10015062200000102,True,final restart pool only,165,wachter_style,11,170126290,177126290,,512,no_disease_to_disease,31.0,16.0,16.0,31.0
1,64,64,64,19,19,0.04532617199947708,0.04532617199947708,False,all independently sampled candidates,166,uniform_random,11,171126293,178126293,,512,no_disease_to_disease,,,,
2,64,128,64,19,38,0.044699488000333076,0.09002565999981016,False,all independently sampled candidates,166,uniform_random,11,171126293,178126293,,512,no_disease_to_disease,,,,
3,64,192,64,25,63,0.04607798500001081,0.13610364499982097,False,all independently sampled candidates,166,uniform_random,11,171126293,178126293,,512,no_disease_to_disease,,,,
4,64,256,64,15,78,0.046116055998936645,0.18221970099875762,False,all independently sampled candidates,166,uniform_random,11,171126293,178126293,,512,no_disease_to_disease,,,,
5,64,320,64,22,100,0.04684563299997535,0.22906533399873297,False,all independently sampled candidates,166,uniform_random,11,171126293,178126293,,512,no_disease_to_disease,,,,
6,64,384,64,18,118,0.0522268750009971,0.28129220899973006,False,all independently sampled candidates,166,uniform_random,11,171126293,178126293,,512,no_disease_to_disease,,,,
7,64,448,64,26,144,0.046171566000339226,0.3274637750000693,False,all independently sampled candidates,166,uniform_random,11,171126293,178126293,,512,no_disease_to_disease,,,,
8,64,512,64,28,172,0.04654984999979206,0.37401362499986135,False,all independently sampled candidates,166,uniform_random,11,171126293,178126293,,512,no_disease_to_disease,,,,
1,64,64,64,19,19,0.04178122700068343,0.04178122700068343,True,all genetic population candidates,166,genetic_cfe,11,171126293,178126293,,512,no_disease_to_disease,,,,
2,64,128,64,34,52,0.04290410800058453,0.08468533500126796,True,all genetic population candidates,166,genetic_cfe,11,171126293,178126293,,512,no_disease_to_disease,,,,
3,64,192,64,54,106,0.046393597998758196,0.13107893300002615,True,all genetic population candidates,166,genetic_cfe,11,171126293,178126293,,512,no_disease_to_disease,,,,
4,64,256,64,58,160,0.0509305060004408,0.18200943900046695,True,all genetic population candidates,166,genetic_cfe,11,171126293,178126293,,512,no_disease_to_disease,,,,
5,64,320,64,49,207,0.048428550999233266,0.23043798999970022,True,all genetic population candidates,166,genetic_cfe,11,171126293,178126293,,512,no_disease_to_disease,,,,
6,64,384,64,53,259,0.05205569700046908,0.2824936870001693,True,all genetic population candidates,166,genetic_cfe,11,171126293,178126293,,512,no_disease_to_disease,,,,
7,64,448,64,50,308,0.05469620199983183,0.33718988900000113,True,all genetic population candidates,166,genetic_cfe,11,171126293,178126293,,512,no_disease_to_disease,,,,
8,64,512,64,55,361,0.06025275300089561,0.39744264200089674,True,all genetic population candidates,166,genetic_cfe,11,171126293,178126293,,512,no_disease_to_disease,,,,
1,512,512,16,16,1,0.1093062159998226,0.1093062159998226,True,final restart pool only,166,dice_gradient_style,11,171126293,178126293,,512,no_disease_to_disease,31.0,16.0,16.0,31.0
1,512,512,16,16,1,0.10597331700046198,0.10597331700046198,True,final restart pool only,166,wachter_style,11,171126293,178126293,,512,no_disease_to_disease,31.0,16.0,16.0,31.0
1,64,64,64,11,11,0.04170472999976482,0.04170472999976482,False,all independently sampled candidates,167,uniform_random,11,172126296,179126296,,512,no_disease_to_disease,,,,
2,64,128,64,15,26,0.043878575999769964,0.08558330599953479,False,all independently sampled candidates,167,uniform_random,11,172126296,179126296,,512,no_disease_to_disease,,,,
3,64,192,64,20,46,0.04547264100074244,0.13105594700027723,False,all independently sampled candidates,167,uniform_random,11,172126296,179126296,,512,no_disease_to_disease,,,,
4,64,256,64,24,70,0.04550172199924418,0.1765576689995214,False,all independently sampled candidates,167,uniform_random,11,172126296,179126296,,512,no_disease_to_disease,,,,
5,64,320,64,28,98,0.045150107000154094,0.2217077759996755,False,all independently sampled candidates,167,uniform_random,11,172126296,179126296,,512,no_disease_to_disease,,,,
6,64,384,64,24,122,0.045484099000532296,0.2671918750002078,False,all independently sampled candidates,167,uniform_random,11,172126296,179126296,,512,no_disease_to_disease,,,,
7,64,448,64,19,141,0.04518612399988342,0.3123779990000912,False,all independently sampled candidates,167,uniform_random,11,172126296,179126296,,512,no_disease_to_disease,,,,
8,64,512,64,26,167,0.04465429700030654,0.35703229600039776,False,all independently sampled candidates,167,uniform_random,11,172126296,179126296,,512,no_disease_to_disease,,,,
1,64,64,64,11,11,0.041200954001396894,0.041200954001396894,True,all genetic population candidates,167,genetic_cfe,11,172126296,179126296,,512,no_disease_to_disease,,,,
2,64,128,64,21,32,0.04329484499976388,0.08449579900116078,True,all genetic population candidates,167,genetic_cfe,11,172126296,179126296,,512,no_disease_to_disease,,,,
3,64,192,64,49,81,0.04597823899894138,0.13047403800010215,True,all genetic population candidates,167,genetic_cfe,11,172126296,179126296,,512,no_disease_to_disease,,,,
4,64,256,64,47,127,0.04634750100012752,0.17682153900022968,True,all genetic population candidates,167,genetic_cfe,11,172126296,179126296,,512,no_disease_to_disease,,,,
5,64,320,64,53,179,0.04962701800104696,0.22644855700127664,True,all genetic population candidates,167,genetic_cfe,11,172126296,179126296,,512,no_disease_to_disease,,,,
6,64,384,64,56,232,0.054158933999133296,0.28060749100040994,True,all genetic population candidates,167,genetic_cfe,11,172126296,179126296,,512,no_disease_to_disease,,,,
7,64,448,64,57,288,0.05792076699981408,0.338528258000224,True,all genetic population candidates,167,genetic_cfe,11,172126296,179126296,,512,no_disease_to_disease,,,,
8,64,512,64,56,341,0.05810389700127416,0.3966321550014982,True,all genetic population candidates,167,genetic_cfe,11,172126296,179126296,,512,no_disease_to_disease,,,,
1,512,512,16,16,1,0.1168633650013362,0.1168633650013362,True,final restart pool only,167,dice_gradient_style,11,172126296,179126296,,512,no_disease_to_disease,31.0,16.0,16.0,31.0
1,512,512,16,16,1,0.1072888429989689,0.1072888429989689,True,final restart pool only,167,wachter_style,11,172126296,179126296,,512,no_disease_to_disease,31.0,16.0,16.0,31.0
1,64,64,64,18,18,0.042931140000291634,0.042931140000291634,False,all independently sampled candidates,168,uniform_random,11,173126299,180126299,,512,no_disease_to_disease,,,,
2,64,128,64,21,39,0.044849796999187674,0.08778093699947931,False,all independently sampled candidates,168,uniform_random,11,173126299,180126299,,512,no_disease_to_disease,,,,
3,64,192,64,22,61,0.04485911799929454,0.13264005499877385,False,all independently sampled candidates,168,uniform_random,11,173126299,180126299,,512,no_disease_to_disease,,,,
4,64,256,63,22,83,0.04572493300111091,0.17836498799988476,False,all independently sampled candidates,168,uniform_random,11,173126299,180126299,,512,no_disease_to_disease,,,,
5,64,320,64,27,110,0.04680451899912441,0.22516950699900917,False,all independently sampled candidates,168,uniform_random,11,173126299,180126299,,512,no_disease_to_disease,,,,
6,64,384,64,26,136,0.044557350000104634,0.2697268569991138,False,all independently sampled candidates,168,uniform_random,11,173126299,180126299,,512,no_disease_to_disease,,,,
7,64,448,63,25,161,0.045122434001314105,0.3148492910004279,False,all independently sampled candidates,168,uniform_random,11,173126299,180126299,,512,no_disease_to_disease,,,,
8,64,512,63,19,180,0.044915245998709,0.3597645369991369,False,all independently sampled candidates,168,uniform_random,11,173126299,180126299,,512,no_disease_to_disease,,,,
1,64,64,64,18,18,0.04320743100106483,0.04320743100106483,True,all genetic population candidates,168,genetic_cfe,11,173126299,180126299,,512,no_disease_to_disease,,,,
2,64,128,64,33,45,0.044570771999133285,0.08777820300019812,True,all genetic population candidates,168,genetic_cfe,11,173126299,180126299,,512,no_disease_to_disease,,,,
3,64,192,64,42,84,0.047500982000201475,0.1352791850003996,True,all genetic population candidates,168,genetic_cfe,11,173126299,180126299,,512,no_disease_to_disease,,,,
4,64,256,64,45,127,0.049525119000463746,0.18480430400086334,True,all genetic population candidates,168,genetic_cfe,11,173126299,180126299,,512,no_disease_to_disease,,,,
5,64,320,64,51,176,0.05397764099870983,0.23878194499957317,True,all genetic population candidates,168,genetic_cfe,11,173126299,180126299,,512,no_disease_to_disease,,,,
6,64,384,64,51,222,0.05588978400010092,0.2946717289996741,True,all genetic population candidates,168,genetic_cfe,11,173126299,180126299,,512,no_disease_to_disease,,,,
7,64,448,64,53,273,0.05603056100153481,0.3507022900012089,True,all genetic population candidates,168,genetic_cfe,11,173126299,180126299,,512,no_disease_to_disease,,,,
8,64,512,64,50,319,0.053504172999964794,0.4042064630011737,True,all genetic population candidates,168,genetic_cfe,11,173126299,180126299,,512,no_disease_to_disease,,,,
1,512,512,16,16,1,0.11354646300060267,0.11354646300060267,True,final restart pool only,168,dice_gradient_style,11,173126299,180126299,,512,no_disease_to_disease,31.0,16.0,16.0,31.0
1,512,512,16,16,1,0.10699298399958934,0.10699298399958934,True,final restart pool only,168,wachter_style,11,173126299,180126299,,512,no_disease_to_disease,31.0,16.0,16.0,31.0
1,64,64,64,8,8,0.04271430500011775,0.04271430500011775,False,all independently sampled candidates,169,uniform_random,11,174126302,181126302,,512,no_disease_to_disease,,,,
2,64,128,64,19,27,0.04273030799959088,0.08544461299970862,False,all independently sampled candidates,169,uniform_random,11,174126302,181126302,,512,no_disease_to_disease,,,,
3,64,192,64,22,49,0.04520316600064689,0.1306477790003555,False,all independently sampled candidates,169,uniform_random,11,174126302,181126302,,512,no_disease_to_disease,,,,
4,64,256,64,18,67,0.044333628999083885,0.1749814079994394,False,all independently sampled candidates,169,uniform_random,11,174126302,181126302,,512,no_disease_to_disease,,,,
5,64,320,64,20,87,0.04369877900171559,0.218680187001155,False,all independently sampled candidates,169,uniform_random,11,174126302,181126302,,512,no_disease_to_disease,,,,
6,64,384,64,22,109,0.04532218799977272,0.2640023750009277,False,all independently sampled candidates,169,uniform_random,11,174126302,181126302,,512,no_disease_to_disease,,,,
7,64,448,64,19,128,0.04420293499970285,0.30820531000063056,False,all independently sampled candidates,169,uniform_random,11,174126302,181126302,,512,no_disease_to_disease,,,,
8,64,512,63,30,158,0.04754061799940246,0.355745928000033,False,all independently sampled candidates,169,uniform_random,11,174126302,181126302,,512,no_disease_to_disease,,,,
1,64,64,64,8,8,0.04222646000016539,0.04222646000016539,True,all genetic population candidates,169,genetic_cfe,11,174126302,181126302,,512,no_disease_to_disease,,,,
2,64,128,64,27,34,0.0435614269990765,0.08578788699924189,True,all genetic population candidates,169,genetic_cfe,11,174126302,181126302,,512,no_disease_to_disease,,,,
3,64,192,64,41,73,0.044259321000936325,0.13004720800017822,True,all genetic population candidates,169,genetic_cfe,11,174126302,181126302,,512,no_disease_to_disease,,,,
4,64,256,64,46,116,0.04842159600048035,0.17846880400065857,True,all genetic population candidates,169,genetic_cfe,11,174126302,181126302,,512,no_disease_to_disease,,,,
5,64,320,64,49,160,0.049697781998474966,0.22816658599913353,True,all genetic population candidates,169,genetic_cfe,11,174126302,181126302,,512,no_disease_to_disease,,,,
6,64,384,64,59,217,0.05042985900036001,0.27859644499949354,True,all genetic population candidates,169,genetic_cfe,11,174126302,181126302,,512,no_disease_to_disease,,,,
7,64,448,64,47,261,0.051505729999917094,0.33010217499941064,True,all genetic population candidates,169,genetic_cfe,11,174126302,181126302,,512,no_disease_to_disease,,,,
8,64,512,64,53,310,0.057275715000287164,0.3873778899996978,True,all genetic population candidates,169,genetic_cfe,11,174126302,181126302,,512,no_disease_to_disease,,,,
1,512,512,16,16,1,0.11592863499936357,0.11592863499936357,True,final restart pool only,169,dice_gradient_style,11,174126302,181126302,,512,no_disease_to_disease,31.0,16.0,16.0,31.0
1,512,512,16,16,1,0.1039864310005214,0.1039864310005214,True,final restart pool only,169,wachter_style,11,174126302,181126302,,512,no_disease_to_disease,31.0,16.0,16.0,31.0
1,64,64,64,12,12,0.043019546999857994,0.043019546999857994,False,all independently sampled candidates,170,uniform_random,11,175126305,182126305,,512,no_disease_to_disease,,,,
2,64,128,64,15,27,0.043485885000336566,0.08650543200019456,False,all independently sampled candidates,170,uniform_random,11,175126305,182126305,,512,no_disease_to_disease,,,,
3,64,192,64,23,50,0.0424857569996675,0.12899118899986206,False,all independently sampled candidates,170,uniform_random,11,175126305,182126305,,512,no_disease_to_disease,,,,
4,64,256,64,24,74,0.04410416999962763,0.1730953589994897,False,all independently sampled candidates,170,uniform_random,11,175126305,182126305,,512,no_disease_to_disease,,,,
5,64,320,64,20,94,0.04342927899961069,0.21652463799910038,False,all independently sampled candidates,170,uniform_random,11,175126305,182126305,,512,no_disease_to_disease,,,,
6,64,384,64,23,117,0.04655948500112572,0.2630841230002261,False,all independently sampled candidates,170,uniform_random,11,175126305,182126305,,512,no_disease_to_disease,,,,
7,64,448,63,21,138,0.04719323999961489,0.310277362999841,False,all independently sampled candidates,170,uniform_random,11,175126305,182126305,,512,no_disease_to_disease,,,,
8,64,512,64,21,159,0.04404778900061501,0.354325152000456,False,all independently sampled candidates,170,uniform_random,11,175126305,182126305,,512,no_disease_to_disease,,,,
1,64,64,64,12,12,0.04393691299992497,0.04393691299992497,True,all genetic population candidates,170,genetic_cfe,11,175126305,182126305,,512,no_disease_to_disease,,,,
2,64,128,64,27,39,0.0448166959995433,0.08875360899946827,True,all genetic population candidates,170,genetic_cfe,11,175126305,182126305,,512,no_disease_to_disease,,,,
3,64,192,64,47,81,0.04713787299988326,0.13589148199935153,True,all genetic population candidates,170,genetic_cfe,11,175126305,182126305,,512,no_disease_to_disease,,,,
4,64,256,64,42,122,0.04773343700071564,0.18362491900006717,True,all genetic population candidates,170,genetic_cfe,11,175126305,182126305,,512,no_disease_to_disease,,,,
5,64,320,64,46,165,0.053210222999041434,0.2368351419991086,True,all genetic population candidates,170,genetic_cfe,11,175126305,182126305,,512,no_disease_to_disease,,,,
6,64,384,64,58,216,0.053928851999444305,0.2907639939985529,True,all genetic population candidates,170,genetic_cfe,11,175126305,182126305,,512,no_disease_to_disease,,,,
7,64,448,64,61,271,0.058104804000322474,0.3488687979988754,True,all genetic population candidates,170,genetic_cfe,11,175126305,182126305,,512,no_disease_to_disease,,,,
8,64,512,64,60,324,0.0644059570004174,0.4132747549992928,True,all genetic population candidates,170,genetic_cfe,11,175126305,182126305,,512,no_disease_to_disease,,,,
1,512,512,16,16,1,0.12067630300043675,0.12067630300043675,True,final restart pool only,170,dice_gradient_style,11,175126305,182126305,,512,no_disease_to_disease,31.0,16.0,16.0,31.0
1,512,512,16,16,1,0.10677369000040926,0.10677369000040926,True,final restart pool only,170,wachter_style,11,175126305,182126305,,512,no_disease_to_disease,31.0,16.0,16.0,31.0
1,64,64,64,10,10,0.0674846379988594,0.0674846379988594,False,all independently sampled candidates,171,uniform_random,11,176126308,183126308,,512,no_disease_to_disease,,,,
2,64,128,64,21,31,0.051415662999716005,0.1189003009985754,False,all independently sampled candidates,171,uniform_random,11,176126308,183126308,,512,no_disease_to_disease,,,,
3,64,192,64,16,47,0.0447405280010571,0.1636408289996325,False,all independently sampled candidates,171,uniform_random,11,176126308,183126308,,512,no_disease_to_disease,,,,
4,64,256,64,17,64,0.04280463499890175,0.20644546399853425,False,all independently sampled candidates,171,uniform_random,11,176126308,183126308,,512,no_disease_to_disease,,,,
5,64,320,64,29,93,0.04455775700080267,0.2510032209993369,False,all independently sampled candidates,171,uniform_random,11,176126308,183126308,,512,no_disease_to_disease,,,,
6,64,384,63,26,119,0.047894531999190804,0.2988977529985277,False,all independently sampled candidates,171,uniform_random,11,176126308,183126308,,512,no_disease_to_disease,,,,
7,64,448,63,22,141,0.0456202690002101,0.3445180219987378,False,all independently sampled candidates,171,uniform_random,11,176126308,183126308,,512,no_disease_to_disease,,,,
8,64,512,64,27,168,0.04584792100104096,0.3903659429997788,False,all independently sampled candidates,171,uniform_random,11,176126308,183126308,,512,no_disease_to_disease,,,,
1,64,64,64,10,10,0.04313862399976642,0.04313862399976642,True,all genetic population candidates,171,genetic_cfe,11,176126308,183126308,,512,no_disease_to_disease,,,,
2,64,128,64,32,42,0.0435079160015448,0.08664654000131122,True,all genetic population candidates,171,genetic_cfe,11,176126308,183126308,,512,no_disease_to_disease,,,,
3,64,192,64,45,86,0.044633056999373366,0.1312795970006846,True,all genetic population candidates,171,genetic_cfe,11,176126308,183126308,,512,no_disease_to_disease,,,,
4,64,256,64,47,132,0.04662152499986405,0.17790112200054864,True,all genetic population candidates,171,genetic_cfe,11,176126308,183126308,,512,no_disease_to_disease,,,,
5,64,320,64,63,190,0.053199169000436086,0.23110029100098473,True,all genetic population candidates,171,genetic_cfe,11,176126308,183126308,,512,no_disease_to_disease,,,,
6,64,384,64,56,244,0.05170426999939082,0.28280456100037554,True,all genetic population candidates,171,genetic_cfe,11,176126308,183126308,,512,no_disease_to_disease,,,,
7,64,448,64,54,295,0.06011441400005424,0.3429189750004298,True,all genetic population candidates,171,genetic_cfe,11,176126308,183126308,,512,no_disease_to_disease,,,,
8,64,512,64,55,345,0.06087483599912957,0.40379381099955935,True,all genetic population candidates,171,genetic_cfe,11,176126308,183126308,,512,no_disease_to_disease,,,,
1,512,512,16,16,1,0.12197881800057075,0.12197881800057075,True,final restart pool only,171,dice_gradient_style,11,176126308,183126308,,512,no_disease_to_disease,31.0,16.0,16.0,31.0
1,512,512,16,16,1,0.10819033100051456,0.10819033100051456,True,final restart pool only,171,wachter_style,11,176126308,183126308,,512,no_disease_to_disease,31.0,16.0,16.0,31.0
1,64,64,64,10,10,0.046280823000415694,0.046280823000415694,False,all independently sampled candidates,172,uniform_random,11,177126311,184126311,,512,no_disease_to_disease,,,,
2,64,128,64,19,29,0.046017863000088255,0.09229868600050395,False,all independently sampled candidates,172,uniform_random,11,177126311,184126311,,512,no_disease_to_disease,,,,
3,64,192,64,20,49,0.04463120299988077,0.13692988900038472,False,all independently sampled candidates,172,uniform_random,11,177126311,184126311,,512,no_disease_to_disease,,,,
4,64,256,64,34,83,0.04704126500109851,0.18397115400148323,False,all independently sampled candidates,172,uniform_random,11,177126311,184126311,,512,no_disease_to_disease,,,,
5,64,320,64,16,99,0.044310306999250315,0.22828146100073354,False,all independently sampled candidates,172,uniform_random,11,177126311,184126311,,512,no_disease_to_disease,,,,
6,64,384,64,17,116,0.043877694000912015,0.27215915500164556,False,all independently sampled candidates,172,uniform_random,11,177126311,184126311,,512,no_disease_to_disease,,,,
7,64,448,64,24,140,0.046231950998844695,0.31839110600049025,False,all independently sampled candidates,172,uniform_random,11,177126311,184126311,,512,no_disease_to_disease,,,,
8,64,512,63,16,156,0.04470661199957249,0.36309771800006274,False,all independently sampled candidates,172,uniform_random,11,177126311,184126311,,512,no_disease_to_disease,,,,
1,64,64,64,10,10,0.04174594700089074,0.04174594700089074,True,all genetic population candidates,172,genetic_cfe,11,177126311,184126311,,512,no_disease_to_disease,,,,
2,64,128,64,18,28,0.04277102400010335,0.08451697100099409,True,all genetic population candidates,172,genetic_cfe,11,177126311,184126311,,512,no_disease_to_disease,,,,
3,64,192,64,38,64,0.043479542999193654,0.12799651400018774,True,all genetic population candidates,172,genetic_cfe,11,177126311,184126311,,512,no_disease_to_disease,,,,
4,64,256,64,52,115,0.046341032999407616,0.17433754699959536,True,all genetic population candidates,172,genetic_cfe,11,177126311,184126311,,512,no_disease_to_disease,,,,
5,64,320,64,46,160,0.049962017001234926,0.2242995640008303,True,all genetic population candidates,172,genetic_cfe,11,177126311,184126311,,512,no_disease_to_disease,,,,
6,64,384,64,56,211,0.053379871000288404,0.2776794350011187,True,all genetic population candidates,172,genetic_cfe,11,177126311,184126311,,512,no_disease_to_disease,,,,
7,64,448,64,58,265,0.06197265299852006,0.33965208799963875,True,all genetic population candidates,172,genetic_cfe,11,177126311,184126311,,512,no_disease_to_disease,,,,
8,64,512,64,57,318,0.05588796600022761,0.39554005399986636,True,all genetic population candidates,172,genetic_cfe,11,177126311,184126311,,512,no_disease_to_disease,,,,
1,512,512,16,16,1,0.11017834199992649,0.11017834199992649,True,final restart pool only,172,dice_gradient_style,11,177126311,184126311,,512,no_disease_to_disease,31.0,16.0,16.0,31.0
1,512,512,16,16,1,0.09859464500004833,0.09859464500004833,True,final restart pool only,172,wachter_style,11,177126311,184126311,,512,no_disease_to_disease,31.0,16.0,16.0,31.0
1,64,64,64,17,17,0.043478311999933794,0.043478311999933794,False,all independently sampled candidates,173,uniform_random,11,178126314,185126314,,512,no_disease_to_disease,,,,
2,64,128,64,16,33,0.045016283000222757,0.08849459500015655,False,all independently sampled candidates,173,uniform_random,11,178126314,185126314,,512,no_disease_to_disease,,,,
3,64,192,64,22,55,0.04376096700070775,0.1322555620008643,False,all independently sampled candidates,173,uniform_random,11,178126314,185126314,,512,no_disease_to_disease,,,,
4,64,256,64,26,81,0.045073160999891115,0.17732872300075542,False,all independently sampled candidates,173,uniform_random,11,178126314,185126314,,512,no_disease_to_disease,,,,
5,64,320,64,28,109,0.04405206899900804,0.22138079199976346,False,all independently sampled candidates,173,uniform_random,11,178126314,185126314,,512,no_disease_to_disease,,,,
6,64,384,64,24,133,0.046881869000571896,0.26826266100033536,False,all independently sampled candidates,173,uniform_random,11,178126314,185126314,,512,no_disease_to_disease,,,,
7,64,448,64,19,152,0.048281499000950134,0.3165441600012855,False,all independently sampled candidates,173,uniform_random,11,178126314,185126314,,512,no_disease_to_disease,,,,
8,64,512,64,27,179,0.047759742999915034,0.3643039030012005,False,all independently sampled candidates,173,uniform_random,11,178126314,185126314,,512,no_disease_to_disease,,,,
1,64,64,64,17,17,0.04341755200039188,0.04341755200039188,True,all genetic population candidates,173,genetic_cfe,11,178126314,185126314,,512,no_disease_to_disease,,,,
2,64,128,64,36,49,0.04376651999882597,0.08718407199921785,True,all genetic population candidates,173,genetic_cfe,11,178126314,185126314,,512,no_disease_to_disease,,,,
3,64,192,64,49,94,0.04670089600040228,0.13388496799962013,True,all genetic population candidates,173,genetic_cfe,11,178126314,185126314,,512,no_disease_to_disease,,,,
4,64,256,64,53,145,0.04933248999986972,0.18321745799948985,True,all genetic population candidates,173,genetic_cfe,11,178126314,185126314,,512,no_disease_to_disease,,,,
5,64,320,64,54,199,0.052792640000916435,0.2360100980004063,True,all genetic population candidates,173,genetic_cfe,11,178126314,185126314,,512,no_disease_to_disease,,,,
6,64,384,64,60,256,0.05552988699855632,0.2915399849989626,True,all genetic population candidates,173,genetic_cfe,11,178126314,185126314,,512,no_disease_to_disease,,,,
7,64,448,64,59,312,0.05534065200117766,0.34688063700014027,True,all genetic population candidates,173,genetic_cfe,11,178126314,185126314,,512,no_disease_to_disease,,,,
8,64,512,64,61,370,0.05966664299921831,0.4065472799993586,True,all genetic population candidates,173,genetic_cfe,11,178126314,185126314,,512,no_disease_to_disease,,,,
1,512,512,16,16,1,0.10990272100025322,0.10990272100025322,True,final restart pool only,173,dice_gradient_style,11,178126314,185126314,,512,no_disease_to_disease,31.0,16.0,16.0,31.0
1,512,512,16,16,1,0.10563343399917358,0.10563343399917358,True,final restart pool only,173,wachter_style,11,178126314,185126314,,512,no_disease_to_disease,31.0,16.0,16.0,31.0
1,64,64,64,8,8,0.04128688200034958,0.04128688200034958,False,all independently sampled candidates,174,uniform_random,11,179126317,186126317,,512,no_disease_to_disease,,,,
2,64,128,64,20,28,0.042195091999019496,0.08348197399936907,False,all independently sampled candidates,174,uniform_random,11,179126317,186126317,,512,no_disease_to_disease,,,,
3,64,192,64,24,52,0.04287559600015811,0.1263575699995272,False,all independently sampled candidates,174,uniform_random,11,179126317,186126317,,512,no_disease_to_disease,,,,
4,64,256,64,23,75,0.044065281999792205,0.1704228519993194,False,all independently sampled candidates,174,uniform_random,11,179126317,186126317,,512,no_disease_to_disease,,,,
5,64,320,64,28,103,0.04427835200112895,0.21470120400044834,False,all independently sampled candidates,174,uniform_random,11,179126317,186126317,,512,no_disease_to_disease,,,,
6,64,384,64,23,126,0.04836962399895128,0.2630708279993996,False,all independently sampled candidates,174,uniform_random,11,179126317,186126317,,512,no_disease_to_disease,,,,
7,64,448,63,26,152,0.04831383800046751,0.31138466599986714,False,all independently sampled candidates,174,uniform_random,11,179126317,186126317,,512,no_disease_to_disease,,,,
8,64,512,64,25,177,0.048887978000493604,0.36027264400036074,False,all independently sampled candidates,174,uniform_random,11,179126317,186126317,,512,no_disease_to_disease,,,,
1,64,64,64,8,8,0.04266142000051332,0.04266142000051332,True,all genetic population candidates,174,genetic_cfe,11,179126317,186126317,,512,no_disease_to_disease,,,,
2,64,128,64,29,37,0.044786567999835825,0.08744798800034914,True,all genetic population candidates,174,genetic_cfe,11,179126317,186126317,,512,no_disease_to_disease,,,,
3,64,192,64,46,83,0.045577777998914826,0.13302576599926397,True,all genetic population candidates,174,genetic_cfe,11,179126317,186126317,,512,no_disease_to_disease,,,,
4,64,256,64,57,138,0.049798547001046245,0.1828243130003102,True,all genetic population candidates,174,genetic_cfe,11,179126317,186126317,,512,no_disease_to_disease,,,,
5,64,320,64,57,193,0.05189028499989945,0.23471459800020966,True,all genetic population candidates,174,genetic_cfe,11,179126317,186126317,,512,no_disease_to_disease,,,,
6,64,384,64,56,245,0.053166703999522724,0.2878813019997324,True,all genetic population candidates,174,genetic_cfe,11,179126317,186126317,,512,no_disease_to_disease,,,,
7,64,448,64,59,301,0.057132718999127974,0.34501402099886036,True,all genetic population candidates,174,genetic_cfe,11,179126317,186126317,,512,no_disease_to_disease,,,,
8,64,512,64,60,356,0.059661625000444474,0.40467564599930483,True,all genetic population candidates,174,genetic_cfe,11,179126317,186126317,,512,no_disease_to_disease,,,,
1,512,512,16,16,1,0.10618099100065592,0.10618099100065592,True,final restart pool only,174,dice_gradient_style,11,179126317,186126317,,512,no_disease_to_disease,31.0,16.0,16.0,31.0
1,512,512,16,16,1,0.10576724299971829,0.10576724299971829,True,final restart pool only,174,wachter_style,11,179126317,186126317,,512,no_disease_to_disease,31.0,16.0,16.0,31.0
1,64,64,64,7,7,0.04196803800005,0.04196803800005,False,all independently sampled candidates,175,uniform_random,11,180126320,187126320,,512,no_disease_to_disease,,,,
2,64,128,64,22,29,0.04195448599966767,0.08392252399971767,False,all independently sampled candidates,175,uniform_random,11,180126320,187126320,,512,no_disease_to_disease,,,,
3,64,192,64,22,51,0.04399714700048207,0.12791967100019974,False,all independently sampled candidates,175,uniform_random,11,180126320,187126320,,512,no_disease_to_disease,,,,
4,64,256,64,17,68,0.04558613900007913,0.17350581000027887,False,all independently sampled candidates,175,uniform_random,11,180126320,187126320,,512,no_disease_to_disease,,,,
5,64,320,64,20,88,0.047976412999560125,0.221482222999839,False,all independently sampled candidates,175,uniform_random,11,180126320,187126320,,512,no_disease_to_disease,,,,
6,64,384,64,22,110,0.04818969299958553,0.2696719159994245,False,all independently sampled candidates,175,uniform_random,11,180126320,187126320,,512,no_disease_to_disease,,,,
7,64,448,64,29,139,0.049031403999833856,0.3187033199992584,False,all independently sampled candidates,175,uniform_random,11,180126320,187126320,,512,no_disease_to_disease,,,,
8,64,512,63,25,164,0.045024631999694975,0.36372795199895336,False,all independently sampled candidates,175,uniform_random,11,180126320,187126320,,512,no_disease_to_disease,,,,
1,64,64,64,7,7,0.043956219999017776,0.043956219999017776,True,all genetic population candidates,175,genetic_cfe,11,180126320,187126320,,512,no_disease_to_disease,,,,
2,64,128,64,21,27,0.043076421001387644,0.08703264100040542,True,all genetic population candidates,175,genetic_cfe,11,180126320,187126320,,512,no_disease_to_disease,,,,
3,64,192,64,44,68,0.045679887998630875,0.1327125289990363,True,all genetic population candidates,175,genetic_cfe,11,180126320,187126320,,512,no_disease_to_disease,,,,
4,64,256,64,49,116,0.0622847009999532,0.1949972299989895,True,all genetic population candidates,175,genetic_cfe,11,180126320,187126320,,512,no_disease_to_disease,,,,
5,64,320,64,49,159,0.05013209200114943,0.24512932200013893,True,all genetic population candidates,175,genetic_cfe,11,180126320,187126320,,512,no_disease_to_disease,,,,
6,64,384,64,52,209,0.050135270999817294,0.2952645929999562,True,all genetic population candidates,175,genetic_cfe,11,180126320,187126320,,512,no_disease_to_disease,,,,
7,64,448,64,52,259,0.053321113000492915,0.34858570600044914,True,all genetic population candidates,175,genetic_cfe,11,180126320,187126320,,512,no_disease_to_disease,,,,
8,64,512,64,57,312,0.05553501999929722,0.40412072599974636,True,all genetic population candidates,175,genetic_cfe,11,180126320,187126320,,512,no_disease_to_disease,,,,
1,512,512,16,16,1,0.11931608499980939,0.11931608499980939,True,final restart pool only,175,dice_gradient_style,11,180126320,187126320,,512,no_disease_to_disease,31.0,16.0,16.0,31.0
1,512,512,16,16,1,0.09838775299976987,0.09838775299976987,True,final restart pool only,175,wachter_style,11,180126320,187126320,,512,no_disease_to_disease,31.0,16.0,16.0,31.0
1,64,64,64,13,13,0.041918557000826695,0.041918557000826695,False,all independently sampled candidates,176,uniform_random,11,181126323,188126323,,512,no_disease_to_disease,,,,
2,64,128,64,21,34,0.04255357199872378,0.08447212899955048,False,all independently sampled candidates,176,uniform_random,11,181126323,188126323,,512,no_disease_to_disease,,,,
3,64,192,64,18,52,0.04558929900122166,0.13006142800077214,False,all independently sampled candidates,176,uniform_random,11,181126323,188126323,,512,no_disease_to_disease,,,,
4,64,256,64,15,67,0.045894992999819806,0.17595642100059194,False,all independently sampled candidates,176,uniform_random,11,181126323,188126323,,512,no_disease_to_disease,,,,
5,64,320,64,18,85,0.04578712900001847,0.2217435500006104,False,all independently sampled candidates,176,uniform_random,11,181126323,188126323,,512,no_disease_to_disease,,,,
6,64,384,64,20,105,0.04294906399991305,0.26469261400052346,False,all independently sampled candidates,176,uniform_random,11,181126323,188126323,,512,no_disease_to_disease,,,,
7,64,448,64,15,120,0.04229486099939095,0.3069874749999144,False,all independently sampled candidates,176,uniform_random,11,181126323,188126323,,512,no_disease_to_disease,,,,
8,64,512,64,22,142,0.04536387500047567,0.3523513500003901,False,all independently sampled candidates,176,uniform_random,11,181126323,188126323,,512,no_disease_to_disease,,,,
1,64,64,64,13,13,0.04212139499941259,0.04212139499941259,True,all genetic population candidates,176,genetic_cfe,11,181126323,188126323,,512,no_disease_to_disease,,,,
2,64,128,64,34,45,0.04556082199997036,0.08768221699938294,True,all genetic population candidates,176,genetic_cfe,11,181126323,188126323,,512,no_disease_to_disease,,,,
3,64,192,64,51,93,0.04585684800076706,0.13353906500015,True,all genetic population candidates,176,genetic_cfe,11,181126323,188126323,,512,no_disease_to_disease,,,,
4,64,256,64,50,141,0.04988219000006211,0.1834212550002121,True,all genetic population candidates,176,genetic_cfe,11,181126323,188126323,,512,no_disease_to_disease,,,,
5,64,320,64,56,196,0.05183592699904693,0.23525718199925905,True,all genetic population candidates,176,genetic_cfe,11,181126323,188126323,,512,no_disease_to_disease,,,,
6,64,384,64,57,251,0.052381450001121266,0.2876386320003803,True,all genetic population candidates,176,genetic_cfe,11,181126323,188126323,,512,no_disease_to_disease,,,,
7,64,448,64,58,307,0.05653611099842237,0.3441747429988027,True,all genetic population candidates,176,genetic_cfe,11,181126323,188126323,,512,no_disease_to_disease,,,,
8,64,512,64,53,357,0.05622240100092313,0.4003971439997258,True,all genetic population candidates,176,genetic_cfe,11,181126323,188126323,,512,no_disease_to_disease,,,,
1,512,512,16,16,1,0.11753826099993603,0.11753826099993603,True,final restart pool only,176,dice_gradient_style,11,181126323,188126323,,512,no_disease_to_disease,31.0,16.0,16.0,31.0
1,512,512,16,16,1,0.10795945599966217,0.10795945599966217,True,final restart pool only,176,wachter_style,11,181126323,188126323,,512,no_disease_to_disease,31.0,16.0,16.0,31.0
1,64,64,64,7,7,0.04158845100027975,0.04158845100027975,False,all independently sampled candidates,177,uniform_random,11,182126326,189126326,,512,no_disease_to_disease,,,,
2,64,128,64,11,18,0.04281504099890299,0.08440349199918273,False,all independently sampled candidates,177,uniform_random,11,182126326,189126326,,512,no_disease_to_disease,,,,
3,64,192,64,23,41,0.045449396000549314,0.12985288799973205,False,all independently sampled candidates,177,uniform_random,11,182126326,189126326,,512,no_disease_to_disease,,,,
4,64,256,64,21,62,0.04270789899965166,0.1725607869993837,False,all independently sampled candidates,177,uniform_random,11,182126326,189126326,,512,no_disease_to_disease,,,,
5,64,320,64,19,81,0.04407548500057601,0.21663627199995972,False,all independently sampled candidates,177,uniform_random,11,182126326,189126326,,512,no_disease_to_disease,,,,
6,64,384,64,25,106,0.043666444998962106,0.2603027169989218,False,all independently sampled candidates,177,uniform_random,11,182126326,189126326,,512,no_disease_to_disease,,,,
7,64,448,64,19,125,0.04421295100110001,0.30451566800002183,False,all independently sampled candidates,177,uniform_random,11,182126326,189126326,,512,no_disease_to_disease,,,,
8,64,512,64,19,144,0.046877755999958026,0.35139342399997986,False,all independently sampled candidates,177,uniform_random,11,182126326,189126326,,512,no_disease_to_disease,,,,
1,64,64,64,7,7,0.041341698000906035,0.041341698000906035,True,all genetic population candidates,177,genetic_cfe,11,182126326,189126326,,512,no_disease_to_disease,,,,
2,64,128,64,31,38,0.04245633599930443,0.08379803400021046,True,all genetic population candidates,177,genetic_cfe,11,182126326,189126326,,512,no_disease_to_disease,,,,
3,64,192,64,38,76,0.04339908200017817,0.12719711600038863,True,all genetic population candidates,177,genetic_cfe,11,182126326,189126326,,512,no_disease_to_disease,,,,
4,64,256,64,46,122,0.04673886999989918,0.1739359860002878,True,all genetic population candidates,177,genetic_cfe,11,182126326,189126326,,512,no_disease_to_disease,,,,
5,64,320,64,52,171,0.05047151799954008,0.2244075039998279,True,all genetic population candidates,177,genetic_cfe,11,182126326,189126326,,512,no_disease_to_disease,,,,
6,64,384,64,47,216,0.049529851001352654,0.27393735500118055,True,all genetic population candidates,177,genetic_cfe,11,182126326,189126326,,512,no_disease_to_disease,,,,
7,64,448,64,58,272,0.054533694999918225,0.3284710500010988,True,all genetic population candidates,177,genetic_cfe,11,182126326,189126326,,512,no_disease_to_disease,,,,
8,64,512,64,55,322,0.056756063999273465,0.38522711400037224,True,all genetic population candidates,177,genetic_cfe,11,182126326,189126326,,512,no_disease_to_disease,,,,
1,512,512,16,16,1,0.12148713499846053,0.12148713499846053,True,final restart pool only,177,dice_gradient_style,11,182126326,189126326,,512,no_disease_to_disease,31.0,16.0,16.0,31.0
1,512,512,16,16,1,0.10401072400054545,0.10401072400054545,True,final restart pool only,177,wachter_style,11,182126326,189126326,,512,no_disease_to_disease,31.0,16.0,16.0,31.0
1,64,64,64,10,10,0.04624219099969196,0.04624219099969196,False,all independently sampled candidates,178,uniform_random,11,183126329,190126329,,512,no_disease_to_disease,,,,
2,64,128,64,23,33,0.045764253998640925,0.09200644499833288,False,all independently sampled candidates,178,uniform_random,11,183126329,190126329,,512,no_disease_to_disease,,,,
3,64,192,64,18,51,0.04510725300133345,0.13711369799966633,False,all independently sampled candidates,178,uniform_random,11,183126329,190126329,,512,no_disease_to_disease,,,,
4,64,256,64,20,71,0.046282579000035184,0.1833962769997015,False,all independently sampled candidates,178,uniform_random,11,183126329,190126329,,512,no_disease_to_disease,,,,
5,64,320,64,17,88,0.04569116499988013,0.22908744199958164,False,all independently sampled candidates,178,uniform_random,11,183126329,190126329,,512,no_disease_to_disease,,,,
6,64,384,64,25,113,0.04692426699875796,0.2760117089983396,False,all independently sampled candidates,178,uniform_random,11,183126329,190126329,,512,no_disease_to_disease,,,,
7,64,448,64,21,134,0.047467273001529975,0.3234789819998696,False,all independently sampled candidates,178,uniform_random,11,183126329,190126329,,512,no_disease_to_disease,,,,
8,64,512,64,20,154,0.04689184800008661,0.3703708299999562,False,all independently sampled candidates,178,uniform_random,11,183126329,190126329,,512,no_disease_to_disease,,,,
1,64,64,64,10,10,0.04115942400130734,0.04115942400130734,True,all genetic population candidates,178,genetic_cfe,11,183126329,190126329,,512,no_disease_to_disease,,,,
2,64,128,64,25,34,0.04303610699935234,0.08419553100065968,True,all genetic population candidates,178,genetic_cfe,11,183126329,190126329,,512,no_disease_to_disease,,,,
3,64,192,64,43,76,0.044537821000631084,0.12873335200129077,True,all genetic population candidates,178,genetic_cfe,11,183126329,190126329,,512,no_disease_to_disease,,,,
4,64,256,64,57,127,0.0485186080004496,0.17725196000174037,True,all genetic population candidates,178,genetic_cfe,11,183126329,190126329,,512,no_disease_to_disease,,,,
5,64,320,64,51,174,0.04938701599894557,0.22663897600068594,True,all genetic population candidates,178,genetic_cfe,11,183126329,190126329,,512,no_disease_to_disease,,,,
6,64,384,64,54,225,0.0518928279998363,0.27853180400052224,True,all genetic population candidates,178,genetic_cfe,11,183126329,190126329,,512,no_disease_to_disease,,,,
7,64,448,64,52,272,0.056015029000263894,0.33454683300078614,True,all genetic population candidates,178,genetic_cfe,11,183126329,190126329,,512,no_disease_to_disease,,,,
8,64,512,64,60,325,0.05820787199991173,0.39275470500069787,True,all genetic population candidates,178,genetic_cfe,11,183126329,190126329,,512,no_disease_to_disease,,,,
1,512,512,16,16,1,0.11332530300023791,0.11332530300023791,True,final restart pool only,178,dice_gradient_style,11,183126329,190126329,,512,no_disease_to_disease,31.0,16.0,16.0,31.0
1,512,512,16,16,1,0.10529219999989436,0.10529219999989436,True,final restart pool only,178,wachter_style,11,183126329,190126329,,512,no_disease_to_disease,31.0,16.0,16.0,31.0
1,64,64,64,8,8,0.045099622999259736,0.045099622999259736,False,all independently sampled candidates,179,uniform_random,11,184126332,191126332,,512,no_disease_to_disease,,,,
2,64,128,64,12,20,0.043444611999802873,0.08854423499906261,False,all independently sampled candidates,179,uniform_random,11,184126332,191126332,,512,no_disease_to_disease,,,,
3,64,192,64,16,36,0.041651564999483526,0.13019579999854614,False,all independently sampled candidates,179,uniform_random,11,184126332,191126332,,512,no_disease_to_disease,,,,
4,64,256,64,21,57,0.04432541100140952,0.17452121099995566,False,all independently sampled candidates,179,uniform_random,11,184126332,191126332,,512,no_disease_to_disease,,,,
5,64,320,64,20,77,0.04582529099934618,0.22034650199930184,False,all independently sampled candidates,179,uniform_random,11,184126332,191126332,,512,no_disease_to_disease,,,,
6,64,384,64,15,92,0.04717581499971857,0.2675223169990204,False,all independently sampled candidates,179,uniform_random,11,184126332,191126332,,512,no_disease_to_disease,,,,
7,64,448,64,26,118,0.04797129899998254,0.31549361599900294,False,all independently sampled candidates,179,uniform_random,11,184126332,191126332,,512,no_disease_to_disease,,,,
8,64,512,64,20,138,0.04789667400109465,0.3633902900000976,False,all independently sampled candidates,179,uniform_random,11,184126332,191126332,,512,no_disease_to_disease,,,,
1,64,64,64,8,8,0.042444139000508585,0.042444139000508585,True,all genetic population candidates,179,genetic_cfe,11,184126332,191126332,,512,no_disease_to_disease,,,,
2,64,128,64,21,28,0.042414743000335875,0.08485888200084446,True,all genetic population candidates,179,genetic_cfe,11,184126332,191126332,,512,no_disease_to_disease,,,,
3,64,192,64,39,65,0.04332487099964055,0.128183753000485,True,all genetic population candidates,179,genetic_cfe,11,184126332,191126332,,512,no_disease_to_disease,,,,
4,64,256,64,43,107,0.04516977599996608,0.1733535290004511,True,all genetic population candidates,179,genetic_cfe,11,184126332,191126332,,512,no_disease_to_disease,,,,
5,64,320,64,57,161,0.04827359400042042,0.2216271230008715,True,all genetic population candidates,179,genetic_cfe,11,184126332,191126332,,512,no_disease_to_disease,,,,
6,64,384,64,60,218,0.0510932409997622,0.2727203640006337,True,all genetic population candidates,179,genetic_cfe,11,184126332,191126332,,512,no_disease_to_disease,,,,
7,64,448,64,54,269,0.053126343998883385,0.3258467079995171,True,all genetic population candidates,179,genetic_cfe,11,184126332,191126332,,512,no_disease_to_disease,,,,
8,64,512,64,53,319,0.05411591200027033,0.3799626199997874,True,all genetic population candidates,179,genetic_cfe,11,184126332,191126332,,512,no_disease_to_disease,,,,
1,512,512,16,16,1,0.11494500499975402,0.11494500499975402,True,final restart pool only,179,dice_gradient_style,11,184126332,191126332,,512,no_disease_to_disease,31.0,16.0,16.0,31.0
1,512,512,16,16,1,0.10447753299922624,0.10447753299922624,True,final restart pool only,179,wachter_style,11,184126332,191126332,,512,no_disease_to_disease,31.0,16.0,16.0,31.0
1,64,64,64,17,17,0.041276750998804346,0.041276750998804346,False,all independently sampled candidates,180,uniform_random,11,185126335,192126335,,512,no_disease_to_disease,,,,
2,64,128,64,18,35,0.04383601900008216,0.0851127699988865,False,all independently sampled candidates,180,uniform_random,11,185126335,192126335,,512,no_disease_to_disease,,,,
3,64,192,64,21,56,0.04486500700113538,0.1299777770000219,False,all independently sampled candidates,180,uniform_random,11,185126335,192126335,,512,no_disease_to_disease,,,,
4,64,256,64,20,76,0.045283284000106505,0.1752610610001284,False,all independently sampled candidates,180,uniform_random,11,185126335,192126335,,512,no_disease_to_disease,,,,
5,64,320,64,24,100,0.04470638999919174,0.21996745099932014,False,all independently sampled candidates,180,uniform_random,11,185126335,192126335,,512,no_disease_to_disease,,,,
6,64,384,64,22,122,0.045075366000673966,0.2650428169999941,False,all independently sampled candidates,180,uniform_random,11,185126335,192126335,,512,no_disease_to_disease,,,,
7,64,448,64,24,146,0.0436526719986432,0.3086954889986373,False,all independently sampled candidates,180,uniform_random,11,185126335,192126335,,512,no_disease_to_disease,,,,
8,64,512,64,28,174,0.04460903500148561,0.3533045240001229,False,all independently sampled candidates,180,uniform_random,11,185126335,192126335,,512,no_disease_to_disease,,,,
1,64,64,64,17,17,0.04242499900101393,0.04242499900101393,True,all genetic population candidates,180,genetic_cfe,11,185126335,192126335,,512,no_disease_to_disease,,,,
2,64,128,64,35,51,0.04536781599927053,0.08779281500028446,True,all genetic population candidates,180,genetic_cfe,11,185126335,192126335,,512,no_disease_to_disease,,,,
3,64,192,64,55,102,0.05061120999926061,0.13840402499954507,True,all genetic population candidates,180,genetic_cfe,11,185126335,192126335,,512,no_disease_to_disease,,,,
4,64,256,64,53,153,0.05380094600150187,0.19220497100104694,True,all genetic population candidates,180,genetic_cfe,11,185126335,192126335,,512,no_disease_to_disease,,,,
5,64,320,64,53,202,0.050108102999729454,0.2423130740007764,True,all genetic population candidates,180,genetic_cfe,11,185126335,192126335,,512,no_disease_to_disease,,,,
6,64,384,64,53,250,0.05360940199898323,0.2959224759997596,True,all genetic population candidates,180,genetic_cfe,11,185126335,192126335,,512,no_disease_to_disease,,,,
7,64,448,64,55,304,0.057320965999679174,0.3532434419994388,True,all genetic population candidates,180,genetic_cfe,11,185126335,192126335,,512,no_disease_to_disease,,,,
8,64,512,64,52,353,0.06386545700115676,0.41710889900059556,True,all genetic population candidates,180,genetic_cfe,11,185126335,192126335,,512,no_disease_to_disease,,,,
1,512,512,16,16,1,0.1115228640010173,0.1115228640010173,True,final restart pool only,180,dice_gradient_style,11,185126335,192126335,,512,no_disease_to_disease,31.0,16.0,16.0,31.0
1,512,512,16,16,1,0.09913163899909705,0.09913163899909705,True,final restart pool only,180,wachter_style,11,185126335,192126335,,512,no_disease_to_disease,31.0,16.0,16.0,31.0
1,64,64,64,16,16,0.042978658000720316,0.042978658000720316,False,all independently sampled candidates,181,uniform_random,11,186126338,193126338,,512,no_disease_to_disease,,,,
2,64,128,64,19,35,0.045220474999950966,0.08819913300067128,False,all independently sampled candidates,181,uniform_random,11,186126338,193126338,,512,no_disease_to_disease,,,,
3,64,192,64,14,49,0.044822833999205614,0.1330219669998769,False,all independently sampled candidates,181,uniform_random,11,186126338,193126338,,512,no_disease_to_disease,,,,
4,64,256,64,18,67,0.04440504800004419,0.17742701499992108,False,all independently sampled candidates,181,uniform_random,11,186126338,193126338,,512,no_disease_to_disease,,,,
5,64,320,64,11,78,0.042394760999741266,0.21982177599966235,False,all independently sampled candidates,181,uniform_random,11,186126338,193126338,,512,no_disease_to_disease,,,,
6,64,384,64,24,102,0.04327033500157995,0.2630921110012423,False,all independently sampled candidates,181,uniform_random,11,186126338,193126338,,512,no_disease_to_disease,,,,
7,64,448,64,16,118,0.04426724999939324,0.30735936100063554,False,all independently sampled candidates,181,uniform_random,11,186126338,193126338,,512,no_disease_to_disease,,,,
8,64,512,64,19,137,0.04612958100005926,0.3534889420006948,False,all independently sampled candidates,181,uniform_random,11,186126338,193126338,,512,no_disease_to_disease,,,,
1,64,64,64,16,16,0.04098846299893921,0.04098846299893921,True,all genetic population candidates,181,genetic_cfe,11,186126338,193126338,,512,no_disease_to_disease,,,,
2,64,128,64,23,38,0.04275957500067307,0.08374803799961228,True,all genetic population candidates,181,genetic_cfe,11,186126338,193126338,,512,no_disease_to_disease,,,,
3,64,192,64,37,74,0.044070234000173514,0.1278182719997858,True,all genetic population candidates,181,genetic_cfe,11,186126338,193126338,,512,no_disease_to_disease,,,,
4,64,256,64,49,118,0.047985143999540014,0.1758034159993258,True,all genetic population candidates,181,genetic_cfe,11,186126338,193126338,,512,no_disease_to_disease,,,,
5,64,320,64,53,169,0.050234495000040624,0.22603791099936643,True,all genetic population candidates,181,genetic_cfe,11,186126338,193126338,,512,no_disease_to_disease,,,,
6,64,384,64,56,223,0.05394981999961601,0.27998773099898244,True,all genetic population candidates,181,genetic_cfe,11,186126338,193126338,,512,no_disease_to_disease,,,,
7,64,448,64,54,273,0.056260990000737365,0.3362487209997198,True,all genetic population candidates,181,genetic_cfe,11,186126338,193126338,,512,no_disease_to_disease,,,,
8,64,512,64,57,326,0.05627214400010416,0.39252086499982397,True,all genetic population candidates,181,genetic_cfe,11,186126338,193126338,,512,no_disease_to_disease,,,,
1,512,512,16,16,1,0.12263713099855522,0.12263713099855522,True,final restart pool only,181,dice_gradient_style,11,186126338,193126338,,512,no_disease_to_disease,31.0,16.0,16.0,31.0
1,512,512,16,16,1,0.09843587700015632,0.09843587700015632,True,final restart pool only,181,wachter_style,11,186126338,193126338,,512,no_disease_to_disease,31.0,16.0,16.0,31.0
1,64,64,64,11,11,0.042973580999387195,0.042973580999387195,False,all independently sampled candidates,182,uniform_random,11,187126341,194126341,,512,no_disease_to_disease,,,,
2,64,128,64,20,31,0.04092301899981976,0.08389659999920696,False,all independently sampled candidates,182,uniform_random,11,187126341,194126341,,512,no_disease_to_disease,,,,
3,64,192,64,22,53,0.04278054700080247,0.12667714700000943,False,all independently sampled candidates,182,uniform_random,11,187126341,194126341,,512,no_disease_to_disease,,,,
4,64,256,64,19,72,0.04172445199947106,0.16840159899948048,False,all independently sampled candidates,182,uniform_random,11,187126341,194126341,,512,no_disease_to_disease,,,,
5,64,320,64,14,86,0.04239453899936052,0.210796137998841,False,all independently sampled candidates,182,uniform_random,11,187126341,194126341,,512,no_disease_to_disease,,,,
6,64,384,63,21,107,0.04401060599957418,0.2548067439984152,False,all independently sampled candidates,182,uniform_random,11,187126341,194126341,,512,no_disease_to_disease,,,,
7,64,448,64,20,127,0.04451181100012036,0.29931855499853555,False,all independently sampled candidates,182,uniform_random,11,187126341,194126341,,512,no_disease_to_disease,,,,
8,64,512,64,31,158,0.04695306800022081,0.34627162299875636,False,all independently sampled candidates,182,uniform_random,11,187126341,194126341,,512,no_disease_to_disease,,,,
1,64,64,64,11,11,0.042596643999786465,0.042596643999786465,True,all genetic population candidates,182,genetic_cfe,11,187126341,194126341,,512,no_disease_to_disease,,,,
2,64,128,64,23,31,0.04265311299968744,0.0852497569994739,True,all genetic population candidates,182,genetic_cfe,11,187126341,194126341,,512,no_disease_to_disease,,,,
3,64,192,64,37,68,0.043796353000288946,0.12904610999976285,True,all genetic population candidates,182,genetic_cfe,11,187126341,194126341,,512,no_disease_to_disease,,,,
4,64,256,64,44,109,0.04694138900049438,0.17598749900025723,True,all genetic population candidates,182,genetic_cfe,11,187126341,194126341,,512,no_disease_to_disease,,,,
5,64,320,64,50,157,0.048129585999049596,0.22411708499930683,True,all genetic population candidates,182,genetic_cfe,11,187126341,194126341,,512,no_disease_to_disease,,,,
6,64,384,64,55,210,0.052905238000676036,0.27702232299998286,True,all genetic population candidates,182,genetic_cfe,11,187126341,194126341,,512,no_disease_to_disease,,,,
7,64,448,64,53,260,0.053567884000585764,0.3305902070005686,True,all genetic population candidates,182,genetic_cfe,11,187126341,194126341,,512,no_disease_to_disease,,,,
8,64,512,64,55,308,0.053696475999458926,0.38428668300002755,True,all genetic population candidates,182,genetic_cfe,11,187126341,194126341,,512,no_disease_to_disease,,,,
1,512,512,16,16,1,0.11784367500149528,0.11784367500149528,True,final restart pool only,182,dice_gradient_style,11,187126341,194126341,,512,no_disease_to_disease,31.0,16.0,16.0,31.0
1,512,512,16,16,1,0.1004769329992996,0.1004769329992996,True,final restart pool only,182,wachter_style,11,187126341,194126341,,512,no_disease_to_disease,31.0,16.0,16.0,31.0
1,64,64,64,12,12,0.043833987998368684,0.043833987998368684,False,all independently sampled candidates,183,uniform_random,11,188126344,195126344,,512,no_disease_to_disease,,,,
2,64,128,64,15,27,0.042397524000989506,0.08623151199935819,False,all independently sampled candidates,183,uniform_random,11,188126344,195126344,,512,no_disease_to_disease,,,,
3,64,192,64,18,45,0.04317524599900935,0.12940675799836754,False,all independently sampled candidates,183,uniform_random,11,188126344,195126344,,512,no_disease_to_disease,,,,
4,64,256,64,16,61,0.04523617800077773,0.17464293599914527,False,all independently sampled candidates,183,uniform_random,11,188126344,195126344,,512,no_disease_to_disease,,,,
5,64,320,64,22,83,0.046313033999467734,0.220955969998613,False,all independently sampled candidates,183,uniform_random,11,188126344,195126344,,512,no_disease_to_disease,,,,
6,64,384,64,17,100,0.047635075001380756,0.26859104499999376,False,all independently sampled candidates,183,uniform_random,11,188126344,195126344,,512,no_disease_to_disease,,,,
7,64,448,64,20,120,0.04717953099861916,0.3157705759986129,False,all independently sampled candidates,183,uniform_random,11,188126344,195126344,,512,no_disease_to_disease,,,,
8,64,512,64,21,141,0.04575758100145322,0.36152815700006613,False,all independently sampled candidates,183,uniform_random,11,188126344,195126344,,512,no_disease_to_disease,,,,
1,64,64,64,12,12,0.040627550000863266,0.040627550000863266,True,all genetic population candidates,183,genetic_cfe,11,188126344,195126344,,512,no_disease_to_disease,,,,
2,64,128,64,24,34,0.044089925999287516,0.08471747600015078,True,all genetic population candidates,183,genetic_cfe,11,188126344,195126344,,512,no_disease_to_disease,,,,
3,64,192,64,42,73,0.04346101900046051,0.1281784950006113,True,all genetic population candidates,183,genetic_cfe,11,188126344,195126344,,512,no_disease_to_disease,,,,
4,64,256,64,56,126,0.0481516929994541,0.1763301880000654,True,all genetic population candidates,183,genetic_cfe,11,188126344,195126344,,512,no_disease_to_disease,,,,
5,64,320,64,49,174,0.05001925900069182,0.2263494470007572,True,all genetic population candidates,183,genetic_cfe,11,188126344,195126344,,512,no_disease_to_disease,,,,
6,64,384,64,56,221,0.052016716999787604,0.2783661640005448,True,all genetic population candidates,183,genetic_cfe,11,188126344,195126344,,512,no_disease_to_disease,,,,
7,64,448,64,57,276,0.05360290799944778,0.3319690719999926,True,all genetic population candidates,183,genetic_cfe,11,188126344,195126344,,512,no_disease_to_disease,,,,
8,64,512,64,53,328,0.055825966999691445,0.38779503899968404,True,all genetic population candidates,183,genetic_cfe,11,188126344,195126344,,512,no_disease_to_disease,,,,
1,512,512,16,16,1,0.10591306599962991,0.10591306599962991,True,final restart pool only,183,dice_gradient_style,11,188126344,195126344,,512,no_disease_to_disease,31.0,16.0,16.0,31.0
1,512,512,16,16,1,0.09856163699987519,0.09856163699987519,True,final restart pool only,183,wachter_style,11,188126344,195126344,,512,no_disease_to_disease,31.0,16.0,16.0,31.0
1,64,64,64,9,9,0.04127939299905847,0.04127939299905847,False,all independently sampled candidates,184,uniform_random,11,189126347,196126347,,512,no_disease_to_disease,,,,
2,64,128,64,15,24,0.04222319700056687,0.08350258999962534,False,all independently sampled candidates,184,uniform_random,11,189126347,196126347,,512,no_disease_to_disease,,,,
3,64,192,64,20,44,0.04257312499976251,0.12607571499938786,False,all independently sampled candidates,184,uniform_random,11,189126347,196126347,,512,no_disease_to_disease,,,,
4,64,256,64,12,56,0.04386663600052998,0.16994235099991783,False,all independently sampled candidates,184,uniform_random,11,189126347,196126347,,512,no_disease_to_disease,,,,
5,64,320,64,27,83,0.047339864999230485,0.21728221599914832,False,all independently sampled candidates,184,uniform_random,11,189126347,196126347,,512,no_disease_to_disease,,,,
6,64,384,64,16,99,0.04345696699965629,0.2607391829988046,False,all independently sampled candidates,184,uniform_random,11,189126347,196126347,,512,no_disease_to_disease,,,,
7,64,448,64,22,121,0.04512009300015052,0.3058592759989551,False,all independently sampled candidates,184,uniform_random,11,189126347,196126347,,512,no_disease_to_disease,,,,
8,64,512,64,17,138,0.045592641001348966,0.3514519170003041,False,all independently sampled candidates,184,uniform_random,11,189126347,196126347,,512,no_disease_to_disease,,,,
1,64,64,64,9,9,0.04197266899973329,0.04197266899973329,True,all genetic population candidates,184,genetic_cfe,11,189126347,196126347,,512,no_disease_to_disease,,,,
2,64,128,64,23,31,0.042620862999683595,0.08459353199941688,True,all genetic population candidates,184,genetic_cfe,11,189126347,196126347,,512,no_disease_to_disease,,,,
3,64,192,64,46,74,0.04359936699984246,0.12819289899925934,True,all genetic population candidates,184,genetic_cfe,11,189126347,196126347,,512,no_disease_to_disease,,,,
4,64,256,64,53,125,0.04897314799927699,0.17716604699853633,True,all genetic population candidates,184,genetic_cfe,11,189126347,196126347,,512,no_disease_to_disease,,,,
5,64,320,64,49,173,0.050329506000707624,0.22749555299924396,True,all genetic population candidates,184,genetic_cfe,11,189126347,196126347,,512,no_disease_to_disease,,,,
6,64,384,64,54,224,0.051296476000061375,0.27879202899930533,True,all genetic population candidates,184,genetic_cfe,11,189126347,196126347,,512,no_disease_to_disease,,,,
7,64,448,64,51,274,0.05178676600007748,0.3305787949993828,True,all genetic population candidates,184,genetic_cfe,11,189126347,196126347,,512,no_disease_to_disease,,,,
8,64,512,64,45,317,0.053138749999561696,0.3837175449989445,True,all genetic population candidates,184,genetic_cfe,11,189126347,196126347,,512,no_disease_to_disease,,,,
1,512,512,16,16,1,0.11095960999955423,0.11095960999955423,True,final restart pool only,184,dice_gradient_style,11,189126347,196126347,,512,no_disease_to_disease,31.0,16.0,16.0,31.0
1,512,512,16,16,1,0.1006337889994029,0.1006337889994029,True,final restart pool only,184,wachter_style,11,189126347,196126347,,512,no_disease_to_disease,31.0,16.0,16.0,31.0
1,64,64,64,9,9,0.04277290299978631,0.04277290299978631,False,all independently sampled candidates,185,uniform_random,11,190126350,197126350,,512,no_disease_to_disease,,,,
2,64,128,64,20,29,0.04226173799906974,0.08503464099885605,False,all independently sampled candidates,185,uniform_random,11,190126350,197126350,,512,no_disease_to_disease,,,,
3,64,192,64,20,49,0.04243216500071867,0.12746680599957472,False,all independently sampled candidates,185,uniform_random,11,190126350,197126350,,512,no_disease_to_disease,,,,
4,64,256,64,23,72,0.043301645999235916,0.17076845199881063,False,all independently sampled candidates,185,uniform_random,11,190126350,197126350,,512,no_disease_to_disease,,,,
5,64,320,64,26,98,0.046977771000456414,0.21774622299926705,False,all independently sampled candidates,185,uniform_random,11,190126350,197126350,,512,no_disease_to_disease,,,,
6,64,384,64,18,116,0.04353033100051107,0.2612765539997781,False,all independently sampled candidates,185,uniform_random,11,190126350,197126350,,512,no_disease_to_disease,,,,
7,64,448,64,19,135,0.043136448999575805,0.3044130029993539,False,all independently sampled candidates,185,uniform_random,11,190126350,197126350,,512,no_disease_to_disease,,,,
8,64,512,64,27,162,0.045538304999354295,0.3499513079987082,False,all independently sampled candidates,185,uniform_random,11,190126350,197126350,,512,no_disease_to_disease,,,,
1,64,64,64,9,9,0.04413318899969454,0.04413318899969454,True,all genetic population candidates,185,genetic_cfe,11,190126350,197126350,,512,no_disease_to_disease,,,,
2,64,128,64,11,20,0.045169899000029545,0.08930308799972408,True,all genetic population candidates,185,genetic_cfe,11,190126350,197126350,,512,no_disease_to_disease,,,,
3,64,192,64,27,47,0.06335872700037726,0.15266181500010134,True,all genetic population candidates,185,genetic_cfe,11,190126350,197126350,,512,no_disease_to_disease,,,,
4,64,256,64,39,84,0.05622034599946346,0.2088821609995648,True,all genetic population candidates,185,genetic_cfe,11,190126350,197126350,,512,no_disease_to_disease,,,,
5,64,320,64,47,130,0.048338987999159144,0.25722114899872395,True,all genetic population candidates,185,genetic_cfe,11,190126350,197126350,,512,no_disease_to_disease,,,,
6,64,384,64,51,176,0.0492274059997726,0.30644855499849655,True,all genetic population candidates,185,genetic_cfe,11,190126350,197126350,,512,no_disease_to_disease,,,,
7,64,448,64,47,219,0.05166625800120528,0.3581148129997018,True,all genetic population candidates,185,genetic_cfe,11,190126350,197126350,,512,no_disease_to_disease,,,,
8,64,512,64,54,271,0.05535625399897981,0.41347106699868164,True,all genetic population candidates,185,genetic_cfe,11,190126350,197126350,,512,no_disease_to_disease,,,,
1,512,512,16,16,1,0.10764401999949769,0.10764401999949769,True,final restart pool only,185,dice_gradient_style,11,190126350,197126350,,512,no_disease_to_disease,31.0,16.0,16.0,31.0
1,512,512,16,16,1,0.10108003500135965,0.10108003500135965,True,final restart pool only,185,wachter_style,11,190126350,197126350,,512,no_disease_to_disease,31.0,16.0,16.0,31.0
1,64,64,64,4,4,0.04040334999990591,0.04040334999990591,False,all independently sampled candidates,186,uniform_random,11,191126353,198126353,,512,no_disease_to_disease,,,,
2,64,128,64,17,21,0.0432928370009904,0.08369618700089632,False,all independently sampled candidates,186,uniform_random,11,191126353,198126353,,512,no_disease_to_disease,,,,
3,64,192,64,15,36,0.046394017999773496,0.1300902050006698,False,all independently sampled candidates,186,uniform_random,11,191126353,198126353,,512,no_disease_to_disease,,,,
4,64,256,64,15,51,0.042807343999811565,0.17289754900048138,False,all independently sampled candidates,186,uniform_random,11,191126353,198126353,,512,no_disease_to_disease,,,,
5,64,320,64,16,67,0.042013251999378554,0.21491080099985993,False,all independently sampled candidates,186,uniform_random,11,191126353,198126353,,512,no_disease_to_disease,,,,
6,64,384,64,16,83,0.043816206001793034,0.25872700700165296,False,all independently sampled candidates,186,uniform_random,11,191126353,198126353,,512,no_disease_to_disease,,,,
7,64,448,64,22,105,0.04445637399840052,0.3031833810000535,False,all independently sampled candidates,186,uniform_random,11,191126353,198126353,,512,no_disease_to_disease,,,,
8,64,512,64,23,128,0.045389025000986294,0.3485724060010398,False,all independently sampled candidates,186,uniform_random,11,191126353,198126353,,512,no_disease_to_disease,,,,
1,64,64,64,4,4,0.04329634300120233,0.04329634300120233,True,all genetic population candidates,186,genetic_cfe,11,191126353,198126353,,512,no_disease_to_disease,,,,
2,64,128,64,20,24,0.04333697099900746,0.0866333140002098,True,all genetic population candidates,186,genetic_cfe,11,191126353,198126353,,512,no_disease_to_disease,,,,
3,64,192,64,40,62,0.04454147500109684,0.13117478900130664,True,all genetic population candidates,186,genetic_cfe,11,191126353,198126353,,512,no_disease_to_disease,,,,
4,64,256,64,51,110,0.04680351199931465,0.1779783010006213,True,all genetic population candidates,186,genetic_cfe,11,191126353,198126353,,512,no_disease_to_disease,,,,
5,64,320,64,50,158,0.04855261100055941,0.2265309120011807,True,all genetic population candidates,186,genetic_cfe,11,191126353,198126353,,512,no_disease_to_disease,,,,
6,64,384,64,54,211,0.05386914100017748,0.2804000530013582,True,all genetic population candidates,186,genetic_cfe,11,191126353,198126353,,512,no_disease_to_disease,,,,
7,64,448,64,45,254,0.05143127799965441,0.3318313310010126,True,all genetic population candidates,186,genetic_cfe,11,191126353,198126353,,512,no_disease_to_disease,,,,
8,64,512,64,51,299,0.052362554999490385,0.38419388600050297,True,all genetic population candidates,186,genetic_cfe,11,191126353,198126353,,512,no_disease_to_disease,,,,
1,512,512,16,16,1,0.11025139699995634,0.11025139699995634,True,final restart pool only,186,dice_gradient_style,11,191126353,198126353,,512,no_disease_to_disease,31.0,16.0,16.0,31.0
1,512,512,16,16,1,0.1008907689993066,0.1008907689993066,True,final restart pool only,186,wachter_style,11,191126353,198126353,,512,no_disease_to_disease,31.0,16.0,16.0,31.0
1,64,64,64,10,10,0.0447919809994346,0.0447919809994346,False,all independently sampled candidates,187,uniform_random,11,192126356,199126356,,512,no_disease_to_disease,,,,
2,64,128,64,17,27,0.04156676700040407,0.08635874799983867,False,all independently sampled candidates,187,uniform_random,11,192126356,199126356,,512,no_disease_to_disease,,,,
3,64,192,64,19,46,0.04364095699929749,0.12999970499913616,False,all independently sampled candidates,187,uniform_random,11,192126356,199126356,,512,no_disease_to_disease,,,,
4,64,256,64,22,68,0.04338360499968985,0.173383309998826,False,all independently sampled candidates,187,uniform_random,11,192126356,199126356,,512,no_disease_to_disease,,,,
5,64,320,64,19,87,0.0449659440000687,0.2183492539988947,False,all independently sampled candidates,187,uniform_random,11,192126356,199126356,,512,no_disease_to_disease,,,,
6,64,384,64,20,107,0.045523924000008265,0.263873177998903,False,all independently sampled candidates,187,uniform_random,11,192126356,199126356,,512,no_disease_to_disease,,,,
7,64,448,63,21,128,0.04676989400104503,0.310643071999948,False,all independently sampled candidates,187,uniform_random,11,192126356,199126356,,512,no_disease_to_disease,,,,
8,64,512,64,21,149,0.047487554998951964,0.35813062699889997,False,all independently sampled candidates,187,uniform_random,11,192126356,199126356,,512,no_disease_to_disease,,,,
1,64,64,64,10,10,0.04367300200101454,0.04367300200101454,True,all genetic population candidates,187,genetic_cfe,11,192126356,199126356,,512,no_disease_to_disease,,,,
2,64,128,64,25,35,0.04500723799901607,0.08868024000003061,True,all genetic population candidates,187,genetic_cfe,11,192126356,199126356,,512,no_disease_to_disease,,,,
3,64,192,64,47,78,0.04779119300110324,0.13647143300113385,True,all genetic population candidates,187,genetic_cfe,11,192126356,199126356,,512,no_disease_to_disease,,,,
4,64,256,64,51,129,0.05077743899892084,0.1872488720000547,True,all genetic population candidates,187,genetic_cfe,11,192126356,199126356,,512,no_disease_to_disease,,,,
5,64,320,64,54,179,0.05499783100094646,0.24224670300100115,True,all genetic population candidates,187,genetic_cfe,11,192126356,199126356,,512,no_disease_to_disease,,,,
6,64,384,64,53,229,0.05182146999868564,0.2940681729996868,True,all genetic population candidates,187,genetic_cfe,11,192126356,199126356,,512,no_disease_to_disease,,,,
7,64,448,64,53,280,0.052569400000720634,0.34663757300040743,True,all genetic population candidates,187,genetic_cfe,11,192126356,199126356,,512,no_disease_to_disease,,,,
8,64,512,64,55,332,0.0638291270006448,0.41046670000105223,True,all genetic population candidates,187,genetic_cfe,11,192126356,199126356,,512,no_disease_to_disease,,,,
1,512,512,16,16,1,0.1124107819996425,0.1124107819996425,True,final restart pool only,187,dice_gradient_style,11,192126356,199126356,,512,no_disease_to_disease,31.0,16.0,16.0,31.0
1,512,512,16,16,1,0.1014718639999046,0.1014718639999046,True,final restart pool only,187,wachter_style,11,192126356,199126356,,512,no_disease_to_disease,31.0,16.0,16.0,31.0
1,64,64,64,5,5,0.04310648000137007,0.04310648000137007,False,all independently sampled candidates,188,uniform_random,11,193126359,200126359,,512,no_disease_to_disease,,,,
2,64,128,64,9,14,0.0419279789985012,0.08503445899987128,False,all independently sampled candidates,188,uniform_random,11,193126359,200126359,,512,no_disease_to_disease,,,,
3,64,192,64,15,29,0.04346944999997504,0.12850390899984632,False,all independently sampled candidates,188,uniform_random,11,193126359,200126359,,512,no_disease_to_disease,,,,
4,64,256,64,14,43,0.043346186001144815,0.17185009500099113,False,all independently sampled candidates,188,uniform_random,11,193126359,200126359,,512,no_disease_to_disease,,,,
5,64,320,64,19,62,0.045411322000290966,0.2172614170012821,False,all independently sampled candidates,188,uniform_random,11,193126359,200126359,,512,no_disease_to_disease,,,,
6,64,384,64,17,79,0.043684321999535314,0.2609457390008174,False,all independently sampled candidates,188,uniform_random,11,193126359,200126359,,512,no_disease_to_disease,,,,
7,64,448,64,20,99,0.04478721399937058,0.305732953000188,False,all independently sampled candidates,188,uniform_random,11,193126359,200126359,,512,no_disease_to_disease,,,,
8,64,512,64,22,121,0.044463776001066435,0.3501967290012544,False,all independently sampled candidates,188,uniform_random,11,193126359,200126359,,512,no_disease_to_disease,,,,
1,64,64,64,5,5,0.045574666999527835,0.045574666999527835,True,all genetic population candidates,188,genetic_cfe,11,193126359,200126359,,512,no_disease_to_disease,,,,
2,64,128,64,19,24,0.04574642099942139,0.09132108799894922,True,all genetic population candidates,188,genetic_cfe,11,193126359,200126359,,512,no_disease_to_disease,,,,
3,64,192,64,40,63,0.04858943100043689,0.1399105189993861,True,all genetic population candidates,188,genetic_cfe,11,193126359,200126359,,512,no_disease_to_disease,,,,
4,64,256,64,50,110,0.04588493799928983,0.18579545699867595,True,all genetic population candidates,188,genetic_cfe,11,193126359,200126359,,512,no_disease_to_disease,,,,
5,64,320,64,46,154,0.04662218500016024,0.2324176419988362,True,all genetic population candidates,188,genetic_cfe,11,193126359,200126359,,512,no_disease_to_disease,,,,
6,64,384,64,54,206,0.05069316900153353,0.2831108110003697,True,all genetic population candidates,188,genetic_cfe,11,193126359,200126359,,512,no_disease_to_disease,,,,
7,64,448,64,53,257,0.0528093409993744,0.3359201519997441,True,all genetic population candidates,188,genetic_cfe,11,193126359,200126359,,512,no_disease_to_disease,,,,
8,64,512,64,58,310,0.056363210000199615,0.39228336199994374,True,all genetic population candidates,188,genetic_cfe,11,193126359,200126359,,512,no_disease_to_disease,,,,
1,512,512,16,16,1,0.1080503850007517,0.1080503850007517,True,final restart pool only,188,dice_gradient_style,11,193126359,200126359,,512,no_disease_to_disease,31.0,16.0,16.0,31.0
1,512,512,16,16,1,0.10180720800053678,0.10180720800053678,True,final restart pool only,188,wachter_style,11,193126359,200126359,,512,no_disease_to_disease,31.0,16.0,16.0,31.0
1,64,64,64,8,8,0.041299518999949214,0.041299518999949214,False,all independently sampled candidates,189,uniform_random,11,194126362,201126362,,512,no_disease_to_disease,,,,
2,64,128,64,15,23,0.04249099400112755,0.08379051300107676,False,all independently sampled candidates,189,uniform_random,11,194126362,201126362,,512,no_disease_to_disease,,,,
3,64,192,64,18,41,0.044046868999430444,0.1278373820005072,False,all independently sampled candidates,189,uniform_random,11,194126362,201126362,,512,no_disease_to_disease,,,,
4,64,256,64,16,57,0.043582770000284654,0.17142015200079186,False,all independently sampled candidates,189,uniform_random,11,194126362,201126362,,512,no_disease_to_disease,,,,
5,64,320,64,21,78,0.04387317700093263,0.2152933290017245,False,all independently sampled candidates,189,uniform_random,11,194126362,201126362,,512,no_disease_to_disease,,,,
6,64,384,64,18,96,0.0450563879985566,0.2603497170002811,False,all independently sampled candidates,189,uniform_random,11,194126362,201126362,,512,no_disease_to_disease,,,,
7,64,448,64,20,116,0.04440683299981174,0.30475655000009283,False,all independently sampled candidates,189,uniform_random,11,194126362,201126362,,512,no_disease_to_disease,,,,
8,64,512,63,14,130,0.044934164001460886,0.3496907140015537,False,all independently sampled candidates,189,uniform_random,11,194126362,201126362,,512,no_disease_to_disease,,,,
1,64,64,64,8,8,0.04346035100024892,0.04346035100024892,True,all genetic population candidates,189,genetic_cfe,11,194126362,201126362,,512,no_disease_to_disease,,,,
2,64,128,64,23,31,0.04607249599939678,0.0895328469996457,True,all genetic population candidates,189,genetic_cfe,11,194126362,201126362,,512,no_disease_to_disease,,,,
3,64,192,64,40,69,0.04343633099961153,0.13296917799925723,True,all genetic population candidates,189,genetic_cfe,11,194126362,201126362,,512,no_disease_to_disease,,,,
4,64,256,64,49,117,0.045557856999948854,0.17852703499920608,True,all genetic population candidates,189,genetic_cfe,11,194126362,201126362,,512,no_disease_to_disease,,,,
5,64,320,64,53,168,0.05083573199954117,0.22936276699874725,True,all genetic population candidates,189,genetic_cfe,11,194126362,201126362,,512,no_disease_to_disease,,,,
6,64,384,64,50,216,0.05107941400092386,0.2804421809996711,True,all genetic population candidates,189,genetic_cfe,11,194126362,201126362,,512,no_disease_to_disease,,,,
7,64,448,64,48,263,0.05229482499998994,0.33273700599966105,True,all genetic population candidates,189,genetic_cfe,11,194126362,201126362,,512,no_disease_to_disease,,,,
8,64,512,64,58,318,0.05728250299944193,0.390019508999103,True,all genetic population candidates,189,genetic_cfe,11,194126362,201126362,,512,no_disease_to_disease,,,,
1,512,512,16,16,1,0.11102830399977393,0.11102830399977393,True,final restart pool only,189,dice_gradient_style,11,194126362,201126362,,512,no_disease_to_disease,31.0,16.0,16.0,31.0
1,512,512,16,16,1,0.10359753999910026,0.10359753999910026,True,final restart pool only,189,wachter_style,11,194126362,201126362,,512,no_disease_to_disease,31.0,16.0,16.0,31.0
1,64,64,64,6,6,0.04450619899944286,0.04450619899944286,False,all independently sampled candidates,190,uniform_random,11,195126365,202126365,,512,no_disease_to_disease,,,,
2,64,128,64,6,12,0.04189464400042198,0.08640084299986484,False,all independently sampled candidates,190,uniform_random,11,195126365,202126365,,512,no_disease_to_disease,,,,
3,64,192,64,13,25,0.042724066001028405,0.12912490900089324,False,all independently sampled candidates,190,uniform_random,11,195126365,202126365,,512,no_disease_to_disease,,,,
4,64,256,64,11,36,0.042993276998458896,0.17211818599935214,False,all independently sampled candidates,190,uniform_random,11,195126365,202126365,,512,no_disease_to_disease,,,,
5,64,320,64,14,50,0.05037356100001489,0.22249174699936702,False,all independently sampled candidates,190,uniform_random,11,195126365,202126365,,512,no_disease_to_disease,,,,
6,64,384,64,13,63,0.043557669001529575,0.2660494160008966,False,all independently sampled candidates,190,uniform_random,11,195126365,202126365,,512,no_disease_to_disease,,,,
7,64,448,64,12,75,0.04418108699974255,0.31023050300063915,False,all independently sampled candidates,190,uniform_random,11,195126365,202126365,,512,no_disease_to_disease,,,,
8,64,512,64,12,87,0.04394152299937559,0.35417202600001474,False,all independently sampled candidates,190,uniform_random,11,195126365,202126365,,512,no_disease_to_disease,,,,
1,64,64,64,6,6,0.0429666410000209,0.0429666410000209,True,all genetic population candidates,190,genetic_cfe,11,195126365,202126365,,512,no_disease_to_disease,,,,
2,64,128,64,17,23,0.04278635400078201,0.08575299500080291,True,all genetic population candidates,190,genetic_cfe,11,195126365,202126365,,512,no_disease_to_disease,,,,
3,64,192,64,29,50,0.043295997000313946,0.12904899200111686,True,all genetic population candidates,190,genetic_cfe,11,195126365,202126365,,512,no_disease_to_disease,,,,
4,64,256,64,46,94,0.04536685399943963,0.17441584600055648,True,all genetic population candidates,190,genetic_cfe,11,195126365,202126365,,512,no_disease_to_disease,,,,
5,64,320,64,51,141,0.047291709001001436,0.22170755500155792,True,all genetic population candidates,190,genetic_cfe,11,195126365,202126365,,512,no_disease_to_disease,,,,
6,64,384,64,56,196,0.04994707399964682,0.27165462900120474,True,all genetic population candidates,190,genetic_cfe,11,195126365,202126365,,512,no_disease_to_disease,,,,
7,64,448,64,53,248,0.050872918998720706,0.32252754799992545,True,all genetic population candidates,190,genetic_cfe,11,195126365,202126365,,512,no_disease_to_disease,,,,
8,64,512,64,50,296,0.05751193200012494,0.3800394800000504,True,all genetic population candidates,190,genetic_cfe,11,195126365,202126365,,512,no_disease_to_disease,,,,
1,512,512,16,16,1,0.11298992600131896,0.11298992600131896,True,final restart pool only,190,dice_gradient_style,11,195126365,202126365,,512,no_disease_to_disease,31.0,16.0,16.0,31.0
1,512,512,16,16,1,0.10008738999931666,0.10008738999931666,True,final restart pool only,190,wachter_style,11,195126365,202126365,,512,no_disease_to_disease,31.0,16.0,16.0,31.0
1,64,64,64,3,3,0.04943889700007276,0.04943889700007276,False,all independently sampled candidates,191,uniform_random,11,196126368,203126368,,512,no_disease_to_disease,,,,
2,64,128,64,5,8,0.04258296199986944,0.0920218589999422,False,all independently sampled candidates,191,uniform_random,11,196126368,203126368,,512,no_disease_to_disease,,,,
3,64,192,64,12,20,0.04204759000094782,0.13406944900089002,False,all independently sampled candidates,191,uniform_random,11,196126368,203126368,,512,no_disease_to_disease,,,,
4,64,256,64,14,34,0.043763296998804435,0.17783274599969445,False,all independently sampled candidates,191,uniform_random,11,196126368,203126368,,512,no_disease_to_disease,,,,
5,64,320,64,10,44,0.042946146000758745,0.2207788920004532,False,all independently sampled candidates,191,uniform_random,11,196126368,203126368,,512,no_disease_to_disease,,,,
6,64,384,64,19,63,0.044303823000518605,0.2650827150009718,False,all independently sampled candidates,191,uniform_random,11,196126368,203126368,,512,no_disease_to_disease,,,,
7,64,448,64,19,82,0.04436493100001826,0.30944764600099006,False,all independently sampled candidates,191,uniform_random,11,196126368,203126368,,512,no_disease_to_disease,,,,
8,64,512,64,17,99,0.04554658899905917,0.35499423500004923,False,all independently sampled candidates,191,uniform_random,11,196126368,203126368,,512,no_disease_to_disease,,,,
1,64,64,64,3,3,0.04337767400102166,0.04337767400102166,True,all genetic population candidates,191,genetic_cfe,11,196126368,203126368,,512,no_disease_to_disease,,,,
2,64,128,64,14,15,0.04573211199931393,0.08910978600033559,True,all genetic population candidates,191,genetic_cfe,11,196126368,203126368,,512,no_disease_to_disease,,,,
3,64,192,64,24,38,0.04362224000033166,0.13273202600066725,True,all genetic population candidates,191,genetic_cfe,11,196126368,203126368,,512,no_disease_to_disease,,,,
4,64,256,64,35,73,0.044695354999930714,0.17742738100059796,True,all genetic population candidates,191,genetic_cfe,11,196126368,203126368,,512,no_disease_to_disease,,,,
5,64,320,64,48,118,0.047707253999760724,0.22513463500035868,True,all genetic population candidates,191,genetic_cfe,11,196126368,203126368,,512,no_disease_to_disease,,,,
6,64,384,64,54,168,0.050373369000226376,0.27550800400058506,True,all genetic population candidates,191,genetic_cfe,11,196126368,203126368,,512,no_disease_to_disease,,,,
7,64,448,64,50,213,0.05193162000068696,0.327439624001272,True,all genetic population candidates,191,genetic_cfe,11,196126368,203126368,,512,no_disease_to_disease,,,,
8,64,512,64,52,264,0.05217193599855818,0.3796115599998302,True,all genetic population candidates,191,genetic_cfe,11,196126368,203126368,,512,no_disease_to_disease,,,,
1,512,512,16,16,1,0.1088399889995344,0.1088399889995344,True,final restart pool only,191,dice_gradient_style,11,196126368,203126368,,512,no_disease_to_disease,31.0,16.0,16.0,31.0
1,512,512,16,16,1,0.10625414999958593,0.10625414999958593,True,final restart pool only,191,wachter_style,11,196126368,203126368,,512,no_disease_to_disease,31.0,16.0,16.0,31.0
1,64,64,64,2,2,0.04194801599987841,0.04194801599987841,False,all independently sampled candidates,192,uniform_random,11,197126371,204126371,,512,no_disease_to_disease,,,,
2,64,128,64,8,10,0.04325279600016074,0.08520081200003915,False,all independently sampled candidates,192,uniform_random,11,197126371,204126371,,512,no_disease_to_disease,,,,
3,64,192,64,9,19,0.04279520500131184,0.127996017001351,False,all independently sampled candidates,192,uniform_random,11,197126371,204126371,,512,no_disease_to_disease,,,,
4,64,256,64,11,30,0.0428013339987956,0.1707973510001466,False,all independently sampled candidates,192,uniform_random,11,197126371,204126371,,512,no_disease_to_disease,,,,
5,64,320,64,14,44,0.04174097200120741,0.212538323001354,False,all independently sampled candidates,192,uniform_random,11,197126371,204126371,,512,no_disease_to_disease,,,,
6,64,384,64,14,58,0.04224243899989233,0.25478076200124633,False,all independently sampled candidates,192,uniform_random,11,197126371,204126371,,512,no_disease_to_disease,,,,
7,64,448,64,15,73,0.042532826999376994,0.2973135890006233,False,all independently sampled candidates,192,uniform_random,11,197126371,204126371,,512,no_disease_to_disease,,,,
8,64,512,64,9,82,0.041486224999971455,0.3387998140005948,False,all independently sampled candidates,192,uniform_random,11,197126371,204126371,,512,no_disease_to_disease,,,,
1,64,64,64,2,2,0.04378825300045719,0.04378825300045719,True,all genetic population candidates,192,genetic_cfe,11,197126371,204126371,,512,no_disease_to_disease,,,,
2,64,128,64,6,8,0.04397318299925246,0.08776143599970965,True,all genetic population candidates,192,genetic_cfe,11,197126371,204126371,,512,no_disease_to_disease,,,,
3,64,192,64,23,31,0.0449951520004106,0.13275658800012025,True,all genetic population candidates,192,genetic_cfe,11,197126371,204126371,,512,no_disease_to_disease,,,,
4,64,256,64,40,68,0.04671849599981215,0.1794750839999324,True,all genetic population candidates,192,genetic_cfe,11,197126371,204126371,,512,no_disease_to_disease,,,,
5,64,320,64,48,111,0.046695009999893955,0.22617009399982635,True,all genetic population candidates,192,genetic_cfe,11,197126371,204126371,,512,no_disease_to_disease,,,,
6,64,384,64,51,162,0.04907343000013498,0.2752435239999613,True,all genetic population candidates,192,genetic_cfe,11,197126371,204126371,,512,no_disease_to_disease,,,,
7,64,448,64,46,206,0.04905843100095808,0.3243019550009194,True,all genetic population candidates,192,genetic_cfe,11,197126371,204126371,,512,no_disease_to_disease,,,,
8,64,512,64,55,259,0.05203617699953611,0.3763381320004555,True,all genetic population candidates,192,genetic_cfe,11,197126371,204126371,,512,no_disease_to_disease,,,,
1,512,512,16,16,1,0.11033373700047377,0.11033373700047377,True,final restart pool only,192,dice_gradient_style,11,197126371,204126371,,512,no_disease_to_disease,31.0,16.0,16.0,31.0
1,512,512,16,16,1,0.09893347800061747,0.09893347800061747,True,final restart pool only,192,wachter_style,11,197126371,204126371,,512,no_disease_to_disease,31.0,16.0,16.0,31.0
1,64,64,64,5,5,0.043910750000577536,0.043910750000577536,False,all independently sampled candidates,193,uniform_random,11,198126374,205126374,,512,no_disease_to_disease,,,,
2,64,128,64,11,16,0.04376538999895274,0.08767613999953028,False,all independently sampled candidates,193,uniform_random,11,198126374,205126374,,512,no_disease_to_disease,,,,
3,64,192,64,11,27,0.04402912400109926,0.13170526400062954,False,all independently sampled candidates,193,uniform_random,11,198126374,205126374,,512,no_disease_to_disease,,,,
4,64,256,64,18,45,0.045560046999526094,0.17726531100015563,False,all independently sampled candidates,193,uniform_random,11,198126374,205126374,,512,no_disease_to_disease,,,,
5,64,320,64,14,59,0.045145416999730514,0.22241072799988615,False,all independently sampled candidates,193,uniform_random,11,198126374,205126374,,512,no_disease_to_disease,,,,
6,64,384,64,21,80,0.04502131399931386,0.2674320419992,False,all independently sampled candidates,193,uniform_random,11,198126374,205126374,,512,no_disease_to_disease,,,,
7,64,448,64,7,87,0.04503302100056317,0.3124650629997632,False,all independently sampled candidates,193,uniform_random,11,198126374,205126374,,512,no_disease_to_disease,,,,
8,64,512,64,21,108,0.045308594999369234,0.3577736579991324,False,all independently sampled candidates,193,uniform_random,11,198126374,205126374,,512,no_disease_to_disease,,,,
1,64,64,64,5,5,0.04118842699972447,0.04118842699972447,True,all genetic population candidates,193,genetic_cfe,11,198126374,205126374,,512,no_disease_to_disease,,,,
2,64,128,64,17,22,0.04181665299984161,0.08300507999956608,True,all genetic population candidates,193,genetic_cfe,11,198126374,205126374,,512,no_disease_to_disease,,,,
3,64,192,64,32,54,0.04281660900051065,0.12582168900007673,True,all genetic population candidates,193,genetic_cfe,11,198126374,205126374,,512,no_disease_to_disease,,,,
4,64,256,64,41,93,0.04460129800099821,0.17042298700107494,True,all genetic population candidates,193,genetic_cfe,11,198126374,205126374,,512,no_disease_to_disease,,,,
5,64,320,64,47,139,0.046130579999953625,0.21655356700102857,True,all genetic population candidates,193,genetic_cfe,11,198126374,205126374,,512,no_disease_to_disease,,,,
6,64,384,64,57,193,0.04954894799993781,0.2661025150009664,True,all genetic population candidates,193,genetic_cfe,11,198126374,205126374,,512,no_disease_to_disease,,,,
7,64,448,64,56,244,0.05178359899946372,0.3178861140004301,True,all genetic population candidates,193,genetic_cfe,11,198126374,205126374,,512,no_disease_to_disease,,,,
8,64,512,64,57,299,0.05612937600017176,0.37401549000060186,True,all genetic population candidates,193,genetic_cfe,11,198126374,205126374,,512,no_disease_to_disease,,,,
1,512,512,16,16,1,0.10789568800100824,0.10789568800100824,True,final restart pool only,193,dice_gradient_style,11,198126374,205126374,,512,no_disease_to_disease,31.0,16.0,16.0,31.0
1,512,512,16,16,1,0.10082898600012413,0.10082898600012413,True,final restart pool only,193,wachter_style,11,198126374,205126374,,512,no_disease_to_disease,31.0,16.0,16.0,31.0
1,64,64,64,8,8,0.041702250000525964,0.041702250000525964,False,all independently sampled candidates,194,uniform_random,11,199126377,206126377,,512,no_disease_to_disease,,,,
2,64,128,64,8,16,0.04313805600031628,0.08484030600084225,False,all independently sampled candidates,194,uniform_random,11,199126377,206126377,,512,no_disease_to_disease,,,,
3,64,192,64,5,21,0.04293865399995411,0.12777896000079636,False,all independently sampled candidates,194,uniform_random,11,199126377,206126377,,512,no_disease_to_disease,,,,
4,64,256,64,13,34,0.043305506000251626,0.17108446600104799,False,all independently sampled candidates,194,uniform_random,11,199126377,206126377,,512,no_disease_to_disease,,,,
5,64,320,64,16,50,0.04237566699885065,0.21346013299989863,False,all independently sampled candidates,194,uniform_random,11,199126377,206126377,,512,no_disease_to_disease,,,,
6,64,384,64,9,59,0.04272468499948445,0.2561848179993831,False,all independently sampled candidates,194,uniform_random,11,199126377,206126377,,512,no_disease_to_disease,,,,
7,64,448,64,15,74,0.044043367000995204,0.3002281850003783,False,all independently sampled candidates,194,uniform_random,11,199126377,206126377,,512,no_disease_to_disease,,,,
8,64,512,64,15,89,0.042357374999483,0.3425855599998613,False,all independently sampled candidates,194,uniform_random,11,199126377,206126377,,512,no_disease_to_disease,,,,
1,64,64,64,8,8,0.045091424999554874,0.045091424999554874,True,all genetic population candidates,194,genetic_cfe,11,199126377,206126377,,512,no_disease_to_disease,,,,
2,64,128,64,14,21,0.04327291600020544,0.08836434099976032,True,all genetic population candidates,194,genetic_cfe,11,199126377,206126377,,512,no_disease_to_disease,,,,
3,64,192,64,39,60,0.044064689998776885,0.1324290309985372,True,all genetic population candidates,194,genetic_cfe,11,199126377,206126377,,512,no_disease_to_disease,,,,
4,64,256,64,55,113,0.04779093100114551,0.1802199619996827,True,all genetic population candidates,194,genetic_cfe,11,199126377,206126377,,512,no_disease_to_disease,,,,
5,64,320,64,51,162,0.051513053998860414,0.23173301599854312,True,all genetic population candidates,194,genetic_cfe,11,199126377,206126377,,512,no_disease_to_disease,,,,
6,64,384,64,50,207,0.05043520600156626,0.2821682220001094,True,all genetic population candidates,194,genetic_cfe,11,199126377,206126377,,512,no_disease_to_disease,,,,
7,64,448,64,57,261,0.053340188998845406,0.3355084109989548,True,all genetic population candidates,194,genetic_cfe,11,199126377,206126377,,512,no_disease_to_disease,,,,
8,64,512,64,56,313,0.054653712000799715,0.3901621229997545,True,all genetic population candidates,194,genetic_cfe,11,199126377,206126377,,512,no_disease_to_disease,,,,
1,512,512,16,16,1,0.10823760899984336,0.10823760899984336,True,final restart pool only,194,dice_gradient_style,11,199126377,206126377,,512,no_disease_to_disease,31.0,16.0,16.0,31.0
1,512,512,16,16,1,0.10161121099918091,0.10161121099918091,True,final restart pool only,194,wachter_style,11,199126377,206126377,,512,no_disease_to_disease,31.0,16.0,16.0,31.0
1,64,64,64,7,7,0.04247297400070238,0.04247297400070238,False,all independently sampled candidates,195,uniform_random,11,200126380,207126380,,512,no_disease_to_disease,,,,
2,64,128,64,15,22,0.04555084999992687,0.08802382400062925,False,all independently sampled candidates,195,uniform_random,11,200126380,207126380,,512,no_disease_to_disease,,,,
3,64,192,64,16,38,0.04408650200093689,0.13211032600156614,False,all independently sampled candidates,195,uniform_random,11,200126380,207126380,,512,no_disease_to_disease,,,,
4,64,256,64,14,52,0.04282407499886176,0.1749344010004279,False,all independently sampled candidates,195,uniform_random,11,200126380,207126380,,512,no_disease_to_disease,,,,
5,64,320,64,17,69,0.05688675300007162,0.23182115400049952,False,all independently sampled candidates,195,uniform_random,11,200126380,207126380,,512,no_disease_to_disease,,,,
6,64,384,64,16,85,0.06482312000116508,0.2966442740016646,False,all independently sampled candidates,195,uniform_random,11,200126380,207126380,,512,no_disease_to_disease,,,,
7,64,448,64,17,102,0.0434195269990596,0.3400638010007242,False,all independently sampled candidates,195,uniform_random,11,200126380,207126380,,512,no_disease_to_disease,,,,
8,64,512,64,20,122,0.04585868399954052,0.3859224850002647,False,all independently sampled candidates,195,uniform_random,11,200126380,207126380,,512,no_disease_to_disease,,,,
1,64,64,64,7,7,0.041275387000496266,0.041275387000496266,True,all genetic population candidates,195,genetic_cfe,11,200126380,207126380,,512,no_disease_to_disease,,,,
2,64,128,64,18,24,0.04474544999902719,0.08602083699952345,True,all genetic population candidates,195,genetic_cfe,11,200126380,207126380,,512,no_disease_to_disease,,,,
3,64,192,64,41,63,0.0457497509996756,0.13177058799919905,True,all genetic population candidates,195,genetic_cfe,11,200126380,207126380,,512,no_disease_to_disease,,,,
4,64,256,64,48,111,0.04719075499997416,0.1789613429991732,True,all genetic population candidates,195,genetic_cfe,11,200126380,207126380,,512,no_disease_to_disease,,,,
5,64,320,64,52,160,0.04975311100133695,0.22871445400051016,True,all genetic population candidates,195,genetic_cfe,11,200126380,207126380,,512,no_disease_to_disease,,,,
6,64,384,64,56,213,0.05123324099986348,0.27994769500037364,True,all genetic population candidates,195,genetic_cfe,11,200126380,207126380,,512,no_disease_to_disease,,,,
7,64,448,64,58,269,0.053955790999680175,0.3339034860000538,True,all genetic population candidates,195,genetic_cfe,11,200126380,207126380,,512,no_disease_to_disease,,,,
8,64,512,64,60,326,0.0564729220004665,0.3903764080005203,True,all genetic population candidates,195,genetic_cfe,11,200126380,207126380,,512,no_disease_to_disease,,,,
1,512,512,16,16,1,0.11090906400022504,0.11090906400022504,True,final restart pool only,195,dice_gradient_style,11,200126380,207126380,,512,no_disease_to_disease,31.0,16.0,16.0,31.0
1,512,512,16,16,1,0.09932581100110838,0.09932581100110838,True,final restart pool only,195,wachter_style,11,200126380,207126380,,512,no_disease_to_disease,31.0,16.0,16.0,31.0
1,64,64,64,14,14,0.04196764100015571,0.04196764100015571,False,all independently sampled candidates,196,uniform_random,11,201126383,208126383,,512,no_disease_to_disease,,,,
2,64,128,64,15,29,0.041729270000359975,0.08369691100051568,False,all independently sampled candidates,196,uniform_random,11,201126383,208126383,,512,no_disease_to_disease,,,,
3,64,192,64,23,52,0.04357620299924747,0.12727311399976315,False,all independently sampled candidates,196,uniform_random,11,201126383,208126383,,512,no_disease_to_disease,,,,
4,64,256,64,21,73,0.04457571900093171,0.17184883300069487,False,all independently sampled candidates,196,uniform_random,11,201126383,208126383,,512,no_disease_to_disease,,,,
5,64,320,64,21,94,0.043856610000148066,0.21570544300084293,False,all independently sampled candidates,196,uniform_random,11,201126383,208126383,,512,no_disease_to_disease,,,,
6,64,384,64,22,116,0.04509870899892121,0.26080415199976414,False,all independently sampled candidates,196,uniform_random,11,201126383,208126383,,512,no_disease_to_disease,,,,
7,64,448,64,16,132,0.046391522000703844,0.307195674000468,False,all independently sampled candidates,196,uniform_random,11,201126383,208126383,,512,no_disease_to_disease,,,,
8,64,512,64,23,155,0.04894458700073301,0.356140261001201,False,all independently sampled candidates,196,uniform_random,11,201126383,208126383,,512,no_disease_to_disease,,,,
1,64,64,64,14,14,0.04429073099890957,0.04429073099890957,True,all genetic population candidates,196,genetic_cfe,11,201126383,208126383,,512,no_disease_to_disease,,,,
2,64,128,64,31,43,0.04548651400000381,0.08977724499891337,True,all genetic population candidates,196,genetic_cfe,11,201126383,208126383,,512,no_disease_to_disease,,,,
3,64,192,64,46,87,0.04572326299967244,0.13550050799858582,True,all genetic population candidates,196,genetic_cfe,11,201126383,208126383,,512,no_disease_to_disease,,,,
4,64,256,64,53,138,0.04808263800077839,0.1835831459993642,True,all genetic population candidates,196,genetic_cfe,11,201126383,208126383,,512,no_disease_to_disease,,,,
5,64,320,64,55,193,0.05219206099900475,0.23577520699836896,True,all genetic population candidates,196,genetic_cfe,11,201126383,208126383,,512,no_disease_to_disease,,,,
6,64,384,64,61,254,0.06362871600140352,0.2994039229997725,True,all genetic population candidates,196,genetic_cfe,11,201126383,208126383,,512,no_disease_to_disease,,,,
7,64,448,64,56,310,0.06519517800006724,0.3645991009998397,True,all genetic population candidates,196,genetic_cfe,11,201126383,208126383,,512,no_disease_to_disease,,,,
8,64,512,64,54,359,0.05671629700009362,0.42131539799993334,True,all genetic population candidates,196,genetic_cfe,11,201126383,208126383,,512,no_disease_to_disease,,,,
1,512,512,16,16,1,0.10948944200026745,0.10948944200026745,True,final restart pool only,196,dice_gradient_style,11,201126383,208126383,,512,no_disease_to_disease,31.0,16.0,16.0,31.0
1,512,512,16,16,1,0.10113888699925155,0.10113888699925155,True,final restart pool only,196,wachter_style,11,201126383,208126383,,512,no_disease_to_disease,31.0,16.0,16.0,31.0
1,64,64,64,7,7,0.04396914599965385,0.04396914599965385,False,all independently sampled candidates,197,uniform_random,11,202126386,209126386,,512,no_disease_to_disease,,,,
2,64,128,64,12,19,0.044428148001316004,0.08839729400096985,False,all independently sampled candidates,197,uniform_random,11,202126386,209126386,,512,no_disease_to_disease,,,,
3,64,192,64,18,37,0.04335483399881923,0.13175212799978908,False,all independently sampled candidates,197,uniform_random,11,202126386,209126386,,512,no_disease_to_disease,,,,
4,64,256,64,14,51,0.04385329199976695,0.17560541999955603,False,all independently sampled candidates,197,uniform_random,11,202126386,209126386,,512,no_disease_to_disease,,,,
5,64,320,64,18,69,0.04374973400081217,0.2193551540003682,False,all independently sampled candidates,197,uniform_random,11,202126386,209126386,,512,no_disease_to_disease,,,,
6,64,384,64,21,90,0.04571067399956519,0.2650658279999334,False,all independently sampled candidates,197,uniform_random,11,202126386,209126386,,512,no_disease_to_disease,,,,
7,64,448,64,18,108,0.04877698000018427,0.31384280800011766,False,all independently sampled candidates,197,uniform_random,11,202126386,209126386,,512,no_disease_to_disease,,,,
8,64,512,64,17,125,0.048604162999254186,0.36244697099937184,False,all independently sampled candidates,197,uniform_random,11,202126386,209126386,,512,no_disease_to_disease,,,,
1,64,64,64,7,7,0.0407141750001756,0.0407141750001756,True,all genetic population candidates,197,genetic_cfe,11,202126386,209126386,,512,no_disease_to_disease,,,,
2,64,128,64,26,33,0.04396672999973816,0.08468090499991376,True,all genetic population candidates,197,genetic_cfe,11,202126386,209126386,,512,no_disease_to_disease,,,,
3,64,192,64,34,66,0.04662450100113347,0.13130540600104723,True,all genetic population candidates,197,genetic_cfe,11,202126386,209126386,,512,no_disease_to_disease,,,,
4,64,256,64,54,118,0.049964697000177694,0.18127010300122492,True,all genetic population candidates,197,genetic_cfe,11,202126386,209126386,,512,no_disease_to_disease,,,,
5,64,320,64,56,172,0.0511250489998929,0.23239515200111782,True,all genetic population candidates,197,genetic_cfe,11,202126386,209126386,,512,no_disease_to_disease,,,,
6,64,384,64,47,217,0.05253092099883361,0.28492607299995143,True,all genetic population candidates,197,genetic_cfe,11,202126386,209126386,,512,no_disease_to_disease,,,,
7,64,448,64,52,266,0.05454422700131545,0.3394703000012669,True,all genetic population candidates,197,genetic_cfe,11,202126386,209126386,,512,no_disease_to_disease,,,,
8,64,512,64,57,322,0.054366614000173286,0.39383691400144016,True,all genetic population candidates,197,genetic_cfe,11,202126386,209126386,,512,no_disease_to_disease,,,,
1,512,512,16,16,1,0.10648823199881008,0.10648823199881008,True,final restart pool only,197,dice_gradient_style,11,202126386,209126386,,512,no_disease_to_disease,31.0,16.0,16.0,31.0
1,512,512,16,16,1,0.09973114199965494,0.09973114199965494,True,final restart pool only,197,wachter_style,11,202126386,209126386,,512,no_disease_to_disease,31.0,16.0,16.0,31.0
1,64,64,64,7,7,0.041753317000257084,0.041753317000257084,False,all independently sampled candidates,198,uniform_random,11,203126389,210126389,,512,no_disease_to_disease,,,,
2,64,128,64,14,21,0.04489288500008115,0.08664620200033823,False,all independently sampled candidates,198,uniform_random,11,203126389,210126389,,512,no_disease_to_disease,,,,
3,64,192,64,12,33,0.04440818700095406,0.1310543890012923,False,all independently sampled candidates,198,uniform_random,11,203126389,210126389,,512,no_disease_to_disease,,,,
4,64,256,64,14,47,0.04552312499981781,0.1765775140011101,False,all independently sampled candidates,198,uniform_random,11,203126389,210126389,,512,no_disease_to_disease,,,,
5,64,320,64,16,63,0.04269372700036911,0.2192712410014792,False,all independently sampled candidates,198,uniform_random,11,203126389,210126389,,512,no_disease_to_disease,,,,
6,64,384,64,15,78,0.04643314499844564,0.26570438599992485,False,all independently sampled candidates,198,uniform_random,11,203126389,210126389,,512,no_disease_to_disease,,,,
7,64,448,64,12,90,0.04469238000092446,0.3103967660008493,False,all independently sampled candidates,198,uniform_random,11,203126389,210126389,,512,no_disease_to_disease,,,,
8,64,512,64,12,102,0.04309220799950708,0.3534889740003564,False,all independently sampled candidates,198,uniform_random,11,203126389,210126389,,512,no_disease_to_disease,,,,
1,64,64,64,7,7,0.04467856799965375,0.04467856799965375,True,all genetic population candidates,198,genetic_cfe,11,203126389,210126389,,512,no_disease_to_disease,,,,
2,64,128,64,20,26,0.04324826800075243,0.08792683600040618,True,all genetic population candidates,198,genetic_cfe,11,203126389,210126389,,512,no_disease_to_disease,,,,
3,64,192,64,44,66,0.04314280299877282,0.131069638999179,True,all genetic population candidates,198,genetic_cfe,11,203126389,210126389,,512,no_disease_to_disease,,,,
4,64,256,64,47,110,0.04691261700099858,0.17798225600017759,True,all genetic population candidates,198,genetic_cfe,11,203126389,210126389,,512,no_disease_to_disease,,,,
5,64,320,64,57,162,0.050396480999552296,0.22837873699972988,True,all genetic population candidates,198,genetic_cfe,11,203126389,210126389,,512,no_disease_to_disease,,,,
6,64,384,64,53,213,0.050773074000971974,0.27915181100070185,True,all genetic population candidates,198,genetic_cfe,11,203126389,210126389,,512,no_disease_to_disease,,,,
7,64,448,64,55,264,0.05252916699828347,0.3316809779989853,True,all genetic population candidates,198,genetic_cfe,11,203126389,210126389,,512,no_disease_to_disease,,,,
8,64,512,64,61,320,0.05815987300047709,0.3898408509994624,True,all genetic population candidates,198,genetic_cfe,11,203126389,210126389,,512,no_disease_to_disease,,,,
1,512,512,16,16,1,0.10776736399930087,0.10776736399930087,True,final restart pool only,198,dice_gradient_style,11,203126389,210126389,,512,no_disease_to_disease,31.0,16.0,16.0,31.0
1,512,512,16,16,1,0.09920200200031104,0.09920200200031104,True,final restart pool only,198,wachter_style,11,203126389,210126389,,512,no_disease_to_disease,31.0,16.0,16.0,31.0
1,64,64,64,6,6,0.04189059399868711,0.04189059399868711,False,all independently sampled candidates,199,uniform_random,11,204126392,211126392,,512,no_disease_to_disease,,,,
2,64,128,64,15,21,0.04361703399990802,0.08550762799859513,False,all independently sampled candidates,199,uniform_random,11,204126392,211126392,,512,no_disease_to_disease,,,,
3,64,192,64,15,36,0.04364108900153951,0.12914871700013464,False,all independently sampled candidates,199,uniform_random,11,204126392,211126392,,512,no_disease_to_disease,,,,
4,64,256,64,19,55,0.04462231399884331,0.17377103099897795,False,all independently sampled candidates,199,uniform_random,11,204126392,211126392,,512,no_disease_to_disease,,,,
5,64,320,64,19,74,0.047360882001157734,0.22113191300013568,False,all independently sampled candidates,199,uniform_random,11,204126392,211126392,,512,no_disease_to_disease,,,,
6,64,384,64,12,86,0.04651698499947088,0.26764889799960656,False,all independently sampled candidates,199,uniform_random,11,204126392,211126392,,512,no_disease_to_disease,,,,
7,64,448,64,15,101,0.04321259999960603,0.3108614979992126,False,all independently sampled candidates,199,uniform_random,11,204126392,211126392,,512,no_disease_to_disease,,,,
8,64,512,64,23,124,0.04566956700000446,0.35653106499921705,False,all independently sampled candidates,199,uniform_random,11,204126392,211126392,,512,no_disease_to_disease,,,,
1,64,64,64,6,6,0.04199759599941899,0.04199759599941899,True,all genetic population candidates,199,genetic_cfe,11,204126392,211126392,,512,no_disease_to_disease,,,,
2,64,128,64,10,16,0.04291661500064947,0.08491421100006846,True,all genetic population candidates,199,genetic_cfe,11,204126392,211126392,,512,no_disease_to_disease,,,,
3,64,192,64,37,53,0.04459511899949575,0.12950932999956422,True,all genetic population candidates,199,genetic_cfe,11,204126392,211126392,,512,no_disease_to_disease,,,,
4,64,256,64,47,94,0.04681309700026759,0.1763224269998318,True,all genetic population candidates,199,genetic_cfe,11,204126392,211126392,,512,no_disease_to_disease,,,,
5,64,320,64,54,144,0.04773496100096963,0.22405738800080144,True,all genetic population candidates,199,genetic_cfe,11,204126392,211126392,,512,no_disease_to_disease,,,,
6,64,384,64,62,201,0.052537618999849656,0.2765950070006511,True,all genetic population candidates,199,genetic_cfe,11,204126392,211126392,,512,no_disease_to_disease,,,,
7,64,448,64,60,256,0.05432476699934341,0.3309197739999945,True,all genetic population candidates,199,genetic_cfe,11,204126392,211126392,,512,no_disease_to_disease,,,,
8,64,512,64,63,313,0.0597645449997799,0.3906843189997744,True,all genetic population candidates,199,genetic_cfe,11,204126392,211126392,,512,no_disease_to_disease,,,,
1,512,512,16,16,1,0.1155963260007411,0.1155963260007411,True,final restart pool only,199,dice_gradient_style,11,204126392,211126392,,512,no_disease_to_disease,31.0,16.0,16.0,31.0
1,512,512,16,16,1,0.12610037599915813,0.12610037599915813,True,final restart pool only,199,wachter_style,11,204126392,211126392,,512,no_disease_to_disease,31.0,16.0,16.0,31.0
