query_id,query_group_id,local_test_index,method,method_label,method_seed,run_seed,robustness_seed,generator_training_seed,search_plausibility_source,candidate_budget,direction,difficulty_stratum,query_class,desired_class,query_probability,absolute_query_logit,returned,reference_valid_returned,returned_validity,conditional_returned_validity,valid_cfe_yield_at_k,completeness_at_k,coverage_at_1,full_k_success,proximity,sparsity,diversity,plausibility,plausibility_distance,plausibility_inlier_rate,target_data_support,local_surrogate_fidelity,fidelity,fidelity_oracle_evaluations,constraint_validity,mean_target_logit_margin,minimum_target_logit_margin,robust_validity,robust_cfe_fraction_95,robust_completeness_at_k,robust_full_k_success,changed_set_dice,runtime_seconds,generation_time_to_k_or_cap_seconds,time_to_full_k_seconds,time_per_returned_cfe_seconds,candidate_evaluations,candidate_throughput_per_second,rounds_used,k1_achieved,rounds_to_k1,rounds_to_k1_or_cap,candidates_to_k1,candidates_to_k1_or_cap,time_to_k1_seconds,time_to_k1_or_cap_seconds,k3_achieved,rounds_to_k3,rounds_to_k3_or_cap,candidates_to_k3,candidates_to_k3_or_cap,time_to_k3_seconds,time_to_k3_or_cap_seconds,k5_achieved,rounds_to_k5,rounds_to_k5_or_cap,candidates_to_k5,candidates_to_k5_or_cap,time_to_k5_seconds,time_to_k5_or_cap_seconds,k10_achieved,rounds_to_k10,rounds_to_k10_or_cap,candidates_to_k10,candidates_to_k10_or_cap,time_to_k10_seconds,time_to_k10_or_cap_seconds,group_sparsity
0,2,3889,uniform_random,Uniform constrained random,11,5125795,12125795,,none_generator_only,512,disease_to_no_disease,near_boundary,1,0,0.9897541403770447,4.570582866668701,10,10,1.0,1.0,1.0,1.0,1.0,1.0,0.07994382083415985,0.2,0.10774246603250504,0.6265944963749978,0.6265944963749978,0.0,0.04,0.7878787878787878,0.7878787878787878,81,1.0,8.310871124267578,2.1027278900146484,1.0,1.0,1.0,1.0,0.9619079073271927,0.37950521299899265,0.37950521299899265,0.37950521299899265,0.037950521299899266,512,1349.125077766347,8,1.0,1.0,1.0,64.0,64.0,0.0467345099987142,0.0467345099987142,1.0,1.0,1.0,64.0,64.0,0.0467345099987142,0.0467345099987142,1.0,1.0,1.0,64.0,64.0,0.0467345099987142,0.0467345099987142,1.0,1.0,1.0,64.0,64.0,0.0467345099987142,0.0467345099987142,0.2
0,2,3889,genetic_cfe,Budget-matched genetic CFE,11,5125795,12125795,,none_generator_only,512,disease_to_no_disease,near_boundary,1,0,0.9897541403770447,4.570582866668701,10,10,1.0,1.0,1.0,1.0,1.0,1.0,0.05751172453165054,0.4666666666666667,0.07573326677083969,0.6462406488315023,0.6462406488315023,0.0,0.0,0.7575757575757576,0.7575757575757576,81,1.0,6.267776012420654,0.8848528861999512,0.9875,0.9,0.9,0.0,0.9302693242542144,0.4316299849997449,0.4316299849997449,0.4316299849997449,0.04316299849997449,512,1186.2011857223092,8,1.0,1.0,1.0,64.0,64.0,0.046556452000004356,0.046556452000004356,1.0,1.0,1.0,64.0,64.0,0.046556452000004356,0.046556452000004356,1.0,1.0,1.0,64.0,64.0,0.046556452000004356,0.046556452000004356,1.0,1.0,1.0,64.0,64.0,0.046556452000004356,0.046556452000004356,0.4666666666666667
0,2,3889,dice_gradient_style,Custom DiCE-style gradient,11,5125795,12125795,,none_generator_only,512,disease_to_no_disease,near_boundary,1,0,0.9897541403770447,4.570582866668701,1,1,1.0,1.0,0.1,0.1,1.0,0.0,0.0547584593296051,0.0,0.0,0.5038230225989409,0.5038230225989409,0.0,0.0,0.9230769230769231,0.9230769230769231,65,1.0,11.276481628417969,11.276481628417969,1.0,1.0,0.1,0.0,0.9892857142857143,0.11423509900123463,0.11423509900123463,,0.11423509900123463,512,4481.984998275061,1,1.0,1.0,1.0,512.0,512.0,0.11423509900123463,0.11423509900123463,0.0,,1.0,,512.0,,0.11423509900123463,0.0,,1.0,,512.0,,0.11423509900123463,0.0,,1.0,,512.0,,0.11423509900123463,0.0
0,2,3889,wachter_style,Custom Wachter-style gradient,11,5125795,12125795,,none_generator_only,512,disease_to_no_disease,near_boundary,1,0,0.9897541403770447,4.570582866668701,1,1,1.0,1.0,0.1,0.1,1.0,0.0,0.05559324100613594,0.0,0.0,0.5005582694373455,0.5005582694373455,0.0,0.0,0.9230769230769231,0.9230769230769231,65,1.0,11.284544944763184,11.284544944763184,1.0,1.0,0.1,0.0,0.9892857142857143,0.11130834199866513,0.11130834199866513,,0.11130834199866513,512,4599.834934259826,1,1.0,1.0,1.0,512.0,512.0,0.11130834199866513,0.11130834199866513,0.0,,1.0,,512.0,,0.11130834199866513,0.0,,1.0,,512.0,,0.11130834199866513,0.0,,1.0,,512.0,,0.11130834199866513,0.0
1,2,6618,uniform_random,Uniform constrained random,11,6125798,13125798,,none_generator_only,512,disease_to_no_disease,near_boundary,1,0,0.6559956073760986,0.6454996466636658,10,10,1.0,1.0,1.0,1.0,1.0,1.0,0.06745239347219467,0.32777777777777783,0.0974046140909195,0.4690194048891073,0.4690194048891073,0.1,0.16,0.7575757575757576,0.7575757575757576,81,1.0,5.6785783767700195,0.5547285079956055,0.9875,0.9,0.9,0.0,0.9433965050115504,0.4065043910013628,0.4065043910013628,0.4065043910013628,0.040650439100136285,512,1259.51899003788,8,1.0,1.0,1.0,64.0,64.0,0.04684357600126532,0.04684357600126532,1.0,1.0,1.0,64.0,64.0,0.04684357600126532,0.04684357600126532,1.0,1.0,1.0,64.0,64.0,0.04684357600126532,0.04684357600126532,1.0,1.0,1.0,64.0,64.0,0.04684357600126532,0.04684357600126532,0.32777777777777783
1,2,6618,genetic_cfe,Budget-matched genetic CFE,11,6125798,13125798,,none_generator_only,512,disease_to_no_disease,near_boundary,1,0,0.6559956073760986,0.6454996466636658,10,10,1.0,1.0,1.0,1.0,1.0,1.0,0.050644636154174805,0.5444444444444445,0.07323846220970154,0.42612710487059735,0.42612710487059735,0.0,0.14,0.696969696969697,0.696969696969697,81,1.0,5.109193325042725,2.0789055824279785,1.0,1.0,1.0,1.0,0.9019199990615643,0.43438881000110996,0.43438881000110996,0.43438881000110996,0.04343888100011099,512,1178.6675628193364,8,1.0,1.0,1.0,64.0,64.0,0.04602148300000408,0.04602148300000408,1.0,1.0,1.0,64.0,64.0,0.04602148300000408,0.04602148300000408,1.0,1.0,1.0,64.0,64.0,0.04602148300000408,0.04602148300000408,1.0,1.0,1.0,64.0,64.0,0.04602148300000408,0.04602148300000408,0.5444444444444445
1,2,6618,dice_gradient_style,Custom DiCE-style gradient,11,6125798,13125798,,none_generator_only,512,disease_to_no_disease,near_boundary,1,0,0.6559956073760986,0.6454996466636658,1,1,1.0,1.0,0.1,0.1,1.0,0.0,0.0375232994556427,0.2222222222222222,0.0,0.29098728306612737,0.29098728306612737,0.0,0.2,0.9230769230769231,0.9230769230769231,65,1.0,10.763879776000977,10.763879776000977,1.0,1.0,0.1,0.0,0.9913793103448276,0.1281579079986841,0.1281579079986841,,0.1281579079986841,512,3995.0714551712026,1,1.0,1.0,1.0,512.0,512.0,0.1281579079986841,0.1281579079986841,0.0,,1.0,,512.0,,0.1281579079986841,0.0,,1.0,,512.0,,0.1281579079986841,0.0,,1.0,,512.0,,0.1281579079986841,0.2222222222222222
1,2,6618,wachter_style,Custom Wachter-style gradient,11,6125798,13125798,,none_generator_only,512,disease_to_no_disease,near_boundary,1,0,0.6559956073760986,0.6454996466636658,1,1,1.0,1.0,0.1,0.1,1.0,0.0,0.03744270280003548,0.2222222222222222,0.0,0.28662897252810754,0.28662897252810754,0.0,0.2,0.9230769230769231,0.9230769230769231,65,1.0,10.63283634185791,10.63283634185791,1.0,1.0,0.1,0.0,1.0,0.11215969800105086,0.11215969800105086,,0.11215969800105086,512,4564.919566698574,1,1.0,1.0,1.0,512.0,512.0,0.11215969800105086,0.11215969800105086,0.0,,1.0,,512.0,,0.11215969800105086,0.0,,1.0,,512.0,,0.11215969800105086,0.0,,1.0,,512.0,,0.11215969800105086,0.2222222222222222
2,2,7840,uniform_random,Uniform constrained random,11,7125801,14125801,,none_generator_only,512,disease_to_no_disease,near_boundary,1,0,0.9382082223892212,2.7202017307281494,10,10,1.0,1.0,1.0,1.0,1.0,1.0,0.07169611752033234,0.22222222222222218,0.09071651101112366,0.49626705420268014,0.49626705420268014,0.0,0.0,0.8181818181818182,0.8181818181818182,81,1.0,4.991405963897705,0.45020341873168945,0.9625,0.9,0.9,0.0,0.9446406389852037,0.3908315179996862,0.3908315179996862,0.3908315179996862,0.039083151799968616,512,1310.027406746687,8,1.0,1.0,1.0,64.0,64.0,0.046593906999987666,0.046593906999987666,1.0,1.0,1.0,64.0,64.0,0.046593906999987666,0.046593906999987666,1.0,1.0,1.0,64.0,64.0,0.046593906999987666,0.046593906999987666,1.0,1.0,1.0,64.0,64.0,0.046593906999987666,0.046593906999987666,0.22222222222222218
2,2,7840,genetic_cfe,Budget-matched genetic CFE,11,7125801,14125801,,none_generator_only,512,disease_to_no_disease,near_boundary,1,0,0.9382082223892212,2.7202017307281494,10,10,1.0,1.0,1.0,1.0,1.0,1.0,0.06219637393951416,0.4666666666666666,0.07683709263801575,0.4884277772288028,0.4884277772288028,0.1,0.0,0.7575757575757576,0.7575757575757576,81,1.0,7.232455253601074,0.6777148246765137,0.9875,0.9,0.9,0.0,0.8980319494672033,0.4581255899993266,0.4581255899993266,0.4581255899993266,0.04581255899993266,512,1117.5974692894858,8,1.0,1.0,1.0,64.0,64.0,0.04609187700043549,0.04609187700043549,1.0,1.0,1.0,64.0,64.0,0.04609187700043549,0.04609187700043549,1.0,1.0,1.0,64.0,64.0,0.04609187700043549,0.04609187700043549,1.0,1.0,1.0,64.0,64.0,0.04609187700043549,0.04609187700043549,0.4666666666666666
2,2,7840,dice_gradient_style,Custom DiCE-style gradient,11,7125801,14125801,,none_generator_only,512,disease_to_no_disease,near_boundary,1,0,0.9382082223892212,2.7202017307281494,2,2,1.0,1.0,0.2,0.2,1.0,0.0,0.06311102211475372,0.0,0.03432575240731239,0.3762863977716973,0.3762863977716973,0.0,0.0,0.8846153846153846,0.8846153846153846,65,1.0,11.455352783203125,11.322867393493652,1.0,1.0,0.2,0.0,0.9928571428571429,0.11979555600009917,0.11979555600009917,,0.059897778000049584,512,4273.948192198182,1,1.0,1.0,1.0,512.0,512.0,0.11979555600009917,0.11979555600009917,0.0,,1.0,,512.0,,0.11979555600009917,0.0,,1.0,,512.0,,0.11979555600009917,0.0,,1.0,,512.0,,0.11979555600009917,0.0
2,2,7840,wachter_style,Custom Wachter-style gradient,11,7125801,14125801,,none_generator_only,512,disease_to_no_disease,near_boundary,1,0,0.9382082223892212,2.7202017307281494,1,1,1.0,1.0,0.1,0.1,1.0,0.0,0.0528423897922039,0.0,0.0,0.29115414967306796,0.29115414967306796,1.0,0.0,0.8461538461538461,0.8461538461538461,65,1.0,11.344125747680664,11.344125747680664,1.0,1.0,0.1,0.0,1.0,0.10987277999993239,0.10987277999993239,,0.10987277999993239,512,4659.934881053479,1,1.0,1.0,1.0,512.0,512.0,0.10987277999993239,0.10987277999993239,0.0,,1.0,,512.0,,0.10987277999993239,0.0,,1.0,,512.0,,0.10987277999993239,0.0,,1.0,,512.0,,0.10987277999993239,0.0
3,2,9100,uniform_random,Uniform constrained random,11,8125804,15125804,,none_generator_only,512,disease_to_no_disease,near_boundary,1,0,0.5143023133277893,0.05722488835453987,10,10,1.0,1.0,1.0,1.0,1.0,1.0,0.0812167078256607,0.2777777777777778,0.11903602629899979,0.5977964568960107,0.5977964568960107,0.0,0.0,0.7878787878787878,0.7878787878787878,81,1.0,7.068331241607666,1.1548619270324707,1.0,1.0,1.0,1.0,0.9538180237788861,0.384604994998881,0.384604994998881,0.384604994998881,0.0384604994998881,512,1331.2359606808789,8,1.0,1.0,1.0,64.0,64.0,0.0449470690000453,0.0449470690000453,1.0,1.0,1.0,64.0,64.0,0.0449470690000453,0.0449470690000453,1.0,1.0,1.0,64.0,64.0,0.0449470690000453,0.0449470690000453,1.0,1.0,1.0,64.0,64.0,0.0449470690000453,0.0449470690000453,0.2777777777777778
3,2,9100,genetic_cfe,Budget-matched genetic CFE,11,8125804,15125804,,none_generator_only,512,disease_to_no_disease,near_boundary,1,0,0.5143023133277893,0.05722488835453987,10,10,1.0,1.0,1.0,1.0,1.0,1.0,0.053528208285570145,0.5277777777777779,0.06264542788267136,0.5076533341391511,0.5076533341391511,0.0,0.02,0.5757575757575758,0.5757575757575758,81,1.0,3.177093029022217,0.5146541595458984,0.9,0.6,0.6,0.0,0.8752535262510108,0.4382962759991642,0.4382962759991642,0.4382962759991642,0.04382962759991642,512,1168.1595944040746,8,1.0,1.0,1.0,64.0,64.0,0.0460921359990607,0.0460921359990607,1.0,1.0,1.0,64.0,64.0,0.0460921359990607,0.0460921359990607,1.0,1.0,1.0,64.0,64.0,0.0460921359990607,0.0460921359990607,1.0,1.0,1.0,64.0,64.0,0.0460921359990607,0.0460921359990607,0.5277777777777779
3,2,9100,dice_gradient_style,Custom DiCE-style gradient,11,8125804,15125804,,none_generator_only,512,disease_to_no_disease,near_boundary,1,0,0.5143023133277893,0.05722488835453987,1,1,1.0,1.0,0.1,0.1,1.0,0.0,0.0371621772646904,0.16666666666666663,0.0,0.36938739920056624,0.36938739920056624,0.0,0.0,0.8461538461538461,0.8461538461538461,65,1.0,10.287820816040039,10.287820816040039,1.0,1.0,0.1,0.0,0.9787263626251391,0.12141613600033452,0.12141613600033452,,0.12141613600033452,512,4216.902438721896,1,1.0,1.0,1.0,512.0,512.0,0.12141613600033452,0.12141613600033452,0.0,,1.0,,512.0,,0.12141613600033452,0.0,,1.0,,512.0,,0.12141613600033452,0.0,,1.0,,512.0,,0.12141613600033452,0.16666666666666663
3,2,9100,wachter_style,Custom Wachter-style gradient,11,8125804,15125804,,none_generator_only,512,disease_to_no_disease,near_boundary,1,0,0.5143023133277893,0.05722488835453987,1,1,1.0,1.0,0.1,0.1,1.0,0.0,0.03804365545511246,0.16666666666666663,0.0,0.37313078763280466,0.37313078763280466,0.0,0.0,0.8461538461538461,0.8461538461538461,65,1.0,10.33470344543457,10.33470344543457,1.0,1.0,0.1,0.0,0.9515346913236931,0.10620934700091311,0.10620934700091311,,0.10620934700091311,512,4820.667996344975,1,1.0,1.0,1.0,512.0,512.0,0.10620934700091311,0.10620934700091311,0.0,,1.0,,512.0,,0.10620934700091311,0.0,,1.0,,512.0,,0.10620934700091311,0.0,,1.0,,512.0,,0.10620934700091311,0.16666666666666663
4,11,10301,uniform_random,Uniform constrained random,11,9125807,16125807,,none_generator_only,512,disease_to_no_disease,near_boundary,1,0,0.8833871483802795,2.0249040126800537,10,10,1.0,1.0,1.0,1.0,1.0,1.0,0.08859004825353622,0.2111111111111111,0.0897444486618042,0.6998307041127971,0.6998307041127971,0.0,0.0,0.7878787878787878,0.7878787878787878,81,1.0,6.463594913482666,0.759397029876709,0.975,0.9,0.9,0.0,0.9546370828547234,0.38357272400025977,0.38357272400025977,0.38357272400025977,0.038357272400025975,512,1334.8185831890728,8,1.0,1.0,1.0,64.0,64.0,0.04472074099976453,0.04472074099976453,1.0,1.0,1.0,64.0,64.0,0.04472074099976453,0.04472074099976453,1.0,1.0,1.0,64.0,64.0,0.04472074099976453,0.04472074099976453,1.0,1.0,1.0,64.0,64.0,0.04472074099976453,0.04472074099976453,0.2111111111111111
4,11,10301,genetic_cfe,Budget-matched genetic CFE,11,9125807,16125807,,none_generator_only,512,disease_to_no_disease,near_boundary,1,0,0.8833871483802795,2.0249040126800537,10,10,1.0,1.0,1.0,1.0,1.0,1.0,0.0687616616487503,0.40555555555555556,0.060271553695201874,0.6522697195348772,0.6522697195348772,0.0,0.0,0.7575757575757576,0.7575757575757576,81,1.0,4.804230690002441,0.6686277389526367,0.9625,0.8,0.8,0.0,0.9268069589639957,0.42059978600082104,0.42059978600082104,0.42059978600082104,0.04205997860008211,512,1217.3092261131121,8,1.0,1.0,1.0,64.0,64.0,0.04436658600025112,0.04436658600025112,1.0,1.0,1.0,64.0,64.0,0.04436658600025112,0.04436658600025112,1.0,1.0,1.0,64.0,64.0,0.04436658600025112,0.04436658600025112,1.0,1.0,1.0,64.0,64.0,0.04436658600025112,0.04436658600025112,0.40555555555555556
4,11,10301,dice_gradient_style,Custom DiCE-style gradient,11,9125807,16125807,,none_generator_only,512,disease_to_no_disease,near_boundary,1,0,0.8833871483802795,2.0249040126800537,1,1,1.0,1.0,0.1,0.1,1.0,0.0,0.07024974375963211,0.0,0.0,0.6230936434913061,0.6230936434913061,0.0,0.0,0.9615384615384616,0.9615384615384616,65,1.0,11.560280799865723,11.560280799865723,1.0,1.0,0.1,0.0,1.0,0.11764153399963106,0.11764153399963106,,0.11764153399963106,512,4352.20438388372,1,1.0,1.0,1.0,512.0,512.0,0.11764153399963106,0.11764153399963106,0.0,,1.0,,512.0,,0.11764153399963106,0.0,,1.0,,512.0,,0.11764153399963106,0.0,,1.0,,512.0,,0.11764153399963106,0.0
4,11,10301,wachter_style,Custom Wachter-style gradient,11,9125807,16125807,,none_generator_only,512,disease_to_no_disease,near_boundary,1,0,0.8833871483802795,2.0249040126800537,1,1,1.0,1.0,0.1,0.1,1.0,0.0,0.0711916834115982,0.0,0.0,0.625371239396008,0.625371239396008,0.0,0.0,0.9615384615384616,0.9615384615384616,65,1.0,11.560375213623047,11.560375213623047,1.0,1.0,0.1,0.0,1.0,0.11212860500017996,0.11212860500017996,,0.11212860500017996,512,4566.1854082566915,1,1.0,1.0,1.0,512.0,512.0,0.11212860500017996,0.11212860500017996,0.0,,1.0,,512.0,,0.11212860500017996,0.0,,1.0,,512.0,,0.11212860500017996,0.0,,1.0,,512.0,,0.11212860500017996,0.0
5,11,12592,uniform_random,Uniform constrained random,11,10125810,17125810,,none_generator_only,512,disease_to_no_disease,near_boundary,1,0,0.6016514897346497,0.4123511016368866,10,10,1.0,1.0,1.0,1.0,1.0,1.0,0.08832567185163498,0.2666666666666667,0.11115975677967072,0.634078882195602,0.634078882195602,0.0,0.12,0.8787878787878788,0.8787878787878788,81,1.0,5.212777614593506,1.750290870666504,0.9875,0.9,0.9,0.0,0.9539114561530531,0.3943847559985443,0.3943847559985443,0.3943847559985443,0.03943847559985443,512,1298.2246200253487,8,1.0,1.0,1.0,64.0,64.0,0.04436205799902382,0.04436205799902382,1.0,1.0,1.0,64.0,64.0,0.04436205799902382,0.04436205799902382,1.0,1.0,1.0,64.0,64.0,0.04436205799902382,0.04436205799902382,1.0,1.0,1.0,64.0,64.0,0.04436205799902382,0.04436205799902382,0.2666666666666667
5,11,12592,genetic_cfe,Budget-matched genetic CFE,11,10125810,17125810,,none_generator_only,512,disease_to_no_disease,near_boundary,1,0,0.6016514897346497,0.4123511016368866,10,10,1.0,1.0,1.0,1.0,1.0,1.0,0.07127968966960907,0.4611111111111111,0.08004052937030792,0.5746750226638079,0.5746750226638079,0.0,0.1,0.8787878787878788,0.8787878787878788,81,1.0,3.7845027446746826,0.1563425064086914,0.9,0.7,0.7,0.0,0.8910841932909674,0.4269099070006632,0.4269099070006632,0.4269099070006632,0.04269099070006632,512,1199.3162763477508,8,1.0,1.0,1.0,64.0,64.0,0.04508137800075929,0.04508137800075929,1.0,1.0,1.0,64.0,64.0,0.04508137800075929,0.04508137800075929,1.0,1.0,1.0,64.0,64.0,0.04508137800075929,0.04508137800075929,1.0,1.0,1.0,64.0,64.0,0.04508137800075929,0.04508137800075929,0.4611111111111111
5,11,12592,dice_gradient_style,Custom DiCE-style gradient,11,10125810,17125810,,none_generator_only,512,disease_to_no_disease,near_boundary,1,0,0.6016514897346497,0.4123511016368866,1,1,1.0,1.0,0.1,0.1,1.0,0.0,0.045939646661281586,0.2222222222222222,0.0,0.4168201865085035,0.4168201865085035,1.0,0.0,0.9230769230769231,0.9230769230769231,65,1.0,10.540334701538086,10.540334701538086,1.0,1.0,0.1,0.0,0.9830459770114943,0.12233694700080378,0.12233694700080378,,0.12233694700080378,512,4185.162475867867,1,1.0,1.0,1.0,512.0,512.0,0.12233694700080378,0.12233694700080378,0.0,,1.0,,512.0,,0.12233694700080378,0.0,,1.0,,512.0,,0.12233694700080378,0.0,,1.0,,512.0,,0.12233694700080378,0.2222222222222222
5,11,12592,wachter_style,Custom Wachter-style gradient,11,10125810,17125810,,none_generator_only,512,disease_to_no_disease,near_boundary,1,0,0.6016514897346497,0.4123511016368866,1,1,1.0,1.0,0.1,0.1,1.0,0.0,0.04548167437314987,0.16666666666666663,0.0,0.4161978220454285,0.4161978220454285,1.0,0.0,0.7692307692307693,0.7692307692307693,65,1.0,10.699821472167969,10.699821472167969,1.0,1.0,0.1,0.0,0.9830367074527253,0.10345372099982342,0.10345372099982342,,0.10345372099982342,512,4949.07283229449,1,1.0,1.0,1.0,512.0,512.0,0.10345372099982342,0.10345372099982342,0.0,,1.0,,512.0,,0.10345372099982342,0.0,,1.0,,512.0,,0.10345372099982342,0.0,,1.0,,512.0,,0.10345372099982342,0.16666666666666663
6,11,12615,uniform_random,Uniform constrained random,11,11125813,18125813,,none_generator_only,512,disease_to_no_disease,near_boundary,1,0,0.9573712944984436,3.111663341522217,10,10,1.0,1.0,1.0,1.0,1.0,1.0,0.08173185586929321,0.2777777777777778,0.10896293818950653,0.5847268180988002,0.5847268180988002,0.1,0.12000000000000002,0.696969696969697,0.696969696969697,81,1.0,5.817365646362305,0.7182393074035645,0.975,0.9,0.9,0.0,0.9442022658911593,0.38892406900049536,0.38892406900049536,0.38892406900049536,0.03889240690004954,512,1316.4523381538206,8,1.0,1.0,1.0,64.0,64.0,0.04482014499990328,0.04482014499990328,1.0,1.0,1.0,64.0,64.0,0.04482014499990328,0.04482014499990328,1.0,1.0,1.0,64.0,64.0,0.04482014499990328,0.04482014499990328,1.0,1.0,1.0,64.0,64.0,0.04482014499990328,0.04482014499990328,0.2777777777777778
6,11,12615,genetic_cfe,Budget-matched genetic CFE,11,11125813,18125813,,none_generator_only,512,disease_to_no_disease,near_boundary,1,0,0.9573712944984436,3.111663341522217,10,10,1.0,1.0,1.0,1.0,1.0,1.0,0.070150226354599,0.5222222222222223,0.07501843571662903,0.5141771606002641,0.5141771606002641,0.0,0.2,0.8484848484848485,0.8484848484848485,81,1.0,5.6868486404418945,0.5807723999023438,0.95,0.8,0.8,0.0,0.895878260932693,0.42541045199868677,0.42541045199868677,0.42541045199868677,0.04254104519986868,512,1203.5435368230692,8,1.0,1.0,1.0,64.0,64.0,0.04377596099948278,0.04377596099948278,1.0,1.0,1.0,64.0,64.0,0.04377596099948278,0.04377596099948278,1.0,1.0,1.0,64.0,64.0,0.04377596099948278,0.04377596099948278,1.0,1.0,1.0,64.0,64.0,0.04377596099948278,0.04377596099948278,0.5222222222222223
6,11,12615,dice_gradient_style,Custom DiCE-style gradient,11,11125813,18125813,,none_generator_only,512,disease_to_no_disease,near_boundary,1,0,0.9573712944984436,3.111663341522217,1,1,1.0,1.0,0.1,0.1,1.0,0.0,0.056953687220811844,0.16666666666666663,0.0,0.46921488298825653,0.46921488298825653,1.0,0.0,0.8076923076923077,0.8076923076923077,65,1.0,11.65983772277832,11.65983772277832,1.0,1.0,0.1,0.0,0.9919354838709677,0.10985129000073357,0.10985129000073357,,0.10985129000073357,512,4660.846495262649,1,1.0,1.0,1.0,512.0,512.0,0.10985129000073357,0.10985129000073357,0.0,,1.0,,512.0,,0.10985129000073357,0.0,,1.0,,512.0,,0.10985129000073357,0.0,,1.0,,512.0,,0.10985129000073357,0.16666666666666663
6,11,12615,wachter_style,Custom Wachter-style gradient,11,11125813,18125813,,none_generator_only,512,disease_to_no_disease,near_boundary,1,0,0.9573712944984436,3.111663341522217,1,1,1.0,1.0,0.1,0.1,1.0,0.0,0.05647055432200432,0.11111111111111116,0.0,0.46093351186505555,0.46093351186505555,1.0,0.0,0.8076923076923077,0.8076923076923077,65,1.0,11.4010009765625,11.4010009765625,1.0,1.0,0.1,0.0,0.9798387096774194,0.10477399499905005,0.10477399499905005,,0.10477399499905005,512,4886.708767806765,1,1.0,1.0,1.0,512.0,512.0,0.10477399499905005,0.10477399499905005,0.0,,1.0,,512.0,,0.10477399499905005,0.0,,1.0,,512.0,,0.10477399499905005,0.0,,1.0,,512.0,,0.10477399499905005,0.11111111111111116
7,11,12642,uniform_random,Uniform constrained random,11,12125816,19125816,,none_generator_only,512,disease_to_no_disease,near_boundary,1,0,0.9824704527854919,4.026182174682617,10,10,1.0,1.0,1.0,1.0,1.0,1.0,0.08701721578836441,0.22777777777777772,0.10522382706403732,0.6801886225617579,0.6801886225617579,0.0,0.0,0.9393939393939394,0.9393939393939394,81,1.0,5.029608726501465,0.41144227981567383,0.9625,0.8,0.8,0.0,0.9600471042898832,0.38024926300022344,0.38024926300022344,0.38024926300022344,0.03802492630002234,512,1346.4851870066586,8,1.0,1.0,1.0,64.0,64.0,0.04641094399994472,0.04641094399994472,1.0,1.0,1.0,64.0,64.0,0.04641094399994472,0.04641094399994472,1.0,1.0,1.0,64.0,64.0,0.04641094399994472,0.04641094399994472,1.0,1.0,1.0,64.0,64.0,0.04641094399994472,0.04641094399994472,0.22777777777777772
7,11,12642,genetic_cfe,Budget-matched genetic CFE,11,12125816,19125816,,none_generator_only,512,disease_to_no_disease,near_boundary,1,0,0.9824704527854919,4.026182174682617,10,10,1.0,1.0,1.0,1.0,1.0,1.0,0.0814087837934494,0.43888888888888883,0.08426399528980255,0.6519867063058239,0.6519867063058239,0.0,0.0,0.9090909090909091,0.9090909090909091,81,1.0,7.004446506500244,0.6882476806640625,0.9875,0.9,0.9,0.0,0.9166018329048347,0.42698054899847193,0.42698054899847193,0.42698054899847193,0.042698054899847196,512,1199.1178549021733,8,1.0,1.0,1.0,64.0,64.0,0.04331106700010423,0.04331106700010423,1.0,1.0,1.0,64.0,64.0,0.04331106700010423,0.04331106700010423,1.0,1.0,1.0,64.0,64.0,0.04331106700010423,0.04331106700010423,1.0,1.0,1.0,64.0,64.0,0.04331106700010423,0.04331106700010423,0.43888888888888883
7,11,12642,dice_gradient_style,Custom DiCE-style gradient,11,12125816,19125816,,none_generator_only,512,disease_to_no_disease,near_boundary,1,0,0.9824704527854919,4.026182174682617,1,1,1.0,1.0,0.1,0.1,1.0,0.0,0.07501499354839325,0.0,0.0,0.5550015973797913,0.5550015973797913,0.0,0.0,1.0,1.0,65,1.0,11.608658790588379,11.608658790588379,1.0,1.0,0.1,0.0,1.0,0.1107461030005652,0.1107461030005652,,0.1107461030005652,512,4623.187508434378,1,1.0,1.0,1.0,512.0,512.0,0.1107461030005652,0.1107461030005652,0.0,,1.0,,512.0,,0.1107461030005652,0.0,,1.0,,512.0,,0.1107461030005652,0.0,,1.0,,512.0,,0.1107461030005652,0.0
7,11,12642,wachter_style,Custom Wachter-style gradient,11,12125816,19125816,,none_generator_only,512,disease_to_no_disease,near_boundary,1,0,0.9824704527854919,4.026182174682617,1,1,1.0,1.0,0.1,0.1,1.0,0.0,0.07567694038152695,0.0,0.0,0.5563269340726167,0.5563269340726167,0.0,0.0,1.0,1.0,65,1.0,11.607601165771484,11.607601165771484,1.0,1.0,0.1,0.0,1.0,0.10178005000125268,0.10178005000125268,,0.10178005000125268,512,5030.45537896374,1,1.0,1.0,1.0,512.0,512.0,0.10178005000125268,0.10178005000125268,0.0,,1.0,,512.0,,0.10178005000125268,0.0,,1.0,,512.0,,0.10178005000125268,0.0,,1.0,,512.0,,0.10178005000125268,0.0
8,13,12888,uniform_random,Uniform constrained random,11,13125819,20125819,,none_generator_only,512,disease_to_no_disease,near_boundary,1,0,0.6568453907966614,0.6492675542831421,10,10,1.0,1.0,1.0,1.0,1.0,1.0,0.09340202808380127,0.18888888888888883,0.11534635722637177,0.6383835347236473,0.6383835347236473,0.0,0.1,0.7272727272727273,0.7272727272727273,81,1.0,11.060361862182617,5.118594169616699,1.0,1.0,1.0,1.0,0.9679333814501014,0.39143600500028697,0.39143600500028697,0.39143600500028697,0.0391436005000287,512,1308.0043569308978,8,1.0,1.0,1.0,64.0,64.0,0.04396729099971708,0.04396729099971708,1.0,1.0,1.0,64.0,64.0,0.04396729099971708,0.04396729099971708,1.0,1.0,1.0,64.0,64.0,0.04396729099971708,0.04396729099971708,1.0,1.0,1.0,64.0,64.0,0.04396729099971708,0.04396729099971708,0.18888888888888883
8,13,12888,genetic_cfe,Budget-matched genetic CFE,11,13125819,20125819,,none_generator_only,512,disease_to_no_disease,near_boundary,1,0,0.6568453907966614,0.6492675542831421,10,10,1.0,1.0,1.0,1.0,1.0,1.0,0.06874601542949677,0.4611111111111111,0.06914284825325012,0.5631625233331105,0.5631625233331105,0.0,0.0,0.7878787878787878,0.7878787878787878,81,1.0,7.746799468994141,2.296661376953125,1.0,1.0,1.0,1.0,0.917581753915421,0.4449260179990233,0.4449260179990233,0.4449260179990233,0.04449260179990233,512,1150.7531123997426,8,1.0,1.0,1.0,64.0,64.0,0.045578984998428496,0.045578984998428496,1.0,1.0,1.0,64.0,64.0,0.045578984998428496,0.045578984998428496,1.0,1.0,1.0,64.0,64.0,0.045578984998428496,0.045578984998428496,1.0,1.0,1.0,64.0,64.0,0.045578984998428496,0.045578984998428496,0.4611111111111111
8,13,12888,dice_gradient_style,Custom DiCE-style gradient,11,13125819,20125819,,none_generator_only,512,disease_to_no_disease,near_boundary,1,0,0.6568453907966614,0.6492675542831421,1,1,1.0,1.0,0.1,0.1,1.0,0.0,0.04774555563926697,0.2222222222222222,0.0,0.39333684099689276,0.39333684099689276,0.0,0.0,0.9615384615384616,0.9615384615384616,65,1.0,10.830660820007324,10.830660820007324,1.0,1.0,0.1,0.0,0.9623285131627735,0.11290803699921526,0.11290803699921526,,0.11290803699921526,512,4534.663905312237,1,1.0,1.0,1.0,512.0,512.0,0.11290803699921526,0.11290803699921526,0.0,,1.0,,512.0,,0.11290803699921526,0.0,,1.0,,512.0,,0.11290803699921526,0.0,,1.0,,512.0,,0.11290803699921526,0.2222222222222222
8,13,12888,wachter_style,Custom Wachter-style gradient,11,13125819,20125819,,none_generator_only,512,disease_to_no_disease,near_boundary,1,0,0.6568453907966614,0.6492675542831421,1,1,1.0,1.0,0.1,0.1,1.0,0.0,0.04685152322053909,0.16666666666666663,0.0,0.39961374966182606,0.39961374966182606,0.0,0.0,0.9615384615384616,0.9615384615384616,65,1.0,10.76974105834961,10.76974105834961,1.0,1.0,0.1,0.0,0.9956896551724138,0.1002979820004839,0.1002979820004839,,0.1002979820004839,512,5104.788648664236,1,1.0,1.0,1.0,512.0,512.0,0.1002979820004839,0.1002979820004839,0.0,,1.0,,512.0,,0.1002979820004839,0.0,,1.0,,512.0,,0.1002979820004839,0.0,,1.0,,512.0,,0.1002979820004839,0.16666666666666663
9,13,12936,uniform_random,Uniform constrained random,11,14125822,21125822,,none_generator_only,512,disease_to_no_disease,near_boundary,1,0,0.7651284337043762,1.1810048818588257,10,10,1.0,1.0,1.0,1.0,1.0,1.0,0.09132866561412811,0.23888888888888887,0.1210307627916336,0.6165305058165748,0.6165305058165748,0.0,0.0,0.7272727272727273,0.7272727272727273,81,1.0,8.39914321899414,4.0942888259887695,1.0,1.0,1.0,1.0,0.945033887480912,0.3881140220000816,0.3881140220000816,0.3881140220000816,0.03881140220000816,512,1319.1999540791967,8,1.0,1.0,1.0,64.0,64.0,0.044190724000145565,0.044190724000145565,1.0,1.0,1.0,64.0,64.0,0.044190724000145565,0.044190724000145565,1.0,1.0,1.0,64.0,64.0,0.044190724000145565,0.044190724000145565,1.0,1.0,1.0,64.0,64.0,0.044190724000145565,0.044190724000145565,0.23888888888888887
9,13,12936,genetic_cfe,Budget-matched genetic CFE,11,14125822,21125822,,none_generator_only,512,disease_to_no_disease,near_boundary,1,0,0.7651284337043762,1.1810048818588257,10,10,1.0,1.0,1.0,1.0,1.0,1.0,0.07447464764118195,0.4333333333333333,0.07324279099702835,0.5184758139272619,0.5184758139272619,0.2,0.0,0.8484848484848485,0.8484848484848485,81,1.0,9.629563331604004,4.023617267608643,1.0,1.0,1.0,1.0,0.9161729600914382,0.4537642670002242,0.4537642670002242,0.4537642670002242,0.04537642670002242,512,1128.3391779277035,8,1.0,1.0,1.0,64.0,64.0,0.04622846100028255,0.04622846100028255,1.0,1.0,1.0,64.0,64.0,0.04622846100028255,0.04622846100028255,1.0,1.0,1.0,64.0,64.0,0.04622846100028255,0.04622846100028255,1.0,1.0,1.0,64.0,64.0,0.04622846100028255,0.04622846100028255,0.4333333333333333
9,13,12936,dice_gradient_style,Custom DiCE-style gradient,11,14125822,21125822,,none_generator_only,512,disease_to_no_disease,near_boundary,1,0,0.7651284337043762,1.1810048818588257,1,1,1.0,1.0,0.1,0.1,1.0,0.0,0.04893873259425163,0.16666666666666663,0.0,0.38561315620017234,0.38561315620017234,1.0,0.0,0.9615384615384616,0.9615384615384616,65,1.0,10.915666580200195,10.915666580200195,1.0,1.0,0.1,0.0,0.9706711160548758,0.12288685299972713,0.12288685299972713,,0.12288685299972713,512,4166.434305231471,1,1.0,1.0,1.0,512.0,512.0,0.12288685299972713,0.12288685299972713,0.0,,1.0,,512.0,,0.12288685299972713,0.0,,1.0,,512.0,,0.12288685299972713,0.0,,1.0,,512.0,,0.12288685299972713,0.16666666666666663
9,13,12936,wachter_style,Custom Wachter-style gradient,11,14125822,21125822,,none_generator_only,512,disease_to_no_disease,near_boundary,1,0,0.7651284337043762,1.1810048818588257,1,1,1.0,1.0,0.1,0.1,1.0,0.0,0.048725150525569916,0.16666666666666663,0.0,0.3808796357006037,0.3808796357006037,1.0,0.0,0.9615384615384616,0.9615384615384616,65,1.0,10.92483139038086,10.92483139038086,1.0,1.0,0.1,0.0,0.9956896551724138,0.10473168499993335,0.10473168499993335,,0.10473168499993335,512,4888.682923418312,1,1.0,1.0,1.0,512.0,512.0,0.10473168499993335,0.10473168499993335,0.0,,1.0,,512.0,,0.10473168499993335,0.0,,1.0,,512.0,,0.10473168499993335,0.0,,1.0,,512.0,,0.10473168499993335,0.16666666666666663
10,13,13067,uniform_random,Uniform constrained random,11,15125825,22125825,,none_generator_only,512,disease_to_no_disease,near_boundary,1,0,0.8009200692176819,1.392054796218872,10,10,1.0,1.0,1.0,1.0,1.0,1.0,0.07747472822666168,0.2833333333333333,0.10076464712619781,0.5571212777648706,0.5571212777648706,0.2,0.04,0.6363636363636364,0.6363636363636364,81,1.0,5.773295879364014,0.7155241966247559,0.975,0.9,0.9,0.0,0.961085770412607,0.39999998299936124,0.39999998299936124,0.39999998299936124,0.039999998299936126,512,1280.0000544020463,8,1.0,1.0,1.0,64.0,64.0,0.0505741319993831,0.0505741319993831,1.0,1.0,1.0,64.0,64.0,0.0505741319993831,0.0505741319993831,1.0,1.0,1.0,64.0,64.0,0.0505741319993831,0.0505741319993831,1.0,1.0,1.0,64.0,64.0,0.0505741319993831,0.0505741319993831,0.2833333333333333
10,13,13067,genetic_cfe,Budget-matched genetic CFE,11,15125825,22125825,,none_generator_only,512,disease_to_no_disease,near_boundary,1,0,0.8009200692176819,1.392054796218872,10,10,1.0,1.0,1.0,1.0,1.0,1.0,0.0645589679479599,0.45,0.06555473059415817,0.48632411443862944,0.48632411443862944,0.2,0.0,0.8787878787878788,0.8787878787878788,81,1.0,7.792868614196777,3.3210229873657227,1.0,1.0,1.0,1.0,0.9280742628581841,0.4454792369997449,0.4454792369997449,0.4454792369997449,0.04454792369997449,512,1149.3240480707145,8,1.0,1.0,1.0,64.0,64.0,0.04524543399929826,0.04524543399929826,1.0,1.0,1.0,64.0,64.0,0.04524543399929826,0.04524543399929826,1.0,1.0,1.0,64.0,64.0,0.04524543399929826,0.04524543399929826,1.0,1.0,1.0,64.0,64.0,0.04524543399929826,0.04524543399929826,0.45
10,13,13067,dice_gradient_style,Custom DiCE-style gradient,11,15125825,22125825,,none_generator_only,512,disease_to_no_disease,near_boundary,1,0,0.8009200692176819,1.392054796218872,1,1,1.0,1.0,0.1,0.1,1.0,0.0,0.05087997391819954,0.16666666666666663,0.0,0.40325311569040234,0.40325311569040234,1.0,0.0,1.0,1.0,65,1.0,10.932611465454102,10.932611465454102,1.0,1.0,0.1,0.0,0.9722782258064516,0.11055747700083884,0.11055747700083884,,0.11055747700083884,512,4631.075291236207,1,1.0,1.0,1.0,512.0,512.0,0.11055747700083884,0.11055747700083884,0.0,,1.0,,512.0,,0.11055747700083884,0.0,,1.0,,512.0,,0.11055747700083884,0.0,,1.0,,512.0,,0.11055747700083884,0.16666666666666663
10,13,13067,wachter_style,Custom Wachter-style gradient,11,15125825,22125825,,none_generator_only,512,disease_to_no_disease,near_boundary,1,0,0.8009200692176819,1.392054796218872,1,1,1.0,1.0,0.1,0.1,1.0,0.0,0.05004074051976204,0.16666666666666663,0.0,0.40660727843234906,0.40660727843234906,1.0,0.0,1.0,1.0,65,1.0,10.715075492858887,10.715075492858887,1.0,1.0,0.1,0.0,0.9763104838709677,0.10307261999878392,0.10307261999878392,,0.10307261999878392,512,4967.371548390259,1,1.0,1.0,1.0,512.0,512.0,0.10307261999878392,0.10307261999878392,0.0,,1.0,,512.0,,0.10307261999878392,0.0,,1.0,,512.0,,0.10307261999878392,0.0,,1.0,,512.0,,0.10307261999878392,0.16666666666666663
11,13,13072,uniform_random,Uniform constrained random,11,16125828,23125828,,none_generator_only,512,disease_to_no_disease,near_boundary,1,0,0.8392509818077087,1.6526654958724976,10,10,1.0,1.0,1.0,1.0,1.0,1.0,0.09495631605386734,0.23888888888888887,0.11852731555700302,0.6214747420554192,0.6214747420554192,0.0,0.1,0.6363636363636364,0.6363636363636364,81,1.0,4.485587120056152,0.6493878364562988,0.9125,0.7,0.7,0.0,0.9625130027720467,0.37977947700164805,0.37977947700164805,0.37977947700164805,0.037977947700164806,512,1348.150784877136,8,1.0,1.0,1.0,64.0,64.0,0.04471262900005968,0.04471262900005968,1.0,1.0,1.0,64.0,64.0,0.04471262900005968,0.04471262900005968,1.0,1.0,1.0,64.0,64.0,0.04471262900005968,0.04471262900005968,1.0,1.0,1.0,64.0,64.0,0.04471262900005968,0.04471262900005968,0.23888888888888887
11,13,13072,genetic_cfe,Budget-matched genetic CFE,11,16125828,23125828,,none_generator_only,512,disease_to_no_disease,near_boundary,1,0,0.8392509818077087,1.6526654958724976,10,10,1.0,1.0,1.0,1.0,1.0,1.0,0.070195771753788,0.4722222222222223,0.07215477526187897,0.5882777704154651,0.5882777704154651,0.0,0.04,0.8484848484848485,0.8484848484848485,81,1.0,9.412710189819336,2.8469314575195312,1.0,1.0,1.0,1.0,0.9158432624176498,0.4288252879996435,0.4288252879996435,0.4288252879996435,0.04288252879996435,512,1193.9594383259077,8,1.0,1.0,1.0,64.0,64.0,0.04480520799916121,0.04480520799916121,1.0,1.0,1.0,64.0,64.0,0.04480520799916121,0.04480520799916121,1.0,1.0,1.0,64.0,64.0,0.04480520799916121,0.04480520799916121,1.0,1.0,1.0,64.0,64.0,0.04480520799916121,0.04480520799916121,0.4722222222222223
11,13,13072,dice_gradient_style,Custom DiCE-style gradient,11,16125828,23125828,,none_generator_only,512,disease_to_no_disease,near_boundary,1,0,0.8392509818077087,1.6526654958724976,1,1,1.0,1.0,0.1,0.1,1.0,0.0,0.051802415400743484,0.16666666666666663,0.0,0.40405558413374165,0.40405558413374165,1.0,0.0,0.9615384615384616,0.9615384615384616,65,1.0,11.053911209106445,11.053911209106445,1.0,1.0,0.1,0.0,1.0,0.1117917049996322,0.1117917049996322,,0.1117917049996322,512,4579.946249157614,1,1.0,1.0,1.0,512.0,512.0,0.1117917049996322,0.1117917049996322,0.0,,1.0,,512.0,,0.1117917049996322,0.0,,1.0,,512.0,,0.1117917049996322,0.0,,1.0,,512.0,,0.1117917049996322,0.16666666666666663
11,13,13072,wachter_style,Custom Wachter-style gradient,11,16125828,23125828,,none_generator_only,512,disease_to_no_disease,near_boundary,1,0,0.8392509818077087,1.6526654958724976,1,1,1.0,1.0,0.1,0.1,1.0,0.0,0.050654660910367966,0.16666666666666663,0.0,0.406076599972666,0.406076599972666,1.0,0.0,0.9615384615384616,0.9615384615384616,65,1.0,10.645733833312988,10.645733833312988,1.0,1.0,0.1,0.0,1.0,0.10243519700088655,0.10243519700088655,,0.10243519700088655,512,4998.281986957752,1,1.0,1.0,1.0,512.0,512.0,0.10243519700088655,0.10243519700088655,0.0,,1.0,,512.0,,0.10243519700088655,0.0,,1.0,,512.0,,0.10243519700088655,0.0,,1.0,,512.0,,0.10243519700088655,0.16666666666666663
12,16,13290,uniform_random,Uniform constrained random,11,17125831,24125831,,none_generator_only,512,disease_to_no_disease,near_boundary,1,0,0.8022082448005676,1.4001535177230835,10,10,1.0,1.0,1.0,1.0,1.0,1.0,0.07260974496603012,0.2333333333333333,0.10304784774780273,0.47945110920665046,0.47945110920665046,0.0,0.04,0.7878787878787878,0.7878787878787878,81,1.0,7.155667781829834,0.5122671127319336,0.9625,0.8,0.8,0.0,0.9562975461163379,0.38637494500108005,0.38637494500108005,0.38637494500108005,0.038637494500108005,512,1325.137684583996,8,1.0,1.0,1.0,64.0,64.0,0.04423757100084913,0.04423757100084913,1.0,1.0,1.0,64.0,64.0,0.04423757100084913,0.04423757100084913,1.0,1.0,1.0,64.0,64.0,0.04423757100084913,0.04423757100084913,1.0,1.0,1.0,64.0,64.0,0.04423757100084913,0.04423757100084913,0.2333333333333333
12,16,13290,genetic_cfe,Budget-matched genetic CFE,11,17125831,24125831,,none_generator_only,512,disease_to_no_disease,near_boundary,1,0,0.8022082448005676,1.4001535177230835,10,10,1.0,1.0,1.0,1.0,1.0,1.0,0.06520169973373413,0.47777777777777775,0.0897931307554245,0.5354796725806328,0.5354796725806328,0.0,0.04,0.8787878787878788,0.8787878787878788,81,1.0,8.967634201049805,3.7802090644836426,1.0,1.0,1.0,1.0,0.9162663850298458,0.4346722820009745,0.4346722820009745,0.4346722820009745,0.04346722820009745,512,1177.8988934906415,8,1.0,1.0,1.0,64.0,64.0,0.04458462399998098,0.04458462399998098,1.0,1.0,1.0,64.0,64.0,0.04458462399998098,0.04458462399998098,1.0,1.0,1.0,64.0,64.0,0.04458462399998098,0.04458462399998098,1.0,1.0,1.0,64.0,64.0,0.04458462399998098,0.04458462399998098,0.47777777777777775
12,16,13290,dice_gradient_style,Custom DiCE-style gradient,11,17125831,24125831,,none_generator_only,512,disease_to_no_disease,near_boundary,1,0,0.8022082448005676,1.4001535177230835,1,1,1.0,1.0,0.1,0.1,1.0,0.0,0.03863655775785446,0.16666666666666663,0.0,0.30193158933842856,0.30193158933842856,0.0,0.0,0.8846153846153846,0.8846153846153846,65,1.0,10.556559562683105,10.556559562683105,1.0,1.0,0.1,0.0,1.0,0.11261793599987868,0.11261793599987868,,0.11261793599987868,512,4546.345086634793,1,1.0,1.0,1.0,512.0,512.0,0.11261793599987868,0.11261793599987868,0.0,,1.0,,512.0,,0.11261793599987868,0.0,,1.0,,512.0,,0.11261793599987868,0.0,,1.0,,512.0,,0.11261793599987868,0.16666666666666663
12,16,13290,wachter_style,Custom Wachter-style gradient,11,17125831,24125831,,none_generator_only,512,disease_to_no_disease,near_boundary,1,0,0.8022082448005676,1.4001535177230835,1,1,1.0,1.0,0.1,0.1,1.0,0.0,0.038659702986478806,0.16666666666666663,0.0,0.3040870154295633,0.3040870154295633,0.0,0.0,0.8846153846153846,0.8846153846153846,65,1.0,10.530574798583984,10.530574798583984,1.0,1.0,0.1,0.0,1.0,0.10141796000061731,0.10141796000061731,,0.10141796000061731,512,5048.415487719172,1,1.0,1.0,1.0,512.0,512.0,0.10141796000061731,0.10141796000061731,0.0,,1.0,,512.0,,0.10141796000061731,0.0,,1.0,,512.0,,0.10141796000061731,0.0,,1.0,,512.0,,0.10141796000061731,0.16666666666666663
13,16,13353,uniform_random,Uniform constrained random,11,18125834,25125834,,none_generator_only,512,disease_to_no_disease,near_boundary,1,0,0.9887034296989441,4.471895217895508,10,10,1.0,1.0,1.0,1.0,1.0,1.0,0.08513201773166656,0.22777777777777777,0.10207012295722961,0.5938743154099679,0.5938743154099679,0.0,0.06000000000000001,0.9393939393939394,0.9393939393939394,81,1.0,4.437067985534668,0.1339554786682129,0.925,0.8,0.8,0.0,0.9546395425823612,0.36497032800070883,0.36497032800070883,0.36497032800070883,0.03649703280007088,512,1402.8537684274586,8,1.0,1.0,1.0,64.0,64.0,0.04340476099969237,0.04340476099969237,1.0,1.0,1.0,64.0,64.0,0.04340476099969237,0.04340476099969237,1.0,1.0,1.0,64.0,64.0,0.04340476099969237,0.04340476099969237,1.0,1.0,1.0,64.0,64.0,0.04340476099969237,0.04340476099969237,0.22777777777777777
13,16,13353,genetic_cfe,Budget-matched genetic CFE,11,18125834,25125834,,none_generator_only,512,disease_to_no_disease,near_boundary,1,0,0.9887034296989441,4.471895217895508,10,10,1.0,1.0,1.0,1.0,1.0,1.0,0.08202917873859406,0.42777777777777776,0.08202563226222992,0.6675516363560153,0.6675516363560153,0.0,0.0,0.7878787878787878,0.7878787878787878,81,1.0,8.803167343139648,4.095174789428711,1.0,1.0,1.0,1.0,0.9384724102577027,0.4133026199997403,0.4133026199997403,0.4133026199997403,0.04133026199997403,512,1238.8017283808213,8,1.0,1.0,1.0,64.0,64.0,0.04394066900022153,0.04394066900022153,1.0,1.0,1.0,64.0,64.0,0.04394066900022153,0.04394066900022153,1.0,1.0,1.0,64.0,64.0,0.04394066900022153,0.04394066900022153,1.0,1.0,1.0,64.0,64.0,0.04394066900022153,0.04394066900022153,0.42777777777777776
13,16,13353,dice_gradient_style,Custom DiCE-style gradient,11,18125834,25125834,,none_generator_only,512,disease_to_no_disease,near_boundary,1,0,0.9887034296989441,4.471895217895508,1,1,1.0,1.0,0.1,0.1,1.0,0.0,0.06658798456192017,0.0,0.0,0.4500382313217455,0.4500382313217455,0.0,0.0,0.9230769230769231,0.9230769230769231,65,1.0,11.75403118133545,11.75403118133545,1.0,1.0,0.1,0.0,0.9892857142857143,0.11227082000004884,0.11227082000004884,,0.11227082000004884,512,4560.401358071289,1,1.0,1.0,1.0,512.0,512.0,0.11227082000004884,0.11227082000004884,0.0,,1.0,,512.0,,0.11227082000004884,0.0,,1.0,,512.0,,0.11227082000004884,0.0,,1.0,,512.0,,0.11227082000004884,0.0
13,16,13353,wachter_style,Custom Wachter-style gradient,11,18125834,25125834,,none_generator_only,512,disease_to_no_disease,near_boundary,1,0,0.9887034296989441,4.471895217895508,1,1,1.0,1.0,0.1,0.1,1.0,0.0,0.06767264008522034,0.0,0.0,0.4515284407521506,0.4515284407521506,0.0,0.0,0.9615384615384616,0.9615384615384616,65,1.0,11.754388809204102,11.754388809204102,1.0,1.0,0.1,0.0,0.9964285714285714,0.10159710699917923,0.10159710699917923,,0.10159710699917923,512,5039.513575953853,1,1.0,1.0,1.0,512.0,512.0,0.10159710699917923,0.10159710699917923,0.0,,1.0,,512.0,,0.10159710699917923,0.0,,1.0,,512.0,,0.10159710699917923,0.0,,1.0,,512.0,,0.10159710699917923,0.0
14,16,13535,uniform_random,Uniform constrained random,11,19125837,26125837,,none_generator_only,512,disease_to_no_disease,near_boundary,1,0,0.9578630328178406,3.123779296875,10,10,1.0,1.0,1.0,1.0,1.0,1.0,0.09656937420368195,0.23333333333333334,0.13060127198696136,0.6964200343667947,0.6964200343667947,0.0,0.02,0.7575757575757576,0.7575757575757576,81,1.0,4.578946113586426,0.8657031059265137,0.975,0.8,0.8,0.0,0.953595740999121,0.3707117290014139,0.3707117290014139,0.3707117290014139,0.03707117290014139,512,1381.127058966206,8,1.0,1.0,1.0,64.0,64.0,0.0434276680007315,0.0434276680007315,1.0,1.0,1.0,64.0,64.0,0.0434276680007315,0.0434276680007315,1.0,1.0,1.0,64.0,64.0,0.0434276680007315,0.0434276680007315,1.0,1.0,1.0,64.0,64.0,0.0434276680007315,0.0434276680007315,0.23333333333333334
14,16,13535,genetic_cfe,Budget-matched genetic CFE,11,19125837,26125837,,none_generator_only,512,disease_to_no_disease,near_boundary,1,0,0.9578630328178406,3.123779296875,10,10,1.0,1.0,1.0,1.0,1.0,1.0,0.07538298517465591,0.4,0.08410010486841202,0.6044699424449835,0.6044699424449835,0.0,0.06000000000000001,0.9090909090909091,0.9090909090909091,81,1.0,8.12517261505127,1.0580596923828125,0.9875,0.9,0.9,0.0,0.9353667719262685,0.41590733300108695,0.41590733300108695,0.41590733300108695,0.04159073330010869,512,1231.0434545732376,8,1.0,1.0,1.0,64.0,64.0,0.043916279000768554,0.043916279000768554,1.0,1.0,1.0,64.0,64.0,0.043916279000768554,0.043916279000768554,1.0,1.0,1.0,64.0,64.0,0.043916279000768554,0.043916279000768554,1.0,1.0,1.0,64.0,64.0,0.043916279000768554,0.043916279000768554,0.4
14,16,13535,dice_gradient_style,Custom DiCE-style gradient,11,19125837,26125837,,none_generator_only,512,disease_to_no_disease,near_boundary,1,0,0.9578630328178406,3.123779296875,1,1,1.0,1.0,0.1,0.1,1.0,0.0,0.0589943528175354,0.05555555555555558,0.0,0.44054808489530844,0.44054808489530844,0.0,0.0,0.8846153846153846,0.8846153846153846,65,1.0,11.551551818847656,11.551551818847656,1.0,1.0,0.1,0.0,0.9573863636363636,0.10829859200021019,0.10829859200021019,,0.10829859200021019,512,4727.669958987151,1,1.0,1.0,1.0,512.0,512.0,0.10829859200021019,0.10829859200021019,0.0,,1.0,,512.0,,0.10829859200021019,0.0,,1.0,,512.0,,0.10829859200021019,0.0,,1.0,,512.0,,0.10829859200021019,0.05555555555555558
14,16,13535,wachter_style,Custom Wachter-style gradient,11,19125837,26125837,,none_generator_only,512,disease_to_no_disease,near_boundary,1,0,0.9578630328178406,3.123779296875,1,1,1.0,1.0,0.1,0.1,1.0,0.0,0.06125711277127266,0.0,0.0,0.4410340878864241,0.4410340878864241,0.0,0.0,0.8846153846153846,0.8846153846153846,65,1.0,11.57253646850586,11.57253646850586,1.0,1.0,0.1,0.0,0.9928571428571429,0.11605000300005486,0.11605000300005486,,0.11605000300005486,512,4411.891312055873,1,1.0,1.0,1.0,512.0,512.0,0.11605000300005486,0.11605000300005486,0.0,,1.0,,512.0,,0.11605000300005486,0.0,,1.0,,512.0,,0.11605000300005486,0.0,,1.0,,512.0,,0.11605000300005486,0.0
15,16,13625,uniform_random,Uniform constrained random,11,20125840,27125840,,none_generator_only,512,disease_to_no_disease,near_boundary,1,0,0.8841369152069092,2.03220272064209,10,10,1.0,1.0,1.0,1.0,1.0,1.0,0.08754776418209076,0.24999999999999994,0.11556442081928253,0.5848551086648092,0.5848551086648092,0.0,0.3,0.8484848484848485,0.8484848484848485,81,1.0,4.487875461578369,0.42933130264282227,0.9375,0.8,0.8,0.0,0.9420563393197054,0.4142861839991383,0.4142861839991383,0.4142861839991383,0.04142861839991383,512,1235.860667757786,8,1.0,1.0,1.0,64.0,64.0,0.044708829998853616,0.044708829998853616,1.0,1.0,1.0,64.0,64.0,0.044708829998853616,0.044708829998853616,1.0,1.0,1.0,64.0,64.0,0.044708829998853616,0.044708829998853616,1.0,1.0,1.0,64.0,64.0,0.044708829998853616,0.044708829998853616,0.24999999999999994
15,16,13625,genetic_cfe,Budget-matched genetic CFE,11,20125840,27125840,,none_generator_only,512,disease_to_no_disease,near_boundary,1,0,0.8841369152069092,2.03220272064209,10,10,1.0,1.0,1.0,1.0,1.0,1.0,0.05041365697979927,0.5611111111111111,0.04631616175174713,0.5134499580596975,0.5134499580596975,0.0,0.14,0.8787878787878788,0.8787878787878788,81,1.0,7.375338077545166,3.173466205596924,1.0,1.0,1.0,1.0,0.869919502689433,0.42242599400015024,0.42242599400015024,0.42242599400015024,0.04224259940001503,512,1212.0466241947647,8,1.0,1.0,1.0,64.0,64.0,0.04285774600066361,0.04285774600066361,1.0,1.0,1.0,64.0,64.0,0.04285774600066361,0.04285774600066361,1.0,1.0,1.0,64.0,64.0,0.04285774600066361,0.04285774600066361,1.0,1.0,1.0,64.0,64.0,0.04285774600066361,0.04285774600066361,0.5611111111111111
15,16,13625,dice_gradient_style,Custom DiCE-style gradient,11,20125840,27125840,,none_generator_only,512,disease_to_no_disease,near_boundary,1,0,0.8841369152069092,2.03220272064209,1,1,1.0,1.0,0.1,0.1,1.0,0.0,0.058426983654499054,0.05555555555555558,0.0,0.4428383637283781,0.4428383637283781,0.0,0.0,1.0,1.0,65,1.0,11.512933731079102,11.512933731079102,1.0,1.0,0.1,0.0,0.9850446428571429,0.11964750300103333,0.11964750300103333,,0.11964750300103333,512,4279.236817801188,1,1.0,1.0,1.0,512.0,512.0,0.11964750300103333,0.11964750300103333,0.0,,1.0,,512.0,,0.11964750300103333,0.0,,1.0,,512.0,,0.11964750300103333,0.0,,1.0,,512.0,,0.11964750300103333,0.05555555555555558
15,16,13625,wachter_style,Custom Wachter-style gradient,11,20125840,27125840,,none_generator_only,512,disease_to_no_disease,near_boundary,1,0,0.8841369152069092,2.03220272064209,1,1,1.0,1.0,0.1,0.1,1.0,0.0,0.05751786381006241,0.0,0.0,0.44868363699508973,0.44868363699508973,0.0,0.0,1.0,1.0,65,1.0,10.96718978881836,10.96718978881836,1.0,1.0,0.1,0.0,0.9890756302521009,0.1104973980000068,0.1104973980000068,,0.1104973980000068,512,4633.593272485643,1,1.0,1.0,1.0,512.0,512.0,0.1104973980000068,0.1104973980000068,0.0,,1.0,,512.0,,0.1104973980000068,0.0,,1.0,,512.0,,0.1104973980000068,0.0,,1.0,,512.0,,0.1104973980000068,0.0
16,16,14110,uniform_random,Uniform constrained random,11,21125843,28125843,,none_generator_only,512,disease_to_no_disease,near_boundary,1,0,0.5744200944900513,0.29990828037261963,10,10,1.0,1.0,1.0,1.0,1.0,1.0,0.06748845428228378,0.33333333333333337,0.09704563021659851,0.6424185676001672,0.6424185676001672,0.0,0.0,0.8787878787878788,0.8787878787878788,81,1.0,9.00289249420166,1.960522174835205,1.0,1.0,1.0,1.0,0.9521154308654308,0.3892304809996858,0.3892304809996858,0.3892304809996858,0.038923048099968584,512,1315.4159938476485,8,1.0,1.0,1.0,64.0,64.0,0.04762360600034299,0.04762360600034299,1.0,1.0,1.0,64.0,64.0,0.04762360600034299,0.04762360600034299,1.0,1.0,1.0,64.0,64.0,0.04762360600034299,0.04762360600034299,1.0,1.0,1.0,64.0,64.0,0.04762360600034299,0.04762360600034299,0.33333333333333337
16,16,14110,genetic_cfe,Budget-matched genetic CFE,11,21125843,28125843,,none_generator_only,512,disease_to_no_disease,near_boundary,1,0,0.5744200944900513,0.29990828037261963,10,10,1.0,1.0,1.0,1.0,1.0,1.0,0.043850816786289215,0.538888888888889,0.04850178211927414,0.5868954106582788,0.5868954106582788,0.0,0.0,0.8484848484848485,0.8484848484848485,81,1.0,6.523557186126709,1.387010097503662,1.0,1.0,1.0,1.0,0.9108654644074538,0.42747500500081514,0.42747500500081514,0.42747500500081514,0.04274750050008151,512,1197.730847442235,8,1.0,1.0,1.0,64.0,64.0,0.0441567230009241,0.0441567230009241,1.0,1.0,1.0,64.0,64.0,0.0441567230009241,0.0441567230009241,1.0,1.0,1.0,64.0,64.0,0.0441567230009241,0.0441567230009241,1.0,1.0,1.0,64.0,64.0,0.0441567230009241,0.0441567230009241,0.538888888888889
16,16,14110,dice_gradient_style,Custom DiCE-style gradient,11,21125843,28125843,,none_generator_only,512,disease_to_no_disease,near_boundary,1,0,0.5744200944900513,0.29990828037261963,1,1,1.0,1.0,0.1,0.1,1.0,0.0,0.03492194786667824,0.2777777777777778,0.0,0.45728448569936175,0.45728448569936175,0.0,0.0,0.8846153846153846,0.8846153846153846,65,1.0,10.367827415466309,10.367827415466309,1.0,1.0,0.1,0.0,0.9503571428571429,0.11901170599958277,0.11901170599958277,,0.11901170599958277,512,4302.097812141227,1,1.0,1.0,1.0,512.0,512.0,0.11901170599958277,0.11901170599958277,0.0,,1.0,,512.0,,0.11901170599958277,0.0,,1.0,,512.0,,0.11901170599958277,0.0,,1.0,,512.0,,0.11901170599958277,0.2777777777777778
16,16,14110,wachter_style,Custom Wachter-style gradient,11,21125843,28125843,,none_generator_only,512,disease_to_no_disease,near_boundary,1,0,0.5744200944900513,0.29990828037261963,1,1,1.0,1.0,0.1,0.1,1.0,0.0,0.03607169911265373,0.16666666666666663,0.0,0.45534915826214223,0.45534915826214223,0.0,0.0,0.8846153846153846,0.8846153846153846,65,1.0,10.267131805419922,10.267131805419922,1.0,1.0,0.1,0.0,1.0,0.10568478400091408,0.10568478400091408,,0.10568478400091408,512,4844.59522570034,1,1.0,1.0,1.0,512.0,512.0,0.10568478400091408,0.10568478400091408,0.0,,1.0,,512.0,,0.10568478400091408,0.0,,1.0,,512.0,,0.10568478400091408,0.0,,1.0,,512.0,,0.10568478400091408,0.16666666666666663
17,20,15664,uniform_random,Uniform constrained random,11,22125846,29125846,,none_generator_only,512,disease_to_no_disease,near_boundary,1,0,0.5968952178955078,0.39254510402679443,10,10,1.0,1.0,1.0,1.0,1.0,1.0,0.07181082665920258,0.2611111111111111,0.1027488186955452,0.5827246843093477,0.5827246843093477,0.0,0.1,0.6666666666666666,0.6666666666666666,81,1.0,5.377519130706787,0.6167411804199219,0.925,0.7,0.7,0.0,0.943044187613153,0.39900958399994124,0.39900958399994124,0.39900958399994124,0.03990095839999412,512,1283.177198069697,8,1.0,1.0,1.0,64.0,64.0,0.044952147000003606,0.044952147000003606,1.0,1.0,1.0,64.0,64.0,0.044952147000003606,0.044952147000003606,1.0,1.0,1.0,64.0,64.0,0.044952147000003606,0.044952147000003606,1.0,1.0,1.0,64.0,64.0,0.044952147000003606,0.044952147000003606,0.2611111111111111
17,20,15664,genetic_cfe,Budget-matched genetic CFE,11,22125846,29125846,,none_generator_only,512,disease_to_no_disease,near_boundary,1,0,0.5968952178955078,0.39254510402679443,10,10,1.0,1.0,1.0,1.0,1.0,1.0,0.055256377905607224,0.5055555555555555,0.05962769687175751,0.5258191686765131,0.5258191686765131,0.0,0.02,0.8484848484848485,0.8484848484848485,81,1.0,8.671605110168457,3.120363712310791,1.0,1.0,1.0,1.0,0.9038027470540257,0.4371181220012659,0.4371181220012659,0.4371181220012659,0.043711812200126585,512,1171.3081069618004,8,1.0,1.0,1.0,64.0,64.0,0.042448181000509067,0.042448181000509067,1.0,1.0,1.0,64.0,64.0,0.042448181000509067,0.042448181000509067,1.0,1.0,1.0,64.0,64.0,0.042448181000509067,0.042448181000509067,1.0,1.0,1.0,64.0,64.0,0.042448181000509067,0.042448181000509067,0.5055555555555555
17,20,15664,dice_gradient_style,Custom DiCE-style gradient,11,22125846,29125846,,none_generator_only,512,disease_to_no_disease,near_boundary,1,0,0.5968952178955078,0.39254510402679443,1,1,1.0,1.0,0.1,0.1,1.0,0.0,0.03912341594696045,0.11111111111111116,0.0,0.3903838191805894,0.3903838191805894,0.0,0.0,0.8461538461538461,0.8461538461538461,65,1.0,9.587586402893066,9.587586402893066,1.0,1.0,0.1,0.0,0.9959677419354839,0.11461562099975708,0.11461562099975708,,0.11461562099975708,512,4467.104880940139,1,1.0,1.0,1.0,512.0,512.0,0.11461562099975708,0.11461562099975708,0.0,,1.0,,512.0,,0.11461562099975708,0.0,,1.0,,512.0,,0.11461562099975708,0.0,,1.0,,512.0,,0.11461562099975708,0.11111111111111116
17,20,15664,wachter_style,Custom Wachter-style gradient,11,22125846,29125846,,none_generator_only,512,disease_to_no_disease,near_boundary,1,0,0.5968952178955078,0.39254510402679443,1,1,1.0,1.0,0.1,0.1,1.0,0.0,0.03888567537069321,0.11111111111111116,0.0,0.39287331968250133,0.39287331968250133,0.0,0.0,0.8461538461538461,0.8461538461538461,65,1.0,9.61119556427002,9.61119556427002,1.0,1.0,0.1,0.0,0.9959677419354839,0.1119845510002051,0.1119845510002051,,0.1119845510002051,512,4572.059229840215,1,1.0,1.0,1.0,512.0,512.0,0.1119845510002051,0.1119845510002051,0.0,,1.0,,512.0,,0.1119845510002051,0.0,,1.0,,512.0,,0.1119845510002051,0.0,,1.0,,512.0,,0.1119845510002051,0.11111111111111116
18,20,15767,uniform_random,Uniform constrained random,11,23125849,30125849,,none_generator_only,512,disease_to_no_disease,near_boundary,1,0,0.8000649213790894,1.38670015335083,10,10,1.0,1.0,1.0,1.0,1.0,1.0,0.08030609041452408,0.22777777777777777,0.1178717091679573,0.5581178227344848,0.5581178227344848,0.0,0.02,0.8181818181818182,0.8181818181818182,81,1.0,4.994569778442383,1.4606976509094238,1.0,1.0,1.0,1.0,0.9569060663914322,0.3879303339999751,0.3879303339999751,0.3879303339999751,0.03879303339999751,512,1319.8246054149322,8,1.0,1.0,1.0,64.0,64.0,0.04456153699902643,0.04456153699902643,1.0,1.0,1.0,64.0,64.0,0.04456153699902643,0.04456153699902643,1.0,1.0,1.0,64.0,64.0,0.04456153699902643,0.04456153699902643,1.0,1.0,1.0,64.0,64.0,0.04456153699902643,0.04456153699902643,0.22777777777777777
18,20,15767,genetic_cfe,Budget-matched genetic CFE,11,23125849,30125849,,none_generator_only,512,disease_to_no_disease,near_boundary,1,0,0.8000649213790894,1.38670015335083,10,10,1.0,1.0,1.0,1.0,1.0,1.0,0.06496293097734451,0.39444444444444443,0.07644046097993851,0.49782589112375053,0.49782589112375053,0.0,0.02,0.8484848484848485,0.8484848484848485,81,1.0,8.577741622924805,2.2003397941589355,1.0,1.0,1.0,1.0,0.9166001490563846,0.4257835230000637,0.4257835230000637,0.4257835230000637,0.042578352300006374,512,1202.4889934501373,8,1.0,1.0,1.0,64.0,64.0,0.04510866800046642,0.04510866800046642,1.0,1.0,1.0,64.0,64.0,0.04510866800046642,0.04510866800046642,1.0,1.0,1.0,64.0,64.0,0.04510866800046642,0.04510866800046642,1.0,1.0,1.0,64.0,64.0,0.04510866800046642,0.04510866800046642,0.39444444444444443
18,20,15767,dice_gradient_style,Custom DiCE-style gradient,11,23125849,30125849,,none_generator_only,512,disease_to_no_disease,near_boundary,1,0,0.8000649213790894,1.38670015335083,1,1,1.0,1.0,0.1,0.1,1.0,0.0,0.04206143319606781,0.11111111111111116,0.0,0.40143249438465023,0.40143249438465023,0.0,0.0,0.8846153846153846,0.8846153846153846,65,1.0,9.820655822753906,9.820655822753906,1.0,1.0,0.1,0.0,0.9919354838709677,0.11709533099929104,0.11709533099929104,,0.11709533099929104,512,4372.505680889189,1,1.0,1.0,1.0,512.0,512.0,0.11709533099929104,0.11709533099929104,0.0,,1.0,,512.0,,0.11709533099929104,0.0,,1.0,,512.0,,0.11709533099929104,0.0,,1.0,,512.0,,0.11709533099929104,0.11111111111111116
18,20,15767,wachter_style,Custom Wachter-style gradient,11,23125849,30125849,,none_generator_only,512,disease_to_no_disease,near_boundary,1,0,0.8000649213790894,1.38670015335083,1,1,1.0,1.0,0.1,0.1,1.0,0.0,0.044392190873622894,0.11111111111111116,0.0,0.40810961101496457,0.40810961101496457,0.0,0.0,0.8461538461538461,0.8461538461538461,65,1.0,9.827680587768555,9.827680587768555,1.0,1.0,0.1,0.0,0.9852941176470589,0.10430246699979762,0.10430246699979762,,0.10430246699979762,512,4908.800479292531,1,1.0,1.0,1.0,512.0,512.0,0.10430246699979762,0.10430246699979762,0.0,,1.0,,512.0,,0.10430246699979762,0.0,,1.0,,512.0,,0.10430246699979762,0.0,,1.0,,512.0,,0.10430246699979762,0.11111111111111116
19,20,15866,uniform_random,Uniform constrained random,11,24125852,31125852,,none_generator_only,512,disease_to_no_disease,near_boundary,1,0,0.6496039032936096,0.6172986030578613,10,10,1.0,1.0,1.0,1.0,1.0,1.0,0.06986236572265625,0.2944444444444444,0.10189872235059738,0.5677872068209425,0.5677872068209425,0.0,0.04,0.9090909090909091,0.9090909090909091,81,1.0,4.503643035888672,0.4393196105957031,0.875,0.7,0.7,0.0,0.9294417889017564,0.3811047189992678,0.3811047189992678,0.3811047189992678,0.03811047189992678,512,1343.4627662035948,8,1.0,1.0,1.0,64.0,64.0,0.045921130000351695,0.045921130000351695,1.0,1.0,1.0,64.0,64.0,0.045921130000351695,0.045921130000351695,1.0,1.0,1.0,64.0,64.0,0.045921130000351695,0.045921130000351695,1.0,1.0,1.0,64.0,64.0,0.045921130000351695,0.045921130000351695,0.2944444444444444
19,20,15866,genetic_cfe,Budget-matched genetic CFE,11,24125852,31125852,,none_generator_only,512,disease_to_no_disease,near_boundary,1,0,0.6496039032936096,0.6172986030578613,10,10,1.0,1.0,1.0,1.0,1.0,1.0,0.06543972343206406,0.49444444444444446,0.07910745590925217,0.6045426285793506,0.6045426285793506,0.0,0.0,0.8484848484848485,0.8484848484848485,81,1.0,7.287489891052246,3.2250442504882812,1.0,1.0,1.0,1.0,0.8709712497890078,0.46391103800124256,0.46391103800124256,0.46391103800124256,0.046391103800124255,512,1103.6598788551107,8,1.0,1.0,1.0,64.0,64.0,0.05097895500148297,0.05097895500148297,1.0,1.0,1.0,64.0,64.0,0.05097895500148297,0.05097895500148297,1.0,1.0,1.0,64.0,64.0,0.05097895500148297,0.05097895500148297,1.0,1.0,1.0,64.0,64.0,0.05097895500148297,0.05097895500148297,0.49444444444444446
19,20,15866,dice_gradient_style,Custom DiCE-style gradient,11,24125852,31125852,,none_generator_only,512,disease_to_no_disease,near_boundary,1,0,0.6496039032936096,0.6172986030578613,1,1,1.0,1.0,0.1,0.1,1.0,0.0,0.03967336565256119,0.11111111111111116,0.0,0.440839786916566,0.440839786916566,0.0,0.0,0.9615384615384616,0.9615384615384616,65,1.0,9.659646987915039,9.659646987915039,1.0,1.0,0.1,0.0,1.0,0.11659030499868095,0.11659030499868095,,0.11659030499868095,512,4391.445755337826,1,1.0,1.0,1.0,512.0,512.0,0.11659030499868095,0.11659030499868095,0.0,,1.0,,512.0,,0.11659030499868095,0.0,,1.0,,512.0,,0.11659030499868095,0.0,,1.0,,512.0,,0.11659030499868095,0.11111111111111116
19,20,15866,wachter_style,Custom Wachter-style gradient,11,24125852,31125852,,none_generator_only,512,disease_to_no_disease,near_boundary,1,0,0.6496039032936096,0.6172986030578613,1,1,1.0,1.0,0.1,0.1,1.0,0.0,0.040136974304914474,0.11111111111111116,0.0,0.44181484767725665,0.44181484767725665,0.0,0.0,0.9615384615384616,0.9615384615384616,65,1.0,9.697307586669922,9.697307586669922,1.0,1.0,0.1,0.0,1.0,0.10648971099908522,0.10648971099908522,,0.10648971099908522,512,4807.976237294871,1,1.0,1.0,1.0,512.0,512.0,0.10648971099908522,0.10648971099908522,0.0,,1.0,,512.0,,0.10648971099908522,0.0,,1.0,,512.0,,0.10648971099908522,0.0,,1.0,,512.0,,0.10648971099908522,0.11111111111111116
20,20,16083,uniform_random,Uniform constrained random,11,25125855,32125855,,none_generator_only,512,disease_to_no_disease,near_boundary,1,0,0.6583917140960693,0.6561353206634521,10,10,1.0,1.0,1.0,1.0,1.0,1.0,0.06876657903194427,0.23888888888888887,0.09956104308366776,0.5452932294154872,0.5452932294154872,0.0,0.0,0.7575757575757576,0.7575757575757576,81,1.0,4.613221645355225,0.7963070869445801,0.975,0.8,0.8,0.0,0.9601941146780583,0.39479947200015886,0.39479947200015886,0.39479947200015886,0.03947994720001589,512,1296.860903602713,8,1.0,1.0,1.0,64.0,64.0,0.04558871100016404,0.04558871100016404,1.0,1.0,1.0,64.0,64.0,0.04558871100016404,0.04558871100016404,1.0,1.0,1.0,64.0,64.0,0.04558871100016404,0.04558871100016404,1.0,1.0,1.0,64.0,64.0,0.04558871100016404,0.04558871100016404,0.23888888888888887
20,20,16083,genetic_cfe,Budget-matched genetic CFE,11,25125855,32125855,,none_generator_only,512,disease_to_no_disease,near_boundary,1,0,0.6583917140960693,0.6561353206634521,10,10,1.0,1.0,1.0,1.0,1.0,1.0,0.06472112983465195,0.40555555555555556,0.08541102707386017,0.6028109914240704,0.6028109914240704,0.0,0.0,0.8181818181818182,0.8181818181818182,81,1.0,7.305903434753418,1.0531468391418457,1.0,1.0,1.0,1.0,0.947597383978475,0.4244577619992924,0.4244577619992924,0.4244577619992924,0.042445776199929244,512,1206.2448748454117,8,1.0,1.0,1.0,64.0,64.0,0.041827495999314124,0.041827495999314124,1.0,1.0,1.0,64.0,64.0,0.041827495999314124,0.041827495999314124,1.0,1.0,1.0,64.0,64.0,0.041827495999314124,0.041827495999314124,1.0,1.0,1.0,64.0,64.0,0.041827495999314124,0.041827495999314124,0.40555555555555556
20,20,16083,dice_gradient_style,Custom DiCE-style gradient,11,25125855,32125855,,none_generator_only,512,disease_to_no_disease,near_boundary,1,0,0.6583917140960693,0.6561353206634521,1,1,1.0,1.0,0.1,0.1,1.0,0.0,0.03971053287386894,0.11111111111111116,0.0,0.45844722074644634,0.45844722074644634,0.0,0.0,0.8846153846153846,0.8846153846153846,65,1.0,9.865861892700195,9.865861892700195,1.0,1.0,0.1,0.0,0.9879032258064516,0.11591826400035643,0.11591826400035643,,0.11591826400035643,512,4416.905346325974,1,1.0,1.0,1.0,512.0,512.0,0.11591826400035643,0.11591826400035643,0.0,,1.0,,512.0,,0.11591826400035643,0.0,,1.0,,512.0,,0.11591826400035643,0.0,,1.0,,512.0,,0.11591826400035643,0.11111111111111116
20,20,16083,wachter_style,Custom Wachter-style gradient,11,25125855,32125855,,none_generator_only,512,disease_to_no_disease,near_boundary,1,0,0.6583917140960693,0.6561353206634521,1,1,1.0,1.0,0.1,0.1,1.0,0.0,0.04059726744890213,0.11111111111111116,0.0,0.45748161220601474,0.45748161220601474,0.0,0.0,0.8846153846153846,0.8846153846153846,65,1.0,9.963123321533203,9.963123321533203,1.0,1.0,0.1,0.0,1.0,0.10761145300057251,0.10761145300057251,,0.10761145300057251,512,4757.857883373028,1,1.0,1.0,1.0,512.0,512.0,0.10761145300057251,0.10761145300057251,0.0,,1.0,,512.0,,0.10761145300057251,0.0,,1.0,,512.0,,0.10761145300057251,0.0,,1.0,,512.0,,0.10761145300057251,0.11111111111111116
21,20,16085,uniform_random,Uniform constrained random,11,26125858,33125858,,none_generator_only,512,disease_to_no_disease,near_boundary,1,0,0.5689008235931396,0.2773679494857788,10,10,1.0,1.0,1.0,1.0,1.0,1.0,0.07738407701253891,0.26111111111111107,0.1090073511004448,0.5809816127930908,0.5809816127930908,0.0,0.0,0.7272727272727273,0.7272727272727273,81,1.0,2.9744925498962402,0.33318281173706055,0.975,0.8,0.8,0.0,0.9486770972158964,0.3896520969992707,0.3896520969992707,0.3896520969992707,0.038965209699927075,512,1313.9926717780716,8,1.0,1.0,1.0,64.0,64.0,0.04451083599997219,0.04451083599997219,1.0,1.0,1.0,64.0,64.0,0.04451083599997219,0.04451083599997219,1.0,1.0,1.0,64.0,64.0,0.04451083599997219,0.04451083599997219,1.0,1.0,1.0,64.0,64.0,0.04451083599997219,0.04451083599997219,0.26111111111111107
21,20,16085,genetic_cfe,Budget-matched genetic CFE,11,26125858,33125858,,none_generator_only,512,disease_to_no_disease,near_boundary,1,0,0.5689008235931396,0.2773679494857788,10,10,1.0,1.0,1.0,1.0,1.0,1.0,0.057968754321336746,0.5166666666666666,0.07340305298566818,0.5243263160364044,0.5243263160364044,0.0,0.12000000000000002,0.8484848484848485,0.8484848484848485,81,1.0,6.045372009277344,1.6340022087097168,1.0,1.0,1.0,1.0,0.891461773791411,0.43087999999988824,0.43087999999988824,0.43087999999988824,0.04308799999998882,512,1188.2658744897253,8,1.0,1.0,1.0,64.0,64.0,0.045272981999005424,0.045272981999005424,1.0,1.0,1.0,64.0,64.0,0.045272981999005424,0.045272981999005424,1.0,1.0,1.0,64.0,64.0,0.045272981999005424,0.045272981999005424,1.0,1.0,1.0,64.0,64.0,0.045272981999005424,0.045272981999005424,0.5166666666666666
21,20,16085,dice_gradient_style,Custom DiCE-style gradient,11,26125858,33125858,,none_generator_only,512,disease_to_no_disease,near_boundary,1,0,0.5689008235931396,0.2773679494857788,1,1,1.0,1.0,0.1,0.1,1.0,0.0,0.038926515728235245,0.16666666666666663,0.0,0.44504606225021737,0.44504606225021737,0.0,0.0,0.9230769230769231,0.9230769230769231,65,1.0,10.050141334533691,10.050141334533691,1.0,1.0,0.1,0.0,0.9585650723025585,0.11853966599846899,0.11853966599846899,,0.11853966599846899,512,4319.229311871123,1,1.0,1.0,1.0,512.0,512.0,0.11853966599846899,0.11853966599846899,0.0,,1.0,,512.0,,0.11853966599846899,0.0,,1.0,,512.0,,0.11853966599846899,0.0,,1.0,,512.0,,0.11853966599846899,0.16666666666666663
21,20,16085,wachter_style,Custom Wachter-style gradient,11,26125858,33125858,,none_generator_only,512,disease_to_no_disease,near_boundary,1,0,0.5689008235931396,0.2773679494857788,1,1,1.0,1.0,0.1,0.1,1.0,0.0,0.03831445425748825,0.11111111111111116,0.0,0.4444353251376132,0.4444353251376132,0.0,0.0,0.9230769230769231,0.9230769230769231,65,1.0,9.864185333251953,9.864185333251953,1.0,1.0,0.1,0.0,0.9926470588235294,0.11757727200165391,0.11757727200165391,,0.11757727200165391,512,4354.583086370621,1,1.0,1.0,1.0,512.0,512.0,0.11757727200165391,0.11757727200165391,0.0,,1.0,,512.0,,0.11757727200165391,0.0,,1.0,,512.0,,0.11757727200165391,0.0,,1.0,,512.0,,0.11757727200165391,0.11111111111111116
22,26,16316,uniform_random,Uniform constrained random,11,27125861,34125861,,none_generator_only,512,disease_to_no_disease,near_boundary,1,0,0.9802375435829163,3.9040110111236572,10,10,1.0,1.0,1.0,1.0,1.0,1.0,0.09319628775119781,0.19999999999999996,0.13108590245246887,0.5733556153332904,0.5733556153332904,0.0,0.08,0.9090909090909091,0.9090909090909091,81,1.0,5.708193778991699,1.3367877006530762,1.0,1.0,1.0,1.0,0.9682097463486883,0.3821879490005813,0.3821879490005813,0.3821879490005813,0.038218794900058126,512,1339.6550083247687,8,1.0,1.0,1.0,64.0,64.0,0.04587593900032516,0.04587593900032516,1.0,1.0,1.0,64.0,64.0,0.04587593900032516,0.04587593900032516,1.0,1.0,1.0,64.0,64.0,0.04587593900032516,0.04587593900032516,1.0,1.0,1.0,64.0,64.0,0.04587593900032516,0.04587593900032516,0.19999999999999996
22,26,16316,genetic_cfe,Budget-matched genetic CFE,11,27125861,34125861,,none_generator_only,512,disease_to_no_disease,near_boundary,1,0,0.9802375435829163,3.9040110111236572,10,10,1.0,1.0,1.0,1.0,1.0,1.0,0.07334718108177185,0.3944444444444445,0.0866646021604538,0.5380541023211558,0.5380541023211558,0.0,0.0,0.8484848484848485,0.8484848484848485,81,1.0,6.216828346252441,1.1575331687927246,1.0,1.0,1.0,1.0,0.9353905594257425,0.4138509429994883,0.4138509429994883,0.4138509429994883,0.041385094299948834,512,1237.1604043937941,8,1.0,1.0,1.0,64.0,64.0,0.04155073399851972,0.04155073399851972,1.0,1.0,1.0,64.0,64.0,0.04155073399851972,0.04155073399851972,1.0,1.0,1.0,64.0,64.0,0.04155073399851972,0.04155073399851972,1.0,1.0,1.0,64.0,64.0,0.04155073399851972,0.04155073399851972,0.3944444444444445
22,26,16316,dice_gradient_style,Custom DiCE-style gradient,11,27125861,34125861,,none_generator_only,512,disease_to_no_disease,near_boundary,1,0,0.9802375435829163,3.9040110111236572,2,2,1.0,1.0,0.2,0.2,1.0,0.0,0.06749607622623444,0.05555555555555558,0.03508118912577629,0.42100307386117564,0.42100307386117564,0.0,0.1,0.8076923076923077,0.8076923076923077,65,1.0,10.766412734985352,10.509818077087402,1.0,1.0,0.2,0.0,0.9982142857142857,0.11791333700057294,0.11791333700057294,,0.05895666850028647,512,4342.172081835935,1,1.0,1.0,1.0,512.0,512.0,0.11791333700057294,0.11791333700057294,0.0,,1.0,,512.0,,0.11791333700057294,0.0,,1.0,,512.0,,0.11791333700057294,0.0,,1.0,,512.0,,0.11791333700057294,0.05555555555555558
22,26,16316,wachter_style,Custom Wachter-style gradient,11,27125861,34125861,,none_generator_only,512,disease_to_no_disease,near_boundary,1,0,0.9802375435829163,3.9040110111236572,2,2,1.0,1.0,0.2,0.2,1.0,0.0,0.06778178364038467,0.05555555555555558,0.025431418791413307,0.4199480664027955,0.4199480664027955,0.0,0.1,0.8461538461538461,0.8461538461538461,65,1.0,10.87767219543457,10.716789245605469,1.0,1.0,0.2,0.0,0.9982142857142857,0.10527160099991306,0.10527160099991306,,0.05263580049995653,512,4863.609892286361,1,1.0,1.0,1.0,512.0,512.0,0.10527160099991306,0.10527160099991306,0.0,,1.0,,512.0,,0.10527160099991306,0.0,,1.0,,512.0,,0.10527160099991306,0.0,,1.0,,512.0,,0.10527160099991306,0.05555555555555558
23,26,16555,uniform_random,Uniform constrained random,11,28125864,35125864,,none_generator_only,512,disease_to_no_disease,near_boundary,1,0,0.9914162755012512,4.749266624450684,10,10,1.0,1.0,1.0,1.0,1.0,1.0,0.092575803399086,0.21666666666666665,0.11117839068174362,0.6797745172203074,0.6797745172203074,0.0,0.16,0.8787878787878788,0.8787878787878788,81,1.0,5.311028480529785,0.24911880493164062,0.925,0.8,0.8,0.0,0.9667985243009577,0.37081566900087637,0.37081566900087637,0.37081566900087637,0.03708156690008764,512,1380.739927683018,8,1.0,1.0,1.0,64.0,64.0,0.04350060200158623,0.04350060200158623,1.0,1.0,1.0,64.0,64.0,0.04350060200158623,0.04350060200158623,1.0,1.0,1.0,64.0,64.0,0.04350060200158623,0.04350060200158623,1.0,1.0,1.0,64.0,64.0,0.04350060200158623,0.04350060200158623,0.21666666666666665
23,26,16555,genetic_cfe,Budget-matched genetic CFE,11,28125864,35125864,,none_generator_only,512,disease_to_no_disease,near_boundary,1,0,0.9914162755012512,4.749266624450684,10,10,1.0,1.0,1.0,1.0,1.0,1.0,0.07252489030361176,0.42777777777777776,0.07567582279443741,0.6682212523242225,0.6682212523242225,0.0,0.36000000000000004,0.8787878787878788,0.8787878787878788,81,1.0,7.304060935974121,0.4941215515136719,0.9625,0.9,0.9,0.0,0.912030373230888,0.4193311779999931,0.4193311779999931,0.4193311779999931,0.04193311779999931,512,1220.9919673561894,8,1.0,1.0,1.0,64.0,64.0,0.04198100599933241,0.04198100599933241,1.0,1.0,1.0,64.0,64.0,0.04198100599933241,0.04198100599933241,1.0,1.0,1.0,64.0,64.0,0.04198100599933241,0.04198100599933241,1.0,1.0,1.0,64.0,64.0,0.04198100599933241,0.04198100599933241,0.42777777777777776
23,26,16555,dice_gradient_style,Custom DiCE-style gradient,11,28125864,35125864,,none_generator_only,512,disease_to_no_disease,near_boundary,1,0,0.9914162755012512,4.749266624450684,1,1,1.0,1.0,0.1,0.1,1.0,0.0,0.07286832481622696,0.0,0.0,0.592954698078634,0.592954698078634,0.0,0.4,0.9230769230769231,0.9230769230769231,65,1.0,10.747125625610352,10.747125625610352,1.0,1.0,0.1,0.0,1.0,0.11648643700027606,0.11648643700027606,,0.11648643700027606,512,4395.361496023667,1,1.0,1.0,1.0,512.0,512.0,0.11648643700027606,0.11648643700027606,0.0,,1.0,,512.0,,0.11648643700027606,0.0,,1.0,,512.0,,0.11648643700027606,0.0,,1.0,,512.0,,0.11648643700027606,0.0
23,26,16555,wachter_style,Custom Wachter-style gradient,11,28125864,35125864,,none_generator_only,512,disease_to_no_disease,near_boundary,1,0,0.9914162755012512,4.749266624450684,1,1,1.0,1.0,0.1,0.1,1.0,0.0,0.07349107414484024,0.0,0.0,0.5948686527290412,0.5948686527290412,0.0,0.4,0.9230769230769231,0.9230769230769231,65,1.0,10.764192581176758,10.764192581176758,1.0,1.0,0.1,0.0,1.0,0.10372396500133618,0.10372396500133618,,0.10372396500133618,512,4936.178442401468,1,1.0,1.0,1.0,512.0,512.0,0.10372396500133618,0.10372396500133618,0.0,,1.0,,512.0,,0.10372396500133618,0.0,,1.0,,512.0,,0.10372396500133618,0.0,,1.0,,512.0,,0.10372396500133618,0.0
24,26,16567,uniform_random,Uniform constrained random,11,29125867,36125867,,none_generator_only,512,disease_to_no_disease,near_boundary,1,0,0.941002368927002,2.7694482803344727,10,10,1.0,1.0,1.0,1.0,1.0,1.0,0.08431082218885422,0.25,0.11767775565385818,0.5725780899824077,0.5725780899824077,0.1,0.13999999999999999,0.8787878787878788,0.8787878787878788,81,1.0,4.25411319732666,0.2275071144104004,0.975,0.9,0.9,0.0,0.9662432134475589,0.4409263159996044,0.4409263159996044,0.4409263159996044,0.04409263159996044,512,1161.1917488736585,8,1.0,1.0,1.0,64.0,64.0,0.04574604899971746,0.04574604899971746,1.0,1.0,1.0,64.0,64.0,0.04574604899971746,0.04574604899971746,1.0,1.0,1.0,64.0,64.0,0.04574604899971746,0.04574604899971746,1.0,1.0,1.0,64.0,64.0,0.04574604899971746,0.04574604899971746,0.25
24,26,16567,genetic_cfe,Budget-matched genetic CFE,11,29125867,36125867,,none_generator_only,512,disease_to_no_disease,near_boundary,1,0,0.941002368927002,2.7694482803344727,10,10,1.0,1.0,1.0,1.0,1.0,1.0,0.06133922189474106,0.4333333333333333,0.07787813246250153,0.49738615016676874,0.49738615016676874,0.0,0.0,0.8181818181818182,0.8181818181818182,81,1.0,5.172122001647949,0.9563212394714355,1.0,1.0,1.0,1.0,0.9347695963992235,0.4183319189996837,0.4183319189996837,0.4183319189996837,0.04183319189996837,512,1223.9085203545922,8,1.0,1.0,1.0,64.0,64.0,0.044241863000934245,0.044241863000934245,1.0,1.0,1.0,64.0,64.0,0.044241863000934245,0.044241863000934245,1.0,1.0,1.0,64.0,64.0,0.044241863000934245,0.044241863000934245,1.0,1.0,1.0,64.0,64.0,0.044241863000934245,0.044241863000934245,0.4333333333333333
24,26,16567,dice_gradient_style,Custom DiCE-style gradient,11,29125867,36125867,,none_generator_only,512,disease_to_no_disease,near_boundary,1,0,0.941002368927002,2.7694482803344727,2,2,1.0,1.0,0.2,0.2,1.0,0.0,0.06817279011011124,0.0,0.03381441533565521,0.49210679833349424,0.49210679833349424,0.0,0.0,0.8461538461538461,0.8461538461538461,65,1.0,10.041163444519043,9.62485122680664,1.0,1.0,0.2,0.0,1.0,0.11014426200017624,0.11014426200017624,,0.05507213100008812,512,4648.4491402664335,1,1.0,1.0,1.0,512.0,512.0,0.11014426200017624,0.11014426200017624,0.0,,1.0,,512.0,,0.11014426200017624,0.0,,1.0,,512.0,,0.11014426200017624,0.0,,1.0,,512.0,,0.11014426200017624,0.0
24,26,16567,wachter_style,Custom Wachter-style gradient,11,29125867,36125867,,none_generator_only,512,disease_to_no_disease,near_boundary,1,0,0.941002368927002,2.7694482803344727,2,2,1.0,1.0,0.2,0.2,1.0,0.0,0.06789825856685638,0.0,0.02558174356818199,0.4948345182432188,0.4948345182432188,0.0,0.0,0.8846153846153846,0.8846153846153846,65,1.0,10.193218231201172,9.911192893981934,1.0,1.0,0.2,0.0,1.0,0.09867296099946543,0.09867296099946543,,0.049336480499732716,512,5188.85817161982,1,1.0,1.0,1.0,512.0,512.0,0.09867296099946543,0.09867296099946543,0.0,,1.0,,512.0,,0.09867296099946543,0.0,,1.0,,512.0,,0.09867296099946543,0.0,,1.0,,512.0,,0.09867296099946543,0.0
25,26,16600,uniform_random,Uniform constrained random,11,30125870,37125870,,none_generator_only,512,disease_to_no_disease,near_boundary,1,0,0.9511367678642273,2.968632698059082,10,10,1.0,1.0,1.0,1.0,1.0,1.0,0.07918604463338852,0.25555555555555554,0.1147535890340805,0.4934455525942541,0.4934455525942541,0.0,0.0,0.6666666666666666,0.6666666666666666,81,1.0,4.4269514083862305,0.9984874725341797,1.0,1.0,1.0,1.0,0.9476504546478187,0.3746174290008639,0.3746174290008639,0.3746174290008639,0.037461742900086394,512,1366.727654304678,8,1.0,1.0,1.0,64.0,64.0,0.043485975000294275,0.043485975000294275,1.0,1.0,1.0,64.0,64.0,0.043485975000294275,0.043485975000294275,1.0,1.0,1.0,64.0,64.0,0.043485975000294275,0.043485975000294275,1.0,1.0,1.0,64.0,64.0,0.043485975000294275,0.043485975000294275,0.25555555555555554
25,26,16600,genetic_cfe,Budget-matched genetic CFE,11,30125870,37125870,,none_generator_only,512,disease_to_no_disease,near_boundary,1,0,0.9511367678642273,2.968632698059082,10,10,1.0,1.0,1.0,1.0,1.0,1.0,0.06797082722187042,0.4222222222222222,0.0794386938214302,0.49493671630972774,0.49493671630972774,0.0,0.0,0.9696969696969697,0.9696969696969697,81,1.0,5.876320838928223,0.6200737953186035,0.9625,0.9,0.9,0.0,0.9437009651294549,0.42091211400111206,0.42091211400111206,0.42091211400111206,0.042091211400111204,512,1216.4059502422572,8,1.0,1.0,1.0,64.0,64.0,0.044487651000963524,0.044487651000963524,1.0,1.0,1.0,64.0,64.0,0.044487651000963524,0.044487651000963524,1.0,1.0,1.0,64.0,64.0,0.044487651000963524,0.044487651000963524,1.0,1.0,1.0,64.0,64.0,0.044487651000963524,0.044487651000963524,0.4222222222222222
25,26,16600,dice_gradient_style,Custom DiCE-style gradient,11,30125870,37125870,,none_generator_only,512,disease_to_no_disease,near_boundary,1,0,0.9511367678642273,2.968632698059082,2,2,1.0,1.0,0.2,0.2,1.0,0.0,0.06734514981508255,0.0,0.034679658710956573,0.4292472252011066,0.4292472252011066,0.0,0.2,0.8846153846153846,0.8846153846153846,65,1.0,10.597345352172852,10.342260360717773,1.0,1.0,0.2,0.0,0.9926470588235294,0.10724123600084567,0.10724123600084567,,0.05362061800042284,512,4774.28290733205,1,1.0,1.0,1.0,512.0,512.0,0.10724123600084567,0.10724123600084567,0.0,,1.0,,512.0,,0.10724123600084567,0.0,,1.0,,512.0,,0.10724123600084567,0.0,,1.0,,512.0,,0.10724123600084567,0.0
25,26,16600,wachter_style,Custom Wachter-style gradient,11,30125870,37125870,,none_generator_only,512,disease_to_no_disease,near_boundary,1,0,0.9511367678642273,2.968632698059082,2,2,1.0,1.0,0.2,0.2,1.0,0.0,0.06782840937376022,0.0,0.03446800261735916,0.4304310904653352,0.4304310904653352,0.0,0.2,0.8846153846153846,0.8846153846153846,65,1.0,10.611550331115723,10.346677780151367,1.0,1.0,0.2,0.0,1.0,0.10352982500080543,0.10352982500080543,,0.051764912500402716,512,4945.43480582544,1,1.0,1.0,1.0,512.0,512.0,0.10352982500080543,0.10352982500080543,0.0,,1.0,,512.0,,0.10352982500080543,0.0,,1.0,,512.0,,0.10352982500080543,0.0,,1.0,,512.0,,0.10352982500080543,0.0
26,102,16963,uniform_random,Uniform constrained random,11,31125873,38125873,,none_generator_only,512,disease_to_no_disease,near_boundary,1,0,0.9900404810905457,4.599216938018799,10,10,1.0,1.0,1.0,1.0,1.0,1.0,0.06795002520084381,0.25555555555555554,0.09436340630054474,0.6240359440187812,0.6240359440187812,0.0,0.02,0.7878787878787878,0.7878787878787878,81,1.0,3.738780975341797,0.7198481559753418,0.925,0.7,0.7,0.0,0.9584897167711588,0.37232168199989246,0.37232168199989246,0.37232168199989246,0.03723216819998924,512,1375.1549392714332,8,1.0,1.0,1.0,64.0,64.0,0.04469402099857689,0.04469402099857689,1.0,1.0,1.0,64.0,64.0,0.04469402099857689,0.04469402099857689,1.0,1.0,1.0,64.0,64.0,0.04469402099857689,0.04469402099857689,1.0,1.0,1.0,64.0,64.0,0.04469402099857689,0.04469402099857689,0.25555555555555554
26,102,16963,genetic_cfe,Budget-matched genetic CFE,11,31125873,38125873,,none_generator_only,512,disease_to_no_disease,near_boundary,1,0,0.9900404810905457,4.599216938018799,10,10,1.0,1.0,1.0,1.0,1.0,1.0,0.06481899321079254,0.42222222222222217,0.08425286412239075,0.6796240014083664,0.6796240014083664,0.0,0.0,0.7575757575757576,0.7575757575757576,81,1.0,7.715376853942871,0.28287267684936523,0.95,0.8,0.8,0.0,0.9373973053072022,0.43207389099916327,0.43207389099916327,0.43207389099916327,0.043207389099916324,512,1184.9825010625127,8,1.0,1.0,1.0,64.0,64.0,0.042988848999812035,0.042988848999812035,1.0,1.0,1.0,64.0,64.0,0.042988848999812035,0.042988848999812035,1.0,1.0,1.0,64.0,64.0,0.042988848999812035,0.042988848999812035,1.0,1.0,1.0,64.0,64.0,0.042988848999812035,0.042988848999812035,0.42222222222222217
26,102,16963,dice_gradient_style,Custom DiCE-style gradient,11,31125873,38125873,,none_generator_only,512,disease_to_no_disease,near_boundary,1,0,0.9900404810905457,4.599216938018799,1,1,1.0,1.0,0.1,0.1,1.0,0.0,0.05715871974825859,0.0,0.0,0.5318515585859419,0.5318515585859419,0.0,0.0,0.8846153846153846,0.8846153846153846,65,1.0,11.773518562316895,11.773518562316895,1.0,1.0,0.1,0.0,1.0,0.10847165899940592,0.10847165899940592,,0.10847165899940592,512,4720.126941202256,1,1.0,1.0,1.0,512.0,512.0,0.10847165899940592,0.10847165899940592,0.0,,1.0,,512.0,,0.10847165899940592,0.0,,1.0,,512.0,,0.10847165899940592,0.0,,1.0,,512.0,,0.10847165899940592,0.0
26,102,16963,wachter_style,Custom Wachter-style gradient,11,31125873,38125873,,none_generator_only,512,disease_to_no_disease,near_boundary,1,0,0.9900404810905457,4.599216938018799,1,1,1.0,1.0,0.1,0.1,1.0,0.0,0.05758559703826904,0.0,0.0,0.5329767939616775,0.5329767939616775,0.0,0.0,0.8846153846153846,0.8846153846153846,65,1.0,11.781213760375977,11.781213760375977,1.0,1.0,0.1,0.0,1.0,0.11173765900093713,0.11173765900093713,,0.11173765900093713,512,4582.161507390323,1,1.0,1.0,1.0,512.0,512.0,0.11173765900093713,0.11173765900093713,0.0,,1.0,,512.0,,0.11173765900093713,0.0,,1.0,,512.0,,0.11173765900093713,0.0,,1.0,,512.0,,0.11173765900093713,0.0
27,102,17054,uniform_random,Uniform constrained random,11,32125876,39125876,,none_generator_only,512,disease_to_no_disease,near_boundary,1,0,0.9872987866401672,4.353275299072266,10,10,1.0,1.0,1.0,1.0,1.0,1.0,0.07623963803052902,0.20555555555555555,0.10548564791679382,0.660602044149532,0.660602044149532,0.0,0.0,0.9090909090909091,0.9090909090909091,81,1.0,4.259934425354004,0.2013540267944336,0.9375,0.9,0.9,0.0,0.9706914258443735,0.3734472249998362,0.3734472249998362,0.3734472249998362,0.03734472249998362,512,1371.010321472397,8,1.0,1.0,1.0,64.0,64.0,0.046058132998950896,0.046058132998950896,1.0,1.0,1.0,64.0,64.0,0.046058132998950896,0.046058132998950896,1.0,1.0,1.0,64.0,64.0,0.046058132998950896,0.046058132998950896,1.0,1.0,1.0,64.0,64.0,0.046058132998950896,0.046058132998950896,0.20555555555555555
27,102,17054,genetic_cfe,Budget-matched genetic CFE,11,32125876,39125876,,none_generator_only,512,disease_to_no_disease,near_boundary,1,0,0.9872987866401672,4.353275299072266,10,10,1.0,1.0,1.0,1.0,1.0,1.0,0.05615806579589844,0.45555555555555555,0.07265659421682358,0.6390721105768681,0.6390721105768681,0.0,0.0,0.8787878787878788,0.8787878787878788,81,1.0,7.0068039894104,1.1339592933654785,1.0,1.0,1.0,1.0,0.9224823720834288,0.4144408989996009,0.4144408989996009,0.4144408989996009,0.04144408989996009,512,1235.3993084077665,8,1.0,1.0,1.0,64.0,64.0,0.043408895000538905,0.043408895000538905,1.0,1.0,1.0,64.0,64.0,0.043408895000538905,0.043408895000538905,1.0,1.0,1.0,64.0,64.0,0.043408895000538905,0.043408895000538905,1.0,1.0,1.0,64.0,64.0,0.043408895000538905,0.043408895000538905,0.45555555555555555
27,102,17054,dice_gradient_style,Custom DiCE-style gradient,11,32125876,39125876,,none_generator_only,512,disease_to_no_disease,near_boundary,1,0,0.9872987866401672,4.353275299072266,1,1,1.0,1.0,0.1,0.1,1.0,0.0,0.05662887170910835,0.0,0.0,0.5369922229440426,0.5369922229440426,0.0,0.0,0.9230769230769231,0.9230769230769231,65,1.0,12.277397155761719,12.277397155761719,1.0,1.0,0.1,0.0,1.0,0.10790067200105113,0.10790067200105113,,0.10790067200105113,512,4745.104831182259,1,1.0,1.0,1.0,512.0,512.0,0.10790067200105113,0.10790067200105113,0.0,,1.0,,512.0,,0.10790067200105113,0.0,,1.0,,512.0,,0.10790067200105113,0.0,,1.0,,512.0,,0.10790067200105113,0.0
27,102,17054,wachter_style,Custom Wachter-style gradient,11,32125876,39125876,,none_generator_only,512,disease_to_no_disease,near_boundary,1,0,0.9872987866401672,4.353275299072266,1,1,1.0,1.0,0.1,0.1,1.0,0.0,0.05675886198878288,0.0,0.0,0.5336231061818891,0.5336231061818891,0.0,0.0,0.9615384615384616,0.9615384615384616,65,1.0,12.057317733764648,12.057317733764648,1.0,1.0,0.1,0.0,1.0,0.10106477299996186,0.10106477299996186,,0.10106477299996186,512,5066.05798244056,1,1.0,1.0,1.0,512.0,512.0,0.10106477299996186,0.10106477299996186,0.0,,1.0,,512.0,,0.10106477299996186,0.0,,1.0,,512.0,,0.10106477299996186,0.0,,1.0,,512.0,,0.10106477299996186,0.0
28,102,17058,uniform_random,Uniform constrained random,11,33125879,40125879,,none_generator_only,512,disease_to_no_disease,near_boundary,1,0,0.9922777414321899,4.85589599609375,10,10,1.0,1.0,1.0,1.0,1.0,1.0,0.08913307636976242,0.22222222222222218,0.12210090458393097,0.7340861847442764,0.7340861847442764,0.0,0.08,0.8484848484848485,0.8484848484848485,81,1.0,7.5046234130859375,1.026045799255371,0.9875,0.9,0.9,0.0,0.9568937178845245,0.372905198000808,0.372905198000808,0.372905198000808,0.0372905198000808,512,1373.0031191436774,8,1.0,1.0,1.0,64.0,64.0,0.04371556400110421,0.04371556400110421,1.0,1.0,1.0,64.0,64.0,0.04371556400110421,0.04371556400110421,1.0,1.0,1.0,64.0,64.0,0.04371556400110421,0.04371556400110421,1.0,1.0,1.0,64.0,64.0,0.04371556400110421,0.04371556400110421,0.22222222222222218
28,102,17058,genetic_cfe,Budget-matched genetic CFE,11,33125879,40125879,,none_generator_only,512,disease_to_no_disease,near_boundary,1,0,0.9922777414321899,4.85589599609375,10,10,1.0,1.0,1.0,1.0,1.0,1.0,0.0636211484670639,0.4666666666666667,0.08015111088752747,0.679906318382504,0.679906318382504,0.0,0.0,0.8787878787878788,0.8787878787878788,81,1.0,10.0177583694458,3.2177042961120605,1.0,1.0,1.0,1.0,0.9171326991721728,0.42484489499838674,0.42484489499838674,0.42484489499838674,0.04248448949983867,512,1205.1457038266735,8,1.0,1.0,1.0,64.0,64.0,0.04740096999921661,0.04740096999921661,1.0,1.0,1.0,64.0,64.0,0.04740096999921661,0.04740096999921661,1.0,1.0,1.0,64.0,64.0,0.04740096999921661,0.04740096999921661,1.0,1.0,1.0,64.0,64.0,0.04740096999921661,0.04740096999921661,0.4666666666666667
28,102,17058,dice_gradient_style,Custom DiCE-style gradient,11,33125879,40125879,,none_generator_only,512,disease_to_no_disease,near_boundary,1,0,0.9922777414321899,4.85589599609375,1,1,1.0,1.0,0.1,0.1,1.0,0.0,0.05946459248661995,0.0,0.0,0.546404256606106,0.546404256606106,0.0,0.0,0.8076923076923077,0.8076923076923077,65,1.0,12.044916152954102,12.044916152954102,1.0,1.0,0.1,0.0,1.0,0.10948033999920881,0.10948033999920881,,0.10948033999920881,512,4676.638746314637,1,1.0,1.0,1.0,512.0,512.0,0.10948033999920881,0.10948033999920881,0.0,,1.0,,512.0,,0.10948033999920881,0.0,,1.0,,512.0,,0.10948033999920881,0.0,,1.0,,512.0,,0.10948033999920881,0.0
28,102,17058,wachter_style,Custom Wachter-style gradient,11,33125879,40125879,,none_generator_only,512,disease_to_no_disease,near_boundary,1,0,0.9922777414321899,4.85589599609375,1,1,1.0,1.0,0.1,0.1,1.0,0.0,0.0596894808113575,0.0,0.0,0.5468694252617609,0.5468694252617609,0.0,0.0,0.8076923076923077,0.8076923076923077,65,1.0,12.039485931396484,12.039485931396484,1.0,1.0,0.1,0.0,1.0,0.13153227499969944,0.13153227499969944,,0.13153227499969944,512,3892.5807373222274,1,1.0,1.0,1.0,512.0,512.0,0.13153227499969944,0.13153227499969944,0.0,,1.0,,512.0,,0.13153227499969944,0.0,,1.0,,512.0,,0.13153227499969944,0.0,,1.0,,512.0,,0.13153227499969944,0.0
29,102,17311,uniform_random,Uniform constrained random,11,34125882,41125882,,none_generator_only,512,disease_to_no_disease,near_boundary,1,0,0.9916933178901672,4.78235387802124,10,10,1.0,1.0,1.0,1.0,1.0,1.0,0.08570953458547592,0.20555555555555555,0.11953886598348618,0.7026872706328471,0.7026872706328471,0.0,0.02,0.7575757575757576,0.7575757575757576,81,1.0,5.839081764221191,0.3137083053588867,0.95,0.9,0.9,0.0,0.9642130055256098,0.365126168999268,0.365126168999268,0.365126168999268,0.0365126168999268,512,1402.255010653664,8,1.0,1.0,1.0,64.0,64.0,0.040927124000518234,0.040927124000518234,1.0,1.0,1.0,64.0,64.0,0.040927124000518234,0.040927124000518234,1.0,1.0,1.0,64.0,64.0,0.040927124000518234,0.040927124000518234,1.0,1.0,1.0,64.0,64.0,0.040927124000518234,0.040927124000518234,0.20555555555555555
29,102,17311,genetic_cfe,Budget-matched genetic CFE,11,34125882,41125882,,none_generator_only,512,disease_to_no_disease,near_boundary,1,0,0.9916933178901672,4.78235387802124,10,10,1.0,1.0,1.0,1.0,1.0,1.0,0.06284923851490021,0.45,0.08804105967283249,0.6721571312502895,0.6721571312502895,0.0,0.04,0.8484848484848485,0.8484848484848485,81,1.0,5.278989791870117,0.2461833953857422,0.9375,0.7,0.7,0.0,0.9199434990225894,0.4143255679991853,0.4143255679991853,0.4143255679991853,0.04143255679991853,512,1235.7431921773332,8,1.0,1.0,1.0,64.0,64.0,0.0430717729996104,0.0430717729996104,1.0,1.0,1.0,64.0,64.0,0.0430717729996104,0.0430717729996104,1.0,1.0,1.0,64.0,64.0,0.0430717729996104,0.0430717729996104,1.0,1.0,1.0,64.0,64.0,0.0430717729996104,0.0430717729996104,0.45
29,102,17311,dice_gradient_style,Custom DiCE-style gradient,11,34125882,41125882,,none_generator_only,512,disease_to_no_disease,near_boundary,1,0,0.9916933178901672,4.78235387802124,1,1,1.0,1.0,0.1,0.1,1.0,0.0,0.059116315096616745,0.0,0.0,0.540006964080108,0.540006964080108,0.0,0.0,0.8461538461538461,0.8461538461538461,65,1.0,12.218440055847168,12.218440055847168,1.0,1.0,0.1,0.0,1.0,0.11750389500048186,0.11750389500048186,,0.11750389500048186,512,4357.30236855468,1,1.0,1.0,1.0,512.0,512.0,0.11750389500048186,0.11750389500048186,0.0,,1.0,,512.0,,0.11750389500048186,0.0,,1.0,,512.0,,0.11750389500048186,0.0,,1.0,,512.0,,0.11750389500048186,0.0
29,102,17311,wachter_style,Custom Wachter-style gradient,11,34125882,41125882,,none_generator_only,512,disease_to_no_disease,near_boundary,1,0,0.9916933178901672,4.78235387802124,1,1,1.0,1.0,0.1,0.1,1.0,0.0,0.059084702283144,0.0,0.0,0.5393051114026725,0.5393051114026725,0.0,0.0,0.8076923076923077,0.8076923076923077,65,1.0,11.925785064697266,11.925785064697266,1.0,1.0,0.1,0.0,1.0,0.11135305099924153,0.11135305099924153,,0.11135305099924153,512,4597.9880695275015,1,1.0,1.0,1.0,512.0,512.0,0.11135305099924153,0.11135305099924153,0.0,,1.0,,512.0,,0.11135305099924153,0.0,,1.0,,512.0,,0.11135305099924153,0.0,,1.0,,512.0,,0.11135305099924153,0.0
30,104,19037,uniform_random,Uniform constrained random,11,35125885,42125885,,none_generator_only,512,disease_to_no_disease,near_boundary,1,0,0.9848618507385254,4.175283432006836,10,10,1.0,1.0,1.0,1.0,1.0,1.0,0.07924147695302963,0.25,0.09482432156801224,0.4812286186852349,0.4812286186852349,0.1,0.0,0.7878787878787878,0.7878787878787878,81,1.0,4.194965362548828,0.372622013092041,0.9375,0.8,0.8,0.0,0.9576854425191497,0.375470735001727,0.375470735001727,0.375470735001727,0.0375470735001727,512,1363.6215882381487,8,1.0,1.0,1.0,64.0,64.0,0.04347276500084263,0.04347276500084263,1.0,1.0,1.0,64.0,64.0,0.04347276500084263,0.04347276500084263,1.0,1.0,1.0,64.0,64.0,0.04347276500084263,0.04347276500084263,1.0,1.0,1.0,64.0,64.0,0.04347276500084263,0.04347276500084263,0.25
30,104,19037,genetic_cfe,Budget-matched genetic CFE,11,35125885,42125885,,none_generator_only,512,disease_to_no_disease,near_boundary,1,0,0.9848618507385254,4.175283432006836,10,10,1.0,1.0,1.0,1.0,1.0,1.0,0.07302066683769226,0.43888888888888894,0.07792077958583832,0.48254115249765883,0.48254115249765883,0.2,0.0,0.8787878787878788,0.8787878787878788,81,1.0,8.594324111938477,0.7234888076782227,0.975,0.9,0.9,0.0,0.883073570549341,0.45261742699949536,0.45261742699949536,0.45261742699949536,0.045261742699949536,512,1131.1981586616434,8,1.0,1.0,1.0,64.0,64.0,0.04467451600066852,0.04467451600066852,1.0,1.0,1.0,64.0,64.0,0.04467451600066852,0.04467451600066852,1.0,1.0,1.0,64.0,64.0,0.04467451600066852,0.04467451600066852,1.0,1.0,1.0,64.0,64.0,0.04467451600066852,0.04467451600066852,0.43888888888888894
30,104,19037,dice_gradient_style,Custom DiCE-style gradient,11,35125885,42125885,,none_generator_only,512,disease_to_no_disease,near_boundary,1,0,0.9848618507385254,4.175283432006836,1,1,1.0,1.0,0.1,0.1,1.0,0.0,0.06789092719554901,0.0,0.0,0.39937859569487577,0.39937859569487577,0.0,0.0,0.9230769230769231,0.9230769230769231,65,1.0,11.493062019348145,11.493062019348145,1.0,1.0,0.1,0.0,1.0,0.11287808000088262,0.11287808000088262,,0.11287808000088262,512,4535.867371202598,1,1.0,1.0,1.0,512.0,512.0,0.11287808000088262,0.11287808000088262,0.0,,1.0,,512.0,,0.11287808000088262,0.0,,1.0,,512.0,,0.11287808000088262,0.0,,1.0,,512.0,,0.11287808000088262,0.0
30,104,19037,wachter_style,Custom Wachter-style gradient,11,35125885,42125885,,none_generator_only,512,disease_to_no_disease,near_boundary,1,0,0.9848618507385254,4.175283432006836,1,1,1.0,1.0,0.1,0.1,1.0,0.0,0.06800458580255508,0.0,0.0,0.4003392302243083,0.4003392302243083,0.0,0.0,0.9230769230769231,0.9230769230769231,65,1.0,11.512582778930664,11.512582778930664,1.0,1.0,0.1,0.0,1.0,0.10084110000025248,0.10084110000025248,,0.10084110000025248,512,5077.294872811959,1,1.0,1.0,1.0,512.0,512.0,0.10084110000025248,0.10084110000025248,0.0,,1.0,,512.0,,0.10084110000025248,0.0,,1.0,,512.0,,0.10084110000025248,0.0,,1.0,,512.0,,0.10084110000025248,0.0
31,104,19594,uniform_random,Uniform constrained random,11,36125888,43125888,,none_generator_only,512,disease_to_no_disease,near_boundary,1,0,0.9801708459854126,3.90057373046875,10,10,1.0,1.0,1.0,1.0,1.0,1.0,0.07983146607875824,0.25,0.0984473004937172,0.5607972355611802,0.5607972355611802,0.0,0.0,0.9696969696969697,0.9696969696969697,81,1.0,6.21359395980835,0.48486948013305664,0.9375,0.8,0.8,0.0,0.9537699361232577,0.42256306399940513,0.42256306399940513,0.42256306399940513,0.04225630639994051,512,1211.653463400485,8,1.0,1.0,1.0,64.0,64.0,0.04549501799920108,0.04549501799920108,1.0,1.0,1.0,64.0,64.0,0.04549501799920108,0.04549501799920108,1.0,1.0,1.0,64.0,64.0,0.04549501799920108,0.04549501799920108,1.0,1.0,1.0,64.0,64.0,0.04549501799920108,0.04549501799920108,0.25
31,104,19594,genetic_cfe,Budget-matched genetic CFE,11,36125888,43125888,,none_generator_only,512,disease_to_no_disease,near_boundary,1,0,0.9801708459854126,3.90057373046875,10,10,1.0,1.0,1.0,1.0,1.0,1.0,0.07884375005960464,0.42777777777777776,0.08273188024759293,0.607103120959793,0.607103120959793,0.0,0.0,0.7575757575757576,0.7575757575757576,81,1.0,8.502959251403809,2.8583154678344727,1.0,1.0,1.0,1.0,0.9136107448467289,0.4293337149993022,0.4293337149993022,0.4293337149993022,0.04293337149993022,512,1192.545523709528,8,1.0,1.0,1.0,64.0,64.0,0.04436099899976398,0.04436099899976398,1.0,1.0,1.0,64.0,64.0,0.04436099899976398,0.04436099899976398,1.0,1.0,1.0,64.0,64.0,0.04436099899976398,0.04436099899976398,1.0,1.0,1.0,64.0,64.0,0.04436099899976398,0.04436099899976398,0.42777777777777776
31,104,19594,dice_gradient_style,Custom DiCE-style gradient,11,36125888,43125888,,none_generator_only,512,disease_to_no_disease,near_boundary,1,0,0.9801708459854126,3.90057373046875,1,1,1.0,1.0,0.1,0.1,1.0,0.0,0.06641904264688492,0.0,0.0,0.42518106717087106,0.42518106717087106,0.0,0.0,0.8846153846153846,0.8846153846153846,65,1.0,11.800490379333496,11.800490379333496,1.0,1.0,0.1,0.0,1.0,0.10954039999887755,0.10954039999887755,,0.10954039999887755,512,4674.074588053782,1,1.0,1.0,1.0,512.0,512.0,0.10954039999887755,0.10954039999887755,0.0,,1.0,,512.0,,0.10954039999887755,0.0,,1.0,,512.0,,0.10954039999887755,0.0,,1.0,,512.0,,0.10954039999887755,0.0
31,104,19594,wachter_style,Custom Wachter-style gradient,11,36125888,43125888,,none_generator_only,512,disease_to_no_disease,near_boundary,1,0,0.9801708459854126,3.90057373046875,1,1,1.0,1.0,0.1,0.1,1.0,0.0,0.06657848507165909,0.0,0.0,0.4258507886968679,0.4258507886968679,0.0,0.0,0.8846153846153846,0.8846153846153846,65,1.0,11.804460525512695,11.804460525512695,1.0,1.0,0.1,0.0,1.0,0.09983566300070379,0.09983566300070379,,0.09983566300070379,512,5128.427904529373,1,1.0,1.0,1.0,512.0,512.0,0.09983566300070379,0.09983566300070379,0.0,,1.0,,512.0,,0.09983566300070379,0.0,,1.0,,512.0,,0.09983566300070379,0.0,,1.0,,512.0,,0.09983566300070379,0.0
32,104,20797,uniform_random,Uniform constrained random,11,37125891,44125891,,none_generator_only,512,disease_to_no_disease,near_boundary,1,0,0.9912549257278442,4.730481147766113,10,10,1.0,1.0,1.0,1.0,1.0,1.0,0.0815666913986206,0.23888888888888885,0.09829787164926529,0.6390676654210576,0.6390676654210576,0.0,0.02,0.7575757575757576,0.7575757575757576,81,1.0,7.1681227684021,0.1370854377746582,0.95,0.8,0.8,0.0,0.945456472033416,0.386407819998567,0.386407819998567,0.386407819998567,0.038640781999856696,512,1325.024943858276,8,1.0,1.0,1.0,64.0,64.0,0.04551854499914043,0.04551854499914043,1.0,1.0,1.0,64.0,64.0,0.04551854499914043,0.04551854499914043,1.0,1.0,1.0,64.0,64.0,0.04551854499914043,0.04551854499914043,1.0,1.0,1.0,64.0,64.0,0.04551854499914043,0.04551854499914043,0.23888888888888885
32,104,20797,genetic_cfe,Budget-matched genetic CFE,11,37125891,44125891,,none_generator_only,512,disease_to_no_disease,near_boundary,1,0,0.9912549257278442,4.730481147766113,10,10,1.0,1.0,1.0,1.0,1.0,1.0,0.08698759973049164,0.43888888888888894,0.11616414040327072,0.7650941330612446,0.7650941330612446,0.0,0.0,0.8484848484848485,0.8484848484848485,81,1.0,8.808343887329102,1.3088879585266113,1.0,1.0,1.0,1.0,0.9015680022685171,0.42865249199894606,0.42865249199894606,0.42865249199894606,0.04286524919989461,512,1194.4407405924026,8,1.0,1.0,1.0,64.0,64.0,0.045318853999560815,0.045318853999560815,1.0,1.0,1.0,64.0,64.0,0.045318853999560815,0.045318853999560815,1.0,1.0,1.0,64.0,64.0,0.045318853999560815,0.045318853999560815,1.0,1.0,1.0,64.0,64.0,0.045318853999560815,0.045318853999560815,0.43888888888888894
32,104,20797,dice_gradient_style,Custom DiCE-style gradient,11,37125891,44125891,,none_generator_only,512,disease_to_no_disease,near_boundary,1,0,0.9912549257278442,4.730481147766113,1,1,1.0,1.0,0.1,0.1,1.0,0.0,0.07018551230430603,0.0,0.0,0.5192865990449408,0.5192865990449408,0.0,0.0,0.8076923076923077,0.8076923076923077,65,1.0,11.7633695602417,11.7633695602417,1.0,1.0,0.1,0.0,1.0,0.10947622799903911,0.10947622799903911,,0.10947622799903911,512,4676.814403986351,1,1.0,1.0,1.0,512.0,512.0,0.10947622799903911,0.10947622799903911,0.0,,1.0,,512.0,,0.10947622799903911,0.0,,1.0,,512.0,,0.10947622799903911,0.0,,1.0,,512.0,,0.10947622799903911,0.0
32,104,20797,wachter_style,Custom Wachter-style gradient,11,37125891,44125891,,none_generator_only,512,disease_to_no_disease,near_boundary,1,0,0.9912549257278442,4.730481147766113,1,1,1.0,1.0,0.1,0.1,1.0,0.0,0.07048731297254562,0.0,0.0,0.5172142330731714,0.5172142330731714,0.0,0.0,0.8076923076923077,0.8076923076923077,65,1.0,11.628316879272461,11.628316879272461,1.0,1.0,0.1,0.0,1.0,0.101387048000106,0.101387048000106,,0.101387048000106,512,5049.954704268189,1,1.0,1.0,1.0,512.0,512.0,0.101387048000106,0.101387048000106,0.0,,1.0,,512.0,,0.101387048000106,0.0,,1.0,,512.0,,0.101387048000106,0.0,,1.0,,512.0,,0.101387048000106,0.0
33,104,22554,uniform_random,Uniform constrained random,11,38125894,45125894,,none_generator_only,512,disease_to_no_disease,near_boundary,1,0,0.9854881167411804,4.218169212341309,10,10,1.0,1.0,1.0,1.0,1.0,1.0,0.0892031192779541,0.2777777777777778,0.12147080153226852,0.5832454158132726,0.5832454158132726,0.0,0.0,0.8787878787878788,0.8787878787878788,81,1.0,5.512689113616943,0.22790193557739258,0.975,0.9,0.9,0.0,0.9500771698997778,0.3782879749996937,0.3782879749996937,0.3782879749996937,0.03782879749996937,512,1353.466231646445,8,1.0,1.0,1.0,64.0,64.0,0.04447376000098302,0.04447376000098302,1.0,1.0,1.0,64.0,64.0,0.04447376000098302,0.04447376000098302,1.0,1.0,1.0,64.0,64.0,0.04447376000098302,0.04447376000098302,1.0,1.0,1.0,64.0,64.0,0.04447376000098302,0.04447376000098302,0.2777777777777778
33,104,22554,genetic_cfe,Budget-matched genetic CFE,11,38125894,45125894,,none_generator_only,512,disease_to_no_disease,near_boundary,1,0,0.9854881167411804,4.218169212341309,10,10,1.0,1.0,1.0,1.0,1.0,1.0,0.07331955432891846,0.41666666666666663,0.0752687007188797,0.46100441524564106,0.46100441524564106,0.0,0.0,0.8181818181818182,0.8181818181818182,81,1.0,6.2765655517578125,0.7208094596862793,1.0,1.0,1.0,1.0,0.9272510935331301,0.46410972800003947,0.46410972800003947,0.46410972800003947,0.04641097280000395,512,1103.1873910644606,8,1.0,1.0,1.0,64.0,64.0,0.045956595000461675,0.045956595000461675,1.0,1.0,1.0,64.0,64.0,0.045956595000461675,0.045956595000461675,1.0,1.0,1.0,64.0,64.0,0.045956595000461675,0.045956595000461675,1.0,1.0,1.0,64.0,64.0,0.045956595000461675,0.045956595000461675,0.41666666666666663
33,104,22554,dice_gradient_style,Custom DiCE-style gradient,11,38125894,45125894,,none_generator_only,512,disease_to_no_disease,near_boundary,1,0,0.9854881167411804,4.218169212341309,1,1,1.0,1.0,0.1,0.1,1.0,0.0,0.06812669336795807,0.0,0.0,0.32258136393453823,0.32258136393453823,0.0,0.0,0.9230769230769231,0.9230769230769231,65,1.0,11.590372085571289,11.590372085571289,1.0,1.0,0.1,0.0,1.0,0.10851352499958011,0.10851352499958011,,0.10851352499958011,512,4718.30585175425,1,1.0,1.0,1.0,512.0,512.0,0.10851352499958011,0.10851352499958011,0.0,,1.0,,512.0,,0.10851352499958011,0.0,,1.0,,512.0,,0.10851352499958011,0.0,,1.0,,512.0,,0.10851352499958011,0.0
33,104,22554,wachter_style,Custom Wachter-style gradient,11,38125894,45125894,,none_generator_only,512,disease_to_no_disease,near_boundary,1,0,0.9854881167411804,4.218169212341309,1,1,1.0,1.0,0.1,0.1,1.0,0.0,0.06836006790399551,0.0,0.0,0.3234772137033463,0.3234772137033463,0.0,0.0,0.9230769230769231,0.9230769230769231,65,1.0,11.614039421081543,11.614039421081543,1.0,1.0,0.1,0.0,1.0,0.10207770600027288,0.10207770600027288,,0.10207770600027288,512,5015.786698798181,1,1.0,1.0,1.0,512.0,512.0,0.10207770600027288,0.10207770600027288,0.0,,1.0,,512.0,,0.10207770600027288,0.0,,1.0,,512.0,,0.10207770600027288,0.0,,1.0,,512.0,,0.10207770600027288,0.0
34,2,2988,uniform_random,Uniform constrained random,11,39125897,46125897,,none_generator_only,512,disease_to_no_disease,medium_confidence,1,0,0.999748170375824,8.286505699157715,10,10,1.0,1.0,1.0,1.0,1.0,1.0,0.08354170620441437,0.22777777777777772,0.11336896568536758,0.5733699072182709,0.5733699072182709,0.0,0.04,0.8181818181818182,0.8181818181818182,81,1.0,4.831053733825684,0.12511968612670898,0.9375,0.8,0.8,0.0,0.9626323039461747,0.3706940849988314,0.3706940849988314,0.3706940849988314,0.03706940849988314,512,1381.1927967548067,8,1.0,1.0,1.0,64.0,64.0,0.043699276000552345,0.043699276000552345,1.0,1.0,1.0,64.0,64.0,0.043699276000552345,0.043699276000552345,1.0,1.0,1.0,64.0,64.0,0.043699276000552345,0.043699276000552345,1.0,1.0,1.0,64.0,64.0,0.043699276000552345,0.043699276000552345,0.22777777777777772
34,2,2988,genetic_cfe,Budget-matched genetic CFE,11,39125897,46125897,,none_generator_only,512,disease_to_no_disease,medium_confidence,1,0,0.999748170375824,8.286505699157715,10,10,1.0,1.0,1.0,1.0,1.0,1.0,0.0650307908654213,0.41666666666666663,0.08267180621623993,0.5281522463952224,0.5281522463952224,0.0,0.0,0.8484848484848485,0.8484848484848485,81,1.0,4.940753936767578,0.22083282470703125,0.9125,0.7,0.7,0.0,0.9390185536241029,0.4169993970008363,0.4169993970008363,0.4169993970008363,0.041699939700083635,512,1227.8195212809221,8,1.0,1.0,1.0,64.0,64.0,0.04512472300120862,0.04512472300120862,1.0,1.0,1.0,64.0,64.0,0.04512472300120862,0.04512472300120862,1.0,1.0,1.0,64.0,64.0,0.04512472300120862,0.04512472300120862,1.0,1.0,1.0,64.0,64.0,0.04512472300120862,0.04512472300120862,0.41666666666666663
34,2,2988,dice_gradient_style,Custom DiCE-style gradient,11,39125897,46125897,,none_generator_only,512,disease_to_no_disease,medium_confidence,1,0,0.999748170375824,8.286505699157715,1,1,1.0,1.0,0.1,0.1,1.0,0.0,0.07194498926401138,0.0,0.0,0.3943225801541873,0.3943225801541873,0.0,0.0,0.9615384615384616,0.9615384615384616,65,1.0,11.881464004516602,11.881464004516602,1.0,1.0,0.1,0.0,1.0,0.11164567900050315,0.11164567900050315,,0.11164567900050315,512,4585.936550197277,1,1.0,1.0,1.0,512.0,512.0,0.11164567900050315,0.11164567900050315,0.0,,1.0,,512.0,,0.11164567900050315,0.0,,1.0,,512.0,,0.11164567900050315,0.0,,1.0,,512.0,,0.11164567900050315,0.0
34,2,2988,wachter_style,Custom Wachter-style gradient,11,39125897,46125897,,none_generator_only,512,disease_to_no_disease,medium_confidence,1,0,0.999748170375824,8.286505699157715,1,1,1.0,1.0,0.1,0.1,1.0,0.0,0.07272092998027802,0.0,0.0,0.39313023561397337,0.39313023561397337,0.0,0.0,0.9615384615384616,0.9615384615384616,65,1.0,11.888242721557617,11.888242721557617,1.0,1.0,0.1,0.0,1.0,0.10298149800109968,0.10298149800109968,,0.10298149800109968,512,4971.766870147224,1,1.0,1.0,1.0,512.0,512.0,0.10298149800109968,0.10298149800109968,0.0,,1.0,,512.0,,0.10298149800109968,0.0,,1.0,,512.0,,0.10298149800109968,0.0,,1.0,,512.0,,0.10298149800109968,0.0
35,2,5427,uniform_random,Uniform constrained random,11,40125900,47125900,,none_generator_only,512,disease_to_no_disease,medium_confidence,1,0,0.9999580383300781,10.078712463378906,10,10,1.0,1.0,1.0,1.0,1.0,1.0,0.09504815936088562,0.22222222222222218,0.13301004469394684,0.6627646822900555,0.6627646822900555,0.0,0.0,0.8484848484848485,0.8484848484848485,81,1.0,6.275053024291992,3.032442569732666,1.0,1.0,1.0,1.0,0.9563634214796967,0.3647260349989665,0.3647260349989665,0.3647260349989665,0.03647260349989665,512,1403.7933979718525,8,1.0,1.0,1.0,64.0,64.0,0.04517508900062239,0.04517508900062239,1.0,1.0,1.0,64.0,64.0,0.04517508900062239,0.04517508900062239,1.0,1.0,1.0,64.0,64.0,0.04517508900062239,0.04517508900062239,1.0,1.0,1.0,64.0,64.0,0.04517508900062239,0.04517508900062239,0.22222222222222218
35,2,5427,genetic_cfe,Budget-matched genetic CFE,11,40125900,47125900,,none_generator_only,512,disease_to_no_disease,medium_confidence,1,0,0.9999580383300781,10.078712463378906,10,10,1.0,1.0,1.0,1.0,1.0,1.0,0.06941663473844528,0.4,0.07807712256908417,0.6170855531983132,0.6170855531983132,0.0,0.0,0.8484848484848485,0.8484848484848485,81,1.0,6.076882839202881,1.7426881790161133,1.0,1.0,1.0,1.0,0.9200299669184109,0.4150864570001431,0.4150864570001431,0.4150864570001431,0.041508645700014314,512,1233.477969144687,8,1.0,1.0,1.0,64.0,64.0,0.04562103799980832,0.04562103799980832,1.0,1.0,1.0,64.0,64.0,0.04562103799980832,0.04562103799980832,1.0,1.0,1.0,64.0,64.0,0.04562103799980832,0.04562103799980832,1.0,1.0,1.0,64.0,64.0,0.04562103799980832,0.04562103799980832,0.4
35,2,5427,dice_gradient_style,Custom DiCE-style gradient,11,40125900,47125900,,none_generator_only,512,disease_to_no_disease,medium_confidence,1,0,0.9999580383300781,10.078712463378906,1,1,1.0,1.0,0.1,0.1,1.0,0.0,0.07916917651891708,0.0,0.0,0.47919379929938755,0.47919379929938755,0.0,0.0,1.0,1.0,65,1.0,11.857906341552734,11.857906341552734,1.0,1.0,0.1,0.0,1.0,0.10654115500074113,0.10654115500074113,,0.10654115500074113,512,4805.654678667961,1,1.0,1.0,1.0,512.0,512.0,0.10654115500074113,0.10654115500074113,0.0,,1.0,,512.0,,0.10654115500074113,0.0,,1.0,,512.0,,0.10654115500074113,0.0,,1.0,,512.0,,0.10654115500074113,0.0
35,2,5427,wachter_style,Custom Wachter-style gradient,11,40125900,47125900,,none_generator_only,512,disease_to_no_disease,medium_confidence,1,0,0.9999580383300781,10.078712463378906,1,1,1.0,1.0,0.1,0.1,1.0,0.0,0.0794326514005661,0.0,0.0,0.4783081587814514,0.4783081587814514,0.0,0.0,1.0,1.0,65,1.0,11.860483169555664,11.860483169555664,1.0,1.0,0.1,0.0,1.0,0.09886877000099048,0.09886877000099048,,0.09886877000099048,512,5178.581669367089,1,1.0,1.0,1.0,512.0,512.0,0.09886877000099048,0.09886877000099048,0.0,,1.0,,512.0,,0.09886877000099048,0.0,,1.0,,512.0,,0.09886877000099048,0.0,,1.0,,512.0,,0.09886877000099048,0.0
36,2,5429,uniform_random,Uniform constrained random,11,41125903,48125903,,none_generator_only,512,disease_to_no_disease,medium_confidence,1,0,0.9999406337738037,9.731725692749023,10,10,1.0,1.0,1.0,1.0,1.0,1.0,0.09143746644258499,0.16111111111111112,0.12276740372180939,0.6351751835414384,0.6351751835414384,0.0,0.0,0.8484848484848485,0.8484848484848485,81,1.0,7.435351371765137,0.46417951583862305,0.925,0.7,0.7,0.0,0.9687474847489754,0.3688706249995448,0.3688706249995448,0.3688706249995448,0.03688706249995448,512,1388.0205288795544,8,1.0,1.0,1.0,64.0,64.0,0.04588684900045337,0.04588684900045337,1.0,1.0,1.0,64.0,64.0,0.04588684900045337,0.04588684900045337,1.0,1.0,1.0,64.0,64.0,0.04588684900045337,0.04588684900045337,1.0,1.0,1.0,64.0,64.0,0.04588684900045337,0.04588684900045337,0.16111111111111112
36,2,5429,genetic_cfe,Budget-matched genetic CFE,11,41125903,48125903,,none_generator_only,512,disease_to_no_disease,medium_confidence,1,0,0.9999406337738037,9.731725692749023,10,10,1.0,1.0,1.0,1.0,1.0,1.0,0.07138603925704956,0.41666666666666663,0.08694132417440414,0.6009764567486444,0.6009764567486444,0.0,0.0,0.8181818181818182,0.8181818181818182,81,1.0,6.087513446807861,0.5429902076721191,0.975,0.9,0.9,0.0,0.9274329814816085,0.4183458810002776,0.4183458810002776,0.4183458810002776,0.041834588100027756,512,1223.867673265463,8,1.0,1.0,1.0,64.0,64.0,0.04175223799938976,0.04175223799938976,1.0,1.0,1.0,64.0,64.0,0.04175223799938976,0.04175223799938976,1.0,1.0,1.0,64.0,64.0,0.04175223799938976,0.04175223799938976,1.0,1.0,1.0,64.0,64.0,0.04175223799938976,0.04175223799938976,0.41666666666666663
36,2,5429,dice_gradient_style,Custom DiCE-style gradient,11,41125903,48125903,,none_generator_only,512,disease_to_no_disease,medium_confidence,1,0,0.9999406337738037,9.731725692749023,1,1,1.0,1.0,0.1,0.1,1.0,0.0,0.07829497754573822,0.0,0.0,0.41607238420534204,0.41607238420534204,0.0,0.0,0.9615384615384616,0.9615384615384616,65,1.0,12.172355651855469,12.172355651855469,1.0,1.0,0.1,0.0,1.0,0.10935404900010326,0.10935404900010326,,0.10935404900010326,512,4682.039711209199,1,1.0,1.0,1.0,512.0,512.0,0.10935404900010326,0.10935404900010326,0.0,,1.0,,512.0,,0.10935404900010326,0.0,,1.0,,512.0,,0.10935404900010326,0.0,,1.0,,512.0,,0.10935404900010326,0.0
36,2,5429,wachter_style,Custom Wachter-style gradient,11,41125903,48125903,,none_generator_only,512,disease_to_no_disease,medium_confidence,1,0,0.9999406337738037,9.731725692749023,1,1,1.0,1.0,0.1,0.1,1.0,0.0,0.0787166878581047,0.0,0.0,0.41130618344058023,0.41130618344058023,0.0,0.0,0.8846153846153846,0.8846153846153846,65,1.0,12.007882118225098,12.007882118225098,1.0,1.0,0.1,0.0,1.0,0.10425051899983373,0.10425051899983373,,0.10425051899983373,512,4911.246532986724,1,1.0,1.0,1.0,512.0,512.0,0.10425051899983373,0.10425051899983373,0.0,,1.0,,512.0,,0.10425051899983373,0.0,,1.0,,512.0,,0.10425051899983373,0.0,,1.0,,512.0,,0.10425051899983373,0.0
37,2,6255,uniform_random,Uniform constrained random,11,42125906,49125906,,none_generator_only,512,disease_to_no_disease,medium_confidence,1,0,0.9999744892120361,10.576383590698242,10,10,1.0,1.0,1.0,1.0,1.0,1.0,0.09135676920413971,0.16111111111111107,0.11930043250322342,0.6158513683224892,0.6158513683224892,0.0,0.0,0.8787878787878788,0.8787878787878788,81,1.0,4.388028144836426,0.9731168746948242,0.975,0.9,0.9,0.0,0.9692154891901648,0.37092026700156566,0.37092026700156566,0.37092026700156566,0.037092026700156565,512,1380.3505646614851,8,1.0,1.0,1.0,64.0,64.0,0.043544094000026234,0.043544094000026234,1.0,1.0,1.0,64.0,64.0,0.043544094000026234,0.043544094000026234,1.0,1.0,1.0,64.0,64.0,0.043544094000026234,0.043544094000026234,1.0,1.0,1.0,64.0,64.0,0.043544094000026234,0.043544094000026234,0.16111111111111107
37,2,6255,genetic_cfe,Budget-matched genetic CFE,11,42125906,49125906,,none_generator_only,512,disease_to_no_disease,medium_confidence,1,0,0.9999744892120361,10.576383590698242,10,10,1.0,1.0,1.0,1.0,1.0,1.0,0.06716762483119965,0.46111111111111114,0.06286386400461197,0.5591360225114708,0.5591360225114708,0.0,0.0,0.8787878787878788,0.8787878787878788,81,1.0,5.164177894592285,1.1479310989379883,0.9875,0.9,0.9,0.0,0.9125430877919436,0.41697955199924763,0.41697955199924763,0.41697955199924763,0.041697955199924766,512,1227.8779559936881,8,1.0,1.0,1.0,64.0,64.0,0.04257193699959316,0.04257193699959316,1.0,1.0,1.0,64.0,64.0,0.04257193699959316,0.04257193699959316,1.0,1.0,1.0,64.0,64.0,0.04257193699959316,0.04257193699959316,1.0,1.0,1.0,64.0,64.0,0.04257193699959316,0.04257193699959316,0.46111111111111114
37,2,6255,dice_gradient_style,Custom DiCE-style gradient,11,42125906,49125906,,none_generator_only,512,disease_to_no_disease,medium_confidence,1,0,0.9999744892120361,10.576383590698242,1,1,1.0,1.0,0.1,0.1,1.0,0.0,0.07795201987028122,0.0,0.0,0.43554479493745196,0.43554479493745196,0.0,0.0,0.9615384615384616,0.9615384615384616,65,1.0,11.774785995483398,11.774785995483398,1.0,1.0,0.1,0.0,0.9892857142857143,0.11166343100012455,0.11166343100012455,,0.11166343100012455,512,4585.207488380228,1,1.0,1.0,1.0,512.0,512.0,0.11166343100012455,0.11166343100012455,0.0,,1.0,,512.0,,0.11166343100012455,0.0,,1.0,,512.0,,0.11166343100012455,0.0,,1.0,,512.0,,0.11166343100012455,0.0
37,2,6255,wachter_style,Custom Wachter-style gradient,11,42125906,49125906,,none_generator_only,512,disease_to_no_disease,medium_confidence,1,0,0.9999744892120361,10.576383590698242,1,1,1.0,1.0,0.1,0.1,1.0,0.0,0.0782407745718956,0.0,0.0,0.43552642894828547,0.43552642894828547,0.0,0.0,0.9615384615384616,0.9615384615384616,65,1.0,11.776715278625488,11.776715278625488,1.0,1.0,0.1,0.0,0.9892857142857143,0.10437543299849494,0.10437543299849494,,0.10437543299849494,512,4905.368871690169,1,1.0,1.0,1.0,512.0,512.0,0.10437543299849494,0.10437543299849494,0.0,,1.0,,512.0,,0.10437543299849494,0.0,,1.0,,512.0,,0.10437543299849494,0.0,,1.0,,512.0,,0.10437543299849494,0.0
38,2,7035,uniform_random,Uniform constrained random,11,43125909,50125909,,none_generator_only,512,disease_to_no_disease,medium_confidence,1,0,0.9997891783714294,8.464287757873535,10,10,1.0,1.0,1.0,1.0,1.0,1.0,0.09896162897348404,0.20555555555555555,0.12749402225017548,0.68716405403567,0.68716405403567,0.0,0.0,0.9090909090909091,0.9090909090909091,81,1.0,8.221146583557129,2.226254940032959,1.0,1.0,1.0,1.0,0.9592408821749121,0.3614319030002662,0.3614319030002662,0.3614319030002662,0.03614319030002662,512,1416.5877327094254,8,1.0,1.0,1.0,64.0,64.0,0.04348260500046308,0.04348260500046308,1.0,1.0,1.0,64.0,64.0,0.04348260500046308,0.04348260500046308,1.0,1.0,1.0,64.0,64.0,0.04348260500046308,0.04348260500046308,1.0,1.0,1.0,64.0,64.0,0.04348260500046308,0.04348260500046308,0.20555555555555555
38,2,7035,genetic_cfe,Budget-matched genetic CFE,11,43125909,50125909,,none_generator_only,512,disease_to_no_disease,medium_confidence,1,0,0.9997891783714294,8.464287757873535,10,10,1.0,1.0,1.0,1.0,1.0,1.0,0.07927703857421875,0.4333333333333333,0.0783667340874672,0.5777360103735226,0.5777360103735226,0.0,0.0,0.9696969696969697,0.9696969696969697,81,1.0,8.806577682495117,1.0774827003479004,0.9875,0.9,0.9,0.0,0.9214875955470921,0.4075739979998616,0.4075739979998616,0.4075739979998616,0.04075739979998616,512,1256.213601732694,8,1.0,1.0,1.0,64.0,64.0,0.043526837000172236,0.043526837000172236,1.0,1.0,1.0,64.0,64.0,0.043526837000172236,0.043526837000172236,1.0,1.0,1.0,64.0,64.0,0.043526837000172236,0.043526837000172236,1.0,1.0,1.0,64.0,64.0,0.043526837000172236,0.043526837000172236,0.4333333333333333
38,2,7035,dice_gradient_style,Custom DiCE-style gradient,11,43125909,50125909,,none_generator_only,512,disease_to_no_disease,medium_confidence,1,0,0.9997891783714294,8.464287757873535,1,1,1.0,1.0,0.1,0.1,1.0,0.0,0.08277944475412369,0.0,0.0,0.4500215926418649,0.4500215926418649,0.0,0.0,0.9230769230769231,0.9230769230769231,65,1.0,12.491569519042969,12.491569519042969,1.0,1.0,0.1,0.0,1.0,0.1178936150008667,0.1178936150008667,,0.1178936150008667,512,4342.898468218453,1,1.0,1.0,1.0,512.0,512.0,0.1178936150008667,0.1178936150008667,0.0,,1.0,,512.0,,0.1178936150008667,0.0,,1.0,,512.0,,0.1178936150008667,0.0,,1.0,,512.0,,0.1178936150008667,0.0
38,2,7035,wachter_style,Custom Wachter-style gradient,11,43125909,50125909,,none_generator_only,512,disease_to_no_disease,medium_confidence,1,0,0.9997891783714294,8.464287757873535,1,1,1.0,1.0,0.1,0.1,1.0,0.0,0.08333125710487366,0.0,0.0,0.43315976999132966,0.43315976999132966,0.0,0.0,0.9230769230769231,0.9230769230769231,65,1.0,12.43709945678711,12.43709945678711,1.0,1.0,0.1,0.0,1.0,0.10560610100037593,0.10560610100037593,,0.10560610100037593,512,4848.204745274872,1,1.0,1.0,1.0,512.0,512.0,0.10560610100037593,0.10560610100037593,0.0,,1.0,,512.0,,0.10560610100037593,0.0,,1.0,,512.0,,0.10560610100037593,0.0,,1.0,,512.0,,0.10560610100037593,0.0
39,11,10325,uniform_random,Uniform constrained random,11,44125912,51125912,,none_generator_only,512,disease_to_no_disease,medium_confidence,1,0,0.9999727010726929,10.508635520935059,10,10,1.0,1.0,1.0,1.0,1.0,1.0,0.08295489102602005,0.15000000000000002,0.11151497811079025,0.6613063246561304,0.6613063246561304,0.0,0.0,0.9393939393939394,0.9393939393939394,81,1.0,3.512950897216797,0.456479549407959,0.9625,0.8,0.8,0.0,0.9556396543671006,0.3612122199992882,0.3612122199992882,0.3612122199992882,0.03612122199992882,512,1417.4492767742158,8,1.0,1.0,1.0,64.0,64.0,0.04412285599937604,0.04412285599937604,1.0,1.0,1.0,64.0,64.0,0.04412285599937604,0.04412285599937604,1.0,1.0,1.0,64.0,64.0,0.04412285599937604,0.04412285599937604,1.0,1.0,1.0,64.0,64.0,0.04412285599937604,0.04412285599937604,0.15000000000000002
39,11,10325,genetic_cfe,Budget-matched genetic CFE,11,44125912,51125912,,none_generator_only,512,disease_to_no_disease,medium_confidence,1,0,0.9999727010726929,10.508635520935059,10,10,1.0,1.0,1.0,1.0,1.0,1.0,0.07603737711906433,0.40555555555555556,0.08063523471355438,0.6751056407376435,0.6751056407376435,0.0,0.0,0.8787878787878788,0.8787878787878788,81,1.0,6.728926658630371,2.5347204208374023,1.0,1.0,1.0,1.0,0.9012257555246685,0.3954728469998372,0.3954728469998372,0.3954728469998372,0.03954728469998372,512,1294.6527274480889,8,1.0,1.0,1.0,64.0,64.0,0.042205011000987724,0.042205011000987724,1.0,1.0,1.0,64.0,64.0,0.042205011000987724,0.042205011000987724,1.0,1.0,1.0,64.0,64.0,0.042205011000987724,0.042205011000987724,1.0,1.0,1.0,64.0,64.0,0.042205011000987724,0.042205011000987724,0.40555555555555556
39,11,10325,dice_gradient_style,Custom DiCE-style gradient,11,44125912,51125912,,none_generator_only,512,disease_to_no_disease,medium_confidence,1,0,0.9999727010726929,10.508635520935059,1,1,1.0,1.0,0.1,0.1,1.0,0.0,0.08448375761508942,0.0,0.0,0.5021454107734182,0.5021454107734182,0.0,0.0,0.8846153846153846,0.8846153846153846,65,1.0,11.369223594665527,11.369223594665527,1.0,1.0,0.1,0.0,1.0,0.11937506800131814,0.11937506800131814,,0.11937506800131814,512,4289.002792395029,1,1.0,1.0,1.0,512.0,512.0,0.11937506800131814,0.11937506800131814,0.0,,1.0,,512.0,,0.11937506800131814,0.0,,1.0,,512.0,,0.11937506800131814,0.0,,1.0,,512.0,,0.11937506800131814,0.0
39,11,10325,wachter_style,Custom Wachter-style gradient,11,44125912,51125912,,none_generator_only,512,disease_to_no_disease,medium_confidence,1,0,0.9999727010726929,10.508635520935059,1,1,1.0,1.0,0.1,0.1,1.0,0.0,0.08479326218366623,0.0,0.0,0.5024049656496327,0.5024049656496327,0.0,0.0,0.8846153846153846,0.8846153846153846,65,1.0,11.375970840454102,11.375970840454102,1.0,1.0,0.1,0.0,1.0,0.10514675299964438,0.10514675299964438,,0.10514675299964438,512,4869.384792145998,1,1.0,1.0,1.0,512.0,512.0,0.10514675299964438,0.10514675299964438,0.0,,1.0,,512.0,,0.10514675299964438,0.0,,1.0,,512.0,,0.10514675299964438,0.0,,1.0,,512.0,,0.10514675299964438,0.0
40,11,12327,uniform_random,Uniform constrained random,11,45125915,52125915,,none_generator_only,512,disease_to_no_disease,medium_confidence,1,0,0.9999488592147827,9.880877494812012,10,10,1.0,1.0,1.0,1.0,1.0,1.0,0.10224808752536774,0.18888888888888888,0.13462449610233307,0.6685123380585866,0.6685123380585866,0.0,0.0,0.9393939393939394,0.9393939393939394,81,1.0,3.7486987113952637,1.7384819984436035,1.0,1.0,1.0,1.0,0.9668840272283334,0.3611544560008042,0.3611544560008042,0.3611544560008042,0.03611544560008042,512,1417.675987358882,8,1.0,1.0,1.0,64.0,64.0,0.04493444200124941,0.04493444200124941,1.0,1.0,1.0,64.0,64.0,0.04493444200124941,0.04493444200124941,1.0,1.0,1.0,64.0,64.0,0.04493444200124941,0.04493444200124941,1.0,1.0,1.0,64.0,64.0,0.04493444200124941,0.04493444200124941,0.18888888888888888
40,11,12327,genetic_cfe,Budget-matched genetic CFE,11,45125915,52125915,,none_generator_only,512,disease_to_no_disease,medium_confidence,1,0,0.9999488592147827,9.880877494812012,10,10,1.0,1.0,1.0,1.0,1.0,1.0,0.08128844201564789,0.34444444444444444,0.07672266662120819,0.629474266416455,0.629474266416455,0.0,0.0,0.9090909090909091,0.9090909090909091,81,1.0,5.572944164276123,3.3748202323913574,1.0,1.0,1.0,1.0,0.9195946700101498,0.40130542299993976,0.40130542299993976,0.40130542299993976,0.04013054229999398,512,1275.836235086404,8,1.0,1.0,1.0,64.0,64.0,0.04326126999876578,0.04326126999876578,1.0,1.0,1.0,64.0,64.0,0.04326126999876578,0.04326126999876578,1.0,1.0,1.0,64.0,64.0,0.04326126999876578,0.04326126999876578,1.0,1.0,1.0,64.0,64.0,0.04326126999876578,0.04326126999876578,0.34444444444444444
40,11,12327,dice_gradient_style,Custom DiCE-style gradient,11,45125915,52125915,,none_generator_only,512,disease_to_no_disease,medium_confidence,1,0,0.9999488592147827,9.880877494812012,1,1,1.0,1.0,0.1,0.1,1.0,0.0,0.08846674114465714,0.0,0.0,0.5041200025096831,0.5041200025096831,0.0,0.0,0.8461538461538461,0.8461538461538461,65,1.0,12.621217727661133,12.621217727661133,1.0,1.0,0.1,0.0,1.0,0.1242372910000995,0.1242372910000995,,0.1242372910000995,512,4121.145880423213,1,1.0,1.0,1.0,512.0,512.0,0.1242372910000995,0.1242372910000995,0.0,,1.0,,512.0,,0.1242372910000995,0.0,,1.0,,512.0,,0.1242372910000995,0.0,,1.0,,512.0,,0.1242372910000995,0.0
40,11,12327,wachter_style,Custom Wachter-style gradient,11,45125915,52125915,,none_generator_only,512,disease_to_no_disease,medium_confidence,1,0,0.9999488592147827,9.880877494812012,1,1,1.0,1.0,0.1,0.1,1.0,0.0,0.08880891650915146,0.0,0.0,0.5044166625483355,0.5044166625483355,0.0,0.0,0.8461538461538461,0.8461538461538461,65,1.0,12.618635177612305,12.618635177612305,1.0,1.0,0.1,0.0,1.0,0.10755600099946605,0.10755600099946605,,0.10755600099946605,512,4760.310863570892,1,1.0,1.0,1.0,512.0,512.0,0.10755600099946605,0.10755600099946605,0.0,,1.0,,512.0,,0.10755600099946605,0.0,,1.0,,512.0,,0.10755600099946605,0.0,,1.0,,512.0,,0.10755600099946605,0.0
41,11,12467,uniform_random,Uniform constrained random,11,46125918,53125918,,none_generator_only,512,disease_to_no_disease,medium_confidence,1,0,0.9998867511749268,9.085809707641602,10,10,1.0,1.0,1.0,1.0,1.0,1.0,0.09351082146167755,0.21111111111111108,0.11126083880662918,0.6832520706209648,0.6832520706209648,0.0,0.0,0.7878787878787878,0.7878787878787878,81,1.0,5.053980827331543,0.29713010787963867,0.975,0.9,0.9,0.0,0.958772796146197,0.3580890350003756,0.3580890350003756,0.3580890350003756,0.035808903500037556,512,1429.81200192143,8,1.0,1.0,1.0,64.0,64.0,0.04288842200003273,0.04288842200003273,1.0,1.0,1.0,64.0,64.0,0.04288842200003273,0.04288842200003273,1.0,1.0,1.0,64.0,64.0,0.04288842200003273,0.04288842200003273,1.0,1.0,1.0,64.0,64.0,0.04288842200003273,0.04288842200003273,0.21111111111111108
41,11,12467,genetic_cfe,Budget-matched genetic CFE,11,46125918,53125918,,none_generator_only,512,disease_to_no_disease,medium_confidence,1,0,0.9998867511749268,9.085809707641602,10,10,1.0,1.0,1.0,1.0,1.0,1.0,0.07657302170991898,0.4111111111111111,0.08104042708873749,0.6046806118028062,0.6046806118028062,0.0,0.0,0.9696969696969697,0.9696969696969697,81,1.0,6.692751884460449,1.195615291595459,0.975,0.9,0.9,0.0,0.9318092674339813,0.40076983500148344,0.40076983500148344,0.40076983500148344,0.04007698350014834,512,1277.5412600554253,8,1.0,1.0,1.0,64.0,64.0,0.043879201000891044,0.043879201000891044,1.0,1.0,1.0,64.0,64.0,0.043879201000891044,0.043879201000891044,1.0,1.0,1.0,64.0,64.0,0.043879201000891044,0.043879201000891044,1.0,1.0,1.0,64.0,64.0,0.043879201000891044,0.043879201000891044,0.4111111111111111
41,11,12467,dice_gradient_style,Custom DiCE-style gradient,11,46125918,53125918,,none_generator_only,512,disease_to_no_disease,medium_confidence,1,0,0.9998867511749268,9.085809707641602,1,1,1.0,1.0,0.1,0.1,1.0,0.0,0.0858599990606308,0.0,0.0,0.5079565376945242,0.5079565376945242,0.0,0.0,0.9230769230769231,0.9230769230769231,65,1.0,12.484415054321289,12.484415054321289,1.0,1.0,0.1,0.0,1.0,0.11434921600084635,0.11434921600084635,,0.11434921600084635,512,4477.512115135188,1,1.0,1.0,1.0,512.0,512.0,0.11434921600084635,0.11434921600084635,0.0,,1.0,,512.0,,0.11434921600084635,0.0,,1.0,,512.0,,0.11434921600084635,0.0,,1.0,,512.0,,0.11434921600084635,0.0
41,11,12467,wachter_style,Custom Wachter-style gradient,11,46125918,53125918,,none_generator_only,512,disease_to_no_disease,medium_confidence,1,0,0.9998867511749268,9.085809707641602,1,1,1.0,1.0,0.1,0.1,1.0,0.0,0.0862790122628212,0.0,0.0,0.5082535495924756,0.5082535495924756,0.0,0.0,0.9230769230769231,0.9230769230769231,65,1.0,12.485925674438477,12.485925674438477,1.0,1.0,0.1,0.0,1.0,0.10760149999987334,0.10760149999987334,,0.10760149999987334,512,4758.297979122993,1,1.0,1.0,1.0,512.0,512.0,0.10760149999987334,0.10760149999987334,0.0,,1.0,,512.0,,0.10760149999987334,0.0,,1.0,,512.0,,0.10760149999987334,0.0,,1.0,,512.0,,0.10760149999987334,0.0
42,11,12491,uniform_random,Uniform constrained random,11,47125921,54125921,,none_generator_only,512,disease_to_no_disease,medium_confidence,1,0,0.999885082244873,9.071179389953613,10,10,1.0,1.0,1.0,1.0,1.0,1.0,0.08590587228536606,0.2333333333333333,0.10029365867376328,0.6157090391035712,0.6157090391035712,0.0,0.0,0.8484848484848485,0.8484848484848485,81,1.0,4.331221103668213,0.10557985305786133,0.9,0.8,0.8,0.0,0.9706857840939265,0.35360706000028586,0.35360706000028586,0.35360706000028586,0.03536070600002859,512,1447.934891344042,8,1.0,1.0,1.0,64.0,64.0,0.04143457399914041,0.04143457399914041,1.0,1.0,1.0,64.0,64.0,0.04143457399914041,0.04143457399914041,1.0,1.0,1.0,64.0,64.0,0.04143457399914041,0.04143457399914041,1.0,1.0,1.0,64.0,64.0,0.04143457399914041,0.04143457399914041,0.2333333333333333
42,11,12491,genetic_cfe,Budget-matched genetic CFE,11,47125921,54125921,,none_generator_only,512,disease_to_no_disease,medium_confidence,1,0,0.999885082244873,9.071179389953613,10,10,1.0,1.0,1.0,1.0,1.0,1.0,0.07458893954753876,0.48888888888888893,0.06658899784088135,0.710624130985215,0.710624130985215,0.0,0.0,0.8181818181818182,0.8181818181818182,81,1.0,7.471996307373047,0.14482450485229492,0.9625,0.9,0.9,0.0,0.8906735421441303,0.4059749490006652,0.4059749490006652,0.4059749490006652,0.04059749490006652,512,1261.1615599935972,8,1.0,1.0,1.0,64.0,64.0,0.04170653599976504,0.04170653599976504,1.0,1.0,1.0,64.0,64.0,0.04170653599976504,0.04170653599976504,1.0,1.0,1.0,64.0,64.0,0.04170653599976504,0.04170653599976504,1.0,1.0,1.0,64.0,64.0,0.04170653599976504,0.04170653599976504,0.48888888888888893
42,11,12491,dice_gradient_style,Custom DiCE-style gradient,11,47125921,54125921,,none_generator_only,512,disease_to_no_disease,medium_confidence,1,0,0.999885082244873,9.071179389953613,1,1,1.0,1.0,0.1,0.1,1.0,0.0,0.08548171818256378,0.0,0.0,0.5189967096321931,0.5189967096321931,0.0,0.0,1.0,1.0,65,1.0,12.539257049560547,12.539257049560547,1.0,1.0,0.1,0.0,1.0,0.11216964900086168,0.11216964900086168,,0.11216964900086168,512,4564.514595174198,1,1.0,1.0,1.0,512.0,512.0,0.11216964900086168,0.11216964900086168,0.0,,1.0,,512.0,,0.11216964900086168,0.0,,1.0,,512.0,,0.11216964900086168,0.0,,1.0,,512.0,,0.11216964900086168,0.0
42,11,12491,wachter_style,Custom Wachter-style gradient,11,47125921,54125921,,none_generator_only,512,disease_to_no_disease,medium_confidence,1,0,0.999885082244873,9.071179389953613,1,1,1.0,1.0,0.1,0.1,1.0,0.0,0.08603934943675995,0.0,0.0,0.5198934390492487,0.5198934390492487,0.0,0.0,1.0,1.0,65,1.0,12.545129776000977,12.545129776000977,1.0,1.0,0.1,0.0,1.0,0.10597806499936269,0.10597806499936269,,0.10597806499936269,512,4831.188416235746,1,1.0,1.0,1.0,512.0,512.0,0.10597806499936269,0.10597806499936269,0.0,,1.0,,512.0,,0.10597806499936269,0.0,,1.0,,512.0,,0.10597806499936269,0.0,,1.0,,512.0,,0.10597806499936269,0.0
43,13,12986,uniform_random,Uniform constrained random,11,48125924,55125924,,none_generator_only,512,disease_to_no_disease,medium_confidence,1,0,0.9999499320983887,9.902080535888672,10,10,1.0,1.0,1.0,1.0,1.0,1.0,0.08680225908756256,0.15555555555555556,0.11969701945781708,0.7411101109595103,0.7411101109595103,0.0,0.2,0.9090909090909091,0.9090909090909091,81,1.0,3.6857247352600098,0.9973320960998535,1.0,1.0,1.0,1.0,0.957266817009413,0.40396351399976993,0.40396351399976993,0.40396351399976993,0.04039635139997699,512,1267.4411976728463,8,1.0,1.0,1.0,64.0,64.0,0.04327320199990936,0.04327320199990936,1.0,1.0,1.0,64.0,64.0,0.04327320199990936,0.04327320199990936,1.0,1.0,1.0,64.0,64.0,0.04327320199990936,0.04327320199990936,1.0,2.0,2.0,128.0,128.0,0.08932125799947244,0.08932125799947244,0.15555555555555556
43,13,12986,genetic_cfe,Budget-matched genetic CFE,11,48125924,55125924,,none_generator_only,512,disease_to_no_disease,medium_confidence,1,0,0.9999499320983887,9.902080535888672,10,10,1.0,1.0,1.0,1.0,1.0,1.0,0.07602685689926147,0.40555555555555556,0.0805252194404602,0.7014666493998788,0.7014666493998788,0.0,0.54,0.9696969696969697,0.9696969696969697,81,1.0,10.48499870300293,4.63582706451416,1.0,1.0,1.0,1.0,0.9322343966552079,0.39802134899946395,0.39802134899946395,0.39802134899946395,0.0398021348999464,512,1286.3631593809043,8,1.0,1.0,1.0,64.0,64.0,0.04336308799975086,0.04336308799975086,1.0,1.0,1.0,64.0,64.0,0.04336308799975086,0.04336308799975086,1.0,1.0,1.0,64.0,64.0,0.04336308799975086,0.04336308799975086,1.0,2.0,2.0,128.0,128.0,0.08761399399918446,0.08761399399918446,0.40555555555555556
43,13,12986,dice_gradient_style,Custom DiCE-style gradient,11,48125924,55125924,,none_generator_only,512,disease_to_no_disease,medium_confidence,1,0,0.9999499320983887,9.902080535888672,1,1,1.0,1.0,0.1,0.1,1.0,0.0,0.07541584968566895,0.05555555555555558,0.0,0.5336869633134526,0.5336869633134526,0.0,0.6,0.9615384615384616,0.9615384615384616,65,1.0,11.347352027893066,11.347352027893066,1.0,1.0,0.1,0.0,0.9964285714285714,0.11948137000035786,0.11948137000035786,,0.11948137000035786,512,4285.186887281812,1,1.0,1.0,1.0,512.0,512.0,0.11948137000035786,0.11948137000035786,0.0,,1.0,,512.0,,0.11948137000035786,0.0,,1.0,,512.0,,0.11948137000035786,0.0,,1.0,,512.0,,0.11948137000035786,0.05555555555555558
43,13,12986,wachter_style,Custom Wachter-style gradient,11,48125924,55125924,,none_generator_only,512,disease_to_no_disease,medium_confidence,1,0,0.9999499320983887,9.902080535888672,1,1,1.0,1.0,0.1,0.1,1.0,0.0,0.0766897052526474,0.05555555555555558,0.0,0.5333017626802932,0.5333017626802932,0.0,0.6,0.9615384615384616,0.9615384615384616,65,1.0,11.344975471496582,11.344975471496582,1.0,1.0,0.1,0.0,0.9821428571428572,0.1058578709998983,0.1058578709998983,,0.1058578709998983,512,4836.67388323436,1,1.0,1.0,1.0,512.0,512.0,0.1058578709998983,0.1058578709998983,0.0,,1.0,,512.0,,0.1058578709998983,0.0,,1.0,,512.0,,0.1058578709998983,0.0,,1.0,,512.0,,0.1058578709998983,0.05555555555555558
44,13,13045,uniform_random,Uniform constrained random,11,49125927,56125927,,none_generator_only,512,disease_to_no_disease,medium_confidence,1,0,0.9998175501823425,8.608853340148926,10,10,1.0,1.0,1.0,1.0,1.0,1.0,0.08394695818424225,0.21666666666666665,0.11017083376646042,0.8487842095868222,0.8487842095868222,0.0,0.0,0.8484848484848485,0.8484848484848485,81,1.0,2.3555386066436768,0.1982712745666504,0.9,0.7,0.7,0.0,0.9641500253727034,0.3664065439988917,0.3664065439988917,0.3664065439988917,0.03664065439988917,512,1397.354955542357,8,1.0,1.0,1.0,64.0,64.0,0.04277349099902494,0.04277349099902494,1.0,1.0,1.0,64.0,64.0,0.04277349099902494,0.04277349099902494,1.0,1.0,1.0,64.0,64.0,0.04277349099902494,0.04277349099902494,1.0,2.0,2.0,128.0,128.0,0.08546433599985903,0.08546433599985903,0.21666666666666665
44,13,13045,genetic_cfe,Budget-matched genetic CFE,11,49125927,56125927,,none_generator_only,512,disease_to_no_disease,medium_confidence,1,0,0.9998175501823425,8.608853340148926,10,10,1.0,1.0,1.0,1.0,1.0,1.0,0.07429920881986618,0.3833333333333333,0.09516027569770813,0.8205787470156505,0.8205787470156505,0.0,0.0,0.9393939393939394,0.9393939393939394,81,1.0,5.28408670425415,0.1982712745666504,0.925,0.8,0.8,0.0,0.9389030285757973,0.39360395500079903,0.39360395500079903,0.39360395500079903,0.0393603955000799,512,1300.7999373353873,8,1.0,1.0,1.0,64.0,64.0,0.04323627800113172,0.04323627800113172,1.0,1.0,1.0,64.0,64.0,0.04323627800113172,0.04323627800113172,1.0,1.0,1.0,64.0,64.0,0.04323627800113172,0.04323627800113172,1.0,2.0,2.0,128.0,128.0,0.0858077040011267,0.0858077040011267,0.3833333333333333
44,13,13045,dice_gradient_style,Custom DiCE-style gradient,11,49125927,56125927,,none_generator_only,512,disease_to_no_disease,medium_confidence,1,0,0.9998175501823425,8.608853340148926,1,1,1.0,1.0,0.1,0.1,1.0,0.0,0.06852561980485916,0.05555555555555558,0.0,0.6872625223936097,0.6872625223936097,0.0,0.0,0.9615384615384616,0.9615384615384616,65,1.0,11.340062141418457,11.340062141418457,1.0,1.0,0.1,0.0,0.9926406926406927,0.11970977100099844,0.11970977100099844,,0.11970977100099844,512,4277.010938361328,1,1.0,1.0,1.0,512.0,512.0,0.11970977100099844,0.11970977100099844,0.0,,1.0,,512.0,,0.11970977100099844,0.0,,1.0,,512.0,,0.11970977100099844,0.0,,1.0,,512.0,,0.11970977100099844,0.05555555555555558
44,13,13045,wachter_style,Custom Wachter-style gradient,11,49125927,56125927,,none_generator_only,512,disease_to_no_disease,medium_confidence,1,0,0.9998175501823425,8.608853340148926,1,1,1.0,1.0,0.1,0.1,1.0,0.0,0.06955338269472122,0.05555555555555558,0.0,0.6903395319631916,0.6903395319631916,0.0,0.0,0.9615384615384616,0.9615384615384616,65,1.0,11.345544815063477,11.345544815063477,1.0,1.0,0.1,0.0,0.9926406926406927,0.10593187999984366,0.10593187999984366,,0.10593187999984366,512,4833.294755089361,1,1.0,1.0,1.0,512.0,512.0,0.10593187999984366,0.10593187999984366,0.0,,1.0,,512.0,,0.10593187999984366,0.0,,1.0,,512.0,,0.10593187999984366,0.0,,1.0,,512.0,,0.10593187999984366,0.05555555555555558
45,16,13141,uniform_random,Uniform constrained random,11,50125930,57125930,,none_generator_only,512,disease_to_no_disease,medium_confidence,1,0,0.9994454979896545,7.496885299682617,10,10,1.0,1.0,1.0,1.0,1.0,1.0,0.08444458246231079,0.21111111111111108,0.1098896861076355,0.7621013458129549,0.7621013458129549,0.0,0.04,0.9696969696969697,0.9696969696969697,81,1.0,5.2672505378723145,0.16458988189697266,0.95,0.9,0.9,0.0,0.9469809543389911,0.3717032479999034,0.3717032479999034,0.3717032479999034,0.03717032479999034,512,1377.4429003647906,8,1.0,1.0,1.0,64.0,64.0,0.04251687600117293,0.04251687600117293,1.0,1.0,1.0,64.0,64.0,0.04251687600117293,0.04251687600117293,1.0,1.0,1.0,64.0,64.0,0.04251687600117293,0.04251687600117293,1.0,1.0,1.0,64.0,64.0,0.04251687600117293,0.04251687600117293,0.21111111111111108
45,16,13141,genetic_cfe,Budget-matched genetic CFE,11,50125930,57125930,,none_generator_only,512,disease_to_no_disease,medium_confidence,1,0,0.9994454979896545,7.496885299682617,10,10,1.0,1.0,1.0,1.0,1.0,1.0,0.06481079757213593,0.4833333333333334,0.06961236894130707,0.652516154324201,0.652516154324201,0.0,0.0,0.8787878787878788,0.8787878787878788,81,1.0,5.73031759262085,0.4271397590637207,0.975,0.8,0.8,0.0,0.8955301024785477,0.4209851140003593,0.4209851140003593,0.4209851140003593,0.04209851140003593,512,1216.195022039575,8,1.0,1.0,1.0,64.0,64.0,0.04251237000062247,0.04251237000062247,1.0,1.0,1.0,64.0,64.0,0.04251237000062247,0.04251237000062247,1.0,1.0,1.0,64.0,64.0,0.04251237000062247,0.04251237000062247,1.0,1.0,1.0,64.0,64.0,0.04251237000062247,0.04251237000062247,0.4833333333333334
45,16,13141,dice_gradient_style,Custom DiCE-style gradient,11,50125930,57125930,,none_generator_only,512,disease_to_no_disease,medium_confidence,1,0,0.9994454979896545,7.496885299682617,1,1,1.0,1.0,0.1,0.1,1.0,0.0,0.09195791184902191,0.0,0.0,0.6958555662188862,0.6958555662188862,0.0,0.0,0.8461538461538461,0.8461538461538461,65,1.0,11.80845832824707,11.80845832824707,1.0,1.0,0.1,0.0,0.9821428571428572,0.11868763299935381,0.11868763299935381,,0.11868763299935381,512,4313.844560391457,1,1.0,1.0,1.0,512.0,512.0,0.11868763299935381,0.11868763299935381,0.0,,1.0,,512.0,,0.11868763299935381,0.0,,1.0,,512.0,,0.11868763299935381,0.0,,1.0,,512.0,,0.11868763299935381,0.0
45,16,13141,wachter_style,Custom Wachter-style gradient,11,50125930,57125930,,none_generator_only,512,disease_to_no_disease,medium_confidence,1,0,0.9994454979896545,7.496885299682617,1,1,1.0,1.0,0.1,0.1,1.0,0.0,0.09255960583686829,0.0,0.0,0.6955998284829457,0.6955998284829457,0.0,0.0,0.8461538461538461,0.8461538461538461,65,1.0,11.808025360107422,11.808025360107422,1.0,1.0,0.1,0.0,0.9821428571428572,0.10941817800085119,0.10941817800085119,,0.10941817800085119,512,4679.295610241445,1,1.0,1.0,1.0,512.0,512.0,0.10941817800085119,0.10941817800085119,0.0,,1.0,,512.0,,0.10941817800085119,0.0,,1.0,,512.0,,0.10941817800085119,0.0,,1.0,,512.0,,0.10941817800085119,0.0
46,16,13433,uniform_random,Uniform constrained random,11,51125933,58125933,,none_generator_only,512,disease_to_no_disease,medium_confidence,1,0,0.9987849593162537,6.711761951446533,10,10,1.0,1.0,1.0,1.0,1.0,1.0,0.08673454076051712,0.21666666666666665,0.12565773725509644,0.6497193729640091,0.6497193729640091,0.0,0.02,0.8484848484848485,0.8484848484848485,81,1.0,5.605485916137695,0.7056350708007812,0.975,0.8,0.8,0.0,0.9626382311688646,0.3783902200011653,0.3783902200011653,0.3783902200011653,0.03783902200011653,512,1353.1005108917013,8,1.0,1.0,1.0,64.0,64.0,0.044035165999957826,0.044035165999957826,1.0,1.0,1.0,64.0,64.0,0.044035165999957826,0.044035165999957826,1.0,1.0,1.0,64.0,64.0,0.044035165999957826,0.044035165999957826,1.0,1.0,1.0,64.0,64.0,0.044035165999957826,0.044035165999957826,0.21666666666666665
46,16,13433,genetic_cfe,Budget-matched genetic CFE,11,51125933,58125933,,none_generator_only,512,disease_to_no_disease,medium_confidence,1,0,0.9987849593162537,6.711761951446533,10,10,1.0,1.0,1.0,1.0,1.0,1.0,0.06477673351764679,0.4,0.0864139124751091,0.5467524293792492,0.5467524293792492,0.0,0.02,0.8484848484848485,0.8484848484848485,81,1.0,7.403872489929199,0.5194287300109863,0.9375,0.8,0.8,0.0,0.9370803722402691,0.4209532990007574,0.4209532990007574,0.4209532990007574,0.04209532990007574,512,1216.2869401792686,8,1.0,1.0,1.0,64.0,64.0,0.043537219000427285,0.043537219000427285,1.0,1.0,1.0,64.0,64.0,0.043537219000427285,0.043537219000427285,1.0,1.0,1.0,64.0,64.0,0.043537219000427285,0.043537219000427285,1.0,1.0,1.0,64.0,64.0,0.043537219000427285,0.043537219000427285,0.4
46,16,13433,dice_gradient_style,Custom DiCE-style gradient,11,51125933,58125933,,none_generator_only,512,disease_to_no_disease,medium_confidence,1,0,0.9987849593162537,6.711761951446533,1,1,1.0,1.0,0.1,0.1,1.0,0.0,0.06910762190818787,0.0,0.0,0.4393452005697296,0.4393452005697296,0.0,0.0,0.9615384615384616,0.9615384615384616,65,1.0,12.046245574951172,12.046245574951172,1.0,1.0,0.1,0.0,1.0,0.129178810000667,0.129178810000667,,0.129178810000667,512,3963.4983477348674,1,1.0,1.0,1.0,512.0,512.0,0.129178810000667,0.129178810000667,0.0,,1.0,,512.0,,0.129178810000667,0.0,,1.0,,512.0,,0.129178810000667,0.0,,1.0,,512.0,,0.129178810000667,0.0
46,16,13433,wachter_style,Custom Wachter-style gradient,11,51125933,58125933,,none_generator_only,512,disease_to_no_disease,medium_confidence,1,0,0.9987849593162537,6.711761951446533,1,1,1.0,1.0,0.1,0.1,1.0,0.0,0.06923435628414154,0.0,0.0,0.43696093265422026,0.43696093265422026,0.0,0.0,0.9615384615384616,0.9615384615384616,65,1.0,12.109886169433594,12.109886169433594,1.0,1.0,0.1,0.0,1.0,0.11106153999935486,0.11106153999935486,,0.11106153999935486,512,4610.056730736618,1,1.0,1.0,1.0,512.0,512.0,0.11106153999935486,0.11106153999935486,0.0,,1.0,,512.0,,0.11106153999935486,0.0,,1.0,,512.0,,0.11106153999935486,0.0,,1.0,,512.0,,0.11106153999935486,0.0
47,16,13932,uniform_random,Uniform constrained random,11,52125936,59125936,,none_generator_only,512,disease_to_no_disease,medium_confidence,1,0,0.9995385408401489,7.680655479431152,10,10,1.0,1.0,1.0,1.0,1.0,1.0,0.0846853256225586,0.20555555555555555,0.11343758553266525,0.751498689588762,0.751498689588762,0.0,0.0,0.9090909090909091,0.9090909090909091,81,1.0,4.411853313446045,0.7693343162536621,0.9875,0.9,0.9,0.0,0.9615424164290778,0.3617589699988457,0.3617589699988457,0.3617589699988457,0.03617589699988457,512,1415.3069929451472,8,1.0,1.0,1.0,64.0,64.0,0.04320906199973251,0.04320906199973251,1.0,1.0,1.0,64.0,64.0,0.04320906199973251,0.04320906199973251,1.0,1.0,1.0,64.0,64.0,0.04320906199973251,0.04320906199973251,1.0,1.0,1.0,64.0,64.0,0.04320906199973251,0.04320906199973251,0.20555555555555555
47,16,13932,genetic_cfe,Budget-matched genetic CFE,11,52125936,59125936,,none_generator_only,512,disease_to_no_disease,medium_confidence,1,0,0.9995385408401489,7.680655479431152,10,10,1.0,1.0,1.0,1.0,1.0,1.0,0.0623488649725914,0.40555555555555556,0.07683846354484558,0.6208847870325012,0.6208847870325012,0.0,0.0,0.8787878787878788,0.8787878787878788,81,1.0,4.628317832946777,1.7159194946289062,1.0,1.0,1.0,1.0,0.9262169430916571,0.4109739420000551,0.4109739420000551,0.4109739420000551,0.04109739420000551,512,1245.8210793324006,8,1.0,1.0,1.0,64.0,64.0,0.0412398900007247,0.0412398900007247,1.0,1.0,1.0,64.0,64.0,0.0412398900007247,0.0412398900007247,1.0,1.0,1.0,64.0,64.0,0.0412398900007247,0.0412398900007247,1.0,1.0,1.0,64.0,64.0,0.0412398900007247,0.0412398900007247,0.40555555555555556
47,16,13932,dice_gradient_style,Custom DiCE-style gradient,11,52125936,59125936,,none_generator_only,512,disease_to_no_disease,medium_confidence,1,0,0.9995385408401489,7.680655479431152,1,1,1.0,1.0,0.1,0.1,1.0,0.0,0.07644667476415634,0.0,0.0,0.6154021804764499,0.6154021804764499,0.0,0.0,1.0,1.0,65,1.0,11.544228553771973,11.544228553771973,1.0,1.0,0.1,0.0,1.0,0.14317683999979636,0.14317683999979636,,0.14317683999979636,512,3575.9973470620544,1,1.0,1.0,1.0,512.0,512.0,0.14317683999979636,0.14317683999979636,0.0,,1.0,,512.0,,0.14317683999979636,0.0,,1.0,,512.0,,0.14317683999979636,0.0,,1.0,,512.0,,0.14317683999979636,0.0
47,16,13932,wachter_style,Custom Wachter-style gradient,11,52125936,59125936,,none_generator_only,512,disease_to_no_disease,medium_confidence,1,0,0.9995385408401489,7.680655479431152,1,1,1.0,1.0,0.1,0.1,1.0,0.0,0.07687133550643921,0.0,0.0,0.6151588431151976,0.6151588431151976,0.0,0.0,1.0,1.0,65,1.0,11.53695297241211,11.53695297241211,1.0,1.0,0.1,0.0,1.0,0.10447575199941639,0.10447575199941639,,0.10447575199941639,512,4900.658671524662,1,1.0,1.0,1.0,512.0,512.0,0.10447575199941639,0.10447575199941639,0.0,,1.0,,512.0,,0.10447575199941639,0.0,,1.0,,512.0,,0.10447575199941639,0.0,,1.0,,512.0,,0.10447575199941639,0.0
48,16,14666,uniform_random,Uniform constrained random,11,53125939,60125939,,none_generator_only,512,disease_to_no_disease,medium_confidence,1,0,0.9989519119262695,6.859738826751709,10,10,1.0,1.0,1.0,1.0,1.0,1.0,0.08639123290777206,0.16666666666666666,0.11911377310752869,0.6097262938756278,0.6097262938756278,0.0,0.0,0.8484848484848485,0.8484848484848485,81,1.0,4.154983997344971,0.2134556770324707,0.9,0.7,0.7,0.0,0.977585989787568,0.3797999260004872,0.3797999260004872,0.3797999260004872,0.037979992600048716,512,1348.0781984126643,8,1.0,1.0,1.0,64.0,64.0,0.041594570999222924,0.041594570999222924,1.0,1.0,1.0,64.0,64.0,0.041594570999222924,0.041594570999222924,1.0,1.0,1.0,64.0,64.0,0.041594570999222924,0.041594570999222924,1.0,2.0,2.0,128.0,128.0,0.08582146200023999,0.08582146200023999,0.16666666666666666
48,16,14666,genetic_cfe,Budget-matched genetic CFE,11,53125939,60125939,,none_generator_only,512,disease_to_no_disease,medium_confidence,1,0,0.9989519119262695,6.859738826751709,10,10,1.0,1.0,1.0,1.0,1.0,1.0,0.0640614926815033,0.43888888888888883,0.08268726617097855,0.4954081517927455,0.4954081517927455,0.0,0.0,0.9090909090909091,0.9090909090909091,81,1.0,7.557326316833496,1.6764349937438965,1.0,1.0,1.0,1.0,0.8997117650002291,0.4089545590013586,0.4089545590013586,0.4089545590013586,0.04089545590013586,512,1251.9728383766449,8,1.0,1.0,1.0,64.0,64.0,0.04383512100139342,0.04383512100139342,1.0,1.0,1.0,64.0,64.0,0.04383512100139342,0.04383512100139342,1.0,1.0,1.0,64.0,64.0,0.04383512100139342,0.04383512100139342,1.0,2.0,2.0,128.0,128.0,0.08966279400010535,0.08966279400010535,0.43888888888888883
48,16,14666,dice_gradient_style,Custom DiCE-style gradient,11,53125939,60125939,,none_generator_only,512,disease_to_no_disease,medium_confidence,1,0,0.9989519119262695,6.859738826751709,1,1,1.0,1.0,0.1,0.1,1.0,0.0,0.07185010612010956,0.0,0.0,0.3713507634264728,0.3713507634264728,0.0,0.0,0.8846153846153846,0.8846153846153846,65,1.0,12.176271438598633,12.176271438598633,1.0,1.0,0.1,0.0,1.0,0.1080484060003073,0.1080484060003073,,0.1080484060003073,512,4738.616875093408,1,1.0,1.0,1.0,512.0,512.0,0.1080484060003073,0.1080484060003073,0.0,,1.0,,512.0,,0.1080484060003073,0.0,,1.0,,512.0,,0.1080484060003073,0.0,,1.0,,512.0,,0.1080484060003073,0.0
48,16,14666,wachter_style,Custom Wachter-style gradient,11,53125939,60125939,,none_generator_only,512,disease_to_no_disease,medium_confidence,1,0,0.9989519119262695,6.859738826751709,1,1,1.0,1.0,0.1,0.1,1.0,0.0,0.07265523821115494,0.0,0.0,0.37734388690437554,0.37734388690437554,0.0,0.0,0.8846153846153846,0.8846153846153846,65,1.0,11.86046028137207,11.86046028137207,1.0,1.0,0.1,0.0,1.0,0.10541427099997236,0.10541427099997236,,0.10541427099997236,512,4857.027375355413,1,1.0,1.0,1.0,512.0,512.0,0.10541427099997236,0.10541427099997236,0.0,,1.0,,512.0,,0.10541427099997236,0.0,,1.0,,512.0,,0.10541427099997236,0.0,,1.0,,512.0,,0.10541427099997236,0.0
49,20,15525,uniform_random,Uniform constrained random,11,54125942,61125942,,none_generator_only,512,disease_to_no_disease,medium_confidence,1,0,0.999392032623291,7.404781341552734,10,10,1.0,1.0,1.0,1.0,1.0,1.0,0.09072737395763397,0.1833333333333333,0.1265380084514618,0.6729652475684977,0.6729652475684977,0.1,0.0,0.7878787878787878,0.7878787878787878,81,1.0,4.51360559463501,1.2515687942504883,0.9875,0.9,0.9,0.0,0.9592306443453552,0.36763059600161796,0.36763059600161796,0.36763059600161796,0.036763059600161796,512,1392.7023636458885,8,1.0,1.0,1.0,64.0,64.0,0.044522797001263825,0.044522797001263825,1.0,1.0,1.0,64.0,64.0,0.044522797001263825,0.044522797001263825,1.0,1.0,1.0,64.0,64.0,0.044522797001263825,0.044522797001263825,1.0,1.0,1.0,64.0,64.0,0.044522797001263825,0.044522797001263825,0.1833333333333333
49,20,15525,genetic_cfe,Budget-matched genetic CFE,11,54125942,61125942,,none_generator_only,512,disease_to_no_disease,medium_confidence,1,0,0.999392032623291,7.404781341552734,10,10,1.0,1.0,1.0,1.0,1.0,1.0,0.07828985899686813,0.40555555555555556,0.09657108783721924,0.6849357728110805,0.6849357728110805,0.0,0.02,0.9090909090909091,0.9090909090909091,81,1.0,8.018416404724121,1.4272418022155762,1.0,1.0,1.0,1.0,0.9310279882207798,0.4170684569999139,0.4170684569999139,0.4170684569999139,0.04170684569999139,512,1227.6162136138378,8,1.0,1.0,1.0,64.0,64.0,0.04364481899938255,0.04364481899938255,1.0,1.0,1.0,64.0,64.0,0.04364481899938255,0.04364481899938255,1.0,1.0,1.0,64.0,64.0,0.04364481899938255,0.04364481899938255,1.0,1.0,1.0,64.0,64.0,0.04364481899938255,0.04364481899938255,0.40555555555555556
49,20,15525,dice_gradient_style,Custom DiCE-style gradient,11,54125942,61125942,,none_generator_only,512,disease_to_no_disease,medium_confidence,1,0,0.999392032623291,7.404781341552734,1,1,1.0,1.0,0.1,0.1,1.0,0.0,0.07510089129209518,0.0,0.0,0.5500950687291544,0.5500950687291544,0.0,0.0,0.9230769230769231,0.9230769230769231,65,1.0,10.52217960357666,10.52217960357666,1.0,1.0,0.1,0.0,1.0,0.11229905600157508,0.11229905600157508,,0.11229905600157508,512,4559.254709966741,1,1.0,1.0,1.0,512.0,512.0,0.11229905600157508,0.11229905600157508,0.0,,1.0,,512.0,,0.11229905600157508,0.0,,1.0,,512.0,,0.11229905600157508,0.0,,1.0,,512.0,,0.11229905600157508,0.0
49,20,15525,wachter_style,Custom Wachter-style gradient,11,54125942,61125942,,none_generator_only,512,disease_to_no_disease,medium_confidence,1,0,0.999392032623291,7.404781341552734,1,1,1.0,1.0,0.1,0.1,1.0,0.0,0.07580025494098663,0.0,0.0,0.5487916965865077,0.5487916965865077,0.0,0.0,0.9230769230769231,0.9230769230769231,65,1.0,10.53428840637207,10.53428840637207,1.0,1.0,0.1,0.0,1.0,0.1043268409994198,0.1043268409994198,,0.1043268409994198,512,4907.653630601615,1,1.0,1.0,1.0,512.0,512.0,0.1043268409994198,0.1043268409994198,0.0,,1.0,,512.0,,0.1043268409994198,0.0,,1.0,,512.0,,0.1043268409994198,0.0,,1.0,,512.0,,0.1043268409994198,0.0
50,20,15540,uniform_random,Uniform constrained random,11,55125945,62125945,,none_generator_only,512,disease_to_no_disease,medium_confidence,1,0,0.9999464750289917,9.835309028625488,10,10,1.0,1.0,1.0,1.0,1.0,1.0,0.08465340733528137,0.14444444444444446,0.11220633238554001,0.643805222706402,0.643805222706402,0.0,0.0,0.9696969696969697,0.9696969696969697,81,1.0,4.6279706954956055,0.4351983070373535,0.9625,0.8,0.8,0.0,0.9678664289834483,0.36211748300047475,0.36211748300047475,0.36211748300047475,0.036211748300047475,512,1413.9057737770943,8,1.0,1.0,1.0,64.0,64.0,0.04403169800025353,0.04403169800025353,1.0,1.0,1.0,64.0,64.0,0.04403169800025353,0.04403169800025353,1.0,1.0,1.0,64.0,64.0,0.04403169800025353,0.04403169800025353,1.0,1.0,1.0,64.0,64.0,0.04403169800025353,0.04403169800025353,0.14444444444444446
50,20,15540,genetic_cfe,Budget-matched genetic CFE,11,55125945,62125945,,none_generator_only,512,disease_to_no_disease,medium_confidence,1,0,0.9999464750289917,9.835309028625488,10,10,1.0,1.0,1.0,1.0,1.0,1.0,0.07317551225423813,0.37777777777777777,0.08300897479057312,0.559768629811987,0.559768629811987,0.0,0.02,0.8181818181818182,0.8181818181818182,81,1.0,7.363394260406494,1.6248583793640137,1.0,1.0,1.0,1.0,0.9362202598126512,0.39537232299881,0.39537232299881,0.39537232299881,0.039537232299881,512,1294.9818948291459,8,1.0,1.0,1.0,64.0,64.0,0.042002508000223315,0.042002508000223315,1.0,1.0,1.0,64.0,64.0,0.042002508000223315,0.042002508000223315,1.0,1.0,1.0,64.0,64.0,0.042002508000223315,0.042002508000223315,1.0,1.0,1.0,64.0,64.0,0.042002508000223315,0.042002508000223315,0.37777777777777777
50,20,15540,dice_gradient_style,Custom DiCE-style gradient,11,55125945,62125945,,none_generator_only,512,disease_to_no_disease,medium_confidence,1,0,0.9999464750289917,9.835309028625488,1,1,1.0,1.0,0.1,0.1,1.0,0.0,0.08610646426677704,0.0,0.0,0.5413458846743546,0.5413458846743546,0.0,0.0,0.9615384615384616,0.9615384615384616,65,1.0,10.575565338134766,10.575565338134766,1.0,1.0,0.1,0.0,1.0,0.11281493100068474,0.11281493100068474,,0.11281493100068474,512,4538.406356840234,1,1.0,1.0,1.0,512.0,512.0,0.11281493100068474,0.11281493100068474,0.0,,1.0,,512.0,,0.11281493100068474,0.0,,1.0,,512.0,,0.11281493100068474,0.0,,1.0,,512.0,,0.11281493100068474,0.0
50,20,15540,wachter_style,Custom Wachter-style gradient,11,55125945,62125945,,none_generator_only,512,disease_to_no_disease,medium_confidence,1,0,0.9999464750289917,9.835309028625488,1,1,1.0,1.0,0.1,0.1,1.0,0.0,0.0862220823764801,0.0,0.0,0.5416461486052208,0.5416461486052208,0.0,0.0,0.9615384615384616,0.9615384615384616,65,1.0,10.576373100280762,10.576373100280762,1.0,1.0,0.1,0.0,1.0,0.10136313599832647,0.10136313599832647,,0.10136313599832647,512,5051.14601040415,1,1.0,1.0,1.0,512.0,512.0,0.10136313599832647,0.10136313599832647,0.0,,1.0,,512.0,,0.10136313599832647,0.0,,1.0,,512.0,,0.10136313599832647,0.0,,1.0,,512.0,,0.10136313599832647,0.0
51,20,16022,uniform_random,Uniform constrained random,11,56125948,63125948,,none_generator_only,512,disease_to_no_disease,medium_confidence,1,0,0.9983004927635193,6.375715732574463,10,10,1.0,1.0,1.0,1.0,1.0,1.0,0.10216455161571503,0.21666666666666665,0.13915179669857025,0.732707312125991,0.732707312125991,0.0,0.0,0.8484848484848485,0.8484848484848485,81,1.0,4.682648181915283,0.5971589088439941,0.95,0.8,0.8,0.0,0.9798575208959663,0.36404773900176224,0.36404773900176224,0.36404773900176224,0.03640477390017623,512,1406.4089545067097,8,1.0,1.0,1.0,64.0,64.0,0.04313581700080249,0.04313581700080249,1.0,1.0,1.0,64.0,64.0,0.04313581700080249,0.04313581700080249,1.0,1.0,1.0,64.0,64.0,0.04313581700080249,0.04313581700080249,1.0,1.0,1.0,64.0,64.0,0.04313581700080249,0.04313581700080249,0.21666666666666665
51,20,16022,genetic_cfe,Budget-matched genetic CFE,11,56125948,63125948,,none_generator_only,512,disease_to_no_disease,medium_confidence,1,0,0.9983004927635193,6.375715732574463,10,10,1.0,1.0,1.0,1.0,1.0,1.0,0.0653463676571846,0.4777777777777777,0.07776877284049988,0.5926445623619508,0.5926445623619508,0.0,0.0,0.8787878787878788,0.8787878787878788,81,1.0,4.5379791259765625,0.25513124465942383,0.9375,0.9,0.9,0.0,0.9189915084420148,0.4150291410005593,0.4150291410005593,0.4150291410005593,0.04150291410005593,512,1233.6483138645679,8,1.0,1.0,1.0,64.0,64.0,0.04601034200095455,0.04601034200095455,1.0,1.0,1.0,64.0,64.0,0.04601034200095455,0.04601034200095455,1.0,1.0,1.0,64.0,64.0,0.04601034200095455,0.04601034200095455,1.0,1.0,1.0,64.0,64.0,0.04601034200095455,0.04601034200095455,0.4777777777777777
51,20,16022,dice_gradient_style,Custom DiCE-style gradient,11,56125948,63125948,,none_generator_only,512,disease_to_no_disease,medium_confidence,1,0,0.9983004927635193,6.375715732574463,1,1,1.0,1.0,0.1,0.1,1.0,0.0,0.09671983122825623,0.05555555555555558,0.0,0.5740404055003261,0.5740404055003261,0.0,0.0,0.9615384615384616,0.9615384615384616,65,1.0,9.638389587402344,9.638389587402344,1.0,1.0,0.1,0.0,1.0,0.11302790999980061,0.11302790999980061,,0.11302790999980061,512,4529.854617332155,1,1.0,1.0,1.0,512.0,512.0,0.11302790999980061,0.11302790999980061,0.0,,1.0,,512.0,,0.11302790999980061,0.0,,1.0,,512.0,,0.11302790999980061,0.0,,1.0,,512.0,,0.11302790999980061,0.05555555555555558
51,20,16022,wachter_style,Custom Wachter-style gradient,11,56125948,63125948,,none_generator_only,512,disease_to_no_disease,medium_confidence,1,0,0.9983004927635193,6.375715732574463,1,1,1.0,1.0,0.1,0.1,1.0,0.0,0.09684427082538605,0.05555555555555558,0.0,0.5746163991727568,0.5746163991727568,0.0,0.0,0.9615384615384616,0.9615384615384616,65,1.0,9.617269515991211,9.617269515991211,1.0,1.0,0.1,0.0,1.0,0.10323371199956455,0.10323371199956455,,0.10323371199956455,512,4959.620167510393,1,1.0,1.0,1.0,512.0,512.0,0.10323371199956455,0.10323371199956455,0.0,,1.0,,512.0,,0.10323371199956455,0.0,,1.0,,512.0,,0.10323371199956455,0.0,,1.0,,512.0,,0.10323371199956455,0.05555555555555558
52,20,16158,uniform_random,Uniform constrained random,11,57125951,64125951,,none_generator_only,512,disease_to_no_disease,medium_confidence,1,0,0.9976486563682556,6.050414085388184,10,10,1.0,1.0,1.0,1.0,1.0,1.0,0.08479928970336914,0.2555555555555556,0.11169684678316116,0.7697865062813982,0.7697865062813982,0.0,0.0,0.7878787878787878,0.7878787878787878,81,1.0,2.230590343475342,0.712552547454834,0.9625,0.7,0.7,0.0,0.9615344395872881,0.37309916599951976,0.37309916599951976,0.37309916599951976,0.037309916599951976,512,1372.2893178503086,8,1.0,1.0,1.0,64.0,64.0,0.045848801999454736,0.045848801999454736,1.0,1.0,1.0,64.0,64.0,0.045848801999454736,0.045848801999454736,1.0,1.0,1.0,64.0,64.0,0.045848801999454736,0.045848801999454736,1.0,1.0,1.0,64.0,64.0,0.045848801999454736,0.045848801999454736,0.2555555555555556
52,20,16158,genetic_cfe,Budget-matched genetic CFE,11,57125951,64125951,,none_generator_only,512,disease_to_no_disease,medium_confidence,1,0,0.9976486563682556,6.050414085388184,10,10,1.0,1.0,1.0,1.0,1.0,1.0,0.07227042317390442,0.4888888888888888,0.0803632065653801,0.7180586471476307,0.7180586471476307,0.0,0.12,0.9696969696969697,0.9696969696969697,81,1.0,4.607148170471191,0.2900390625,0.9,0.6,0.6,0.0,0.9064175493371887,0.4497007299996767,0.4497007299996767,0.4497007299996767,0.04497007299996767,512,1138.5349541246421,8,1.0,1.0,1.0,64.0,64.0,0.050603506999323145,0.050603506999323145,1.0,1.0,1.0,64.0,64.0,0.050603506999323145,0.050603506999323145,1.0,1.0,1.0,64.0,64.0,0.050603506999323145,0.050603506999323145,1.0,1.0,1.0,64.0,64.0,0.050603506999323145,0.050603506999323145,0.4888888888888888
52,20,16158,dice_gradient_style,Custom DiCE-style gradient,11,57125951,64125951,,none_generator_only,512,disease_to_no_disease,medium_confidence,1,0,0.9976486563682556,6.050414085388184,1,1,1.0,1.0,0.1,0.1,1.0,0.0,0.08637761324644089,0.16666666666666663,0.0,0.7383453807827347,0.7383453807827347,0.0,0.0,0.8076923076923077,0.8076923076923077,65,1.0,9.94446849822998,9.94446849822998,1.0,1.0,0.1,0.0,1.0,0.10735559400018246,0.10735559400018246,,0.10735559400018246,512,4769.197215742011,1,1.0,1.0,1.0,512.0,512.0,0.10735559400018246,0.10735559400018246,0.0,,1.0,,512.0,,0.10735559400018246,0.0,,1.0,,512.0,,0.10735559400018246,0.0,,1.0,,512.0,,0.10735559400018246,0.16666666666666663
52,20,16158,wachter_style,Custom Wachter-style gradient,11,57125951,64125951,,none_generator_only,512,disease_to_no_disease,medium_confidence,1,0,0.9976486563682556,6.050414085388184,1,1,1.0,1.0,0.1,0.1,1.0,0.0,0.08637755364179611,0.16666666666666663,0.0,0.7371393457170695,0.7371393457170695,0.0,0.0,0.8076923076923077,0.8076923076923077,65,1.0,9.87713623046875,9.87713623046875,1.0,1.0,0.1,0.0,1.0,0.09883664500011946,0.09883664500011946,,0.09883664500011946,512,5180.264870376581,1,1.0,1.0,1.0,512.0,512.0,0.09883664500011946,0.09883664500011946,0.0,,1.0,,512.0,,0.09883664500011946,0.0,,1.0,,512.0,,0.09883664500011946,0.0,,1.0,,512.0,,0.09883664500011946,0.16666666666666663
53,20,16207,uniform_random,Uniform constrained random,11,58125954,65125954,,none_generator_only,512,disease_to_no_disease,medium_confidence,1,0,0.9994027614593506,7.422596454620361,10,10,1.0,1.0,1.0,1.0,1.0,1.0,0.08530651032924652,0.20555555555555555,0.11647063493728638,0.7171148389563716,0.7171148389563716,0.0,0.0,0.7878787878787878,0.7878787878787878,81,1.0,3.0271854400634766,0.432070255279541,0.9375,0.8,0.8,0.0,0.9579469565172612,0.36191700599920296,0.36191700599920296,0.36191700599920296,0.036191700599920294,512,1414.688979829612,8,1.0,1.0,1.0,64.0,64.0,0.043241822999334545,0.043241822999334545,1.0,1.0,1.0,64.0,64.0,0.043241822999334545,0.043241822999334545,1.0,1.0,1.0,64.0,64.0,0.043241822999334545,0.043241822999334545,1.0,1.0,1.0,64.0,64.0,0.043241822999334545,0.043241822999334545,0.20555555555555555
53,20,16207,genetic_cfe,Budget-matched genetic CFE,11,58125954,65125954,,none_generator_only,512,disease_to_no_disease,medium_confidence,1,0,0.9994027614593506,7.422596454620361,10,10,1.0,1.0,1.0,1.0,1.0,1.0,0.06861945986747742,0.5111111111111112,0.06728958338499069,0.5775869713043971,0.5775869713043971,0.0,0.0,0.8787878787878788,0.8787878787878788,81,1.0,7.57098388671875,1.6745142936706543,1.0,1.0,1.0,1.0,0.8968844013491258,0.3942301259994565,0.3942301259994565,0.3942301259994565,0.03942301259994565,512,1298.7338263456452,8,1.0,1.0,1.0,64.0,64.0,0.042041240998514695,0.042041240998514695,1.0,1.0,1.0,64.0,64.0,0.042041240998514695,0.042041240998514695,1.0,1.0,1.0,64.0,64.0,0.042041240998514695,0.042041240998514695,1.0,1.0,1.0,64.0,64.0,0.042041240998514695,0.042041240998514695,0.5111111111111112
53,20,16207,dice_gradient_style,Custom DiCE-style gradient,11,58125954,65125954,,none_generator_only,512,disease_to_no_disease,medium_confidence,1,0,0.9994027614593506,7.422596454620361,1,1,1.0,1.0,0.1,0.1,1.0,0.0,0.07716763764619827,0.0,0.0,0.6162035773482878,0.6162035773482878,0.0,0.0,0.9230769230769231,0.9230769230769231,65,1.0,10.148004531860352,10.148004531860352,1.0,1.0,0.1,0.0,1.0,0.11198175699973945,0.11198175699973945,,0.11198175699973945,512,4572.173304989234,1,1.0,1.0,1.0,512.0,512.0,0.11198175699973945,0.11198175699973945,0.0,,1.0,,512.0,,0.11198175699973945,0.0,,1.0,,512.0,,0.11198175699973945,0.0,,1.0,,512.0,,0.11198175699973945,0.0
53,20,16207,wachter_style,Custom Wachter-style gradient,11,58125954,65125954,,none_generator_only,512,disease_to_no_disease,medium_confidence,1,0,0.9994027614593506,7.422596454620361,1,1,1.0,1.0,0.1,0.1,1.0,0.0,0.07732822000980377,0.0,0.0,0.6161082981150852,0.6161082981150852,0.0,0.0,0.9230769230769231,0.9230769230769231,65,1.0,10.145952224731445,10.145952224731445,1.0,1.0,0.1,0.0,1.0,0.10062008800014155,0.10062008800014155,,0.10062008800014155,512,5088.447149830357,1,1.0,1.0,1.0,512.0,512.0,0.10062008800014155,0.10062008800014155,0.0,,1.0,,512.0,,0.10062008800014155,0.0,,1.0,,512.0,,0.10062008800014155,0.0,,1.0,,512.0,,0.10062008800014155,0.0
54,26,16295,uniform_random,Uniform constrained random,11,59125957,66125957,,none_generator_only,512,disease_to_no_disease,medium_confidence,1,0,0.9948486089706421,5.263323783874512,10,10,1.0,1.0,1.0,1.0,1.0,1.0,0.08376456797122955,0.17777777777777776,0.11131179332733154,0.6153206125603843,0.6153206125603843,0.0,0.0,0.8181818181818182,0.8181818181818182,81,1.0,2.5383410453796387,0.3919692039489746,0.975,0.8,0.8,0.0,0.9581990855823402,0.37174672100081807,0.37174672100081807,0.37174672100081807,0.03717467210008181,512,1377.2818187113835,8,1.0,1.0,1.0,64.0,64.0,0.042602813000485185,0.042602813000485185,1.0,1.0,1.0,64.0,64.0,0.042602813000485185,0.042602813000485185,1.0,1.0,1.0,64.0,64.0,0.042602813000485185,0.042602813000485185,1.0,1.0,1.0,64.0,64.0,0.042602813000485185,0.042602813000485185,0.17777777777777776
54,26,16295,genetic_cfe,Budget-matched genetic CFE,11,59125957,66125957,,none_generator_only,512,disease_to_no_disease,medium_confidence,1,0,0.9948486089706421,5.263323783874512,10,10,1.0,1.0,1.0,1.0,1.0,1.0,0.07234974205493927,0.42777777777777776,0.09420758485794067,0.6199698686221689,0.6199698686221689,0.1,0.0,0.8181818181818182,0.8181818181818182,81,1.0,5.695988655090332,1.7141666412353516,1.0,1.0,1.0,1.0,0.9152918758078942,0.40998464599942963,0.40998464599942963,0.40998464599942963,0.04099846459994296,512,1248.82725486435,8,1.0,1.0,1.0,64.0,64.0,0.04404168200017011,0.04404168200017011,1.0,1.0,1.0,64.0,64.0,0.04404168200017011,0.04404168200017011,1.0,1.0,1.0,64.0,64.0,0.04404168200017011,0.04404168200017011,1.0,1.0,1.0,64.0,64.0,0.04404168200017011,0.04404168200017011,0.42777777777777776
54,26,16295,dice_gradient_style,Custom DiCE-style gradient,11,59125957,66125957,,none_generator_only,512,disease_to_no_disease,medium_confidence,1,0,0.9948486089706421,5.263323783874512,1,1,1.0,1.0,0.1,0.1,1.0,0.0,0.07293955981731415,0.0,0.0,0.4846006078987564,0.4846006078987564,0.0,0.0,0.8461538461538461,0.8461538461538461,65,1.0,9.885602951049805,9.885602951049805,1.0,1.0,0.1,0.0,1.0,0.10955366300004243,0.10955366300004243,,0.10955366300004243,512,4673.508726036862,1,1.0,1.0,1.0,512.0,512.0,0.10955366300004243,0.10955366300004243,0.0,,1.0,,512.0,,0.10955366300004243,0.0,,1.0,,512.0,,0.10955366300004243,0.0,,1.0,,512.0,,0.10955366300004243,0.0
54,26,16295,wachter_style,Custom Wachter-style gradient,11,59125957,66125957,,none_generator_only,512,disease_to_no_disease,medium_confidence,1,0,0.9948486089706421,5.263323783874512,1,1,1.0,1.0,0.1,0.1,1.0,0.0,0.07335849851369858,0.0,0.0,0.48478053594937126,0.48478053594937126,0.0,0.0,0.8461538461538461,0.8461538461538461,65,1.0,9.898127555847168,9.898127555847168,1.0,1.0,0.1,0.0,1.0,0.10251262299971131,0.10251262299971131,,0.10251262299971131,512,4994.506871621476,1,1.0,1.0,1.0,512.0,512.0,0.10251262299971131,0.10251262299971131,0.0,,1.0,,512.0,,0.10251262299971131,0.0,,1.0,,512.0,,0.10251262299971131,0.0,,1.0,,512.0,,0.10251262299971131,0.0
55,26,16325,uniform_random,Uniform constrained random,11,60125960,67125960,,none_generator_only,512,disease_to_no_disease,medium_confidence,1,0,0.9974963068962097,5.987481594085693,10,10,1.0,1.0,1.0,1.0,1.0,1.0,0.08836133033037186,0.19444444444444442,0.11561869829893112,0.6170023571333096,0.6170023571333096,0.0,0.02,0.8484848484848485,0.8484848484848485,81,1.0,7.185630798339844,1.4349284172058105,1.0,1.0,1.0,1.0,0.9686647827592628,0.3717005369999242,0.3717005369999242,0.3717005369999242,0.03717005369999242,512,1377.4529467524133,8,1.0,1.0,1.0,64.0,64.0,0.042682307999712066,0.042682307999712066,1.0,1.0,1.0,64.0,64.0,0.042682307999712066,0.042682307999712066,1.0,1.0,1.0,64.0,64.0,0.042682307999712066,0.042682307999712066,1.0,1.0,1.0,64.0,64.0,0.042682307999712066,0.042682307999712066,0.19444444444444442
55,26,16325,genetic_cfe,Budget-matched genetic CFE,11,60125960,67125960,,none_generator_only,512,disease_to_no_disease,medium_confidence,1,0,0.9974963068962097,5.987481594085693,10,10,1.0,1.0,1.0,1.0,1.0,1.0,0.06887437403202057,0.5055555555555556,0.08302325010299683,0.6138928267014594,0.6138928267014594,0.0,0.0,0.9393939393939394,0.9393939393939394,81,1.0,8.792240142822266,0.9903979301452637,0.9875,0.9,0.9,0.0,0.8852206323841975,0.40594251900074596,0.40594251900074596,0.40594251900074596,0.040594251900074596,512,1261.2623118670138,8,1.0,1.0,1.0,64.0,64.0,0.04296307799995702,0.04296307799995702,1.0,1.0,1.0,64.0,64.0,0.04296307799995702,0.04296307799995702,1.0,1.0,1.0,64.0,64.0,0.04296307799995702,0.04296307799995702,1.0,1.0,1.0,64.0,64.0,0.04296307799995702,0.04296307799995702,0.5055555555555556
55,26,16325,dice_gradient_style,Custom DiCE-style gradient,11,60125960,67125960,,none_generator_only,512,disease_to_no_disease,medium_confidence,1,0,0.9974963068962097,5.987481594085693,1,1,1.0,1.0,0.1,0.1,1.0,0.0,0.0707969218492508,0.05555555555555558,0.0,0.4034634955639835,0.4034634955639835,0.0,0.0,0.9230769230769231,0.9230769230769231,65,1.0,10.98961353302002,10.98961353302002,1.0,1.0,0.1,0.0,1.0,0.11142356600066705,0.11142356600066705,,0.11142356600066705,512,4595.078208113846,1,1.0,1.0,1.0,512.0,512.0,0.11142356600066705,0.11142356600066705,0.0,,1.0,,512.0,,0.11142356600066705,0.0,,1.0,,512.0,,0.11142356600066705,0.0,,1.0,,512.0,,0.11142356600066705,0.05555555555555558
55,26,16325,wachter_style,Custom Wachter-style gradient,11,60125960,67125960,,none_generator_only,512,disease_to_no_disease,medium_confidence,1,0,0.9974963068962097,5.987481594085693,1,1,1.0,1.0,0.1,0.1,1.0,0.0,0.07121746242046356,0.05555555555555558,0.0,0.40032694713605294,0.40032694713605294,0.0,0.0,0.9230769230769231,0.9230769230769231,65,1.0,10.991228103637695,10.991228103637695,1.0,1.0,0.1,0.0,0.9892857142857143,0.0986913149990869,0.0986913149990869,,0.0986913149990869,512,5187.893179908861,1,1.0,1.0,1.0,512.0,512.0,0.0986913149990869,0.0986913149990869,0.0,,1.0,,512.0,,0.0986913149990869,0.0,,1.0,,512.0,,0.0986913149990869,0.0,,1.0,,512.0,,0.0986913149990869,0.05555555555555558
56,26,16330,uniform_random,Uniform constrained random,11,61125963,68125963,,none_generator_only,512,disease_to_no_disease,medium_confidence,1,0,0.9934297204017639,5.018607139587402,10,10,1.0,1.0,1.0,1.0,1.0,1.0,0.0914844498038292,0.23888888888888887,0.12776373326778412,0.5886292213444105,0.5886292213444105,0.0,0.13999999999999999,0.8787878787878788,0.8787878787878788,81,1.0,5.008142948150635,0.24100637435913086,0.975,0.9,0.9,0.0,0.957800251864103,0.37314906299980066,0.37314906299980066,0.37314906299980066,0.037314906299980063,512,1372.1058171336572,8,1.0,1.0,1.0,64.0,64.0,0.043467396000778535,0.043467396000778535,1.0,1.0,1.0,64.0,64.0,0.043467396000778535,0.043467396000778535,1.0,1.0,1.0,64.0,64.0,0.043467396000778535,0.043467396000778535,1.0,1.0,1.0,64.0,64.0,0.043467396000778535,0.043467396000778535,0.23888888888888887
56,26,16330,genetic_cfe,Budget-matched genetic CFE,11,61125963,68125963,,none_generator_only,512,disease_to_no_disease,medium_confidence,1,0,0.9934297204017639,5.018607139587402,10,10,1.0,1.0,1.0,1.0,1.0,1.0,0.060555946081876755,0.5111111111111111,0.05995231866836548,0.4694312524667227,0.4694312524667227,0.0,0.0,0.8181818181818182,0.8181818181818182,81,1.0,7.522305488586426,3.9350428581237793,1.0,1.0,1.0,1.0,0.8819232698453489,0.42849997700068343,0.42849997700068343,0.42849997700068343,0.042849997700068344,512,1194.865875101747,8,1.0,1.0,1.0,64.0,64.0,0.04328365599940298,0.04328365599940298,1.0,1.0,1.0,64.0,64.0,0.04328365599940298,0.04328365599940298,1.0,1.0,1.0,64.0,64.0,0.04328365599940298,0.04328365599940298,1.0,1.0,1.0,64.0,64.0,0.04328365599940298,0.04328365599940298,0.5111111111111111
56,26,16330,dice_gradient_style,Custom DiCE-style gradient,11,61125963,68125963,,none_generator_only,512,disease_to_no_disease,medium_confidence,1,0,0.9934297204017639,5.018607139587402,1,1,1.0,1.0,0.1,0.1,1.0,0.0,0.08568363636732101,0.0,0.0,0.5720493830010391,0.5720493830010391,0.0,0.0,0.9615384615384616,0.9615384615384616,65,1.0,10.935660362243652,10.935660362243652,1.0,1.0,0.1,0.0,1.0,0.10924837200036563,0.10924837200036563,,0.10924837200036563,512,4686.568693200174,1,1.0,1.0,1.0,512.0,512.0,0.10924837200036563,0.10924837200036563,0.0,,1.0,,512.0,,0.10924837200036563,0.0,,1.0,,512.0,,0.10924837200036563,0.0,,1.0,,512.0,,0.10924837200036563,0.0
56,26,16330,wachter_style,Custom Wachter-style gradient,11,61125963,68125963,,none_generator_only,512,disease_to_no_disease,medium_confidence,1,0,0.9934297204017639,5.018607139587402,1,1,1.0,1.0,0.1,0.1,1.0,0.0,0.08633075654506683,0.0,0.0,0.5739177452162211,0.5739177452162211,0.0,0.0,0.9615384615384616,0.9615384615384616,65,1.0,10.944747924804688,10.944747924804688,1.0,1.0,0.1,0.0,1.0,0.10029508600018744,0.10029508600018744,,0.10029508600018744,512,5104.936048402642,1,1.0,1.0,1.0,512.0,512.0,0.10029508600018744,0.10029508600018744,0.0,,1.0,,512.0,,0.10029508600018744,0.0,,1.0,,512.0,,0.10029508600018744,0.0,,1.0,,512.0,,0.10029508600018744,0.0
57,26,16332,uniform_random,Uniform constrained random,11,62125966,69125966,,none_generator_only,512,disease_to_no_disease,medium_confidence,1,0,0.9971259236335754,5.849145889282227,10,10,1.0,1.0,1.0,1.0,1.0,1.0,0.085030198097229,0.19999999999999996,0.11599668115377426,0.5210935005036333,0.5210935005036333,0.0,0.04,0.8787878787878788,0.8787878787878788,81,1.0,4.4331135749816895,0.5093832015991211,0.95,0.9,0.9,0.0,0.9623216678321503,0.38134877599986794,0.38134877599986794,0.38134877599986794,0.038134877599986794,512,1342.6029719318603,8,1.0,1.0,1.0,64.0,64.0,0.0424703499993484,0.0424703499993484,1.0,1.0,1.0,64.0,64.0,0.0424703499993484,0.0424703499993484,1.0,1.0,1.0,64.0,64.0,0.0424703499993484,0.0424703499993484,1.0,1.0,1.0,64.0,64.0,0.0424703499993484,0.0424703499993484,0.19999999999999996
57,26,16332,genetic_cfe,Budget-matched genetic CFE,11,62125966,69125966,,none_generator_only,512,disease_to_no_disease,medium_confidence,1,0,0.9971259236335754,5.849145889282227,10,10,1.0,1.0,1.0,1.0,1.0,1.0,0.08139358460903168,0.4,0.10323838889598846,0.5579116059961547,0.5579116059961547,0.0,0.12000000000000002,0.9393939393939394,0.9393939393939394,81,1.0,9.066459655761719,0.6045503616333008,0.9375,0.9,0.9,0.0,0.9381541126049135,0.417768438001076,0.417768438001076,0.417768438001076,0.0417768438001076,512,1225.559313311939,8,1.0,1.0,1.0,64.0,64.0,0.042810541001017555,0.042810541001017555,1.0,1.0,1.0,64.0,64.0,0.042810541001017555,0.042810541001017555,1.0,1.0,1.0,64.0,64.0,0.042810541001017555,0.042810541001017555,1.0,1.0,1.0,64.0,64.0,0.042810541001017555,0.042810541001017555,0.4
57,26,16332,dice_gradient_style,Custom DiCE-style gradient,11,62125966,69125966,,none_generator_only,512,disease_to_no_disease,medium_confidence,1,0,0.9971259236335754,5.849145889282227,1,1,1.0,1.0,0.1,0.1,1.0,0.0,0.09038768708705902,0.0,0.0,0.5623340466232547,0.5623340466232547,0.0,0.0,0.8461538461538461,0.8461538461538461,65,1.0,11.087919235229492,11.087919235229492,1.0,1.0,0.1,0.0,1.0,0.10911269499956688,0.10911269499956688,,0.10911269499956688,512,4692.396242270731,1,1.0,1.0,1.0,512.0,512.0,0.10911269499956688,0.10911269499956688,0.0,,1.0,,512.0,,0.10911269499956688,0.0,,1.0,,512.0,,0.10911269499956688,0.0,,1.0,,512.0,,0.10911269499956688,0.0
57,26,16332,wachter_style,Custom Wachter-style gradient,11,62125966,69125966,,none_generator_only,512,disease_to_no_disease,medium_confidence,1,0,0.9971259236335754,5.849145889282227,1,1,1.0,1.0,0.1,0.1,1.0,0.0,0.09087230265140533,0.0,0.0,0.5630781757285829,0.5630781757285829,0.0,0.0,0.8461538461538461,0.8461538461538461,65,1.0,11.097650527954102,11.097650527954102,1.0,1.0,0.1,0.0,1.0,0.1010013599989179,0.1010013599989179,,0.1010013599989179,512,5069.238671691999,1,1.0,1.0,1.0,512.0,512.0,0.1010013599989179,0.1010013599989179,0.0,,1.0,,512.0,,0.1010013599989179,0.0,,1.0,,512.0,,0.1010013599989179,0.0,,1.0,,512.0,,0.1010013599989179,0.0
58,102,16718,uniform_random,Uniform constrained random,11,63125969,70125969,,none_generator_only,512,disease_to_no_disease,medium_confidence,1,0,0.9930762052536011,4.965843677520752,10,10,1.0,1.0,1.0,1.0,1.0,1.0,0.0820748582482338,0.2,0.11909464001655579,0.6733657423525192,0.6733657423525192,0.0,0.04,0.7575757575757576,0.7575757575757576,81,1.0,5.017041206359863,0.9235749244689941,0.975,0.9,0.9,0.0,0.9575253755778993,0.3784876140016422,0.3784876140016422,0.3784876140016422,0.03784876140016422,512,1352.7523254638882,8,1.0,1.0,1.0,64.0,64.0,0.04541656699984742,0.04541656699984742,1.0,1.0,1.0,64.0,64.0,0.04541656699984742,0.04541656699984742,1.0,1.0,1.0,64.0,64.0,0.04541656699984742,0.04541656699984742,1.0,1.0,1.0,64.0,64.0,0.04541656699984742,0.04541656699984742,0.2
58,102,16718,genetic_cfe,Budget-matched genetic CFE,11,63125969,70125969,,none_generator_only,512,disease_to_no_disease,medium_confidence,1,0,0.9930762052536011,4.965843677520752,10,10,1.0,1.0,1.0,1.0,1.0,1.0,0.06787146627902985,0.44444444444444436,0.08638112246990204,0.6668780934247835,0.6668780934247835,0.0,0.0,0.7575757575757576,0.7575757575757576,81,1.0,7.160916328430176,0.42031049728393555,0.9625,0.8,0.8,0.0,0.8885608684961559,0.41484804900028394,0.41484804900028394,0.41484804900028394,0.04148480490002839,512,1234.1868335498657,8,1.0,1.0,1.0,64.0,64.0,0.04322061099992425,0.04322061099992425,1.0,1.0,1.0,64.0,64.0,0.04322061099992425,0.04322061099992425,1.0,1.0,1.0,64.0,64.0,0.04322061099992425,0.04322061099992425,1.0,1.0,1.0,64.0,64.0,0.04322061099992425,0.04322061099992425,0.44444444444444436
58,102,16718,dice_gradient_style,Custom DiCE-style gradient,11,63125969,70125969,,none_generator_only,512,disease_to_no_disease,medium_confidence,1,0,0.9930762052536011,4.965843677520752,1,1,1.0,1.0,0.1,0.1,1.0,0.0,0.05853814631700516,0.0,0.0,0.5397899308670552,0.5397899308670552,0.0,0.0,0.9615384615384616,0.9615384615384616,65,1.0,11.927040100097656,11.927040100097656,1.0,1.0,0.1,0.0,1.0,0.11027621700122836,0.11027621700122836,,0.11027621700122836,512,4642.886870106334,1,1.0,1.0,1.0,512.0,512.0,0.11027621700122836,0.11027621700122836,0.0,,1.0,,512.0,,0.11027621700122836,0.0,,1.0,,512.0,,0.11027621700122836,0.0,,1.0,,512.0,,0.11027621700122836,0.0
58,102,16718,wachter_style,Custom Wachter-style gradient,11,63125969,70125969,,none_generator_only,512,disease_to_no_disease,medium_confidence,1,0,0.9930762052536011,4.965843677520752,1,1,1.0,1.0,0.1,0.1,1.0,0.0,0.059076566249132156,0.0,0.0,0.541036898897835,0.541036898897835,0.0,0.0,0.9615384615384616,0.9615384615384616,65,1.0,11.940125465393066,11.940125465393066,1.0,1.0,0.1,0.0,1.0,0.10343011399891111,0.10343011399891111,,0.10343011399891111,512,4950.202414022189,1,1.0,1.0,1.0,512.0,512.0,0.10343011399891111,0.10343011399891111,0.0,,1.0,,512.0,,0.10343011399891111,0.0,,1.0,,512.0,,0.10343011399891111,0.0,,1.0,,512.0,,0.10343011399891111,0.0
59,102,17239,uniform_random,Uniform constrained random,11,64125972,71125972,,none_generator_only,512,disease_to_no_disease,medium_confidence,1,0,0.994802713394165,5.25440788269043,10,10,1.0,1.0,1.0,1.0,1.0,1.0,0.08644947409629822,0.19999999999999996,0.11937964707612991,0.6784080204531835,0.6784080204531835,0.0,0.04,0.8787878787878788,0.8787878787878788,81,1.0,7.235439300537109,0.40455102920532227,0.9875,0.9,0.9,0.0,0.9680863720565472,0.37430888499875437,0.37430888499875437,0.37430888499875437,0.037430888499875435,512,1367.8542522486578,8,1.0,1.0,1.0,64.0,64.0,0.044156580999697326,0.044156580999697326,1.0,1.0,1.0,64.0,64.0,0.044156580999697326,0.044156580999697326,1.0,1.0,1.0,64.0,64.0,0.044156580999697326,0.044156580999697326,1.0,1.0,1.0,64.0,64.0,0.044156580999697326,0.044156580999697326,0.19999999999999996
59,102,17239,genetic_cfe,Budget-matched genetic CFE,11,64125972,71125972,,none_generator_only,512,disease_to_no_disease,medium_confidence,1,0,0.994802713394165,5.25440788269043,10,10,1.0,1.0,1.0,1.0,1.0,1.0,0.058103613555431366,0.46111111111111114,0.06594543159008026,0.6688222962462598,0.6688222962462598,0.0,0.02,0.9393939393939394,0.9393939393939394,81,1.0,8.238382339477539,3.380061149597168,1.0,1.0,1.0,1.0,0.902754405388811,0.43631239000023925,0.43631239000023925,0.43631239000023925,0.04363123900002393,512,1173.471145295047,8,1.0,1.0,1.0,64.0,64.0,0.04348501799904625,0.04348501799904625,1.0,1.0,1.0,64.0,64.0,0.04348501799904625,0.04348501799904625,1.0,1.0,1.0,64.0,64.0,0.04348501799904625,0.04348501799904625,1.0,1.0,1.0,64.0,64.0,0.04348501799904625,0.04348501799904625,0.46111111111111114
59,102,17239,dice_gradient_style,Custom DiCE-style gradient,11,64125972,71125972,,none_generator_only,512,disease_to_no_disease,medium_confidence,1,0,0.994802713394165,5.25440788269043,1,1,1.0,1.0,0.1,0.1,1.0,0.0,0.06043543666601181,0.0,0.0,0.5411870788440816,0.5411870788440816,0.0,0.0,0.9230769230769231,0.9230769230769231,65,1.0,12.112569808959961,12.112569808959961,1.0,1.0,0.1,0.0,1.0,0.1099188400003186,0.1099188400003186,,0.1099188400003186,512,4657.982198488594,1,1.0,1.0,1.0,512.0,512.0,0.1099188400003186,0.1099188400003186,0.0,,1.0,,512.0,,0.1099188400003186,0.0,,1.0,,512.0,,0.1099188400003186,0.0,,1.0,,512.0,,0.1099188400003186,0.0
59,102,17239,wachter_style,Custom Wachter-style gradient,11,64125972,71125972,,none_generator_only,512,disease_to_no_disease,medium_confidence,1,0,0.994802713394165,5.25440788269043,1,1,1.0,1.0,0.1,0.1,1.0,0.0,0.06043858081102371,0.0,0.0,0.5381956457209729,0.5381956457209729,0.0,0.0,0.9230769230769231,0.9230769230769231,65,1.0,12.081315994262695,12.081315994262695,1.0,1.0,0.1,0.0,1.0,0.1024652119995153,0.1024652119995153,,0.1024652119995153,512,4996.817846845639,1,1.0,1.0,1.0,512.0,512.0,0.1024652119995153,0.1024652119995153,0.0,,1.0,,512.0,,0.1024652119995153,0.0,,1.0,,512.0,,0.1024652119995153,0.0,,1.0,,512.0,,0.1024652119995153,0.0
60,102,17581,uniform_random,Uniform constrained random,11,65125975,72125975,,none_generator_only,512,disease_to_no_disease,medium_confidence,1,0,0.9952764511108398,5.350460052490234,10,10,1.0,1.0,1.0,1.0,1.0,1.0,0.09076814353466034,0.17222222222222222,0.1228121668100357,0.6826036557748817,0.6826036557748817,0.0,0.18,0.8484848484848485,0.8484848484848485,81,1.0,6.115632057189941,0.5988764762878418,0.95,0.9,0.9,0.0,0.9714099464421168,0.37556317200142075,0.37556317200142075,0.37556317200142075,0.037556317200142075,512,1363.285961377659,8,1.0,1.0,1.0,64.0,64.0,0.04398718900120002,0.04398718900120002,1.0,1.0,1.0,64.0,64.0,0.04398718900120002,0.04398718900120002,1.0,1.0,1.0,64.0,64.0,0.04398718900120002,0.04398718900120002,1.0,1.0,1.0,64.0,64.0,0.04398718900120002,0.04398718900120002,0.17222222222222222
60,102,17581,genetic_cfe,Budget-matched genetic CFE,11,65125975,72125975,,none_generator_only,512,disease_to_no_disease,medium_confidence,1,0,0.9952764511108398,5.350460052490234,10,10,1.0,1.0,1.0,1.0,1.0,1.0,0.054271478205919266,0.4333333333333333,0.06500698626041412,0.6116612902452343,0.6116612902452343,0.0,0.02,0.8787878787878788,0.8787878787878788,81,1.0,6.395554542541504,2.82330322265625,1.0,1.0,1.0,1.0,0.9136205370193288,0.41996303999985685,0.41996303999985685,0.41996303999985685,0.04199630399998568,512,1219.1549046796465,8,1.0,1.0,1.0,64.0,64.0,0.04438191100052791,0.04438191100052791,1.0,1.0,1.0,64.0,64.0,0.04438191100052791,0.04438191100052791,1.0,1.0,1.0,64.0,64.0,0.04438191100052791,0.04438191100052791,1.0,1.0,1.0,64.0,64.0,0.04438191100052791,0.04438191100052791,0.4333333333333333
60,102,17581,dice_gradient_style,Custom DiCE-style gradient,11,65125975,72125975,,none_generator_only,512,disease_to_no_disease,medium_confidence,1,0,0.9952764511108398,5.350460052490234,1,1,1.0,1.0,0.1,0.1,1.0,0.0,0.06107335537672043,0.0,0.0,0.5452563742863996,0.5452563742863996,0.0,0.0,0.9230769230769231,0.9230769230769231,65,1.0,11.997858047485352,11.997858047485352,1.0,1.0,0.1,0.0,1.0,0.11435943400101678,0.11435943400101678,,0.11435943400101678,512,4477.112050025079,1,1.0,1.0,1.0,512.0,512.0,0.11435943400101678,0.11435943400101678,0.0,,1.0,,512.0,,0.11435943400101678,0.0,,1.0,,512.0,,0.11435943400101678,0.0,,1.0,,512.0,,0.11435943400101678,0.0
60,102,17581,wachter_style,Custom Wachter-style gradient,11,65125975,72125975,,none_generator_only,512,disease_to_no_disease,medium_confidence,1,0,0.9952764511108398,5.350460052490234,1,1,1.0,1.0,0.1,0.1,1.0,0.0,0.061357468366622925,0.0,0.0,0.5461879164492482,0.5461879164492482,0.0,0.0,0.9230769230769231,0.9230769230769231,65,1.0,12.005992889404297,12.005992889404297,1.0,1.0,0.1,0.0,1.0,0.10207026599891833,0.10207026599891833,,0.10207026599891833,512,5016.152304388291,1,1.0,1.0,1.0,512.0,512.0,0.10207026599891833,0.10207026599891833,0.0,,1.0,,512.0,,0.10207026599891833,0.0,,1.0,,512.0,,0.10207026599891833,0.0,,1.0,,512.0,,0.10207026599891833,0.0
61,102,18300,uniform_random,Uniform constrained random,11,66125978,73125978,,none_generator_only,512,disease_to_no_disease,medium_confidence,1,0,0.9954872727394104,5.396330833435059,10,10,1.0,1.0,1.0,1.0,1.0,1.0,0.08368754386901855,0.22222222222222224,0.11595936119556427,0.7106783471719865,0.7106783471719865,0.0,0.04,0.8787878787878788,0.8787878787878788,81,1.0,6.27216100692749,0.34755992889404297,0.9625,0.8,0.8,0.0,0.9641737954270628,0.36669583799994143,0.36669583799994143,0.36669583799994143,0.036669583799994146,512,1396.2525530493797,8,1.0,1.0,1.0,64.0,64.0,0.043640513000354986,0.043640513000354986,1.0,1.0,1.0,64.0,64.0,0.043640513000354986,0.043640513000354986,1.0,1.0,1.0,64.0,64.0,0.043640513000354986,0.043640513000354986,1.0,1.0,1.0,64.0,64.0,0.043640513000354986,0.043640513000354986,0.22222222222222224
61,102,18300,genetic_cfe,Budget-matched genetic CFE,11,66125978,73125978,,none_generator_only,512,disease_to_no_disease,medium_confidence,1,0,0.9954872727394104,5.396330833435059,10,10,1.0,1.0,1.0,1.0,1.0,1.0,0.07205575704574585,0.3888888888888889,0.09625551104545593,0.7014276665882726,0.7014276665882726,0.0,0.13999999999999999,0.9090909090909091,0.9090909090909091,81,1.0,9.862784385681152,0.8453965187072754,0.9875,0.9,0.9,0.0,0.938363130830522,0.41258115399978124,0.41258115399978124,0.41258115399978124,0.041258115399978125,512,1240.9679769335064,8,1.0,1.0,1.0,64.0,64.0,0.045310045999940485,0.045310045999940485,1.0,1.0,1.0,64.0,64.0,0.045310045999940485,0.045310045999940485,1.0,1.0,1.0,64.0,64.0,0.045310045999940485,0.045310045999940485,1.0,1.0,1.0,64.0,64.0,0.045310045999940485,0.045310045999940485,0.3888888888888889
61,102,18300,dice_gradient_style,Custom DiCE-style gradient,11,66125978,73125978,,none_generator_only,512,disease_to_no_disease,medium_confidence,1,0,0.9954872727394104,5.396330833435059,1,1,1.0,1.0,0.1,0.1,1.0,0.0,0.06101858615875244,0.0,0.0,0.5507303773494707,0.5507303773494707,0.0,0.0,0.9615384615384616,0.9615384615384616,65,1.0,12.14126968383789,12.14126968383789,1.0,1.0,0.1,0.0,1.0,0.11082221099968592,0.11082221099968592,,0.11082221099968592,512,4620.012499132065,1,1.0,1.0,1.0,512.0,512.0,0.11082221099968592,0.11082221099968592,0.0,,1.0,,512.0,,0.11082221099968592,0.0,,1.0,,512.0,,0.11082221099968592,0.0,,1.0,,512.0,,0.11082221099968592,0.0
61,102,18300,wachter_style,Custom Wachter-style gradient,11,66125978,73125978,,none_generator_only,512,disease_to_no_disease,medium_confidence,1,0,0.9954872727394104,5.396330833435059,1,1,1.0,1.0,0.1,0.1,1.0,0.0,0.061283357441425323,0.0,0.0,0.5513265976003912,0.5513265976003912,0.0,0.0,0.9615384615384616,0.9615384615384616,65,1.0,12.146791458129883,12.146791458129883,1.0,1.0,0.1,0.0,1.0,0.10243445400010387,0.10243445400010387,,0.10243445400010387,512,4998.318241628747,1,1.0,1.0,1.0,512.0,512.0,0.10243445400010387,0.10243445400010387,0.0,,1.0,,512.0,,0.10243445400010387,0.0,,1.0,,512.0,,0.10243445400010387,0.0,,1.0,,512.0,,0.10243445400010387,0.0
62,102,18596,uniform_random,Uniform constrained random,11,67125981,74125981,,none_generator_only,512,disease_to_no_disease,medium_confidence,1,0,0.9996383190155029,7.924386024475098,10,10,1.0,1.0,1.0,1.0,1.0,1.0,0.08828017115592957,0.21666666666666665,0.10044309496879578,0.731789397580416,0.731789397580416,0.4,0.0,0.7575757575757576,0.7575757575757576,81,1.0,5.134679317474365,1.1777987480163574,1.0,1.0,1.0,1.0,0.9443206777965887,0.39457113400021626,0.39457113400021626,0.39457113400021626,0.03945711340002163,512,1297.6113959713014,8,1.0,1.0,1.0,64.0,64.0,0.0547108520004258,0.0547108520004258,1.0,1.0,1.0,64.0,64.0,0.0547108520004258,0.0547108520004258,1.0,1.0,1.0,64.0,64.0,0.0547108520004258,0.0547108520004258,1.0,1.0,1.0,64.0,64.0,0.0547108520004258,0.0547108520004258,0.21666666666666665
62,102,18596,genetic_cfe,Budget-matched genetic CFE,11,67125981,74125981,,none_generator_only,512,disease_to_no_disease,medium_confidence,1,0,0.9996383190155029,7.924386024475098,10,10,1.0,1.0,1.0,1.0,1.0,1.0,0.08421935141086578,0.4833333333333333,0.0750640481710434,0.8318584636978248,0.8318584636978248,0.1,0.0,0.9393939393939394,0.9393939393939394,81,1.0,8.64864444732666,0.7414898872375488,0.9625,0.9,0.9,0.0,0.9237222264954801,0.44508021299952816,0.44508021299952816,0.44508021299952816,0.044508021299952814,512,1150.3544418420208,8,1.0,1.0,1.0,64.0,64.0,0.051995937999890884,0.051995937999890884,1.0,1.0,1.0,64.0,64.0,0.051995937999890884,0.051995937999890884,1.0,1.0,1.0,64.0,64.0,0.051995937999890884,0.051995937999890884,1.0,1.0,1.0,64.0,64.0,0.051995937999890884,0.051995937999890884,0.4833333333333333
62,102,18596,dice_gradient_style,Custom DiCE-style gradient,11,67125981,74125981,,none_generator_only,512,disease_to_no_disease,medium_confidence,1,0,0.9996383190155029,7.924386024475098,1,1,1.0,1.0,0.1,0.1,1.0,0.0,0.08427252620458603,0.0,0.0,0.5968665098286507,0.5968665098286507,1.0,0.0,1.0,1.0,65,1.0,9.98365592956543,9.98365592956543,1.0,1.0,0.1,0.0,1.0,0.1165587460000097,0.1165587460000097,,0.1165587460000097,512,4392.634766334543,1,1.0,1.0,1.0,512.0,512.0,0.1165587460000097,0.1165587460000097,0.0,,1.0,,512.0,,0.1165587460000097,0.0,,1.0,,512.0,,0.1165587460000097,0.0,,1.0,,512.0,,0.1165587460000097,0.0
62,102,18596,wachter_style,Custom Wachter-style gradient,11,67125981,74125981,,none_generator_only,512,disease_to_no_disease,medium_confidence,1,0,0.9996383190155029,7.924386024475098,1,1,1.0,1.0,0.1,0.1,1.0,0.0,0.08455543220043182,0.0,0.0,0.6030612593472723,0.6030612593472723,1.0,0.0,1.0,1.0,65,1.0,10.1152982711792,10.1152982711792,1.0,1.0,0.1,0.0,1.0,0.10441267500027607,0.10441267500027607,,0.10441267500027607,512,4903.619220546225,1,1.0,1.0,1.0,512.0,512.0,0.10441267500027607,0.10441267500027607,0.0,,1.0,,512.0,,0.10441267500027607,0.0,,1.0,,512.0,,0.10441267500027607,0.0,,1.0,,512.0,,0.10441267500027607,0.0
63,104,19373,uniform_random,Uniform constrained random,11,68125984,75125984,,none_generator_only,512,disease_to_no_disease,medium_confidence,1,0,0.9997814297676086,8.428184509277344,10,10,1.0,1.0,1.0,1.0,1.0,1.0,0.07897461950778961,0.21111111111111108,0.1065952479839325,0.605314589755228,0.605314589755228,0.1,0.0,0.9393939393939394,0.9393939393939394,81,1.0,5.379208564758301,0.5007128715515137,0.9375,0.8,0.8,0.0,0.9724324944862438,0.3631867799995234,0.3631867799995234,0.3631867799995234,0.036318677999952344,512,1409.7429427378163,8,1.0,1.0,1.0,64.0,64.0,0.04426753500047198,0.04426753500047198,1.0,1.0,1.0,64.0,64.0,0.04426753500047198,0.04426753500047198,1.0,1.0,1.0,64.0,64.0,0.04426753500047198,0.04426753500047198,1.0,1.0,1.0,64.0,64.0,0.04426753500047198,0.04426753500047198,0.21111111111111108
63,104,19373,genetic_cfe,Budget-matched genetic CFE,11,68125984,75125984,,none_generator_only,512,disease_to_no_disease,medium_confidence,1,0,0.9997814297676086,8.428184509277344,10,10,1.0,1.0,1.0,1.0,1.0,1.0,0.056525129824876785,0.3944444444444444,0.06635018438100815,0.5427851805973176,0.5427851805973176,0.3,0.0,0.8787878787878788,0.8787878787878788,81,1.0,5.212976932525635,0.16222143173217773,0.9,0.7,0.7,0.0,0.9277853700456676,0.4105125410005712,0.4105125410005712,0.4105125410005712,0.041051254100057125,512,1247.2213364104937,8,1.0,1.0,1.0,64.0,64.0,0.043665404000421404,0.043665404000421404,1.0,1.0,1.0,64.0,64.0,0.043665404000421404,0.043665404000421404,1.0,1.0,1.0,64.0,64.0,0.043665404000421404,0.043665404000421404,1.0,1.0,1.0,64.0,64.0,0.043665404000421404,0.043665404000421404,0.3944444444444444
63,104,19373,dice_gradient_style,Custom DiCE-style gradient,11,68125984,75125984,,none_generator_only,512,disease_to_no_disease,medium_confidence,1,0,0.9997814297676086,8.428184509277344,1,1,1.0,1.0,0.1,0.1,1.0,0.0,0.06499439477920532,0.11111111111111116,0.0,0.5356333210065751,0.5356333210065751,0.0,0.0,0.9615384615384616,0.9615384615384616,65,1.0,12.284708023071289,12.284708023071289,1.0,1.0,0.1,0.0,0.9924242424242424,0.12018657500084373,0.12018657500084373,,0.12018657500084373,512,4260.043186989942,1,1.0,1.0,1.0,512.0,512.0,0.12018657500084373,0.12018657500084373,0.0,,1.0,,512.0,,0.12018657500084373,0.0,,1.0,,512.0,,0.12018657500084373,0.0,,1.0,,512.0,,0.12018657500084373,0.11111111111111116
63,104,19373,wachter_style,Custom Wachter-style gradient,11,68125984,75125984,,none_generator_only,512,disease_to_no_disease,medium_confidence,1,0,0.9997814297676086,8.428184509277344,1,1,1.0,1.0,0.1,0.1,1.0,0.0,0.06523444503545761,0.05555555555555558,0.0,0.530942418131795,0.530942418131795,0.0,0.0,1.0,1.0,65,1.0,12.266416549682617,12.266416549682617,1.0,1.0,0.1,0.0,1.0,0.10551780199966743,0.10551780199966743,,0.10551780199966743,512,4852.261801298834,1,1.0,1.0,1.0,512.0,512.0,0.10551780199966743,0.10551780199966743,0.0,,1.0,,512.0,,0.10551780199966743,0.0,,1.0,,512.0,,0.10551780199966743,0.0,,1.0,,512.0,,0.10551780199966743,0.05555555555555558
64,104,20475,uniform_random,Uniform constrained random,11,69125987,76125987,,none_generator_only,512,disease_to_no_disease,medium_confidence,1,0,0.9999685287475586,10.36640453338623,10,10,1.0,1.0,1.0,1.0,1.0,1.0,0.10722076892852783,0.19444444444444448,0.12452142685651779,0.9098564067860101,0.9098564067860101,0.0,0.0,0.8484848484848485,0.8484848484848485,81,1.0,2.536362886428833,0.22649860382080078,0.9125,0.6,0.6,0.0,0.9585418726728545,0.36391374099912355,0.36391374099912355,0.36391374099912355,0.03639137409991235,512,1406.9268134649335,8,1.0,1.0,1.0,64.0,64.0,0.04297883999970509,0.04297883999970509,1.0,1.0,1.0,64.0,64.0,0.04297883999970509,0.04297883999970509,1.0,1.0,1.0,64.0,64.0,0.04297883999970509,0.04297883999970509,1.0,1.0,1.0,64.0,64.0,0.04297883999970509,0.04297883999970509,0.19444444444444448
64,104,20475,genetic_cfe,Budget-matched genetic CFE,11,69125987,76125987,,none_generator_only,512,disease_to_no_disease,medium_confidence,1,0,0.9999685287475586,10.36640453338623,10,10,1.0,1.0,1.0,1.0,1.0,1.0,0.08999329805374146,0.3611111111111111,0.08090799301862717,0.8976191785922417,0.8976191785922417,0.0,0.02,0.9090909090909091,0.9090909090909091,81,1.0,6.10422420501709,0.9707241058349609,0.9875,0.9,0.9,0.0,0.9360675493990712,0.41027210999891395,0.41027210999891395,0.41027210999891395,0.04102721099989139,512,1247.9522432108665,8,1.0,1.0,1.0,64.0,64.0,0.043825208998896414,0.043825208998896414,1.0,1.0,1.0,64.0,64.0,0.043825208998896414,0.043825208998896414,1.0,1.0,1.0,64.0,64.0,0.043825208998896414,0.043825208998896414,1.0,1.0,1.0,64.0,64.0,0.043825208998896414,0.043825208998896414,0.3611111111111111
64,104,20475,dice_gradient_style,Custom DiCE-style gradient,11,69125987,76125987,,none_generator_only,512,disease_to_no_disease,medium_confidence,1,0,0.9999685287475586,10.36640453338623,1,1,1.0,1.0,0.1,0.1,1.0,0.0,0.09192437678575516,0.0,0.0,0.9687119607734822,0.9687119607734822,0.0,0.0,1.0,1.0,65,1.0,10.676431655883789,10.676431655883789,1.0,1.0,0.1,0.0,1.0,0.1175457120007195,0.1175457120007195,,0.1175457120007195,512,4355.7522540411,1,1.0,1.0,1.0,512.0,512.0,0.1175457120007195,0.1175457120007195,0.0,,1.0,,512.0,,0.1175457120007195,0.0,,1.0,,512.0,,0.1175457120007195,0.0,,1.0,,512.0,,0.1175457120007195,0.0
64,104,20475,wachter_style,Custom Wachter-style gradient,11,69125987,76125987,,none_generator_only,512,disease_to_no_disease,medium_confidence,1,0,0.9999685287475586,10.36640453338623,1,1,1.0,1.0,0.1,0.1,1.0,0.0,0.09197346121072769,0.0,0.0,0.9687746557031187,0.9687746557031187,0.0,0.0,1.0,1.0,65,1.0,10.680030822753906,10.680030822753906,1.0,1.0,0.1,0.0,1.0,0.10417111700007808,0.10417111700007808,,0.10417111700007808,512,4914.9900158948685,1,1.0,1.0,1.0,512.0,512.0,0.10417111700007808,0.10417111700007808,0.0,,1.0,,512.0,,0.10417111700007808,0.0,,1.0,,512.0,,0.10417111700007808,0.0,,1.0,,512.0,,0.10417111700007808,0.0
65,104,21402,uniform_random,Uniform constrained random,11,70125990,77125990,,none_generator_only,512,disease_to_no_disease,medium_confidence,1,0,0.9998461008071899,8.779058456420898,10,10,1.0,1.0,1.0,1.0,1.0,1.0,0.10944651067256927,0.22222222222222218,0.1416540890932083,0.6932619793388942,0.6932619793388942,0.0,0.1,0.7878787878787878,0.7878787878787878,81,1.0,6.5676093101501465,0.17355680465698242,0.95,0.9,0.9,0.0,0.9664954910076226,0.36473701300019457,0.36473701300019457,0.36473701300019457,0.03647370130001946,512,1403.7511460338874,8,1.0,1.0,1.0,64.0,64.0,0.044591604000743246,0.044591604000743246,1.0,1.0,1.0,64.0,64.0,0.044591604000743246,0.044591604000743246,1.0,1.0,1.0,64.0,64.0,0.044591604000743246,0.044591604000743246,1.0,1.0,1.0,64.0,64.0,0.044591604000743246,0.044591604000743246,0.22222222222222218
65,104,21402,genetic_cfe,Budget-matched genetic CFE,11,70125990,77125990,,none_generator_only,512,disease_to_no_disease,medium_confidence,1,0,0.9998461008071899,8.779058456420898,10,10,1.0,1.0,1.0,1.0,1.0,1.0,0.08041144162416458,0.4,0.09027314931154251,0.5290900079377405,0.5290900079377405,0.1,0.0,0.8787878787878788,0.8787878787878788,81,1.0,5.667471408843994,1.9141054153442383,1.0,1.0,1.0,1.0,0.9379504935937668,0.42532488200049556,0.42532488200049556,0.42532488200049556,0.042532488200049554,512,1203.7856745926363,8,1.0,1.0,1.0,64.0,64.0,0.04461309100042854,0.04461309100042854,1.0,1.0,1.0,64.0,64.0,0.04461309100042854,0.04461309100042854,1.0,1.0,1.0,64.0,64.0,0.04461309100042854,0.04461309100042854,1.0,1.0,1.0,64.0,64.0,0.04461309100042854,0.04461309100042854,0.4
65,104,21402,dice_gradient_style,Custom DiCE-style gradient,11,70125990,77125990,,none_generator_only,512,disease_to_no_disease,medium_confidence,1,0,0.9998461008071899,8.779058456420898,1,1,1.0,1.0,0.1,0.1,1.0,0.0,0.08651357889175415,0.0,0.0,0.49522063850863685,0.49522063850863685,0.0,0.0,0.9615384615384616,0.9615384615384616,65,1.0,12.09599494934082,12.09599494934082,1.0,1.0,0.1,0.0,1.0,0.12516796100135252,0.12516796100135252,,0.12516796100135252,512,4090.503639301654,1,1.0,1.0,1.0,512.0,512.0,0.12516796100135252,0.12516796100135252,0.0,,1.0,,512.0,,0.12516796100135252,0.0,,1.0,,512.0,,0.12516796100135252,0.0,,1.0,,512.0,,0.12516796100135252,0.0
65,104,21402,wachter_style,Custom Wachter-style gradient,11,70125990,77125990,,none_generator_only,512,disease_to_no_disease,medium_confidence,1,0,0.9998461008071899,8.779058456420898,1,1,1.0,1.0,0.1,0.1,1.0,0.0,0.086581751704216,0.0,0.0,0.49541161280875906,0.49541161280875906,0.0,0.0,0.9615384615384616,0.9615384615384616,65,1.0,12.1025972366333,12.1025972366333,1.0,1.0,0.1,0.0,1.0,0.10542484100005822,0.10542484100005822,,0.10542484100005822,512,4856.540404929017,1,1.0,1.0,1.0,512.0,512.0,0.10542484100005822,0.10542484100005822,0.0,,1.0,,512.0,,0.10542484100005822,0.0,,1.0,,512.0,,0.10542484100005822,0.0,,1.0,,512.0,,0.10542484100005822,0.0
66,104,21511,uniform_random,Uniform constrained random,11,71125993,78125993,,none_generator_only,512,disease_to_no_disease,medium_confidence,1,0,0.9989113807678223,6.821755886077881,10,10,1.0,1.0,1.0,1.0,1.0,1.0,0.08222518116235733,0.2666666666666667,0.10395364463329315,0.7580737211740392,0.7580737211740392,0.1,0.0,0.8787878787878788,0.8787878787878788,81,1.0,7.200894832611084,0.680305004119873,0.9625,0.8,0.8,0.0,0.9597894902592028,0.36185824899985164,0.36185824899985164,0.36185824899985164,0.03618582489998516,512,1414.9186909933064,8,1.0,1.0,1.0,64.0,64.0,0.04241549099970143,0.04241549099970143,1.0,1.0,1.0,64.0,64.0,0.04241549099970143,0.04241549099970143,1.0,1.0,1.0,64.0,64.0,0.04241549099970143,0.04241549099970143,1.0,1.0,1.0,64.0,64.0,0.04241549099970143,0.04241549099970143,0.2666666666666667
66,104,21511,genetic_cfe,Budget-matched genetic CFE,11,71125993,78125993,,none_generator_only,512,disease_to_no_disease,medium_confidence,1,0,0.9989113807678223,6.821755886077881,10,10,1.0,1.0,1.0,1.0,1.0,1.0,0.06476330012083054,0.4833333333333334,0.06056400015950203,0.709169562769316,0.709169562769316,0.0,0.0,0.8787878787878788,0.8787878787878788,81,1.0,8.529687881469727,1.6271586418151855,0.9875,0.9,0.9,0.0,0.9235188359373983,0.4147649200003798,0.4147649200003798,0.4147649200003798,0.04147649200003798,512,1234.4341946747356,8,1.0,1.0,1.0,64.0,64.0,0.04330035899874929,0.04330035899874929,1.0,1.0,1.0,64.0,64.0,0.04330035899874929,0.04330035899874929,1.0,1.0,1.0,64.0,64.0,0.04330035899874929,0.04330035899874929,1.0,1.0,1.0,64.0,64.0,0.04330035899874929,0.04330035899874929,0.4833333333333334
66,104,21511,dice_gradient_style,Custom DiCE-style gradient,11,71125993,78125993,,none_generator_only,512,disease_to_no_disease,medium_confidence,1,0,0.9989113807678223,6.821755886077881,1,1,1.0,1.0,0.1,0.1,1.0,0.0,0.0726444274187088,0.05555555555555558,0.0,0.6065030617106727,0.6065030617106727,1.0,0.0,0.8846153846153846,0.8846153846153846,65,1.0,11.989700317382812,11.989700317382812,1.0,1.0,0.1,0.0,1.0,0.11762952100070834,0.11762952100070834,,0.11762952100070834,512,4352.648855867711,1,1.0,1.0,1.0,512.0,512.0,0.11762952100070834,0.11762952100070834,0.0,,1.0,,512.0,,0.11762952100070834,0.0,,1.0,,512.0,,0.11762952100070834,0.0,,1.0,,512.0,,0.11762952100070834,0.05555555555555558
66,104,21511,wachter_style,Custom Wachter-style gradient,11,71125993,78125993,,none_generator_only,512,disease_to_no_disease,medium_confidence,1,0,0.9989113807678223,6.821755886077881,1,1,1.0,1.0,0.1,0.1,1.0,0.0,0.07277270406484604,0.05555555555555558,0.0,0.6069196204710532,0.6069196204710532,0.0,0.0,0.8846153846153846,0.8846153846153846,65,1.0,12.000237464904785,12.000237464904785,1.0,1.0,0.1,0.0,1.0,0.1141231860001426,0.1141231860001426,,0.1141231860001426,512,4486.380182195056,1,1.0,1.0,1.0,512.0,512.0,0.1141231860001426,0.1141231860001426,0.0,,1.0,,512.0,,0.1141231860001426,0.0,,1.0,,512.0,,0.1141231860001426,0.0,,1.0,,512.0,,0.1141231860001426,0.05555555555555558
67,2,3226,uniform_random,Uniform constrained random,11,72125996,79125996,,none_generator_only,512,disease_to_no_disease,high_confidence,1,0,0.9999908208847046,11.598570823669434,10,10,1.0,1.0,1.0,1.0,1.0,1.0,0.09457206726074219,0.17222222222222222,0.1210947334766388,0.6074129181451808,0.6074129181451808,0.0,0.0,0.8787878787878788,0.8787878787878788,81,1.0,7.656468391418457,0.4987807273864746,0.975,0.9,0.9,0.0,0.9689313793825752,0.3616367340000579,0.3616367340000579,0.3616367340000579,0.03616367340000579,512,1415.7853775991628,8,1.0,1.0,1.0,64.0,64.0,0.043425427000329364,0.043425427000329364,1.0,1.0,1.0,64.0,64.0,0.043425427000329364,0.043425427000329364,1.0,2.0,2.0,128.0,128.0,0.08729460399990785,0.08729460399990785,1.0,2.0,2.0,128.0,128.0,0.08729460399990785,0.08729460399990785,0.17222222222222222
67,2,3226,genetic_cfe,Budget-matched genetic CFE,11,72125996,79125996,,none_generator_only,512,disease_to_no_disease,high_confidence,1,0,0.9999908208847046,11.598570823669434,10,10,1.0,1.0,1.0,1.0,1.0,1.0,0.07001060992479324,0.35000000000000003,0.06939978897571564,0.5088146366923928,0.5088146366923928,0.0,0.0,0.9696969696969697,0.9696969696969697,81,1.0,8.764070510864258,2.6802663803100586,1.0,1.0,1.0,1.0,0.9702377574116705,0.4041398650006158,0.4041398650006158,0.4041398650006158,0.04041398650006158,512,1266.8881353716981,8,1.0,1.0,1.0,64.0,64.0,0.043914060001043254,0.043914060001043254,1.0,1.0,1.0,64.0,64.0,0.043914060001043254,0.043914060001043254,1.0,2.0,2.0,128.0,128.0,0.08933016100127134,0.08933016100127134,1.0,2.0,2.0,128.0,128.0,0.08933016100127134,0.08933016100127134,0.35000000000000003
67,2,3226,dice_gradient_style,Custom DiCE-style gradient,11,72125996,79125996,,none_generator_only,512,disease_to_no_disease,high_confidence,1,0,0.9999908208847046,11.598570823669434,1,1,1.0,1.0,0.1,0.1,1.0,0.0,0.0835462287068367,0.0,0.0,0.4436040362189665,0.4436040362189665,0.0,0.0,1.0,1.0,65,1.0,12.443117141723633,12.443117141723633,1.0,1.0,0.1,0.0,1.0,0.1211086149996845,0.1211086149996845,,0.1211086149996845,512,4227.610067222169,1,1.0,1.0,1.0,512.0,512.0,0.1211086149996845,0.1211086149996845,0.0,,1.0,,512.0,,0.1211086149996845,0.0,,1.0,,512.0,,0.1211086149996845,0.0,,1.0,,512.0,,0.1211086149996845,0.0
67,2,3226,wachter_style,Custom Wachter-style gradient,11,72125996,79125996,,none_generator_only,512,disease_to_no_disease,high_confidence,1,0,0.9999908208847046,11.598570823669434,1,1,1.0,1.0,0.1,0.1,1.0,0.0,0.08391428738832474,0.0,0.0,0.44399002053874626,0.44399002053874626,0.0,0.0,1.0,1.0,65,1.0,12.444671630859375,12.444671630859375,1.0,1.0,0.1,0.0,1.0,0.10900365099951159,0.10900365099951159,,0.10900365099951159,512,4697.090375461773,1,1.0,1.0,1.0,512.0,512.0,0.10900365099951159,0.10900365099951159,0.0,,1.0,,512.0,,0.10900365099951159,0.0,,1.0,,512.0,,0.10900365099951159,0.0,,1.0,,512.0,,0.10900365099951159,0.0
68,2,3802,uniform_random,Uniform constrained random,11,73125999,80125999,,none_generator_only,512,disease_to_no_disease,high_confidence,1,0,0.9999873638153076,11.27893352508545,10,10,1.0,1.0,1.0,1.0,1.0,1.0,0.08996715396642685,0.17777777777777776,0.11748986691236496,0.6033454598348995,0.6033454598348995,0.0,0.0,0.8484848484848485,0.8484848484848485,81,1.0,4.572622776031494,0.1219325065612793,0.9,0.7,0.7,0.0,0.9737266389228638,0.35724560400012706,0.35724560400012706,0.35724560400012706,0.035724560400012706,512,1433.187684514707,8,1.0,1.0,1.0,64.0,64.0,0.043136624999533524,0.043136624999533524,1.0,1.0,1.0,64.0,64.0,0.043136624999533524,0.043136624999533524,1.0,1.0,1.0,64.0,64.0,0.043136624999533524,0.043136624999533524,1.0,1.0,1.0,64.0,64.0,0.043136624999533524,0.043136624999533524,0.17777777777777776
68,2,3802,genetic_cfe,Budget-matched genetic CFE,11,73125999,80125999,,none_generator_only,512,disease_to_no_disease,high_confidence,1,0,0.9999873638153076,11.27893352508545,10,10,1.0,1.0,1.0,1.0,1.0,1.0,0.07522698491811752,0.37777777777777777,0.09669103473424911,0.6206747712799824,0.6206747712799824,0.0,0.0,0.9696969696969697,0.9696969696969697,81,1.0,7.609227657318115,0.1219325065612793,0.95,0.9,0.9,0.0,0.9371488357709753,0.4022315569982311,0.4022315569982311,0.4022315569982311,0.04022315569982311,512,1272.8986353555836,8,1.0,1.0,1.0,64.0,64.0,0.04347138099910808,0.04347138099910808,1.0,1.0,1.0,64.0,64.0,0.04347138099910808,0.04347138099910808,1.0,1.0,1.0,64.0,64.0,0.04347138099910808,0.04347138099910808,1.0,1.0,1.0,64.0,64.0,0.04347138099910808,0.04347138099910808,0.37777777777777777
68,2,3802,dice_gradient_style,Custom DiCE-style gradient,11,73125999,80125999,,none_generator_only,512,disease_to_no_disease,high_confidence,1,0,0.9999873638153076,11.27893352508545,1,1,1.0,1.0,0.1,0.1,1.0,0.0,0.08151490986347198,0.0,0.0,0.4377459947246631,0.4377459947246631,0.0,0.0,0.9615384615384616,0.9615384615384616,65,1.0,12.03912353515625,12.03912353515625,1.0,1.0,0.1,0.0,1.0,0.12322713699904853,0.12322713699904853,,0.12322713699904853,512,4154.928958577958,1,1.0,1.0,1.0,512.0,512.0,0.12322713699904853,0.12322713699904853,0.0,,1.0,,512.0,,0.12322713699904853,0.0,,1.0,,512.0,,0.12322713699904853,0.0,,1.0,,512.0,,0.12322713699904853,0.0
68,2,3802,wachter_style,Custom Wachter-style gradient,11,73125999,80125999,,none_generator_only,512,disease_to_no_disease,high_confidence,1,0,0.9999873638153076,11.27893352508545,1,1,1.0,1.0,0.1,0.1,1.0,0.0,0.08197376877069473,0.0,0.0,0.4387419058144191,0.4387419058144191,0.0,0.0,0.9615384615384616,0.9615384615384616,65,1.0,12.040033340454102,12.040033340454102,1.0,1.0,0.1,0.0,1.0,0.10911232499893231,0.10911232499893231,,0.10911232499893231,512,4692.412154218234,1,1.0,1.0,1.0,512.0,512.0,0.10911232499893231,0.10911232499893231,0.0,,1.0,,512.0,,0.10911232499893231,0.0,,1.0,,512.0,,0.10911232499893231,0.0,,1.0,,512.0,,0.10911232499893231,0.0
69,2,4066,uniform_random,Uniform constrained random,11,74126002,81126002,,none_generator_only,512,disease_to_no_disease,high_confidence,1,0,0.9999908208847046,11.598570823669434,10,10,1.0,1.0,1.0,1.0,1.0,1.0,0.09178151190280914,0.16666666666666666,0.10868945717811584,0.8030661829826977,0.8030661829826977,0.0,0.0,0.9090909090909091,0.9090909090909091,81,1.0,7.758647918701172,0.19083595275878906,0.9,0.8,0.8,0.0,0.981118052505634,0.37520201400002406,0.37520201400002406,0.37520201400002406,0.03752020140000241,512,1364.5982188143776,8,1.0,1.0,1.0,64.0,64.0,0.04203992600014317,0.04203992600014317,1.0,1.0,1.0,64.0,64.0,0.04203992600014317,0.04203992600014317,1.0,1.0,1.0,64.0,64.0,0.04203992600014317,0.04203992600014317,1.0,2.0,2.0,128.0,128.0,0.08674580600018089,0.08674580600018089,0.16666666666666666
69,2,4066,genetic_cfe,Budget-matched genetic CFE,11,74126002,81126002,,none_generator_only,512,disease_to_no_disease,high_confidence,1,0,0.9999908208847046,11.598570823669434,10,10,1.0,1.0,1.0,1.0,1.0,1.0,0.07234208285808563,0.3111111111111111,0.07748762518167496,0.7247991069816838,0.7247991069816838,0.0,0.04,0.9393939393939394,0.9393939393939394,81,1.0,3.8953964710235596,0.19083595275878906,0.8875,0.7,0.7,0.0,0.9531843805661271,0.41538144999867654,0.41538144999867654,0.41538144999867654,0.04153814499986765,512,1232.6019854801684,8,1.0,1.0,1.0,64.0,64.0,0.044278763998590875,0.044278763998590875,1.0,1.0,1.0,64.0,64.0,0.044278763998590875,0.044278763998590875,1.0,1.0,1.0,64.0,64.0,0.044278763998590875,0.044278763998590875,1.0,2.0,2.0,128.0,128.0,0.08900239200011129,0.08900239200011129,0.3111111111111111
69,2,4066,dice_gradient_style,Custom DiCE-style gradient,11,74126002,81126002,,none_generator_only,512,disease_to_no_disease,high_confidence,1,0,0.9999908208847046,11.598570823669434,1,1,1.0,1.0,0.1,0.1,1.0,0.0,0.08087316155433655,0.0,0.0,0.6304798845579016,0.6304798845579016,0.0,0.0,1.0,1.0,65,1.0,11.72923755645752,11.72923755645752,1.0,1.0,0.1,0.0,1.0,0.1192849480012228,0.1192849480012228,,0.1192849480012228,512,4292.243141982603,1,1.0,1.0,1.0,512.0,512.0,0.1192849480012228,0.1192849480012228,0.0,,1.0,,512.0,,0.1192849480012228,0.0,,1.0,,512.0,,0.1192849480012228,0.0,,1.0,,512.0,,0.1192849480012228,0.0
69,2,4066,wachter_style,Custom Wachter-style gradient,11,74126002,81126002,,none_generator_only,512,disease_to_no_disease,high_confidence,1,0,0.9999908208847046,11.598570823669434,1,1,1.0,1.0,0.1,0.1,1.0,0.0,0.08101187646389008,0.0,0.0,0.6305404150197292,0.6305404150197292,0.0,0.0,1.0,1.0,65,1.0,11.74604320526123,11.74604320526123,1.0,1.0,0.1,0.0,1.0,0.10364263900009973,0.10364263900009973,,0.10364263900009973,512,4940.051748388106,1,1.0,1.0,1.0,512.0,512.0,0.10364263900009973,0.10364263900009973,0.0,,1.0,,512.0,,0.10364263900009973,0.0,,1.0,,512.0,,0.10364263900009973,0.0,,1.0,,512.0,,0.10364263900009973,0.0
70,2,4159,uniform_random,Uniform constrained random,11,75126005,82126005,,none_generator_only,512,disease_to_no_disease,high_confidence,1,0,0.9999896287918091,11.47646713256836,10,10,1.0,1.0,1.0,1.0,1.0,1.0,0.09375207126140594,0.17222222222222222,0.10974430292844772,0.6891894606521495,0.6891894606521495,0.0,0.0,0.8484848484848485,0.8484848484848485,81,1.0,4.12718391418457,0.23662185668945312,0.925,0.7,0.7,0.0,0.9705981699325162,0.36126826199870266,0.36126826199870266,0.36126826199870266,0.03612682619987027,512,1417.22939393397,8,1.0,1.0,1.0,64.0,64.0,0.04287826299878361,0.04287826299878361,1.0,1.0,1.0,64.0,64.0,0.04287826299878361,0.04287826299878361,1.0,1.0,1.0,64.0,64.0,0.04287826299878361,0.04287826299878361,1.0,1.0,1.0,64.0,64.0,0.04287826299878361,0.04287826299878361,0.17222222222222222
70,2,4159,genetic_cfe,Budget-matched genetic CFE,11,75126005,82126005,,none_generator_only,512,disease_to_no_disease,high_confidence,1,0,0.9999896287918091,11.47646713256836,10,10,1.0,1.0,1.0,1.0,1.0,1.0,0.07479940354824066,0.3611111111111111,0.06872310489416122,0.6336278428232818,0.6336278428232818,0.0,0.0,0.8181818181818182,0.8181818181818182,81,1.0,7.589792728424072,2.305929660797119,1.0,1.0,1.0,1.0,0.9378298987230771,0.39114443299877166,0.39114443299877166,0.39114443299877166,0.039114443299877164,512,1308.9793866543612,8,1.0,1.0,1.0,64.0,64.0,0.04276596999989124,0.04276596999989124,1.0,1.0,1.0,64.0,64.0,0.04276596999989124,0.04276596999989124,1.0,1.0,1.0,64.0,64.0,0.04276596999989124,0.04276596999989124,1.0,1.0,1.0,64.0,64.0,0.04276596999989124,0.04276596999989124,0.3611111111111111
70,2,4159,dice_gradient_style,Custom DiCE-style gradient,11,75126005,82126005,,none_generator_only,512,disease_to_no_disease,high_confidence,1,0,0.9999896287918091,11.47646713256836,1,1,1.0,1.0,0.1,0.1,1.0,0.0,0.08289559185504913,0.0,0.0,0.5491475542866127,0.5491475542866127,0.0,0.0,1.0,1.0,65,1.0,11.764991760253906,11.764991760253906,1.0,1.0,0.1,0.0,1.0,0.11816263800028537,0.11816263800028537,,0.11816263800028537,512,4333.010913303776,1,1.0,1.0,1.0,512.0,512.0,0.11816263800028537,0.11816263800028537,0.0,,1.0,,512.0,,0.11816263800028537,0.0,,1.0,,512.0,,0.11816263800028537,0.0,,1.0,,512.0,,0.11816263800028537,0.0
70,2,4159,wachter_style,Custom Wachter-style gradient,11,75126005,82126005,,none_generator_only,512,disease_to_no_disease,high_confidence,1,0,0.9999896287918091,11.47646713256836,1,1,1.0,1.0,0.1,0.1,1.0,0.0,0.08307476341724396,0.0,0.0,0.549106525359871,0.549106525359871,0.0,0.0,1.0,1.0,65,1.0,11.76976203918457,11.76976203918457,1.0,1.0,0.1,0.0,1.0,0.10530857399862725,0.10530857399862725,,0.10530857399862725,512,4861.902317722716,1,1.0,1.0,1.0,512.0,512.0,0.10530857399862725,0.10530857399862725,0.0,,1.0,,512.0,,0.10530857399862725,0.0,,1.0,,512.0,,0.10530857399862725,0.0,,1.0,,512.0,,0.10530857399862725,0.0
71,2,4311,uniform_random,Uniform constrained random,11,76126008,83126008,,none_generator_only,512,disease_to_no_disease,high_confidence,1,0,1.0,15.942384719848633,10,10,1.0,1.0,1.0,1.0,1.0,1.0,0.15382668375968933,0.09444444444444447,0.13260801136493683,1.0198844089375692,1.0198844089375692,0.0,0.0,0.8484848484848485,0.8484848484848485,81,1.0,5.498905181884766,1.1883578300476074,0.9875,0.9,0.9,0.0,0.9855848712285502,0.34018902299976617,0.34018902299976617,0.34018902299976617,0.03401890229997662,512,1505.0456228282003,8,1.0,1.0,1.0,64.0,64.0,0.04267850600081147,0.04267850600081147,1.0,3.0,3.0,192.0,192.0,0.12654371700045886,0.12654371700045886,1.0,5.0,5.0,320.0,320.0,0.2114760420008679,0.2114760420008679,1.0,5.0,5.0,320.0,320.0,0.2114760420008679,0.2114760420008679,0.09444444444444447
71,2,4311,genetic_cfe,Budget-matched genetic CFE,11,76126008,83126008,,none_generator_only,512,disease_to_no_disease,high_confidence,1,0,1.0,15.942384719848633,10,10,1.0,1.0,1.0,1.0,1.0,1.0,0.11842475086450577,0.21666666666666665,0.07842221856117249,0.8752227744359944,0.8752227744359944,0.0,0.0,0.9090909090909091,0.9090909090909091,81,1.0,4.067591667175293,0.599245548248291,0.9625,0.8,0.8,0.0,0.9674552280311458,0.3963619789992663,0.3963619789992663,0.3963619789992663,0.03963619789992663,512,1291.7485206141525,8,1.0,1.0,1.0,64.0,64.0,0.04454448499927821,0.04454448499927821,1.0,2.0,2.0,128.0,128.0,0.10996482900009141,0.10996482900009141,1.0,4.0,4.0,256.0,256.0,0.2046812009994028,0.2046812009994028,1.0,4.0,4.0,256.0,256.0,0.2046812009994028,0.2046812009994028,0.21666666666666665
71,2,4311,dice_gradient_style,Custom DiCE-style gradient,11,76126008,83126008,,none_generator_only,512,disease_to_no_disease,high_confidence,1,0,1.0,15.942384719848633,1,1,1.0,1.0,0.1,0.1,1.0,0.0,0.1359194815158844,0.05555555555555558,0.0,0.8941707921949893,0.8941707921949893,0.0,0.0,0.9230769230769231,0.9230769230769231,65,1.0,1.200697898864746,1.200697898864746,0.875,0.0,0.0,0.0,0.9928571428571429,0.11946909799917194,0.11946909799917194,,0.11946909799917194,512,4285.627066536895,1,1.0,1.0,1.0,512.0,512.0,0.11946909799917194,0.11946909799917194,0.0,,1.0,,512.0,,0.11946909799917194,0.0,,1.0,,512.0,,0.11946909799917194,0.0,,1.0,,512.0,,0.11946909799917194,0.05555555555555558
71,2,4311,wachter_style,Custom Wachter-style gradient,11,76126008,83126008,,none_generator_only,512,disease_to_no_disease,high_confidence,1,0,1.0,15.942384719848633,1,1,1.0,1.0,0.1,0.1,1.0,0.0,0.1359197199344635,0.05555555555555558,0.0,0.8941710267678552,0.8941710267678552,0.0,0.0,0.9230769230769231,0.9230769230769231,65,1.0,1.2007975578308105,1.2007975578308105,0.875,0.0,0.0,0.0,0.9928571428571429,0.10893936399952509,0.10893936399952509,,0.10893936399952509,512,4699.8622096070985,1,1.0,1.0,1.0,512.0,512.0,0.10893936399952509,0.10893936399952509,0.0,,1.0,,512.0,,0.10893936399952509,0.0,,1.0,,512.0,,0.10893936399952509,0.0,,1.0,,512.0,,0.10893936399952509,0.05555555555555558
72,2,5298,uniform_random,Uniform constrained random,11,77126011,84126011,,none_generator_only,512,disease_to_no_disease,high_confidence,1,0,0.9999786615371704,10.75497817993164,10,10,1.0,1.0,1.0,1.0,1.0,1.0,0.0993211641907692,0.19444444444444448,0.14047694206237793,0.6380392265384713,0.6380392265384713,0.0,0.04,0.7575757575757576,0.7575757575757576,81,1.0,5.071193695068359,0.30852842330932617,0.95,0.9,0.9,0.0,0.9676249433707026,0.3591621079995093,0.3591621079995093,0.3591621079995093,0.03591621079995093,512,1425.5401352101974,8,1.0,1.0,1.0,64.0,64.0,0.04386511399934534,0.04386511399934534,1.0,1.0,1.0,64.0,64.0,0.04386511399934534,0.04386511399934534,1.0,1.0,1.0,64.0,64.0,0.04386511399934534,0.04386511399934534,1.0,1.0,1.0,64.0,64.0,0.04386511399934534,0.04386511399934534,0.19444444444444448
72,2,5298,genetic_cfe,Budget-matched genetic CFE,11,77126011,84126011,,none_generator_only,512,disease_to_no_disease,high_confidence,1,0,0.9999786615371704,10.75497817993164,10,10,1.0,1.0,1.0,1.0,1.0,1.0,0.07712559401988983,0.35,0.0787782222032547,0.5839991565417846,0.5839991565417846,0.0,0.02,0.9393939393939394,0.9393939393939394,81,1.0,8.206750869750977,2.258070945739746,0.9875,0.9,0.9,0.0,0.9438571402430099,0.41789068700018106,0.41789068700018106,0.41789068700018106,0.041789068700018105,512,1225.2007903678843,8,1.0,1.0,1.0,64.0,64.0,0.04193087899875536,0.04193087899875536,1.0,1.0,1.0,64.0,64.0,0.04193087899875536,0.04193087899875536,1.0,1.0,1.0,64.0,64.0,0.04193087899875536,0.04193087899875536,1.0,1.0,1.0,64.0,64.0,0.04193087899875536,0.04193087899875536,0.35
72,2,5298,dice_gradient_style,Custom DiCE-style gradient,11,77126011,84126011,,none_generator_only,512,disease_to_no_disease,high_confidence,1,0,0.9999786615371704,10.75497817993164,1,1,1.0,1.0,0.1,0.1,1.0,0.0,0.08070394396781921,0.0,0.0,0.39340725017509925,0.39340725017509925,0.0,0.0,0.8846153846153846,0.8846153846153846,65,1.0,11.790388107299805,11.790388107299805,1.0,1.0,0.1,0.0,1.0,0.11934130699955858,0.11934130699955858,,0.11934130699955858,512,4290.216127781253,1,1.0,1.0,1.0,512.0,512.0,0.11934130699955858,0.11934130699955858,0.0,,1.0,,512.0,,0.11934130699955858,0.0,,1.0,,512.0,,0.11934130699955858,0.0,,1.0,,512.0,,0.11934130699955858,0.0
72,2,5298,wachter_style,Custom Wachter-style gradient,11,77126011,84126011,,none_generator_only,512,disease_to_no_disease,high_confidence,1,0,0.9999786615371704,10.75497817993164,1,1,1.0,1.0,0.1,0.1,1.0,0.0,0.08105093240737915,0.0,0.0,0.3931787602100236,0.3931787602100236,0.0,0.0,0.8846153846153846,0.8846153846153846,65,1.0,11.791670799255371,11.791670799255371,1.0,1.0,0.1,0.0,1.0,0.10600376200090977,0.10600376200090977,,0.10600376200090977,512,4830.017259157328,1,1.0,1.0,1.0,512.0,512.0,0.10600376200090977,0.10600376200090977,0.0,,1.0,,512.0,,0.10600376200090977,0.0,,1.0,,512.0,,0.10600376200090977,0.0,,1.0,,512.0,,0.10600376200090977,0.0
73,11,10410,uniform_random,Uniform constrained random,11,78126014,85126014,,none_generator_only,512,disease_to_no_disease,high_confidence,1,0,0.9999991655349731,13.996474266052246,10,10,1.0,1.0,1.0,1.0,1.0,1.0,0.10011287778615952,0.23888888888888887,0.13839992880821228,0.7967035763198971,0.7967035763198971,0.0,0.0,0.8181818181818182,0.8181818181818182,81,1.0,5.810298919677734,0.493837833404541,0.9625,0.9,0.9,0.0,0.9659570889256249,0.3582892320009705,0.3582892320009705,0.3582892320009705,0.03582892320009705,512,1429.0130829235,8,1.0,1.0,1.0,64.0,64.0,0.04398285400020541,0.04398285400020541,1.0,1.0,1.0,64.0,64.0,0.04398285400020541,0.04398285400020541,1.0,1.0,1.0,64.0,64.0,0.04398285400020541,0.04398285400020541,1.0,2.0,2.0,128.0,128.0,0.08719073100110108,0.08719073100110108,0.23888888888888887
73,11,10410,genetic_cfe,Budget-matched genetic CFE,11,78126014,85126014,,none_generator_only,512,disease_to_no_disease,high_confidence,1,0,0.9999991655349731,13.996474266052246,10,10,1.0,1.0,1.0,1.0,1.0,1.0,0.0723552256822586,0.35,0.0825023204088211,0.6643524612378275,0.6643524612378275,0.0,0.0,0.8787878787878788,0.8787878787878788,81,1.0,6.031562805175781,0.493837833404541,0.9625,0.8,0.8,0.0,0.9450774299223956,0.4012074149995897,0.4012074149995897,0.4012074149995897,0.040120741499958965,512,1276.1478997104869,8,1.0,1.0,1.0,64.0,64.0,0.0423446659988258,0.0423446659988258,1.0,1.0,1.0,64.0,64.0,0.0423446659988258,0.0423446659988258,1.0,1.0,1.0,64.0,64.0,0.0423446659988258,0.0423446659988258,1.0,2.0,2.0,128.0,128.0,0.08547031600028276,0.08547031600028276,0.35
73,11,10410,dice_gradient_style,Custom DiCE-style gradient,11,78126014,85126014,,none_generator_only,512,disease_to_no_disease,high_confidence,1,0,0.9999991655349731,13.996474266052246,1,1,1.0,1.0,0.1,0.1,1.0,0.0,0.08842746168375015,0.0,0.0,0.6193733284991585,0.6193733284991585,0.0,0.0,0.8846153846153846,0.8846153846153846,65,1.0,11.90872573852539,11.90872573852539,1.0,1.0,0.1,0.0,1.0,0.12295810000068741,0.12295810000068741,,0.12295810000068741,512,4164.020101133131,1,1.0,1.0,1.0,512.0,512.0,0.12295810000068741,0.12295810000068741,0.0,,1.0,,512.0,,0.12295810000068741,0.0,,1.0,,512.0,,0.12295810000068741,0.0,,1.0,,512.0,,0.12295810000068741,0.0
73,11,10410,wachter_style,Custom Wachter-style gradient,11,78126014,85126014,,none_generator_only,512,disease_to_no_disease,high_confidence,1,0,0.9999991655349731,13.996474266052246,1,1,1.0,1.0,0.1,0.1,1.0,0.0,0.0886811912059784,0.0,0.0,0.6194905402953309,0.6194905402953309,0.0,0.0,0.8846153846153846,0.8846153846153846,65,1.0,11.912408828735352,11.912408828735352,1.0,1.0,0.1,0.0,1.0,0.10473468199961644,0.10473468199961644,,0.10473468199961644,512,4888.543032974264,1,1.0,1.0,1.0,512.0,512.0,0.10473468199961644,0.10473468199961644,0.0,,1.0,,512.0,,0.10473468199961644,0.0,,1.0,,512.0,,0.10473468199961644,0.0,,1.0,,512.0,,0.10473468199961644,0.0
74,11,10661,uniform_random,Uniform constrained random,11,79126017,86126017,,none_generator_only,512,disease_to_no_disease,high_confidence,1,0,0.999991774559021,11.708270072937012,10,10,1.0,1.0,1.0,1.0,1.0,1.0,0.1139545887708664,0.17777777777777776,0.1428152471780777,0.7232313850801939,0.7232313850801939,0.0,0.0,0.7575757575757576,0.7575757575757576,81,1.0,4.3648200035095215,1.2753558158874512,1.0,1.0,1.0,1.0,0.9698880921315224,0.35358294300021953,0.35358294300021953,0.35358294300021953,0.03535829430002195,512,1448.0336513282602,8,1.0,1.0,1.0,64.0,64.0,0.04114999100056593,0.04114999100056593,1.0,1.0,1.0,64.0,64.0,0.04114999100056593,0.04114999100056593,1.0,1.0,1.0,64.0,64.0,0.04114999100056593,0.04114999100056593,1.0,2.0,2.0,128.0,128.0,0.08429801000056614,0.08429801000056614,0.17777777777777776
74,11,10661,genetic_cfe,Budget-matched genetic CFE,11,79126017,86126017,,none_generator_only,512,disease_to_no_disease,high_confidence,1,0,0.999991774559021,11.708270072937012,10,10,1.0,1.0,1.0,1.0,1.0,1.0,0.08272513747215271,0.47777777777777775,0.0760565772652626,0.6828665266584288,0.6828665266584288,0.0,0.0,0.9090909090909091,0.9090909090909091,81,1.0,6.616124629974365,2.7519941329956055,1.0,1.0,1.0,1.0,0.8989056260983,0.39805410699955246,0.39805410699955246,0.39805410699955246,0.039805410699955246,512,1286.2572976808292,8,1.0,1.0,1.0,64.0,64.0,0.04243492400019022,0.04243492400019022,1.0,1.0,1.0,64.0,64.0,0.04243492400019022,0.04243492400019022,1.0,1.0,1.0,64.0,64.0,0.04243492400019022,0.04243492400019022,1.0,2.0,2.0,128.0,128.0,0.08628964099989389,0.08628964099989389,0.47777777777777775
74,11,10661,dice_gradient_style,Custom DiCE-style gradient,11,79126017,86126017,,none_generator_only,512,disease_to_no_disease,high_confidence,1,0,0.999991774559021,11.708270072937012,1,1,1.0,1.0,0.1,0.1,1.0,0.0,0.09280267357826233,0.05555555555555558,0.0,0.54965777159494,0.54965777159494,0.0,0.0,1.0,1.0,65,1.0,11.611824035644531,11.611824035644531,1.0,1.0,0.1,0.0,1.0,0.11067354599981627,0.11067354599981627,,0.11067354599981627,512,4626.21844610319,1,1.0,1.0,1.0,512.0,512.0,0.11067354599981627,0.11067354599981627,0.0,,1.0,,512.0,,0.11067354599981627,0.0,,1.0,,512.0,,0.11067354599981627,0.0,,1.0,,512.0,,0.11067354599981627,0.05555555555555558
74,11,10661,wachter_style,Custom Wachter-style gradient,11,79126017,86126017,,none_generator_only,512,disease_to_no_disease,high_confidence,1,0,0.999991774559021,11.708270072937012,1,1,1.0,1.0,0.1,0.1,1.0,0.0,0.09301149845123291,0.05555555555555558,0.0,0.5498988698515624,0.5498988698515624,0.0,0.0,1.0,1.0,65,1.0,11.616520881652832,11.616520881652832,1.0,1.0,0.1,0.0,1.0,0.10704145799900289,0.10704145799900289,,0.10704145799900289,512,4783.193442719823,1,1.0,1.0,1.0,512.0,512.0,0.10704145799900289,0.10704145799900289,0.0,,1.0,,512.0,,0.10704145799900289,0.0,,1.0,,512.0,,0.10704145799900289,0.0,,1.0,,512.0,,0.10704145799900289,0.05555555555555558
75,11,10670,uniform_random,Uniform constrained random,11,80126020,87126020,,none_generator_only,512,disease_to_no_disease,high_confidence,1,0,0.9999790191650391,10.771880149841309,10,10,1.0,1.0,1.0,1.0,1.0,1.0,0.09938542544841766,0.22777777777777777,0.12501034140586853,0.6761118303838909,0.6761118303838909,0.0,0.0,0.7878787878787878,0.7878787878787878,81,1.0,3.9865612983703613,0.6570072174072266,0.95,0.8,0.8,0.0,0.9496432021461251,0.3674865350003529,0.3674865350003529,0.3674865350003529,0.03674865350003529,512,1393.2483267706893,8,1.0,1.0,1.0,64.0,64.0,0.04448322700045537,0.04448322700045537,1.0,1.0,1.0,64.0,64.0,0.04448322700045537,0.04448322700045537,1.0,1.0,1.0,64.0,64.0,0.04448322700045537,0.04448322700045537,1.0,1.0,1.0,64.0,64.0,0.04448322700045537,0.04448322700045537,0.22777777777777777
75,11,10670,genetic_cfe,Budget-matched genetic CFE,11,80126020,87126020,,none_generator_only,512,disease_to_no_disease,high_confidence,1,0,0.9999790191650391,10.771880149841309,10,10,1.0,1.0,1.0,1.0,1.0,1.0,0.08136850595474243,0.42222222222222217,0.09036852419376373,0.6185553835778654,0.6185553835778654,0.0,0.0,0.7575757575757576,0.7575757575757576,81,1.0,4.474907875061035,0.49151611328125,0.95,0.8,0.8,0.0,0.9236644170093827,0.4101903909995599,0.4101903909995599,0.4101903909995599,0.04101903909995599,512,1248.2008629025866,8,1.0,1.0,1.0,64.0,64.0,0.042962253999576205,0.042962253999576205,1.0,1.0,1.0,64.0,64.0,0.042962253999576205,0.042962253999576205,1.0,1.0,1.0,64.0,64.0,0.042962253999576205,0.042962253999576205,1.0,1.0,1.0,64.0,64.0,0.042962253999576205,0.042962253999576205,0.42222222222222217
75,11,10670,dice_gradient_style,Custom DiCE-style gradient,11,80126020,87126020,,none_generator_only,512,disease_to_no_disease,high_confidence,1,0,0.9999790191650391,10.771880149841309,1,1,1.0,1.0,0.1,0.1,1.0,0.0,0.09345857053995132,0.0,0.0,0.49971059773649024,0.49971059773649024,0.0,0.0,0.9230769230769231,0.9230769230769231,65,1.0,12.079973220825195,12.079973220825195,1.0,1.0,0.1,0.0,1.0,0.11830188500061922,0.11830188500061922,,0.11830188500061922,512,4327.910751357174,1,1.0,1.0,1.0,512.0,512.0,0.11830188500061922,0.11830188500061922,0.0,,1.0,,512.0,,0.11830188500061922,0.0,,1.0,,512.0,,0.11830188500061922,0.0,,1.0,,512.0,,0.11830188500061922,0.0
75,11,10670,wachter_style,Custom Wachter-style gradient,11,80126020,87126020,,none_generator_only,512,disease_to_no_disease,high_confidence,1,0,0.9999790191650391,10.771880149841309,1,1,1.0,1.0,0.1,0.1,1.0,0.0,0.09354162961244583,0.0,0.0,0.4998379814651241,0.4998379814651241,0.0,0.0,0.9230769230769231,0.9230769230769231,65,1.0,12.086297988891602,12.086297988891602,1.0,1.0,0.1,0.0,1.0,0.1129061069987074,0.1129061069987074,,0.1129061069987074,512,4534.741420194938,1,1.0,1.0,1.0,512.0,512.0,0.1129061069987074,0.1129061069987074,0.0,,1.0,,512.0,,0.1129061069987074,0.0,,1.0,,512.0,,0.1129061069987074,0.0,,1.0,,512.0,,0.1129061069987074,0.0
76,11,11286,uniform_random,Uniform constrained random,11,81126023,88126023,,none_generator_only,512,disease_to_no_disease,high_confidence,1,0,0.999994158744812,12.050559043884277,10,10,1.0,1.0,1.0,1.0,1.0,1.0,0.1079770177602768,0.2,0.13459035754203796,0.763642048119004,0.763642048119004,0.0,0.0,0.8484848484848485,0.8484848484848485,81,1.0,5.706284523010254,0.2508063316345215,0.9125,0.8,0.8,0.0,0.9666727963733319,0.3751838640000642,0.3751838640000642,0.3751838640000642,0.03751838640000642,512,1364.6642330010025,8,1.0,1.0,1.0,64.0,64.0,0.044371846999638365,0.044371846999638365,1.0,1.0,1.0,64.0,64.0,0.044371846999638365,0.044371846999638365,1.0,1.0,1.0,64.0,64.0,0.044371846999638365,0.044371846999638365,1.0,2.0,2.0,128.0,128.0,0.08964800499961711,0.08964800499961711,0.2
76,11,11286,genetic_cfe,Budget-matched genetic CFE,11,81126023,88126023,,none_generator_only,512,disease_to_no_disease,high_confidence,1,0,0.999994158744812,12.050559043884277,10,10,1.0,1.0,1.0,1.0,1.0,1.0,0.09534993767738342,0.3611111111111111,0.09074334800243378,0.7272992080446578,0.7272992080446578,0.0,0.0,0.8484848484848485,0.8484848484848485,81,1.0,10.047285079956055,0.10999059677124023,0.9625,0.9,0.9,0.0,0.9392770146520146,0.40390386000035505,0.40390386000035505,0.40390386000035505,0.04039038600003551,512,1267.628390576782,8,1.0,1.0,1.0,64.0,64.0,0.04691829600051278,0.04691829600051278,1.0,1.0,1.0,64.0,64.0,0.04691829600051278,0.04691829600051278,1.0,1.0,1.0,64.0,64.0,0.04691829600051278,0.04691829600051278,1.0,2.0,2.0,128.0,128.0,0.09348718900037056,0.09348718900037056,0.3611111111111111
76,11,11286,dice_gradient_style,Custom DiCE-style gradient,11,81126023,88126023,,none_generator_only,512,disease_to_no_disease,high_confidence,1,0,0.999994158744812,12.050559043884277,1,1,1.0,1.0,0.1,0.1,1.0,0.0,0.09454526007175446,0.05555555555555558,0.0,0.5736258725965154,0.5736258725965154,0.0,0.0,0.9615384615384616,0.9615384615384616,65,1.0,12.081331253051758,12.081331253051758,1.0,1.0,0.1,0.0,0.9964285714285714,0.11705732100017485,0.11705732100017485,,0.11705732100017485,512,4373.925489028023,1,1.0,1.0,1.0,512.0,512.0,0.11705732100017485,0.11705732100017485,0.0,,1.0,,512.0,,0.11705732100017485,0.0,,1.0,,512.0,,0.11705732100017485,0.0,,1.0,,512.0,,0.11705732100017485,0.05555555555555558
76,11,11286,wachter_style,Custom Wachter-style gradient,11,81126023,88126023,,none_generator_only,512,disease_to_no_disease,high_confidence,1,0,0.999994158744812,12.050559043884277,1,1,1.0,1.0,0.1,0.1,1.0,0.0,0.09483835101127625,0.05555555555555558,0.0,0.5739759406117918,0.5739759406117918,0.0,0.0,0.9615384615384616,0.9615384615384616,65,1.0,12.08387565612793,12.08387565612793,1.0,1.0,0.1,0.0,0.9964285714285714,0.1077306259994657,0.1077306259994657,,0.1077306259994657,512,4752.594680017354,1,1.0,1.0,1.0,512.0,512.0,0.1077306259994657,0.1077306259994657,0.0,,1.0,,512.0,,0.1077306259994657,0.0,,1.0,,512.0,,0.1077306259994657,0.0,,1.0,,512.0,,0.1077306259994657,0.05555555555555558
77,11,11830,uniform_random,Uniform constrained random,11,82126026,89126026,,none_generator_only,512,disease_to_no_disease,high_confidence,1,0,0.9999974966049194,12.897860527038574,10,10,1.0,1.0,1.0,1.0,1.0,1.0,0.10579346120357513,0.20555555555555555,0.12732210755348206,0.7684052090326707,0.7684052090326707,0.0,0.0,0.8484848484848485,0.8484848484848485,81,1.0,3.8623900413513184,0.18179082870483398,0.9,0.8,0.8,0.0,0.9742425484230267,0.3707683619995805,0.3707683619995805,0.3707683619995805,0.03707683619995805,512,1380.916098770529,8,1.0,1.0,1.0,64.0,64.0,0.045176589001130196,0.045176589001130196,1.0,1.0,1.0,64.0,64.0,0.045176589001130196,0.045176589001130196,1.0,2.0,2.0,128.0,128.0,0.09049785800016252,0.09049785800016252,1.0,2.0,2.0,128.0,128.0,0.09049785800016252,0.09049785800016252,0.20555555555555555
77,11,11830,genetic_cfe,Budget-matched genetic CFE,11,82126026,89126026,,none_generator_only,512,disease_to_no_disease,high_confidence,1,0,0.9999974966049194,12.897860527038574,10,10,1.0,1.0,1.0,1.0,1.0,1.0,0.08596260845661163,0.35555555555555557,0.08100783079862595,0.7088074537023326,0.7088074537023326,0.0,0.0,0.8787878787878788,0.8787878787878788,81,1.0,5.5429792404174805,0.3861689567565918,0.9375,0.8,0.8,0.0,0.9518902159688774,0.3922535539986711,0.3922535539986711,0.3922535539986711,0.039225355399867115,512,1305.2781670952932,8,1.0,1.0,1.0,64.0,64.0,0.04567918099928647,0.04567918099928647,1.0,1.0,1.0,64.0,64.0,0.04567918099928647,0.04567918099928647,1.0,2.0,2.0,128.0,128.0,0.08759587599888619,0.08759587599888619,1.0,2.0,2.0,128.0,128.0,0.08759587599888619,0.08759587599888619,0.35555555555555557
77,11,11830,dice_gradient_style,Custom DiCE-style gradient,11,82126026,89126026,,none_generator_only,512,disease_to_no_disease,high_confidence,1,0,0.9999974966049194,12.897860527038574,1,1,1.0,1.0,0.1,0.1,1.0,0.0,0.09776900708675385,0.0,0.0,0.5914436649751709,0.5914436649751709,0.0,0.0,0.8846153846153846,0.8846153846153846,65,1.0,11.832483291625977,11.832483291625977,1.0,1.0,0.1,0.0,1.0,0.12118604100032826,0.12118604100032826,,0.12118604100032826,512,4224.90903881094,1,1.0,1.0,1.0,512.0,512.0,0.12118604100032826,0.12118604100032826,0.0,,1.0,,512.0,,0.12118604100032826,0.0,,1.0,,512.0,,0.12118604100032826,0.0,,1.0,,512.0,,0.12118604100032826,0.0
77,11,11830,wachter_style,Custom Wachter-style gradient,11,82126026,89126026,,none_generator_only,512,disease_to_no_disease,high_confidence,1,0,0.9999974966049194,12.897860527038574,1,1,1.0,1.0,0.1,0.1,1.0,0.0,0.0979003980755806,0.0,0.0,0.5917692414507576,0.5917692414507576,0.0,0.0,0.8846153846153846,0.8846153846153846,65,1.0,11.834156036376953,11.834156036376953,1.0,1.0,0.1,0.0,1.0,0.1276577670014376,0.1276577670014376,,0.1276577670014376,512,4010.7234524495025,1,1.0,1.0,1.0,512.0,512.0,0.1276577670014376,0.1276577670014376,0.0,,1.0,,512.0,,0.1276577670014376,0.0,,1.0,,512.0,,0.1276577670014376,0.0,,1.0,,512.0,,0.1276577670014376,0.0
78,16,13269,uniform_random,Uniform constrained random,11,83126029,90126029,,none_generator_only,512,disease_to_no_disease,high_confidence,1,0,0.9999933242797852,11.91702651977539,10,10,1.0,1.0,1.0,1.0,1.0,1.0,0.11372976005077362,0.2277777777777778,0.13767145574092865,0.8191025767712746,0.8191025767712746,0.0,0.04,0.8484848484848485,0.8484848484848485,81,1.0,8.409453392028809,0.4986710548400879,1.0,1.0,1.0,1.0,0.9640629887416654,0.3845007740001165,0.3845007740001165,0.3845007740001165,0.03845007740001165,512,1331.5967993339978,8,1.0,1.0,1.0,64.0,64.0,0.04670794800040312,0.04670794800040312,1.0,1.0,1.0,64.0,64.0,0.04670794800040312,0.04670794800040312,1.0,1.0,1.0,64.0,64.0,0.04670794800040312,0.04670794800040312,1.0,1.0,1.0,64.0,64.0,0.04670794800040312,0.04670794800040312,0.2277777777777778
78,16,13269,genetic_cfe,Budget-matched genetic CFE,11,83126029,90126029,,none_generator_only,512,disease_to_no_disease,high_confidence,1,0,0.9999933242797852,11.91702651977539,10,10,1.0,1.0,1.0,1.0,1.0,1.0,0.07472747564315796,0.4,0.0734301432967186,0.6836018102342287,0.6836018102342287,0.0,0.02,0.9393939393939394,0.9393939393939394,81,1.0,6.397952556610107,1.4765076637268066,0.9875,0.9,0.9,0.0,0.9514288320375277,0.4160590459996456,0.4160590459996456,0.4160590459996456,0.04160590459996456,512,1230.5945632544572,8,1.0,1.0,1.0,64.0,64.0,0.04353674100093485,0.04353674100093485,1.0,1.0,1.0,64.0,64.0,0.04353674100093485,0.04353674100093485,1.0,1.0,1.0,64.0,64.0,0.04353674100093485,0.04353674100093485,1.0,1.0,1.0,64.0,64.0,0.04353674100093485,0.04353674100093485,0.4
78,16,13269,dice_gradient_style,Custom DiCE-style gradient,11,83126029,90126029,,none_generator_only,512,disease_to_no_disease,high_confidence,1,0,0.9999933242797852,11.91702651977539,1,1,1.0,1.0,0.1,0.1,1.0,0.0,0.0978308767080307,0.0,0.0,0.6462097971684236,0.6462097971684236,0.0,0.0,0.9230769230769231,0.9230769230769231,65,1.0,11.641934394836426,11.641934394836426,1.0,1.0,0.1,0.0,1.0,0.12316260399893508,0.12316260399893508,,0.12316260399893508,512,4157.105999516111,1,1.0,1.0,1.0,512.0,512.0,0.12316260399893508,0.12316260399893508,0.0,,1.0,,512.0,,0.12316260399893508,0.0,,1.0,,512.0,,0.12316260399893508,0.0,,1.0,,512.0,,0.12316260399893508,0.0
78,16,13269,wachter_style,Custom Wachter-style gradient,11,83126029,90126029,,none_generator_only,512,disease_to_no_disease,high_confidence,1,0,0.9999933242797852,11.91702651977539,1,1,1.0,1.0,0.1,0.1,1.0,0.0,0.09806261211633682,0.0,0.0,0.6477253511307584,0.6477253511307584,0.0,0.0,0.9230769230769231,0.9230769230769231,65,1.0,11.667089462280273,11.667089462280273,1.0,1.0,0.1,0.0,1.0,0.11375758100075473,0.11375758100075473,,0.11375758100075473,512,4500.798940130444,1,1.0,1.0,1.0,512.0,512.0,0.11375758100075473,0.11375758100075473,0.0,,1.0,,512.0,,0.11375758100075473,0.0,,1.0,,512.0,,0.11375758100075473,0.0,,1.0,,512.0,,0.11375758100075473,0.0
79,16,13283,uniform_random,Uniform constrained random,11,84126032,91126032,,none_generator_only,512,disease_to_no_disease,high_confidence,1,0,0.9999973773956299,12.851340293884277,10,10,1.0,1.0,1.0,1.0,1.0,1.0,0.12050427496433258,0.2111111111111111,0.1572873890399933,0.8888468389968484,0.8888468389968484,0.0,0.0,0.8787878787878788,0.8787878787878788,81,1.0,7.152126312255859,0.6384067535400391,0.975,0.8,0.8,0.0,0.9731200797770599,0.364715787998648,0.364715787998648,0.364715787998648,0.036471578799864804,512,1403.8328387415409,8,1.0,1.0,1.0,64.0,64.0,0.04336395599966636,0.04336395599966636,1.0,1.0,1.0,64.0,64.0,0.04336395599966636,0.04336395599966636,1.0,1.0,1.0,64.0,64.0,0.04336395599966636,0.04336395599966636,1.0,2.0,2.0,128.0,128.0,0.08905317199969431,0.08905317199969431,0.2111111111111111
79,16,13283,genetic_cfe,Budget-matched genetic CFE,11,84126032,91126032,,none_generator_only,512,disease_to_no_disease,high_confidence,1,0,0.9999973773956299,12.851340293884277,10,10,1.0,1.0,1.0,1.0,1.0,1.0,0.08884327858686447,0.4611111111111111,0.08660522848367691,0.8655655300284717,0.8655655300284717,0.0,0.04,0.8181818181818182,0.8181818181818182,81,1.0,8.622218132019043,5.122439384460449,1.0,1.0,1.0,1.0,0.9162351591701101,0.4070722559990827,0.4070722559990827,0.4070722559990827,0.04070722559990827,512,1257.7619635201906,8,1.0,1.0,1.0,64.0,64.0,0.05353439699865703,0.05353439699865703,1.0,1.0,1.0,64.0,64.0,0.05353439699865703,0.05353439699865703,1.0,1.0,1.0,64.0,64.0,0.05353439699865703,0.05353439699865703,1.0,2.0,2.0,128.0,128.0,0.09859968199998548,0.09859968199998548,0.4611111111111111
79,16,13283,dice_gradient_style,Custom DiCE-style gradient,11,84126032,91126032,,none_generator_only,512,disease_to_no_disease,high_confidence,1,0,0.9999973773956299,12.851340293884277,1,1,1.0,1.0,0.1,0.1,1.0,0.0,0.09525294601917267,0.05555555555555558,0.0,0.7587108050844548,0.7587108050844548,0.0,0.0,0.9615384615384616,0.9615384615384616,65,1.0,11.302141189575195,11.302141189575195,1.0,1.0,0.1,0.0,1.0,0.12294354100049532,0.12294354100049532,,0.12294354100049532,512,4164.513205276374,1,1.0,1.0,1.0,512.0,512.0,0.12294354100049532,0.12294354100049532,0.0,,1.0,,512.0,,0.12294354100049532,0.0,,1.0,,512.0,,0.12294354100049532,0.0,,1.0,,512.0,,0.12294354100049532,0.05555555555555558
79,16,13283,wachter_style,Custom Wachter-style gradient,11,84126032,91126032,,none_generator_only,512,disease_to_no_disease,high_confidence,1,0,0.9999973773956299,12.851340293884277,1,1,1.0,1.0,0.1,0.1,1.0,0.0,0.09528753161430359,0.05555555555555558,0.0,0.7588180262090168,0.7588180262090168,0.0,0.0,0.9615384615384616,0.9615384615384616,65,1.0,11.303656578063965,11.303656578063965,1.0,1.0,0.1,0.0,1.0,0.1065970859999652,0.1065970859999652,,0.1065970859999652,512,4803.133173829603,1,1.0,1.0,1.0,512.0,512.0,0.1065970859999652,0.1065970859999652,0.0,,1.0,,512.0,,0.1065970859999652,0.0,,1.0,,512.0,,0.1065970859999652,0.0,,1.0,,512.0,,0.1065970859999652,0.05555555555555558
80,16,13419,uniform_random,Uniform constrained random,11,85126035,92126035,,none_generator_only,512,disease_to_no_disease,high_confidence,1,0,0.9999958276748657,12.387032508850098,10,10,1.0,1.0,1.0,1.0,1.0,1.0,0.09777119010686874,0.22777777777777777,0.1109808161854744,0.8558932004531853,0.8558932004531853,0.0,0.0,0.8787878787878788,0.8787878787878788,81,1.0,2.8457834720611572,0.24315452575683594,0.95,0.7,0.7,0.0,0.9664167620220179,0.3739936120000493,0.3739936120000493,0.3739936120000493,0.037399361200004935,512,1369.0073401572765,8,1.0,1.0,1.0,64.0,64.0,0.04280016200027603,0.04280016200027603,1.0,1.0,1.0,64.0,64.0,0.04280016200027603,0.04280016200027603,1.0,1.0,1.0,64.0,64.0,0.04280016200027603,0.04280016200027603,1.0,1.0,1.0,64.0,64.0,0.04280016200027603,0.04280016200027603,0.22777777777777777
80,16,13419,genetic_cfe,Budget-matched genetic CFE,11,85126035,92126035,,none_generator_only,512,disease_to_no_disease,high_confidence,1,0,0.9999958276748657,12.387032508850098,10,10,1.0,1.0,1.0,1.0,1.0,1.0,0.08352398127317429,0.4666666666666666,0.08234924077987671,0.8592140058673484,0.8592140058673484,0.0,0.0,0.9393939393939394,0.9393939393939394,81,1.0,7.536778450012207,1.6395163536071777,1.0,1.0,1.0,1.0,0.9124181944114051,0.4127615879988298,0.4127615879988298,0.4127615879988298,0.04127615879988298,512,1240.4255020005678,8,1.0,1.0,1.0,64.0,64.0,0.04282070099907287,0.04282070099907287,1.0,1.0,1.0,64.0,64.0,0.04282070099907287,0.04282070099907287,1.0,1.0,1.0,64.0,64.0,0.04282070099907287,0.04282070099907287,1.0,1.0,1.0,64.0,64.0,0.04282070099907287,0.04282070099907287,0.4666666666666666
80,16,13419,dice_gradient_style,Custom DiCE-style gradient,11,85126035,92126035,,none_generator_only,512,disease_to_no_disease,high_confidence,1,0,0.9999958276748657,12.387032508850098,1,1,1.0,1.0,0.1,0.1,1.0,0.0,0.09575776755809784,0.05555555555555558,0.0,0.8324995705328921,0.8324995705328921,0.0,0.0,0.8846153846153846,0.8846153846153846,65,1.0,11.715717315673828,11.715717315673828,1.0,1.0,0.1,0.0,1.0,0.13481386999956158,0.13481386999956158,,0.13481386999956158,512,3797.8288139170327,1,1.0,1.0,1.0,512.0,512.0,0.13481386999956158,0.13481386999956158,0.0,,1.0,,512.0,,0.13481386999956158,0.0,,1.0,,512.0,,0.13481386999956158,0.0,,1.0,,512.0,,0.13481386999956158,0.05555555555555558
80,16,13419,wachter_style,Custom Wachter-style gradient,11,85126035,92126035,,none_generator_only,512,disease_to_no_disease,high_confidence,1,0,0.9999958276748657,12.387032508850098,1,1,1.0,1.0,0.1,0.1,1.0,0.0,0.09588147699832916,0.05555555555555558,0.0,0.8340799092558512,0.8340799092558512,0.0,0.0,0.8846153846153846,0.8846153846153846,65,1.0,11.463059425354004,11.463059425354004,1.0,1.0,0.1,0.0,1.0,0.1059804440010339,0.1059804440010339,,0.1059804440010339,512,4831.079967876009,1,1.0,1.0,1.0,512.0,512.0,0.1059804440010339,0.1059804440010339,0.0,,1.0,,512.0,,0.1059804440010339,0.0,,1.0,,512.0,,0.1059804440010339,0.0,,1.0,,512.0,,0.1059804440010339,0.05555555555555558
81,16,14406,uniform_random,Uniform constrained random,11,86126038,93126038,,none_generator_only,512,disease_to_no_disease,high_confidence,1,0,0.9999982118606567,13.234333038330078,10,10,1.0,1.0,1.0,1.0,1.0,1.0,0.10796449333429337,0.2111111111111111,0.13199155032634735,0.8632386823518349,0.8632386823518349,0.0,0.0,0.9393939393939394,0.9393939393939394,81,1.0,4.63687801361084,0.9575190544128418,1.0,1.0,1.0,1.0,0.9761945977876023,0.36348411600010877,0.36348411600010877,0.36348411600010877,0.03634841160001088,512,1408.5897497646,8,1.0,1.0,1.0,64.0,64.0,0.0443757769990043,0.0443757769990043,1.0,1.0,1.0,64.0,64.0,0.0443757769990043,0.0443757769990043,1.0,1.0,1.0,64.0,64.0,0.0443757769990043,0.0443757769990043,1.0,2.0,2.0,128.0,128.0,0.0884049349988345,0.0884049349988345,0.2111111111111111
81,16,14406,genetic_cfe,Budget-matched genetic CFE,11,86126038,93126038,,none_generator_only,512,disease_to_no_disease,high_confidence,1,0,0.9999982118606567,13.234333038330078,10,10,1.0,1.0,1.0,1.0,1.0,1.0,0.0819094255566597,0.4444444444444445,0.08588854223489761,0.754594412741848,0.754594412741848,0.0,0.0,0.9696969696969697,0.9696969696969697,81,1.0,5.314724922180176,1.398974895477295,1.0,1.0,1.0,1.0,0.9194345130964965,0.42349874899991846,0.42349874899991846,0.42349874899991846,0.04234987489999185,512,1208.9764165988092,8,1.0,1.0,1.0,64.0,64.0,0.043272737000734196,0.043272737000734196,1.0,1.0,1.0,64.0,64.0,0.043272737000734196,0.043272737000734196,1.0,1.0,1.0,64.0,64.0,0.043272737000734196,0.043272737000734196,1.0,2.0,2.0,128.0,128.0,0.08857866200014541,0.08857866200014541,0.4444444444444445
81,16,14406,dice_gradient_style,Custom DiCE-style gradient,11,86126038,93126038,,none_generator_only,512,disease_to_no_disease,high_confidence,1,0,0.9999982118606567,13.234333038330078,1,1,1.0,1.0,0.1,0.1,1.0,0.0,0.1011243686079979,0.0,0.0,0.6392155700105041,0.6392155700105041,0.0,0.0,1.0,1.0,65,1.0,11.600911140441895,11.600911140441895,1.0,1.0,0.1,0.0,1.0,0.12171327699979884,0.12171327699979884,,0.12171327699979884,512,4206.607632467625,1,1.0,1.0,1.0,512.0,512.0,0.12171327699979884,0.12171327699979884,0.0,,1.0,,512.0,,0.12171327699979884,0.0,,1.0,,512.0,,0.12171327699979884,0.0,,1.0,,512.0,,0.12171327699979884,0.0
81,16,14406,wachter_style,Custom Wachter-style gradient,11,86126038,93126038,,none_generator_only,512,disease_to_no_disease,high_confidence,1,0,0.9999982118606567,13.234333038330078,1,1,1.0,1.0,0.1,0.1,1.0,0.0,0.10128404945135117,0.0,0.0,0.6391755966616594,0.6391755966616594,0.0,0.0,1.0,1.0,65,1.0,11.599861145019531,11.599861145019531,1.0,1.0,0.1,0.0,1.0,0.11061094599972421,0.11061094599972421,,0.11061094599972421,512,4628.836643357852,1,1.0,1.0,1.0,512.0,512.0,0.11061094599972421,0.11061094599972421,0.0,,1.0,,512.0,,0.11061094599972421,0.0,,1.0,,512.0,,0.11061094599972421,0.0,,1.0,,512.0,,0.11061094599972421,0.0
82,16,14675,uniform_random,Uniform constrained random,11,87126041,94126041,,none_generator_only,512,disease_to_no_disease,high_confidence,1,0,0.9999970197677612,12.723505973815918,10,10,1.0,1.0,1.0,1.0,1.0,1.0,0.09568756818771362,0.16111111111111112,0.12638145685195923,0.8014692215734625,0.8014692215734625,0.0,0.0,0.9090909090909091,0.9090909090909091,81,1.0,3.9507389068603516,1.3516945838928223,0.9875,0.9,0.9,0.0,0.9712549251268129,0.3759446020012547,0.3759446020012547,0.3759446020012547,0.03759446020012547,512,1361.9027837465565,8,1.0,1.0,1.0,64.0,64.0,0.04322252699967066,0.04322252699967066,1.0,1.0,1.0,64.0,64.0,0.04322252699967066,0.04322252699967066,1.0,2.0,2.0,128.0,128.0,0.08811398100078804,0.08811398100078804,1.0,2.0,2.0,128.0,128.0,0.08811398100078804,0.08811398100078804,0.16111111111111112
82,16,14675,genetic_cfe,Budget-matched genetic CFE,11,87126041,94126041,,none_generator_only,512,disease_to_no_disease,high_confidence,1,0,0.9999970197677612,12.723505973815918,10,10,1.0,1.0,1.0,1.0,1.0,1.0,0.07003153860569,0.42222222222222217,0.07515760511159897,0.6559395651086677,0.6559395651086677,0.0,0.12000000000000002,0.8484848484848485,0.8484848484848485,81,1.0,8.038613319396973,2.986907958984375,1.0,1.0,1.0,1.0,0.8928036195942376,0.43312045899983787,0.43312045899983787,0.43312045899983787,0.04331204589998379,512,1182.1191757653537,8,1.0,1.0,1.0,64.0,64.0,0.050419907998730196,0.050419907998730196,1.0,1.0,1.0,64.0,64.0,0.050419907998730196,0.050419907998730196,1.0,2.0,2.0,128.0,128.0,0.09706653799912601,0.09706653799912601,1.0,2.0,2.0,128.0,128.0,0.09706653799912601,0.09706653799912601,0.42222222222222217
82,16,14675,dice_gradient_style,Custom DiCE-style gradient,11,87126041,94126041,,none_generator_only,512,disease_to_no_disease,high_confidence,1,0,0.9999970197677612,12.723505973815918,1,1,1.0,1.0,0.1,0.1,1.0,0.0,0.08939547091722488,0.0,0.0,0.5741413038199094,0.5741413038199094,0.0,0.0,0.9230769230769231,0.9230769230769231,65,1.0,11.572643280029297,11.572643280029297,1.0,1.0,0.1,0.0,1.0,0.12001620199953322,0.12001620199953322,,0.12001620199953322,512,4266.090673340848,1,1.0,1.0,1.0,512.0,512.0,0.12001620199953322,0.12001620199953322,0.0,,1.0,,512.0,,0.12001620199953322,0.0,,1.0,,512.0,,0.12001620199953322,0.0,,1.0,,512.0,,0.12001620199953322,0.0
82,16,14675,wachter_style,Custom Wachter-style gradient,11,87126041,94126041,,none_generator_only,512,disease_to_no_disease,high_confidence,1,0,0.9999970197677612,12.723505973815918,1,1,1.0,1.0,0.1,0.1,1.0,0.0,0.08966745436191559,0.0,0.0,0.5752101670709874,0.5752101670709874,0.0,0.0,0.9230769230769231,0.9230769230769231,65,1.0,11.594036102294922,11.594036102294922,1.0,1.0,0.1,0.0,1.0,0.1052120130007097,0.1052120130007097,,0.1052120130007097,512,4866.364452094898,1,1.0,1.0,1.0,512.0,512.0,0.1052120130007097,0.1052120130007097,0.0,,1.0,,512.0,,0.1052120130007097,0.0,,1.0,,512.0,,0.1052120130007097,0.0,,1.0,,512.0,,0.1052120130007097,0.0
83,20,15550,uniform_random,Uniform constrained random,11,88126044,95126044,,none_generator_only,512,disease_to_no_disease,high_confidence,1,0,0.9999990463256836,13.862942695617676,10,10,1.0,1.0,1.0,1.0,1.0,1.0,0.10328732430934906,0.19444444444444442,0.14078852534294128,0.6926628813054042,0.6926628813054042,0.0,0.0,0.8484848484848485,0.8484848484848485,81,1.0,4.012171745300293,0.5183334350585938,0.9375,0.7,0.7,0.0,0.966086677614243,0.36283533000096213,0.36283533000096213,0.36283533000096213,0.036283533000096214,512,1411.1084496612893,8,1.0,1.0,1.0,64.0,64.0,0.043757772000390105,0.043757772000390105,1.0,1.0,1.0,64.0,64.0,0.043757772000390105,0.043757772000390105,1.0,1.0,1.0,64.0,64.0,0.043757772000390105,0.043757772000390105,1.0,2.0,2.0,128.0,128.0,0.08742542999971192,0.08742542999971192,0.19444444444444442
83,20,15550,genetic_cfe,Budget-matched genetic CFE,11,88126044,95126044,,none_generator_only,512,disease_to_no_disease,high_confidence,1,0,0.9999990463256836,13.862942695617676,10,10,1.0,1.0,1.0,1.0,1.0,1.0,0.08830516040325165,0.3722222222222222,0.10463418811559677,0.639842196236058,0.639842196236058,0.0,0.06,0.8181818181818182,0.8181818181818182,81,1.0,6.434487342834473,1.1112732887268066,1.0,1.0,1.0,1.0,0.9561127057322709,0.3931901240011939,0.3931901240011939,0.3931901240011939,0.03931901240011939,512,1302.1690239565767,8,1.0,1.0,1.0,64.0,64.0,0.043586993000644725,0.043586993000644725,1.0,1.0,1.0,64.0,64.0,0.043586993000644725,0.043586993000644725,1.0,1.0,1.0,64.0,64.0,0.043586993000644725,0.043586993000644725,1.0,2.0,2.0,128.0,128.0,0.08793197300110478,0.08793197300110478,0.3722222222222222
83,20,15550,dice_gradient_style,Custom DiCE-style gradient,11,88126044,95126044,,none_generator_only,512,disease_to_no_disease,high_confidence,1,0,0.9999990463256836,13.862942695617676,1,1,1.0,1.0,0.1,0.1,1.0,0.0,0.10061581432819366,0.0,0.0,0.5346299249099135,0.5346299249099135,0.0,0.0,1.0,1.0,65,1.0,10.334199905395508,10.334199905395508,1.0,1.0,0.1,0.0,1.0,0.11614222299976973,0.11614222299976973,,0.11614222299976973,512,4408.388153557343,1,1.0,1.0,1.0,512.0,512.0,0.11614222299976973,0.11614222299976973,0.0,,1.0,,512.0,,0.11614222299976973,0.0,,1.0,,512.0,,0.11614222299976973,0.0,,1.0,,512.0,,0.11614222299976973,0.0
83,20,15550,wachter_style,Custom Wachter-style gradient,11,88126044,95126044,,none_generator_only,512,disease_to_no_disease,high_confidence,1,0,0.9999990463256836,13.862942695617676,1,1,1.0,1.0,0.1,0.1,1.0,0.0,0.10072871297597885,0.0,0.0,0.5343525638206901,0.5343525638206901,0.0,0.0,1.0,1.0,65,1.0,10.336227416992188,10.336227416992188,1.0,1.0,0.1,0.0,1.0,0.09812970500024676,0.09812970500024676,,0.09812970500024676,512,5217.5842167130995,1,1.0,1.0,1.0,512.0,512.0,0.09812970500024676,0.09812970500024676,0.0,,1.0,,512.0,,0.09812970500024676,0.0,,1.0,,512.0,,0.09812970500024676,0.0,,1.0,,512.0,,0.09812970500024676,0.0
84,20,15930,uniform_random,Uniform constrained random,11,89126047,96126047,,none_generator_only,512,disease_to_no_disease,high_confidence,1,0,0.9999991655349731,13.996474266052246,10,10,1.0,1.0,1.0,1.0,1.0,1.0,0.10944442451000214,0.19444444444444448,0.12760813534259796,0.7569613510537625,0.7569613510537625,0.0,0.0,0.8484848484848485,0.8484848484848485,81,1.0,3.9303393363952637,0.5596051216125488,0.925,0.8,0.8,0.0,0.9655082081690814,0.35087906799890334,0.35087906799890334,0.35087906799890334,0.03508790679989034,512,1459.1922023732695,8,1.0,1.0,1.0,64.0,64.0,0.04080386900022859,0.04080386900022859,1.0,1.0,1.0,64.0,64.0,0.04080386900022859,0.04080386900022859,1.0,2.0,2.0,128.0,128.0,0.08301585099980002,0.08301585099980002,1.0,2.0,2.0,128.0,128.0,0.08301585099980002,0.08301585099980002,0.19444444444444448
84,20,15930,genetic_cfe,Budget-matched genetic CFE,11,89126047,96126047,,none_generator_only,512,disease_to_no_disease,high_confidence,1,0,0.9999991655349731,13.996474266052246,10,10,1.0,1.0,1.0,1.0,1.0,1.0,0.08913050591945648,0.45555555555555555,0.08514770120382309,0.7383376889252109,0.7383376889252109,0.0,0.0,0.9090909090909091,0.9090909090909091,81,1.0,10.156451225280762,2.1065444946289062,1.0,1.0,1.0,1.0,0.9229654873719182,0.38895269600106985,0.38895269600106985,0.38895269600106985,0.03889526960010699,512,1316.355446983691,8,1.0,1.0,1.0,64.0,64.0,0.04149460500048008,0.04149460500048008,1.0,1.0,1.0,64.0,64.0,0.04149460500048008,0.04149460500048008,1.0,2.0,2.0,128.0,128.0,0.08349459100099921,0.08349459100099921,1.0,2.0,2.0,128.0,128.0,0.08349459100099921,0.08349459100099921,0.45555555555555555
84,20,15930,dice_gradient_style,Custom DiCE-style gradient,11,89126047,96126047,,none_generator_only,512,disease_to_no_disease,high_confidence,1,0,0.9999991655349731,13.996474266052246,1,1,1.0,1.0,0.1,0.1,1.0,0.0,0.10406412184238434,0.0,0.0,0.6218246895855415,0.6218246895855415,0.0,0.0,0.9615384615384616,0.9615384615384616,65,1.0,11.813596725463867,11.813596725463867,1.0,1.0,0.1,0.0,1.0,0.11130592100016656,0.11130592100016656,,0.11130592100016656,512,4599.934984583918,1,1.0,1.0,1.0,512.0,512.0,0.11130592100016656,0.11130592100016656,0.0,,1.0,,512.0,,0.11130592100016656,0.0,,1.0,,512.0,,0.11130592100016656,0.0,,1.0,,512.0,,0.11130592100016656,0.0
84,20,15930,wachter_style,Custom Wachter-style gradient,11,89126047,96126047,,none_generator_only,512,disease_to_no_disease,high_confidence,1,0,0.9999991655349731,13.996474266052246,1,1,1.0,1.0,0.1,0.1,1.0,0.0,0.1041896790266037,0.0,0.0,0.6223700821613639,0.6223700821613639,0.0,0.0,0.9615384615384616,0.9615384615384616,65,1.0,11.813936233520508,11.813936233520508,1.0,1.0,0.1,0.0,1.0,0.0987335109984997,0.0987335109984997,,0.0987335109984997,512,5185.676016401159,1,1.0,1.0,1.0,512.0,512.0,0.0987335109984997,0.0987335109984997,0.0,,1.0,,512.0,,0.0987335109984997,0.0,,1.0,,512.0,,0.0987335109984997,0.0,,1.0,,512.0,,0.0987335109984997,0.0
85,20,15986,uniform_random,Uniform constrained random,11,90126050,97126050,,none_generator_only,512,disease_to_no_disease,high_confidence,1,0,0.9999994039535522,14.33294677734375,10,10,1.0,1.0,1.0,1.0,1.0,1.0,0.10944034159183502,0.2,0.14350852370262146,0.7453422927337294,0.7453422927337294,0.0,0.0,0.7878787878787878,0.7878787878787878,81,1.0,4.2306694984436035,0.15388727188110352,0.925,0.7,0.7,0.0,0.9650785787267457,0.36924448300123913,0.36924448300123913,0.36924448300123913,0.03692444830012391,512,1386.61516575261,8,1.0,1.0,1.0,64.0,64.0,0.04257679399961489,0.04257679399961489,1.0,1.0,1.0,64.0,64.0,0.04257679399961489,0.04257679399961489,1.0,1.0,1.0,64.0,64.0,0.04257679399961489,0.04257679399961489,1.0,2.0,2.0,128.0,128.0,0.08655946399994718,0.08655946399994718,0.2
85,20,15986,genetic_cfe,Budget-matched genetic CFE,11,90126050,97126050,,none_generator_only,512,disease_to_no_disease,high_confidence,1,0,0.9999994039535522,14.33294677734375,10,10,1.0,1.0,1.0,1.0,1.0,1.0,0.07593011111021042,0.42777777777777776,0.06309995800256729,0.6334706976622758,0.6334706976622758,0.0,0.0,0.9393939393939394,0.9393939393939394,81,1.0,5.0658464431762695,0.20770597457885742,0.95,0.8,0.8,0.0,0.9412767714741399,0.42762699000013527,0.42762699000013527,0.42762699000013527,0.042762699000013525,512,1197.305156065659,8,1.0,1.0,1.0,64.0,64.0,0.041413876999286,0.041413876999286,1.0,1.0,1.0,64.0,64.0,0.041413876999286,0.041413876999286,1.0,1.0,1.0,64.0,64.0,0.041413876999286,0.041413876999286,1.0,2.0,2.0,128.0,128.0,0.08501740899919241,0.08501740899919241,0.42777777777777776
85,20,15986,dice_gradient_style,Custom DiCE-style gradient,11,90126050,97126050,,none_generator_only,512,disease_to_no_disease,high_confidence,1,0,0.9999994039535522,14.33294677734375,1,1,1.0,1.0,0.1,0.1,1.0,0.0,0.10593012720346451,0.0,0.0,0.6483399746892557,0.6483399746892557,0.0,0.0,0.8461538461538461,0.8461538461538461,65,1.0,11.567428588867188,11.567428588867188,1.0,1.0,0.1,0.0,1.0,0.11331293299917888,0.11331293299917888,,0.11331293299917888,512,4518.4603950169585,1,1.0,1.0,1.0,512.0,512.0,0.11331293299917888,0.11331293299917888,0.0,,1.0,,512.0,,0.11331293299917888,0.0,,1.0,,512.0,,0.11331293299917888,0.0,,1.0,,512.0,,0.11331293299917888,0.0
85,20,15986,wachter_style,Custom Wachter-style gradient,11,90126050,97126050,,none_generator_only,512,disease_to_no_disease,high_confidence,1,0,0.9999994039535522,14.33294677734375,1,1,1.0,1.0,0.1,0.1,1.0,0.0,0.10615666210651398,0.0,0.0,0.654378082845413,0.654378082845413,0.0,0.0,0.8076923076923077,0.8076923076923077,65,1.0,11.367668151855469,11.367668151855469,1.0,1.0,0.1,0.0,1.0,0.10454402699906495,0.10454402699906495,,0.10454402699906495,512,4897.458178118386,1,1.0,1.0,1.0,512.0,512.0,0.10454402699906495,0.10454402699906495,0.0,,1.0,,512.0,,0.10454402699906495,0.0,,1.0,,512.0,,0.10454402699906495,0.0,,1.0,,512.0,,0.10454402699906495,0.0
86,20,15987,uniform_random,Uniform constrained random,11,91126053,98126053,,none_generator_only,512,disease_to_no_disease,high_confidence,1,0,0.9999899864196777,11.511558532714844,10,10,1.0,1.0,1.0,1.0,1.0,1.0,0.10159830003976822,0.1833333333333333,0.12684202194213867,0.6925120488200942,0.6925120488200942,0.0,0.02,0.7878787878787878,0.7878787878787878,81,1.0,3.3310961723327637,0.13221502304077148,0.9125,0.7,0.7,0.0,0.9722411313244695,0.36019434799891314,0.36019434799891314,0.36019434799891314,0.036019434799891316,512,1421.4548419331247,8,1.0,1.0,1.0,64.0,64.0,0.04272660700007691,0.04272660700007691,1.0,1.0,1.0,64.0,64.0,0.04272660700007691,0.04272660700007691,1.0,1.0,1.0,64.0,64.0,0.04272660700007691,0.04272660700007691,1.0,2.0,2.0,128.0,128.0,0.08566743499977747,0.08566743499977747,0.1833333333333333
86,20,15987,genetic_cfe,Budget-matched genetic CFE,11,91126053,98126053,,none_generator_only,512,disease_to_no_disease,high_confidence,1,0,0.9999899864196777,11.511558532714844,10,10,1.0,1.0,1.0,1.0,1.0,1.0,0.097285196185112,0.34444444444444444,0.10063929855823517,0.7584310620144012,0.7584310620144012,0.0,0.0,0.8181818181818182,0.8181818181818182,81,1.0,5.849771022796631,0.4204392433166504,0.975,0.9,0.9,0.0,0.9241732367873672,0.4006806100005633,0.4006806100005633,0.4006806100005633,0.04006806100005633,512,1277.8257475431121,8,1.0,1.0,1.0,64.0,64.0,0.04351062100067793,0.04351062100067793,1.0,1.0,1.0,64.0,64.0,0.04351062100067793,0.04351062100067793,1.0,1.0,1.0,64.0,64.0,0.04351062100067793,0.04351062100067793,1.0,2.0,2.0,128.0,128.0,0.08577090300059353,0.08577090300059353,0.34444444444444444
86,20,15987,dice_gradient_style,Custom DiCE-style gradient,11,91126053,98126053,,none_generator_only,512,disease_to_no_disease,high_confidence,1,0,0.9999899864196777,11.511558532714844,1,1,1.0,1.0,0.1,0.1,1.0,0.0,0.09628936648368835,0.05555555555555558,0.0,0.6540499260683005,0.6540499260683005,0.0,0.0,0.9230769230769231,0.9230769230769231,65,1.0,11.33067798614502,11.33067798614502,1.0,1.0,0.1,0.0,0.9892857142857143,0.11785102499925415,0.11785102499925415,,0.11785102499925415,512,4344.467941651253,1,1.0,1.0,1.0,512.0,512.0,0.11785102499925415,0.11785102499925415,0.0,,1.0,,512.0,,0.11785102499925415,0.0,,1.0,,512.0,,0.11785102499925415,0.0,,1.0,,512.0,,0.11785102499925415,0.05555555555555558
86,20,15987,wachter_style,Custom Wachter-style gradient,11,91126053,98126053,,none_generator_only,512,disease_to_no_disease,high_confidence,1,0,0.9999899864196777,11.511558532714844,1,1,1.0,1.0,0.1,0.1,1.0,0.0,0.09689769893884659,0.05555555555555558,0.0,0.652975465055648,0.652975465055648,0.0,0.0,0.9230769230769231,0.9230769230769231,65,1.0,11.094645500183105,11.094645500183105,1.0,1.0,0.1,0.0,0.9857142857142858,0.11649059699993813,0.11649059699993813,,0.11649059699993813,512,4395.204533120144,1,1.0,1.0,1.0,512.0,512.0,0.11649059699993813,0.11649059699993813,0.0,,1.0,,512.0,,0.11649059699993813,0.0,,1.0,,512.0,,0.11649059699993813,0.0,,1.0,,512.0,,0.11649059699993813,0.05555555555555558
87,20,16069,uniform_random,Uniform constrained random,11,92126056,99126056,,none_generator_only,512,disease_to_no_disease,high_confidence,1,0,0.9999759197235107,10.634093284606934,10,10,1.0,1.0,1.0,1.0,1.0,1.0,0.10297830402851105,0.2555555555555556,0.13734278082847595,0.7888647535643876,0.7888647535643876,0.0,0.04,0.8787878787878788,0.8787878787878788,81,1.0,5.84137487411499,0.35737037658691406,0.95,0.8,0.8,0.0,0.9658615937450058,0.37162449899915373,0.37162449899915373,0.37162449899915373,0.03716244989991537,512,1377.7347870737822,8,1.0,1.0,1.0,64.0,64.0,0.041938461999961874,0.041938461999961874,1.0,1.0,1.0,64.0,64.0,0.041938461999961874,0.041938461999961874,1.0,2.0,2.0,128.0,128.0,0.0844627219994436,0.0844627219994436,1.0,2.0,2.0,128.0,128.0,0.0844627219994436,0.0844627219994436,0.2555555555555556
87,20,16069,genetic_cfe,Budget-matched genetic CFE,11,92126056,99126056,,none_generator_only,512,disease_to_no_disease,high_confidence,1,0,0.9999759197235107,10.634093284606934,10,10,1.0,1.0,1.0,1.0,1.0,1.0,0.0701436847448349,0.35555555555555557,0.08676294982433319,0.5909050526214158,0.5909050526214158,0.0,0.16,0.9090909090909091,0.9090909090909091,81,1.0,3.7454895973205566,0.20485639572143555,0.9125,0.6,0.6,0.0,0.9516600356165574,0.4075782039999467,0.4075782039999467,0.4075782039999467,0.04075782039999467,512,1256.2006382462664,8,1.0,1.0,1.0,64.0,64.0,0.04431912600011856,0.04431912600011856,1.0,1.0,1.0,64.0,64.0,0.04431912600011856,0.04431912600011856,1.0,2.0,2.0,128.0,128.0,0.08961988600094628,0.08961988600094628,1.0,2.0,2.0,128.0,128.0,0.08961988600094628,0.08961988600094628,0.35555555555555557
87,20,16069,dice_gradient_style,Custom DiCE-style gradient,11,92126056,99126056,,none_generator_only,512,disease_to_no_disease,high_confidence,1,0,0.9999759197235107,10.634093284606934,1,1,1.0,1.0,0.1,0.1,1.0,0.0,0.09327451884746552,0.05555555555555558,0.0,0.5908350869991742,0.5908350869991742,0.0,0.0,0.9230769230769231,0.9230769230769231,65,1.0,10.232254028320312,10.232254028320312,1.0,1.0,0.1,0.0,1.0,0.1167320140011725,0.1167320140011725,,0.1167320140011725,512,4386.114677973921,1,1.0,1.0,1.0,512.0,512.0,0.1167320140011725,0.1167320140011725,0.0,,1.0,,512.0,,0.1167320140011725,0.0,,1.0,,512.0,,0.1167320140011725,0.0,,1.0,,512.0,,0.1167320140011725,0.05555555555555558
87,20,16069,wachter_style,Custom Wachter-style gradient,11,92126056,99126056,,none_generator_only,512,disease_to_no_disease,high_confidence,1,0,0.9999759197235107,10.634093284606934,1,1,1.0,1.0,0.1,0.1,1.0,0.0,0.09341113269329071,0.05555555555555558,0.0,0.5916061706592848,0.5916061706592848,0.0,0.0,0.9230769230769231,0.9230769230769231,65,1.0,10.233033180236816,10.233033180236816,1.0,1.0,0.1,0.0,1.0,0.10575534400049946,0.10575534400049946,,0.10575534400049946,512,4841.3629102051045,1,1.0,1.0,1.0,512.0,512.0,0.10575534400049946,0.10575534400049946,0.0,,1.0,,512.0,,0.10575534400049946,0.0,,1.0,,512.0,,0.10575534400049946,0.0,,1.0,,512.0,,0.10575534400049946,0.05555555555555558
88,26,16538,uniform_random,Uniform constrained random,11,93126059,100126059,,none_generator_only,512,disease_to_no_disease,high_confidence,1,0,0.9999996423721313,14.843772888183594,10,10,1.0,1.0,1.0,1.0,1.0,1.0,0.11018989980220795,0.17777777777777776,0.14372339844703674,0.735541082428428,0.735541082428428,0.0,0.02,0.8181818181818182,0.8181818181818182,81,1.0,5.354978561401367,0.4103875160217285,0.975,0.8,0.8,0.0,0.9630754752678417,0.35916742100016563,0.35916742100016563,0.35916742100016563,0.035916742100016566,512,1425.5190478419363,8,1.0,1.0,1.0,64.0,64.0,0.04212197000015294,0.04212197000015294,1.0,1.0,1.0,64.0,64.0,0.04212197000015294,0.04212197000015294,1.0,1.0,1.0,64.0,64.0,0.04212197000015294,0.04212197000015294,1.0,2.0,2.0,128.0,128.0,0.08407079400058137,0.08407079400058137,0.17777777777777776
88,26,16538,genetic_cfe,Budget-matched genetic CFE,11,93126059,100126059,,none_generator_only,512,disease_to_no_disease,high_confidence,1,0,0.9999996423721313,14.843772888183594,10,10,1.0,1.0,1.0,1.0,1.0,1.0,0.07833246886730194,0.3888888888888889,0.07884525507688522,0.6124776688595268,0.6124776688595268,0.0,0.0,0.9090909090909091,0.9090909090909091,81,1.0,6.358503341674805,0.28479671478271484,0.9375,0.8,0.8,0.0,0.9172695854869769,0.40613804799977515,0.40613804799977515,0.40613804799977515,0.04061380479997752,512,1260.6550962698363,8,1.0,1.0,1.0,64.0,64.0,0.04500045500026317,0.04500045500026317,1.0,1.0,1.0,64.0,64.0,0.04500045500026317,0.04500045500026317,1.0,1.0,1.0,64.0,64.0,0.04500045500026317,0.04500045500026317,1.0,2.0,2.0,128.0,128.0,0.08964662899961695,0.08964662899961695,0.3888888888888889
88,26,16538,dice_gradient_style,Custom DiCE-style gradient,11,93126059,100126059,,none_generator_only,512,disease_to_no_disease,high_confidence,1,0,0.9999996423721313,14.843772888183594,1,1,1.0,1.0,0.1,0.1,1.0,0.0,0.10004254430532455,0.0,0.0,0.6935093790756893,0.6935093790756893,0.0,0.0,0.9230769230769231,0.9230769230769231,65,1.0,13.380977630615234,13.380977630615234,1.0,1.0,0.1,0.0,1.0,0.10875493100138556,0.10875493100138556,,0.10875493100138556,512,4707.832511920558,1,1.0,1.0,1.0,512.0,512.0,0.10875493100138556,0.10875493100138556,0.0,,1.0,,512.0,,0.10875493100138556,0.0,,1.0,,512.0,,0.10875493100138556,0.0,,1.0,,512.0,,0.10875493100138556,0.0
88,26,16538,wachter_style,Custom Wachter-style gradient,11,93126059,100126059,,none_generator_only,512,disease_to_no_disease,high_confidence,1,0,0.9999996423721313,14.843772888183594,1,1,1.0,1.0,0.1,0.1,1.0,0.0,0.10029400885105133,0.0,0.0,0.6942312024339427,0.6942312024339427,0.0,0.0,0.9230769230769231,0.9230769230769231,65,1.0,13.38599681854248,13.38599681854248,1.0,1.0,0.1,0.0,1.0,0.10243497400006163,0.10243497400006163,,0.10243497400006163,512,4998.292868212101,1,1.0,1.0,1.0,512.0,512.0,0.10243497400006163,0.10243497400006163,0.0,,1.0,,512.0,,0.10243497400006163,0.0,,1.0,,512.0,,0.10243497400006163,0.0,,1.0,,512.0,,0.10243497400006163,0.0
89,26,16539,uniform_random,Uniform constrained random,11,94126062,101126062,,none_generator_only,512,disease_to_no_disease,high_confidence,1,0,1.0,15.942384719848633,10,10,1.0,1.0,1.0,1.0,1.0,1.0,0.13455910980701447,0.1388888888888889,0.16002042591571808,0.8923215050187734,0.8923215050187734,0.0,0.0,0.9696969696969697,0.9696969696969697,81,1.0,5.68936824798584,0.5327935218811035,0.95,0.7,0.7,0.0,0.9821957907856967,0.3509466819996305,0.3509466819996305,0.3509466819996305,0.035094668199963056,512,1458.9110718548952,8,1.0,1.0,1.0,64.0,64.0,0.04280899799960025,0.04280899799960025,1.0,1.0,1.0,64.0,64.0,0.04280899799960025,0.04280899799960025,1.0,2.0,2.0,128.0,128.0,0.08529942399945867,0.08529942399945867,1.0,3.0,3.0,192.0,192.0,0.12968803999865486,0.12968803999865486,0.1388888888888889
89,26,16539,genetic_cfe,Budget-matched genetic CFE,11,94126062,101126062,,none_generator_only,512,disease_to_no_disease,high_confidence,1,0,1.0,15.942384719848633,10,10,1.0,1.0,1.0,1.0,1.0,1.0,0.09917517006397247,0.2833333333333333,0.08536802232265472,0.7292620540777784,0.7292620540777784,0.0,0.0,0.9696969696969697,0.9696969696969697,81,1.0,9.888837814331055,1.9242701530456543,1.0,1.0,1.0,1.0,0.9520645114865808,0.3910559240011935,0.3910559240011935,0.3910559240011935,0.03910559240011935,512,1309.2756523448993,8,1.0,1.0,1.0,64.0,64.0,0.0437961820007331,0.0437961820007331,1.0,1.0,1.0,64.0,64.0,0.0437961820007331,0.0437961820007331,1.0,2.0,2.0,128.0,128.0,0.08661038100035512,0.08661038100035512,1.0,2.0,2.0,128.0,128.0,0.08661038100035512,0.08661038100035512,0.2833333333333333
89,26,16539,dice_gradient_style,Custom DiCE-style gradient,11,94126062,101126062,,none_generator_only,512,disease_to_no_disease,high_confidence,1,0,1.0,15.942384719848633,1,1,1.0,1.0,0.1,0.1,1.0,0.0,0.12148036062717438,0.0,0.0,0.7033119019227998,0.7033119019227998,0.0,0.0,0.9615384615384616,0.9615384615384616,65,1.0,12.632617950439453,12.632617950439453,1.0,1.0,0.1,0.0,1.0,0.11208654699839826,0.11208654699839826,,0.11208654699839826,512,4567.898768505346,1,1.0,1.0,1.0,512.0,512.0,0.11208654699839826,0.11208654699839826,0.0,,1.0,,512.0,,0.11208654699839826,0.0,,1.0,,512.0,,0.11208654699839826,0.0,,1.0,,512.0,,0.11208654699839826,0.0
89,26,16539,wachter_style,Custom Wachter-style gradient,11,94126062,101126062,,none_generator_only,512,disease_to_no_disease,high_confidence,1,0,1.0,15.942384719848633,1,1,1.0,1.0,0.1,0.1,1.0,0.0,0.12164057791233063,0.0,0.0,0.703876348212782,0.703876348212782,0.0,0.0,0.9615384615384616,0.9615384615384616,65,1.0,12.636846542358398,12.636846542358398,1.0,1.0,0.1,0.0,1.0,0.1007998699988093,0.1007998699988093,,0.1007998699988093,512,5079.371630201984,1,1.0,1.0,1.0,512.0,512.0,0.1007998699988093,0.1007998699988093,0.0,,1.0,,512.0,,0.1007998699988093,0.0,,1.0,,512.0,,0.1007998699988093,0.0,,1.0,,512.0,,0.1007998699988093,0.0
90,102,16861,uniform_random,Uniform constrained random,11,95126065,102126065,,none_generator_only,512,disease_to_no_disease,high_confidence,1,0,0.9999996423721313,14.843772888183594,10,10,1.0,1.0,1.0,1.0,1.0,1.0,0.10567621886730194,0.21666666666666665,0.1381930708885193,0.7730727676423239,0.7730727676423239,0.0,0.0,0.9696969696969697,0.9696969696969697,81,1.0,4.841486930847168,0.6895270347595215,1.0,1.0,1.0,1.0,0.9477026849499737,0.37411451899970416,0.37411451899970416,0.37411451899970416,0.037411451899970416,512,1368.5649019155144,8,1.0,1.0,1.0,64.0,64.0,0.043826998999065836,0.043826998999065836,1.0,1.0,1.0,64.0,64.0,0.043826998999065836,0.043826998999065836,1.0,2.0,2.0,128.0,128.0,0.08819523599959211,0.08819523599959211,1.0,2.0,2.0,128.0,128.0,0.08819523599959211,0.08819523599959211,0.21666666666666665
90,102,16861,genetic_cfe,Budget-matched genetic CFE,11,95126065,102126065,,none_generator_only,512,disease_to_no_disease,high_confidence,1,0,0.9999996423721313,14.843772888183594,10,10,1.0,1.0,1.0,1.0,1.0,1.0,0.08547013998031616,0.35000000000000003,0.09190351516008377,0.7331928534350567,0.7331928534350567,0.0,0.0,0.8484848484848485,0.8484848484848485,81,1.0,8.416746139526367,2.0434207916259766,1.0,1.0,1.0,1.0,0.9309681962562397,0.3984364429998095,0.3984364429998095,0.3984364429998095,0.039843644299980954,512,1285.0230168334394,8,1.0,1.0,1.0,64.0,64.0,0.04134018099830428,0.04134018099830428,1.0,1.0,1.0,64.0,64.0,0.04134018099830428,0.04134018099830428,1.0,2.0,2.0,128.0,128.0,0.08503547999862349,0.08503547999862349,1.0,2.0,2.0,128.0,128.0,0.08503547999862349,0.08503547999862349,0.35000000000000003
90,102,16861,dice_gradient_style,Custom DiCE-style gradient,11,95126065,102126065,,none_generator_only,512,disease_to_no_disease,high_confidence,1,0,0.9999996423721313,14.843772888183594,1,1,1.0,1.0,0.1,0.1,1.0,0.0,0.09837636351585388,0.05555555555555558,0.0,0.5932663921055153,0.5932663921055153,1.0,0.0,0.9230769230769231,0.9230769230769231,65,1.0,12.15396785736084,12.15396785736084,1.0,1.0,0.1,0.0,1.0,0.11305249100041692,0.11305249100041692,,0.11305249100041692,512,4528.869691142956,1,1.0,1.0,1.0,512.0,512.0,0.11305249100041692,0.11305249100041692,0.0,,1.0,,512.0,,0.11305249100041692,0.0,,1.0,,512.0,,0.11305249100041692,0.0,,1.0,,512.0,,0.11305249100041692,0.05555555555555558
90,102,16861,wachter_style,Custom Wachter-style gradient,11,95126065,102126065,,none_generator_only,512,disease_to_no_disease,high_confidence,1,0,0.9999996423721313,14.843772888183594,1,1,1.0,1.0,0.1,0.1,1.0,0.0,0.0984535664319992,0.05555555555555558,0.0,0.5935323764107384,0.5935323764107384,1.0,0.0,0.9230769230769231,0.9230769230769231,65,1.0,12.155284881591797,12.155284881591797,1.0,1.0,0.1,0.0,1.0,0.09849010499965516,0.09849010499965516,,0.09849010499965516,512,5198.491767287614,1,1.0,1.0,1.0,512.0,512.0,0.09849010499965516,0.09849010499965516,0.0,,1.0,,512.0,,0.09849010499965516,0.0,,1.0,,512.0,,0.09849010499965516,0.0,,1.0,,512.0,,0.09849010499965516,0.05555555555555558
91,102,17607,uniform_random,Uniform constrained random,11,96126068,103126068,,none_generator_only,512,disease_to_no_disease,high_confidence,1,0,0.9999996423721313,14.843772888183594,10,10,1.0,1.0,1.0,1.0,1.0,1.0,0.09766880422830582,0.2722222222222222,0.13251544535160065,0.7596980519055333,0.7596980519055333,0.1,0.0,0.8787878787878788,0.8787878787878788,81,1.0,3.8544921875,0.2040410041809082,0.9125,0.7,0.7,0.0,0.9575763426653486,0.35894567700051994,0.35894567700051994,0.35894567700051994,0.03589456770005199,512,1426.399683312688,8,1.0,1.0,1.0,64.0,64.0,0.04447146500024246,0.04447146500024246,1.0,1.0,1.0,64.0,64.0,0.04447146500024246,0.04447146500024246,1.0,1.0,1.0,64.0,64.0,0.04447146500024246,0.04447146500024246,1.0,2.0,2.0,128.0,128.0,0.08805987000050663,0.08805987000050663,0.2722222222222222
91,102,17607,genetic_cfe,Budget-matched genetic CFE,11,96126068,103126068,,none_generator_only,512,disease_to_no_disease,high_confidence,1,0,0.9999996423721313,14.843772888183594,10,10,1.0,1.0,1.0,1.0,1.0,1.0,0.0753028616309166,0.45,0.07735227048397064,0.7374338668776801,0.7374338668776801,0.0,0.0,0.8484848484848485,0.8484848484848485,81,1.0,7.772106170654297,0.3776397705078125,0.95,0.8,0.8,0.0,0.9310143379937094,0.41288200599956326,0.41288200599956326,0.41288200599956326,0.041288200599956325,512,1240.063729007705,8,1.0,1.0,1.0,64.0,64.0,0.044326825000098324,0.044326825000098324,1.0,1.0,1.0,64.0,64.0,0.044326825000098324,0.044326825000098324,1.0,1.0,1.0,64.0,64.0,0.044326825000098324,0.044326825000098324,1.0,2.0,2.0,128.0,128.0,0.08916589100044803,0.08916589100044803,0.45
91,102,17607,dice_gradient_style,Custom DiCE-style gradient,11,96126068,103126068,,none_generator_only,512,disease_to_no_disease,high_confidence,1,0,0.9999996423721313,14.843772888183594,1,1,1.0,1.0,0.1,0.1,1.0,0.0,0.08660677820444107,0.16666666666666663,0.0,0.6614040626394646,0.6614040626394646,0.0,0.0,0.9230769230769231,0.9230769230769231,65,1.0,10.707536697387695,10.707536697387695,1.0,1.0,0.1,0.0,0.9959677419354839,0.11016174699943804,0.11016174699943804,,0.11016174699943804,512,4647.71133306929,1,1.0,1.0,1.0,512.0,512.0,0.11016174699943804,0.11016174699943804,0.0,,1.0,,512.0,,0.11016174699943804,0.0,,1.0,,512.0,,0.11016174699943804,0.0,,1.0,,512.0,,0.11016174699943804,0.16666666666666663
91,102,17607,wachter_style,Custom Wachter-style gradient,11,96126068,103126068,,none_generator_only,512,disease_to_no_disease,high_confidence,1,0,0.9999996423721313,14.843772888183594,1,1,1.0,1.0,0.1,0.1,1.0,0.0,0.0866793543100357,0.16666666666666663,0.0,0.6616437001468761,0.6616437001468761,0.0,0.0,0.9230769230769231,0.9230769230769231,65,1.0,10.71090316772461,10.71090316772461,1.0,1.0,0.1,0.0,0.9959677419354839,0.10395055200024217,0.10395055200024217,,0.10395055200024217,512,4925.4187702515255,1,1.0,1.0,1.0,512.0,512.0,0.10395055200024217,0.10395055200024217,0.0,,1.0,,512.0,,0.10395055200024217,0.0,,1.0,,512.0,,0.10395055200024217,0.0,,1.0,,512.0,,0.10395055200024217,0.16666666666666663
92,102,18478,uniform_random,Uniform constrained random,11,97126071,104126071,,none_generator_only,512,disease_to_no_disease,high_confidence,1,0,0.9999986886978149,13.544488906860352,10,10,1.0,1.0,1.0,1.0,1.0,1.0,0.09807398170232773,0.15555555555555556,0.10995122045278549,0.6593936974748964,0.6593936974748964,0.1,0.0,0.8484848484848485,0.8484848484848485,81,1.0,4.423943042755127,0.3766307830810547,0.95,0.8,0.8,0.0,0.9669874823651385,0.3577060280003934,0.3577060280003934,0.3577060280003934,0.03577060280003934,512,1431.342946223531,8,1.0,1.0,1.0,64.0,64.0,0.042032981999000185,0.042032981999000185,1.0,1.0,1.0,64.0,64.0,0.042032981999000185,0.042032981999000185,1.0,1.0,1.0,64.0,64.0,0.042032981999000185,0.042032981999000185,1.0,2.0,2.0,128.0,128.0,0.08485718199881376,0.08485718199881376,0.15555555555555556
92,102,18478,genetic_cfe,Budget-matched genetic CFE,11,97126071,104126071,,none_generator_only,512,disease_to_no_disease,high_confidence,1,0,0.9999986886978149,13.544488906860352,10,10,1.0,1.0,1.0,1.0,1.0,1.0,0.08742169290781021,0.35555555555555557,0.08102746307849884,0.6822325359111233,0.6822325359111233,0.1,0.0,0.9090909090909091,0.9090909090909091,81,1.0,9.11607551574707,0.5490221977233887,0.975,0.9,0.9,0.0,0.9308227635890679,0.3940520830001333,0.3940520830001333,0.3940520830001333,0.03940520830001333,512,1299.3206281308424,8,1.0,1.0,1.0,64.0,64.0,0.04291027599902009,0.04291027599902009,1.0,1.0,1.0,64.0,64.0,0.04291027599902009,0.04291027599902009,1.0,1.0,1.0,64.0,64.0,0.04291027599902009,0.04291027599902009,1.0,2.0,2.0,128.0,128.0,0.0875592680004047,0.0875592680004047,0.35555555555555557
92,102,18478,dice_gradient_style,Custom DiCE-style gradient,11,97126071,104126071,,none_generator_only,512,disease_to_no_disease,high_confidence,1,0,0.9999986886978149,13.544488906860352,1,1,1.0,1.0,0.1,0.1,1.0,0.0,0.0983603447675705,0.0,0.0,0.5674803940421542,0.5674803940421542,0.0,0.0,1.0,1.0,65,1.0,11.726024627685547,11.726024627685547,1.0,1.0,0.1,0.0,0.9964285714285714,0.1132440380006301,0.1132440380006301,,0.1132440380006301,512,4521.209319621323,1,1.0,1.0,1.0,512.0,512.0,0.1132440380006301,0.1132440380006301,0.0,,1.0,,512.0,,0.1132440380006301,0.0,,1.0,,512.0,,0.1132440380006301,0.0,,1.0,,512.0,,0.1132440380006301,0.0
92,102,18478,wachter_style,Custom Wachter-style gradient,11,97126071,104126071,,none_generator_only,512,disease_to_no_disease,high_confidence,1,0,0.9999986886978149,13.544488906860352,1,1,1.0,1.0,0.1,0.1,1.0,0.0,0.0984487533569336,0.0,0.0,0.5675403913838318,0.5675403913838318,0.0,0.0,1.0,1.0,65,1.0,11.731481552124023,11.731481552124023,1.0,1.0,0.1,0.0,0.9964285714285714,0.1049646980009129,0.1049646980009129,,0.1049646980009129,512,4877.830449200616,1,1.0,1.0,1.0,512.0,512.0,0.1049646980009129,0.1049646980009129,0.0,,1.0,,512.0,,0.1049646980009129,0.0,,1.0,,512.0,,0.1049646980009129,0.0,,1.0,,512.0,,0.1049646980009129,0.0
93,102,18505,uniform_random,Uniform constrained random,11,98126074,105126074,,none_generator_only,512,disease_to_no_disease,high_confidence,1,0,0.9999958276748657,12.387032508850098,10,10,1.0,1.0,1.0,1.0,1.0,1.0,0.08944814652204514,0.23333333333333334,0.11114055663347244,0.6960922246508998,0.6960922246508998,0.0,0.0,0.8787878787878788,0.8787878787878788,81,1.0,5.432153701782227,0.6751790046691895,0.9625,0.9,0.9,0.0,0.974382351917261,0.35562431199832645,0.35562431199832645,0.35562431199832645,0.03556243119983264,512,1439.721590244959,8,1.0,1.0,1.0,64.0,64.0,0.04290548299832153,0.04290548299832153,1.0,1.0,1.0,64.0,64.0,0.04290548299832153,0.04290548299832153,1.0,1.0,1.0,64.0,64.0,0.04290548299832153,0.04290548299832153,1.0,1.0,1.0,64.0,64.0,0.04290548299832153,0.04290548299832153,0.23333333333333334
93,102,18505,genetic_cfe,Budget-matched genetic CFE,11,98126074,105126074,,none_generator_only,512,disease_to_no_disease,high_confidence,1,0,0.9999958276748657,12.387032508850098,10,10,1.0,1.0,1.0,1.0,1.0,1.0,0.0721002072095871,0.45555555555555555,0.07887963950634003,0.7013182692672586,0.7013182692672586,0.0,0.0,0.9393939393939394,0.9393939393939394,81,1.0,8.816268920898438,1.2124547958374023,0.975,0.8,0.8,0.0,0.9348284633192595,0.46992182999929355,0.46992182999929355,0.46992182999929355,0.046992182999929355,512,1089.5429139794799,8,1.0,1.0,1.0,64.0,64.0,0.043447909998576506,0.043447909998576506,1.0,1.0,1.0,64.0,64.0,0.043447909998576506,0.043447909998576506,1.0,1.0,1.0,64.0,64.0,0.043447909998576506,0.043447909998576506,1.0,1.0,1.0,64.0,64.0,0.043447909998576506,0.043447909998576506,0.45555555555555555
93,102,18505,dice_gradient_style,Custom DiCE-style gradient,11,98126074,105126074,,none_generator_only,512,disease_to_no_disease,high_confidence,1,0,0.9999958276748657,12.387032508850098,1,1,1.0,1.0,0.1,0.1,1.0,0.0,0.08578377217054367,0.05555555555555558,0.0,0.5857922288637869,0.5857922288637869,0.0,0.0,0.9615384615384616,0.9615384615384616,65,1.0,10.585748672485352,10.585748672485352,1.0,1.0,0.1,0.0,1.0,0.10842736700033129,0.10842736700033129,,0.10842736700033129,512,4722.0550877938,1,1.0,1.0,1.0,512.0,512.0,0.10842736700033129,0.10842736700033129,0.0,,1.0,,512.0,,0.10842736700033129,0.0,,1.0,,512.0,,0.10842736700033129,0.0,,1.0,,512.0,,0.10842736700033129,0.05555555555555558
93,102,18505,wachter_style,Custom Wachter-style gradient,11,98126074,105126074,,none_generator_only,512,disease_to_no_disease,high_confidence,1,0,0.9999958276748657,12.387032508850098,1,1,1.0,1.0,0.1,0.1,1.0,0.0,0.08585154265165329,0.05555555555555558,0.0,0.5859202203493916,0.5859202203493916,0.0,0.0,0.9615384615384616,0.9615384615384616,65,1.0,10.590497970581055,10.590497970581055,1.0,1.0,0.1,0.0,1.0,0.10137783199934347,0.10137783199934347,,0.10137783199934347,512,5050.413782801311,1,1.0,1.0,1.0,512.0,512.0,0.10137783199934347,0.10137783199934347,0.0,,1.0,,512.0,,0.10137783199934347,0.0,,1.0,,512.0,,0.10137783199934347,0.0,,1.0,,512.0,,0.10137783199934347,0.05555555555555558
94,102,18643,uniform_random,Uniform constrained random,11,99126077,106126077,,none_generator_only,512,disease_to_no_disease,high_confidence,1,0,0.9999995231628418,14.556090354919434,10,10,1.0,1.0,1.0,1.0,1.0,1.0,0.10695122182369232,0.23888888888888887,0.12656784057617188,0.7617075608791408,0.7617075608791408,0.0,0.0,0.9090909090909091,0.9090909090909091,81,1.0,5.738555908203125,1.1906256675720215,1.0,1.0,1.0,1.0,0.9771813045619359,0.34779448300105287,0.34779448300105287,0.34779448300105287,0.034779448300105285,512,1472.13376009317,8,1.0,1.0,1.0,64.0,64.0,0.041894920001141145,0.041894920001141145,1.0,1.0,1.0,64.0,64.0,0.041894920001141145,0.041894920001141145,1.0,1.0,1.0,64.0,64.0,0.041894920001141145,0.041894920001141145,1.0,2.0,2.0,128.0,128.0,0.08335150800121482,0.08335150800121482,0.23888888888888887
94,102,18643,genetic_cfe,Budget-matched genetic CFE,11,99126077,106126077,,none_generator_only,512,disease_to_no_disease,high_confidence,1,0,0.9999995231628418,14.556090354919434,10,10,1.0,1.0,1.0,1.0,1.0,1.0,0.07064607739448547,0.42777777777777776,0.09034774452447891,0.6412950787260427,0.6412950787260427,0.4,0.0,0.9696969696969697,0.9696969696969697,81,1.0,4.495893955230713,0.39322614669799805,0.95,0.8,0.8,0.0,0.9399275970772472,0.3927746239987755,0.3927746239987755,0.3927746239987755,0.03927746239987755,512,1303.546534619294,8,1.0,1.0,1.0,64.0,64.0,0.044905578999532736,0.044905578999532736,1.0,1.0,1.0,64.0,64.0,0.044905578999532736,0.044905578999532736,1.0,1.0,1.0,64.0,64.0,0.044905578999532736,0.044905578999532736,1.0,2.0,2.0,128.0,128.0,0.087689676998707,0.087689676998707,0.42777777777777776
94,102,18643,dice_gradient_style,Custom DiCE-style gradient,11,99126077,106126077,,none_generator_only,512,disease_to_no_disease,high_confidence,1,0,0.9999995231628418,14.556090354919434,1,1,1.0,1.0,0.1,0.1,1.0,0.0,0.09092593193054199,0.11111111111111116,0.0,0.5847621874220299,0.5847621874220299,0.0,0.0,0.9615384615384616,0.9615384615384616,65,1.0,10.967451095581055,10.967451095581055,1.0,1.0,0.1,0.0,0.9962121212121212,0.10653730899866787,0.10653730899866787,,0.10653730899866787,512,4805.828163037251,1,1.0,1.0,1.0,512.0,512.0,0.10653730899866787,0.10653730899866787,0.0,,1.0,,512.0,,0.10653730899866787,0.0,,1.0,,512.0,,0.10653730899866787,0.0,,1.0,,512.0,,0.10653730899866787,0.11111111111111116
94,102,18643,wachter_style,Custom Wachter-style gradient,11,99126077,106126077,,none_generator_only,512,disease_to_no_disease,high_confidence,1,0,0.9999995231628418,14.556090354919434,1,1,1.0,1.0,0.1,0.1,1.0,0.0,0.09093613922595978,0.11111111111111116,0.0,0.5846604787598185,0.5846604787598185,0.0,0.0,0.9615384615384616,0.9615384615384616,65,1.0,10.969783782958984,10.969783782958984,1.0,1.0,0.1,0.0,0.9962121212121212,0.10537650300102541,0.10537650300102541,,0.10537650300102541,512,4858.768182836906,1,1.0,1.0,1.0,512.0,512.0,0.10537650300102541,0.10537650300102541,0.0,,1.0,,512.0,,0.10537650300102541,0.0,,1.0,,512.0,,0.10537650300102541,0.0,,1.0,,512.0,,0.10537650300102541,0.11111111111111116
95,104,19244,uniform_random,Uniform constrained random,11,100126080,107126080,,none_generator_only,512,disease_to_no_disease,high_confidence,1,0,0.9999940395355225,12.030356407165527,10,10,1.0,1.0,1.0,1.0,1.0,1.0,0.1032177209854126,0.16111111111111112,0.12397310137748718,0.8604614185203333,0.8604614185203333,0.0,0.0,0.9393939393939394,0.9393939393939394,81,1.0,6.800436496734619,0.6181774139404297,0.9875,0.9,0.9,0.0,0.9618257935217548,0.38964939399920695,0.38964939399920695,0.38964939399920695,0.0389649393999207,512,1314.001786952714,8,1.0,1.0,1.0,64.0,64.0,0.044419632000426645,0.044419632000426645,1.0,1.0,1.0,64.0,64.0,0.044419632000426645,0.044419632000426645,1.0,1.0,1.0,64.0,64.0,0.044419632000426645,0.044419632000426645,1.0,2.0,2.0,128.0,128.0,0.08798949399897538,0.08798949399897538,0.16111111111111112
95,104,19244,genetic_cfe,Budget-matched genetic CFE,11,100126080,107126080,,none_generator_only,512,disease_to_no_disease,high_confidence,1,0,0.9999940395355225,12.030356407165527,10,10,1.0,1.0,1.0,1.0,1.0,1.0,0.07529638707637787,0.32777777777777783,0.08910681307315826,0.7587608608015758,0.7587608608015758,0.0,0.0,0.8787878787878788,0.8787878787878788,81,1.0,4.30382776260376,0.43265485763549805,0.95,0.8,0.8,0.0,0.9606654078610599,0.42809036300059233,0.42809036300059233,0.42809036300059233,0.042809036300059236,512,1196.0091706135688,8,1.0,1.0,1.0,64.0,64.0,0.051505482999345986,0.051505482999345986,1.0,1.0,1.0,64.0,64.0,0.051505482999345986,0.051505482999345986,1.0,1.0,1.0,64.0,64.0,0.051505482999345986,0.051505482999345986,1.0,2.0,2.0,128.0,128.0,0.10373765000076673,0.10373765000076673,0.32777777777777783
95,104,19244,dice_gradient_style,Custom DiCE-style gradient,11,100126080,107126080,,none_generator_only,512,disease_to_no_disease,high_confidence,1,0,0.9999940395355225,12.030356407165527,1,1,1.0,1.0,0.1,0.1,1.0,0.0,0.09473427385091782,0.0,0.0,0.7050356926157128,0.7050356926157128,0.0,0.0,0.9615384615384616,0.9615384615384616,65,1.0,10.228039741516113,10.228039741516113,1.0,1.0,0.1,0.0,1.0,0.11191011299888487,0.11191011299888487,,0.11191011299888487,512,4575.100375469211,1,1.0,1.0,1.0,512.0,512.0,0.11191011299888487,0.11191011299888487,0.0,,1.0,,512.0,,0.11191011299888487,0.0,,1.0,,512.0,,0.11191011299888487,0.0,,1.0,,512.0,,0.11191011299888487,0.0
95,104,19244,wachter_style,Custom Wachter-style gradient,11,100126080,107126080,,none_generator_only,512,disease_to_no_disease,high_confidence,1,0,0.9999940395355225,12.030356407165527,1,1,1.0,1.0,0.1,0.1,1.0,0.0,0.09482154995203018,0.0,0.0,0.705441215788989,0.705441215788989,0.0,0.0,0.9615384615384616,0.9615384615384616,65,1.0,10.231779098510742,10.231779098510742,1.0,1.0,0.1,0.0,1.0,0.10115750200020557,0.10115750200020557,,0.10115750200020557,512,5061.414031348457,1,1.0,1.0,1.0,512.0,512.0,0.10115750200020557,0.10115750200020557,0.0,,1.0,,512.0,,0.10115750200020557,0.0,,1.0,,512.0,,0.10115750200020557,0.0,,1.0,,512.0,,0.10115750200020557,0.0
96,104,20086,uniform_random,Uniform constrained random,11,101126083,108126083,,none_generator_only,512,disease_to_no_disease,high_confidence,1,0,0.9999871253967285,11.260241508483887,10,10,1.0,1.0,1.0,1.0,1.0,1.0,0.08227171748876572,0.29444444444444445,0.1095937192440033,0.5947497829292024,0.5947497829292024,0.5,0.0,0.8484848484848485,0.8484848484848485,81,1.0,5.881680488586426,0.26642656326293945,0.95,0.8,0.8,0.0,0.9677153077501653,0.3629747100003442,0.3629747100003442,0.3629747100003442,0.03629747100003442,512,1410.5665929163893,8,1.0,1.0,1.0,64.0,64.0,0.041773787001147866,0.041773787001147866,1.0,1.0,1.0,64.0,64.0,0.041773787001147866,0.041773787001147866,1.0,1.0,1.0,64.0,64.0,0.041773787001147866,0.041773787001147866,1.0,2.0,2.0,128.0,128.0,0.08523742299985315,0.08523742299985315,0.29444444444444445
96,104,20086,genetic_cfe,Budget-matched genetic CFE,11,101126083,108126083,,none_generator_only,512,disease_to_no_disease,high_confidence,1,0,0.9999871253967285,11.260241508483887,10,10,1.0,1.0,1.0,1.0,1.0,1.0,0.055416882038116455,0.5555555555555556,0.060826804488897324,0.5035035919324431,0.5035035919324431,0.9,0.0,0.9696969696969697,0.9696969696969697,81,1.0,6.057225227355957,1.0450043678283691,0.9375,0.7,0.7,0.0,0.9050564476802867,0.39350235399979283,0.39350235399979283,0.39350235399979283,0.03935023539997928,512,1301.1357995593326,8,1.0,1.0,1.0,64.0,64.0,0.04316577200006577,0.04316577200006577,1.0,1.0,1.0,64.0,64.0,0.04316577200006577,0.04316577200006577,1.0,1.0,1.0,64.0,64.0,0.04316577200006577,0.04316577200006577,1.0,2.0,2.0,128.0,128.0,0.08527740099998482,0.08527740099998482,0.5555555555555556
96,104,20086,dice_gradient_style,Custom DiCE-style gradient,11,101126083,108126083,,none_generator_only,512,disease_to_no_disease,high_confidence,1,0,0.9999871253967285,11.260241508483887,1,1,1.0,1.0,0.1,0.1,1.0,0.0,0.07327119261026382,0.11111111111111116,0.0,0.4896054332426448,0.4896054332426448,1.0,0.0,0.8846153846153846,0.8846153846153846,65,1.0,12.24383544921875,12.24383544921875,1.0,1.0,0.1,0.0,1.0,0.11402460399949632,0.11402460399949632,,0.11402460399949632,512,4490.258962024211,1,1.0,1.0,1.0,512.0,512.0,0.11402460399949632,0.11402460399949632,0.0,,1.0,,512.0,,0.11402460399949632,0.0,,1.0,,512.0,,0.11402460399949632,0.0,,1.0,,512.0,,0.11402460399949632,0.11111111111111116
96,104,20086,wachter_style,Custom Wachter-style gradient,11,101126083,108126083,,none_generator_only,512,disease_to_no_disease,high_confidence,1,0,0.9999871253967285,11.260241508483887,1,1,1.0,1.0,0.1,0.1,1.0,0.0,0.07338020205497742,0.11111111111111116,0.0,0.49001842009802055,0.49001842009802055,1.0,0.0,0.8846153846153846,0.8846153846153846,65,1.0,12.248594284057617,12.248594284057617,1.0,1.0,0.1,0.0,1.0,0.1046057439998549,0.1046057439998549,,0.1046057439998549,512,4894.568695966736,1,1.0,1.0,1.0,512.0,512.0,0.1046057439998549,0.1046057439998549,0.0,,1.0,,512.0,,0.1046057439998549,0.0,,1.0,,512.0,,0.1046057439998549,0.0,,1.0,,512.0,,0.1046057439998549,0.11111111111111116
97,104,22636,uniform_random,Uniform constrained random,11,102126086,109126086,,none_generator_only,512,disease_to_no_disease,high_confidence,1,0,0.9999991655349731,13.996474266052246,10,10,1.0,1.0,1.0,1.0,1.0,1.0,0.10699224472045898,0.19444444444444442,0.12324125319719315,0.8601335954764349,0.8601335954764349,0.3,0.0,0.9696969696969697,0.9696969696969697,81,1.0,5.178781032562256,0.16698884963989258,0.9875,0.9,0.9,0.0,0.9733270947075521,0.363237546000164,0.363237546000164,0.363237546000164,0.0363237546000164,512,1409.545917369921,8,1.0,1.0,1.0,64.0,64.0,0.04476241500015021,0.04476241500015021,1.0,1.0,1.0,64.0,64.0,0.04476241500015021,0.04476241500015021,1.0,1.0,1.0,64.0,64.0,0.04476241500015021,0.04476241500015021,1.0,1.0,1.0,64.0,64.0,0.04476241500015021,0.04476241500015021,0.19444444444444442
97,104,22636,genetic_cfe,Budget-matched genetic CFE,11,102126086,109126086,,none_generator_only,512,disease_to_no_disease,high_confidence,1,0,0.9999991655349731,13.996474266052246,10,10,1.0,1.0,1.0,1.0,1.0,1.0,0.07490535825490952,0.40555555555555556,0.05530857667326927,0.8148707948371682,0.8148707948371682,0.3,0.0,0.9696969696969697,0.9696969696969697,81,1.0,7.39211368560791,2.40081787109375,1.0,1.0,1.0,1.0,0.9326917046530891,0.4381137439995655,0.4381137439995655,0.4381137439995655,0.04381137439995655,512,1168.646286523501,8,1.0,1.0,1.0,64.0,64.0,0.04424528299932717,0.04424528299932717,1.0,1.0,1.0,64.0,64.0,0.04424528299932717,0.04424528299932717,1.0,1.0,1.0,64.0,64.0,0.04424528299932717,0.04424528299932717,1.0,1.0,1.0,64.0,64.0,0.04424528299932717,0.04424528299932717,0.40555555555555556
97,104,22636,dice_gradient_style,Custom DiCE-style gradient,11,102126086,109126086,,none_generator_only,512,disease_to_no_disease,high_confidence,1,0,0.9999991655349731,13.996474266052246,1,1,1.0,1.0,0.1,0.1,1.0,0.0,0.11823562532663345,0.0,0.0,0.6367732719666704,0.6367732719666704,1.0,0.0,0.9230769230769231,0.9230769230769231,65,1.0,9.398903846740723,9.398903846740723,1.0,1.0,0.1,0.0,1.0,0.11680745800003933,0.11680745800003933,,0.11680745800003933,512,4383.281759284819,1,1.0,1.0,1.0,512.0,512.0,0.11680745800003933,0.11680745800003933,0.0,,1.0,,512.0,,0.11680745800003933,0.0,,1.0,,512.0,,0.11680745800003933,0.0,,1.0,,512.0,,0.11680745800003933,0.0
97,104,22636,wachter_style,Custom Wachter-style gradient,11,102126086,109126086,,none_generator_only,512,disease_to_no_disease,high_confidence,1,0,0.9999991655349731,13.996474266052246,1,1,1.0,1.0,0.1,0.1,1.0,0.0,0.11827198415994644,0.0,0.0,0.6369280154214009,0.6369280154214009,1.0,0.0,0.9230769230769231,0.9230769230769231,65,1.0,9.396871566772461,9.396871566772461,1.0,1.0,0.1,0.0,1.0,0.10717957800079603,0.10717957800079603,,0.10717957800079603,512,4777.029444883589,1,1.0,1.0,1.0,512.0,512.0,0.10717957800079603,0.10717957800079603,0.0,,1.0,,512.0,,0.10717957800079603,0.0,,1.0,,512.0,,0.10717957800079603,0.0,,1.0,,512.0,,0.10717957800079603,0.0
98,104,22690,uniform_random,Uniform constrained random,11,103126089,110126089,,none_generator_only,512,disease_to_no_disease,high_confidence,1,0,1.0,15.942384719848633,10,10,1.0,1.0,1.0,1.0,1.0,1.0,0.11948518455028534,0.16111111111111115,0.14457575976848602,0.8485425344941975,0.8485425344941975,0.2,0.02,0.9393939393939394,0.9393939393939394,81,1.0,3.165778398513794,0.3137035369873047,0.9625,0.9,0.9,0.0,0.9777480792663409,0.36467740799889725,0.36467740799889725,0.36467740799889725,0.03646774079988972,512,1403.9805833037735,8,1.0,1.0,1.0,64.0,64.0,0.04351125500033959,0.04351125500033959,1.0,2.0,2.0,128.0,128.0,0.08648725599960017,0.08648725599960017,1.0,2.0,2.0,128.0,128.0,0.08648725599960017,0.08648725599960017,1.0,3.0,3.0,192.0,192.0,0.13069580800038239,0.13069580800038239,0.16111111111111115
98,104,22690,genetic_cfe,Budget-matched genetic CFE,11,103126089,110126089,,none_generator_only,512,disease_to_no_disease,high_confidence,1,0,1.0,15.942384719848633,10,10,1.0,1.0,1.0,1.0,1.0,1.0,0.08684699237346649,0.31666666666666665,0.08715038001537323,0.8072213790085401,0.8072213790085401,0.2,0.0,0.9696969696969697,0.9696969696969697,81,1.0,3.1775643825531006,0.30941104888916016,0.9375,0.7,0.7,0.0,0.9690648007387139,0.3823991440003738,0.3823991440003738,0.3823991440003738,0.03823991440003738,512,1338.9151310430223,8,1.0,1.0,1.0,64.0,64.0,0.04273850099889387,0.04273850099889387,1.0,2.0,2.0,128.0,128.0,0.08513058800053841,0.08513058800053841,1.0,3.0,3.0,192.0,192.0,0.13056721199973254,0.13056721199973254,1.0,3.0,3.0,192.0,192.0,0.13056721199973254,0.13056721199973254,0.31666666666666665
98,104,22690,dice_gradient_style,Custom DiCE-style gradient,11,103126089,110126089,,none_generator_only,512,disease_to_no_disease,high_confidence,1,0,1.0,15.942384719848633,1,1,1.0,1.0,0.1,0.1,1.0,0.0,0.11128614842891693,0.0,0.0,0.8431758879682065,0.8431758879682065,0.0,0.0,1.0,1.0,65,1.0,4.343565940856934,4.343565940856934,1.0,1.0,0.1,0.0,1.0,0.1066030439997121,0.1066030439997121,,0.1066030439997121,512,4802.864728716215,1,1.0,1.0,1.0,512.0,512.0,0.1066030439997121,0.1066030439997121,0.0,,1.0,,512.0,,0.1066030439997121,0.0,,1.0,,512.0,,0.1066030439997121,0.0,,1.0,,512.0,,0.1066030439997121,0.0
98,104,22690,wachter_style,Custom Wachter-style gradient,11,103126089,110126089,,none_generator_only,512,disease_to_no_disease,high_confidence,1,0,1.0,15.942384719848633,1,1,1.0,1.0,0.1,0.1,1.0,0.0,0.11126003414392471,0.0,0.0,0.8431429731301473,0.8431429731301473,0.0,0.0,1.0,1.0,65,1.0,4.34576416015625,4.34576416015625,1.0,1.0,0.1,0.0,1.0,0.10075090999998793,0.10075090999998793,,0.10075090999998793,512,5081.839955590092,1,1.0,1.0,1.0,512.0,512.0,0.10075090999998793,0.10075090999998793,0.0,,1.0,,512.0,,0.10075090999998793,0.0,,1.0,,512.0,,0.10075090999998793,0.0,,1.0,,512.0,,0.10075090999998793,0.0
99,104,22700,uniform_random,Uniform constrained random,11,104126092,111126092,,none_generator_only,512,disease_to_no_disease,high_confidence,1,0,0.999992847442627,11.848033905029297,10,10,1.0,1.0,1.0,1.0,1.0,1.0,0.08950488269329071,0.20555555555555555,0.11046775430440903,0.8161177372781807,0.8161177372781807,0.3,0.0,0.8787878787878788,0.8787878787878788,81,1.0,5.107502460479736,0.46352672576904297,0.9625,0.9,0.9,0.0,0.9687947592205101,0.3655667619987071,0.3655667619987071,0.3655667619987071,0.03655667619987071,512,1400.5649671230526,8,1.0,1.0,1.0,64.0,64.0,0.04259187000025122,0.04259187000025122,1.0,1.0,1.0,64.0,64.0,0.04259187000025122,0.04259187000025122,1.0,1.0,1.0,64.0,64.0,0.04259187000025122,0.04259187000025122,1.0,1.0,1.0,64.0,64.0,0.04259187000025122,0.04259187000025122,0.20555555555555555
99,104,22700,genetic_cfe,Budget-matched genetic CFE,11,104126092,111126092,,none_generator_only,512,disease_to_no_disease,high_confidence,1,0,0.999992847442627,11.848033905029297,10,10,1.0,1.0,1.0,1.0,1.0,1.0,0.07412344962358475,0.3666666666666667,0.08595535159111023,0.8340389837544185,0.8340389837544185,0.0,0.0,0.8787878787878788,0.8787878787878788,81,1.0,4.550442695617676,0.1965651512145996,0.9125,0.8,0.8,0.0,0.9297689475483703,0.41814227599934384,0.41814227599934384,0.41814227599934384,0.04181422759993438,512,1224.4636081734138,8,1.0,1.0,1.0,64.0,64.0,0.042052167998917866,0.042052167998917866,1.0,1.0,1.0,64.0,64.0,0.042052167998917866,0.042052167998917866,1.0,1.0,1.0,64.0,64.0,0.042052167998917866,0.042052167998917866,1.0,1.0,1.0,64.0,64.0,0.042052167998917866,0.042052167998917866,0.3666666666666667
99,104,22700,dice_gradient_style,Custom DiCE-style gradient,11,104126092,111126092,,none_generator_only,512,disease_to_no_disease,high_confidence,1,0,0.999992847442627,11.848033905029297,1,1,1.0,1.0,0.1,0.1,1.0,0.0,0.088068887591362,0.0,0.0,0.8155503801521798,0.8155503801521798,0.0,0.0,0.8846153846153846,0.8846153846153846,65,1.0,8.48029613494873,8.48029613494873,1.0,1.0,0.1,0.0,1.0,0.14092216800054302,0.14092216800054302,,0.14092216800054302,512,3633.2112063307673,1,1.0,1.0,1.0,512.0,512.0,0.14092216800054302,0.14092216800054302,0.0,,1.0,,512.0,,0.14092216800054302,0.0,,1.0,,512.0,,0.14092216800054302,0.0,,1.0,,512.0,,0.14092216800054302,0.0
99,104,22700,wachter_style,Custom Wachter-style gradient,11,104126092,111126092,,none_generator_only,512,disease_to_no_disease,high_confidence,1,0,0.999992847442627,11.848033905029297,1,1,1.0,1.0,0.1,0.1,1.0,0.0,0.08811195939779282,0.0,0.0,0.8153996457609772,0.8153996457609772,0.0,0.0,0.8846153846153846,0.8846153846153846,65,1.0,8.48562240600586,8.48562240600586,1.0,1.0,0.1,0.0,1.0,0.10214886399990064,0.10214886399990064,,0.10214886399990064,512,5012.292647723405,1,1.0,1.0,1.0,512.0,512.0,0.10214886399990064,0.10214886399990064,0.0,,1.0,,512.0,,0.10214886399990064,0.0,,1.0,,512.0,,0.10214886399990064,0.0,,1.0,,512.0,,0.10214886399990064,0.0
100,2,4328,uniform_random,Uniform constrained random,11,105126095,112126095,,none_generator_only,512,no_disease_to_disease,near_boundary,0,1,0.2357310950756073,1.1762279272079468,10,10,1.0,1.0,1.0,1.0,1.0,1.0,0.0862700417637825,0.23888888888888887,0.1005292683839798,0.7702279948062316,0.7702279948062316,0.0,0.8800000000000001,0.7878787878787878,0.7878787878787878,81,1.0,6.421894073486328,0.27064943313598633,0.975,0.9,0.9,0.0,0.963385327504923,0.3765023649993964,0.3765023649993964,0.3765023649993964,0.037650236499939635,512,1359.8852161282462,8,1.0,1.0,1.0,64.0,64.0,0.04503775400007726,0.04503775400007726,1.0,1.0,1.0,64.0,64.0,0.04503775400007726,0.04503775400007726,1.0,1.0,1.0,64.0,64.0,0.04503775400007726,0.04503775400007726,1.0,1.0,1.0,64.0,64.0,0.04503775400007726,0.04503775400007726,0.23888888888888887
100,2,4328,genetic_cfe,Budget-matched genetic CFE,11,105126095,112126095,,none_generator_only,512,no_disease_to_disease,near_boundary,0,1,0.2357310950756073,1.1762279272079468,10,10,1.0,1.0,1.0,1.0,1.0,1.0,0.08252482116222382,0.39999999999999997,0.08590277284383774,0.7804818166551754,0.7804818166551754,0.0,0.9199999999999999,0.8181818181818182,0.8181818181818182,81,1.0,8.623390197753906,2.872310161590576,1.0,1.0,1.0,1.0,0.9239802071921638,0.4190404580003815,0.4190404580003815,0.4190404580003815,0.04190404580003815,512,1221.8390616581798,8,1.0,1.0,1.0,64.0,64.0,0.04315862499970535,0.04315862499970535,1.0,1.0,1.0,64.0,64.0,0.04315862499970535,0.04315862499970535,1.0,1.0,1.0,64.0,64.0,0.04315862499970535,0.04315862499970535,1.0,1.0,1.0,64.0,64.0,0.04315862499970535,0.04315862499970535,0.39999999999999997
100,2,4328,dice_gradient_style,Custom DiCE-style gradient,11,105126095,112126095,,none_generator_only,512,no_disease_to_disease,near_boundary,0,1,0.2357310950756073,1.1762279272079468,1,1,1.0,1.0,0.1,0.1,1.0,0.0,0.05363885685801506,0.05555555555555558,0.0,0.6918924896352483,0.6918924896352483,0.0,1.0,0.9615384615384616,0.9615384615384616,65,1.0,10.911048889160156,10.911048889160156,1.0,1.0,0.1,0.0,1.0,0.10764684799869428,0.10764684799869428,,0.10764684799869428,512,4756.293468120965,1,1.0,1.0,1.0,512.0,512.0,0.10764684799869428,0.10764684799869428,0.0,,1.0,,512.0,,0.10764684799869428,0.0,,1.0,,512.0,,0.10764684799869428,0.0,,1.0,,512.0,,0.10764684799869428,0.05555555555555558
100,2,4328,wachter_style,Custom Wachter-style gradient,11,105126095,112126095,,none_generator_only,512,no_disease_to_disease,near_boundary,0,1,0.2357310950756073,1.1762279272079468,1,1,1.0,1.0,0.1,0.1,1.0,0.0,0.05395527929067612,0.05555555555555558,0.0,0.6923069585646409,0.6923069585646409,0.0,1.0,0.9615384615384616,0.9615384615384616,65,1.0,10.937103271484375,10.937103271484375,1.0,1.0,0.1,0.0,1.0,0.0977040699999634,0.0977040699999634,,0.0977040699999634,512,5240.313939840908,1,1.0,1.0,1.0,512.0,512.0,0.0977040699999634,0.0977040699999634,0.0,,1.0,,512.0,,0.0977040699999634,0.0,,1.0,,512.0,,0.0977040699999634,0.0,,1.0,,512.0,,0.0977040699999634,0.05555555555555558
101,2,5019,uniform_random,Uniform constrained random,11,106126098,113126098,,none_generator_only,512,no_disease_to_disease,near_boundary,0,1,0.02627997286617756,3.612316608428955,10,10,1.0,1.0,1.0,1.0,1.0,1.0,0.0814959853887558,0.25,0.11125010251998901,0.5616154315820638,0.5616154315820638,0.1,0.9199999999999999,0.9090909090909091,0.9090909090909091,81,1.0,4.93832540512085,0.5823321342468262,0.95,0.6,0.6,0.0,0.9642806218892208,0.3612964080002712,0.3612964080002712,0.3612964080002712,0.03612964080002712,512,1417.1189877968998,8,1.0,1.0,1.0,64.0,64.0,0.043448014999739826,0.043448014999739826,1.0,1.0,1.0,64.0,64.0,0.043448014999739826,0.043448014999739826,1.0,1.0,1.0,64.0,64.0,0.043448014999739826,0.043448014999739826,1.0,1.0,1.0,64.0,64.0,0.043448014999739826,0.043448014999739826,0.25
101,2,5019,genetic_cfe,Budget-matched genetic CFE,11,106126098,113126098,,none_generator_only,512,no_disease_to_disease,near_boundary,0,1,0.02627997286617756,3.612316608428955,10,10,1.0,1.0,1.0,1.0,1.0,1.0,0.06185133382678032,0.45,0.07057173550128937,0.49584430165239723,0.49584430165239723,0.0,1.0,0.8181818181818182,0.8181818181818182,81,1.0,5.975489616394043,2.241237163543701,1.0,1.0,1.0,1.0,0.9112471891190426,0.4086602369989123,0.4086602369989123,0.4086602369989123,0.04086602369989123,512,1252.8745242257635,8,1.0,1.0,1.0,64.0,64.0,0.044793781999032944,0.044793781999032944,1.0,1.0,1.0,64.0,64.0,0.044793781999032944,0.044793781999032944,1.0,1.0,1.0,64.0,64.0,0.044793781999032944,0.044793781999032944,1.0,1.0,1.0,64.0,64.0,0.044793781999032944,0.044793781999032944,0.45
101,2,5019,dice_gradient_style,Custom DiCE-style gradient,11,106126098,113126098,,none_generator_only,512,no_disease_to_disease,near_boundary,0,1,0.02627997286617756,3.612316608428955,1,1,1.0,1.0,0.1,0.1,1.0,0.0,0.051854800432920456,0.05555555555555558,0.0,0.3420154806462758,0.3420154806462758,0.0,1.0,0.8846153846153846,0.8846153846153846,65,1.0,10.41771125793457,10.41771125793457,1.0,1.0,0.1,0.0,0.9964285714285714,0.10849963300097443,0.10849963300097443,,0.10849963300097443,512,4718.909970832821,1,1.0,1.0,1.0,512.0,512.0,0.10849963300097443,0.10849963300097443,0.0,,1.0,,512.0,,0.10849963300097443,0.0,,1.0,,512.0,,0.10849963300097443,0.0,,1.0,,512.0,,0.10849963300097443,0.05555555555555558
101,2,5019,wachter_style,Custom Wachter-style gradient,11,106126098,113126098,,none_generator_only,512,no_disease_to_disease,near_boundary,0,1,0.02627997286617756,3.612316608428955,1,1,1.0,1.0,0.1,0.1,1.0,0.0,0.05338497832417488,0.05555555555555558,0.0,0.34279609649466786,0.34279609649466786,0.0,1.0,0.9230769230769231,0.9230769230769231,65,1.0,10.4515380859375,10.4515380859375,1.0,1.0,0.1,0.0,0.9964285714285714,0.09985424099977536,0.09985424099977536,,0.09985424099977536,512,5127.473754481313,1,1.0,1.0,1.0,512.0,512.0,0.09985424099977536,0.09985424099977536,0.0,,1.0,,512.0,,0.09985424099977536,0.0,,1.0,,512.0,,0.09985424099977536,0.0,,1.0,,512.0,,0.09985424099977536,0.05555555555555558
102,2,6660,uniform_random,Uniform constrained random,11,107126101,114126101,,none_generator_only,512,no_disease_to_disease,near_boundary,0,1,0.014244509860873222,4.23703670501709,10,10,1.0,1.0,1.0,1.0,1.0,1.0,0.08242516219615936,0.2,0.1111004427075386,0.53663790169621,0.53663790169621,0.0,1.0,0.6666666666666666,0.6666666666666666,81,1.0,6.5175886154174805,0.39342546463012695,0.9625,0.9,0.9,0.0,0.9595390709072579,0.36265323299994634,0.36265323299994634,0.36265323299994634,0.036265323299994635,512,1411.817001504784,8,1.0,1.0,1.0,64.0,64.0,0.04506619099993259,0.04506619099993259,1.0,1.0,1.0,64.0,64.0,0.04506619099993259,0.04506619099993259,1.0,1.0,1.0,64.0,64.0,0.04506619099993259,0.04506619099993259,1.0,1.0,1.0,64.0,64.0,0.04506619099993259,0.04506619099993259,0.2
102,2,6660,genetic_cfe,Budget-matched genetic CFE,11,107126101,114126101,,none_generator_only,512,no_disease_to_disease,near_boundary,0,1,0.014244509860873222,4.23703670501709,10,10,1.0,1.0,1.0,1.0,1.0,1.0,0.06164587289094925,0.4444444444444445,0.0737803727388382,0.4725813266859781,0.4725813266859781,0.0,1.0,0.8787878787878788,0.8787878787878788,81,1.0,5.229685306549072,0.6248660087585449,0.9875,0.9,0.9,0.0,0.9453793006939964,0.41690625400042336,0.41690625400042336,0.41690625400042336,0.041690625400042335,512,1228.0938342543552,8,1.0,1.0,1.0,64.0,64.0,0.042078982000020915,0.042078982000020915,1.0,1.0,1.0,64.0,64.0,0.042078982000020915,0.042078982000020915,1.0,1.0,1.0,64.0,64.0,0.042078982000020915,0.042078982000020915,1.0,1.0,1.0,64.0,64.0,0.042078982000020915,0.042078982000020915,0.4444444444444445
102,2,6660,dice_gradient_style,Custom DiCE-style gradient,11,107126101,114126101,,none_generator_only,512,no_disease_to_disease,near_boundary,0,1,0.014244509860873222,4.23703670501709,1,1,1.0,1.0,0.1,0.1,1.0,0.0,0.05559808760881424,0.05555555555555558,0.0,0.3412075263965933,0.3412075263965933,0.0,1.0,0.9230769230769231,0.9230769230769231,65,1.0,11.163501739501953,11.163501739501953,1.0,1.0,0.1,0.0,0.9964285714285714,0.10680984099963098,0.10680984099963098,,0.10680984099963098,512,4793.5657913934065,1,1.0,1.0,1.0,512.0,512.0,0.10680984099963098,0.10680984099963098,0.0,,1.0,,512.0,,0.10680984099963098,0.0,,1.0,,512.0,,0.10680984099963098,0.0,,1.0,,512.0,,0.10680984099963098,0.05555555555555558
102,2,6660,wachter_style,Custom Wachter-style gradient,11,107126101,114126101,,none_generator_only,512,no_disease_to_disease,near_boundary,0,1,0.014244509860873222,4.23703670501709,1,1,1.0,1.0,0.1,0.1,1.0,0.0,0.05620794743299484,0.05555555555555558,0.0,0.3417861376889602,0.3417861376889602,0.0,1.0,0.9615384615384616,0.9615384615384616,65,1.0,11.180517196655273,11.180517196655273,1.0,1.0,0.1,0.0,0.9964285714285714,0.10024835500007612,0.10024835500007612,,0.10024835500007612,512,5107.3157260247435,1,1.0,1.0,1.0,512.0,512.0,0.10024835500007612,0.10024835500007612,0.0,,1.0,,512.0,,0.10024835500007612,0.0,,1.0,,512.0,,0.10024835500007612,0.0,,1.0,,512.0,,0.10024835500007612,0.05555555555555558
103,2,6674,uniform_random,Uniform constrained random,11,108126104,115126104,,none_generator_only,512,no_disease_to_disease,near_boundary,0,1,0.06206188350915909,2.7155520915985107,10,10,1.0,1.0,1.0,1.0,1.0,1.0,0.08968601375818253,0.2333333333333333,0.1270866096019745,0.5852643855370614,0.5852643855370614,0.0,1.0,0.6666666666666666,0.6666666666666666,81,1.0,6.0737199783325195,0.17353200912475586,0.925,0.8,0.8,0.0,0.9459780718947215,0.36296382100044866,0.36296382100044866,0.36296382100044866,0.03629638210004486,512,1410.6089102455396,8,1.0,1.0,1.0,64.0,64.0,0.04372345299998415,0.04372345299998415,1.0,1.0,1.0,64.0,64.0,0.04372345299998415,0.04372345299998415,1.0,1.0,1.0,64.0,64.0,0.04372345299998415,0.04372345299998415,1.0,1.0,1.0,64.0,64.0,0.04372345299998415,0.04372345299998415,0.2333333333333333
103,2,6674,genetic_cfe,Budget-matched genetic CFE,11,108126104,115126104,,none_generator_only,512,no_disease_to_disease,near_boundary,0,1,0.06206188350915909,2.7155520915985107,10,10,1.0,1.0,1.0,1.0,1.0,1.0,0.07421742379665375,0.4111111111111111,0.07110174745321274,0.5436657431458253,0.5436657431458253,0.0,1.0,0.9393939393939394,0.9393939393939394,81,1.0,7.574664115905762,0.37278032302856445,0.925,0.7,0.7,0.0,0.9067782739127133,0.4199359779995575,0.4199359779995575,0.4199359779995575,0.04199359779995575,512,1219.23347087098,8,1.0,1.0,1.0,64.0,64.0,0.04362631000003603,0.04362631000003603,1.0,1.0,1.0,64.0,64.0,0.04362631000003603,0.04362631000003603,1.0,1.0,1.0,64.0,64.0,0.04362631000003603,0.04362631000003603,1.0,1.0,1.0,64.0,64.0,0.04362631000003603,0.04362631000003603,0.4111111111111111
103,2,6674,dice_gradient_style,Custom DiCE-style gradient,11,108126104,115126104,,none_generator_only,512,no_disease_to_disease,near_boundary,0,1,0.06206188350915909,2.7155520915985107,1,1,1.0,1.0,0.1,0.1,1.0,0.0,0.04880223423242569,0.05555555555555558,0.0,0.3279097612222494,0.3279097612222494,0.0,1.0,0.9615384615384616,0.9615384615384616,65,1.0,11.034320831298828,11.034320831298828,1.0,1.0,0.1,0.0,0.9964285714285714,0.1071772579998651,0.1071772579998651,,0.1071772579998651,512,4777.132850335138,1,1.0,1.0,1.0,512.0,512.0,0.1071772579998651,0.1071772579998651,0.0,,1.0,,512.0,,0.1071772579998651,0.0,,1.0,,512.0,,0.1071772579998651,0.0,,1.0,,512.0,,0.1071772579998651,0.05555555555555558
103,2,6674,wachter_style,Custom Wachter-style gradient,11,108126104,115126104,,none_generator_only,512,no_disease_to_disease,near_boundary,0,1,0.06206188350915909,2.7155520915985107,1,1,1.0,1.0,0.1,0.1,1.0,0.0,0.04974506050348282,0.05555555555555558,0.0,0.3232627661230209,0.3232627661230209,0.0,1.0,0.9615384615384616,0.9615384615384616,65,1.0,10.624855041503906,10.624855041503906,1.0,1.0,0.1,0.0,0.9964285714285714,0.09884847600005742,0.09884847600005742,,0.09884847600005742,512,5179.644853601007,1,1.0,1.0,1.0,512.0,512.0,0.09884847600005742,0.09884847600005742,0.0,,1.0,,512.0,,0.09884847600005742,0.0,,1.0,,512.0,,0.09884847600005742,0.0,,1.0,,512.0,,0.09884847600005742,0.05555555555555558
104,2,6827,uniform_random,Uniform constrained random,11,109126107,116126107,,none_generator_only,512,no_disease_to_disease,near_boundary,0,1,0.03678262233734131,3.2652535438537598,10,10,1.0,1.0,1.0,1.0,1.0,1.0,0.08341830223798752,0.23333333333333334,0.11637620627880096,0.5214544894851819,0.5214544894851819,0.0,0.9400000000000001,0.8181818181818182,0.8181818181818182,81,1.0,4.80094575881958,0.22323179244995117,0.925,0.8,0.8,0.0,0.9636789397492264,0.3671913719990698,0.3671913719990698,0.3671913719990698,0.03671913719990698,512,1394.3682750838084,8,1.0,1.0,1.0,64.0,64.0,0.04331473099955474,0.04331473099955474,1.0,1.0,1.0,64.0,64.0,0.04331473099955474,0.04331473099955474,1.0,1.0,1.0,64.0,64.0,0.04331473099955474,0.04331473099955474,1.0,1.0,1.0,64.0,64.0,0.04331473099955474,0.04331473099955474,0.23333333333333334
104,2,6827,genetic_cfe,Budget-matched genetic CFE,11,109126107,116126107,,none_generator_only,512,no_disease_to_disease,near_boundary,0,1,0.03678262233734131,3.2652535438537598,10,10,1.0,1.0,1.0,1.0,1.0,1.0,0.0615416094660759,0.5722222222222223,0.07540175318717957,0.4800103996916623,0.4800103996916623,0.0,1.0,0.9090909090909091,0.9090909090909091,81,1.0,7.646309852600098,3.5566916465759277,1.0,1.0,1.0,1.0,0.8954988586190211,0.45898850499906985,0.45898850499906985,0.45898850499906985,0.04589885049990698,512,1115.4963456024625,8,1.0,1.0,1.0,64.0,64.0,0.04526394700042147,0.04526394700042147,1.0,1.0,1.0,64.0,64.0,0.04526394700042147,0.04526394700042147,1.0,1.0,1.0,64.0,64.0,0.04526394700042147,0.04526394700042147,1.0,1.0,1.0,64.0,64.0,0.04526394700042147,0.04526394700042147,0.5722222222222223
104,2,6827,dice_gradient_style,Custom DiCE-style gradient,11,109126107,116126107,,none_generator_only,512,no_disease_to_disease,near_boundary,0,1,0.03678262233734131,3.2652535438537598,1,1,1.0,1.0,0.1,0.1,1.0,0.0,0.050610803067684174,0.05555555555555558,0.0,0.33873390754394894,0.33873390754394894,0.0,1.0,0.9230769230769231,0.9230769230769231,65,1.0,10.912193298339844,10.912193298339844,1.0,1.0,0.1,0.0,0.984375,0.10849724299987429,0.10849724299987429,,0.10849724299987429,512,4719.013920018163,1,1.0,1.0,1.0,512.0,512.0,0.10849724299987429,0.10849724299987429,0.0,,1.0,,512.0,,0.10849724299987429,0.0,,1.0,,512.0,,0.10849724299987429,0.0,,1.0,,512.0,,0.10849724299987429,0.05555555555555558
104,2,6827,wachter_style,Custom Wachter-style gradient,11,109126107,116126107,,none_generator_only,512,no_disease_to_disease,near_boundary,0,1,0.03678262233734131,3.2652535438537598,1,1,1.0,1.0,0.1,0.1,1.0,0.0,0.05173256993293762,0.05555555555555558,0.0,0.34160526601567986,0.34160526601567986,0.0,1.0,0.9230769230769231,0.9230769230769231,65,1.0,10.937570571899414,10.937570571899414,1.0,1.0,0.1,0.0,0.9921875,0.10116538600050262,0.10116538600050262,,0.10116538600050262,512,5061.019586259042,1,1.0,1.0,1.0,512.0,512.0,0.10116538600050262,0.10116538600050262,0.0,,1.0,,512.0,,0.10116538600050262,0.0,,1.0,,512.0,,0.10116538600050262,0.0,,1.0,,512.0,,0.10116538600050262,0.05555555555555558
105,2,7149,uniform_random,Uniform constrained random,11,110126110,117126110,,none_generator_only,512,no_disease_to_disease,near_boundary,0,1,0.044587016105651855,3.0647010803222656,10,10,1.0,1.0,1.0,1.0,1.0,1.0,0.078526571393013,0.2833333333333333,0.10942982882261276,0.5306038793728819,0.5306038793728819,0.0,1.0,0.7272727272727273,0.7272727272727273,81,1.0,7.294607639312744,0.5983986854553223,0.925,0.8,0.8,0.0,0.9511108956584475,0.3801549960007833,0.3801549960007833,0.3801549960007833,0.03801549960007833,512,1346.819074814803,8,1.0,1.0,1.0,64.0,64.0,0.04277511600048456,0.04277511600048456,1.0,1.0,1.0,64.0,64.0,0.04277511600048456,0.04277511600048456,1.0,1.0,1.0,64.0,64.0,0.04277511600048456,0.04277511600048456,1.0,1.0,1.0,64.0,64.0,0.04277511600048456,0.04277511600048456,0.2833333333333333
105,2,7149,genetic_cfe,Budget-matched genetic CFE,11,110126110,117126110,,none_generator_only,512,no_disease_to_disease,near_boundary,0,1,0.044587016105651855,3.0647010803222656,10,10,1.0,1.0,1.0,1.0,1.0,1.0,0.06393155455589294,0.5,0.08204643428325653,0.48338806663478096,0.48338806663478096,0.0,0.96,0.8181818181818182,0.8181818181818182,81,1.0,9.172683715820312,2.403876781463623,1.0,1.0,1.0,1.0,0.8939144456409567,0.4179067049990408,0.4179067049990408,0.4179067049990408,0.04179067049990408,512,1225.1538294920995,8,1.0,1.0,1.0,64.0,64.0,0.04446926200034795,0.04446926200034795,1.0,1.0,1.0,64.0,64.0,0.04446926200034795,0.04446926200034795,1.0,1.0,1.0,64.0,64.0,0.04446926200034795,0.04446926200034795,1.0,1.0,1.0,64.0,64.0,0.04446926200034795,0.04446926200034795,0.5
105,2,7149,dice_gradient_style,Custom DiCE-style gradient,11,110126110,117126110,,none_generator_only,512,no_disease_to_disease,near_boundary,0,1,0.044587016105651855,3.0647010803222656,1,1,1.0,1.0,0.1,0.1,1.0,0.0,0.050982069224119186,0.05555555555555558,0.0,0.3327714757930799,0.3327714757930799,0.0,1.0,1.0,1.0,65,1.0,11.011611938476562,11.011611938476562,1.0,1.0,0.1,0.0,0.9850649350649351,0.11043646599864587,0.11043646599864587,,0.11043646599864587,512,4636.149802242658,1,1.0,1.0,1.0,512.0,512.0,0.11043646599864587,0.11043646599864587,0.0,,1.0,,512.0,,0.11043646599864587,0.0,,1.0,,512.0,,0.11043646599864587,0.0,,1.0,,512.0,,0.11043646599864587,0.05555555555555558
105,2,7149,wachter_style,Custom Wachter-style gradient,11,110126110,117126110,,none_generator_only,512,no_disease_to_disease,near_boundary,0,1,0.044587016105651855,3.0647010803222656,1,1,1.0,1.0,0.1,0.1,1.0,0.0,0.05188256502151489,0.05555555555555558,0.0,0.3358664515117158,0.3358664515117158,0.0,1.0,1.0,1.0,65,1.0,11.027549743652344,11.027549743652344,1.0,1.0,0.1,0.0,0.9926406926406927,0.09921717799988983,0.09921717799988983,,0.09921717799988983,512,5160.396720823571,1,1.0,1.0,1.0,512.0,512.0,0.09921717799988983,0.09921717799988983,0.0,,1.0,,512.0,,0.09921717799988983,0.0,,1.0,,512.0,,0.09921717799988983,0.0,,1.0,,512.0,,0.09921717799988983,0.05555555555555558
106,2,8433,uniform_random,Uniform constrained random,11,111126113,118126113,,none_generator_only,512,no_disease_to_disease,near_boundary,0,1,0.2844856083393097,0.9223190546035767,10,10,1.0,1.0,1.0,1.0,1.0,1.0,0.07886137068271637,0.19999999999999996,0.11086193472146988,0.5421296294049069,0.5421296294049069,0.0,1.0,0.7575757575757576,0.7575757575757576,81,1.0,5.681980133056641,0.29807043075561523,0.9375,0.9,0.9,0.0,0.9479076834427571,0.3719517769986851,0.3719517769986851,0.3719517769986851,0.037195177699868506,512,1376.522527009758,8,1.0,1.0,1.0,64.0,64.0,0.04421627999909106,0.04421627999909106,1.0,1.0,1.0,64.0,64.0,0.04421627999909106,0.04421627999909106,1.0,1.0,1.0,64.0,64.0,0.04421627999909106,0.04421627999909106,1.0,1.0,1.0,64.0,64.0,0.04421627999909106,0.04421627999909106,0.19999999999999996
106,2,8433,genetic_cfe,Budget-matched genetic CFE,11,111126113,118126113,,none_generator_only,512,no_disease_to_disease,near_boundary,0,1,0.2844856083393097,0.9223190546035767,10,10,1.0,1.0,1.0,1.0,1.0,1.0,0.06571309268474579,0.4722222222222222,0.07672813534736633,0.5152242421613746,0.5152242421613746,0.0,1.0,0.6666666666666666,0.6666666666666666,81,1.0,8.386425971984863,3.15974760055542,1.0,1.0,1.0,1.0,0.9049480644764667,0.4177645059990027,0.4177645059990027,0.4177645059990027,0.041776450599900275,512,1225.5708482836553,8,1.0,1.0,1.0,64.0,64.0,0.046538540000256035,0.046538540000256035,1.0,1.0,1.0,64.0,64.0,0.046538540000256035,0.046538540000256035,1.0,1.0,1.0,64.0,64.0,0.046538540000256035,0.046538540000256035,1.0,1.0,1.0,64.0,64.0,0.046538540000256035,0.046538540000256035,0.4722222222222222
106,2,8433,dice_gradient_style,Custom DiCE-style gradient,11,111126113,118126113,,none_generator_only,512,no_disease_to_disease,near_boundary,0,1,0.2844856083393097,0.9223190546035767,1,1,1.0,1.0,0.1,0.1,1.0,0.0,0.03660373017191887,0.2777777777777778,0.0,0.29612402899112583,0.29612402899112583,0.0,1.0,0.9230769230769231,0.9230769230769231,65,1.0,10.616867065429688,10.616867065429688,1.0,1.0,0.1,0.0,0.9553571428571428,0.1083488269996451,0.1083488269996451,,0.1083488269996451,512,4725.478015573506,1,1.0,1.0,1.0,512.0,512.0,0.1083488269996451,0.1083488269996451,0.0,,1.0,,512.0,,0.1083488269996451,0.0,,1.0,,512.0,,0.1083488269996451,0.0,,1.0,,512.0,,0.1083488269996451,0.2777777777777778
106,2,8433,wachter_style,Custom Wachter-style gradient,11,111126113,118126113,,none_generator_only,512,no_disease_to_disease,near_boundary,0,1,0.2844856083393097,0.9223190546035767,1,1,1.0,1.0,0.1,0.1,1.0,0.0,0.03845543786883354,0.2777777777777778,0.0,0.30699389036568525,0.30699389036568525,0.0,1.0,0.9230769230769231,0.9230769230769231,65,1.0,10.641620635986328,10.641620635986328,1.0,1.0,0.1,0.0,0.9479155263638023,0.10031284600154322,0.10031284600154322,,0.10031284600154322,512,5104.032239222117,1,1.0,1.0,1.0,512.0,512.0,0.10031284600154322,0.10031284600154322,0.0,,1.0,,512.0,,0.10031284600154322,0.0,,1.0,,512.0,,0.10031284600154322,0.0,,1.0,,512.0,,0.10031284600154322,0.2777777777777778
107,2,9539,uniform_random,Uniform constrained random,11,112126116,119126116,,none_generator_only,512,no_disease_to_disease,near_boundary,0,1,0.013424546457827091,4.297154903411865,10,10,1.0,1.0,1.0,1.0,1.0,1.0,0.10003061592578888,0.25,0.14550688862800598,0.6357795925178623,0.6357795925178623,0.0,0.96,0.8484848484848485,0.8484848484848485,81,1.0,6.446065425872803,0.512662410736084,0.9625,0.8,0.8,0.0,0.9619759948617798,0.37811681799939834,0.37811681799939834,0.37811681799939834,0.037811681799939836,512,1354.0788868079776,8,1.0,1.0,1.0,64.0,64.0,0.04383464000056847,0.04383464000056847,1.0,1.0,1.0,64.0,64.0,0.04383464000056847,0.04383464000056847,1.0,1.0,1.0,64.0,64.0,0.04383464000056847,0.04383464000056847,1.0,1.0,1.0,64.0,64.0,0.04383464000056847,0.04383464000056847,0.25
107,2,9539,genetic_cfe,Budget-matched genetic CFE,11,112126116,119126116,,none_generator_only,512,no_disease_to_disease,near_boundary,0,1,0.013424546457827091,4.297154903411865,10,10,1.0,1.0,1.0,1.0,1.0,1.0,0.07040640711784363,0.43888888888888883,0.08103343844413757,0.5737004864933448,0.5737004864933448,0.0,0.9800000000000001,0.9090909090909091,0.9090909090909091,81,1.0,7.299494743347168,2.400857448577881,1.0,1.0,1.0,1.0,0.9131737583545363,0.3951930050006922,0.3951930050006922,0.3951930050006922,0.03951930050006922,512,1295.5694901510294,8,1.0,1.0,1.0,64.0,64.0,0.0413370850001229,0.0413370850001229,1.0,1.0,1.0,64.0,64.0,0.0413370850001229,0.0413370850001229,1.0,1.0,1.0,64.0,64.0,0.0413370850001229,0.0413370850001229,1.0,1.0,1.0,64.0,64.0,0.0413370850001229,0.0413370850001229,0.43888888888888883
107,2,9539,dice_gradient_style,Custom DiCE-style gradient,11,112126116,119126116,,none_generator_only,512,no_disease_to_disease,near_boundary,0,1,0.013424546457827091,4.297154903411865,1,1,1.0,1.0,0.1,0.1,1.0,0.0,0.056789934635162354,0.05555555555555558,0.0,0.34935115526664656,0.34935115526664656,0.0,1.0,0.8846153846153846,0.8846153846153846,65,1.0,10.922798156738281,10.922798156738281,1.0,1.0,0.1,0.0,1.0,0.12621398299961584,0.12621398299961584,,0.12621398299961584,512,4056.6028250733393,1,1.0,1.0,1.0,512.0,512.0,0.12621398299961584,0.12621398299961584,0.0,,1.0,,512.0,,0.12621398299961584,0.0,,1.0,,512.0,,0.12621398299961584,0.0,,1.0,,512.0,,0.12621398299961584,0.05555555555555558
107,2,9539,wachter_style,Custom Wachter-style gradient,11,112126116,119126116,,none_generator_only,512,no_disease_to_disease,near_boundary,0,1,0.013424546457827091,4.297154903411865,1,1,1.0,1.0,0.1,0.1,1.0,0.0,0.05712348222732544,0.05555555555555558,0.0,0.3472216174899944,0.3472216174899944,0.0,1.0,0.8846153846153846,0.8846153846153846,65,1.0,10.713951110839844,10.713951110839844,1.0,1.0,0.1,0.0,1.0,0.10523567900054331,0.10523567900054331,,0.10523567900054331,512,4865.27007629567,1,1.0,1.0,1.0,512.0,512.0,0.10523567900054331,0.10523567900054331,0.0,,1.0,,512.0,,0.10523567900054331,0.0,,1.0,,512.0,,0.10523567900054331,0.0,,1.0,,512.0,,0.10523567900054331,0.05555555555555558
108,13,12912,uniform_random,Uniform constrained random,11,113126119,120126119,,none_generator_only,512,no_disease_to_disease,near_boundary,0,1,0.0160185769200325,4.117857933044434,10,10,1.0,1.0,1.0,1.0,1.0,1.0,0.08087049424648285,0.19444444444444448,0.09340376406908035,0.6875390390205156,0.6875390390205156,0.0,0.8400000000000001,0.7575757575757576,0.7575757575757576,81,1.0,4.005575656890869,0.16151762008666992,0.925,0.7,0.7,0.0,0.9580828822092817,0.372318023999469,0.372318023999469,0.372318023999469,0.0372318023999469,512,1375.1684500794681,8,1.0,1.0,1.0,64.0,64.0,0.04301370500070334,0.04301370500070334,1.0,1.0,1.0,64.0,64.0,0.04301370500070334,0.04301370500070334,1.0,1.0,1.0,64.0,64.0,0.04301370500070334,0.04301370500070334,1.0,1.0,1.0,64.0,64.0,0.04301370500070334,0.04301370500070334,0.19444444444444448
108,13,12912,genetic_cfe,Budget-matched genetic CFE,11,113126119,120126119,,none_generator_only,512,no_disease_to_disease,near_boundary,0,1,0.0160185769200325,4.117857933044434,10,10,1.0,1.0,1.0,1.0,1.0,1.0,0.07675686478614807,0.40555555555555556,0.08008778840303421,0.7024422187571926,0.7024422187571926,0.0,0.86,0.8484848484848485,0.8484848484848485,81,1.0,6.216094017028809,0.8032078742980957,0.925,0.7,0.7,0.0,0.9151962215574916,0.40587075100120273,0.40587075100120273,0.40587075100120273,0.04058707510012027,512,1261.4853342769773,8,1.0,1.0,1.0,64.0,64.0,0.04177815600087342,0.04177815600087342,1.0,1.0,1.0,64.0,64.0,0.04177815600087342,0.04177815600087342,1.0,1.0,1.0,64.0,64.0,0.04177815600087342,0.04177815600087342,1.0,1.0,1.0,64.0,64.0,0.04177815600087342,0.04177815600087342,0.40555555555555556
108,13,12912,dice_gradient_style,Custom DiCE-style gradient,11,113126119,120126119,,none_generator_only,512,no_disease_to_disease,near_boundary,0,1,0.0160185769200325,4.117857933044434,1,1,1.0,1.0,0.1,0.1,1.0,0.0,0.06361572444438934,0.05555555555555558,0.0,0.6409876720514074,0.6409876720514074,0.0,1.0,0.8846153846153846,0.8846153846153846,65,1.0,9.112865447998047,9.112865447998047,1.0,1.0,0.1,0.0,0.9596447669977082,0.107719845000247,0.107719845000247,,0.107719845000247,512,4753.070337214335,1,1.0,1.0,1.0,512.0,512.0,0.107719845000247,0.107719845000247,0.0,,1.0,,512.0,,0.107719845000247,0.0,,1.0,,512.0,,0.107719845000247,0.0,,1.0,,512.0,,0.107719845000247,0.05555555555555558
108,13,12912,wachter_style,Custom Wachter-style gradient,11,113126119,120126119,,none_generator_only,512,no_disease_to_disease,near_boundary,0,1,0.0160185769200325,4.117857933044434,1,1,1.0,1.0,0.1,0.1,1.0,0.0,0.06454212963581085,0.05555555555555558,0.0,0.6428104205065578,0.6428104205065578,0.0,1.0,0.8846153846153846,0.8846153846153846,65,1.0,9.11562728881836,9.11562728881836,1.0,1.0,0.1,0.0,0.967436974789916,0.09798192199923506,0.09798192199923506,,0.09798192199923506,512,5225.453732209879,1,1.0,1.0,1.0,512.0,512.0,0.09798192199923506,0.09798192199923506,0.0,,1.0,,512.0,,0.09798192199923506,0.0,,1.0,,512.0,,0.09798192199923506,0.0,,1.0,,512.0,,0.09798192199923506,0.05555555555555558
109,13,12965,uniform_random,Uniform constrained random,11,114126122,121126122,,none_generator_only,512,no_disease_to_disease,near_boundary,0,1,0.0169492419809103,4.0604376792907715,10,10,1.0,1.0,1.0,1.0,1.0,1.0,0.08439061045646667,0.22777777777777777,0.11103121191263199,0.5311078666391367,0.5311078666391367,0.0,0.9,0.7878787878787878,0.7878787878787878,81,1.0,4.047397136688232,1.2404837608337402,1.0,1.0,1.0,1.0,0.9574534104010641,0.37486247200104117,0.37486247200104117,0.37486247200104117,0.037486247200104114,512,1365.8342412002712,8,1.0,1.0,1.0,64.0,64.0,0.04534236800100189,0.04534236800100189,1.0,1.0,1.0,64.0,64.0,0.04534236800100189,0.04534236800100189,1.0,1.0,1.0,64.0,64.0,0.04534236800100189,0.04534236800100189,1.0,1.0,1.0,64.0,64.0,0.04534236800100189,0.04534236800100189,0.22777777777777777
109,13,12965,genetic_cfe,Budget-matched genetic CFE,11,114126122,121126122,,none_generator_only,512,no_disease_to_disease,near_boundary,0,1,0.0169492419809103,4.0604376792907715,10,10,1.0,1.0,1.0,1.0,1.0,1.0,0.07144270092248917,0.4333333333333333,0.06702174991369247,0.5296762263215274,0.5296762263215274,0.0,0.9,0.8787878787878788,0.8787878787878788,81,1.0,6.097540378570557,1.2404837608337402,0.9875,0.9,0.9,0.0,0.9252023765707975,0.4185911209988262,0.4185911209988262,0.4185911209988262,0.04185911209988262,512,1223.1506458576691,8,1.0,1.0,1.0,64.0,64.0,0.04392235899831576,0.04392235899831576,1.0,1.0,1.0,64.0,64.0,0.04392235899831576,0.04392235899831576,1.0,1.0,1.0,64.0,64.0,0.04392235899831576,0.04392235899831576,1.0,1.0,1.0,64.0,64.0,0.04392235899831576,0.04392235899831576,0.4333333333333333
109,13,12965,dice_gradient_style,Custom DiCE-style gradient,11,114126122,121126122,,none_generator_only,512,no_disease_to_disease,near_boundary,0,1,0.0169492419809103,4.0604376792907715,1,1,1.0,1.0,0.1,0.1,1.0,0.0,0.06611742079257965,0.05555555555555558,0.0,0.4104735883775661,0.4104735883775661,0.0,1.0,0.9615384615384616,0.9615384615384616,65,1.0,9.487251281738281,9.487251281738281,1.0,1.0,0.1,0.0,0.9964285714285714,0.12108872399949178,0.12108872399949178,,0.12108872399949178,512,4228.30452819165,1,1.0,1.0,1.0,512.0,512.0,0.12108872399949178,0.12108872399949178,0.0,,1.0,,512.0,,0.12108872399949178,0.0,,1.0,,512.0,,0.12108872399949178,0.0,,1.0,,512.0,,0.12108872399949178,0.05555555555555558
109,13,12965,wachter_style,Custom Wachter-style gradient,11,114126122,121126122,,none_generator_only,512,no_disease_to_disease,near_boundary,0,1,0.0169492419809103,4.0604376792907715,1,1,1.0,1.0,0.1,0.1,1.0,0.0,0.06647859513759613,0.05555555555555558,0.0,0.4119353345231643,0.4119353345231643,0.0,1.0,0.9615384615384616,0.9615384615384616,65,1.0,9.60275650024414,9.60275650024414,1.0,1.0,0.1,0.0,0.9892857142857143,0.10203256699969643,0.10203256699969643,,0.10203256699969643,512,5018.0056726547255,1,1.0,1.0,1.0,512.0,512.0,0.10203256699969643,0.10203256699969643,0.0,,1.0,,512.0,,0.10203256699969643,0.0,,1.0,,512.0,,0.10203256699969643,0.0,,1.0,,512.0,,0.10203256699969643,0.05555555555555558
110,13,13044,uniform_random,Uniform constrained random,11,115126125,122126125,,none_generator_only,512,no_disease_to_disease,near_boundary,0,1,0.09067000448703766,2.305481433868408,10,10,1.0,1.0,1.0,1.0,1.0,1.0,0.08764570206403732,0.23888888888888887,0.10386151075363159,0.7615679814939562,0.7615679814939562,0.0,0.96,0.696969696969697,0.696969696969697,81,1.0,4.877006530761719,0.5669951438903809,0.95,0.7,0.7,0.0,0.9509360368723383,0.36230408899973554,0.36230408899973554,0.36230408899973554,0.03623040889997355,512,1413.1775366200013,8,1.0,1.0,1.0,64.0,64.0,0.04233370499969169,0.04233370499969169,1.0,1.0,1.0,64.0,64.0,0.04233370499969169,0.04233370499969169,1.0,1.0,1.0,64.0,64.0,0.04233370499969169,0.04233370499969169,1.0,1.0,1.0,64.0,64.0,0.04233370499969169,0.04233370499969169,0.23888888888888887
110,13,13044,genetic_cfe,Budget-matched genetic CFE,11,115126125,122126125,,none_generator_only,512,no_disease_to_disease,near_boundary,0,1,0.09067000448703766,2.305481433868408,10,10,1.0,1.0,1.0,1.0,1.0,1.0,0.07166977226734161,0.42222222222222217,0.07693132013082504,0.7249537203550974,0.7249537203550974,0.0,0.9400000000000001,0.8484848484848485,0.8484848484848485,81,1.0,5.183563232421875,2.1644606590270996,1.0,1.0,1.0,1.0,0.9187159703272403,0.41025451000132307,0.41025451000132307,0.41025451000132307,0.04102545100013231,512,1248.0057806027503,8,1.0,1.0,1.0,64.0,64.0,0.041939704000469646,0.041939704000469646,1.0,1.0,1.0,64.0,64.0,0.041939704000469646,0.041939704000469646,1.0,1.0,1.0,64.0,64.0,0.041939704000469646,0.041939704000469646,1.0,1.0,1.0,64.0,64.0,0.041939704000469646,0.041939704000469646,0.42222222222222217
110,13,13044,dice_gradient_style,Custom DiCE-style gradient,11,115126125,122126125,,none_generator_only,512,no_disease_to_disease,near_boundary,0,1,0.09067000448703766,2.305481433868408,1,1,1.0,1.0,0.1,0.1,1.0,0.0,0.05094987154006958,0.2777777777777778,0.0,0.6287807453407233,0.6287807453407233,0.0,1.0,0.8846153846153846,0.8846153846153846,65,1.0,9.455856323242188,9.455856323242188,1.0,1.0,0.1,0.0,0.9513546798029556,0.11031880100017588,0.11031880100017588,,0.11031880100017588,512,4641.094676139416,1,1.0,1.0,1.0,512.0,512.0,0.11031880100017588,0.11031880100017588,0.0,,1.0,,512.0,,0.11031880100017588,0.0,,1.0,,512.0,,0.11031880100017588,0.0,,1.0,,512.0,,0.11031880100017588,0.2777777777777778
110,13,13044,wachter_style,Custom Wachter-style gradient,11,115126125,122126125,,none_generator_only,512,no_disease_to_disease,near_boundary,0,1,0.09067000448703766,2.305481433868408,1,1,1.0,1.0,0.1,0.1,1.0,0.0,0.05054085701704025,0.2222222222222222,0.0,0.6227112577325387,0.6227112577325387,0.0,1.0,0.8846153846153846,0.8846153846153846,65,1.0,9.44781494140625,9.44781494140625,1.0,1.0,0.1,0.0,0.9553115307425653,0.10352761400099553,0.10352761400099553,,0.10352761400099553,512,4945.540423592459,1,1.0,1.0,1.0,512.0,512.0,0.10352761400099553,0.10352761400099553,0.0,,1.0,,512.0,,0.10352761400099553,0.0,,1.0,,512.0,,0.10352761400099553,0.0,,1.0,,512.0,,0.10352761400099553,0.2222222222222222
111,13,13054,uniform_random,Uniform constrained random,11,116126128,123126128,,none_generator_only,512,no_disease_to_disease,near_boundary,0,1,0.06283069401979446,2.702420234680176,10,10,1.0,1.0,1.0,1.0,1.0,1.0,0.0788532942533493,0.21666666666666665,0.08591298013925552,0.7250223457132823,0.7250223457132823,0.0,0.9400000000000001,0.8787878787878788,0.8787878787878788,81,1.0,7.64099645614624,0.7613873481750488,1.0,1.0,1.0,1.0,0.971589556997861,0.3711073969989229,0.3711073969989229,0.3711073969989229,0.037110739699892294,512,1379.654526265037,8,1.0,1.0,1.0,64.0,64.0,0.04384050699991349,0.04384050699991349,1.0,1.0,1.0,64.0,64.0,0.04384050699991349,0.04384050699991349,1.0,1.0,1.0,64.0,64.0,0.04384050699991349,0.04384050699991349,1.0,1.0,1.0,64.0,64.0,0.04384050699991349,0.04384050699991349,0.21666666666666665
111,13,13054,genetic_cfe,Budget-matched genetic CFE,11,116126128,123126128,,none_generator_only,512,no_disease_to_disease,near_boundary,0,1,0.06283069401979446,2.702420234680176,10,10,1.0,1.0,1.0,1.0,1.0,1.0,0.07288894802331924,0.4111111111111111,0.07482749968767166,0.7428373903906847,0.7428373903906847,0.0,0.96,0.7878787878787878,0.7878787878787878,81,1.0,5.1268768310546875,0.2531752586364746,0.925,0.8,0.8,0.0,0.927927170666015,0.400535923001371,0.400535923001371,0.400535923001371,0.040053592300137095,512,1278.287341028953,8,1.0,1.0,1.0,64.0,64.0,0.04251012399981846,0.04251012399981846,1.0,1.0,1.0,64.0,64.0,0.04251012399981846,0.04251012399981846,1.0,1.0,1.0,64.0,64.0,0.04251012399981846,0.04251012399981846,1.0,1.0,1.0,64.0,64.0,0.04251012399981846,0.04251012399981846,0.4111111111111111
111,13,13054,dice_gradient_style,Custom DiCE-style gradient,11,116126128,123126128,,none_generator_only,512,no_disease_to_disease,near_boundary,0,1,0.06283069401979446,2.702420234680176,1,1,1.0,1.0,0.1,0.1,1.0,0.0,0.05446721240878105,0.2222222222222222,0.0,0.6147202558302204,0.6147202558302204,0.0,1.0,0.9615384615384616,0.9615384615384616,65,1.0,9.067960739135742,9.067960739135742,1.0,1.0,0.1,0.0,0.9790229885057471,0.11075910799991107,0.11075910799991107,,0.11075910799991107,512,4622.644667745168,1,1.0,1.0,1.0,512.0,512.0,0.11075910799991107,0.11075910799991107,0.0,,1.0,,512.0,,0.11075910799991107,0.0,,1.0,,512.0,,0.11075910799991107,0.0,,1.0,,512.0,,0.11075910799991107,0.2222222222222222
111,13,13054,wachter_style,Custom Wachter-style gradient,11,116126128,123126128,,none_generator_only,512,no_disease_to_disease,near_boundary,0,1,0.06283069401979446,2.702420234680176,1,1,1.0,1.0,0.1,0.1,1.0,0.0,0.05579590052366257,0.2222222222222222,0.0,0.6191929206404087,0.6191929206404087,0.0,1.0,0.9230769230769231,0.9230769230769231,65,1.0,9.156349182128906,9.156349182128906,1.0,1.0,0.1,0.0,0.9591397849462366,0.10400076500081923,0.10400076500081923,,0.10400076500081923,512,4923.040710286765,1,1.0,1.0,1.0,512.0,512.0,0.10400076500081923,0.10400076500081923,0.0,,1.0,,512.0,,0.10400076500081923,0.0,,1.0,,512.0,,0.10400076500081923,0.0,,1.0,,512.0,,0.10400076500081923,0.2222222222222222
112,13,13095,uniform_random,Uniform constrained random,11,117126131,124126131,,none_generator_only,512,no_disease_to_disease,near_boundary,0,1,0.4174516797065735,0.33324334025382996,10,10,1.0,1.0,1.0,1.0,1.0,1.0,0.08066482841968536,0.2111111111111111,0.10529912263154984,0.7121094111867137,0.7121094111867137,0.0,0.8800000000000001,0.7272727272727273,0.7272727272727273,81,1.0,5.529189109802246,0.16550064086914062,0.95,0.9,0.9,0.0,0.9598505061632844,0.3688350030006404,0.3688350030006404,0.3688350030006404,0.03688350030006404,512,1388.1545835797774,8,1.0,1.0,1.0,64.0,64.0,0.04226420700069866,0.04226420700069866,1.0,1.0,1.0,64.0,64.0,0.04226420700069866,0.04226420700069866,1.0,1.0,1.0,64.0,64.0,0.04226420700069866,0.04226420700069866,1.0,1.0,1.0,64.0,64.0,0.04226420700069866,0.04226420700069866,0.2111111111111111
112,13,13095,genetic_cfe,Budget-matched genetic CFE,11,117126131,124126131,,none_generator_only,512,no_disease_to_disease,near_boundary,0,1,0.4174516797065735,0.33324334025382996,10,10,1.0,1.0,1.0,1.0,1.0,1.0,0.06957022100687027,0.47777777777777786,0.07173990458250046,0.7379887735156988,0.7379887735156988,0.0,0.9800000000000001,0.7575757575757576,0.7575757575757576,81,1.0,8.301606178283691,0.9780325889587402,0.975,0.8,0.8,0.0,0.891115850542422,0.40352407799946377,0.40352407799946377,0.40352407799946377,0.04035240779994638,512,1268.8214357327158,8,1.0,1.0,1.0,64.0,64.0,0.04243876799955615,0.04243876799955615,1.0,1.0,1.0,64.0,64.0,0.04243876799955615,0.04243876799955615,1.0,1.0,1.0,64.0,64.0,0.04243876799955615,0.04243876799955615,1.0,1.0,1.0,64.0,64.0,0.04243876799955615,0.04243876799955615,0.47777777777777786
112,13,13095,dice_gradient_style,Custom DiCE-style gradient,11,117126131,124126131,,none_generator_only,512,no_disease_to_disease,near_boundary,0,1,0.4174516797065735,0.33324334025382996,1,1,1.0,1.0,0.1,0.1,1.0,0.0,0.04331349954009056,0.2777777777777778,0.0,0.6275250341394839,0.6275250341394839,0.0,1.0,1.0,1.0,65,1.0,9.376108169555664,9.376108169555664,1.0,1.0,0.1,0.0,0.958464468162744,0.1172739220000949,0.1172739220000949,,0.1172739220000949,512,4365.846995375372,1,1.0,1.0,1.0,512.0,512.0,0.1172739220000949,0.1172739220000949,0.0,,1.0,,512.0,,0.1172739220000949,0.0,,1.0,,512.0,,0.1172739220000949,0.0,,1.0,,512.0,,0.1172739220000949,0.2777777777777778
112,13,13095,wachter_style,Custom Wachter-style gradient,11,117126131,124126131,,none_generator_only,512,no_disease_to_disease,near_boundary,0,1,0.4174516797065735,0.33324334025382996,1,1,1.0,1.0,0.1,0.1,1.0,0.0,0.0430162139236927,0.2777777777777778,0.0,0.6269122018646903,0.6269122018646903,0.0,1.0,1.0,1.0,65,1.0,9.396821975708008,9.396821975708008,1.0,1.0,0.1,0.0,0.9578835978835979,0.1042785970003024,0.1042785970003024,,0.1042785970003024,512,4909.924133314867,1,1.0,1.0,1.0,512.0,512.0,0.1042785970003024,0.1042785970003024,0.0,,1.0,,512.0,,0.1042785970003024,0.0,,1.0,,512.0,,0.1042785970003024,0.0,,1.0,,512.0,,0.1042785970003024,0.2777777777777778
113,13,13102,uniform_random,Uniform constrained random,11,118126134,125126134,,none_generator_only,512,no_disease_to_disease,near_boundary,0,1,0.2285468727350235,1.2165346145629883,10,10,1.0,1.0,1.0,1.0,1.0,1.0,0.07647286355495453,0.22777777777777777,0.08759904652833939,0.6918542084097596,0.6918542084097596,0.0,1.0,0.7878787878787878,0.7878787878787878,81,1.0,5.745242118835449,0.26216936111450195,0.9625,0.9,0.9,0.0,0.9580727546191603,0.3580647319995478,0.3580647319995478,0.3580647319995478,0.03580647319995478,512,1429.9090478440266,8,1.0,1.0,1.0,64.0,64.0,0.04192703000080655,0.04192703000080655,1.0,1.0,1.0,64.0,64.0,0.04192703000080655,0.04192703000080655,1.0,1.0,1.0,64.0,64.0,0.04192703000080655,0.04192703000080655,1.0,1.0,1.0,64.0,64.0,0.04192703000080655,0.04192703000080655,0.22777777777777777
113,13,13102,genetic_cfe,Budget-matched genetic CFE,11,118126134,125126134,,none_generator_only,512,no_disease_to_disease,near_boundary,0,1,0.2285468727350235,1.2165346145629883,10,10,1.0,1.0,1.0,1.0,1.0,1.0,0.06198912858963013,0.5222222222222224,0.06599880754947662,0.6806122302367614,0.6806122302367614,0.1,0.9400000000000001,0.9090909090909091,0.9090909090909091,81,1.0,4.90005350112915,1.8503336906433105,1.0,1.0,1.0,1.0,0.9008068172227631,0.4027859210000315,0.4027859210000315,0.4027859210000315,0.040278592100003154,512,1271.146714187063,8,1.0,1.0,1.0,64.0,64.0,0.04117147400029353,0.04117147400029353,1.0,1.0,1.0,64.0,64.0,0.04117147400029353,0.04117147400029353,1.0,1.0,1.0,64.0,64.0,0.04117147400029353,0.04117147400029353,1.0,1.0,1.0,64.0,64.0,0.04117147400029353,0.04117147400029353,0.5222222222222224
113,13,13102,dice_gradient_style,Custom DiCE-style gradient,11,118126134,125126134,,none_generator_only,512,no_disease_to_disease,near_boundary,0,1,0.2285468727350235,1.2165346145629883,1,1,1.0,1.0,0.1,0.1,1.0,0.0,0.047728970646858215,0.2222222222222222,0.0,0.6476089923268258,0.6476089923268258,0.0,1.0,0.9230769230769231,0.9230769230769231,65,1.0,8.963428497314453,8.963428497314453,1.0,1.0,0.1,0.0,0.9481636709806899,0.12177832700035651,0.12177832700035651,,0.12177832700035651,512,4204.360600211737,1,1.0,1.0,1.0,512.0,512.0,0.12177832700035651,0.12177832700035651,0.0,,1.0,,512.0,,0.12177832700035651,0.0,,1.0,,512.0,,0.12177832700035651,0.0,,1.0,,512.0,,0.12177832700035651,0.2222222222222222
113,13,13102,wachter_style,Custom Wachter-style gradient,11,118126134,125126134,,none_generator_only,512,no_disease_to_disease,near_boundary,0,1,0.2285468727350235,1.2165346145629883,1,1,1.0,1.0,0.1,0.1,1.0,0.0,0.04779323190450668,0.2222222222222222,0.0,0.6406304175765095,0.6406304175765095,0.0,1.0,0.9230769230769231,0.9230769230769231,65,1.0,8.985191345214844,8.985191345214844,1.0,1.0,0.1,0.0,0.9602399197226783,0.10586013100146374,0.10586013100146374,,0.10586013100146374,512,4836.570625374727,1,1.0,1.0,1.0,512.0,512.0,0.10586013100146374,0.10586013100146374,0.0,,1.0,,512.0,,0.10586013100146374,0.0,,1.0,,512.0,,0.10586013100146374,0.0,,1.0,,512.0,,0.10586013100146374,0.2222222222222222
114,13,13105,uniform_random,Uniform constrained random,11,119126137,126126137,,none_generator_only,512,no_disease_to_disease,near_boundary,0,1,0.1274402141571045,1.9237838983535767,10,10,1.0,1.0,1.0,1.0,1.0,1.0,0.0850159227848053,0.2444444444444444,0.11297351121902466,0.6941328492299553,0.6941328492299553,0.0,0.9400000000000001,0.8181818181818182,0.8181818181818182,81,1.0,3.7404627799987793,0.5862860679626465,0.925,0.6,0.6,0.0,0.9466437544046029,0.39565989400034596,0.39565989400034596,0.39565989400034596,0.0395659894000346,512,1294.0406843448034,8,1.0,1.0,1.0,64.0,64.0,0.04781412400006957,0.04781412400006957,1.0,1.0,1.0,64.0,64.0,0.04781412400006957,0.04781412400006957,1.0,1.0,1.0,64.0,64.0,0.04781412400006957,0.04781412400006957,1.0,1.0,1.0,64.0,64.0,0.04781412400006957,0.04781412400006957,0.2444444444444444
114,13,13105,genetic_cfe,Budget-matched genetic CFE,11,119126137,126126137,,none_generator_only,512,no_disease_to_disease,near_boundary,0,1,0.1274402141571045,1.9237838983535767,10,10,1.0,1.0,1.0,1.0,1.0,1.0,0.07972903549671173,0.4333333333333333,0.08221366256475449,0.7046175185012777,0.7046175185012777,0.0,0.9400000000000001,0.9090909090909091,0.9090909090909091,81,1.0,7.734715461730957,3.583625316619873,1.0,1.0,1.0,1.0,0.8819777343362281,0.4095271899986983,0.4095271899986983,0.4095271899986983,0.04095271899986983,512,1250.222237995058,8,1.0,1.0,1.0,64.0,64.0,0.046060460999797215,0.046060460999797215,1.0,1.0,1.0,64.0,64.0,0.046060460999797215,0.046060460999797215,1.0,1.0,1.0,64.0,64.0,0.046060460999797215,0.046060460999797215,1.0,1.0,1.0,64.0,64.0,0.046060460999797215,0.046060460999797215,0.4333333333333333
114,13,13105,dice_gradient_style,Custom DiCE-style gradient,11,119126137,126126137,,none_generator_only,512,no_disease_to_disease,near_boundary,0,1,0.1274402141571045,1.9237838983535767,1,1,1.0,1.0,0.1,0.1,1.0,0.0,0.04984777420759201,0.16666666666666663,0.0,0.6076498138156611,0.6076498138156611,0.0,1.0,0.8461538461538461,0.8461538461538461,65,1.0,8.891082763671875,8.891082763671875,1.0,1.0,0.1,0.0,0.9424117074527252,0.10859280300064711,0.10859280300064711,,0.10859280300064711,512,4714.861260160574,1,1.0,1.0,1.0,512.0,512.0,0.10859280300064711,0.10859280300064711,0.0,,1.0,,512.0,,0.10859280300064711,0.0,,1.0,,512.0,,0.10859280300064711,0.0,,1.0,,512.0,,0.10859280300064711,0.16666666666666663
114,13,13105,wachter_style,Custom Wachter-style gradient,11,119126137,126126137,,none_generator_only,512,no_disease_to_disease,near_boundary,0,1,0.1274402141571045,1.9237838983535767,1,1,1.0,1.0,0.1,0.1,1.0,0.0,0.05138343572616577,0.16666666666666663,0.0,0.6048057990764222,0.6048057990764222,0.0,1.0,0.8846153846153846,0.8846153846153846,65,1.0,8.922372817993164,8.922372817993164,1.0,1.0,0.1,0.0,0.9328750168537433,0.10597750099987024,0.10597750099987024,,0.10597750099987024,512,4831.214127238449,1,1.0,1.0,1.0,512.0,512.0,0.10597750099987024,0.10597750099987024,0.0,,1.0,,512.0,,0.10597750099987024,0.0,,1.0,,512.0,,0.10597750099987024,0.0,,1.0,,512.0,,0.10597750099987024,0.16666666666666663
115,16,13635,uniform_random,Uniform constrained random,11,120126140,127126140,,none_generator_only,512,no_disease_to_disease,near_boundary,0,1,0.09181723743677139,2.2916455268859863,10,10,1.0,1.0,1.0,1.0,1.0,1.0,0.08976544439792633,0.19999999999999996,0.1117243841290474,0.6057805676872705,0.6057805676872705,0.0,0.7,0.7575757575757576,0.7575757575757576,81,1.0,7.319090843200684,1.2576212882995605,0.975,0.8,0.8,0.0,0.9540787922025757,0.36312838999947417,0.36312838999947417,0.36312838999947417,0.03631283899994742,512,1409.9696253458492,8,1.0,1.0,1.0,64.0,64.0,0.04377260399996885,0.04377260399996885,1.0,1.0,1.0,64.0,64.0,0.04377260399996885,0.04377260399996885,1.0,1.0,1.0,64.0,64.0,0.04377260399996885,0.04377260399996885,1.0,1.0,1.0,64.0,64.0,0.04377260399996885,0.04377260399996885,0.19999999999999996
115,16,13635,genetic_cfe,Budget-matched genetic CFE,11,120126140,127126140,,none_generator_only,512,no_disease_to_disease,near_boundary,0,1,0.09181723743677139,2.2916455268859863,10,10,1.0,1.0,1.0,1.0,1.0,1.0,0.0737231969833374,0.43888888888888883,0.07838119566440582,0.5734260938171165,0.5734260938171165,0.1,0.78,0.8787878787878788,0.8787878787878788,81,1.0,8.809907913208008,1.7777371406555176,1.0,1.0,1.0,1.0,0.9101754785717467,0.4161204659994837,0.4161204659994837,0.4161204659994837,0.04161204659994837,512,1230.4129256661824,8,1.0,1.0,1.0,64.0,64.0,0.04430234500068764,0.04430234500068764,1.0,1.0,1.0,64.0,64.0,0.04430234500068764,0.04430234500068764,1.0,1.0,1.0,64.0,64.0,0.04430234500068764,0.04430234500068764,1.0,1.0,1.0,64.0,64.0,0.04430234500068764,0.04430234500068764,0.43888888888888883
115,16,13635,dice_gradient_style,Custom DiCE-style gradient,11,120126140,127126140,,none_generator_only,512,no_disease_to_disease,near_boundary,0,1,0.09181723743677139,2.2916455268859863,1,1,1.0,1.0,0.1,0.1,1.0,0.0,0.053226273506879807,0.05555555555555558,0.0,0.4899953253331238,0.4899953253331238,0.0,0.4,0.8846153846153846,0.8846153846153846,65,1.0,9.107818603515625,9.107818603515625,1.0,1.0,0.1,0.0,0.9770156926406927,0.11776012199879915,0.11776012199879915,,0.11776012199879915,512,4347.821582634069,1,1.0,1.0,1.0,512.0,512.0,0.11776012199879915,0.11776012199879915,0.0,,1.0,,512.0,,0.11776012199879915,0.0,,1.0,,512.0,,0.11776012199879915,0.0,,1.0,,512.0,,0.11776012199879915,0.05555555555555558
115,16,13635,wachter_style,Custom Wachter-style gradient,11,120126140,127126140,,none_generator_only,512,no_disease_to_disease,near_boundary,0,1,0.09181723743677139,2.2916455268859863,1,1,1.0,1.0,0.1,0.1,1.0,0.0,0.054167695343494415,0.05555555555555558,0.0,0.4922978072864263,0.4922978072864263,0.0,0.4,0.8846153846153846,0.8846153846153846,65,1.0,9.14134407043457,9.14134407043457,1.0,1.0,0.1,0.0,0.9926406926406927,0.0994064199985587,0.0994064199985587,,0.0994064199985587,512,5150.572769921938,1,1.0,1.0,1.0,512.0,512.0,0.0994064199985587,0.0994064199985587,0.0,,1.0,,512.0,,0.0994064199985587,0.0,,1.0,,512.0,,0.0994064199985587,0.0,,1.0,,512.0,,0.0994064199985587,0.05555555555555558
116,16,13655,uniform_random,Uniform constrained random,11,121126143,128126143,,none_generator_only,512,no_disease_to_disease,near_boundary,0,1,0.022126128897070885,3.788621425628662,10,10,1.0,1.0,1.0,1.0,1.0,1.0,0.0827910378575325,0.22777777777777772,0.09318915754556656,0.575265234117518,0.575265234117518,0.0,0.5399999999999999,0.8181818181818182,0.8181818181818182,81,1.0,7.483104705810547,2.425388813018799,1.0,1.0,1.0,1.0,0.9498971012174996,0.36504120400059037,0.36504120400059037,0.36504120400059037,0.036504120400059036,512,1402.581391878085,8,1.0,1.0,1.0,64.0,64.0,0.04455919800057018,0.04455919800057018,1.0,1.0,1.0,64.0,64.0,0.04455919800057018,0.04455919800057018,1.0,1.0,1.0,64.0,64.0,0.04455919800057018,0.04455919800057018,1.0,1.0,1.0,64.0,64.0,0.04455919800057018,0.04455919800057018,0.22777777777777772
116,16,13655,genetic_cfe,Budget-matched genetic CFE,11,121126143,128126143,,none_generator_only,512,no_disease_to_disease,near_boundary,0,1,0.022126128897070885,3.788621425628662,10,10,1.0,1.0,1.0,1.0,1.0,1.0,0.06853935867547989,0.3944444444444445,0.06992731243371964,0.5370684250057988,0.5370684250057988,0.0,0.56,0.8181818181818182,0.8181818181818182,81,1.0,6.67026424407959,2.615170955657959,1.0,1.0,1.0,1.0,0.9187516718597954,0.4162658259992895,0.4162658259992895,0.4162658259992895,0.04162658259992895,512,1229.983265551263,8,1.0,1.0,1.0,64.0,64.0,0.043858975999683025,0.043858975999683025,1.0,1.0,1.0,64.0,64.0,0.043858975999683025,0.043858975999683025,1.0,1.0,1.0,64.0,64.0,0.043858975999683025,0.043858975999683025,1.0,1.0,1.0,64.0,64.0,0.043858975999683025,0.043858975999683025,0.3944444444444445
116,16,13655,dice_gradient_style,Custom DiCE-style gradient,11,121126143,128126143,,none_generator_only,512,no_disease_to_disease,near_boundary,0,1,0.022126128897070885,3.788621425628662,1,1,1.0,1.0,0.1,0.1,1.0,0.0,0.06437194347381592,0.0,0.0,0.5069555513009406,0.5069555513009406,0.0,0.0,1.0,1.0,65,1.0,9.11098861694336,9.11098861694336,1.0,1.0,0.1,0.0,1.0,0.10929825400125992,0.10929825400125992,,0.10929825400125992,512,4684.429817095687,1,1.0,1.0,1.0,512.0,512.0,0.10929825400125992,0.10929825400125992,0.0,,1.0,,512.0,,0.10929825400125992,0.0,,1.0,,512.0,,0.10929825400125992,0.0,,1.0,,512.0,,0.10929825400125992,0.0
116,16,13655,wachter_style,Custom Wachter-style gradient,11,121126143,128126143,,none_generator_only,512,no_disease_to_disease,near_boundary,0,1,0.022126128897070885,3.788621425628662,1,1,1.0,1.0,0.1,0.1,1.0,0.0,0.06510303169488907,0.0,0.0,0.507393274931275,0.507393274931275,0.0,0.0,1.0,1.0,65,1.0,9.129718780517578,9.129718780517578,1.0,1.0,0.1,0.0,1.0,0.108373589000621,0.108373589000621,,0.108373589000621,512,4724.398303327079,1,1.0,1.0,1.0,512.0,512.0,0.108373589000621,0.108373589000621,0.0,,1.0,,512.0,,0.108373589000621,0.0,,1.0,,512.0,,0.108373589000621,0.0,,1.0,,512.0,,0.108373589000621,0.0
117,16,13657,uniform_random,Uniform constrained random,11,122126146,129126146,,none_generator_only,512,no_disease_to_disease,near_boundary,0,1,0.02703116275370121,3.5833616256713867,10,10,1.0,1.0,1.0,1.0,1.0,1.0,0.09234776347875595,0.20555555555555555,0.1145973950624466,0.6111579795084499,0.6111579795084499,0.0,0.6399999999999999,0.8484848484848485,0.8484848484848485,81,1.0,7.471549987792969,0.7310023307800293,0.9625,0.8,0.8,0.0,0.9634169982419426,0.3660444510005618,0.3660444510005618,0.3660444510005618,0.036604445100056185,512,1398.737226040381,8,1.0,1.0,1.0,64.0,64.0,0.04356353500043042,0.04356353500043042,1.0,1.0,1.0,64.0,64.0,0.04356353500043042,0.04356353500043042,1.0,1.0,1.0,64.0,64.0,0.04356353500043042,0.04356353500043042,1.0,1.0,1.0,64.0,64.0,0.04356353500043042,0.04356353500043042,0.20555555555555555
117,16,13657,genetic_cfe,Budget-matched genetic CFE,11,122126146,129126146,,none_generator_only,512,no_disease_to_disease,near_boundary,0,1,0.02703116275370121,3.5833616256713867,10,10,1.0,1.0,1.0,1.0,1.0,1.0,0.06988184154033661,0.45555555555555555,0.0768977627158165,0.5856551892629968,0.5856551892629968,0.0,0.78,0.7878787878787878,0.7878787878787878,81,1.0,4.527589321136475,0.8945450782775879,0.9875,0.9,0.9,0.0,0.9189076517504047,0.397923186999833,0.397923186999833,0.397923186999833,0.0397923186999833,512,1286.6804869056673,8,1.0,1.0,1.0,64.0,64.0,0.04115914499925566,0.04115914499925566,1.0,1.0,1.0,64.0,64.0,0.04115914499925566,0.04115914499925566,1.0,1.0,1.0,64.0,64.0,0.04115914499925566,0.04115914499925566,1.0,1.0,1.0,64.0,64.0,0.04115914499925566,0.04115914499925566,0.45555555555555555
117,16,13657,dice_gradient_style,Custom DiCE-style gradient,11,122126146,129126146,,none_generator_only,512,no_disease_to_disease,near_boundary,0,1,0.02703116275370121,3.5833616256713867,1,1,1.0,1.0,0.1,0.1,1.0,0.0,0.06151201203465462,0.05555555555555558,0.0,0.5036986989799678,0.5036986989799678,0.0,0.2,0.8846153846153846,0.8846153846153846,65,1.0,9.77020263671875,9.77020263671875,1.0,1.0,0.1,0.0,0.9926406926406927,0.11623763200077519,0.11623763200077519,,0.11623763200077519,512,4404.769704845548,1,1.0,1.0,1.0,512.0,512.0,0.11623763200077519,0.11623763200077519,0.0,,1.0,,512.0,,0.11623763200077519,0.0,,1.0,,512.0,,0.11623763200077519,0.0,,1.0,,512.0,,0.11623763200077519,0.05555555555555558
117,16,13657,wachter_style,Custom Wachter-style gradient,11,122126146,129126146,,none_generator_only,512,no_disease_to_disease,near_boundary,0,1,0.02703116275370121,3.5833616256713867,1,1,1.0,1.0,0.1,0.1,1.0,0.0,0.060923296958208084,0.05555555555555558,0.0,0.5012477217400927,0.5012477217400927,0.0,0.0,0.8846153846153846,0.8846153846153846,65,1.0,9.662845611572266,9.662845611572266,1.0,1.0,0.1,0.0,1.0,0.10707412999909138,0.10707412999909138,,0.10707412999909138,512,4781.733925873083,1,1.0,1.0,1.0,512.0,512.0,0.10707412999909138,0.10707412999909138,0.0,,1.0,,512.0,,0.10707412999909138,0.0,,1.0,,512.0,,0.10707412999909138,0.0,,1.0,,512.0,,0.10707412999909138,0.05555555555555558
118,16,13701,uniform_random,Uniform constrained random,11,123126149,130126149,,none_generator_only,512,no_disease_to_disease,near_boundary,0,1,0.021415987983345985,3.8219687938690186,10,10,1.0,1.0,1.0,1.0,1.0,1.0,0.10345442593097687,0.16666666666666666,0.1352599412202835,0.6612817494165772,0.6612817494165772,0.0,0.8200000000000001,0.8181818181818182,0.8181818181818182,81,1.0,4.368779182434082,0.9584345817565918,0.95,0.8,0.8,0.0,0.9684618582618608,0.3722524799995881,0.3722524799995881,0.3722524799995881,0.03722524799995881,512,1375.4105815509047,8,1.0,1.0,1.0,64.0,64.0,0.04323805300009553,0.04323805300009553,1.0,1.0,1.0,64.0,64.0,0.04323805300009553,0.04323805300009553,1.0,1.0,1.0,64.0,64.0,0.04323805300009553,0.04323805300009553,1.0,1.0,1.0,64.0,64.0,0.04323805300009553,0.04323805300009553,0.16666666666666666
118,16,13701,genetic_cfe,Budget-matched genetic CFE,11,123126149,130126149,,none_generator_only,512,no_disease_to_disease,near_boundary,0,1,0.021415987983345985,3.8219687938690186,10,10,1.0,1.0,1.0,1.0,1.0,1.0,0.07762078940868378,0.40555555555555556,0.07798360288143158,0.6093043180814034,0.6093043180814034,0.0,0.8,0.7878787878787878,0.7878787878787878,81,1.0,6.632472038269043,1.1334223747253418,0.9875,0.9,0.9,0.0,0.9009400190241152,0.4036480679988017,0.4036480679988017,0.4036480679988017,0.04036480679988017,512,1268.4316873814937,8,1.0,1.0,1.0,64.0,64.0,0.04173322299902793,0.04173322299902793,1.0,1.0,1.0,64.0,64.0,0.04173322299902793,0.04173322299902793,1.0,1.0,1.0,64.0,64.0,0.04173322299902793,0.04173322299902793,1.0,1.0,1.0,64.0,64.0,0.04173322299902793,0.04173322299902793,0.40555555555555556
118,16,13701,dice_gradient_style,Custom DiCE-style gradient,11,123126149,130126149,,none_generator_only,512,no_disease_to_disease,near_boundary,0,1,0.021415987983345985,3.8219687938690186,1,1,1.0,1.0,0.1,0.1,1.0,0.0,0.06335508078336716,0.05555555555555558,0.0,0.5140472328222746,0.5140472328222746,0.0,0.0,0.9615384615384616,0.9615384615384616,65,1.0,9.439268112182617,9.439268112182617,1.0,1.0,0.1,0.0,0.9821428571428572,0.1179667669985065,0.1179667669985065,,0.1179667669985065,512,4340.205407226953,1,1.0,1.0,1.0,512.0,512.0,0.1179667669985065,0.1179667669985065,0.0,,1.0,,512.0,,0.1179667669985065,0.0,,1.0,,512.0,,0.1179667669985065,0.0,,1.0,,512.0,,0.1179667669985065,0.05555555555555558
118,16,13701,wachter_style,Custom Wachter-style gradient,11,123126149,130126149,,none_generator_only,512,no_disease_to_disease,near_boundary,0,1,0.021415987983345985,3.8219687938690186,1,1,1.0,1.0,0.1,0.1,1.0,0.0,0.06289670616388321,0.0,0.0,0.5060793363472559,0.5060793363472559,0.0,0.0,0.8846153846153846,0.8846153846153846,65,1.0,9.00735855102539,9.00735855102539,1.0,1.0,0.1,0.0,1.0,0.10453379499995208,0.10453379499995208,,0.10453379499995208,512,4897.937552159421,1,1.0,1.0,1.0,512.0,512.0,0.10453379499995208,0.10453379499995208,0.0,,1.0,,512.0,,0.10453379499995208,0.0,,1.0,,512.0,,0.10453379499995208,0.0,,1.0,,512.0,,0.10453379499995208,0.0
119,16,13725,uniform_random,Uniform constrained random,11,124126152,131126152,,none_generator_only,512,no_disease_to_disease,near_boundary,0,1,0.04689982905983925,3.0117058753967285,10,10,1.0,1.0,1.0,1.0,1.0,1.0,0.07997468113899231,0.2111111111111111,0.09145964682102203,0.5752879125155775,0.5752879125155775,0.0,0.6,0.8181818181818182,0.8181818181818182,81,1.0,4.840967655181885,0.9056296348571777,1.0,1.0,1.0,1.0,0.9678850397583713,0.37036497100052657,0.37036497100052657,0.37036497100052657,0.037036497100052655,512,1382.420153333756,8,1.0,1.0,1.0,64.0,64.0,0.04361054699984379,0.04361054699984379,1.0,1.0,1.0,64.0,64.0,0.04361054699984379,0.04361054699984379,1.0,1.0,1.0,64.0,64.0,0.04361054699984379,0.04361054699984379,1.0,1.0,1.0,64.0,64.0,0.04361054699984379,0.04361054699984379,0.2111111111111111
119,16,13725,genetic_cfe,Budget-matched genetic CFE,11,124126152,131126152,,none_generator_only,512,no_disease_to_disease,near_boundary,0,1,0.04689982905983925,3.0117058753967285,10,10,1.0,1.0,1.0,1.0,1.0,1.0,0.063102588057518,0.4833333333333334,0.05326632410287857,0.5694624110758678,0.5694624110758678,0.0,0.6599999999999999,0.9090909090909091,0.9090909090909091,81,1.0,4.759740352630615,2.36387300491333,1.0,1.0,1.0,1.0,0.9053535751725278,0.40278963599848794,0.40278963599848794,0.40278963599848794,0.0402789635998488,512,1271.1349901811327,8,1.0,1.0,1.0,64.0,64.0,0.0419058520001272,0.0419058520001272,1.0,1.0,1.0,64.0,64.0,0.0419058520001272,0.0419058520001272,1.0,1.0,1.0,64.0,64.0,0.0419058520001272,0.0419058520001272,1.0,1.0,1.0,64.0,64.0,0.0419058520001272,0.0419058520001272,0.4833333333333334
119,16,13725,dice_gradient_style,Custom DiCE-style gradient,11,124126152,131126152,,none_generator_only,512,no_disease_to_disease,near_boundary,0,1,0.04689982905983925,3.0117058753967285,1,1,1.0,1.0,0.1,0.1,1.0,0.0,0.05935065075755119,0.05555555555555558,0.0,0.5070441025578506,0.5070441025578506,0.0,0.0,0.9615384615384616,0.9615384615384616,65,1.0,9.541706085205078,9.541706085205078,1.0,1.0,0.1,0.0,1.0,0.12030602199956775,0.12030602199956775,,0.12030602199956775,512,4255.81356186675,1,1.0,1.0,1.0,512.0,512.0,0.12030602199956775,0.12030602199956775,0.0,,1.0,,512.0,,0.12030602199956775,0.0,,1.0,,512.0,,0.12030602199956775,0.0,,1.0,,512.0,,0.12030602199956775,0.05555555555555558
119,16,13725,wachter_style,Custom Wachter-style gradient,11,124126152,131126152,,none_generator_only,512,no_disease_to_disease,near_boundary,0,1,0.04689982905983925,3.0117058753967285,1,1,1.0,1.0,0.1,0.1,1.0,0.0,0.06013109162449837,0.05555555555555558,0.0,0.5119999448223598,0.5119999448223598,0.0,0.0,0.9615384615384616,0.9615384615384616,65,1.0,9.543113708496094,9.543113708496094,1.0,1.0,0.1,0.0,0.9964285714285714,0.10652537699934328,0.10652537699934328,,0.10652537699934328,512,4806.36646799341,1,1.0,1.0,1.0,512.0,512.0,0.10652537699934328,0.10652537699934328,0.0,,1.0,,512.0,,0.10652537699934328,0.0,,1.0,,512.0,,0.10652537699934328,0.0,,1.0,,512.0,,0.10652537699934328,0.05555555555555558
120,16,13728,uniform_random,Uniform constrained random,11,125126155,132126155,,none_generator_only,512,no_disease_to_disease,near_boundary,0,1,0.025013715028762817,3.662999153137207,10,10,1.0,1.0,1.0,1.0,1.0,1.0,0.10548975318670273,0.17777777777777776,0.1428462564945221,0.6511439649001155,0.6511439649001155,0.0,0.68,0.7575757575757576,0.7575757575757576,81,1.0,6.803491115570068,0.6694188117980957,0.95,0.8,0.8,0.0,0.9554980206716511,0.3696846370003186,0.3696846370003186,0.3696846370003186,0.03696846370003186,512,1384.9642337167468,8,1.0,1.0,1.0,64.0,64.0,0.044436579999455716,0.044436579999455716,1.0,1.0,1.0,64.0,64.0,0.044436579999455716,0.044436579999455716,1.0,1.0,1.0,64.0,64.0,0.044436579999455716,0.044436579999455716,1.0,1.0,1.0,64.0,64.0,0.044436579999455716,0.044436579999455716,0.17777777777777776
120,16,13728,genetic_cfe,Budget-matched genetic CFE,11,125126155,132126155,,none_generator_only,512,no_disease_to_disease,near_boundary,0,1,0.025013715028762817,3.662999153137207,10,10,1.0,1.0,1.0,1.0,1.0,1.0,0.08302086591720581,0.36111111111111116,0.09905222058296204,0.6077644026606956,0.6077644026606956,0.0,0.72,0.8484848484848485,0.8484848484848485,81,1.0,6.128393173217773,0.993131160736084,0.9875,0.9,0.9,0.0,0.9335103344722911,0.39815161299884494,0.39815161299884494,0.39815161299884494,0.039815161299884494,512,1285.942297567649,8,1.0,1.0,1.0,64.0,64.0,0.04341237399967213,0.04341237399967213,1.0,1.0,1.0,64.0,64.0,0.04341237399967213,0.04341237399967213,1.0,1.0,1.0,64.0,64.0,0.04341237399967213,0.04341237399967213,1.0,1.0,1.0,64.0,64.0,0.04341237399967213,0.04341237399967213,0.36111111111111116
120,16,13728,dice_gradient_style,Custom DiCE-style gradient,11,125126155,132126155,,none_generator_only,512,no_disease_to_disease,near_boundary,0,1,0.025013715028762817,3.662999153137207,1,1,1.0,1.0,0.1,0.1,1.0,0.0,0.06368719041347504,0.05555555555555558,0.0,0.5079366096633184,0.5079366096633184,0.0,0.0,0.7692307692307693,0.7692307692307693,65,1.0,9.567230224609375,9.567230224609375,1.0,1.0,0.1,0.0,1.0,0.11647680399983074,0.11647680399983074,,0.11647680399983074,512,4395.725006334686,1,1.0,1.0,1.0,512.0,512.0,0.11647680399983074,0.11647680399983074,0.0,,1.0,,512.0,,0.11647680399983074,0.0,,1.0,,512.0,,0.11647680399983074,0.0,,1.0,,512.0,,0.11647680399983074,0.05555555555555558
120,16,13728,wachter_style,Custom Wachter-style gradient,11,125126155,132126155,,none_generator_only,512,no_disease_to_disease,near_boundary,0,1,0.025013715028762817,3.662999153137207,1,1,1.0,1.0,0.1,0.1,1.0,0.0,0.06301730871200562,0.0,0.0,0.4979773281673107,0.4979773281673107,0.0,0.0,0.8846153846153846,0.8846153846153846,65,1.0,9.03183364868164,9.03183364868164,1.0,1.0,0.1,0.0,0.9857142857142858,0.10904112000025634,0.10904112000025634,,0.10904112000025634,512,4695.47634872786,1,1.0,1.0,1.0,512.0,512.0,0.10904112000025634,0.10904112000025634,0.0,,1.0,,512.0,,0.10904112000025634,0.0,,1.0,,512.0,,0.10904112000025634,0.0,,1.0,,512.0,,0.10904112000025634,0.0
121,16,13748,uniform_random,Uniform constrained random,11,126126158,133126158,,none_generator_only,512,no_disease_to_disease,near_boundary,0,1,0.03598436713218689,3.288022994995117,10,10,1.0,1.0,1.0,1.0,1.0,1.0,0.09908987581729889,0.21111111111111108,0.12341894209384918,0.5969179132735111,0.5969179132735111,0.0,0.54,0.8484848484848485,0.8484848484848485,81,1.0,6.505928993225098,0.4063754081726074,0.9625,0.9,0.9,0.0,0.9621443355237848,0.3647767969996494,0.3647767969996494,0.3647767969996494,0.03647767969996494,512,1403.598047384829,8,1.0,1.0,1.0,64.0,64.0,0.04158649199962383,0.04158649199962383,1.0,1.0,1.0,64.0,64.0,0.04158649199962383,0.04158649199962383,1.0,1.0,1.0,64.0,64.0,0.04158649199962383,0.04158649199962383,1.0,1.0,1.0,64.0,64.0,0.04158649199962383,0.04158649199962383,0.21111111111111108
121,16,13748,genetic_cfe,Budget-matched genetic CFE,11,126126158,133126158,,none_generator_only,512,no_disease_to_disease,near_boundary,0,1,0.03598436713218689,3.288022994995117,10,10,1.0,1.0,1.0,1.0,1.0,1.0,0.07238756120204926,0.5277777777777778,0.07961314916610718,0.5713336873257895,0.5713336873257895,0.0,0.6799999999999999,0.9696969696969697,0.9696969696969697,81,1.0,4.970758438110352,0.3527674674987793,0.9125,0.8,0.8,0.0,0.8907259387788816,0.4103895089992875,0.4103895089992875,0.4103895089992875,0.04103895089992875,512,1247.5952449381177,8,1.0,1.0,1.0,64.0,64.0,0.04441435599983379,0.04441435599983379,1.0,1.0,1.0,64.0,64.0,0.04441435599983379,0.04441435599983379,1.0,1.0,1.0,64.0,64.0,0.04441435599983379,0.04441435599983379,1.0,1.0,1.0,64.0,64.0,0.04441435599983379,0.04441435599983379,0.5277777777777778
121,16,13748,dice_gradient_style,Custom DiCE-style gradient,11,126126158,133126158,,none_generator_only,512,no_disease_to_disease,near_boundary,0,1,0.03598436713218689,3.288022994995117,1,1,1.0,1.0,0.1,0.1,1.0,0.0,0.05965443700551987,0.05555555555555558,0.0,0.5090038948787523,0.5090038948787523,0.0,0.0,0.9615384615384616,0.9615384615384616,65,1.0,9.493457794189453,9.493457794189453,1.0,1.0,0.1,0.0,1.0,0.11626225400141266,0.11626225400141266,,0.11626225400141266,512,4403.83686345681,1,1.0,1.0,1.0,512.0,512.0,0.11626225400141266,0.11626225400141266,0.0,,1.0,,512.0,,0.11626225400141266,0.0,,1.0,,512.0,,0.11626225400141266,0.0,,1.0,,512.0,,0.11626225400141266,0.05555555555555558
121,16,13748,wachter_style,Custom Wachter-style gradient,11,126126158,133126158,,none_generator_only,512,no_disease_to_disease,near_boundary,0,1,0.03598436713218689,3.288022994995117,1,1,1.0,1.0,0.1,0.1,1.0,0.0,0.06133763864636421,0.05555555555555558,0.0,0.5104657103299701,0.5104657103299701,0.0,0.0,1.0,1.0,65,1.0,9.50265121459961,9.50265121459961,1.0,1.0,0.1,0.0,0.9892857142857143,0.10389383700021426,0.10389383700021426,,0.10389383700021426,512,4928.107525751928,1,1.0,1.0,1.0,512.0,512.0,0.10389383700021426,0.10389383700021426,0.0,,1.0,,512.0,,0.10389383700021426,0.0,,1.0,,512.0,,0.10389383700021426,0.0,,1.0,,512.0,,0.10389383700021426,0.05555555555555558
122,16,14147,uniform_random,Uniform constrained random,11,127126161,134126161,,none_generator_only,512,no_disease_to_disease,near_boundary,0,1,0.08895216882228851,2.3264966011047363,10,10,1.0,1.0,1.0,1.0,1.0,1.0,0.08202407509088516,0.2111111111111111,0.0962236225605011,0.5815449198053125,0.5815449198053125,0.0,0.9,0.7272727272727273,0.7272727272727273,81,1.0,4.809179306030273,0.14261388778686523,0.875,0.7,0.7,0.0,0.9396115005142077,0.3757986359996721,0.3757986359996721,0.3757986359996721,0.03757986359996721,512,1362.4317678482653,8,1.0,1.0,1.0,64.0,64.0,0.05090835100054392,0.05090835100054392,1.0,1.0,1.0,64.0,64.0,0.05090835100054392,0.05090835100054392,1.0,1.0,1.0,64.0,64.0,0.05090835100054392,0.05090835100054392,1.0,1.0,1.0,64.0,64.0,0.05090835100054392,0.05090835100054392,0.2111111111111111
122,16,14147,genetic_cfe,Budget-matched genetic CFE,11,127126161,134126161,,none_generator_only,512,no_disease_to_disease,near_boundary,0,1,0.08895216882228851,2.3264966011047363,10,10,1.0,1.0,1.0,1.0,1.0,1.0,0.06427136063575745,0.43888888888888883,0.06328654289245605,0.5436294771145034,0.5436294771145034,0.3,0.9800000000000001,0.9090909090909091,0.9090909090909091,81,1.0,5.083582878112793,0.8790173530578613,0.9625,0.8,0.8,0.0,0.910574683040072,0.4269516650001606,0.4269516650001606,0.4269516650001606,0.042695166500016056,512,1199.19897724209,8,1.0,1.0,1.0,64.0,64.0,0.04434352799944463,0.04434352799944463,1.0,1.0,1.0,64.0,64.0,0.04434352799944463,0.04434352799944463,1.0,1.0,1.0,64.0,64.0,0.04434352799944463,0.04434352799944463,1.0,1.0,1.0,64.0,64.0,0.04434352799944463,0.04434352799944463,0.43888888888888883
122,16,14147,dice_gradient_style,Custom DiCE-style gradient,11,127126161,134126161,,none_generator_only,512,no_disease_to_disease,near_boundary,0,1,0.08895216882228851,2.3264966011047363,1,1,1.0,1.0,0.1,0.1,1.0,0.0,0.05032060667872429,0.2222222222222222,0.0,0.48924665937531947,0.48924665937531947,0.0,1.0,0.9230769230769231,0.9230769230769231,65,1.0,8.797906875610352,8.797906875610352,1.0,1.0,0.1,0.0,0.983273596176822,0.11912716000006185,0.11912716000006185,,0.11912716000006185,512,4297.928364948297,1,1.0,1.0,1.0,512.0,512.0,0.11912716000006185,0.11912716000006185,0.0,,1.0,,512.0,,0.11912716000006185,0.0,,1.0,,512.0,,0.11912716000006185,0.0,,1.0,,512.0,,0.11912716000006185,0.2222222222222222
122,16,14147,wachter_style,Custom Wachter-style gradient,11,127126161,134126161,,none_generator_only,512,no_disease_to_disease,near_boundary,0,1,0.08895216882228851,2.3264966011047363,1,1,1.0,1.0,0.1,0.1,1.0,0.0,0.05239797383546829,0.11111111111111116,0.0,0.4909744644629618,0.4909744644629618,0.0,1.0,0.9230769230769231,0.9230769230769231,65,1.0,8.807144165039062,8.807144165039062,1.0,1.0,0.1,0.0,0.9838465298142718,0.10891735500081268,0.10891735500081268,,0.10891735500081268,512,4700.81191373202,1,1.0,1.0,1.0,512.0,512.0,0.10891735500081268,0.10891735500081268,0.0,,1.0,,512.0,,0.10891735500081268,0.0,,1.0,,512.0,,0.10891735500081268,0.0,,1.0,,512.0,,0.10891735500081268,0.11111111111111116
123,20,15957,uniform_random,Uniform constrained random,11,128126164,135126164,,none_generator_only,512,no_disease_to_disease,near_boundary,0,1,0.3179970383644104,0.7629919648170471,10,10,1.0,1.0,1.0,1.0,1.0,1.0,0.08036577701568604,0.22222222222222218,0.12011563032865524,0.6506370763940048,0.6506370763940048,0.0,0.82,0.8484848484848485,0.8484848484848485,81,1.0,3.696186065673828,0.44123411178588867,0.9375,0.9,0.9,0.0,0.955210065265651,0.3691680610008916,0.3691680610008916,0.3691680610008916,0.03691680610008916,512,1386.9022109113698,8,1.0,1.0,1.0,64.0,64.0,0.04430130100081442,0.04430130100081442,1.0,1.0,1.0,64.0,64.0,0.04430130100081442,0.04430130100081442,1.0,1.0,1.0,64.0,64.0,0.04430130100081442,0.04430130100081442,1.0,1.0,1.0,64.0,64.0,0.04430130100081442,0.04430130100081442,0.22222222222222218
123,20,15957,genetic_cfe,Budget-matched genetic CFE,11,128126164,135126164,,none_generator_only,512,no_disease_to_disease,near_boundary,0,1,0.3179970383644104,0.7629919648170471,10,10,1.0,1.0,1.0,1.0,1.0,1.0,0.06901885569095612,0.4333333333333333,0.09692423790693283,0.7350230964932755,0.7350230964932755,0.0,0.9,0.7272727272727273,0.7272727272727273,81,1.0,5.863213062286377,0.7316412925720215,0.975,0.9,0.9,0.0,0.9241038395091852,0.49468416899981094,0.49468416899981094,0.49468416899981094,0.04946841689998109,512,1035.0038106842987,8,1.0,1.0,1.0,64.0,64.0,0.04267691899985948,0.04267691899985948,1.0,1.0,1.0,64.0,64.0,0.04267691899985948,0.04267691899985948,1.0,1.0,1.0,64.0,64.0,0.04267691899985948,0.04267691899985948,1.0,1.0,1.0,64.0,64.0,0.04267691899985948,0.04267691899985948,0.4333333333333333
123,20,15957,dice_gradient_style,Custom DiCE-style gradient,11,128126164,135126164,,none_generator_only,512,no_disease_to_disease,near_boundary,0,1,0.3179970383644104,0.7629919648170471,1,1,1.0,1.0,0.1,0.1,1.0,0.0,0.04226727411150932,0.16666666666666663,0.0,0.5634413051875334,0.5634413051875334,0.0,0.8,0.8846153846153846,0.8846153846153846,65,1.0,7.946277141571045,7.946277141571045,1.0,1.0,0.1,0.0,0.9649468475073314,0.10976800800017372,0.10976800800017372,,0.10976800800017372,512,4664.3827225068135,1,1.0,1.0,1.0,512.0,512.0,0.10976800800017372,0.10976800800017372,0.0,,1.0,,512.0,,0.10976800800017372,0.0,,1.0,,512.0,,0.10976800800017372,0.0,,1.0,,512.0,,0.10976800800017372,0.16666666666666663
123,20,15957,wachter_style,Custom Wachter-style gradient,11,128126164,135126164,,none_generator_only,512,no_disease_to_disease,near_boundary,0,1,0.3179970383644104,0.7629919648170471,1,1,1.0,1.0,0.1,0.1,1.0,0.0,0.04273366555571556,0.05555555555555558,0.0,0.5711479941138728,0.5711479941138728,0.0,0.8,0.8846153846153846,0.8846153846153846,65,1.0,7.57473611831665,7.57473611831665,1.0,1.0,0.1,0.0,0.984375,0.10578687799898034,0.10578687799898034,,0.10578687799898034,512,4839.9197488835525,1,1.0,1.0,1.0,512.0,512.0,0.10578687799898034,0.10578687799898034,0.0,,1.0,,512.0,,0.10578687799898034,0.0,,1.0,,512.0,,0.10578687799898034,0.0,,1.0,,512.0,,0.10578687799898034,0.05555555555555558
124,20,16017,uniform_random,Uniform constrained random,11,129126167,136126167,,none_generator_only,512,no_disease_to_disease,near_boundary,0,1,0.014811325818300247,4.197441101074219,10,10,1.0,1.0,1.0,1.0,1.0,1.0,0.09902992099523544,0.21666666666666665,0.14001330733299255,0.6800933891768881,0.6800933891768881,0.0,0.8400000000000001,0.7878787878787878,0.7878787878787878,81,1.0,2.350980281829834,0.7245535850524902,0.9875,0.9,0.9,0.0,0.9668277386609908,0.35603106300004583,0.35603106300004583,0.35603106300004583,0.035603106300004586,512,1438.07676691383,8,1.0,1.0,1.0,64.0,64.0,0.04213886999968963,0.04213886999968963,1.0,1.0,1.0,64.0,64.0,0.04213886999968963,0.04213886999968963,1.0,1.0,1.0,64.0,64.0,0.04213886999968963,0.04213886999968963,1.0,1.0,1.0,64.0,64.0,0.04213886999968963,0.04213886999968963,0.21666666666666665
124,20,16017,genetic_cfe,Budget-matched genetic CFE,11,129126167,136126167,,none_generator_only,512,no_disease_to_disease,near_boundary,0,1,0.014811325818300247,4.197441101074219,10,10,1.0,1.0,1.0,1.0,1.0,1.0,0.07701478898525238,0.3388888888888889,0.08833581954240799,0.6337718108535408,0.6337718108535408,0.0,0.96,0.7878787878787878,0.7878787878787878,81,1.0,5.978116512298584,2.229740619659424,1.0,1.0,1.0,1.0,0.9470217324945587,0.4073491510007443,0.4073491510007443,0.4073491510007443,0.04073491510007443,512,1256.9070016278602,8,1.0,1.0,1.0,64.0,64.0,0.04221092199986742,0.04221092199986742,1.0,1.0,1.0,64.0,64.0,0.04221092199986742,0.04221092199986742,1.0,1.0,1.0,64.0,64.0,0.04221092199986742,0.04221092199986742,1.0,1.0,1.0,64.0,64.0,0.04221092199986742,0.04221092199986742,0.3388888888888889
124,20,16017,dice_gradient_style,Custom DiCE-style gradient,11,129126167,136126167,,none_generator_only,512,no_disease_to_disease,near_boundary,0,1,0.014811325818300247,4.197441101074219,1,1,1.0,1.0,0.1,0.1,1.0,0.0,0.06352788209915161,0.05555555555555558,0.0,0.5896598982653862,0.5896598982653862,0.0,1.0,0.9615384615384616,0.9615384615384616,65,1.0,8.573211669921875,8.573211669921875,1.0,1.0,0.1,0.0,0.9785714285714286,0.1287604140015901,0.1287604140015901,,0.1287604140015901,512,3976.37739805401,1,1.0,1.0,1.0,512.0,512.0,0.1287604140015901,0.1287604140015901,0.0,,1.0,,512.0,,0.1287604140015901,0.0,,1.0,,512.0,,0.1287604140015901,0.0,,1.0,,512.0,,0.1287604140015901,0.05555555555555558
124,20,16017,wachter_style,Custom Wachter-style gradient,11,129126167,136126167,,none_generator_only,512,no_disease_to_disease,near_boundary,0,1,0.014811325818300247,4.197441101074219,1,1,1.0,1.0,0.1,0.1,1.0,0.0,0.06456159055233002,0.05555555555555558,0.0,0.5926708649107899,0.5926708649107899,0.0,1.0,0.9615384615384616,0.9615384615384616,65,1.0,8.591257095336914,8.591257095336914,1.0,1.0,0.1,0.0,0.9785714285714286,0.10105927000040538,0.10105927000040538,,0.10105927000040538,512,5066.333845454714,1,1.0,1.0,1.0,512.0,512.0,0.10105927000040538,0.10105927000040538,0.0,,1.0,,512.0,,0.10105927000040538,0.0,,1.0,,512.0,,0.10105927000040538,0.0,,1.0,,512.0,,0.10105927000040538,0.05555555555555558
125,20,16166,uniform_random,Uniform constrained random,11,130126170,137126170,,none_generator_only,512,no_disease_to_disease,near_boundary,0,1,0.09874720871448517,2.2112226486206055,10,10,1.0,1.0,1.0,1.0,1.0,1.0,0.09265976399183273,0.2444444444444444,0.1273418813943863,0.7276902628701838,0.7276902628701838,0.0,1.0,0.7272727272727273,0.7272727272727273,81,1.0,3.252293109893799,0.7571444511413574,0.9875,0.9,0.9,0.0,0.9530139701992864,0.36136826900110464,0.36136826900110464,0.36136826900110464,0.03613682690011046,512,1416.837182233161,8,1.0,1.0,1.0,64.0,64.0,0.044243180000194116,0.044243180000194116,1.0,1.0,1.0,64.0,64.0,0.044243180000194116,0.044243180000194116,1.0,1.0,1.0,64.0,64.0,0.044243180000194116,0.044243180000194116,1.0,1.0,1.0,64.0,64.0,0.044243180000194116,0.044243180000194116,0.2444444444444444
125,20,16166,genetic_cfe,Budget-matched genetic CFE,11,130126170,137126170,,none_generator_only,512,no_disease_to_disease,near_boundary,0,1,0.09874720871448517,2.2112226486206055,10,10,1.0,1.0,1.0,1.0,1.0,1.0,0.06656112521886826,0.3944444444444445,0.0831272155046463,0.686978216881313,0.686978216881313,0.0,1.0,0.7878787878787878,0.7878787878787878,81,1.0,6.3417277336120605,1.8653178215026855,1.0,1.0,1.0,1.0,0.9140913271249623,0.4086407960003271,0.4086407960003271,0.4086407960003271,0.04086407960003271,512,1252.934129463643,8,1.0,1.0,1.0,64.0,64.0,0.042046112999742036,0.042046112999742036,1.0,1.0,1.0,64.0,64.0,0.042046112999742036,0.042046112999742036,1.0,1.0,1.0,64.0,64.0,0.042046112999742036,0.042046112999742036,1.0,1.0,1.0,64.0,64.0,0.042046112999742036,0.042046112999742036,0.3944444444444445
125,20,16166,dice_gradient_style,Custom DiCE-style gradient,11,130126170,137126170,,none_generator_only,512,no_disease_to_disease,near_boundary,0,1,0.09874720871448517,2.2112226486206055,1,1,1.0,1.0,0.1,0.1,1.0,0.0,0.050558097660541534,0.16666666666666663,0.0,0.5778163355865187,0.5778163355865187,0.0,1.0,0.9615384615384616,0.9615384615384616,65,1.0,9.19989013671875,9.19989013671875,1.0,1.0,0.1,0.0,0.9800907258064516,0.1128170259999024,0.1128170259999024,,0.1128170259999024,512,4538.322079155348,1,1.0,1.0,1.0,512.0,512.0,0.1128170259999024,0.1128170259999024,0.0,,1.0,,512.0,,0.1128170259999024,0.0,,1.0,,512.0,,0.1128170259999024,0.0,,1.0,,512.0,,0.1128170259999024,0.16666666666666663
125,20,16166,wachter_style,Custom Wachter-style gradient,11,130126170,137126170,,none_generator_only,512,no_disease_to_disease,near_boundary,0,1,0.09874720871448517,2.2112226486206055,1,1,1.0,1.0,0.1,0.1,1.0,0.0,0.05230369418859482,0.05555555555555558,0.0,0.5863049838240281,0.5863049838240281,0.0,1.0,0.9615384615384616,0.9615384615384616,65,1.0,9.21359634399414,9.21359634399414,1.0,1.0,0.1,0.0,0.9850446428571429,0.12325029100065876,0.12325029100065876,,0.12325029100065876,512,4154.148406816041,1,1.0,1.0,1.0,512.0,512.0,0.12325029100065876,0.12325029100065876,0.0,,1.0,,512.0,,0.12325029100065876,0.0,,1.0,,512.0,,0.12325029100065876,0.0,,1.0,,512.0,,0.12325029100065876,0.05555555555555558
126,26,16250,uniform_random,Uniform constrained random,11,131126173,138126173,,none_generator_only,512,no_disease_to_disease,near_boundary,0,1,0.1568446010351181,1.6818957328796387,10,10,1.0,1.0,1.0,1.0,1.0,1.0,0.0831342488527298,0.22222222222222224,0.11377716809511185,0.7228991232779267,0.7228991232779267,0.0,0.8400000000000001,0.9090909090909091,0.9090909090909091,81,1.0,4.358248233795166,0.5870251655578613,0.975,0.8,0.8,0.0,0.9563809231377014,0.36186292299862544,0.36186292299862544,0.36186292299862544,0.036186292299862546,512,1414.9004152103885,8,1.0,1.0,1.0,64.0,64.0,0.043098936999740545,0.043098936999740545,1.0,1.0,1.0,64.0,64.0,0.043098936999740545,0.043098936999740545,1.0,1.0,1.0,64.0,64.0,0.043098936999740545,0.043098936999740545,1.0,1.0,1.0,64.0,64.0,0.043098936999740545,0.043098936999740545,0.22222222222222224
126,26,16250,genetic_cfe,Budget-matched genetic CFE,11,131126173,138126173,,none_generator_only,512,no_disease_to_disease,near_boundary,0,1,0.1568446010351181,1.6818957328796387,10,10,1.0,1.0,1.0,1.0,1.0,1.0,0.0637626200914383,0.42222222222222217,0.06325092166662216,0.6807768492091497,0.6807768492091497,0.0,0.9800000000000001,0.8484848484848485,0.8484848484848485,81,1.0,4.859341621398926,1.6863188743591309,1.0,1.0,1.0,1.0,0.9227408811101604,0.41881909599942446,0.41881909599942446,0.41881909599942446,0.041881909599942445,512,1222.4848505969355,8,1.0,1.0,1.0,64.0,64.0,0.0424018249996152,0.0424018249996152,1.0,1.0,1.0,64.0,64.0,0.0424018249996152,0.0424018249996152,1.0,1.0,1.0,64.0,64.0,0.0424018249996152,0.0424018249996152,1.0,1.0,1.0,64.0,64.0,0.0424018249996152,0.0424018249996152,0.42222222222222217
126,26,16250,dice_gradient_style,Custom DiCE-style gradient,11,131126173,138126173,,none_generator_only,512,no_disease_to_disease,near_boundary,0,1,0.1568446010351181,1.6818957328796387,1,1,1.0,1.0,0.1,0.1,1.0,0.0,0.05428338050842285,0.0,0.0,0.6925279262044005,0.6925279262044005,0.0,1.0,0.9230769230769231,0.9230769230769231,65,1.0,9.775165557861328,9.775165557861328,1.0,1.0,0.1,0.0,0.9964285714285714,0.11652564100040763,0.11652564100040763,,0.11652564100040763,512,4393.882716321714,1,1.0,1.0,1.0,512.0,512.0,0.11652564100040763,0.11652564100040763,0.0,,1.0,,512.0,,0.11652564100040763,0.0,,1.0,,512.0,,0.11652564100040763,0.0,,1.0,,512.0,,0.11652564100040763,0.0
126,26,16250,wachter_style,Custom Wachter-style gradient,11,131126173,138126173,,none_generator_only,512,no_disease_to_disease,near_boundary,0,1,0.1568446010351181,1.6818957328796387,1,1,1.0,1.0,0.1,0.1,1.0,0.0,0.05448911339044571,0.0,0.0,0.693781899433951,0.693781899433951,0.0,1.0,0.9230769230769231,0.9230769230769231,65,1.0,9.786531448364258,9.786531448364258,1.0,1.0,0.1,0.0,0.9964285714285714,0.10421975099961855,0.10421975099961855,,0.10421975099961855,512,4912.696442748879,1,1.0,1.0,1.0,512.0,512.0,0.10421975099961855,0.10421975099961855,0.0,,1.0,,512.0,,0.10421975099961855,0.0,,1.0,,512.0,,0.10421975099961855,0.0,,1.0,,512.0,,0.10421975099961855,0.0
127,26,16376,uniform_random,Uniform constrained random,11,132126176,139126176,,none_generator_only,512,no_disease_to_disease,near_boundary,0,1,0.04358314350247383,3.0885233879089355,10,10,1.0,1.0,1.0,1.0,1.0,1.0,0.0887683629989624,0.22222222222222224,0.10786659270524979,0.606716798108718,0.606716798108718,0.0,0.48,0.7272727272727273,0.7272727272727273,81,1.0,4.427696228027344,0.18376445770263672,0.8625,0.6,0.6,0.0,0.962235251872453,0.3596122300004936,0.3596122300004936,0.3596122300004936,0.03596122300004936,512,1423.7558049660804,8,1.0,1.0,1.0,64.0,64.0,0.044623739000599016,0.044623739000599016,1.0,1.0,1.0,64.0,64.0,0.044623739000599016,0.044623739000599016,1.0,1.0,1.0,64.0,64.0,0.044623739000599016,0.044623739000599016,1.0,1.0,1.0,64.0,64.0,0.044623739000599016,0.044623739000599016,0.22222222222222224
127,26,16376,genetic_cfe,Budget-matched genetic CFE,11,132126176,139126176,,none_generator_only,512,no_disease_to_disease,near_boundary,0,1,0.04358314350247383,3.0885233879089355,10,10,1.0,1.0,1.0,1.0,1.0,1.0,0.08084946870803833,0.41666666666666663,0.10519271343946457,0.6159029412995571,0.6159029412995571,0.0,0.8600000000000001,0.8787878787878788,0.8787878787878788,81,1.0,8.318939208984375,0.8177962303161621,1.0,1.0,1.0,1.0,0.9202767424223373,0.4053678319996834,0.4053678319996834,0.4053678319996834,0.04053678319996834,512,1263.0503941921072,8,1.0,1.0,1.0,64.0,64.0,0.04396885599999223,0.04396885599999223,1.0,1.0,1.0,64.0,64.0,0.04396885599999223,0.04396885599999223,1.0,1.0,1.0,64.0,64.0,0.04396885599999223,0.04396885599999223,1.0,1.0,1.0,64.0,64.0,0.04396885599999223,0.04396885599999223,0.41666666666666663
127,26,16376,dice_gradient_style,Custom DiCE-style gradient,11,132126176,139126176,,none_generator_only,512,no_disease_to_disease,near_boundary,0,1,0.04358314350247383,3.0885233879089355,1,1,1.0,1.0,0.1,0.1,1.0,0.0,0.06551376730203629,0.0,0.0,0.49002820818397397,0.49002820818397397,0.0,0.0,0.9230769230769231,0.9230769230769231,65,1.0,7.41821813583374,7.41821813583374,1.0,1.0,0.1,0.0,1.0,0.11525332800010801,0.11525332800010801,,0.11525332800010801,512,4442.387989000371,1,1.0,1.0,1.0,512.0,512.0,0.11525332800010801,0.11525332800010801,0.0,,1.0,,512.0,,0.11525332800010801,0.0,,1.0,,512.0,,0.11525332800010801,0.0,,1.0,,512.0,,0.11525332800010801,0.0
127,26,16376,wachter_style,Custom Wachter-style gradient,11,132126176,139126176,,none_generator_only,512,no_disease_to_disease,near_boundary,0,1,0.04358314350247383,3.0885233879089355,1,1,1.0,1.0,0.1,0.1,1.0,0.0,0.06581824272871017,0.0,0.0,0.49055961168706114,0.49055961168706114,0.0,0.0,0.9230769230769231,0.9230769230769231,65,1.0,7.450525760650635,7.450525760650635,1.0,1.0,0.1,0.0,1.0,0.10739459300020826,0.10739459300020826,,0.10739459300020826,512,4767.46534156526,1,1.0,1.0,1.0,512.0,512.0,0.10739459300020826,0.10739459300020826,0.0,,1.0,,512.0,,0.10739459300020826,0.0,,1.0,,512.0,,0.10739459300020826,0.0,,1.0,,512.0,,0.10739459300020826,0.0
128,26,16381,uniform_random,Uniform constrained random,11,133126179,140126179,,none_generator_only,512,no_disease_to_disease,near_boundary,0,1,0.05020563304424286,2.9401183128356934,10,10,1.0,1.0,1.0,1.0,1.0,1.0,0.09973113238811493,0.2,0.1302553117275238,0.6554518422719482,0.6554518422719482,0.0,0.5,0.8484848484848485,0.8484848484848485,81,1.0,3.809569835662842,0.5969452857971191,0.9125,0.7,0.7,0.0,0.9683980160782859,0.38938409200090973,0.38938409200090973,0.38938409200090973,0.03893840920009097,512,1314.8970656942088,8,1.0,1.0,1.0,64.0,64.0,0.042467438001040136,0.042467438001040136,1.0,1.0,1.0,64.0,64.0,0.042467438001040136,0.042467438001040136,1.0,1.0,1.0,64.0,64.0,0.042467438001040136,0.042467438001040136,1.0,1.0,1.0,64.0,64.0,0.042467438001040136,0.042467438001040136,0.2
128,26,16381,genetic_cfe,Budget-matched genetic CFE,11,133126179,140126179,,none_generator_only,512,no_disease_to_disease,near_boundary,0,1,0.05020563304424286,2.9401183128356934,10,10,1.0,1.0,1.0,1.0,1.0,1.0,0.08143887668848038,0.40555555555555556,0.08999884128570557,0.6423861347027235,0.6423861347027235,0.0,0.5399999999999999,0.7575757575757576,0.7575757575757576,81,1.0,9.368268013000488,1.637061595916748,1.0,1.0,1.0,1.0,0.9423763191423375,0.3973909090000234,0.3973909090000234,0.3973909090000234,0.03973909090000234,512,1288.403907599129,8,1.0,1.0,1.0,64.0,64.0,0.04351240399955714,0.04351240399955714,1.0,1.0,1.0,64.0,64.0,0.04351240399955714,0.04351240399955714,1.0,1.0,1.0,64.0,64.0,0.04351240399955714,0.04351240399955714,1.0,1.0,1.0,64.0,64.0,0.04351240399955714,0.04351240399955714,0.40555555555555556
128,26,16381,dice_gradient_style,Custom DiCE-style gradient,11,133126179,140126179,,none_generator_only,512,no_disease_to_disease,near_boundary,0,1,0.05020563304424286,2.9401183128356934,1,1,1.0,1.0,0.1,0.1,1.0,0.0,0.0632631704211235,0.0,0.0,0.47215899103565234,0.47215899103565234,0.0,0.2,0.8461538461538461,0.8461538461538461,65,1.0,8.267946243286133,8.267946243286133,1.0,1.0,0.1,0.0,1.0,0.1064936349994241,0.1064936349994241,,0.1064936349994241,512,4807.7990764684555,1,1.0,1.0,1.0,512.0,512.0,0.1064936349994241,0.1064936349994241,0.0,,1.0,,512.0,,0.1064936349994241,0.0,,1.0,,512.0,,0.1064936349994241,0.0,,1.0,,512.0,,0.1064936349994241,0.0
128,26,16381,wachter_style,Custom Wachter-style gradient,11,133126179,140126179,,none_generator_only,512,no_disease_to_disease,near_boundary,0,1,0.05020563304424286,2.9401183128356934,1,1,1.0,1.0,0.1,0.1,1.0,0.0,0.06324105709791183,0.0,0.0,0.47231648539035653,0.47231648539035653,0.0,0.2,0.8461538461538461,0.8461538461538461,65,1.0,8.229034423828125,8.229034423828125,1.0,1.0,0.1,0.0,1.0,0.10760064100031741,0.10760064100031741,,0.10760064100031741,512,4758.335965661112,1,1.0,1.0,1.0,512.0,512.0,0.10760064100031741,0.10760064100031741,0.0,,1.0,,512.0,,0.10760064100031741,0.0,,1.0,,512.0,,0.10760064100031741,0.0,,1.0,,512.0,,0.10760064100031741,0.0
129,26,16447,uniform_random,Uniform constrained random,11,134126182,141126182,,none_generator_only,512,no_disease_to_disease,near_boundary,0,1,0.031948886811733246,3.4111475944519043,10,10,1.0,1.0,1.0,1.0,1.0,1.0,0.08613865077495575,0.22777777777777777,0.10729295015335083,0.5809103292978384,0.5809103292978384,0.0,0.44000000000000006,0.9696969696969697,0.9696969696969697,81,1.0,2.852280378341675,0.13034915924072266,0.9,0.8,0.8,0.0,0.9672255675256233,0.36148323400084337,0.36148323400084337,0.36148323400084337,0.03614832340008434,512,1416.3865757569422,8,1.0,1.0,1.0,64.0,64.0,0.042005194000012125,0.042005194000012125,1.0,1.0,1.0,64.0,64.0,0.042005194000012125,0.042005194000012125,1.0,1.0,1.0,64.0,64.0,0.042005194000012125,0.042005194000012125,1.0,1.0,1.0,64.0,64.0,0.042005194000012125,0.042005194000012125,0.22777777777777777
129,26,16447,genetic_cfe,Budget-matched genetic CFE,11,134126182,141126182,,none_generator_only,512,no_disease_to_disease,near_boundary,0,1,0.031948886811733246,3.4111475944519043,10,10,1.0,1.0,1.0,1.0,1.0,1.0,0.06964002549648285,0.45555555555555555,0.0746672973036766,0.5757808002203099,0.5757808002203099,0.0,0.42000000000000004,0.9090909090909091,0.9090909090909091,81,1.0,7.037069797515869,0.5062994956970215,0.975,0.9,0.9,0.0,0.9148083771682171,0.3963970219992916,0.3963970219992916,0.3963970219992916,0.03963970219992916,512,1291.6343251461535,8,1.0,1.0,1.0,64.0,64.0,0.042069286999321776,0.042069286999321776,1.0,1.0,1.0,64.0,64.0,0.042069286999321776,0.042069286999321776,1.0,1.0,1.0,64.0,64.0,0.042069286999321776,0.042069286999321776,1.0,1.0,1.0,64.0,64.0,0.042069286999321776,0.042069286999321776,0.45555555555555555
129,26,16447,dice_gradient_style,Custom DiCE-style gradient,11,134126182,141126182,,none_generator_only,512,no_disease_to_disease,near_boundary,0,1,0.031948886811733246,3.4111475944519043,1,1,1.0,1.0,0.1,0.1,1.0,0.0,0.06549055129289627,0.05555555555555558,0.0,0.4995055490644087,0.4995055490644087,0.0,0.4,0.9230769230769231,0.9230769230769231,65,1.0,9.22671890258789,9.22671890258789,1.0,1.0,0.1,0.0,1.0,0.10735096800090105,0.10735096800090105,,0.10735096800090105,512,4769.402731382008,1,1.0,1.0,1.0,512.0,512.0,0.10735096800090105,0.10735096800090105,0.0,,1.0,,512.0,,0.10735096800090105,0.0,,1.0,,512.0,,0.10735096800090105,0.0,,1.0,,512.0,,0.10735096800090105,0.05555555555555558
129,26,16447,wachter_style,Custom Wachter-style gradient,11,134126182,141126182,,none_generator_only,512,no_disease_to_disease,near_boundary,0,1,0.031948886811733246,3.4111475944519043,1,1,1.0,1.0,0.1,0.1,1.0,0.0,0.06574009358882904,0.05555555555555558,0.0,0.500212615656911,0.500212615656911,0.0,0.4,0.9230769230769231,0.9230769230769231,65,1.0,9.235591888427734,9.235591888427734,1.0,1.0,0.1,0.0,1.0,0.11099251700034074,0.11099251700034074,,0.11099251700034074,512,4612.92359014102,1,1.0,1.0,1.0,512.0,512.0,0.11099251700034074,0.11099251700034074,0.0,,1.0,,512.0,,0.11099251700034074,0.0,,1.0,,512.0,,0.11099251700034074,0.0,,1.0,,512.0,,0.11099251700034074,0.05555555555555558
130,26,16451,uniform_random,Uniform constrained random,11,135126185,142126185,,none_generator_only,512,no_disease_to_disease,near_boundary,0,1,0.06827300786972046,2.613525390625,10,10,1.0,1.0,1.0,1.0,1.0,1.0,0.08950725942850113,0.2111111111111111,0.12588219344615936,0.6210214641115892,0.6210214641115892,0.0,0.76,0.9090909090909091,0.9090909090909091,81,1.0,5.561199188232422,0.10325098037719727,0.9125,0.7,0.7,0.0,0.9443606036355708,0.3701977149994491,0.3701977149994491,0.3701977149994491,0.03701977149994491,512,1383.0447332738452,8,1.0,1.0,1.0,64.0,64.0,0.043250159000308486,0.043250159000308486,1.0,1.0,1.0,64.0,64.0,0.043250159000308486,0.043250159000308486,1.0,1.0,1.0,64.0,64.0,0.043250159000308486,0.043250159000308486,1.0,1.0,1.0,64.0,64.0,0.043250159000308486,0.043250159000308486,0.2111111111111111
130,26,16451,genetic_cfe,Budget-matched genetic CFE,11,135126185,142126185,,none_generator_only,512,no_disease_to_disease,near_boundary,0,1,0.06827300786972046,2.613525390625,10,10,1.0,1.0,1.0,1.0,1.0,1.0,0.07500795274972916,0.4333333333333333,0.0989222526550293,0.5854716877080167,0.5854716877080167,0.0,0.74,0.8787878787878788,0.8787878787878788,81,1.0,4.895954608917236,0.5581412315368652,0.925,0.7,0.7,0.0,0.9061968394348258,0.4114770039996074,0.4114770039996074,0.4114770039996074,0.04114770039996074,512,1244.2979681082943,8,1.0,1.0,1.0,64.0,64.0,0.042683666999437264,0.042683666999437264,1.0,1.0,1.0,64.0,64.0,0.042683666999437264,0.042683666999437264,1.0,1.0,1.0,64.0,64.0,0.042683666999437264,0.042683666999437264,1.0,1.0,1.0,64.0,64.0,0.042683666999437264,0.042683666999437264,0.4333333333333333
130,26,16451,dice_gradient_style,Custom DiCE-style gradient,11,135126185,142126185,,none_generator_only,512,no_disease_to_disease,near_boundary,0,1,0.06827300786972046,2.613525390625,1,1,1.0,1.0,0.1,0.1,1.0,0.0,0.05266987532377243,0.05555555555555558,0.0,0.46219496477031,0.46219496477031,0.0,1.0,0.7692307692307693,0.7692307692307693,65,1.0,9.776542663574219,9.776542663574219,1.0,1.0,0.1,0.0,1.0,0.116751662999377,0.116751662999377,,0.116751662999377,512,4385.376506394878,1,1.0,1.0,1.0,512.0,512.0,0.116751662999377,0.116751662999377,0.0,,1.0,,512.0,,0.116751662999377,0.0,,1.0,,512.0,,0.116751662999377,0.0,,1.0,,512.0,,0.116751662999377,0.05555555555555558
130,26,16451,wachter_style,Custom Wachter-style gradient,11,135126185,142126185,,none_generator_only,512,no_disease_to_disease,near_boundary,0,1,0.06827300786972046,2.613525390625,1,1,1.0,1.0,0.1,0.1,1.0,0.0,0.05349387601017952,0.05555555555555558,0.0,0.46791227320742435,0.46791227320742435,0.0,1.0,0.7692307692307693,0.7692307692307693,65,1.0,9.895103454589844,9.895103454589844,1.0,1.0,0.1,0.0,1.0,0.10236335399895324,0.10236335399895324,,0.10236335399895324,512,5001.789996107745,1,1.0,1.0,1.0,512.0,512.0,0.10236335399895324,0.10236335399895324,0.0,,1.0,,512.0,,0.10236335399895324,0.0,,1.0,,512.0,,0.10236335399895324,0.0,,1.0,,512.0,,0.10236335399895324,0.05555555555555558
131,26,16467,uniform_random,Uniform constrained random,11,136126188,143126188,,none_generator_only,512,no_disease_to_disease,near_boundary,0,1,0.3183457553386688,0.7613844871520996,10,10,1.0,1.0,1.0,1.0,1.0,1.0,0.07731860876083374,0.2833333333333333,0.11185174435377121,0.6266925648928251,0.6266925648928251,0.0,0.8200000000000001,0.8181818181818182,0.8181818181818182,81,1.0,6.506020545959473,0.16620588302612305,0.95,0.8,0.8,0.0,0.9383796185235344,0.36507308799991733,0.36507308799991733,0.36507308799991733,0.036507308799991735,512,1402.4588961214142,8,1.0,1.0,1.0,64.0,64.0,0.04370538699913595,0.04370538699913595,1.0,1.0,1.0,64.0,64.0,0.04370538699913595,0.04370538699913595,1.0,1.0,1.0,64.0,64.0,0.04370538699913595,0.04370538699913595,1.0,1.0,1.0,64.0,64.0,0.04370538699913595,0.04370538699913595,0.2833333333333333
131,26,16467,genetic_cfe,Budget-matched genetic CFE,11,136126188,143126188,,none_generator_only,512,no_disease_to_disease,near_boundary,0,1,0.3183457553386688,0.7613844871520996,10,10,1.0,1.0,1.0,1.0,1.0,1.0,0.06032846122980118,0.45,0.07489971816539764,0.6250079276099663,0.6250079276099663,0.0,0.8800000000000001,0.8181818181818182,0.8181818181818182,81,1.0,7.223996639251709,4.489333629608154,1.0,1.0,1.0,1.0,0.8959871450801083,0.41244056400137197,0.41244056400137197,0.41244056400137197,0.041244056400137195,512,1241.390989850108,8,1.0,1.0,1.0,64.0,64.0,0.04415830500147422,0.04415830500147422,1.0,1.0,1.0,64.0,64.0,0.04415830500147422,0.04415830500147422,1.0,1.0,1.0,64.0,64.0,0.04415830500147422,0.04415830500147422,1.0,1.0,1.0,64.0,64.0,0.04415830500147422,0.04415830500147422,0.45
131,26,16467,dice_gradient_style,Custom DiCE-style gradient,11,136126188,143126188,,none_generator_only,512,no_disease_to_disease,near_boundary,0,1,0.3183457553386688,0.7613844871520996,1,1,1.0,1.0,0.1,0.1,1.0,0.0,0.04498734325170517,0.05555555555555558,0.0,0.5306910839682931,0.5306910839682931,0.0,1.0,0.9230769230769231,0.9230769230769231,65,1.0,9.67929458618164,9.67929458618164,1.0,1.0,0.1,0.0,0.9964285714285714,0.10901702599949203,0.10901702599949203,,0.10901702599949203,512,4696.514102323666,1,1.0,1.0,1.0,512.0,512.0,0.10901702599949203,0.10901702599949203,0.0,,1.0,,512.0,,0.10901702599949203,0.0,,1.0,,512.0,,0.10901702599949203,0.0,,1.0,,512.0,,0.10901702599949203,0.05555555555555558
131,26,16467,wachter_style,Custom Wachter-style gradient,11,136126188,143126188,,none_generator_only,512,no_disease_to_disease,near_boundary,0,1,0.3183457553386688,0.7613844871520996,1,1,1.0,1.0,0.1,0.1,1.0,0.0,0.04571262747049332,0.05555555555555558,0.0,0.5316334804573951,0.5316334804573951,0.0,1.0,0.9230769230769231,0.9230769230769231,65,1.0,9.725263595581055,9.725263595581055,1.0,1.0,0.1,0.0,0.9964285714285714,0.10478359999979148,0.10478359999979148,,0.10478359999979148,512,4886.260827085716,1,1.0,1.0,1.0,512.0,512.0,0.10478359999979148,0.10478359999979148,0.0,,1.0,,512.0,,0.10478359999979148,0.0,,1.0,,512.0,,0.10478359999979148,0.0,,1.0,,512.0,,0.10478359999979148,0.05555555555555558
132,26,16486,uniform_random,Uniform constrained random,11,137126191,144126191,,none_generator_only,512,no_disease_to_disease,near_boundary,0,1,0.10526643693447113,2.140031337738037,10,10,1.0,1.0,1.0,1.0,1.0,1.0,0.069430872797966,0.23888888888888885,0.09452182054519653,0.576266762161174,0.576266762161174,0.0,0.8,0.7575757575757576,0.7575757575757576,81,1.0,5.574872970581055,0.6453661918640137,0.9375,0.9,0.9,0.0,0.9578198980997648,0.36594439599866746,0.36594439599866746,0.36594439599866746,0.036594439599866746,512,1399.119662982527,8,1.0,1.0,1.0,64.0,64.0,0.04289189799965243,0.04289189799965243,1.0,1.0,1.0,64.0,64.0,0.04289189799965243,0.04289189799965243,1.0,1.0,1.0,64.0,64.0,0.04289189799965243,0.04289189799965243,1.0,1.0,1.0,64.0,64.0,0.04289189799965243,0.04289189799965243,0.23888888888888885
132,26,16486,genetic_cfe,Budget-matched genetic CFE,11,137126191,144126191,,none_generator_only,512,no_disease_to_disease,near_boundary,0,1,0.10526643693447113,2.140031337738037,10,10,1.0,1.0,1.0,1.0,1.0,1.0,0.06232117861509323,0.46111111111111114,0.07598160952329636,0.6008789538712962,0.6008789538712962,0.0,0.8400000000000001,0.6060606060606061,0.6060606060606061,81,1.0,3.169431686401367,0.30613183975219727,0.8875,0.8,0.8,0.0,0.9104153602880718,0.40486479200080794,0.40486479200080794,0.40486479200080794,0.04048647920008079,512,1264.6197202521337,8,1.0,1.0,1.0,64.0,64.0,0.04216794199965079,0.04216794199965079,1.0,1.0,1.0,64.0,64.0,0.04216794199965079,0.04216794199965079,1.0,1.0,1.0,64.0,64.0,0.04216794199965079,0.04216794199965079,1.0,1.0,1.0,64.0,64.0,0.04216794199965079,0.04216794199965079,0.46111111111111114
132,26,16486,dice_gradient_style,Custom DiCE-style gradient,11,137126191,144126191,,none_generator_only,512,no_disease_to_disease,near_boundary,0,1,0.10526643693447113,2.140031337738037,1,1,1.0,1.0,0.1,0.1,1.0,0.0,0.05220688134431839,0.0,0.0,0.5502490871404807,0.5502490871404807,0.0,1.0,0.9230769230769231,0.9230769230769231,65,1.0,9.722345352172852,9.722345352172852,1.0,1.0,0.1,0.0,0.9750000000000001,0.12042077500154846,0.12042077500154846,,0.12042077500154846,512,4251.758054151506,1,1.0,1.0,1.0,512.0,512.0,0.12042077500154846,0.12042077500154846,0.0,,1.0,,512.0,,0.12042077500154846,0.0,,1.0,,512.0,,0.12042077500154846,0.0,,1.0,,512.0,,0.12042077500154846,0.0
132,26,16486,wachter_style,Custom Wachter-style gradient,11,137126191,144126191,,none_generator_only,512,no_disease_to_disease,near_boundary,0,1,0.10526643693447113,2.140031337738037,1,1,1.0,1.0,0.1,0.1,1.0,0.0,0.052575934678316116,0.0,0.0,0.5512277997741986,0.5512277997741986,0.0,1.0,0.9230769230769231,0.9230769230769231,65,1.0,9.738996505737305,9.738996505737305,1.0,1.0,0.1,0.0,0.9821428571428572,0.10882366700025159,0.10882366700025159,,0.10882366700025159,512,4704.858916386417,1,1.0,1.0,1.0,512.0,512.0,0.10882366700025159,0.10882366700025159,0.0,,1.0,,512.0,,0.10882366700025159,0.0,,1.0,,512.0,,0.10882366700025159,0.0,,1.0,,512.0,,0.10882366700025159,0.0
133,26,16534,uniform_random,Uniform constrained random,11,138126194,145126194,,none_generator_only,512,no_disease_to_disease,near_boundary,0,1,0.07446794211864471,2.5199999809265137,10,10,1.0,1.0,1.0,1.0,1.0,1.0,0.08377643674612045,0.21666666666666665,0.11914476007223129,0.664956164363173,0.664956164363173,0.0,0.9400000000000001,0.696969696969697,0.696969696969697,81,1.0,3.239107847213745,0.19715547561645508,0.9,0.7,0.7,0.0,0.9618667047918301,0.3631689350004308,0.3631689350004308,0.3631689350004308,0.03631689350004308,512,1409.812213149213,8,1.0,1.0,1.0,64.0,64.0,0.04324533100043482,0.04324533100043482,1.0,1.0,1.0,64.0,64.0,0.04324533100043482,0.04324533100043482,1.0,1.0,1.0,64.0,64.0,0.04324533100043482,0.04324533100043482,1.0,1.0,1.0,64.0,64.0,0.04324533100043482,0.04324533100043482,0.21666666666666665
133,26,16534,genetic_cfe,Budget-matched genetic CFE,11,138126194,145126194,,none_generator_only,512,no_disease_to_disease,near_boundary,0,1,0.07446794211864471,2.5199999809265137,10,10,1.0,1.0,1.0,1.0,1.0,1.0,0.083795465528965,0.4111111111111111,0.10701437294483185,0.6967886896160997,0.6967886896160997,0.0,0.9,0.8787878787878788,0.8787878787878788,81,1.0,5.331692695617676,0.7148652076721191,0.9875,0.9,0.9,0.0,0.9372550808692113,0.4083220820011775,0.4083220820011775,0.4083220820011775,0.04083220820011775,512,1253.9121016691024,8,1.0,1.0,1.0,64.0,64.0,0.04322926600070787,0.04322926600070787,1.0,1.0,1.0,64.0,64.0,0.04322926600070787,0.04322926600070787,1.0,1.0,1.0,64.0,64.0,0.04322926600070787,0.04322926600070787,1.0,1.0,1.0,64.0,64.0,0.04322926600070787,0.04322926600070787,0.4111111111111111
133,26,16534,dice_gradient_style,Custom DiCE-style gradient,11,138126194,145126194,,none_generator_only,512,no_disease_to_disease,near_boundary,0,1,0.07446794211864471,2.5199999809265137,1,1,1.0,1.0,0.1,0.1,1.0,0.0,0.05511166900396347,0.0,0.0,0.551647759841136,0.551647759841136,0.0,1.0,0.8461538461538461,0.8461538461538461,65,1.0,10.493280410766602,10.493280410766602,1.0,1.0,0.1,0.0,0.9964285714285714,0.10844344999895839,0.10844344999895839,,0.10844344999895839,512,4721.354770665428,1,1.0,1.0,1.0,512.0,512.0,0.10844344999895839,0.10844344999895839,0.0,,1.0,,512.0,,0.10844344999895839,0.0,,1.0,,512.0,,0.10844344999895839,0.0,,1.0,,512.0,,0.10844344999895839,0.0
133,26,16534,wachter_style,Custom Wachter-style gradient,11,138126194,145126194,,none_generator_only,512,no_disease_to_disease,near_boundary,0,1,0.07446794211864471,2.5199999809265137,1,1,1.0,1.0,0.1,0.1,1.0,0.0,0.05552447587251663,0.0,0.0,0.5523857687271425,0.5523857687271425,0.0,1.0,0.8461538461538461,0.8461538461538461,65,1.0,10.495798110961914,10.495798110961914,1.0,1.0,0.1,0.0,1.0,0.10267988799932937,0.10267988799932937,,0.10267988799932937,512,4986.370846093482,1,1.0,1.0,1.0,512.0,512.0,0.10267988799932937,0.10267988799932937,0.0,,1.0,,512.0,,0.10267988799932937,0.0,,1.0,,512.0,,0.10267988799932937,0.0,,1.0,,512.0,,0.10267988799932937,0.0
134,2,176,uniform_random,Uniform constrained random,11,139126197,146126197,,none_generator_only,512,no_disease_to_disease,medium_confidence,0,1,0.009612347930669785,4.635047912597656,10,10,1.0,1.0,1.0,1.0,1.0,1.0,0.0946541577577591,0.23888888888888887,0.1215011402964592,0.6628926833718228,0.6628926833718228,0.0,0.96,0.7878787878787878,0.7878787878787878,81,1.0,8.131967544555664,1.345776081085205,1.0,1.0,1.0,1.0,0.966898090651984,0.36045205099981104,0.36045205099981104,0.36045205099981104,0.036045205099981104,512,1420.438581441914,8,1.0,1.0,1.0,64.0,64.0,0.04228691299977072,0.04228691299977072,1.0,1.0,1.0,64.0,64.0,0.04228691299977072,0.04228691299977072,1.0,1.0,1.0,64.0,64.0,0.04228691299977072,0.04228691299977072,1.0,1.0,1.0,64.0,64.0,0.04228691299977072,0.04228691299977072,0.23888888888888887
134,2,176,genetic_cfe,Budget-matched genetic CFE,11,139126197,146126197,,none_generator_only,512,no_disease_to_disease,medium_confidence,0,1,0.009612347930669785,4.635047912597656,10,10,1.0,1.0,1.0,1.0,1.0,1.0,0.0819268673658371,0.44444444444444436,0.07641701400279999,0.7169925475914102,0.7169925475914102,0.0,0.9800000000000001,0.8484848484848485,0.8484848484848485,81,1.0,7.383459568023682,1.757321834564209,1.0,1.0,1.0,1.0,0.9308365951158217,0.40734964799958107,0.40734964799958107,0.40734964799958107,0.040734964799958105,512,1256.9054681017585,8,1.0,1.0,1.0,64.0,64.0,0.04616423500010569,0.04616423500010569,1.0,1.0,1.0,64.0,64.0,0.04616423500010569,0.04616423500010569,1.0,1.0,1.0,64.0,64.0,0.04616423500010569,0.04616423500010569,1.0,1.0,1.0,64.0,64.0,0.04616423500010569,0.04616423500010569,0.44444444444444436
134,2,176,dice_gradient_style,Custom DiCE-style gradient,11,139126197,146126197,,none_generator_only,512,no_disease_to_disease,medium_confidence,0,1,0.009612347930669785,4.635047912597656,1,1,1.0,1.0,0.1,0.1,1.0,0.0,0.06612984836101532,0.05555555555555558,0.0,0.5860231018759329,0.5860231018759329,0.0,1.0,0.9615384615384616,0.9615384615384616,65,1.0,10.926528930664062,10.926528930664062,1.0,1.0,0.1,0.0,1.0,0.10931823200007784,0.10931823200007784,,0.10931823200007784,512,4683.5737336077245,1,1.0,1.0,1.0,512.0,512.0,0.10931823200007784,0.10931823200007784,0.0,,1.0,,512.0,,0.10931823200007784,0.0,,1.0,,512.0,,0.10931823200007784,0.0,,1.0,,512.0,,0.10931823200007784,0.05555555555555558
134,2,176,wachter_style,Custom Wachter-style gradient,11,139126197,146126197,,none_generator_only,512,no_disease_to_disease,medium_confidence,0,1,0.009612347930669785,4.635047912597656,1,1,1.0,1.0,0.1,0.1,1.0,0.0,0.06632497161626816,0.05555555555555558,0.0,0.591512917282652,0.591512917282652,0.0,1.0,0.9615384615384616,0.9615384615384616,65,1.0,10.830286026000977,10.830286026000977,1.0,1.0,0.1,0.0,1.0,0.09799632300018857,0.09799632300018857,,0.09799632300018857,512,5224.685828253115,1,1.0,1.0,1.0,512.0,512.0,0.09799632300018857,0.09799632300018857,0.0,,1.0,,512.0,,0.09799632300018857,0.0,,1.0,,512.0,,0.09799632300018857,0.0,,1.0,,512.0,,0.09799632300018857,0.05555555555555558
135,2,244,uniform_random,Uniform constrained random,11,140126200,147126200,,none_generator_only,512,no_disease_to_disease,medium_confidence,0,1,0.003256703494116664,5.723777770996094,10,10,1.0,1.0,1.0,1.0,1.0,1.0,0.09676167368888855,0.2777777777777778,0.14285947382450104,0.7070357248455341,0.7070357248455341,0.0,0.9,0.7575757575757576,0.7575757575757576,81,1.0,3.0203680992126465,0.15195941925048828,0.825,0.6,0.6,0.0,0.9496846123525163,0.36918059900017397,0.36918059900017397,0.36918059900017397,0.0369180599000174,512,1386.8551093600634,8,1.0,1.0,1.0,64.0,64.0,0.0444785170002433,0.0444785170002433,1.0,1.0,1.0,64.0,64.0,0.0444785170002433,0.0444785170002433,1.0,1.0,1.0,64.0,64.0,0.0444785170002433,0.0444785170002433,1.0,1.0,1.0,64.0,64.0,0.0444785170002433,0.0444785170002433,0.2777777777777778
135,2,244,genetic_cfe,Budget-matched genetic CFE,11,140126200,147126200,,none_generator_only,512,no_disease_to_disease,medium_confidence,0,1,0.003256703494116664,5.723777770996094,10,10,1.0,1.0,1.0,1.0,1.0,1.0,0.05665258690714836,0.45555555555555555,0.06528262794017792,0.5127728091037713,0.5127728091037713,0.0,1.0,1.0,1.0,81,1.0,8.474311828613281,0.6642451286315918,0.975,0.9,0.9,0.0,0.8680987793334676,0.4037494050007808,0.4037494050007808,0.4037494050007808,0.04037494050007808,512,1268.1133239044893,8,1.0,1.0,1.0,64.0,64.0,0.043142136999449576,0.043142136999449576,1.0,1.0,1.0,64.0,64.0,0.043142136999449576,0.043142136999449576,1.0,1.0,1.0,64.0,64.0,0.043142136999449576,0.043142136999449576,1.0,1.0,1.0,64.0,64.0,0.043142136999449576,0.043142136999449576,0.45555555555555555
135,2,244,dice_gradient_style,Custom DiCE-style gradient,11,140126200,147126200,,none_generator_only,512,no_disease_to_disease,medium_confidence,0,1,0.003256703494116664,5.723777770996094,1,1,1.0,1.0,0.1,0.1,1.0,0.0,0.06168761104345322,0.05555555555555558,0.0,0.4566990611314782,0.4566990611314782,0.0,1.0,0.9615384615384616,0.9615384615384616,65,1.0,10.973194122314453,10.973194122314453,1.0,1.0,0.1,0.0,1.0,0.11425387500094075,0.11425387500094075,,0.11425387500094075,512,4481.2484477728585,1,1.0,1.0,1.0,512.0,512.0,0.11425387500094075,0.11425387500094075,0.0,,1.0,,512.0,,0.11425387500094075,0.0,,1.0,,512.0,,0.11425387500094075,0.0,,1.0,,512.0,,0.11425387500094075,0.05555555555555558
135,2,244,wachter_style,Custom Wachter-style gradient,11,140126200,147126200,,none_generator_only,512,no_disease_to_disease,medium_confidence,0,1,0.003256703494116664,5.723777770996094,1,1,1.0,1.0,0.1,0.1,1.0,0.0,0.062216125428676605,0.05555555555555558,0.0,0.45903871755283804,0.45903871755283804,0.0,1.0,0.9230769230769231,0.9230769230769231,65,1.0,10.995370864868164,10.995370864868164,1.0,1.0,0.1,0.0,1.0,0.10639600700051233,0.10639600700051233,,0.10639600700051233,512,4812.210668747508,1,1.0,1.0,1.0,512.0,512.0,0.10639600700051233,0.10639600700051233,0.0,,1.0,,512.0,,0.10639600700051233,0.0,,1.0,,512.0,,0.10639600700051233,0.0,,1.0,,512.0,,0.10639600700051233,0.05555555555555558
136,2,643,uniform_random,Uniform constrained random,11,141126203,148126203,,none_generator_only,512,no_disease_to_disease,medium_confidence,0,1,0.0048981280997395515,5.313992023468018,10,10,1.0,1.0,1.0,1.0,1.0,1.0,0.08656512200832367,0.21666666666666665,0.11874869465827942,0.5498858579880622,0.5498858579880622,0.0,0.9400000000000001,0.8181818181818182,0.8181818181818182,81,1.0,6.20268440246582,0.22269010543823242,0.9625,0.9,0.9,0.0,0.9660373788449428,0.3553968519991031,0.3553968519991031,0.3553968519991031,0.03553968519991031,512,1440.643036425354,8,1.0,1.0,1.0,64.0,64.0,0.041388652000023285,0.041388652000023285,1.0,1.0,1.0,64.0,64.0,0.041388652000023285,0.041388652000023285,1.0,1.0,1.0,64.0,64.0,0.041388652000023285,0.041388652000023285,1.0,1.0,1.0,64.0,64.0,0.041388652000023285,0.041388652000023285,0.21666666666666665
136,2,643,genetic_cfe,Budget-matched genetic CFE,11,141126203,148126203,,none_generator_only,512,no_disease_to_disease,medium_confidence,0,1,0.0048981280997395515,5.313992023468018,10,10,1.0,1.0,1.0,1.0,1.0,1.0,0.06955115497112274,0.3944444444444445,0.0826042890548706,0.5158789931404402,0.5158789931404402,0.0,0.9400000000000001,0.8484848484848485,0.8484848484848485,81,1.0,5.701930046081543,0.6530013084411621,0.9625,0.9,0.9,0.0,0.9192369166874315,0.39265418000104546,0.39265418000104546,0.39265418000104546,0.039265418000104545,512,1303.946388648242,8,1.0,1.0,1.0,64.0,64.0,0.042955240000082995,0.042955240000082995,1.0,1.0,1.0,64.0,64.0,0.042955240000082995,0.042955240000082995,1.0,1.0,1.0,64.0,64.0,0.042955240000082995,0.042955240000082995,1.0,1.0,1.0,64.0,64.0,0.042955240000082995,0.042955240000082995,0.3944444444444445
136,2,643,dice_gradient_style,Custom DiCE-style gradient,11,141126203,148126203,,none_generator_only,512,no_disease_to_disease,medium_confidence,0,1,0.0048981280997395515,5.313992023468018,1,1,1.0,1.0,0.1,0.1,1.0,0.0,0.06253059953451157,0.05555555555555558,0.0,0.39561908037810084,0.39561908037810084,0.0,1.0,1.0,1.0,65,1.0,11.142925262451172,11.142925262451172,1.0,1.0,0.1,0.0,1.0,0.11386698100068315,0.11386698100068315,,0.11386698100068315,512,4496.474706718783,1,1.0,1.0,1.0,512.0,512.0,0.11386698100068315,0.11386698100068315,0.0,,1.0,,512.0,,0.11386698100068315,0.0,,1.0,,512.0,,0.11386698100068315,0.0,,1.0,,512.0,,0.11386698100068315,0.05555555555555558
136,2,643,wachter_style,Custom Wachter-style gradient,11,141126203,148126203,,none_generator_only,512,no_disease_to_disease,medium_confidence,0,1,0.0048981280997395515,5.313992023468018,1,1,1.0,1.0,0.1,0.1,1.0,0.0,0.0626893937587738,0.05555555555555558,0.0,0.3959087565427885,0.3959087565427885,0.0,1.0,1.0,1.0,65,1.0,11.15170669555664,11.15170669555664,1.0,1.0,0.1,0.0,1.0,0.10799088100066001,0.10799088100066001,,0.10799088100066001,512,4741.141059835143,1,1.0,1.0,1.0,512.0,512.0,0.10799088100066001,0.10799088100066001,0.0,,1.0,,512.0,,0.10799088100066001,0.0,,1.0,,512.0,,0.10799088100066001,0.0,,1.0,,512.0,,0.10799088100066001,0.05555555555555558
137,2,882,uniform_random,Uniform constrained random,11,142126206,149126206,,none_generator_only,512,no_disease_to_disease,medium_confidence,0,1,0.003087019780650735,5.777457237243652,10,10,1.0,1.0,1.0,1.0,1.0,1.0,0.08365143835544586,0.21666666666666665,0.11169295758008957,0.552492060623283,0.552492060623283,0.0,1.0,0.7878787878787878,0.7878787878787878,81,1.0,6.13179874420166,0.6914591789245605,1.0,1.0,1.0,1.0,0.9668876018450199,0.3590994460009824,0.3590994460009824,0.3590994460009824,0.03590994460009824,512,1425.7888885704358,8,1.0,1.0,1.0,64.0,64.0,0.0419033540001692,0.0419033540001692,1.0,1.0,1.0,64.0,64.0,0.0419033540001692,0.0419033540001692,1.0,1.0,1.0,64.0,64.0,0.0419033540001692,0.0419033540001692,1.0,1.0,1.0,64.0,64.0,0.0419033540001692,0.0419033540001692,0.21666666666666665
137,2,882,genetic_cfe,Budget-matched genetic CFE,11,142126206,149126206,,none_generator_only,512,no_disease_to_disease,medium_confidence,0,1,0.003087019780650735,5.777457237243652,10,10,1.0,1.0,1.0,1.0,1.0,1.0,0.0700577050447464,0.43888888888888883,0.08075215667486191,0.566218213961015,0.566218213961015,0.0,1.0,0.8787878787878788,0.8787878787878788,81,1.0,11.594026565551758,2.852485179901123,1.0,1.0,1.0,1.0,0.9359444450028815,0.4039069850005035,0.4039069850005035,0.4039069850005035,0.04039069850005035,512,1267.6185830244103,8,1.0,1.0,1.0,64.0,64.0,0.04236176900121791,0.04236176900121791,1.0,1.0,1.0,64.0,64.0,0.04236176900121791,0.04236176900121791,1.0,1.0,1.0,64.0,64.0,0.04236176900121791,0.04236176900121791,1.0,1.0,1.0,64.0,64.0,0.04236176900121791,0.04236176900121791,0.43888888888888883
137,2,882,dice_gradient_style,Custom DiCE-style gradient,11,142126206,149126206,,none_generator_only,512,no_disease_to_disease,medium_confidence,0,1,0.003087019780650735,5.777457237243652,1,1,1.0,1.0,0.1,0.1,1.0,0.0,0.061879031360149384,0.05555555555555558,0.0,0.4579521067319677,0.4579521067319677,0.0,1.0,0.8846153846153846,0.8846153846153846,65,1.0,11.385763168334961,11.385763168334961,1.0,1.0,0.1,0.0,0.9964285714285714,0.13769762899937632,0.13769762899937632,,0.13769762899937632,512,3718.2920557210105,1,1.0,1.0,1.0,512.0,512.0,0.13769762899937632,0.13769762899937632,0.0,,1.0,,512.0,,0.13769762899937632,0.0,,1.0,,512.0,,0.13769762899937632,0.0,,1.0,,512.0,,0.13769762899937632,0.05555555555555558
137,2,882,wachter_style,Custom Wachter-style gradient,11,142126206,149126206,,none_generator_only,512,no_disease_to_disease,medium_confidence,0,1,0.003087019780650735,5.777457237243652,1,1,1.0,1.0,0.1,0.1,1.0,0.0,0.06242181733250618,0.05555555555555558,0.0,0.4601621136640564,0.4601621136640564,0.0,1.0,0.8846153846153846,0.8846153846153846,65,1.0,11.397249221801758,11.397249221801758,1.0,1.0,0.1,0.0,0.9964285714285714,0.1052662189995317,0.1052662189995317,,0.1052662189995317,512,4863.8585565828835,1,1.0,1.0,1.0,512.0,512.0,0.1052662189995317,0.1052662189995317,0.0,,1.0,,512.0,,0.1052662189995317,0.0,,1.0,,512.0,,0.1052662189995317,0.0,,1.0,,512.0,,0.1052662189995317,0.05555555555555558
138,2,1546,uniform_random,Uniform constrained random,11,143126209,150126209,,none_generator_only,512,no_disease_to_disease,medium_confidence,0,1,0.0017725973157212138,6.333535194396973,10,10,1.0,1.0,1.0,1.0,1.0,1.0,0.11169755458831787,0.20555555555555555,0.14022812247276306,0.8247034272441087,0.8247034272441087,0.0,0.82,0.8787878787878788,0.8787878787878788,81,1.0,8.151039123535156,1.2146906852722168,0.975,0.9,0.9,0.0,0.9480735563395626,0.3659696710001299,0.3659696710001299,0.3659696710001299,0.03659696710001299,512,1399.0230354356831,8,1.0,1.0,1.0,64.0,64.0,0.04226673000084702,0.04226673000084702,1.0,1.0,1.0,64.0,64.0,0.04226673000084702,0.04226673000084702,1.0,1.0,1.0,64.0,64.0,0.04226673000084702,0.04226673000084702,1.0,1.0,1.0,64.0,64.0,0.04226673000084702,0.04226673000084702,0.20555555555555555
138,2,1546,genetic_cfe,Budget-matched genetic CFE,11,143126209,150126209,,none_generator_only,512,no_disease_to_disease,medium_confidence,0,1,0.0017725973157212138,6.333535194396973,10,10,1.0,1.0,1.0,1.0,1.0,1.0,0.07739521563053131,0.43888888888888883,0.07502102106809616,0.86210946883354,0.86210946883354,0.0,0.76,0.7878787878787878,0.7878787878787878,81,1.0,3.456214427947998,1.2618403434753418,0.9625,0.8,0.8,0.0,0.9260360268162463,0.45059929200033366,0.45059929200033366,0.45059929200033366,0.04505992920003336,512,1136.2645461050145,8,1.0,1.0,1.0,64.0,64.0,0.043473264000567724,0.043473264000567724,1.0,1.0,1.0,64.0,64.0,0.043473264000567724,0.043473264000567724,1.0,1.0,1.0,64.0,64.0,0.043473264000567724,0.043473264000567724,1.0,1.0,1.0,64.0,64.0,0.043473264000567724,0.043473264000567724,0.43888888888888883
138,2,1546,dice_gradient_style,Custom DiCE-style gradient,11,143126209,150126209,,none_generator_only,512,no_disease_to_disease,medium_confidence,0,1,0.0017725973157212138,6.333535194396973,1,1,1.0,1.0,0.1,0.1,1.0,0.0,0.0732739195227623,0.05555555555555558,0.0,0.6576671462858469,0.6576671462858469,0.0,1.0,0.9615384615384616,0.9615384615384616,65,1.0,10.903837203979492,10.903837203979492,1.0,1.0,0.1,0.0,0.9964285714285714,0.11591269800010195,0.11591269800010195,,0.11591269800010195,512,4417.117441262127,1,1.0,1.0,1.0,512.0,512.0,0.11591269800010195,0.11591269800010195,0.0,,1.0,,512.0,,0.11591269800010195,0.0,,1.0,,512.0,,0.11591269800010195,0.0,,1.0,,512.0,,0.11591269800010195,0.05555555555555558
138,2,1546,wachter_style,Custom Wachter-style gradient,11,143126209,150126209,,none_generator_only,512,no_disease_to_disease,medium_confidence,0,1,0.0017725973157212138,6.333535194396973,1,1,1.0,1.0,0.1,0.1,1.0,0.0,0.073708675801754,0.05555555555555558,0.0,0.6556990266282027,0.6556990266282027,0.0,1.0,0.9615384615384616,0.9615384615384616,65,1.0,10.841053009033203,10.841053009033203,1.0,1.0,0.1,0.0,0.9928571428571429,0.10865449999982957,0.10865449999982957,,0.10865449999982957,512,4712.184032882238,1,1.0,1.0,1.0,512.0,512.0,0.10865449999982957,0.10865449999982957,0.0,,1.0,,512.0,,0.10865449999982957,0.0,,1.0,,512.0,,0.10865449999982957,0.0,,1.0,,512.0,,0.10865449999982957,0.05555555555555558
139,2,4700,uniform_random,Uniform constrained random,11,144126212,151126212,,none_generator_only,512,no_disease_to_disease,medium_confidence,0,1,0.002630951814353466,5.937775135040283,10,10,1.0,1.0,1.0,1.0,1.0,1.0,0.08791957795619965,0.2,0.12432102859020233,0.6327513154611892,0.6327513154611892,0.1,0.64,0.9393939393939394,0.9393939393939394,81,1.0,4.975494384765625,0.12045097351074219,0.85,0.7,0.7,0.0,0.9531632905277581,0.35907180399954086,0.35907180399954086,0.35907180399954086,0.03590718039995409,512,1425.8986483958365,8,1.0,1.0,1.0,64.0,64.0,0.044333900999845355,0.044333900999845355,1.0,1.0,1.0,64.0,64.0,0.044333900999845355,0.044333900999845355,1.0,1.0,1.0,64.0,64.0,0.044333900999845355,0.044333900999845355,1.0,1.0,1.0,64.0,64.0,0.044333900999845355,0.044333900999845355,0.2
139,2,4700,genetic_cfe,Budget-matched genetic CFE,11,144126212,151126212,,none_generator_only,512,no_disease_to_disease,medium_confidence,0,1,0.002630951814353466,5.937775135040283,10,10,1.0,1.0,1.0,1.0,1.0,1.0,0.0743231326341629,0.42777777777777776,0.08929193019866943,0.5617113079098345,0.5617113079098345,0.1,0.9,0.9393939393939394,0.9393939393939394,81,1.0,8.355628967285156,2.8542447090148926,1.0,1.0,1.0,1.0,0.9146248825015986,0.4087196099990251,0.4087196099990251,0.4087196099990251,0.040871960999902514,512,1252.692524347489,8,1.0,1.0,1.0,64.0,64.0,0.04308724600014102,0.04308724600014102,1.0,1.0,1.0,64.0,64.0,0.04308724600014102,0.04308724600014102,1.0,1.0,1.0,64.0,64.0,0.04308724600014102,0.04308724600014102,1.0,1.0,1.0,64.0,64.0,0.04308724600014102,0.04308724600014102,0.42777777777777776
139,2,4700,dice_gradient_style,Custom DiCE-style gradient,11,144126212,151126212,,none_generator_only,512,no_disease_to_disease,medium_confidence,0,1,0.002630951814353466,5.937775135040283,1,1,1.0,1.0,0.1,0.1,1.0,0.0,0.06481604278087616,0.05555555555555558,0.0,0.502665021658788,0.502665021658788,0.0,1.0,0.9230769230769231,0.9230769230769231,65,1.0,11.353147506713867,11.353147506713867,1.0,1.0,0.1,0.0,0.9964285714285714,0.12251312899934419,0.12251312899934419,,0.12251312899934419,512,4179.143934873631,1,1.0,1.0,1.0,512.0,512.0,0.12251312899934419,0.12251312899934419,0.0,,1.0,,512.0,,0.12251312899934419,0.0,,1.0,,512.0,,0.12251312899934419,0.0,,1.0,,512.0,,0.12251312899934419,0.05555555555555558
139,2,4700,wachter_style,Custom Wachter-style gradient,11,144126212,151126212,,none_generator_only,512,no_disease_to_disease,medium_confidence,0,1,0.002630951814353466,5.937775135040283,1,1,1.0,1.0,0.1,0.1,1.0,0.0,0.06519074738025665,0.05555555555555558,0.0,0.4899360956844621,0.4899360956844621,0.0,1.0,1.0,1.0,65,1.0,11.110946655273438,11.110946655273438,1.0,1.0,0.1,0.0,0.9964285714285714,0.10870889599937072,0.10870889599937072,,0.10870889599937072,512,4709.826139738957,1,1.0,1.0,1.0,512.0,512.0,0.10870889599937072,0.10870889599937072,0.0,,1.0,,512.0,,0.10870889599937072,0.0,,1.0,,512.0,,0.10870889599937072,0.0,,1.0,,512.0,,0.10870889599937072,0.05555555555555558
140,2,8265,uniform_random,Uniform constrained random,11,145126215,152126215,,none_generator_only,512,no_disease_to_disease,medium_confidence,0,1,0.0062757013365626335,5.064774513244629,10,10,1.0,1.0,1.0,1.0,1.0,1.0,0.09328576922416687,0.23333333333333334,0.12662145495414734,0.6254966036655139,0.6254966036655139,0.0,1.0,0.9393939393939394,0.9393939393939394,81,1.0,6.844878196716309,0.8233904838562012,0.9875,0.9,0.9,0.0,0.966326833960698,0.3767297070007771,0.3767297070007771,0.3767297070007771,0.03767297070007771,512,1359.0645772963794,8,1.0,1.0,1.0,64.0,64.0,0.04354467899975134,0.04354467899975134,1.0,1.0,1.0,64.0,64.0,0.04354467899975134,0.04354467899975134,1.0,1.0,1.0,64.0,64.0,0.04354467899975134,0.04354467899975134,1.0,1.0,1.0,64.0,64.0,0.04354467899975134,0.04354467899975134,0.23333333333333334
140,2,8265,genetic_cfe,Budget-matched genetic CFE,11,145126215,152126215,,none_generator_only,512,no_disease_to_disease,medium_confidence,0,1,0.0062757013365626335,5.064774513244629,10,10,1.0,1.0,1.0,1.0,1.0,1.0,0.07852702587842941,0.36111111111111116,0.1035269945859909,0.571101333838987,0.571101333838987,0.0,0.9800000000000001,0.8181818181818182,0.8181818181818182,81,1.0,8.892309188842773,3.033801555633545,1.0,1.0,1.0,1.0,0.9528455311850619,0.4363564769992081,0.4363564769992081,0.4363564769992081,0.04363564769992081,512,1173.3525843846455,8,1.0,1.0,1.0,64.0,64.0,0.042981143000361044,0.042981143000361044,1.0,1.0,1.0,64.0,64.0,0.042981143000361044,0.042981143000361044,1.0,1.0,1.0,64.0,64.0,0.042981143000361044,0.042981143000361044,1.0,1.0,1.0,64.0,64.0,0.042981143000361044,0.042981143000361044,0.36111111111111116
140,2,8265,dice_gradient_style,Custom DiCE-style gradient,11,145126215,152126215,,none_generator_only,512,no_disease_to_disease,medium_confidence,0,1,0.0062757013365626335,5.064774513244629,1,1,1.0,1.0,0.1,0.1,1.0,0.0,0.060166917741298676,0.05555555555555558,0.0,0.39153817357891646,0.39153817357891646,0.0,1.0,1.0,1.0,65,1.0,11.110908508300781,11.110908508300781,1.0,1.0,0.1,0.0,1.0,0.11559469700114278,0.11559469700114278,,0.11559469700114278,512,4429.268930865733,1,1.0,1.0,1.0,512.0,512.0,0.11559469700114278,0.11559469700114278,0.0,,1.0,,512.0,,0.11559469700114278,0.0,,1.0,,512.0,,0.11559469700114278,0.0,,1.0,,512.0,,0.11559469700114278,0.05555555555555558
140,2,8265,wachter_style,Custom Wachter-style gradient,11,145126215,152126215,,none_generator_only,512,no_disease_to_disease,medium_confidence,0,1,0.0062757013365626335,5.064774513244629,1,1,1.0,1.0,0.1,0.1,1.0,0.0,0.060378044843673706,0.05555555555555558,0.0,0.39501455411524383,0.39501455411524383,0.0,1.0,0.9615384615384616,0.9615384615384616,65,1.0,10.82762336730957,10.82762336730957,1.0,1.0,0.1,0.0,1.0,0.10576392900111387,0.10576392900111387,,0.10576392900111387,512,4840.96993025484,1,1.0,1.0,1.0,512.0,512.0,0.10576392900111387,0.10576392900111387,0.0,,1.0,,512.0,,0.10576392900111387,0.0,,1.0,,512.0,,0.10576392900111387,0.0,,1.0,,512.0,,0.10576392900111387,0.05555555555555558
141,11,12752,uniform_random,Uniform constrained random,11,146126218,153126218,,none_generator_only,512,no_disease_to_disease,medium_confidence,0,1,0.007713499013334513,4.857039928436279,10,10,1.0,1.0,1.0,1.0,1.0,1.0,0.09181412309408188,0.2555555555555556,0.12169433385133743,0.6263360514549355,0.6263360514549355,0.0,0.78,0.7575757575757576,0.7575757575757576,81,1.0,4.07448673248291,0.2188124656677246,0.8875,0.8,0.8,0.0,0.9576297166433868,0.3743727590008348,0.3743727590008348,0.3743727590008348,0.03743727590008348,512,1367.6208743565617,8,1.0,1.0,1.0,64.0,64.0,0.04554634099986288,0.04554634099986288,1.0,1.0,1.0,64.0,64.0,0.04554634099986288,0.04554634099986288,1.0,1.0,1.0,64.0,64.0,0.04554634099986288,0.04554634099986288,1.0,1.0,1.0,64.0,64.0,0.04554634099986288,0.04554634099986288,0.2555555555555556
141,11,12752,genetic_cfe,Budget-matched genetic CFE,11,146126218,153126218,,none_generator_only,512,no_disease_to_disease,medium_confidence,0,1,0.007713499013334513,4.857039928436279,10,10,1.0,1.0,1.0,1.0,1.0,1.0,0.07135660946369171,0.3833333333333333,0.0684594064950943,0.579933812052898,0.579933812052898,0.0,0.7999999999999999,0.9090909090909091,0.9090909090909091,81,1.0,9.620136260986328,0.47773218154907227,0.9625,0.9,0.9,0.0,0.9299213127960269,0.4084294250005769,0.4084294250005769,0.4084294250005769,0.04084294250005769,512,1253.5825497863598,8,1.0,1.0,1.0,64.0,64.0,0.042540389998976025,0.042540389998976025,1.0,1.0,1.0,64.0,64.0,0.042540389998976025,0.042540389998976025,1.0,1.0,1.0,64.0,64.0,0.042540389998976025,0.042540389998976025,1.0,1.0,1.0,64.0,64.0,0.042540389998976025,0.042540389998976025,0.3833333333333333
141,11,12752,dice_gradient_style,Custom DiCE-style gradient,11,146126218,153126218,,none_generator_only,512,no_disease_to_disease,medium_confidence,0,1,0.007713499013334513,4.857039928436279,1,1,1.0,1.0,0.1,0.1,1.0,0.0,0.06746820360422134,0.0,0.0,0.49132322100266906,0.49132322100266906,0.0,0.8,0.9615384615384616,0.9615384615384616,65,1.0,10.72446060180664,10.72446060180664,1.0,1.0,0.1,0.0,1.0,0.11477994300003047,0.11477994300003047,,0.11477994300003047,512,4460.709655517638,1,1.0,1.0,1.0,512.0,512.0,0.11477994300003047,0.11477994300003047,0.0,,1.0,,512.0,,0.11477994300003047,0.0,,1.0,,512.0,,0.11477994300003047,0.0,,1.0,,512.0,,0.11477994300003047,0.0
141,11,12752,wachter_style,Custom Wachter-style gradient,11,146126218,153126218,,none_generator_only,512,no_disease_to_disease,medium_confidence,0,1,0.007713499013334513,4.857039928436279,1,1,1.0,1.0,0.1,0.1,1.0,0.0,0.06836878508329391,0.0,0.0,0.49315608807826594,0.49315608807826594,0.0,0.8,0.9615384615384616,0.9615384615384616,65,1.0,10.739339828491211,10.739339828491211,1.0,1.0,0.1,0.0,1.0,0.1076513910011272,0.1076513910011272,,0.1076513910011272,512,4756.092747511632,1,1.0,1.0,1.0,512.0,512.0,0.1076513910011272,0.1076513910011272,0.0,,1.0,,512.0,,0.1076513910011272,0.0,,1.0,,512.0,,0.1076513910011272,0.0,,1.0,,512.0,,0.1076513910011272,0.0
142,13,12901,uniform_random,Uniform constrained random,11,147126221,154126221,,none_generator_only,512,no_disease_to_disease,medium_confidence,0,1,0.003687327029183507,5.599159240722656,10,10,1.0,1.0,1.0,1.0,1.0,1.0,0.09139980375766754,0.17222222222222222,0.11049416661262512,0.535551167724585,0.535551167724585,0.0,1.0,0.8484848484848485,0.8484848484848485,81,1.0,3.1173207759857178,0.48503541946411133,0.9125,0.7,0.7,0.0,0.961911971020112,0.3553898680002021,0.3553898680002021,0.3553898680002021,0.03553898680002021,512,1440.6713474445726,8,1.0,1.0,1.0,64.0,64.0,0.04215586999998777,0.04215586999998777,1.0,1.0,1.0,64.0,64.0,0.04215586999998777,0.04215586999998777,1.0,1.0,1.0,64.0,64.0,0.04215586999998777,0.04215586999998777,1.0,1.0,1.0,64.0,64.0,0.04215586999998777,0.04215586999998777,0.17222222222222222
142,13,12901,genetic_cfe,Budget-matched genetic CFE,11,147126221,154126221,,none_generator_only,512,no_disease_to_disease,medium_confidence,0,1,0.003687327029183507,5.599159240722656,10,10,1.0,1.0,1.0,1.0,1.0,1.0,0.08292080461978912,0.4,0.08626676350831985,0.5681674958181603,0.5681674958181603,0.0,1.0,1.0,1.0,81,1.0,7.333558559417725,0.4370417594909668,0.9375,0.9,0.9,0.0,0.927163711087624,0.42878641200150014,0.42878641200150014,0.42878641200150014,0.04287864120015002,512,1194.0676888758517,8,1.0,1.0,1.0,64.0,64.0,0.04277310799989209,0.04277310799989209,1.0,1.0,1.0,64.0,64.0,0.04277310799989209,0.04277310799989209,1.0,1.0,1.0,64.0,64.0,0.04277310799989209,0.04277310799989209,1.0,1.0,1.0,64.0,64.0,0.04277310799989209,0.04277310799989209,0.4
142,13,12901,dice_gradient_style,Custom DiCE-style gradient,11,147126221,154126221,,none_generator_only,512,no_disease_to_disease,medium_confidence,0,1,0.003687327029183507,5.599159240722656,1,1,1.0,1.0,0.1,0.1,1.0,0.0,0.07115586847066879,0.05555555555555558,0.0,0.39038443226876185,0.39038443226876185,0.0,1.0,0.9615384615384616,0.9615384615384616,65,1.0,9.572507858276367,9.572507858276367,1.0,1.0,0.1,0.0,1.0,0.1069360620003863,0.1069360620003863,,0.1069360620003863,512,4787.907749942676,1,1.0,1.0,1.0,512.0,512.0,0.1069360620003863,0.1069360620003863,0.0,,1.0,,512.0,,0.1069360620003863,0.0,,1.0,,512.0,,0.1069360620003863,0.0,,1.0,,512.0,,0.1069360620003863,0.05555555555555558
142,13,12901,wachter_style,Custom Wachter-style gradient,11,147126221,154126221,,none_generator_only,512,no_disease_to_disease,medium_confidence,0,1,0.003687327029183507,5.599159240722656,1,1,1.0,1.0,0.1,0.1,1.0,0.0,0.07181526720523834,0.05555555555555558,0.0,0.39184236127408634,0.39184236127408634,0.0,1.0,0.9615384615384616,0.9615384615384616,65,1.0,9.60565185546875,9.60565185546875,1.0,1.0,0.1,0.0,0.9964285714285714,0.10300697599996056,0.10300697599996056,,0.10300697599996056,512,4970.537141098056,1,1.0,1.0,1.0,512.0,512.0,0.10300697599996056,0.10300697599996056,0.0,,1.0,,512.0,,0.10300697599996056,0.0,,1.0,,512.0,,0.10300697599996056,0.0,,1.0,,512.0,,0.10300697599996056,0.05555555555555558
143,13,12955,uniform_random,Uniform constrained random,11,148126224,155126224,,none_generator_only,512,no_disease_to_disease,medium_confidence,0,1,0.0029663280583918095,5.817459583282471,10,10,1.0,1.0,1.0,1.0,1.0,1.0,0.09177865833044052,0.18333333333333335,0.11891129612922668,0.5610124348409171,0.5610124348409171,0.0,0.96,0.9090909090909091,0.9090909090909091,81,1.0,4.459375381469727,0.49689817428588867,0.9625,0.9,0.9,0.0,0.9710272750071975,0.3593636450004851,0.3593636450004851,0.3593636450004851,0.035936364500048515,512,1424.7406690215112,8,1.0,1.0,1.0,64.0,64.0,0.04417340800137026,0.04417340800137026,1.0,1.0,1.0,64.0,64.0,0.04417340800137026,0.04417340800137026,1.0,1.0,1.0,64.0,64.0,0.04417340800137026,0.04417340800137026,1.0,1.0,1.0,64.0,64.0,0.04417340800137026,0.04417340800137026,0.18333333333333335
143,13,12955,genetic_cfe,Budget-matched genetic CFE,11,148126224,155126224,,none_generator_only,512,no_disease_to_disease,medium_confidence,0,1,0.0029663280583918095,5.817459583282471,10,10,1.0,1.0,1.0,1.0,1.0,1.0,0.07664620876312256,0.4333333333333333,0.08037087321281433,0.5208945459279862,0.5208945459279862,0.0,1.0,0.8787878787878788,0.8787878787878788,81,1.0,4.453619480133057,0.9338746070861816,0.975,0.9,0.9,0.0,0.9174170503736478,0.4139460649985267,0.4139460649985267,0.4139460649985267,0.041394606499852674,512,1236.8761133212422,8,1.0,1.0,1.0,64.0,64.0,0.04444934899947839,0.04444934899947839,1.0,1.0,1.0,64.0,64.0,0.04444934899947839,0.04444934899947839,1.0,1.0,1.0,64.0,64.0,0.04444934899947839,0.04444934899947839,1.0,1.0,1.0,64.0,64.0,0.04444934899947839,0.04444934899947839,0.4333333333333333
143,13,12955,dice_gradient_style,Custom DiCE-style gradient,11,148126224,155126224,,none_generator_only,512,no_disease_to_disease,medium_confidence,0,1,0.0029663280583918095,5.817459583282471,1,1,1.0,1.0,0.1,0.1,1.0,0.0,0.07457044720649719,0.0,0.0,0.4126040484520777,0.4126040484520777,0.0,1.0,0.9230769230769231,0.9230769230769231,65,1.0,9.315200805664062,9.315200805664062,1.0,1.0,0.1,0.0,1.0,0.1099729790003039,0.1099729790003039,,0.1099729790003039,512,4655.689103398619,1,1.0,1.0,1.0,512.0,512.0,0.1099729790003039,0.1099729790003039,0.0,,1.0,,512.0,,0.1099729790003039,0.0,,1.0,,512.0,,0.1099729790003039,0.0,,1.0,,512.0,,0.1099729790003039,0.0
143,13,12955,wachter_style,Custom Wachter-style gradient,11,148126224,155126224,,none_generator_only,512,no_disease_to_disease,medium_confidence,0,1,0.0029663280583918095,5.817459583282471,1,1,1.0,1.0,0.1,0.1,1.0,0.0,0.07495113462209702,0.0,0.0,0.41380966235282435,0.41380966235282435,0.0,1.0,0.9230769230769231,0.9230769230769231,65,1.0,9.311187744140625,9.311187744140625,1.0,1.0,0.1,0.0,1.0,0.10024970199992822,0.10024970199992822,,0.10024970199992822,512,5107.247101845416,1,1.0,1.0,1.0,512.0,512.0,0.10024970199992822,0.10024970199992822,0.0,,1.0,,512.0,,0.10024970199992822,0.0,,1.0,,512.0,,0.10024970199992822,0.0,,1.0,,512.0,,0.10024970199992822,0.0
144,13,12960,uniform_random,Uniform constrained random,11,149126227,156126227,,none_generator_only,512,no_disease_to_disease,medium_confidence,0,1,0.005342551507055759,5.2266950607299805,10,10,1.0,1.0,1.0,1.0,1.0,1.0,0.09711484611034393,0.16111111111111112,0.10856594145298004,0.5864488649557027,0.5864488649557027,0.0,0.96,0.7878787878787878,0.7878787878787878,81,1.0,5.222442150115967,0.10127019882202148,0.8875,0.6,0.6,0.0,0.9695647408003663,0.39465129299969703,0.39465129299969703,0.39465129299969703,0.0394651292999697,512,1297.3478335984903,8,1.0,1.0,1.0,64.0,64.0,0.04380799099999422,0.04380799099999422,1.0,1.0,1.0,64.0,64.0,0.04380799099999422,0.04380799099999422,1.0,1.0,1.0,64.0,64.0,0.04380799099999422,0.04380799099999422,1.0,1.0,1.0,64.0,64.0,0.04380799099999422,0.04380799099999422,0.16111111111111112
144,13,12960,genetic_cfe,Budget-matched genetic CFE,11,149126227,156126227,,none_generator_only,512,no_disease_to_disease,medium_confidence,0,1,0.005342551507055759,5.2266950607299805,10,10,1.0,1.0,1.0,1.0,1.0,1.0,0.08165214955806732,0.36666666666666664,0.0780656486749649,0.5576251834637425,0.5576251834637425,0.0,1.0,0.9393939393939394,0.9393939393939394,81,1.0,5.4168291091918945,0.9562716484069824,0.975,0.9,0.9,0.0,0.9550348501432261,0.40710195699830365,0.40710195699830365,0.40710195699830365,0.040710195699830365,512,1257.6702007898564,8,1.0,1.0,1.0,64.0,64.0,0.04218309899988526,0.04218309899988526,1.0,1.0,1.0,64.0,64.0,0.04218309899988526,0.04218309899988526,1.0,1.0,1.0,64.0,64.0,0.04218309899988526,0.04218309899988526,1.0,1.0,1.0,64.0,64.0,0.04218309899988526,0.04218309899988526,0.36666666666666664
144,13,12960,dice_gradient_style,Custom DiCE-style gradient,11,149126227,156126227,,none_generator_only,512,no_disease_to_disease,medium_confidence,0,1,0.005342551507055759,5.2266950607299805,1,1,1.0,1.0,0.1,0.1,1.0,0.0,0.07028638571500778,0.05555555555555558,0.0,0.39682818088462835,0.39682818088462835,0.0,1.0,1.0,1.0,65,1.0,9.480358123779297,9.480358123779297,1.0,1.0,0.1,0.0,1.0,0.11987428900101804,0.11987428900101804,,0.11987428900101804,512,4271.141078431354,1,1.0,1.0,1.0,512.0,512.0,0.11987428900101804,0.11987428900101804,0.0,,1.0,,512.0,,0.11987428900101804,0.0,,1.0,,512.0,,0.11987428900101804,0.0,,1.0,,512.0,,0.11987428900101804,0.05555555555555558
144,13,12960,wachter_style,Custom Wachter-style gradient,11,149126227,156126227,,none_generator_only,512,no_disease_to_disease,medium_confidence,0,1,0.005342551507055759,5.2266950607299805,1,1,1.0,1.0,0.1,0.1,1.0,0.0,0.07026402652263641,0.05555555555555558,0.0,0.39732559264695333,0.39732559264695333,0.0,1.0,0.9615384615384616,0.9615384615384616,65,1.0,9.476654052734375,9.476654052734375,1.0,1.0,0.1,0.0,1.0,0.10646748500039394,0.10646748500039394,,0.10646748500039394,512,4808.979943483267,1,1.0,1.0,1.0,512.0,512.0,0.10646748500039394,0.10646748500039394,0.0,,1.0,,512.0,,0.10646748500039394,0.0,,1.0,,512.0,,0.10646748500039394,0.0,,1.0,,512.0,,0.10646748500039394,0.05555555555555558
145,13,12967,uniform_random,Uniform constrained random,11,150126230,157126230,,none_generator_only,512,no_disease_to_disease,medium_confidence,0,1,0.004847146105021238,5.3245062828063965,10,10,1.0,1.0,1.0,1.0,1.0,1.0,0.08883576095104218,0.19999999999999996,0.11082451790571213,0.5376045476884533,0.5376045476884533,0.0,1.0,0.8484848484848485,0.8484848484848485,81,1.0,3.014537811279297,0.2702021598815918,0.825,0.7,0.7,0.0,0.9504435867607446,0.3539126240011683,0.3539126240011683,0.3539126240011683,0.03539126240011683,512,1446.6847613729367,8,1.0,1.0,1.0,64.0,64.0,0.04356411800108617,0.04356411800108617,1.0,1.0,1.0,64.0,64.0,0.04356411800108617,0.04356411800108617,1.0,1.0,1.0,64.0,64.0,0.04356411800108617,0.04356411800108617,1.0,1.0,1.0,64.0,64.0,0.04356411800108617,0.04356411800108617,0.19999999999999996
145,13,12967,genetic_cfe,Budget-matched genetic CFE,11,150126230,157126230,,none_generator_only,512,no_disease_to_disease,medium_confidence,0,1,0.004847146105021238,5.3245062828063965,10,10,1.0,1.0,1.0,1.0,1.0,1.0,0.08461165428161621,0.40555555555555556,0.08110000193119049,0.5660585849932305,0.5660585849932305,0.0,0.9800000000000001,0.9090909090909091,0.9090909090909091,81,1.0,6.068713188171387,0.5233473777770996,0.95,0.8,0.8,0.0,0.9087639692390835,0.40366594300030556,0.40366594300030556,0.40366594300030556,0.040366594300030555,512,1268.3755191099003,8,1.0,1.0,1.0,64.0,64.0,0.04329126999982691,0.04329126999982691,1.0,1.0,1.0,64.0,64.0,0.04329126999982691,0.04329126999982691,1.0,1.0,1.0,64.0,64.0,0.04329126999982691,0.04329126999982691,1.0,1.0,1.0,64.0,64.0,0.04329126999982691,0.04329126999982691,0.40555555555555556
145,13,12967,dice_gradient_style,Custom DiCE-style gradient,11,150126230,157126230,,none_generator_only,512,no_disease_to_disease,medium_confidence,0,1,0.004847146105021238,5.3245062828063965,1,1,1.0,1.0,0.1,0.1,1.0,0.0,0.07009757310152054,0.05555555555555558,0.0,0.39682772773250086,0.39682772773250086,0.0,1.0,0.8461538461538461,0.8461538461538461,65,1.0,9.330596923828125,9.330596923828125,1.0,1.0,0.1,0.0,0.9964285714285714,0.11907058299948403,0.11907058299948403,,0.11907058299948403,512,4299.970547739895,1,1.0,1.0,1.0,512.0,512.0,0.11907058299948403,0.11907058299948403,0.0,,1.0,,512.0,,0.11907058299948403,0.0,,1.0,,512.0,,0.11907058299948403,0.0,,1.0,,512.0,,0.11907058299948403,0.05555555555555558
145,13,12967,wachter_style,Custom Wachter-style gradient,11,150126230,157126230,,none_generator_only,512,no_disease_to_disease,medium_confidence,0,1,0.004847146105021238,5.3245062828063965,1,1,1.0,1.0,0.1,0.1,1.0,0.0,0.07014218717813492,0.05555555555555558,0.0,0.39756158361253907,0.39756158361253907,0.0,1.0,0.8461538461538461,0.8461538461538461,65,1.0,9.314273834228516,9.314273834228516,1.0,1.0,0.1,0.0,0.9964285714285714,0.10618712600080471,0.10618712600080471,,0.10618712600080471,512,4821.676782137601,1,1.0,1.0,1.0,512.0,512.0,0.10618712600080471,0.10618712600080471,0.0,,1.0,,512.0,,0.10618712600080471,0.0,,1.0,,512.0,,0.10618712600080471,0.0,,1.0,,512.0,,0.10618712600080471,0.05555555555555558
146,13,12999,uniform_random,Uniform constrained random,11,151126233,158126233,,none_generator_only,512,no_disease_to_disease,medium_confidence,0,1,0.0016113028395920992,6.4290995597839355,10,10,1.0,1.0,1.0,1.0,1.0,1.0,0.10690538585186005,0.20555555555555555,0.13547849655151367,0.6193394156601786,0.6193394156601786,0.0,0.8400000000000001,0.8787878787878788,0.8787878787878788,81,1.0,4.860048770904541,0.39067792892456055,0.9375,0.8,0.8,0.0,0.9672538316612667,0.35475122599928,0.35475122599928,0.35475122599928,0.035475122599928,512,1443.2649205306457,8,1.0,1.0,1.0,64.0,64.0,0.04331703899879358,0.04331703899879358,1.0,1.0,1.0,64.0,64.0,0.04331703899879358,0.04331703899879358,1.0,1.0,1.0,64.0,64.0,0.04331703899879358,0.04331703899879358,1.0,2.0,2.0,128.0,128.0,0.08906111299984332,0.08906111299984332,0.20555555555555555
146,13,12999,genetic_cfe,Budget-matched genetic CFE,11,151126233,158126233,,none_generator_only,512,no_disease_to_disease,medium_confidence,0,1,0.0016113028395920992,6.4290995597839355,10,10,1.0,1.0,1.0,1.0,1.0,1.0,0.08370747417211533,0.37777777777777777,0.08778980374336243,0.5149729202596361,0.5149729202596361,0.0,0.82,0.8787878787878788,0.8787878787878788,81,1.0,4.3846235275268555,0.11426973342895508,0.9375,0.8,0.8,0.0,0.920511946990208,0.395235624999259,0.395235624999259,0.395235624999259,0.039523562499925904,512,1295.4297831855615,8,1.0,1.0,1.0,64.0,64.0,0.04285696800070582,0.04285696800070582,1.0,1.0,1.0,64.0,64.0,0.04285696800070582,0.04285696800070582,1.0,1.0,1.0,64.0,64.0,0.04285696800070582,0.04285696800070582,1.0,2.0,2.0,128.0,128.0,0.08615980899958231,0.08615980899958231,0.37777777777777777
146,13,12999,dice_gradient_style,Custom DiCE-style gradient,11,151126233,158126233,,none_generator_only,512,no_disease_to_disease,medium_confidence,0,1,0.0016113028395920992,6.4290995597839355,1,1,1.0,1.0,0.1,0.1,1.0,0.0,0.07489700615406036,0.05555555555555558,0.0,0.4137284948099914,0.4137284948099914,0.0,1.0,0.9230769230769231,0.9230769230769231,65,1.0,9.280712127685547,9.280712127685547,1.0,1.0,0.1,0.0,1.0,0.11438481500044873,0.11438481500044873,,0.11438481500044873,512,4476.118617650353,1,1.0,1.0,1.0,512.0,512.0,0.11438481500044873,0.11438481500044873,0.0,,1.0,,512.0,,0.11438481500044873,0.0,,1.0,,512.0,,0.11438481500044873,0.0,,1.0,,512.0,,0.11438481500044873,0.05555555555555558
146,13,12999,wachter_style,Custom Wachter-style gradient,11,151126233,158126233,,none_generator_only,512,no_disease_to_disease,medium_confidence,0,1,0.0016113028395920992,6.4290995597839355,1,1,1.0,1.0,0.1,0.1,1.0,0.0,0.07503987848758698,0.05555555555555558,0.0,0.414367124768842,0.414367124768842,0.0,1.0,0.9230769230769231,0.9230769230769231,65,1.0,9.281200408935547,9.281200408935547,1.0,1.0,0.1,0.0,1.0,0.10586632199920132,0.10586632199920132,,0.10586632199920132,512,4836.287785683748,1,1.0,1.0,1.0,512.0,512.0,0.10586632199920132,0.10586632199920132,0.0,,1.0,,512.0,,0.10586632199920132,0.0,,1.0,,512.0,,0.10586632199920132,0.0,,1.0,,512.0,,0.10586632199920132,0.05555555555555558
147,13,13094,uniform_random,Uniform constrained random,11,152126236,159126236,,none_generator_only,512,no_disease_to_disease,medium_confidence,0,1,0.0034649986773729324,5.661571979522705,10,10,1.0,1.0,1.0,1.0,1.0,1.0,0.09772376716136932,0.21666666666666665,0.12054885923862457,0.616658388545669,0.616658388545669,0.0,0.8400000000000001,0.8181818181818182,0.8181818181818182,81,1.0,6.7025909423828125,0.35081052780151367,0.95,0.9,0.9,0.0,0.9468660297863065,0.35740336700109765,0.35740336700109765,0.35740336700109765,0.035740336700109766,512,1432.5550548001065,8,1.0,1.0,1.0,64.0,64.0,0.0428942750004353,0.0428942750004353,1.0,1.0,1.0,64.0,64.0,0.0428942750004353,0.0428942750004353,1.0,1.0,1.0,64.0,64.0,0.0428942750004353,0.0428942750004353,1.0,1.0,1.0,64.0,64.0,0.0428942750004353,0.0428942750004353,0.21666666666666665
147,13,13094,genetic_cfe,Budget-matched genetic CFE,11,152126236,159126236,,none_generator_only,512,no_disease_to_disease,medium_confidence,0,1,0.0034649986773729324,5.661571979522705,10,10,1.0,1.0,1.0,1.0,1.0,1.0,0.08451899886131287,0.36111111111111116,0.08043970167636871,0.576798296811818,0.576798296811818,0.0,0.9199999999999999,0.9090909090909091,0.9090909090909091,81,1.0,7.2341742515563965,0.4039912223815918,0.9125,0.8,0.8,0.0,0.9364842343646691,0.38916129999961413,0.38916129999961413,0.38916129999961413,0.03891612999996141,512,1315.6498346585533,8,1.0,1.0,1.0,64.0,64.0,0.04199699399941892,0.04199699399941892,1.0,1.0,1.0,64.0,64.0,0.04199699399941892,0.04199699399941892,1.0,1.0,1.0,64.0,64.0,0.04199699399941892,0.04199699399941892,1.0,1.0,1.0,64.0,64.0,0.04199699399941892,0.04199699399941892,0.36111111111111116
147,13,13094,dice_gradient_style,Custom DiCE-style gradient,11,152126236,159126236,,none_generator_only,512,no_disease_to_disease,medium_confidence,0,1,0.0034649986773729324,5.661571979522705,1,1,1.0,1.0,0.1,0.1,1.0,0.0,0.07224271446466446,0.0,0.0,0.41630022376383474,0.41630022376383474,0.0,1.0,0.9615384615384616,0.9615384615384616,65,1.0,9.556102752685547,9.556102752685547,1.0,1.0,0.1,0.0,1.0,0.12013814300007652,0.12013814300007652,,0.12013814300007652,512,4261.760563418014,1,1.0,1.0,1.0,512.0,512.0,0.12013814300007652,0.12013814300007652,0.0,,1.0,,512.0,,0.12013814300007652,0.0,,1.0,,512.0,,0.12013814300007652,0.0,,1.0,,512.0,,0.12013814300007652,0.0
147,13,13094,wachter_style,Custom Wachter-style gradient,11,152126236,159126236,,none_generator_only,512,no_disease_to_disease,medium_confidence,0,1,0.0034649986773729324,5.661571979522705,1,1,1.0,1.0,0.1,0.1,1.0,0.0,0.07240485399961472,0.0,0.0,0.4159204449626006,0.4159204449626006,0.0,1.0,0.9615384615384616,0.9615384615384616,65,1.0,9.622772216796875,9.622772216796875,1.0,1.0,0.1,0.0,1.0,0.10489231599967752,0.10489231599967752,,0.10489231599967752,512,4881.196445329457,1,1.0,1.0,1.0,512.0,512.0,0.10489231599967752,0.10489231599967752,0.0,,1.0,,512.0,,0.10489231599967752,0.0,,1.0,,512.0,,0.10489231599967752,0.0,,1.0,,512.0,,0.10489231599967752,0.0
148,16,13596,uniform_random,Uniform constrained random,11,153126239,160126239,,none_generator_only,512,no_disease_to_disease,medium_confidence,0,1,0.008802617900073528,4.723864555358887,10,10,1.0,1.0,1.0,1.0,1.0,1.0,0.1067371815443039,0.22777777777777772,0.136026531457901,0.70343706893785,0.70343706893785,0.0,0.64,0.9696969696969697,0.9696969696969697,81,1.0,6.659773349761963,0.5578465461730957,0.9625,0.8,0.8,0.0,0.9532838732009112,0.3500225989992032,0.3500225989992032,0.3500225989992032,0.03500225989992032,512,1462.7626943629589,8,1.0,1.0,1.0,64.0,64.0,0.04269899599967175,0.04269899599967175,1.0,1.0,1.0,64.0,64.0,0.04269899599967175,0.04269899599967175,1.0,1.0,1.0,64.0,64.0,0.04269899599967175,0.04269899599967175,1.0,1.0,1.0,64.0,64.0,0.04269899599967175,0.04269899599967175,0.22777777777777772
148,16,13596,genetic_cfe,Budget-matched genetic CFE,11,153126239,160126239,,none_generator_only,512,no_disease_to_disease,medium_confidence,0,1,0.008802617900073528,4.723864555358887,10,10,1.0,1.0,1.0,1.0,1.0,1.0,0.08719342201948166,0.37777777777777777,0.07651549577713013,0.6736781624890451,0.6736781624890451,0.0,0.27999999999999997,1.0,1.0,81,1.0,10.426950454711914,2.101317882537842,1.0,1.0,1.0,1.0,0.9405486126192647,0.4012474570008635,0.4012474570008635,0.4012474570008635,0.04012474570008635,512,1276.020548085114,8,1.0,1.0,1.0,64.0,64.0,0.0423018180008512,0.0423018180008512,1.0,1.0,1.0,64.0,64.0,0.0423018180008512,0.0423018180008512,1.0,1.0,1.0,64.0,64.0,0.0423018180008512,0.0423018180008512,1.0,1.0,1.0,64.0,64.0,0.0423018180008512,0.0423018180008512,0.37777777777777777
148,16,13596,dice_gradient_style,Custom DiCE-style gradient,11,153126239,160126239,,none_generator_only,512,no_disease_to_disease,medium_confidence,0,1,0.008802617900073528,4.723864555358887,1,1,1.0,1.0,0.1,0.1,1.0,0.0,0.07016237080097198,0.0,0.0,0.500157181823717,0.500157181823717,0.0,0.2,0.8076923076923077,0.8076923076923077,65,1.0,9.074548721313477,9.074548721313477,1.0,1.0,0.1,0.0,1.0,0.11545144000047003,0.11545144000047003,,0.11545144000047003,512,4434.7649539747235,1,1.0,1.0,1.0,512.0,512.0,0.11545144000047003,0.11545144000047003,0.0,,1.0,,512.0,,0.11545144000047003,0.0,,1.0,,512.0,,0.11545144000047003,0.0,,1.0,,512.0,,0.11545144000047003,0.0
148,16,13596,wachter_style,Custom Wachter-style gradient,11,153126239,160126239,,none_generator_only,512,no_disease_to_disease,medium_confidence,0,1,0.008802617900073528,4.723864555358887,1,1,1.0,1.0,0.1,0.1,1.0,0.0,0.07002371549606323,0.0,0.0,0.5055777875725671,0.5055777875725671,0.0,0.2,0.8076923076923077,0.8076923076923077,65,1.0,8.797000885009766,8.797000885009766,1.0,1.0,0.1,0.0,1.0,0.10472091100018588,0.10472091100018588,,0.10472091100018588,512,4889.185885702343,1,1.0,1.0,1.0,512.0,512.0,0.10472091100018588,0.10472091100018588,0.0,,1.0,,512.0,,0.10472091100018588,0.0,,1.0,,512.0,,0.10472091100018588,0.0,,1.0,,512.0,,0.10472091100018588,0.0
149,16,13874,uniform_random,Uniform constrained random,11,154126242,161126242,,none_generator_only,512,no_disease_to_disease,medium_confidence,0,1,0.010047070682048798,4.590376377105713,10,10,1.0,1.0,1.0,1.0,1.0,1.0,0.09050782769918442,0.22777777777777777,0.11715354770421982,0.6035214726511331,0.6035214726511331,0.0,0.5,0.8787878787878788,0.8787878787878788,81,1.0,5.338554382324219,0.39057493209838867,0.9125,0.7,0.7,0.0,0.9601154631785602,0.35806477299956896,0.35806477299956896,0.35806477299956896,0.035806477299956896,512,1429.9088841130326,8,1.0,1.0,1.0,64.0,64.0,0.042130592999455985,0.042130592999455985,1.0,1.0,1.0,64.0,64.0,0.042130592999455985,0.042130592999455985,1.0,1.0,1.0,64.0,64.0,0.042130592999455985,0.042130592999455985,1.0,1.0,1.0,64.0,64.0,0.042130592999455985,0.042130592999455985,0.22777777777777777
149,16,13874,genetic_cfe,Budget-matched genetic CFE,11,154126242,161126242,,none_generator_only,512,no_disease_to_disease,medium_confidence,0,1,0.010047070682048798,4.590376377105713,10,10,1.0,1.0,1.0,1.0,1.0,1.0,0.07678379118442535,0.42222222222222217,0.08736085891723633,0.5415774294178897,0.5415774294178897,0.0,0.5000000000000001,0.8484848484848485,0.8484848484848485,81,1.0,5.351957321166992,1.164994716644287,1.0,1.0,1.0,1.0,0.9321586180790987,0.4020569100011926,0.4020569100011926,0.4020569100011926,0.04020569100011926,512,1273.4515618659093,8,1.0,1.0,1.0,64.0,64.0,0.04361455800062686,0.04361455800062686,1.0,1.0,1.0,64.0,64.0,0.04361455800062686,0.04361455800062686,1.0,1.0,1.0,64.0,64.0,0.04361455800062686,0.04361455800062686,1.0,1.0,1.0,64.0,64.0,0.04361455800062686,0.04361455800062686,0.42222222222222217
149,16,13874,dice_gradient_style,Custom DiCE-style gradient,11,154126242,161126242,,none_generator_only,512,no_disease_to_disease,medium_confidence,0,1,0.010047070682048798,4.590376377105713,1,1,1.0,1.0,0.1,0.1,1.0,0.0,0.06916581839323044,0.0,0.0,0.47811120287324654,0.47811120287324654,0.0,0.0,0.8461538461538461,0.8461538461538461,65,1.0,9.435798645019531,9.435798645019531,1.0,1.0,0.1,0.0,1.0,0.11571054500018363,0.11571054500018363,,0.11571054500018363,512,4424.8344003494885,1,1.0,1.0,1.0,512.0,512.0,0.11571054500018363,0.11571054500018363,0.0,,1.0,,512.0,,0.11571054500018363,0.0,,1.0,,512.0,,0.11571054500018363,0.0,,1.0,,512.0,,0.11571054500018363,0.0
149,16,13874,wachter_style,Custom Wachter-style gradient,11,154126242,161126242,,none_generator_only,512,no_disease_to_disease,medium_confidence,0,1,0.010047070682048798,4.590376377105713,1,1,1.0,1.0,0.1,0.1,1.0,0.0,0.0702662244439125,0.0,0.0,0.48090525359203024,0.48090525359203024,0.0,0.0,0.8846153846153846,0.8846153846153846,65,1.0,9.444833755493164,9.444833755493164,1.0,1.0,0.1,0.0,1.0,0.10643811699992511,0.10643811699992511,,0.10643811699992511,512,4810.306818941191,1,1.0,1.0,1.0,512.0,512.0,0.10643811699992511,0.10643811699992511,0.0,,1.0,,512.0,,0.10643811699992511,0.0,,1.0,,512.0,,0.10643811699992511,0.0,,1.0,,512.0,,0.10643811699992511,0.0
150,16,13901,uniform_random,Uniform constrained random,11,155126245,162126245,,none_generator_only,512,no_disease_to_disease,medium_confidence,0,1,0.004368624649941921,5.428928852081299,10,10,1.0,1.0,1.0,1.0,1.0,1.0,0.09681160002946854,0.24444444444444446,0.12770864367485046,0.606811325109389,0.606811325109389,0.0,0.62,0.8787878787878788,0.8787878787878788,81,1.0,5.068990230560303,0.5423369407653809,1.0,1.0,1.0,1.0,0.9758726229071056,0.3586027359997388,0.3586027359997388,0.3586027359997388,0.03586027359997388,512,1427.763785941591,8,1.0,1.0,1.0,64.0,64.0,0.042397146000439534,0.042397146000439534,1.0,1.0,1.0,64.0,64.0,0.042397146000439534,0.042397146000439534,1.0,1.0,1.0,64.0,64.0,0.042397146000439534,0.042397146000439534,1.0,1.0,1.0,64.0,64.0,0.042397146000439534,0.042397146000439534,0.24444444444444446
150,16,13901,genetic_cfe,Budget-matched genetic CFE,11,155126245,162126245,,none_generator_only,512,no_disease_to_disease,medium_confidence,0,1,0.004368624649941921,5.428928852081299,10,10,1.0,1.0,1.0,1.0,1.0,1.0,0.08310097455978394,0.38333333333333336,0.09552587568759918,0.6568088665602476,0.6568088665602476,0.0,0.9,0.8181818181818182,0.8181818181818182,81,1.0,7.9998602867126465,0.12064409255981445,0.95,0.9,0.9,0.0,0.9364986820959361,0.40024419900146313,0.40024419900146313,0.40024419900146313,0.04002441990014631,512,1279.219039969467,8,1.0,1.0,1.0,64.0,64.0,0.04401376000168966,0.04401376000168966,1.0,1.0,1.0,64.0,64.0,0.04401376000168966,0.04401376000168966,1.0,1.0,1.0,64.0,64.0,0.04401376000168966,0.04401376000168966,1.0,1.0,1.0,64.0,64.0,0.04401376000168966,0.04401376000168966,0.38333333333333336
150,16,13901,dice_gradient_style,Custom DiCE-style gradient,11,155126245,162126245,,none_generator_only,512,no_disease_to_disease,medium_confidence,0,1,0.004368624649941921,5.428928852081299,1,1,1.0,1.0,0.1,0.1,1.0,0.0,0.07316302508115768,0.0,0.0,0.48102083404054374,0.48102083404054374,0.0,0.0,0.8846153846153846,0.8846153846153846,65,1.0,9.441341400146484,9.441341400146484,1.0,1.0,0.1,0.0,1.0,0.11462350999863702,0.11462350999863702,,0.11462350999863702,512,4466.7974310513455,1,1.0,1.0,1.0,512.0,512.0,0.11462350999863702,0.11462350999863702,0.0,,1.0,,512.0,,0.11462350999863702,0.0,,1.0,,512.0,,0.11462350999863702,0.0,,1.0,,512.0,,0.11462350999863702,0.0
150,16,13901,wachter_style,Custom Wachter-style gradient,11,155126245,162126245,,none_generator_only,512,no_disease_to_disease,medium_confidence,0,1,0.004368624649941921,5.428928852081299,1,1,1.0,1.0,0.1,0.1,1.0,0.0,0.07362855970859528,0.0,0.0,0.48048166830807315,0.48048166830807315,0.0,0.0,0.8846153846153846,0.8846153846153846,65,1.0,9.449615478515625,9.449615478515625,1.0,1.0,0.1,0.0,1.0,0.10546131100090861,0.10546131100090861,,0.10546131100090861,512,4854.860945125069,1,1.0,1.0,1.0,512.0,512.0,0.10546131100090861,0.10546131100090861,0.0,,1.0,,512.0,,0.10546131100090861,0.0,,1.0,,512.0,,0.10546131100090861,0.0,,1.0,,512.0,,0.10546131100090861,0.0
151,16,14204,uniform_random,Uniform constrained random,11,156126248,163126248,,none_generator_only,512,no_disease_to_disease,medium_confidence,0,1,0.003969918005168438,5.525032043457031,10,10,1.0,1.0,1.0,1.0,1.0,1.0,0.09399554133415222,0.18888888888888883,0.12109432369470596,0.5933211344818747,0.5933211344818747,0.0,0.5,0.7575757575757576,0.7575757575757576,81,1.0,4.868758678436279,0.8066954612731934,0.9625,0.8,0.8,0.0,0.9647278279143199,0.359086071001002,0.359086071001002,0.359086071001002,0.0359086071001002,512,1425.8419954099843,8,1.0,1.0,1.0,64.0,64.0,0.044099831000494305,0.044099831000494305,1.0,1.0,1.0,64.0,64.0,0.044099831000494305,0.044099831000494305,1.0,1.0,1.0,64.0,64.0,0.044099831000494305,0.044099831000494305,1.0,1.0,1.0,64.0,64.0,0.044099831000494305,0.044099831000494305,0.18888888888888883
151,16,14204,genetic_cfe,Budget-matched genetic CFE,11,156126248,163126248,,none_generator_only,512,no_disease_to_disease,medium_confidence,0,1,0.003969918005168438,5.525032043457031,10,10,1.0,1.0,1.0,1.0,1.0,1.0,0.07317010313272476,0.34444444444444444,0.0786566436290741,0.5900870234671393,0.5900870234671393,0.0,0.25999999999999995,0.8484848484848485,0.8484848484848485,81,1.0,4.971705436706543,1.0441699028015137,0.9875,0.9,0.9,0.0,0.9507119970512024,0.39999424800043926,0.39999424800043926,0.39999424800043926,0.039999424800043926,512,1280.0184066632821,8,1.0,1.0,1.0,64.0,64.0,0.04245464899940998,0.04245464899940998,1.0,1.0,1.0,64.0,64.0,0.04245464899940998,0.04245464899940998,1.0,1.0,1.0,64.0,64.0,0.04245464899940998,0.04245464899940998,1.0,1.0,1.0,64.0,64.0,0.04245464899940998,0.04245464899940998,0.34444444444444444
151,16,14204,dice_gradient_style,Custom DiCE-style gradient,11,156126248,163126248,,none_generator_only,512,no_disease_to_disease,medium_confidence,0,1,0.003969918005168438,5.525032043457031,1,1,1.0,1.0,0.1,0.1,1.0,0.0,0.07269041240215302,0.0,0.0,0.49629587787670837,0.49629587787670837,0.0,0.0,0.9230769230769231,0.9230769230769231,65,1.0,9.518747329711914,9.518747329711914,1.0,1.0,0.1,0.0,1.0,0.14018437800041283,0.14018437800041283,,0.14018437800041283,512,3652.332787027754,1,1.0,1.0,1.0,512.0,512.0,0.14018437800041283,0.14018437800041283,0.0,,1.0,,512.0,,0.14018437800041283,0.0,,1.0,,512.0,,0.14018437800041283,0.0,,1.0,,512.0,,0.14018437800041283,0.0
151,16,14204,wachter_style,Custom Wachter-style gradient,11,156126248,163126248,,none_generator_only,512,no_disease_to_disease,medium_confidence,0,1,0.003969918005168438,5.525032043457031,1,1,1.0,1.0,0.1,0.1,1.0,0.0,0.0732586532831192,0.0,0.0,0.4973125593275071,0.4973125593275071,0.0,0.0,0.9230769230769231,0.9230769230769231,65,1.0,9.525993347167969,9.525993347167969,1.0,1.0,0.1,0.0,1.0,0.10380604399870208,0.10380604399870208,,0.10380604399870208,512,4932.275427107132,1,1.0,1.0,1.0,512.0,512.0,0.10380604399870208,0.10380604399870208,0.0,,1.0,,512.0,,0.10380604399870208,0.0,,1.0,,512.0,,0.10380604399870208,0.0,,1.0,,512.0,,0.10380604399870208,0.0
152,16,14494,uniform_random,Uniform constrained random,11,157126251,164126251,,none_generator_only,512,no_disease_to_disease,medium_confidence,0,1,0.0018442755099385977,6.293822765350342,10,10,1.0,1.0,1.0,1.0,1.0,1.0,0.11255402863025665,0.16666666666666666,0.14662545919418335,0.6210665772717999,0.6210665772717999,0.0,0.74,0.7272727272727273,0.7272727272727273,81,1.0,6.921574592590332,1.5270113945007324,0.9875,0.9,0.9,0.0,0.9687729468959123,0.36064266599896655,0.36064266599896655,0.36064266599896655,0.03606426659989666,512,1419.6878191929382,8,1.0,1.0,1.0,64.0,64.0,0.045145836998926825,0.045145836998926825,1.0,1.0,1.0,64.0,64.0,0.045145836998926825,0.045145836998926825,1.0,1.0,1.0,64.0,64.0,0.045145836998926825,0.045145836998926825,1.0,2.0,2.0,128.0,128.0,0.0919412139992346,0.0919412139992346,0.16666666666666666
152,16,14494,genetic_cfe,Budget-matched genetic CFE,11,157126251,164126251,,none_generator_only,512,no_disease_to_disease,medium_confidence,0,1,0.0018442755099385977,6.293822765350342,10,10,1.0,1.0,1.0,1.0,1.0,1.0,0.0883856862783432,0.38888888888888895,0.08884590119123459,0.5921889765409917,0.5921889765409917,0.0,0.86,0.8484848484848485,0.8484848484848485,81,1.0,5.807431221008301,0.551969051361084,0.975,0.9,0.9,0.0,0.9493607853499159,0.3961099660009495,0.3961099660009495,0.3961099660009495,0.03961099660009495,512,1292.5703565831836,8,1.0,1.0,1.0,64.0,64.0,0.042195450001599966,0.042195450001599966,1.0,1.0,1.0,64.0,64.0,0.042195450001599966,0.042195450001599966,1.0,1.0,1.0,64.0,64.0,0.042195450001599966,0.042195450001599966,1.0,2.0,2.0,128.0,128.0,0.08764389300085895,0.08764389300085895,0.38888888888888895
152,16,14494,dice_gradient_style,Custom DiCE-style gradient,11,157126251,164126251,,none_generator_only,512,no_disease_to_disease,medium_confidence,0,1,0.0018442755099385977,6.293822765350342,1,1,1.0,1.0,0.1,0.1,1.0,0.0,0.07695524394512177,0.0,0.0,0.4521581356172877,0.4521581356172877,0.0,0.0,0.8846153846153846,0.8846153846153846,65,1.0,9.109622955322266,9.109622955322266,1.0,1.0,0.1,0.0,1.0,0.11831272200106469,0.11831272200106469,,0.11831272200106469,512,4327.514331006539,1,1.0,1.0,1.0,512.0,512.0,0.11831272200106469,0.11831272200106469,0.0,,1.0,,512.0,,0.11831272200106469,0.0,,1.0,,512.0,,0.11831272200106469,0.0,,1.0,,512.0,,0.11831272200106469,0.0
152,16,14494,wachter_style,Custom Wachter-style gradient,11,157126251,164126251,,none_generator_only,512,no_disease_to_disease,medium_confidence,0,1,0.0018442755099385977,6.293822765350342,1,1,1.0,1.0,0.1,0.1,1.0,0.0,0.07728037983179092,0.0,0.0,0.45833463643317573,0.45833463643317573,0.0,0.0,0.7692307692307693,0.7692307692307693,65,1.0,9.265865325927734,9.265865325927734,1.0,1.0,0.1,0.0,1.0,0.10373903100116877,0.10373903100116877,,0.10373903100116877,512,4935.4615621407875,1,1.0,1.0,1.0,512.0,512.0,0.10373903100116877,0.10373903100116877,0.0,,1.0,,512.0,,0.10373903100116877,0.0,,1.0,,512.0,,0.10373903100116877,0.0,,1.0,,512.0,,0.10373903100116877,0.0
153,16,14712,uniform_random,Uniform constrained random,11,158126254,165126254,,none_generator_only,512,no_disease_to_disease,medium_confidence,0,1,0.0024875826202332973,5.993953227996826,10,10,1.0,1.0,1.0,1.0,1.0,1.0,0.09945236146450043,0.18333333333333335,0.11578098684549332,0.6025317206984697,0.6025317206984697,0.0,0.6599999999999999,0.8787878787878788,0.8787878787878788,81,1.0,6.91970682144165,0.11170578002929688,0.8625,0.7,0.7,0.0,0.9671957044546728,0.3651466890005395,0.3651466890005395,0.3651466890005395,0.03651466890005395,512,1402.1762086941546,8,1.0,1.0,1.0,64.0,64.0,0.044498335000753286,0.044498335000753286,1.0,1.0,1.0,64.0,64.0,0.044498335000753286,0.044498335000753286,1.0,1.0,1.0,64.0,64.0,0.044498335000753286,0.044498335000753286,1.0,1.0,1.0,64.0,64.0,0.044498335000753286,0.044498335000753286,0.18333333333333335
153,16,14712,genetic_cfe,Budget-matched genetic CFE,11,158126254,165126254,,none_generator_only,512,no_disease_to_disease,medium_confidence,0,1,0.0024875826202332973,5.993953227996826,10,10,1.0,1.0,1.0,1.0,1.0,1.0,0.08738773316144943,0.4611111111111111,0.07613418251276016,0.6463344076060373,0.6463344076060373,0.0,0.42000000000000004,0.7575757575757576,0.7575757575757576,81,1.0,7.722700595855713,0.8063511848449707,0.9875,0.9,0.9,0.0,0.8877138219201417,0.4023355150002317,0.4023355150002317,0.4023355150002317,0.04023355150002317,512,1272.5697357333845,8,1.0,1.0,1.0,64.0,64.0,0.04447968600106833,0.04447968600106833,1.0,1.0,1.0,64.0,64.0,0.04447968600106833,0.04447968600106833,1.0,1.0,1.0,64.0,64.0,0.04447968600106833,0.04447968600106833,1.0,1.0,1.0,64.0,64.0,0.04447968600106833,0.04447968600106833,0.4611111111111111
153,16,14712,dice_gradient_style,Custom DiCE-style gradient,11,158126254,165126254,,none_generator_only,512,no_disease_to_disease,medium_confidence,0,1,0.0024875826202332973,5.993953227996826,1,1,1.0,1.0,0.1,0.1,1.0,0.0,0.07655591517686844,0.0,0.0,0.4508699947173257,0.4508699947173257,0.0,0.0,1.0,1.0,65,1.0,8.836359024047852,8.836359024047852,1.0,1.0,0.1,0.0,1.0,0.11951104699983262,0.11951104699983262,,0.11951104699983262,512,4284.122789090092,1,1.0,1.0,1.0,512.0,512.0,0.11951104699983262,0.11951104699983262,0.0,,1.0,,512.0,,0.11951104699983262,0.0,,1.0,,512.0,,0.11951104699983262,0.0,,1.0,,512.0,,0.11951104699983262,0.0
153,16,14712,wachter_style,Custom Wachter-style gradient,11,158126254,165126254,,none_generator_only,512,no_disease_to_disease,medium_confidence,0,1,0.0024875826202332973,5.993953227996826,1,1,1.0,1.0,0.1,0.1,1.0,0.0,0.07704802602529526,0.0,0.0,0.4465917268386224,0.4465917268386224,0.0,0.0,0.9615384615384616,0.9615384615384616,65,1.0,8.74737548828125,8.74737548828125,1.0,1.0,0.1,0.0,1.0,0.10974353399979009,0.10974353399979009,,0.10974353399979009,512,4665.422930529823,1,1.0,1.0,1.0,512.0,512.0,0.10974353399979009,0.10974353399979009,0.0,,1.0,,512.0,,0.10974353399979009,0.0,,1.0,,512.0,,0.10974353399979009,0.0,,1.0,,512.0,,0.10974353399979009,0.0
154,20,16007,uniform_random,Uniform constrained random,11,159126257,166126257,,none_generator_only,512,no_disease_to_disease,medium_confidence,0,1,0.003970958758145571,5.524768829345703,10,10,1.0,1.0,1.0,1.0,1.0,1.0,0.09517717361450195,0.20555555555555557,0.13522931933403015,0.7167792995314222,0.7167792995314222,0.0,0.74,0.8484848484848485,0.8484848484848485,81,1.0,4.9492363929748535,0.6434950828552246,0.925,0.8,0.8,0.0,0.9572832021287946,0.35747188499954063,0.35747188499954063,0.35747188499954063,0.03574718849995406,512,1432.2804715136072,8,1.0,1.0,1.0,64.0,64.0,0.0472219959992799,0.0472219959992799,1.0,1.0,1.0,64.0,64.0,0.0472219959992799,0.0472219959992799,1.0,1.0,1.0,64.0,64.0,0.0472219959992799,0.0472219959992799,1.0,1.0,1.0,64.0,64.0,0.0472219959992799,0.0472219959992799,0.20555555555555557
154,20,16007,genetic_cfe,Budget-matched genetic CFE,11,159126257,166126257,,none_generator_only,512,no_disease_to_disease,medium_confidence,0,1,0.003970958758145571,5.524768829345703,10,10,1.0,1.0,1.0,1.0,1.0,1.0,0.08856906741857529,0.37777777777777777,0.1086631566286087,0.6799068962847465,0.6799068962847465,0.0,0.6199999999999999,0.8484848484848485,0.8484848484848485,81,1.0,6.668015956878662,0.9679989814758301,0.95,0.8,0.8,0.0,0.9111625107082378,0.4046227189992351,0.4046227189992351,0.4046227189992351,0.040462271899923505,512,1265.3763023152635,8,1.0,1.0,1.0,64.0,64.0,0.04476747099943168,0.04476747099943168,1.0,1.0,1.0,64.0,64.0,0.04476747099943168,0.04476747099943168,1.0,1.0,1.0,64.0,64.0,0.04476747099943168,0.04476747099943168,1.0,1.0,1.0,64.0,64.0,0.04476747099943168,0.04476747099943168,0.37777777777777777
154,20,16007,dice_gradient_style,Custom DiCE-style gradient,11,159126257,166126257,,none_generator_only,512,no_disease_to_disease,medium_confidence,0,1,0.003970958758145571,5.524768829345703,1,1,1.0,1.0,0.1,0.1,1.0,0.0,0.07321725785732269,0.05555555555555558,0.0,0.6826986194009556,0.6826986194009556,0.0,0.2,1.0,1.0,65,1.0,8.21038818359375,8.21038818359375,1.0,1.0,0.1,0.0,0.9821428571428572,0.12284579900006065,0.12284579900006065,,0.12284579900006065,512,4167.826691409669,1,1.0,1.0,1.0,512.0,512.0,0.12284579900006065,0.12284579900006065,0.0,,1.0,,512.0,,0.12284579900006065,0.0,,1.0,,512.0,,0.12284579900006065,0.0,,1.0,,512.0,,0.12284579900006065,0.05555555555555558
154,20,16007,wachter_style,Custom Wachter-style gradient,11,159126257,166126257,,none_generator_only,512,no_disease_to_disease,medium_confidence,0,1,0.003970958758145571,5.524768829345703,1,1,1.0,1.0,0.1,0.1,1.0,0.0,0.07388858497142792,0.05555555555555558,0.0,0.6872534167014483,0.6872534167014483,0.0,0.2,1.0,1.0,65,1.0,8.430675506591797,8.430675506591797,1.0,1.0,0.1,0.0,0.9857142857142858,0.1073271349996503,0.1073271349996503,,0.1073271349996503,512,4770.461822181951,1,1.0,1.0,1.0,512.0,512.0,0.1073271349996503,0.1073271349996503,0.0,,1.0,,512.0,,0.1073271349996503,0.0,,1.0,,512.0,,0.1073271349996503,0.0,,1.0,,512.0,,0.1073271349996503,0.05555555555555558
155,20,16009,uniform_random,Uniform constrained random,11,160126260,167126260,,none_generator_only,512,no_disease_to_disease,medium_confidence,0,1,0.005819719284772873,5.140666484832764,10,10,1.0,1.0,1.0,1.0,1.0,1.0,0.10455889999866486,0.13888888888888892,0.14172396063804626,0.711811711563769,0.711811711563769,0.0,0.82,0.7878787878787878,0.7878787878787878,81,1.0,3.3999404907226562,0.25739049911499023,0.9375,0.8,0.8,0.0,0.9771176889010735,0.3478657369996654,0.3478657369996654,0.3478657369996654,0.03478657369996654,512,1471.832220143292,8,1.0,1.0,1.0,64.0,64.0,0.04128047000085644,0.04128047000085644,1.0,1.0,1.0,64.0,64.0,0.04128047000085644,0.04128047000085644,1.0,1.0,1.0,64.0,64.0,0.04128047000085644,0.04128047000085644,1.0,1.0,1.0,64.0,64.0,0.04128047000085644,0.04128047000085644,0.13888888888888892
155,20,16009,genetic_cfe,Budget-matched genetic CFE,11,160126260,167126260,,none_generator_only,512,no_disease_to_disease,medium_confidence,0,1,0.005819719284772873,5.140666484832764,10,10,1.0,1.0,1.0,1.0,1.0,1.0,0.07132098078727722,0.43888888888888883,0.0685231164097786,0.646809636238922,0.646809636238922,0.0,0.8800000000000001,0.9090909090909091,0.9090909090909091,81,1.0,8.826459884643555,2.583609104156494,1.0,1.0,1.0,1.0,0.9079887397230578,0.3994635050003126,0.3994635050003126,0.3994635050003126,0.03994635050003126,512,1281.7190897065786,8,1.0,1.0,1.0,64.0,64.0,0.04475310499947227,0.04475310499947227,1.0,1.0,1.0,64.0,64.0,0.04475310499947227,0.04475310499947227,1.0,1.0,1.0,64.0,64.0,0.04475310499947227,0.04475310499947227,1.0,1.0,1.0,64.0,64.0,0.04475310499947227,0.04475310499947227,0.43888888888888883
155,20,16009,dice_gradient_style,Custom DiCE-style gradient,11,160126260,167126260,,none_generator_only,512,no_disease_to_disease,medium_confidence,0,1,0.005819719284772873,5.140666484832764,1,1,1.0,1.0,0.1,0.1,1.0,0.0,0.0686250701546669,0.05555555555555558,0.0,0.568851387144623,0.568851387144623,0.0,0.8,0.9615384615384616,0.9615384615384616,65,1.0,5.804510593414307,5.804510593414307,1.0,1.0,0.1,0.0,1.0,0.11831258900019748,0.11831258900019748,,0.11831258900019748,512,4327.519195773371,1,1.0,1.0,1.0,512.0,512.0,0.11831258900019748,0.11831258900019748,0.0,,1.0,,512.0,,0.11831258900019748,0.0,,1.0,,512.0,,0.11831258900019748,0.0,,1.0,,512.0,,0.11831258900019748,0.05555555555555558
155,20,16009,wachter_style,Custom Wachter-style gradient,11,160126260,167126260,,none_generator_only,512,no_disease_to_disease,medium_confidence,0,1,0.005819719284772873,5.140666484832764,1,1,1.0,1.0,0.1,0.1,1.0,0.0,0.0698649063706398,0.05555555555555558,0.0,0.5755347306182891,0.5755347306182891,0.0,0.8,0.9615384615384616,0.9615384615384616,65,1.0,5.825494289398193,5.825494289398193,1.0,1.0,0.1,0.0,0.9928571428571429,0.10599859000103606,0.10599859000103606,,0.10599859000103606,512,4830.252930675734,1,1.0,1.0,1.0,512.0,512.0,0.10599859000103606,0.10599859000103606,0.0,,1.0,,512.0,,0.10599859000103606,0.0,,1.0,,512.0,,0.10599859000103606,0.0,,1.0,,512.0,,0.10599859000103606,0.05555555555555558
156,20,16013,uniform_random,Uniform constrained random,11,161126263,168126263,,none_generator_only,512,no_disease_to_disease,medium_confidence,0,1,0.009964721277356148,4.598689556121826,10,10,1.0,1.0,1.0,1.0,1.0,1.0,0.09733175486326218,0.24444444444444446,0.13352912664413452,0.6825942344755915,0.6825942344755915,0.0,0.9800000000000001,0.9393939393939394,0.9393939393939394,81,1.0,4.374575138092041,0.14232492446899414,0.9625,0.9,0.9,0.0,0.969819004214105,0.3595894909994968,0.3595894909994968,0.3595894909994968,0.03595894909994968,512,1423.8458375879413,8,1.0,1.0,1.0,64.0,64.0,0.04511780699976953,0.04511780699976953,1.0,1.0,1.0,64.0,64.0,0.04511780699976953,0.04511780699976953,1.0,1.0,1.0,64.0,64.0,0.04511780699976953,0.04511780699976953,1.0,1.0,1.0,64.0,64.0,0.04511780699976953,0.04511780699976953,0.24444444444444446
156,20,16013,genetic_cfe,Budget-matched genetic CFE,11,161126263,168126263,,none_generator_only,512,no_disease_to_disease,medium_confidence,0,1,0.009964721277356148,4.598689556121826,10,10,1.0,1.0,1.0,1.0,1.0,1.0,0.08056817203760147,0.3666666666666667,0.08732780814170837,0.69302787775112,0.69302787775112,0.0,0.9200000000000002,0.9696969696969697,0.9696969696969697,81,1.0,6.801336765289307,0.49603796005249023,0.975,0.8,0.8,0.0,0.9449929846723325,0.4154686989986658,0.4154686989986658,0.4154686989986658,0.04154686989986658,512,1232.3431373626638,8,1.0,1.0,1.0,64.0,64.0,0.04185892699933902,0.04185892699933902,1.0,1.0,1.0,64.0,64.0,0.04185892699933902,0.04185892699933902,1.0,1.0,1.0,64.0,64.0,0.04185892699933902,0.04185892699933902,1.0,1.0,1.0,64.0,64.0,0.04185892699933902,0.04185892699933902,0.3666666666666667
156,20,16013,dice_gradient_style,Custom DiCE-style gradient,11,161126263,168126263,,none_generator_only,512,no_disease_to_disease,medium_confidence,0,1,0.009964721277356148,4.598689556121826,1,1,1.0,1.0,0.1,0.1,1.0,0.0,0.06903224438428879,0.0,0.0,0.5876979947886908,0.5876979947886908,0.0,0.8,0.8076923076923077,0.8076923076923077,65,1.0,7.28798246383667,7.28798246383667,1.0,1.0,0.1,0.0,1.0,0.12415885699920182,0.12415885699920182,,0.12415885699920182,512,4123.749302905483,1,1.0,1.0,1.0,512.0,512.0,0.12415885699920182,0.12415885699920182,0.0,,1.0,,512.0,,0.12415885699920182,0.0,,1.0,,512.0,,0.12415885699920182,0.0,,1.0,,512.0,,0.12415885699920182,0.0
156,20,16013,wachter_style,Custom Wachter-style gradient,11,161126263,168126263,,none_generator_only,512,no_disease_to_disease,medium_confidence,0,1,0.009964721277356148,4.598689556121826,1,1,1.0,1.0,0.1,0.1,1.0,0.0,0.06952927261590958,0.0,0.0,0.5862027846912788,0.5862027846912788,0.0,0.8,0.8461538461538461,0.8461538461538461,65,1.0,7.724546909332275,7.724546909332275,1.0,1.0,0.1,0.0,1.0,0.10296769799970207,0.10296769799970207,,0.10296769799970207,512,4972.433199404744,1,1.0,1.0,1.0,512.0,512.0,0.10296769799970207,0.10296769799970207,0.0,,1.0,,512.0,,0.10296769799970207,0.0,,1.0,,512.0,,0.10296769799970207,0.0,,1.0,,512.0,,0.10296769799970207,0.0
157,20,16129,uniform_random,Uniform constrained random,11,162126266,169126266,,none_generator_only,512,no_disease_to_disease,medium_confidence,0,1,0.0015245743561536074,6.484514236450195,10,10,1.0,1.0,1.0,1.0,1.0,1.0,0.11530481278896332,0.13333333333333336,0.1531803458929062,0.801799347696409,0.801799347696409,0.0,0.72,0.6060606060606061,0.6060606060606061,81,1.0,6.363060474395752,0.5804734230041504,0.9625,0.8,0.8,0.0,0.9742971495937619,0.3491362129989284,0.3491362129989284,0.3491362129989284,0.03491362129989284,512,1466.4763520293195,8,1.0,1.0,1.0,64.0,64.0,0.04219943899988721,0.04219943899988721,1.0,2.0,2.0,128.0,128.0,0.08407361599893193,0.08407361599893193,1.0,2.0,2.0,128.0,128.0,0.08407361599893193,0.08407361599893193,1.0,2.0,2.0,128.0,128.0,0.08407361599893193,0.08407361599893193,0.13333333333333336
157,20,16129,genetic_cfe,Budget-matched genetic CFE,11,162126266,169126266,,none_generator_only,512,no_disease_to_disease,medium_confidence,0,1,0.0015245743561536074,6.484514236450195,10,10,1.0,1.0,1.0,1.0,1.0,1.0,0.07932937890291214,0.31111111111111106,0.09473931789398193,0.7232267554648116,0.7232267554648116,0.0,0.7,0.8181818181818182,0.8181818181818182,81,1.0,3.642784595489502,0.39588308334350586,0.925,0.7,0.7,0.0,0.9417801690507837,0.38523912399978144,0.38523912399978144,0.38523912399978144,0.03852391239997814,512,1329.0446585074533,8,1.0,1.0,1.0,64.0,64.0,0.04279467000014847,0.04279467000014847,1.0,2.0,2.0,128.0,128.0,0.08593561799898453,0.08593561799898453,1.0,2.0,2.0,128.0,128.0,0.08593561799898453,0.08593561799898453,1.0,2.0,2.0,128.0,128.0,0.08593561799898453,0.08593561799898453,0.31111111111111106
157,20,16129,dice_gradient_style,Custom DiCE-style gradient,11,162126266,169126266,,none_generator_only,512,no_disease_to_disease,medium_confidence,0,1,0.0015245743561536074,6.484514236450195,1,1,1.0,1.0,0.1,0.1,1.0,0.0,0.07748822867870331,0.0,0.0,0.7125233971092505,0.7125233971092505,0.0,0.0,0.9230769230769231,0.9230769230769231,65,1.0,8.158487319946289,8.158487319946289,1.0,1.0,0.1,0.0,1.0,0.1149197369995818,0.1149197369995818,,0.1149197369995818,512,4455.283429702447,1,1.0,1.0,1.0,512.0,512.0,0.1149197369995818,0.1149197369995818,0.0,,1.0,,512.0,,0.1149197369995818,0.0,,1.0,,512.0,,0.1149197369995818,0.0,,1.0,,512.0,,0.1149197369995818,0.0
157,20,16129,wachter_style,Custom Wachter-style gradient,11,162126266,169126266,,none_generator_only,512,no_disease_to_disease,medium_confidence,0,1,0.0015245743561536074,6.484514236450195,1,1,1.0,1.0,0.1,0.1,1.0,0.0,0.0776463970541954,0.0,0.0,0.7129312553487835,0.7129312553487835,0.0,0.0,0.9230769230769231,0.9230769230769231,65,1.0,8.158536911010742,8.158536911010742,1.0,1.0,0.1,0.0,1.0,0.10402602599970123,0.10402602599970123,,0.10402602599970123,512,4921.845231321924,1,1.0,1.0,1.0,512.0,512.0,0.10402602599970123,0.10402602599970123,0.0,,1.0,,512.0,,0.10402602599970123,0.0,,1.0,,512.0,,0.10402602599970123,0.0,,1.0,,512.0,,0.10402602599970123,0.0
158,20,16139,uniform_random,Uniform constrained random,11,163126269,170126269,,none_generator_only,512,no_disease_to_disease,medium_confidence,0,1,0.0017084130086004734,6.370480537414551,10,10,1.0,1.0,1.0,1.0,1.0,1.0,0.10792632400989532,0.1388888888888889,0.14371129870414734,0.7429692000828038,0.7429692000828038,0.0,0.8400000000000001,0.7878787878787878,0.7878787878787878,81,1.0,2.615694284439087,0.16597795486450195,0.95,0.8,0.8,0.0,0.9762791160954052,0.3435811350009317,0.3435811350009317,0.3435811350009317,0.03435811350009317,512,1490.1865901299022,8,1.0,1.0,1.0,64.0,64.0,0.04156385600072099,0.04156385600072099,1.0,1.0,1.0,64.0,64.0,0.04156385600072099,0.04156385600072099,1.0,1.0,1.0,64.0,64.0,0.04156385600072099,0.04156385600072099,1.0,2.0,2.0,128.0,128.0,0.08285409900054219,0.08285409900054219,0.1388888888888889
158,20,16139,genetic_cfe,Budget-matched genetic CFE,11,163126269,170126269,,none_generator_only,512,no_disease_to_disease,medium_confidence,0,1,0.0017084130086004734,6.370480537414551,10,10,1.0,1.0,1.0,1.0,1.0,1.0,0.08132907003164291,0.3388888888888889,0.08735595643520355,0.6382629696017317,0.6382629696017317,0.0,0.9,0.9090909090909091,0.9090909090909091,81,1.0,8.35793685913086,2.0919604301452637,1.0,1.0,1.0,1.0,0.9385820272445086,0.3921016829990549,0.3921016829990549,0.3921016829990549,0.03921016829990549,512,1305.7837346779104,8,1.0,1.0,1.0,64.0,64.0,0.04124609899918141,0.04124609899918141,1.0,1.0,1.0,64.0,64.0,0.04124609899918141,0.04124609899918141,1.0,1.0,1.0,64.0,64.0,0.04124609899918141,0.04124609899918141,1.0,2.0,2.0,128.0,128.0,0.08558157900006336,0.08558157900006336,0.3388888888888889
158,20,16139,dice_gradient_style,Custom DiCE-style gradient,11,163126269,170126269,,none_generator_only,512,no_disease_to_disease,medium_confidence,0,1,0.0017084130086004734,6.370480537414551,1,1,1.0,1.0,0.1,0.1,1.0,0.0,0.07672590762376785,0.05555555555555558,0.0,0.649970298757476,0.649970298757476,0.0,1.0,0.9615384615384616,0.9615384615384616,65,1.0,8.606098175048828,8.606098175048828,1.0,1.0,0.1,0.0,0.9928571428571429,0.11527671299882059,0.11527671299882059,,0.11527671299882059,512,4441.486807532744,1,1.0,1.0,1.0,512.0,512.0,0.11527671299882059,0.11527671299882059,0.0,,1.0,,512.0,,0.11527671299882059,0.0,,1.0,,512.0,,0.11527671299882059,0.0,,1.0,,512.0,,0.11527671299882059,0.05555555555555558
158,20,16139,wachter_style,Custom Wachter-style gradient,11,163126269,170126269,,none_generator_only,512,no_disease_to_disease,medium_confidence,0,1,0.0017084130086004734,6.370480537414551,1,1,1.0,1.0,0.1,0.1,1.0,0.0,0.07684970647096634,0.05555555555555558,0.0,0.6504447863533522,0.6504447863533522,0.0,1.0,0.9615384615384616,0.9615384615384616,65,1.0,8.607906341552734,8.607906341552734,1.0,1.0,0.1,0.0,0.9928571428571429,0.1028994309999689,0.1028994309999689,,0.1028994309999689,512,4975.732081552082,1,1.0,1.0,1.0,512.0,512.0,0.1028994309999689,0.1028994309999689,0.0,,1.0,,512.0,,0.1028994309999689,0.0,,1.0,,512.0,,0.1028994309999689,0.0,,1.0,,512.0,,0.1028994309999689,0.05555555555555558
159,20,16150,uniform_random,Uniform constrained random,11,164126272,171126272,,none_generator_only,512,no_disease_to_disease,medium_confidence,0,1,0.0026132913772016764,5.944528102874756,10,10,1.0,1.0,1.0,1.0,1.0,1.0,0.1044134721159935,0.14444444444444446,0.1391088366508484,0.7249301383183837,0.7249301383183837,0.0,0.74,0.8181818181818182,0.8181818181818182,81,1.0,5.543047904968262,0.5583138465881348,0.975,0.9,0.9,0.0,0.9772053643039278,0.368782266999915,0.368782266999915,0.368782266999915,0.0368782266999915,512,1388.3530901992042,8,1.0,1.0,1.0,64.0,64.0,0.04151992100014468,0.04151992100014468,1.0,1.0,1.0,64.0,64.0,0.04151992100014468,0.04151992100014468,1.0,1.0,1.0,64.0,64.0,0.04151992100014468,0.04151992100014468,1.0,2.0,2.0,128.0,128.0,0.08467204800035688,0.08467204800035688,0.14444444444444446
159,20,16150,genetic_cfe,Budget-matched genetic CFE,11,164126272,171126272,,none_generator_only,512,no_disease_to_disease,medium_confidence,0,1,0.0026132913772016764,5.944528102874756,10,10,1.0,1.0,1.0,1.0,1.0,1.0,0.08666680008172989,0.36666666666666664,0.09483297914266586,0.7590567851344212,0.7590567851344212,0.0,0.82,0.9393939393939394,0.9393939393939394,81,1.0,7.008115291595459,0.46500444412231445,0.95,0.9,0.9,0.0,0.9247330170578317,0.38971759299965925,0.38971759299965925,0.38971759299965925,0.03897175929996592,512,1313.771841961591,8,1.0,1.0,1.0,64.0,64.0,0.04239383300046029,0.04239383300046029,1.0,1.0,1.0,64.0,64.0,0.04239383300046029,0.04239383300046029,1.0,1.0,1.0,64.0,64.0,0.04239383300046029,0.04239383300046029,1.0,2.0,2.0,128.0,128.0,0.08538118700016639,0.08538118700016639,0.36666666666666664
159,20,16150,dice_gradient_style,Custom DiCE-style gradient,11,164126272,171126272,,none_generator_only,512,no_disease_to_disease,medium_confidence,0,1,0.0026132913772016764,5.944528102874756,1,1,1.0,1.0,0.1,0.1,1.0,0.0,0.07260997593402863,0.05555555555555558,0.0,0.6544941964140765,0.6544941964140765,0.0,1.0,0.8846153846153846,0.8846153846153846,65,1.0,8.616168975830078,8.616168975830078,1.0,1.0,0.1,0.0,0.9821428571428572,0.11817714100106969,0.11817714100106969,,0.11817714100106969,512,4332.479155130057,1,1.0,1.0,1.0,512.0,512.0,0.11817714100106969,0.11817714100106969,0.0,,1.0,,512.0,,0.11817714100106969,0.0,,1.0,,512.0,,0.11817714100106969,0.0,,1.0,,512.0,,0.11817714100106969,0.05555555555555558
159,20,16150,wachter_style,Custom Wachter-style gradient,11,164126272,171126272,,none_generator_only,512,no_disease_to_disease,medium_confidence,0,1,0.0026132913772016764,5.944528102874756,1,1,1.0,1.0,0.1,0.1,1.0,0.0,0.07294415682554245,0.05555555555555558,0.0,0.6552002500782937,0.6552002500782937,0.0,1.0,0.8846153846153846,0.8846153846153846,65,1.0,8.630388259887695,8.630388259887695,1.0,1.0,0.1,0.0,0.9821428571428572,0.10571911799888767,0.10571911799888767,,0.10571911799888767,512,4843.021864837986,1,1.0,1.0,1.0,512.0,512.0,0.10571911799888767,0.10571911799888767,0.0,,1.0,,512.0,,0.10571911799888767,0.0,,1.0,,512.0,,0.10571911799888767,0.0,,1.0,,512.0,,0.10571911799888767,0.05555555555555558
160,26,16253,uniform_random,Uniform constrained random,11,165126275,172126275,,none_generator_only,512,no_disease_to_disease,medium_confidence,0,1,0.0015284590190276504,6.4819655418396,10,10,1.0,1.0,1.0,1.0,1.0,1.0,0.09355077147483826,0.19444444444444448,0.10759583860635757,0.7295702028556628,0.7295702028556628,0.0,0.56,1.0,1.0,81,1.0,4.718949794769287,0.7829880714416504,0.9875,0.9,0.9,0.0,0.9612692503660941,0.34389231400018616,0.34389231400018616,0.34389231400018616,0.034389231400018615,512,1488.8381599587678,8,1.0,1.0,1.0,64.0,64.0,0.04400737600008142,0.04400737600008142,1.0,1.0,1.0,64.0,64.0,0.04400737600008142,0.04400737600008142,1.0,1.0,1.0,64.0,64.0,0.04400737600008142,0.04400737600008142,1.0,2.0,2.0,128.0,128.0,0.08501283800069359,0.08501283800069359,0.19444444444444448
160,26,16253,genetic_cfe,Budget-matched genetic CFE,11,165126275,172126275,,none_generator_only,512,no_disease_to_disease,medium_confidence,0,1,0.0015284590190276504,6.4819655418396,10,10,1.0,1.0,1.0,1.0,1.0,1.0,0.08175705373287201,0.31111111111111117,0.07831547409296036,0.7221697946542018,0.7221697946542018,0.0,0.19999999999999998,0.8787878787878788,0.8787878787878788,81,1.0,4.938520431518555,0.3696169853210449,0.95,0.9,0.9,0.0,0.9497195216424977,0.3822148149993154,0.3822148149993154,0.3822148149993154,0.03822148149993154,512,1339.5608435557817,8,1.0,1.0,1.0,64.0,64.0,0.041736035998837906,0.041736035998837906,1.0,1.0,1.0,64.0,64.0,0.041736035998837906,0.041736035998837906,1.0,1.0,1.0,64.0,64.0,0.041736035998837906,0.041736035998837906,1.0,2.0,2.0,128.0,128.0,0.08402096499958134,0.08402096499958134,0.31111111111111117
160,26,16253,dice_gradient_style,Custom DiCE-style gradient,11,165126275,172126275,,none_generator_only,512,no_disease_to_disease,medium_confidence,0,1,0.0015284590190276504,6.4819655418396,1,1,1.0,1.0,0.1,0.1,1.0,0.0,0.08729799091815948,0.0,0.0,0.6650348347712234,0.6650348347712234,0.0,0.0,1.0,1.0,65,1.0,10.609447479248047,10.609447479248047,1.0,1.0,0.1,0.0,1.0,0.11492508900118992,0.11492508900118992,,0.11492508900118992,512,4455.075949470866,1,1.0,1.0,1.0,512.0,512.0,0.11492508900118992,0.11492508900118992,0.0,,1.0,,512.0,,0.11492508900118992,0.0,,1.0,,512.0,,0.11492508900118992,0.0,,1.0,,512.0,,0.11492508900118992,0.0
160,26,16253,wachter_style,Custom Wachter-style gradient,11,165126275,172126275,,none_generator_only,512,no_disease_to_disease,medium_confidence,0,1,0.0015284590190276504,6.4819655418396,1,1,1.0,1.0,0.1,0.1,1.0,0.0,0.087468720972538,0.0,0.0,0.6660291358381265,0.6660291358381265,0.0,0.0,1.0,1.0,65,1.0,10.625238418579102,10.625238418579102,1.0,1.0,0.1,0.0,1.0,0.10362753300069016,0.10362753300069016,,0.10362753300069016,512,4940.771869929491,1,1.0,1.0,1.0,512.0,512.0,0.10362753300069016,0.10362753300069016,0.0,,1.0,,512.0,,0.10362753300069016,0.0,,1.0,,512.0,,0.10362753300069016,0.0,,1.0,,512.0,,0.10362753300069016,0.0
161,26,16255,uniform_random,Uniform constrained random,11,166126278,173126278,,none_generator_only,512,no_disease_to_disease,medium_confidence,0,1,0.00526211503893137,5.241946220397949,10,10,1.0,1.0,1.0,1.0,1.0,1.0,0.10260913521051407,0.18888888888888888,0.13667961955070496,0.7456901099157325,0.7456901099157325,0.0,0.8400000000000001,0.8787878787878788,0.8787878787878788,81,1.0,3.9473559856414795,0.20333051681518555,0.95,0.9,0.9,0.0,0.9594797818784541,0.35319157100093435,0.35319157100093435,0.35319157100093435,0.03531915710009344,512,1449.6382191370176,8,1.0,1.0,1.0,64.0,64.0,0.042829545000131475,0.042829545000131475,1.0,1.0,1.0,64.0,64.0,0.042829545000131475,0.042829545000131475,1.0,1.0,1.0,64.0,64.0,0.042829545000131475,0.042829545000131475,1.0,1.0,1.0,64.0,64.0,0.042829545000131475,0.042829545000131475,0.18888888888888888
161,26,16255,genetic_cfe,Budget-matched genetic CFE,11,166126278,173126278,,none_generator_only,512,no_disease_to_disease,medium_confidence,0,1,0.00526211503893137,5.241946220397949,10,10,1.0,1.0,1.0,1.0,1.0,1.0,0.08096936345100403,0.3833333333333333,0.10477927327156067,0.7507165788714694,0.7507165788714694,0.0,0.9800000000000001,0.8787878787878788,0.8787878787878788,81,1.0,6.225144386291504,0.21479463577270508,0.9625,0.9,0.9,0.0,0.92878232516276,0.42140945500068483,0.42140945500068483,0.42140945500068483,0.042140945500068486,512,1214.9703665267025,8,1.0,1.0,1.0,64.0,64.0,0.042289887000151793,0.042289887000151793,1.0,1.0,1.0,64.0,64.0,0.042289887000151793,0.042289887000151793,1.0,1.0,1.0,64.0,64.0,0.042289887000151793,0.042289887000151793,1.0,1.0,1.0,64.0,64.0,0.042289887000151793,0.042289887000151793,0.3833333333333333
161,26,16255,dice_gradient_style,Custom DiCE-style gradient,11,166126278,173126278,,none_generator_only,512,no_disease_to_disease,medium_confidence,0,1,0.00526211503893137,5.241946220397949,1,1,1.0,1.0,0.1,0.1,1.0,0.0,0.07419399917125702,0.0,0.0,0.726305864461544,0.726305864461544,0.0,1.0,0.9230769230769231,0.9230769230769231,65,1.0,10.894201278686523,10.894201278686523,1.0,1.0,0.1,0.0,1.0,0.116181430999859,0.116181430999859,,0.116181430999859,512,4406.900445223655,1,1.0,1.0,1.0,512.0,512.0,0.116181430999859,0.116181430999859,0.0,,1.0,,512.0,,0.116181430999859,0.0,,1.0,,512.0,,0.116181430999859,0.0,,1.0,,512.0,,0.116181430999859,0.0
161,26,16255,wachter_style,Custom Wachter-style gradient,11,166126278,173126278,,none_generator_only,512,no_disease_to_disease,medium_confidence,0,1,0.00526211503893137,5.241946220397949,1,1,1.0,1.0,0.1,0.1,1.0,0.0,0.07428447157144547,0.0,0.0,0.7275687727848079,0.7275687727848079,0.0,1.0,0.9230769230769231,0.9230769230769231,65,1.0,11.036508560180664,11.036508560180664,1.0,1.0,0.1,0.0,1.0,0.1049382550008886,0.1049382550008886,,0.1049382550008886,512,4879.059595527527,1,1.0,1.0,1.0,512.0,512.0,0.1049382550008886,0.1049382550008886,0.0,,1.0,,512.0,,0.1049382550008886,0.0,,1.0,,512.0,,0.1049382550008886,0.0,,1.0,,512.0,,0.1049382550008886,0.0
162,26,16259,uniform_random,Uniform constrained random,11,167126281,174126281,,none_generator_only,512,no_disease_to_disease,medium_confidence,0,1,0.0018583392957225442,6.286211967468262,10,10,1.0,1.0,1.0,1.0,1.0,1.0,0.09252474457025528,0.2333333333333333,0.12007007747888565,0.6723612768168371,0.6723612768168371,0.0,0.5,0.7878787878787878,0.7878787878787878,81,1.0,3.2843995094299316,0.7553296089172363,0.95,0.7,0.7,0.0,0.9473174016327233,0.351647575998868,0.351647575998868,0.351647575998868,0.0351647575998868,512,1456.0032115837712,8,1.0,1.0,1.0,64.0,64.0,0.043314814000041224,0.043314814000041224,1.0,1.0,1.0,64.0,64.0,0.043314814000041224,0.043314814000041224,1.0,1.0,1.0,64.0,64.0,0.043314814000041224,0.043314814000041224,1.0,1.0,1.0,64.0,64.0,0.043314814000041224,0.043314814000041224,0.2333333333333333
162,26,16259,genetic_cfe,Budget-matched genetic CFE,11,167126281,174126281,,none_generator_only,512,no_disease_to_disease,medium_confidence,0,1,0.0018583392957225442,6.286211967468262,10,10,1.0,1.0,1.0,1.0,1.0,1.0,0.07940315455198288,0.4333333333333333,0.08871809393167496,0.7243509971045877,0.7243509971045877,0.0,0.42000000000000004,0.8181818181818182,0.8181818181818182,81,1.0,4.592800617218018,0.10065793991088867,0.95,0.9,0.9,0.0,0.9279503457526829,0.3988490859992453,0.3988490859992453,0.3988490859992453,0.03988490859992453,512,1283.6935522047775,8,1.0,1.0,1.0,64.0,64.0,0.04236056099944108,0.04236056099944108,1.0,1.0,1.0,64.0,64.0,0.04236056099944108,0.04236056099944108,1.0,1.0,1.0,64.0,64.0,0.04236056099944108,0.04236056099944108,1.0,1.0,1.0,64.0,64.0,0.04236056099944108,0.04236056099944108,0.4333333333333333
162,26,16259,dice_gradient_style,Custom DiCE-style gradient,11,167126281,174126281,,none_generator_only,512,no_disease_to_disease,medium_confidence,0,1,0.0018583392957225442,6.286211967468262,1,1,1.0,1.0,0.1,0.1,1.0,0.0,0.08486219495534897,0.0,0.0,0.6417189849483302,0.6417189849483302,0.0,0.2,1.0,1.0,65,1.0,10.349340438842773,10.349340438842773,1.0,1.0,0.1,0.0,1.0,0.11888318899946171,0.11888318899946171,,0.11888318899946171,512,4306.7485344990055,1,1.0,1.0,1.0,512.0,512.0,0.11888318899946171,0.11888318899946171,0.0,,1.0,,512.0,,0.11888318899946171,0.0,,1.0,,512.0,,0.11888318899946171,0.0,,1.0,,512.0,,0.11888318899946171,0.0
162,26,16259,wachter_style,Custom Wachter-style gradient,11,167126281,174126281,,none_generator_only,512,no_disease_to_disease,medium_confidence,0,1,0.0018583392957225442,6.286211967468262,1,1,1.0,1.0,0.1,0.1,1.0,0.0,0.08500023931264877,0.0,0.0,0.6422900312657691,0.6422900312657691,0.0,0.2,1.0,1.0,65,1.0,10.360994338989258,10.360994338989258,1.0,1.0,0.1,0.0,1.0,0.10403745900111971,0.10403745900111971,,0.10403745900111971,512,4921.304354371915,1,1.0,1.0,1.0,512.0,512.0,0.10403745900111971,0.10403745900111971,0.0,,1.0,,512.0,,0.10403745900111971,0.0,,1.0,,512.0,,0.10403745900111971,0.0,,1.0,,512.0,,0.10403745900111971,0.0
163,26,16458,uniform_random,Uniform constrained random,11,168126284,175126284,,none_generator_only,512,no_disease_to_disease,medium_confidence,0,1,0.0025218441151082516,5.9802398681640625,10,10,1.0,1.0,1.0,1.0,1.0,1.0,0.09898186475038528,0.16666666666666666,0.1174359992146492,0.6391086922153187,0.6391086922153187,0.0,0.24000000000000005,0.8787878787878788,0.8787878787878788,81,1.0,5.610983371734619,0.10822582244873047,0.875,0.8,0.8,0.0,0.9710781897982954,0.36043203300141613,0.36043203300141613,0.36043203300141613,0.036043203300141616,512,1420.517471037288,8,1.0,1.0,1.0,64.0,64.0,0.04361438200066914,0.04361438200066914,1.0,1.0,1.0,64.0,64.0,0.04361438200066914,0.04361438200066914,1.0,1.0,1.0,64.0,64.0,0.04361438200066914,0.04361438200066914,1.0,1.0,1.0,64.0,64.0,0.04361438200066914,0.04361438200066914,0.16666666666666666
163,26,16458,genetic_cfe,Budget-matched genetic CFE,11,168126284,175126284,,none_generator_only,512,no_disease_to_disease,medium_confidence,0,1,0.0025218441151082516,5.9802398681640625,10,10,1.0,1.0,1.0,1.0,1.0,1.0,0.09077472239732742,0.4111111111111111,0.08212391287088394,0.6871522454243483,0.6871522454243483,0.1,0.8799999999999999,0.7575757575757576,0.7575757575757576,81,1.0,12.573528289794922,2.042489528656006,1.0,1.0,1.0,1.0,0.9303361577955845,0.39804732400079956,0.39804732400079956,0.39804732400079956,0.03980473240007996,512,1286.2792163852646,8,1.0,1.0,1.0,64.0,64.0,0.041594667000026675,0.041594667000026675,1.0,1.0,1.0,64.0,64.0,0.041594667000026675,0.041594667000026675,1.0,1.0,1.0,64.0,64.0,0.041594667000026675,0.041594667000026675,1.0,1.0,1.0,64.0,64.0,0.041594667000026675,0.041594667000026675,0.4111111111111111
163,26,16458,dice_gradient_style,Custom DiCE-style gradient,11,168126284,175126284,,none_generator_only,512,no_disease_to_disease,medium_confidence,0,1,0.0025218441151082516,5.9802398681640625,1,1,1.0,1.0,0.1,0.1,1.0,0.0,0.07708676159381866,0.05555555555555558,0.0,0.4923697145322543,0.4923697145322543,0.0,0.4,1.0,1.0,65,1.0,9.797733306884766,9.797733306884766,1.0,1.0,0.1,0.0,0.9928571428571429,0.11546859800000675,0.11546859800000675,,0.11546859800000675,512,4434.105972257237,1,1.0,1.0,1.0,512.0,512.0,0.11546859800000675,0.11546859800000675,0.0,,1.0,,512.0,,0.11546859800000675,0.0,,1.0,,512.0,,0.11546859800000675,0.0,,1.0,,512.0,,0.11546859800000675,0.05555555555555558
163,26,16458,wachter_style,Custom Wachter-style gradient,11,168126284,175126284,,none_generator_only,512,no_disease_to_disease,medium_confidence,0,1,0.0025218441151082516,5.9802398681640625,1,1,1.0,1.0,0.1,0.1,1.0,0.0,0.07733165472745895,0.05555555555555558,0.0,0.4931535824135611,0.4931535824135611,0.0,0.4,1.0,1.0,65,1.0,9.80765151977539,9.80765151977539,1.0,1.0,0.1,0.0,0.9928571428571429,0.11064763699869218,0.11064763699869218,,0.11064763699869218,512,4627.301710980521,1,1.0,1.0,1.0,512.0,512.0,0.11064763699869218,0.11064763699869218,0.0,,1.0,,512.0,,0.11064763699869218,0.0,,1.0,,512.0,,0.11064763699869218,0.0,,1.0,,512.0,,0.11064763699869218,0.05555555555555558
164,26,16488,uniform_random,Uniform constrained random,11,169126287,176126287,,none_generator_only,512,no_disease_to_disease,medium_confidence,0,1,0.002795115578919649,5.877082824707031,10,10,1.0,1.0,1.0,1.0,1.0,1.0,0.1004072055220604,0.17777777777777776,0.1275666505098343,0.599950658943281,0.599950658943281,0.1,0.6399999999999999,0.5757575757575758,0.5757575757575758,81,1.0,2.4294252395629883,0.32306623458862305,0.9,0.7,0.7,0.0,0.961522047806044,0.35922848399968643,0.35922848399968643,0.35922848399968643,0.03592284839996864,512,1425.2767327895049,8,1.0,1.0,1.0,64.0,64.0,0.04119245400033833,0.04119245400033833,1.0,1.0,1.0,64.0,64.0,0.04119245400033833,0.04119245400033833,1.0,1.0,1.0,64.0,64.0,0.04119245400033833,0.04119245400033833,1.0,1.0,1.0,64.0,64.0,0.04119245400033833,0.04119245400033833,0.17777777777777776
164,26,16488,genetic_cfe,Budget-matched genetic CFE,11,169126287,176126287,,none_generator_only,512,no_disease_to_disease,medium_confidence,0,1,0.002795115578919649,5.877082824707031,10,10,1.0,1.0,1.0,1.0,1.0,1.0,0.08679570257663727,0.32222222222222224,0.0865882858633995,0.6522776715550342,0.6522776715550342,0.0,0.64,0.8484848484848485,0.8484848484848485,81,1.0,6.282849311828613,0.5341134071350098,0.975,0.9,0.9,0.0,0.9543341771379928,0.38662793899857206,0.38662793899857206,0.38662793899857206,0.038662793899857203,512,1324.2705670111725,8,1.0,1.0,1.0,64.0,64.0,0.04179502399892954,0.04179502399892954,1.0,1.0,1.0,64.0,64.0,0.04179502399892954,0.04179502399892954,1.0,1.0,1.0,64.0,64.0,0.04179502399892954,0.04179502399892954,1.0,1.0,1.0,64.0,64.0,0.04179502399892954,0.04179502399892954,0.32222222222222224
164,26,16488,dice_gradient_style,Custom DiCE-style gradient,11,169126287,176126287,,none_generator_only,512,no_disease_to_disease,medium_confidence,0,1,0.002795115578919649,5.877082824707031,1,1,1.0,1.0,0.1,0.1,1.0,0.0,0.07799576967954636,0.05555555555555558,0.0,0.5008247015634945,0.5008247015634945,0.0,0.0,0.9230769230769231,0.9230769230769231,65,1.0,9.648248672485352,9.648248672485352,1.0,1.0,0.1,0.0,1.0,0.11571743700005754,0.11571743700005754,,0.11571743700005754,512,4424.570862209343,1,1.0,1.0,1.0,512.0,512.0,0.11571743700005754,0.11571743700005754,0.0,,1.0,,512.0,,0.11571743700005754,0.0,,1.0,,512.0,,0.11571743700005754,0.0,,1.0,,512.0,,0.11571743700005754,0.05555555555555558
164,26,16488,wachter_style,Custom Wachter-style gradient,11,169126287,176126287,,none_generator_only,512,no_disease_to_disease,medium_confidence,0,1,0.002795115578919649,5.877082824707031,1,1,1.0,1.0,0.1,0.1,1.0,0.0,0.07806508243083954,0.05555555555555558,0.0,0.5009797968775238,0.5009797968775238,0.0,0.0,0.9230769230769231,0.9230769230769231,65,1.0,9.651865005493164,9.651865005493164,1.0,1.0,0.1,0.0,1.0,0.10613298600037524,0.10613298600037524,,0.10613298600037524,512,4824.1363905298,1,1.0,1.0,1.0,512.0,512.0,0.10613298600037524,0.10613298600037524,0.0,,1.0,,512.0,,0.10613298600037524,0.0,,1.0,,512.0,,0.10613298600037524,0.0,,1.0,,512.0,,0.10613298600037524,0.05555555555555558
165,26,16588,uniform_random,Uniform constrained random,11,170126290,177126290,,none_generator_only,512,no_disease_to_disease,medium_confidence,0,1,0.0055880118161439896,5.181528091430664,10,10,1.0,1.0,1.0,1.0,1.0,1.0,0.08742839097976685,0.21111111111111108,0.1103297770023346,0.6447625401622612,0.6447625401622612,0.0,0.34,0.8484848484848485,0.8484848484848485,81,1.0,3.3919894695281982,0.2622685432434082,0.8875,0.6,0.6,0.0,0.955229170231487,0.3521052430005511,0.3521052430005511,0.3521052430005511,0.03521052430005511,512,1454.1106961000255,8,1.0,1.0,1.0,64.0,64.0,0.04147790000024543,0.04147790000024543,1.0,1.0,1.0,64.0,64.0,0.04147790000024543,0.04147790000024543,1.0,1.0,1.0,64.0,64.0,0.04147790000024543,0.04147790000024543,1.0,1.0,1.0,64.0,64.0,0.04147790000024543,0.04147790000024543,0.21111111111111108
165,26,16588,genetic_cfe,Budget-matched genetic CFE,11,170126290,177126290,,none_generator_only,512,no_disease_to_disease,medium_confidence,0,1,0.0055880118161439896,5.181528091430664,10,10,1.0,1.0,1.0,1.0,1.0,1.0,0.06569226831197739,0.4111111111111111,0.07764796167612076,0.6176486869464861,0.6176486869464861,0.0,0.24,0.7272727272727273,0.7272727272727273,81,1.0,3.4432384967803955,0.111236572265625,0.875,0.7,0.7,0.0,0.9249444366207221,0.40705293900100514,0.40705293900100514,0.40705293900100514,0.04070529390010051,512,1257.8216515437953,8,1.0,1.0,1.0,64.0,64.0,0.04340319900074974,0.04340319900074974,1.0,1.0,1.0,64.0,64.0,0.04340319900074974,0.04340319900074974,1.0,1.0,1.0,64.0,64.0,0.04340319900074974,0.04340319900074974,1.0,1.0,1.0,64.0,64.0,0.04340319900074974,0.04340319900074974,0.4111111111111111
165,26,16588,dice_gradient_style,Custom DiCE-style gradient,11,170126290,177126290,,none_generator_only,512,no_disease_to_disease,medium_confidence,0,1,0.0055880118161439896,5.181528091430664,1,1,1.0,1.0,0.1,0.1,1.0,0.0,0.07589507102966309,0.05555555555555558,0.0,0.542549243476867,0.542549243476867,0.0,0.0,0.9615384615384616,0.9615384615384616,65,1.0,9.304403305053711,9.304403305053711,1.0,1.0,0.1,0.0,0.9857142857142858,0.11078755999915302,0.11078755999915302,,0.11078755999915302,512,4621.457499415225,1,1.0,1.0,1.0,512.0,512.0,0.11078755999915302,0.11078755999915302,0.0,,1.0,,512.0,,0.11078755999915302,0.0,,1.0,,512.0,,0.11078755999915302,0.0,,1.0,,512.0,,0.11078755999915302,0.05555555555555558
165,26,16588,wachter_style,Custom Wachter-style gradient,11,170126290,177126290,,none_generator_only,512,no_disease_to_disease,medium_confidence,0,1,0.0055880118161439896,5.181528091430664,1,1,1.0,1.0,0.1,0.1,1.0,0.0,0.07586009055376053,0.05555555555555558,0.0,0.5422050184584343,0.5422050184584343,0.0,0.0,0.9615384615384616,0.9615384615384616,65,1.0,9.316659927368164,9.316659927368164,1.0,1.0,0.1,0.0,0.9857142857142858,0.10015062200000102,0.10015062200000102,,0.10015062200000102,512,5112.299751867689,1,1.0,1.0,1.0,512.0,512.0,0.10015062200000102,0.10015062200000102,0.0,,1.0,,512.0,,0.10015062200000102,0.0,,1.0,,512.0,,0.10015062200000102,0.0,,1.0,,512.0,,0.10015062200000102,0.05555555555555558
166,26,16589,uniform_random,Uniform constrained random,11,171126293,178126293,,none_generator_only,512,no_disease_to_disease,medium_confidence,0,1,0.008558966219425201,4.752180099487305,10,10,1.0,1.0,1.0,1.0,1.0,1.0,0.08018170297145844,0.2,0.10111076384782791,0.5734737083770707,0.5734737083770707,0.0,0.18,0.8484848484848485,0.8484848484848485,81,1.0,2.43192458152771,0.46369218826293945,0.95,0.7,0.7,0.0,0.9531647104333647,0.37575930899947707,0.37575930899947707,0.37575930899947707,0.03757593089994771,512,1362.5743600691808,8,1.0,1.0,1.0,64.0,64.0,0.04532617199947708,0.04532617199947708,1.0,1.0,1.0,64.0,64.0,0.04532617199947708,0.04532617199947708,1.0,1.0,1.0,64.0,64.0,0.04532617199947708,0.04532617199947708,1.0,1.0,1.0,64.0,64.0,0.04532617199947708,0.04532617199947708,0.2
166,26,16589,genetic_cfe,Budget-matched genetic CFE,11,171126293,178126293,,none_generator_only,512,no_disease_to_disease,medium_confidence,0,1,0.008558966219425201,4.752180099487305,10,10,1.0,1.0,1.0,1.0,1.0,1.0,0.07351610064506531,0.41666666666666663,0.07597539573907852,0.6019436262648752,0.6019436262648752,0.0,0.34,0.8181818181818182,0.8181818181818182,81,1.0,3.0781095027923584,0.1730952262878418,0.925,0.7,0.7,0.0,0.9127928437356354,0.40011264399981883,0.40011264399981883,0.40011264399981883,0.040011264399981886,512,1279.6396406813674,8,1.0,1.0,1.0,64.0,64.0,0.04178122700068343,0.04178122700068343,1.0,1.0,1.0,64.0,64.0,0.04178122700068343,0.04178122700068343,1.0,1.0,1.0,64.0,64.0,0.04178122700068343,0.04178122700068343,1.0,1.0,1.0,64.0,64.0,0.04178122700068343,0.04178122700068343,0.41666666666666663
166,26,16589,dice_gradient_style,Custom DiCE-style gradient,11,171126293,178126293,,none_generator_only,512,no_disease_to_disease,medium_confidence,0,1,0.008558966219425201,4.752180099487305,1,1,1.0,1.0,0.1,0.1,1.0,0.0,0.07297767698764801,0.05555555555555558,0.0,0.49415589094511675,0.49415589094511675,0.0,0.0,0.9615384615384616,0.9615384615384616,65,1.0,9.899171829223633,9.899171829223633,1.0,1.0,0.1,0.0,1.0,0.1093062159998226,0.1093062159998226,,0.1093062159998226,512,4684.088597494135,1,1.0,1.0,1.0,512.0,512.0,0.1093062159998226,0.1093062159998226,0.0,,1.0,,512.0,,0.1093062159998226,0.0,,1.0,,512.0,,0.1093062159998226,0.0,,1.0,,512.0,,0.1093062159998226,0.05555555555555558
166,26,16589,wachter_style,Custom Wachter-style gradient,11,171126293,178126293,,none_generator_only,512,no_disease_to_disease,medium_confidence,0,1,0.008558966219425201,4.752180099487305,1,1,1.0,1.0,0.1,0.1,1.0,0.0,0.07330077886581421,0.05555555555555558,0.0,0.4981830272459752,0.4981830272459752,0.0,0.0,0.9615384615384616,0.9615384615384616,65,1.0,9.911283493041992,9.911283493041992,1.0,1.0,0.1,0.0,1.0,0.10597331700046198,0.10597331700046198,,0.10597331700046198,512,4831.404871452387,1,1.0,1.0,1.0,512.0,512.0,0.10597331700046198,0.10597331700046198,0.0,,1.0,,512.0,,0.10597331700046198,0.0,,1.0,,512.0,,0.10597331700046198,0.0,,1.0,,512.0,,0.10597331700046198,0.05555555555555558
167,2,952,uniform_random,Uniform constrained random,11,172126296,179126296,,none_generator_only,512,no_disease_to_disease,high_confidence,0,1,0.0014225703198462725,6.553866386413574,10,10,1.0,1.0,1.0,1.0,1.0,1.0,0.1016542911529541,0.22777777777777777,0.13624335825443268,0.7227827122282193,0.7227827122282193,0.0,0.8800000000000001,0.7575757575757576,0.7575757575757576,81,1.0,6.170206546783447,0.2501959800720215,0.95,0.8,0.8,0.0,0.9514179846609025,0.3586555189995124,0.3586555189995124,0.3586555189995124,0.03586555189995124,512,1427.5536632706774,8,1.0,1.0,1.0,64.0,64.0,0.04170472999976482,0.04170472999976482,1.0,1.0,1.0,64.0,64.0,0.04170472999976482,0.04170472999976482,1.0,1.0,1.0,64.0,64.0,0.04170472999976482,0.04170472999976482,1.0,1.0,1.0,64.0,64.0,0.04170472999976482,0.04170472999976482,0.22777777777777777
167,2,952,genetic_cfe,Budget-matched genetic CFE,11,172126296,179126296,,none_generator_only,512,no_disease_to_disease,high_confidence,0,1,0.0014225703198462725,6.553866386413574,10,10,1.0,1.0,1.0,1.0,1.0,1.0,0.07803703099489212,0.38888888888888884,0.08560803532600403,0.651252243201935,0.651252243201935,0.0,0.8,0.9696969696969697,0.9696969696969697,81,1.0,5.527092933654785,0.2501959800720215,0.9875,0.9,0.9,0.0,0.9213998063128498,0.39947464000033506,0.39947464000033506,0.39947464000033506,0.0399474640000335,512,1281.6833629277958,8,1.0,1.0,1.0,64.0,64.0,0.041200954001396894,0.041200954001396894,1.0,1.0,1.0,64.0,64.0,0.041200954001396894,0.041200954001396894,1.0,1.0,1.0,64.0,64.0,0.041200954001396894,0.041200954001396894,1.0,1.0,1.0,64.0,64.0,0.041200954001396894,0.041200954001396894,0.38888888888888884
167,2,952,dice_gradient_style,Custom DiCE-style gradient,11,172126296,179126296,,none_generator_only,512,no_disease_to_disease,high_confidence,0,1,0.0014225703198462725,6.553866386413574,1,1,1.0,1.0,0.1,0.1,1.0,0.0,0.07359863817691803,0.05555555555555558,0.0,0.5699208261654629,0.5699208261654629,0.0,0.8,0.9615384615384616,0.9615384615384616,65,1.0,10.86277961730957,10.86277961730957,1.0,1.0,0.1,0.0,1.0,0.1168633650013362,0.1168633650013362,,0.1168633650013362,512,4381.18481351402,1,1.0,1.0,1.0,512.0,512.0,0.1168633650013362,0.1168633650013362,0.0,,1.0,,512.0,,0.1168633650013362,0.0,,1.0,,512.0,,0.1168633650013362,0.0,,1.0,,512.0,,0.1168633650013362,0.05555555555555558
167,2,952,wachter_style,Custom Wachter-style gradient,11,172126296,179126296,,none_generator_only,512,no_disease_to_disease,high_confidence,0,1,0.0014225703198462725,6.553866386413574,1,1,1.0,1.0,0.1,0.1,1.0,0.0,0.07418574392795563,0.05555555555555558,0.0,0.5711912194956325,0.5711912194956325,0.0,0.8,0.9615384615384616,0.9615384615384616,65,1.0,10.876880645751953,10.876880645751953,1.0,1.0,0.1,0.0,1.0,0.1072888429989689,0.1072888429989689,,0.1072888429989689,512,4772.164427245437,1,1.0,1.0,1.0,512.0,512.0,0.1072888429989689,0.1072888429989689,0.0,,1.0,,512.0,,0.1072888429989689,0.0,,1.0,,512.0,,0.1072888429989689,0.0,,1.0,,512.0,,0.1072888429989689,0.05555555555555558
168,2,1320,uniform_random,Uniform constrained random,11,173126299,180126299,,none_generator_only,512,no_disease_to_disease,high_confidence,0,1,0.0012187921674922109,6.708675384521484,10,10,1.0,1.0,1.0,1.0,1.0,1.0,0.07887321710586548,0.2,0.0953747034072876,0.5582342460459554,0.5582342460459554,0.0,0.76,0.8484848484848485,0.8484848484848485,81,1.0,2.979567050933838,0.26475000381469727,0.8625,0.6,0.6,0.0,0.9522214345177481,0.3614748370000598,0.3614748370000598,0.3614748370000598,0.03614748370000598,512,1416.41947818325,8,1.0,1.0,1.0,64.0,64.0,0.042931140000291634,0.042931140000291634,1.0,1.0,1.0,64.0,64.0,0.042931140000291634,0.042931140000291634,1.0,1.0,1.0,64.0,64.0,0.042931140000291634,0.042931140000291634,1.0,1.0,1.0,64.0,64.0,0.042931140000291634,0.042931140000291634,0.2
168,2,1320,genetic_cfe,Budget-matched genetic CFE,11,173126299,180126299,,none_generator_only,512,no_disease_to_disease,high_confidence,0,1,0.0012187921674922109,6.708675384521484,10,10,1.0,1.0,1.0,1.0,1.0,1.0,0.07434680312871933,0.41666666666666663,0.08054251968860626,0.5694326059276436,0.5694326059276436,0.2,0.64,0.9090909090909091,0.9090909090909091,81,1.0,2.5377392768859863,0.1901555061340332,0.85,0.5,0.5,0.0,0.9416239428001442,0.4067738680005277,0.4067738680005277,0.4067738680005277,0.04067738680005277,512,1258.6845918020863,8,1.0,1.0,1.0,64.0,64.0,0.04320743100106483,0.04320743100106483,1.0,1.0,1.0,64.0,64.0,0.04320743100106483,0.04320743100106483,1.0,1.0,1.0,64.0,64.0,0.04320743100106483,0.04320743100106483,1.0,1.0,1.0,64.0,64.0,0.04320743100106483,0.04320743100106483,0.41666666666666663
168,2,1320,dice_gradient_style,Custom DiCE-style gradient,11,173126299,180126299,,none_generator_only,512,no_disease_to_disease,high_confidence,0,1,0.0012187921674922109,6.708675384521484,1,1,1.0,1.0,0.1,0.1,1.0,0.0,0.07563211768865585,0.05555555555555558,0.0,0.5508326191318319,0.5508326191318319,0.0,1.0,0.9230769230769231,0.9230769230769231,65,1.0,11.214876174926758,11.214876174926758,1.0,1.0,0.1,0.0,1.0,0.11354646300060267,0.11354646300060267,,0.11354646300060267,512,4509.167317675782,1,1.0,1.0,1.0,512.0,512.0,0.11354646300060267,0.11354646300060267,0.0,,1.0,,512.0,,0.11354646300060267,0.0,,1.0,,512.0,,0.11354646300060267,0.0,,1.0,,512.0,,0.11354646300060267,0.05555555555555558
168,2,1320,wachter_style,Custom Wachter-style gradient,11,173126299,180126299,,none_generator_only,512,no_disease_to_disease,high_confidence,0,1,0.0012187921674922109,6.708675384521484,1,1,1.0,1.0,0.1,0.1,1.0,0.0,0.07609739899635315,0.05555555555555558,0.0,0.552110476144101,0.552110476144101,0.0,1.0,0.9230769230769231,0.9230769230769231,65,1.0,11.215473175048828,11.215473175048828,1.0,1.0,0.1,0.0,1.0,0.10699298399958934,0.10699298399958934,,0.10699298399958934,512,4785.360505525906,1,1.0,1.0,1.0,512.0,512.0,0.10699298399958934,0.10699298399958934,0.0,,1.0,,512.0,,0.10699298399958934,0.0,,1.0,,512.0,,0.10699298399958934,0.0,,1.0,,512.0,,0.10699298399958934,0.05555555555555558
169,2,1400,uniform_random,Uniform constrained random,11,174126302,181126302,,none_generator_only,512,no_disease_to_disease,high_confidence,0,1,0.00039695799932815135,7.831283092498779,10,10,1.0,1.0,1.0,1.0,1.0,1.0,0.1118120327591896,0.22222222222222224,0.14335119724273682,0.7687627503262093,0.7687627503262093,0.0,0.8,0.8484848484848485,0.8484848484848485,81,1.0,9.576288223266602,0.753699779510498,0.9875,0.9,0.9,0.0,0.9638416901404943,0.35733471599996847,0.35733471599996847,0.35733471599996847,0.03573347159999685,512,1432.830276697899,8,1.0,1.0,1.0,64.0,64.0,0.04271430500011775,0.04271430500011775,1.0,1.0,1.0,64.0,64.0,0.04271430500011775,0.04271430500011775,1.0,1.0,1.0,64.0,64.0,0.04271430500011775,0.04271430500011775,1.0,2.0,2.0,128.0,128.0,0.08544461299970862,0.08544461299970862,0.22222222222222224
169,2,1400,genetic_cfe,Budget-matched genetic CFE,11,174126302,181126302,,none_generator_only,512,no_disease_to_disease,high_confidence,0,1,0.00039695799932815135,7.831283092498779,10,10,1.0,1.0,1.0,1.0,1.0,1.0,0.07643956691026688,0.3833333333333333,0.08928949385881424,0.6710246102545844,0.6710246102545844,0.0,0.96,0.9090909090909091,0.9090909090909091,81,1.0,6.0079026222229,1.2773442268371582,0.975,0.8,0.8,0.0,0.9217818738148527,0.3900150379995466,0.3900150379995466,0.3900150379995466,0.039001503799954665,512,1312.7698937613661,8,1.0,1.0,1.0,64.0,64.0,0.04222646000016539,0.04222646000016539,1.0,1.0,1.0,64.0,64.0,0.04222646000016539,0.04222646000016539,1.0,1.0,1.0,64.0,64.0,0.04222646000016539,0.04222646000016539,1.0,2.0,2.0,128.0,128.0,0.08578788699924189,0.08578788699924189,0.3833333333333333
169,2,1400,dice_gradient_style,Custom DiCE-style gradient,11,174126302,181126302,,none_generator_only,512,no_disease_to_disease,high_confidence,0,1,0.00039695799932815135,7.831283092498779,1,1,1.0,1.0,0.1,0.1,1.0,0.0,0.07943181693553925,0.05555555555555558,0.0,0.5938650220595137,0.5938650220595137,0.0,1.0,1.0,1.0,65,1.0,11.306440353393555,11.306440353393555,1.0,1.0,0.1,0.0,0.9892857142857143,0.11592863499936357,0.11592863499936357,,0.11592863499936357,512,4416.5102090851915,1,1.0,1.0,1.0,512.0,512.0,0.11592863499936357,0.11592863499936357,0.0,,1.0,,512.0,,0.11592863499936357,0.0,,1.0,,512.0,,0.11592863499936357,0.0,,1.0,,512.0,,0.11592863499936357,0.05555555555555558
169,2,1400,wachter_style,Custom Wachter-style gradient,11,174126302,181126302,,none_generator_only,512,no_disease_to_disease,high_confidence,0,1,0.00039695799932815135,7.831283092498779,1,1,1.0,1.0,0.1,0.1,1.0,0.0,0.07976578176021576,0.05555555555555558,0.0,0.5944207358414394,0.5944207358414394,0.0,1.0,1.0,1.0,65,1.0,11.312877655029297,11.312877655029297,1.0,1.0,0.1,0.0,0.9892857142857143,0.1039864310005214,0.1039864310005214,,0.1039864310005214,512,4923.719326393967,1,1.0,1.0,1.0,512.0,512.0,0.1039864310005214,0.1039864310005214,0.0,,1.0,,512.0,,0.1039864310005214,0.0,,1.0,,512.0,,0.1039864310005214,0.0,,1.0,,512.0,,0.1039864310005214,0.05555555555555558
170,2,1478,uniform_random,Uniform constrained random,11,175126305,182126305,,none_generator_only,512,no_disease_to_disease,high_confidence,0,1,0.0005625728517770767,7.48242712020874,10,10,1.0,1.0,1.0,1.0,1.0,1.0,0.096236452460289,0.3055555555555555,0.1164756566286087,0.8615862210025073,0.8615862210025073,0.0,0.5999999999999999,0.8181818181818182,0.8181818181818182,81,1.0,6.795131683349609,0.8299031257629395,0.975,0.9,0.9,0.0,0.9676125136801674,0.35586648599928594,0.35586648599928594,0.35586648599928594,0.03558664859992859,512,1438.7418319606172,8,1.0,1.0,1.0,64.0,64.0,0.043019546999857994,0.043019546999857994,1.0,1.0,1.0,64.0,64.0,0.043019546999857994,0.043019546999857994,1.0,1.0,1.0,64.0,64.0,0.043019546999857994,0.043019546999857994,1.0,1.0,1.0,64.0,64.0,0.043019546999857994,0.043019546999857994,0.3055555555555555
170,2,1478,genetic_cfe,Budget-matched genetic CFE,11,175126305,182126305,,none_generator_only,512,no_disease_to_disease,high_confidence,0,1,0.0005625728517770767,7.48242712020874,10,10,1.0,1.0,1.0,1.0,1.0,1.0,0.07164798676967621,0.4111111111111111,0.0772419273853302,0.7637160857129512,0.7637160857129512,0.0,0.62,0.8787878787878788,0.8787878787878788,81,1.0,6.777824401855469,0.8247828483581543,0.9875,0.9,0.9,0.0,0.9338087244563216,0.41627032099859207,0.41627032099859207,0.41627032099859207,0.041627032099859206,512,1229.9699838599151,8,1.0,1.0,1.0,64.0,64.0,0.04393691299992497,0.04393691299992497,1.0,1.0,1.0,64.0,64.0,0.04393691299992497,0.04393691299992497,1.0,1.0,1.0,64.0,64.0,0.04393691299992497,0.04393691299992497,1.0,1.0,1.0,64.0,64.0,0.04393691299992497,0.04393691299992497,0.4111111111111111
170,2,1478,dice_gradient_style,Custom DiCE-style gradient,11,175126305,182126305,,none_generator_only,512,no_disease_to_disease,high_confidence,0,1,0.0005625728517770767,7.48242712020874,1,1,1.0,1.0,0.1,0.1,1.0,0.0,0.07762162387371063,0.05555555555555558,0.0,0.7126241461551919,0.7126241461551919,0.0,0.6,0.8461538461538461,0.8461538461538461,65,1.0,11.112892150878906,11.112892150878906,1.0,1.0,0.1,0.0,0.9964285714285714,0.12067630300043675,0.12067630300043675,,0.12067630300043675,512,4242.755099964796,1,1.0,1.0,1.0,512.0,512.0,0.12067630300043675,0.12067630300043675,0.0,,1.0,,512.0,,0.12067630300043675,0.0,,1.0,,512.0,,0.12067630300043675,0.0,,1.0,,512.0,,0.12067630300043675,0.05555555555555558
170,2,1478,wachter_style,Custom Wachter-style gradient,11,175126305,182126305,,none_generator_only,512,no_disease_to_disease,high_confidence,0,1,0.0005625728517770767,7.48242712020874,1,1,1.0,1.0,0.1,0.1,1.0,0.0,0.07829809188842773,0.05555555555555558,0.0,0.7113710579050904,0.7113710579050904,0.0,0.6,0.8461538461538461,0.8461538461538461,65,1.0,11.12247085571289,11.12247085571289,1.0,1.0,0.1,0.0,0.9964285714285714,0.10677369000040926,0.10677369000040926,,0.10677369000040926,512,4795.188777291836,1,1.0,1.0,1.0,512.0,512.0,0.10677369000040926,0.10677369000040926,0.0,,1.0,,512.0,,0.10677369000040926,0.0,,1.0,,512.0,,0.10677369000040926,0.0,,1.0,,512.0,,0.10677369000040926,0.05555555555555558
171,2,2560,uniform_random,Uniform constrained random,11,176126308,183126308,,none_generator_only,512,no_disease_to_disease,high_confidence,0,1,0.0008743730140849948,7.041128635406494,10,10,1.0,1.0,1.0,1.0,1.0,1.0,0.09838610142469406,0.21111111111111108,0.12368956953287125,0.754088678973982,0.754088678973982,0.3,0.42000000000000004,0.7575757575757576,0.7575757575757576,81,1.0,4.153146743774414,0.23290681838989258,0.9125,0.7,0.7,0.0,0.9638424730945362,0.39202164899870695,0.39202164899870695,0.39202164899870695,0.039202164899870696,512,1306.0503196895863,8,1.0,1.0,1.0,64.0,64.0,0.0674846379988594,0.0674846379988594,1.0,1.0,1.0,64.0,64.0,0.0674846379988594,0.0674846379988594,1.0,1.0,1.0,64.0,64.0,0.0674846379988594,0.0674846379988594,1.0,1.0,1.0,64.0,64.0,0.0674846379988594,0.0674846379988594,0.21111111111111108
171,2,2560,genetic_cfe,Budget-matched genetic CFE,11,176126308,183126308,,none_generator_only,512,no_disease_to_disease,high_confidence,0,1,0.0008743730140849948,7.041128635406494,10,10,1.0,1.0,1.0,1.0,1.0,1.0,0.09567980468273163,0.34444444444444444,0.097732774913311,0.8515282248470507,0.8515282248470507,0.0,0.38,0.9696969696969697,0.9696969696969697,81,1.0,6.504311561584473,0.8579421043395996,0.9625,0.8,0.8,0.0,0.9381467021303977,0.40662793800038344,0.40662793800038344,0.40662793800038344,0.040662793800038344,512,1259.1363065651362,8,1.0,1.0,1.0,64.0,64.0,0.04313862399976642,0.04313862399976642,1.0,1.0,1.0,64.0,64.0,0.04313862399976642,0.04313862399976642,1.0,1.0,1.0,64.0,64.0,0.04313862399976642,0.04313862399976642,1.0,1.0,1.0,64.0,64.0,0.04313862399976642,0.04313862399976642,0.34444444444444444
171,2,2560,dice_gradient_style,Custom DiCE-style gradient,11,176126308,183126308,,none_generator_only,512,no_disease_to_disease,high_confidence,0,1,0.0008743730140849948,7.041128635406494,1,1,1.0,1.0,0.1,0.1,1.0,0.0,0.07889769971370697,0.05555555555555558,0.0,0.6398361325274722,0.6398361325274722,1.0,0.2,0.9615384615384616,0.9615384615384616,65,1.0,10.926712036132812,10.926712036132812,1.0,1.0,0.1,0.0,1.0,0.12197881800057075,0.12197881800057075,,0.12197881800057075,512,4197.450085125471,1,1.0,1.0,1.0,512.0,512.0,0.12197881800057075,0.12197881800057075,0.0,,1.0,,512.0,,0.12197881800057075,0.0,,1.0,,512.0,,0.12197881800057075,0.0,,1.0,,512.0,,0.12197881800057075,0.05555555555555558
171,2,2560,wachter_style,Custom Wachter-style gradient,11,176126308,183126308,,none_generator_only,512,no_disease_to_disease,high_confidence,0,1,0.0008743730140849948,7.041128635406494,1,1,1.0,1.0,0.1,0.1,1.0,0.0,0.07910462468862534,0.05555555555555558,0.0,0.6341029157850827,0.6341029157850827,1.0,0.2,0.9615384615384616,0.9615384615384616,65,1.0,10.809122085571289,10.809122085571289,1.0,1.0,0.1,0.0,1.0,0.10819033100051456,0.10819033100051456,,0.10819033100051456,512,4732.400717006448,1,1.0,1.0,1.0,512.0,512.0,0.10819033100051456,0.10819033100051456,0.0,,1.0,,512.0,,0.10819033100051456,0.0,,1.0,,512.0,,0.10819033100051456,0.0,,1.0,,512.0,,0.10819033100051456,0.05555555555555558
172,2,4715,uniform_random,Uniform constrained random,11,177126311,184126311,,none_generator_only,512,no_disease_to_disease,high_confidence,0,1,0.0007968822028487921,7.134006500244141,10,10,1.0,1.0,1.0,1.0,1.0,1.0,0.09445567429065704,0.25555555555555554,0.1329786628484726,0.7432399862012176,0.7432399862012176,0.0,0.9200000000000002,0.9090909090909091,0.9090909090909091,81,1.0,8.664782524108887,0.17514467239379883,0.95,0.9,0.9,0.0,0.9519114617180675,0.3647521320017404,0.3647521320017404,0.3647521320017404,0.036475213200174036,512,1403.6929604500763,8,1.0,1.0,1.0,64.0,64.0,0.046280823000415694,0.046280823000415694,1.0,1.0,1.0,64.0,64.0,0.046280823000415694,0.046280823000415694,1.0,1.0,1.0,64.0,64.0,0.046280823000415694,0.046280823000415694,1.0,1.0,1.0,64.0,64.0,0.046280823000415694,0.046280823000415694,0.25555555555555554
172,2,4715,genetic_cfe,Budget-matched genetic CFE,11,177126311,184126311,,none_generator_only,512,no_disease_to_disease,high_confidence,0,1,0.0007968822028487921,7.134006500244141,10,10,1.0,1.0,1.0,1.0,1.0,1.0,0.06198303773999214,0.45,0.07976727187633514,0.6037999719518767,0.6037999719518767,0.0,0.9,0.9696969696969697,0.9696969696969697,81,1.0,6.600470542907715,0.4475064277648926,0.9625,0.8,0.8,0.0,0.9082958319760884,0.3980362350012001,0.3980362350012001,0.3980362350012001,0.03980362350012001,512,1286.3150511873782,8,1.0,1.0,1.0,64.0,64.0,0.04174594700089074,0.04174594700089074,1.0,1.0,1.0,64.0,64.0,0.04174594700089074,0.04174594700089074,1.0,1.0,1.0,64.0,64.0,0.04174594700089074,0.04174594700089074,1.0,1.0,1.0,64.0,64.0,0.04174594700089074,0.04174594700089074,0.45
172,2,4715,dice_gradient_style,Custom DiCE-style gradient,11,177126311,184126311,,none_generator_only,512,no_disease_to_disease,high_confidence,0,1,0.0007968822028487921,7.134006500244141,1,1,1.0,1.0,0.1,0.1,1.0,0.0,0.06451796740293503,0.05555555555555558,0.0,0.4859667389454575,0.4859667389454575,0.0,1.0,0.8846153846153846,0.8846153846153846,65,1.0,10.477352142333984,10.477352142333984,1.0,1.0,0.1,0.0,1.0,0.11017834199992649,0.11017834199992649,,0.11017834199992649,512,4647.011297377679,1,1.0,1.0,1.0,512.0,512.0,0.11017834199992649,0.11017834199992649,0.0,,1.0,,512.0,,0.11017834199992649,0.0,,1.0,,512.0,,0.11017834199992649,0.0,,1.0,,512.0,,0.11017834199992649,0.05555555555555558
172,2,4715,wachter_style,Custom Wachter-style gradient,11,177126311,184126311,,none_generator_only,512,no_disease_to_disease,high_confidence,0,1,0.0007968822028487921,7.134006500244141,1,1,1.0,1.0,0.1,0.1,1.0,0.0,0.06490525603294373,0.05555555555555558,0.0,0.4875035484081715,0.4875035484081715,0.0,1.0,0.8846153846153846,0.8846153846153846,65,1.0,10.490121841430664,10.490121841430664,1.0,1.0,0.1,0.0,1.0,0.09859464500004833,0.09859464500004833,,0.09859464500004833,512,5192.979801283823,1,1.0,1.0,1.0,512.0,512.0,0.09859464500004833,0.09859464500004833,0.0,,1.0,,512.0,,0.09859464500004833,0.0,,1.0,,512.0,,0.09859464500004833,0.0,,1.0,,512.0,,0.09859464500004833,0.05555555555555558
173,11,10278,uniform_random,Uniform constrained random,11,178126314,185126314,,none_generator_only,512,no_disease_to_disease,high_confidence,0,1,0.0004957265919074416,7.60899019241333,10,10,1.0,1.0,1.0,1.0,1.0,1.0,0.08089486509561539,0.2,0.10461921989917755,0.5837641502491158,0.5837641502491158,0.0,0.78,0.8787878787878788,0.8787878787878788,81,1.0,7.162408351898193,1.0031962394714355,0.9625,0.8,0.8,0.0,0.9579715621018456,0.3659391540004435,0.3659391540004435,0.3659391540004435,0.03659391540004435,512,1399.139705065229,8,1.0,1.0,1.0,64.0,64.0,0.043478311999933794,0.043478311999933794,1.0,1.0,1.0,64.0,64.0,0.043478311999933794,0.043478311999933794,1.0,1.0,1.0,64.0,64.0,0.043478311999933794,0.043478311999933794,1.0,1.0,1.0,64.0,64.0,0.043478311999933794,0.043478311999933794,0.2
173,11,10278,genetic_cfe,Budget-matched genetic CFE,11,178126314,185126314,,none_generator_only,512,no_disease_to_disease,high_confidence,0,1,0.0004957265919074416,7.60899019241333,10,10,1.0,1.0,1.0,1.0,1.0,1.0,0.06521470099687576,0.47777777777777786,0.07077260315418243,0.6067572454013761,0.6067572454013761,0.0,0.64,0.9090909090909091,0.9090909090909091,81,1.0,8.858075141906738,0.2539200782775879,0.9625,0.9,0.9,0.0,0.8947781146610229,0.4096128549990681,0.4096128549990681,0.4096128549990681,0.04096128549990681,512,1249.9607708873416,8,1.0,1.0,1.0,64.0,64.0,0.04341755200039188,0.04341755200039188,1.0,1.0,1.0,64.0,64.0,0.04341755200039188,0.04341755200039188,1.0,1.0,1.0,64.0,64.0,0.04341755200039188,0.04341755200039188,1.0,1.0,1.0,64.0,64.0,0.04341755200039188,0.04341755200039188,0.47777777777777786
173,11,10278,dice_gradient_style,Custom DiCE-style gradient,11,178126314,185126314,,none_generator_only,512,no_disease_to_disease,high_confidence,0,1,0.0004957265919074416,7.60899019241333,1,1,1.0,1.0,0.1,0.1,1.0,0.0,0.0663612112402916,0.11111111111111116,0.0,0.5086992487002535,0.5086992487002535,0.0,0.8,0.9230769230769231,0.9230769230769231,65,1.0,10.998847961425781,10.998847961425781,1.0,1.0,0.1,0.0,0.9924242424242424,0.10990272100025322,0.10990272100025322,,0.10990272100025322,512,4658.665366427282,1,1.0,1.0,1.0,512.0,512.0,0.10990272100025322,0.10990272100025322,0.0,,1.0,,512.0,,0.10990272100025322,0.0,,1.0,,512.0,,0.10990272100025322,0.0,,1.0,,512.0,,0.10990272100025322,0.11111111111111116
173,11,10278,wachter_style,Custom Wachter-style gradient,11,178126314,185126314,,none_generator_only,512,no_disease_to_disease,high_confidence,0,1,0.0004957265919074416,7.60899019241333,1,1,1.0,1.0,0.1,0.1,1.0,0.0,0.06844571977853775,0.11111111111111116,0.0,0.5146900904239143,0.5146900904239143,0.0,0.8,0.9230769230769231,0.9230769230769231,65,1.0,11.13986587524414,11.13986587524414,1.0,1.0,0.1,0.0,0.9886363636363636,0.10563343399917358,0.10563343399917358,,0.10563343399917358,512,4846.950256336509,1,1.0,1.0,1.0,512.0,512.0,0.10563343399917358,0.10563343399917358,0.0,,1.0,,512.0,,0.10563343399917358,0.0,,1.0,,512.0,,0.10563343399917358,0.0,,1.0,,512.0,,0.10563343399917358,0.11111111111111116
174,11,10279,uniform_random,Uniform constrained random,11,179126317,186126317,,none_generator_only,512,no_disease_to_disease,high_confidence,0,1,0.0011662790784612298,6.752769947052002,10,10,1.0,1.0,1.0,1.0,1.0,1.0,0.0998348519206047,0.22222222222222224,0.1403839886188507,0.6595710478895863,0.6595710478895863,0.0,0.9199999999999999,0.8181818181818182,0.8181818181818182,81,1.0,4.743988513946533,0.6946806907653809,0.95,0.9,0.9,0.0,0.9624045031720228,0.36189244100023643,0.36189244100023643,0.36189244100023643,0.036189244100023645,512,1414.7850079014652,8,1.0,1.0,1.0,64.0,64.0,0.04128688200034958,0.04128688200034958,1.0,1.0,1.0,64.0,64.0,0.04128688200034958,0.04128688200034958,1.0,1.0,1.0,64.0,64.0,0.04128688200034958,0.04128688200034958,1.0,2.0,2.0,128.0,128.0,0.08348197399936907,0.08348197399936907,0.22222222222222224
174,11,10279,genetic_cfe,Budget-matched genetic CFE,11,179126317,186126317,,none_generator_only,512,no_disease_to_disease,high_confidence,0,1,0.0011662790784612298,6.752769947052002,10,10,1.0,1.0,1.0,1.0,1.0,1.0,0.06458279490470886,0.45,0.07673736661672592,0.5172970346292639,0.5172970346292639,0.0,0.9800000000000001,0.9393939393939394,0.9393939393939394,81,1.0,5.761628150939941,0.26848554611206055,0.95,0.8,0.8,0.0,0.9120074109009699,0.40724821999901906,0.40724821999901906,0.40724821999901906,0.040724821999901906,512,1257.2185091471567,8,1.0,1.0,1.0,64.0,64.0,0.04266142000051332,0.04266142000051332,1.0,1.0,1.0,64.0,64.0,0.04266142000051332,0.04266142000051332,1.0,1.0,1.0,64.0,64.0,0.04266142000051332,0.04266142000051332,1.0,2.0,2.0,128.0,128.0,0.08744798800034914,0.08744798800034914,0.45
174,11,10279,dice_gradient_style,Custom DiCE-style gradient,11,179126317,186126317,,none_generator_only,512,no_disease_to_disease,high_confidence,0,1,0.0011662790784612298,6.752769947052002,1,1,1.0,1.0,0.1,0.1,1.0,0.0,0.06397096812725067,0.11111111111111116,0.0,0.48233632933540077,0.48233632933540077,0.0,0.8,1.0,1.0,65,1.0,11.316938400268555,11.316938400268555,1.0,1.0,0.1,0.0,0.9962121212121212,0.10618099100065592,0.10618099100065592,,0.10618099100065592,512,4821.95537237769,1,1.0,1.0,1.0,512.0,512.0,0.10618099100065592,0.10618099100065592,0.0,,1.0,,512.0,,0.10618099100065592,0.0,,1.0,,512.0,,0.10618099100065592,0.0,,1.0,,512.0,,0.10618099100065592,0.11111111111111116
174,11,10279,wachter_style,Custom Wachter-style gradient,11,179126317,186126317,,none_generator_only,512,no_disease_to_disease,high_confidence,0,1,0.0011662790784612298,6.752769947052002,1,1,1.0,1.0,0.1,0.1,1.0,0.0,0.06602130830287933,0.11111111111111116,0.0,0.49220911741827733,0.49220911741827733,0.0,0.6,1.0,1.0,65,1.0,11.088607788085938,11.088607788085938,1.0,1.0,0.1,0.0,0.9734848484848485,0.10576724299971829,0.10576724299971829,,0.10576724299971829,512,4840.81824843788,1,1.0,1.0,1.0,512.0,512.0,0.10576724299971829,0.10576724299971829,0.0,,1.0,,512.0,,0.10576724299971829,0.0,,1.0,,512.0,,0.10576724299971829,0.0,,1.0,,512.0,,0.10576724299971829,0.11111111111111116
175,11,10290,uniform_random,Uniform constrained random,11,180126320,187126320,,none_generator_only,512,no_disease_to_disease,high_confidence,0,1,0.0005932904896326363,7.429233074188232,10,10,1.0,1.0,1.0,1.0,1.0,1.0,0.09113647788763046,0.15555555555555553,0.12173539400100708,0.6250320651578762,0.6250320651578762,0.0,0.8800000000000001,1.0,1.0,81,1.0,4.585612773895264,0.8010802268981934,0.975,0.8,0.8,0.0,0.9713994569354856,0.3655037179996725,0.3655037179996725,0.3655037179996725,0.03655037179996725,512,1400.8065439171778,8,1.0,1.0,1.0,64.0,64.0,0.04196803800005,0.04196803800005,1.0,1.0,1.0,64.0,64.0,0.04196803800005,0.04196803800005,1.0,1.0,1.0,64.0,64.0,0.04196803800005,0.04196803800005,1.0,2.0,2.0,128.0,128.0,0.08392252399971767,0.08392252399971767,0.15555555555555553
175,11,10290,genetic_cfe,Budget-matched genetic CFE,11,180126320,187126320,,none_generator_only,512,no_disease_to_disease,high_confidence,0,1,0.0005932904896326363,7.429233074188232,10,10,1.0,1.0,1.0,1.0,1.0,1.0,0.06763467192649841,0.37777777777777777,0.06627868115901947,0.5734882428317193,0.5734882428317193,0.0,0.96,0.8787878787878788,0.8787878787878788,81,1.0,6.911825656890869,1.3302340507507324,0.975,0.9,0.9,0.0,0.9247596356097499,0.406553625000015,0.406553625000015,0.406553625000015,0.0406553625000015,512,1259.3664611894214,8,1.0,1.0,1.0,64.0,64.0,0.043956219999017776,0.043956219999017776,1.0,1.0,1.0,64.0,64.0,0.043956219999017776,0.043956219999017776,1.0,1.0,1.0,64.0,64.0,0.043956219999017776,0.043956219999017776,1.0,2.0,2.0,128.0,128.0,0.08703264100040542,0.08703264100040542,0.37777777777777777
175,11,10290,dice_gradient_style,Custom DiCE-style gradient,11,180126320,187126320,,none_generator_only,512,no_disease_to_disease,high_confidence,0,1,0.0005932904896326363,7.429233074188232,1,1,1.0,1.0,0.1,0.1,1.0,0.0,0.0658881813287735,0.11111111111111116,0.0,0.5154228960572572,0.5154228960572572,0.0,0.8,0.8846153846153846,0.8846153846153846,65,1.0,11.02532958984375,11.02532958984375,1.0,1.0,0.1,0.0,0.9962121212121212,0.11931608499980939,0.11931608499980939,,0.11931608499980939,512,4291.123028389827,1,1.0,1.0,1.0,512.0,512.0,0.11931608499980939,0.11931608499980939,0.0,,1.0,,512.0,,0.11931608499980939,0.0,,1.0,,512.0,,0.11931608499980939,0.0,,1.0,,512.0,,0.11931608499980939,0.11111111111111116
175,11,10290,wachter_style,Custom Wachter-style gradient,11,180126320,187126320,,none_generator_only,512,no_disease_to_disease,high_confidence,0,1,0.0005932904896326363,7.429233074188232,1,1,1.0,1.0,0.1,0.1,1.0,0.0,0.06609557569026947,0.11111111111111116,0.0,0.5166016780208559,0.5166016780208559,0.0,0.8,0.8846153846153846,0.8846153846153846,65,1.0,11.031831741333008,11.031831741333008,1.0,1.0,0.1,0.0,0.9962121212121212,0.09838775299976987,0.09838775299976987,,0.09838775299976987,512,5203.899717083666,1,1.0,1.0,1.0,512.0,512.0,0.09838775299976987,0.09838775299976987,0.0,,1.0,,512.0,,0.09838775299976987,0.0,,1.0,,512.0,,0.09838775299976987,0.0,,1.0,,512.0,,0.09838775299976987,0.11111111111111116
176,11,10292,uniform_random,Uniform constrained random,11,181126323,188126323,,none_generator_only,512,no_disease_to_disease,high_confidence,0,1,6.35629694443196e-05,9.663415908813477,10,10,1.0,1.0,1.0,1.0,1.0,1.0,0.0878782570362091,0.21666666666666665,0.11704901605844498,0.6341795619359238,0.6341795619359238,0.0,0.76,0.8484848484848485,0.8484848484848485,81,1.0,5.200638771057129,0.4309859275817871,0.8875,0.4,0.4,0.0,0.9630794414611668,0.35394765400087635,0.35394765400087635,0.35394765400087635,0.03539476540008764,512,1446.54158379796,8,1.0,1.0,1.0,64.0,64.0,0.041918557000826695,0.041918557000826695,1.0,1.0,1.0,64.0,64.0,0.041918557000826695,0.041918557000826695,1.0,1.0,1.0,64.0,64.0,0.041918557000826695,0.041918557000826695,1.0,1.0,1.0,64.0,64.0,0.041918557000826695,0.041918557000826695,0.21666666666666665
176,11,10292,genetic_cfe,Budget-matched genetic CFE,11,181126323,188126323,,none_generator_only,512,no_disease_to_disease,high_confidence,0,1,6.35629694443196e-05,9.663415908813477,10,10,1.0,1.0,1.0,1.0,1.0,1.0,0.07912086695432663,0.46111111111111114,0.08613253384828568,0.679988937078385,0.679988937078385,0.0,0.8800000000000001,0.9393939393939394,0.9393939393939394,81,1.0,6.527581691741943,1.6253323554992676,1.0,1.0,1.0,1.0,0.9528025555708034,0.4031869930004177,0.4031869930004177,0.4031869930004177,0.04031869930004177,512,1269.8822355101856,8,1.0,1.0,1.0,64.0,64.0,0.04212139499941259,0.04212139499941259,1.0,1.0,1.0,64.0,64.0,0.04212139499941259,0.04212139499941259,1.0,1.0,1.0,64.0,64.0,0.04212139499941259,0.04212139499941259,1.0,1.0,1.0,64.0,64.0,0.04212139499941259,0.04212139499941259,0.46111111111111114
176,11,10292,dice_gradient_style,Custom DiCE-style gradient,11,181126323,188126323,,none_generator_only,512,no_disease_to_disease,high_confidence,0,1,6.35629694443196e-05,9.663415908813477,1,1,1.0,1.0,0.1,0.1,1.0,0.0,0.07494591176509857,0.11111111111111116,0.0,0.5028845605365456,0.5028845605365456,0.0,0.6,0.8076923076923077,0.8076923076923077,65,1.0,10.431903839111328,10.431903839111328,1.0,1.0,0.1,0.0,0.9962121212121212,0.11753826099993603,0.11753826099993603,,0.11753826099993603,512,4356.028374456541,1,1.0,1.0,1.0,512.0,512.0,0.11753826099993603,0.11753826099993603,0.0,,1.0,,512.0,,0.11753826099993603,0.0,,1.0,,512.0,,0.11753826099993603,0.0,,1.0,,512.0,,0.11753826099993603,0.11111111111111116
176,11,10292,wachter_style,Custom Wachter-style gradient,11,181126323,188126323,,none_generator_only,512,no_disease_to_disease,high_confidence,0,1,6.35629694443196e-05,9.663415908813477,1,1,1.0,1.0,0.1,0.1,1.0,0.0,0.07521732151508331,0.11111111111111116,0.0,0.5071492658386336,0.5071492658386336,0.0,0.6,0.8076923076923077,0.8076923076923077,65,1.0,10.448173522949219,10.448173522949219,1.0,1.0,0.1,0.0,1.0,0.10795945599966217,0.10795945599966217,,0.10795945599966217,512,4742.521118313177,1,1.0,1.0,1.0,512.0,512.0,0.10795945599966217,0.10795945599966217,0.0,,1.0,,512.0,,0.10795945599966217,0.0,,1.0,,512.0,,0.10795945599966217,0.0,,1.0,,512.0,,0.10795945599966217,0.11111111111111116
177,11,10304,uniform_random,Uniform constrained random,11,182126326,189126326,,none_generator_only,512,no_disease_to_disease,high_confidence,0,1,0.0004622055566869676,7.6790385246276855,10,10,1.0,1.0,1.0,1.0,1.0,1.0,0.08395836502313614,0.19444444444444442,0.1129738986492157,0.5994655814487457,0.5994655814487457,0.0,0.9,0.7878787878787878,0.7878787878787878,81,1.0,5.12643575668335,0.8627877235412598,0.975,0.8,0.8,0.0,0.9605074895297138,0.3530730059992493,0.3530730059992493,0.3530730059992493,0.03530730059992493,512,1450.1250203225352,8,1.0,1.0,1.0,64.0,64.0,0.04158845100027975,0.04158845100027975,1.0,1.0,1.0,64.0,64.0,0.04158845100027975,0.04158845100027975,1.0,1.0,1.0,64.0,64.0,0.04158845100027975,0.04158845100027975,1.0,2.0,2.0,128.0,128.0,0.08440349199918273,0.08440349199918273,0.19444444444444442
177,11,10304,genetic_cfe,Budget-matched genetic CFE,11,182126326,189126326,,none_generator_only,512,no_disease_to_disease,high_confidence,0,1,0.0004622055566869676,7.6790385246276855,10,10,1.0,1.0,1.0,1.0,1.0,1.0,0.0648292824625969,0.37222222222222223,0.08113888651132584,0.5538615231378013,0.5538615231378013,0.0,0.9400000000000001,0.7878787878787878,0.7878787878787878,81,1.0,5.534663200378418,0.27762460708618164,0.9125,0.8,0.8,0.0,0.9203778011441054,0.38761451299978944,0.38761451299978944,0.38761451299978944,0.03876145129997895,512,1320.89997362993,8,1.0,1.0,1.0,64.0,64.0,0.041341698000906035,0.041341698000906035,1.0,1.0,1.0,64.0,64.0,0.041341698000906035,0.041341698000906035,1.0,1.0,1.0,64.0,64.0,0.041341698000906035,0.041341698000906035,1.0,2.0,2.0,128.0,128.0,0.08379803400021046,0.08379803400021046,0.37222222222222223
177,11,10304,dice_gradient_style,Custom DiCE-style gradient,11,182126326,189126326,,none_generator_only,512,no_disease_to_disease,high_confidence,0,1,0.0004622055566869676,7.6790385246276855,1,1,1.0,1.0,0.1,0.1,1.0,0.0,0.06840725988149643,0.11111111111111116,0.0,0.48988788029809893,0.48988788029809893,0.0,1.0,0.9615384615384616,0.9615384615384616,65,1.0,11.145257949829102,11.145257949829102,1.0,1.0,0.1,0.0,1.0,0.12148713499846053,0.12148713499846053,,0.12148713499846053,512,4214.438014415996,1,1.0,1.0,1.0,512.0,512.0,0.12148713499846053,0.12148713499846053,0.0,,1.0,,512.0,,0.12148713499846053,0.0,,1.0,,512.0,,0.12148713499846053,0.0,,1.0,,512.0,,0.12148713499846053,0.11111111111111116
177,11,10304,wachter_style,Custom Wachter-style gradient,11,182126326,189126326,,none_generator_only,512,no_disease_to_disease,high_confidence,0,1,0.0004622055566869676,7.6790385246276855,1,1,1.0,1.0,0.1,0.1,1.0,0.0,0.06845558434724808,0.11111111111111116,0.0,0.49584709733446364,0.49584709733446364,0.0,1.0,0.9615384615384616,0.9615384615384616,65,1.0,11.035655975341797,11.035655975341797,1.0,1.0,0.1,0.0,1.0,0.10401072400054545,0.10401072400054545,,0.10401072400054545,512,4922.569330421304,1,1.0,1.0,1.0,512.0,512.0,0.10401072400054545,0.10401072400054545,0.0,,1.0,,512.0,,0.10401072400054545,0.0,,1.0,,512.0,,0.10401072400054545,0.0,,1.0,,512.0,,0.10401072400054545,0.11111111111111116
178,13,12800,uniform_random,Uniform constrained random,11,183126329,190126329,,none_generator_only,512,no_disease_to_disease,high_confidence,0,1,0.0002218089794041589,8.413472175598145,10,10,1.0,1.0,1.0,1.0,1.0,1.0,0.0867374986410141,0.2722222222222222,0.11722675710916519,0.5906495419946592,0.5906495419946592,0.0,1.0,0.696969696969697,0.696969696969697,81,1.0,3.4127144813537598,0.33671140670776367,0.9625,0.9,0.9,0.0,0.9588402954162978,0.3721365919991513,0.3721365919991513,0.3721365919991513,0.03721365919991513,512,1375.8389016503052,8,1.0,1.0,1.0,64.0,64.0,0.04624219099969196,0.04624219099969196,1.0,1.0,1.0,64.0,64.0,0.04624219099969196,0.04624219099969196,1.0,1.0,1.0,64.0,64.0,0.04624219099969196,0.04624219099969196,1.0,1.0,1.0,64.0,64.0,0.04624219099969196,0.04624219099969196,0.2722222222222222
178,13,12800,genetic_cfe,Budget-matched genetic CFE,11,183126329,190126329,,none_generator_only,512,no_disease_to_disease,high_confidence,0,1,0.0002218089794041589,8.413472175598145,10,10,1.0,1.0,1.0,1.0,1.0,1.0,0.06555946171283722,0.40555555555555556,0.07558082789182663,0.5066551642193198,0.5066551642193198,0.0,0.9199999999999999,0.9090909090909091,0.9090909090909091,81,1.0,6.468628883361816,2.797950267791748,1.0,1.0,1.0,1.0,0.9348358661742528,0.3951668020017678,0.3951668020017678,0.3951668020017678,0.039516680200176776,512,1295.6553976862397,8,1.0,1.0,1.0,64.0,64.0,0.04115942400130734,0.04115942400130734,1.0,1.0,1.0,64.0,64.0,0.04115942400130734,0.04115942400130734,1.0,1.0,1.0,64.0,64.0,0.04115942400130734,0.04115942400130734,1.0,1.0,1.0,64.0,64.0,0.04115942400130734,0.04115942400130734,0.40555555555555556
178,13,12800,dice_gradient_style,Custom DiCE-style gradient,11,183126329,190126329,,none_generator_only,512,no_disease_to_disease,high_confidence,0,1,0.0002218089794041589,8.413472175598145,1,1,1.0,1.0,0.1,0.1,1.0,0.0,0.07228733599185944,0.05555555555555558,0.0,0.409950218995139,0.409950218995139,0.0,1.0,0.9230769230769231,0.9230769230769231,65,1.0,9.326576232910156,9.326576232910156,1.0,1.0,0.1,0.0,1.0,0.11332530300023791,0.11332530300023791,,0.11332530300023791,512,4517.967183365265,1,1.0,1.0,1.0,512.0,512.0,0.11332530300023791,0.11332530300023791,0.0,,1.0,,512.0,,0.11332530300023791,0.0,,1.0,,512.0,,0.11332530300023791,0.0,,1.0,,512.0,,0.11332530300023791,0.05555555555555558
178,13,12800,wachter_style,Custom Wachter-style gradient,11,183126329,190126329,,none_generator_only,512,no_disease_to_disease,high_confidence,0,1,0.0002218089794041589,8.413472175598145,1,1,1.0,1.0,0.1,0.1,1.0,0.0,0.07271569967269897,0.05555555555555558,0.0,0.4111037577196366,0.4111037577196366,0.0,1.0,0.9230769230769231,0.9230769230769231,65,1.0,9.327186584472656,9.327186584472656,1.0,1.0,0.1,0.0,1.0,0.10529219999989436,0.10529219999989436,,0.10529219999989436,512,4862.658392554374,1,1.0,1.0,1.0,512.0,512.0,0.10529219999989436,0.10529219999989436,0.0,,1.0,,512.0,,0.10529219999989436,0.0,,1.0,,512.0,,0.10529219999989436,0.0,,1.0,,512.0,,0.10529219999989436,0.05555555555555558
179,13,12848,uniform_random,Uniform constrained random,11,184126332,191126332,,none_generator_only,512,no_disease_to_disease,high_confidence,0,1,0.00016922962095122784,8.68408489227295,10,10,1.0,1.0,1.0,1.0,1.0,1.0,0.11636118590831757,0.17222222222222222,0.1567080020904541,0.7017237625858062,0.7017237625858062,0.0,0.8399999999999999,0.696969696969697,0.696969696969697,81,1.0,2.756507396697998,0.10218572616577148,0.95,0.7,0.7,0.0,0.9746363742397837,0.36497960399901785,0.36497960399901785,0.36497960399901785,0.03649796039990179,512,1402.818114738756,8,1.0,1.0,1.0,64.0,64.0,0.045099622999259736,0.045099622999259736,1.0,1.0,1.0,64.0,64.0,0.045099622999259736,0.045099622999259736,1.0,1.0,1.0,64.0,64.0,0.045099622999259736,0.045099622999259736,1.0,2.0,2.0,128.0,128.0,0.08854423499906261,0.08854423499906261,0.17222222222222222
179,13,12848,genetic_cfe,Budget-matched genetic CFE,11,184126332,191126332,,none_generator_only,512,no_disease_to_disease,high_confidence,0,1,0.00016922962095122784,8.68408489227295,10,10,1.0,1.0,1.0,1.0,1.0,1.0,0.08902908116579056,0.32222222222222224,0.10437639057636261,0.6053758975062343,0.6053758975062343,0.0,0.72,0.9393939393939394,0.9393939393939394,81,1.0,5.036648750305176,0.1505436897277832,0.925,0.9,0.9,0.0,0.9503780581057567,0.38248277899947425,0.38248277899947425,0.38248277899947425,0.038248277899947426,512,1338.622359258438,8,1.0,1.0,1.0,64.0,64.0,0.042444139000508585,0.042444139000508585,1.0,1.0,1.0,64.0,64.0,0.042444139000508585,0.042444139000508585,1.0,1.0,1.0,64.0,64.0,0.042444139000508585,0.042444139000508585,1.0,2.0,2.0,128.0,128.0,0.08485888200084446,0.08485888200084446,0.32222222222222224
179,13,12848,dice_gradient_style,Custom DiCE-style gradient,11,184126332,191126332,,none_generator_only,512,no_disease_to_disease,high_confidence,0,1,0.00016922962095122784,8.68408489227295,1,1,1.0,1.0,0.1,0.1,1.0,0.0,0.08726367354393005,0.0,0.0,0.4693427518562268,0.4693427518562268,0.0,1.0,0.9615384615384616,0.9615384615384616,65,1.0,8.738693237304688,8.738693237304688,1.0,1.0,0.1,0.0,1.0,0.11494500499975402,0.11494500499975402,,0.11494500499975402,512,4454.304038710475,1,1.0,1.0,1.0,512.0,512.0,0.11494500499975402,0.11494500499975402,0.0,,1.0,,512.0,,0.11494500499975402,0.0,,1.0,,512.0,,0.11494500499975402,0.0,,1.0,,512.0,,0.11494500499975402,0.0
179,13,12848,wachter_style,Custom Wachter-style gradient,11,184126332,191126332,,none_generator_only,512,no_disease_to_disease,high_confidence,0,1,0.00016922962095122784,8.68408489227295,1,1,1.0,1.0,0.1,0.1,1.0,0.0,0.08733727037906647,0.0,0.0,0.46957941455320157,0.46957941455320157,0.0,1.0,0.9615384615384616,0.9615384615384616,65,1.0,8.746572494506836,8.746572494506836,1.0,1.0,0.1,0.0,1.0,0.10447753299922624,0.10447753299922624,,0.10447753299922624,512,4900.575131342275,1,1.0,1.0,1.0,512.0,512.0,0.10447753299922624,0.10447753299922624,0.0,,1.0,,512.0,,0.10447753299922624,0.0,,1.0,,512.0,,0.10447753299922624,0.0,,1.0,,512.0,,0.10447753299922624,0.0
180,13,12981,uniform_random,Uniform constrained random,11,185126335,192126335,,none_generator_only,512,no_disease_to_disease,high_confidence,0,1,0.001334679196588695,6.6177287101745605,10,10,1.0,1.0,1.0,1.0,1.0,1.0,0.08713850378990173,0.18888888888888883,0.10494216531515121,0.5209493117616322,0.5209493117616322,0.0,1.0,0.8484848484848485,0.8484848484848485,81,1.0,5.697993755340576,0.2679457664489746,0.9375,0.8,0.8,0.0,0.9606213555452292,0.3550571340001625,0.3550571340001625,0.3550571340001625,0.03550571340001625,512,1442.02144097678,8,1.0,1.0,1.0,64.0,64.0,0.041276750998804346,0.041276750998804346,1.0,1.0,1.0,64.0,64.0,0.041276750998804346,0.041276750998804346,1.0,1.0,1.0,64.0,64.0,0.041276750998804346,0.041276750998804346,1.0,1.0,1.0,64.0,64.0,0.041276750998804346,0.041276750998804346,0.18888888888888883
180,13,12981,genetic_cfe,Budget-matched genetic CFE,11,185126335,192126335,,none_generator_only,512,no_disease_to_disease,high_confidence,0,1,0.001334679196588695,6.6177287101745605,10,10,1.0,1.0,1.0,1.0,1.0,1.0,0.07937957346439362,0.34444444444444444,0.0795741155743599,0.5093818557402751,0.5093818557402751,0.0,1.0,0.8181818181818182,0.8181818181818182,81,1.0,3.85490345954895,0.13734006881713867,0.9,0.8,0.8,0.0,0.9290797054783188,0.4219021780008916,0.4219021780008916,0.4219021780008916,0.04219021780008916,512,1213.551450305426,8,1.0,1.0,1.0,64.0,64.0,0.04242499900101393,0.04242499900101393,1.0,1.0,1.0,64.0,64.0,0.04242499900101393,0.04242499900101393,1.0,1.0,1.0,64.0,64.0,0.04242499900101393,0.04242499900101393,1.0,1.0,1.0,64.0,64.0,0.04242499900101393,0.04242499900101393,0.34444444444444444
180,13,12981,dice_gradient_style,Custom DiCE-style gradient,11,185126335,192126335,,none_generator_only,512,no_disease_to_disease,high_confidence,0,1,0.001334679196588695,6.6177287101745605,1,1,1.0,1.0,0.1,0.1,1.0,0.0,0.07810671627521515,0.0,0.0,0.3987231031456817,0.3987231031456817,0.0,1.0,0.8846153846153846,0.8846153846153846,65,1.0,9.515399932861328,9.515399932861328,1.0,1.0,0.1,0.0,1.0,0.1115228640010173,0.1115228640010173,,0.1115228640010173,512,4590.986831142802,1,1.0,1.0,1.0,512.0,512.0,0.1115228640010173,0.1115228640010173,0.0,,1.0,,512.0,,0.1115228640010173,0.0,,1.0,,512.0,,0.1115228640010173,0.0,,1.0,,512.0,,0.1115228640010173,0.0
180,13,12981,wachter_style,Custom Wachter-style gradient,11,185126335,192126335,,none_generator_only,512,no_disease_to_disease,high_confidence,0,1,0.001334679196588695,6.6177287101745605,1,1,1.0,1.0,0.1,0.1,1.0,0.0,0.07839526236057281,0.0,0.0,0.39921714025745736,0.39921714025745736,0.0,1.0,0.8846153846153846,0.8846153846153846,65,1.0,9.511116027832031,9.511116027832031,1.0,1.0,0.1,0.0,1.0,0.09913163899909705,0.09913163899909705,,0.09913163899909705,512,5164.849539153323,1,1.0,1.0,1.0,512.0,512.0,0.09913163899909705,0.09913163899909705,0.0,,1.0,,512.0,,0.09913163899909705,0.0,,1.0,,512.0,,0.09913163899909705,0.0,,1.0,,512.0,,0.09913163899909705,0.0
181,13,13016,uniform_random,Uniform constrained random,11,186126338,193126338,,none_generator_only,512,no_disease_to_disease,high_confidence,0,1,0.0003404540184419602,7.984889984130859,10,10,1.0,1.0,1.0,1.0,1.0,1.0,0.07669135183095932,0.21666666666666665,0.09518517553806305,0.5441349070038839,0.5441349070038839,0.0,0.9,0.9090909090909091,0.9090909090909091,81,1.0,5.860559940338135,0.40569543838500977,0.875,0.7,0.7,0.0,0.9576981480660915,0.3549257459999353,0.3549257459999353,0.3549257459999353,0.03549257459999353,512,1442.5552549239223,8,1.0,1.0,1.0,64.0,64.0,0.042978658000720316,0.042978658000720316,1.0,1.0,1.0,64.0,64.0,0.042978658000720316,0.042978658000720316,1.0,1.0,1.0,64.0,64.0,0.042978658000720316,0.042978658000720316,1.0,1.0,1.0,64.0,64.0,0.042978658000720316,0.042978658000720316,0.21666666666666665
181,13,13016,genetic_cfe,Budget-matched genetic CFE,11,186126338,193126338,,none_generator_only,512,no_disease_to_disease,high_confidence,0,1,0.0003404540184419602,7.984889984130859,10,10,1.0,1.0,1.0,1.0,1.0,1.0,0.0733732134103775,0.3833333333333333,0.09998856484889984,0.5877039971884591,0.5877039971884591,0.0,0.9199999999999999,0.8181818181818182,0.8181818181818182,81,1.0,7.220948696136475,0.5898499488830566,0.975,0.9,0.9,0.0,0.9263466837319813,0.3950237979988742,0.3950237979988742,0.3950237979988742,0.039502379799887424,512,1296.124442612592,8,1.0,1.0,1.0,64.0,64.0,0.04098846299893921,0.04098846299893921,1.0,1.0,1.0,64.0,64.0,0.04098846299893921,0.04098846299893921,1.0,1.0,1.0,64.0,64.0,0.04098846299893921,0.04098846299893921,1.0,1.0,1.0,64.0,64.0,0.04098846299893921,0.04098846299893921,0.3833333333333333
181,13,13016,dice_gradient_style,Custom DiCE-style gradient,11,186126338,193126338,,none_generator_only,512,no_disease_to_disease,high_confidence,0,1,0.0003404540184419602,7.984889984130859,1,1,1.0,1.0,0.1,0.1,1.0,0.0,0.07026086747646332,0.05555555555555558,0.0,0.43856010651207783,0.43856010651207783,0.0,1.0,0.6923076923076923,0.6923076923076923,65,1.0,9.352897644042969,9.352897644042969,1.0,1.0,0.1,0.0,1.0,0.12263713099855522,0.12263713099855522,,0.12263713099855522,512,4174.918279897071,1,1.0,1.0,1.0,512.0,512.0,0.12263713099855522,0.12263713099855522,0.0,,1.0,,512.0,,0.12263713099855522,0.0,,1.0,,512.0,,0.12263713099855522,0.0,,1.0,,512.0,,0.12263713099855522,0.05555555555555558
181,13,13016,wachter_style,Custom Wachter-style gradient,11,186126338,193126338,,none_generator_only,512,no_disease_to_disease,high_confidence,0,1,0.0003404540184419602,7.984889984130859,1,1,1.0,1.0,0.1,0.1,1.0,0.0,0.07063482701778412,0.05555555555555558,0.0,0.4399717127075714,0.4399717127075714,0.0,1.0,0.7692307692307693,0.7692307692307693,65,1.0,9.36691665649414,9.36691665649414,1.0,1.0,0.1,0.0,1.0,0.09843587700015632,0.09843587700015632,,0.09843587700015632,512,5201.355599231232,1,1.0,1.0,1.0,512.0,512.0,0.09843587700015632,0.09843587700015632,0.0,,1.0,,512.0,,0.09843587700015632,0.0,,1.0,,512.0,,0.09843587700015632,0.0,,1.0,,512.0,,0.09843587700015632,0.05555555555555558
182,13,13021,uniform_random,Uniform constrained random,11,187126341,194126341,,none_generator_only,512,no_disease_to_disease,high_confidence,0,1,0.0011101013515144587,6.8021931648254395,10,10,1.0,1.0,1.0,1.0,1.0,1.0,0.09677325934171677,0.22777777777777777,0.12597674131393433,0.6359500406259705,0.6359500406259705,0.0,0.78,0.9090909090909091,0.9090909090909091,81,1.0,3.906909942626953,0.18593120574951172,0.825,0.7,0.7,0.0,0.9576575030069006,0.3479993139990256,0.3479993139990256,0.3479993139990256,0.03479993139990256,512,1471.2672680769526,8,1.0,1.0,1.0,64.0,64.0,0.042973580999387195,0.042973580999387195,1.0,1.0,1.0,64.0,64.0,0.042973580999387195,0.042973580999387195,1.0,1.0,1.0,64.0,64.0,0.042973580999387195,0.042973580999387195,1.0,1.0,1.0,64.0,64.0,0.042973580999387195,0.042973580999387195,0.22777777777777777
182,13,13021,genetic_cfe,Budget-matched genetic CFE,11,187126341,194126341,,none_generator_only,512,no_disease_to_disease,high_confidence,0,1,0.0011101013515144587,6.8021931648254395,10,10,1.0,1.0,1.0,1.0,1.0,1.0,0.07336099445819855,0.33333333333333337,0.07257004082202911,0.49100858042071877,0.49100858042071877,0.0,0.9400000000000001,0.9090909090909091,0.9090909090909091,81,1.0,7.805150032043457,0.5901398658752441,0.975,0.9,0.9,0.0,0.9350971590531187,0.3866551070004789,0.3866551070004789,0.3866551070004789,0.03866551070004789,512,1324.1775182329761,8,1.0,1.0,1.0,64.0,64.0,0.042596643999786465,0.042596643999786465,1.0,1.0,1.0,64.0,64.0,0.042596643999786465,0.042596643999786465,1.0,1.0,1.0,64.0,64.0,0.042596643999786465,0.042596643999786465,1.0,1.0,1.0,64.0,64.0,0.042596643999786465,0.042596643999786465,0.33333333333333337
182,13,13021,dice_gradient_style,Custom DiCE-style gradient,11,187126341,194126341,,none_generator_only,512,no_disease_to_disease,high_confidence,0,1,0.0011101013515144587,6.8021931648254395,1,1,1.0,1.0,0.1,0.1,1.0,0.0,0.07831811904907227,0.0,0.0,0.42291655403464945,0.42291655403464945,0.0,1.0,0.8461538461538461,0.8461538461538461,65,1.0,8.923694610595703,8.923694610595703,1.0,1.0,0.1,0.0,1.0,0.11784367500149528,0.11784367500149528,,0.11784367500149528,512,4344.738909351761,1,1.0,1.0,1.0,512.0,512.0,0.11784367500149528,0.11784367500149528,0.0,,1.0,,512.0,,0.11784367500149528,0.0,,1.0,,512.0,,0.11784367500149528,0.0,,1.0,,512.0,,0.11784367500149528,0.0
182,13,13021,wachter_style,Custom Wachter-style gradient,11,187126341,194126341,,none_generator_only,512,no_disease_to_disease,high_confidence,0,1,0.0011101013515144587,6.8021931648254395,1,1,1.0,1.0,0.1,0.1,1.0,0.0,0.07861684262752533,0.0,0.0,0.42417843876722544,0.42417843876722544,0.0,1.0,0.9230769230769231,0.9230769230769231,65,1.0,8.92890739440918,8.92890739440918,1.0,1.0,0.1,0.0,1.0,0.1004769329992996,0.1004769329992996,,0.1004769329992996,512,5095.696939750032,1,1.0,1.0,1.0,512.0,512.0,0.1004769329992996,0.1004769329992996,0.0,,1.0,,512.0,,0.1004769329992996,0.0,,1.0,,512.0,,0.1004769329992996,0.0,,1.0,,512.0,,0.1004769329992996,0.0
183,13,13042,uniform_random,Uniform constrained random,11,188126344,195126344,,none_generator_only,512,no_disease_to_disease,high_confidence,0,1,0.0003206823312211782,8.04473876953125,10,10,1.0,1.0,1.0,1.0,1.0,1.0,0.09014557301998138,0.20555555555555555,0.10999807715415955,0.5622964238011513,0.5622964238011513,0.0,0.78,0.8484848484848485,0.8484848484848485,81,1.0,5.244056701660156,0.19152307510375977,0.925,0.9,0.9,0.0,0.9546152577622131,0.36316717399859044,0.36316717399859044,0.36316717399859044,0.03631671739985905,512,1409.8190493449918,8,1.0,1.0,1.0,64.0,64.0,0.043833987998368684,0.043833987998368684,1.0,1.0,1.0,64.0,64.0,0.043833987998368684,0.043833987998368684,1.0,1.0,1.0,64.0,64.0,0.043833987998368684,0.043833987998368684,1.0,1.0,1.0,64.0,64.0,0.043833987998368684,0.043833987998368684,0.20555555555555555
183,13,13042,genetic_cfe,Budget-matched genetic CFE,11,188126344,195126344,,none_generator_only,512,no_disease_to_disease,high_confidence,0,1,0.0003206823312211782,8.04473876953125,10,10,1.0,1.0,1.0,1.0,1.0,1.0,0.07300082594156265,0.32222222222222224,0.06653842329978943,0.4885911630942843,0.4885911630942843,0.0,0.96,0.9090909090909091,0.9090909090909091,81,1.0,4.100593566894531,1.874030590057373,0.9875,0.9,0.9,0.0,0.9345875831093222,0.3902882380007213,0.3902882380007213,0.3902882380007213,0.03902882380007213,512,1311.8509607739031,8,1.0,1.0,1.0,64.0,64.0,0.040627550000863266,0.040627550000863266,1.0,1.0,1.0,64.0,64.0,0.040627550000863266,0.040627550000863266,1.0,1.0,1.0,64.0,64.0,0.040627550000863266,0.040627550000863266,1.0,1.0,1.0,64.0,64.0,0.040627550000863266,0.040627550000863266,0.32222222222222224
183,13,13042,dice_gradient_style,Custom DiCE-style gradient,11,188126344,195126344,,none_generator_only,512,no_disease_to_disease,high_confidence,0,1,0.0003206823312211782,8.04473876953125,1,1,1.0,1.0,0.1,0.1,1.0,0.0,0.08402086794376373,0.0,0.0,0.43330913959494827,0.43330913959494827,0.0,1.0,0.8846153846153846,0.8846153846153846,65,1.0,8.763755798339844,8.763755798339844,1.0,1.0,0.1,0.0,1.0,0.10591306599962991,0.10591306599962991,,0.10591306599962991,512,4834.153323460479,1,1.0,1.0,1.0,512.0,512.0,0.10591306599962991,0.10591306599962991,0.0,,1.0,,512.0,,0.10591306599962991,0.0,,1.0,,512.0,,0.10591306599962991,0.0,,1.0,,512.0,,0.10591306599962991,0.0
183,13,13042,wachter_style,Custom Wachter-style gradient,11,188126344,195126344,,none_generator_only,512,no_disease_to_disease,high_confidence,0,1,0.0003206823312211782,8.04473876953125,1,1,1.0,1.0,0.1,0.1,1.0,0.0,0.08431090414524078,0.0,0.0,0.43437345533114685,0.43437345533114685,0.0,1.0,0.8846153846153846,0.8846153846153846,65,1.0,8.762096405029297,8.762096405029297,1.0,1.0,0.1,0.0,1.0,0.09856163699987519,0.09856163699987519,,0.09856163699987519,512,5194.71891483142,1,1.0,1.0,1.0,512.0,512.0,0.09856163699987519,0.09856163699987519,0.0,,1.0,,512.0,,0.09856163699987519,0.0,,1.0,,512.0,,0.09856163699987519,0.0,,1.0,,512.0,,0.09856163699987519,0.0
184,16,13912,uniform_random,Uniform constrained random,11,189126347,196126347,,none_generator_only,512,no_disease_to_disease,high_confidence,0,1,0.00024652693537063897,8.307792663574219,10,10,1.0,1.0,1.0,1.0,1.0,1.0,0.10015736520290375,0.16666666666666666,0.1301472932100296,0.6025817929423154,0.6025817929423154,0.0,0.5,0.8484848484848485,0.8484848484848485,81,1.0,5.354546546936035,1.3740143775939941,1.0,1.0,1.0,1.0,0.9684452846876883,0.353008685999157,0.353008685999157,0.353008685999157,0.0353008685999157,512,1450.3892405673628,8,1.0,1.0,1.0,64.0,64.0,0.04127939299905847,0.04127939299905847,1.0,1.0,1.0,64.0,64.0,0.04127939299905847,0.04127939299905847,1.0,1.0,1.0,64.0,64.0,0.04127939299905847,0.04127939299905847,1.0,2.0,2.0,128.0,128.0,0.08350258999962534,0.08350258999962534,0.16666666666666666
184,16,13912,genetic_cfe,Budget-matched genetic CFE,11,189126347,196126347,,none_generator_only,512,no_disease_to_disease,high_confidence,0,1,0.00024652693537063897,8.307792663574219,10,10,1.0,1.0,1.0,1.0,1.0,1.0,0.09167568385601044,0.3888888888888889,0.09773901849985123,0.6325117483256374,0.6325117483256374,0.0,0.58,0.8787878787878788,0.8787878787878788,81,1.0,5.83413028717041,0.5584855079650879,0.9625,0.9,0.9,0.0,0.919591613343582,0.38636436500019045,0.38636436500019045,0.38636436500019045,0.03863643650001904,512,1325.1739714653747,8,1.0,1.0,1.0,64.0,64.0,0.04197266899973329,0.04197266899973329,1.0,1.0,1.0,64.0,64.0,0.04197266899973329,0.04197266899973329,1.0,1.0,1.0,64.0,64.0,0.04197266899973329,0.04197266899973329,1.0,2.0,2.0,128.0,128.0,0.08459353199941688,0.08459353199941688,0.3888888888888889
184,16,13912,dice_gradient_style,Custom DiCE-style gradient,11,189126347,196126347,,none_generator_only,512,no_disease_to_disease,high_confidence,0,1,0.00024652693537063897,8.307792663574219,1,1,1.0,1.0,0.1,0.1,1.0,0.0,0.08517860621213913,0.0,0.0,0.4699684856386497,0.4699684856386497,0.0,0.0,0.9230769230769231,0.9230769230769231,65,1.0,8.313030242919922,8.313030242919922,1.0,1.0,0.1,0.0,1.0,0.11095960999955423,0.11095960999955423,,0.11095960999955423,512,4614.291632802755,1,1.0,1.0,1.0,512.0,512.0,0.11095960999955423,0.11095960999955423,0.0,,1.0,,512.0,,0.11095960999955423,0.0,,1.0,,512.0,,0.11095960999955423,0.0,,1.0,,512.0,,0.11095960999955423,0.0
184,16,13912,wachter_style,Custom Wachter-style gradient,11,189126347,196126347,,none_generator_only,512,no_disease_to_disease,high_confidence,0,1,0.00024652693537063897,8.307792663574219,1,1,1.0,1.0,0.1,0.1,1.0,0.0,0.08544416725635529,0.0,0.0,0.4719802998237855,0.4719802998237855,0.0,0.0,0.9230769230769231,0.9230769230769231,65,1.0,8.281253814697266,8.281253814697266,1.0,1.0,0.1,0.0,1.0,0.1006337889994029,0.1006337889994029,,0.1006337889994029,512,5087.754372470641,1,1.0,1.0,1.0,512.0,512.0,0.1006337889994029,0.1006337889994029,0.0,,1.0,,512.0,,0.1006337889994029,0.0,,1.0,,512.0,,0.1006337889994029,0.0,,1.0,,512.0,,0.1006337889994029,0.0
185,16,14120,uniform_random,Uniform constrained random,11,190126350,197126350,,none_generator_only,512,no_disease_to_disease,high_confidence,0,1,0.0004573521437123418,7.689599514007568,10,10,1.0,1.0,1.0,1.0,1.0,1.0,0.09902314841747284,0.20555555555555555,0.11849604547023773,0.6082956344990944,0.6082956344990944,0.0,0.8399999999999999,0.8484848484848485,0.8484848484848485,81,1.0,4.2355241775512695,0.3984837532043457,0.925,0.8,0.8,0.0,0.9623692445251469,0.35158714299905114,0.35158714299905114,0.35158714299905114,0.035158714299905115,512,1456.2534785334337,8,1.0,1.0,1.0,64.0,64.0,0.04277290299978631,0.04277290299978631,1.0,1.0,1.0,64.0,64.0,0.04277290299978631,0.04277290299978631,1.0,1.0,1.0,64.0,64.0,0.04277290299978631,0.04277290299978631,1.0,2.0,2.0,128.0,128.0,0.08503464099885605,0.08503464099885605,0.20555555555555555
185,16,14120,genetic_cfe,Budget-matched genetic CFE,11,190126350,197126350,,none_generator_only,512,no_disease_to_disease,high_confidence,0,1,0.0004573521437123418,7.689599514007568,10,10,1.0,1.0,1.0,1.0,1.0,1.0,0.08090471476316452,0.39999999999999997,0.07814808189868927,0.5836169189904188,0.5836169189904188,0.0,0.5800000000000001,0.9393939393939394,0.9393939393939394,81,1.0,7.011070251464844,0.379183292388916,0.925,0.7,0.7,0.0,0.9390872850134864,0.4157202930000494,0.4157202930000494,0.4157202930000494,0.04157202930000494,512,1231.5973230586055,8,1.0,1.0,1.0,64.0,64.0,0.04413318899969454,0.04413318899969454,1.0,1.0,1.0,64.0,64.0,0.04413318899969454,0.04413318899969454,1.0,1.0,1.0,64.0,64.0,0.04413318899969454,0.04413318899969454,1.0,2.0,2.0,128.0,128.0,0.08930308799972408,0.08930308799972408,0.39999999999999997
185,16,14120,dice_gradient_style,Custom DiCE-style gradient,11,190126350,197126350,,none_generator_only,512,no_disease_to_disease,high_confidence,0,1,0.0004573521437123418,7.689599514007568,1,1,1.0,1.0,0.1,0.1,1.0,0.0,0.08198481053113937,0.0,0.0,0.4822139356113707,0.4822139356113707,0.0,0.2,0.9615384615384616,0.9615384615384616,65,1.0,9.073108673095703,9.073108673095703,1.0,1.0,0.1,0.0,1.0,0.10764401999949769,0.10764401999949769,,0.10764401999949769,512,4756.418424380558,1,1.0,1.0,1.0,512.0,512.0,0.10764401999949769,0.10764401999949769,0.0,,1.0,,512.0,,0.10764401999949769,0.0,,1.0,,512.0,,0.10764401999949769,0.0,,1.0,,512.0,,0.10764401999949769,0.0
185,16,14120,wachter_style,Custom Wachter-style gradient,11,190126350,197126350,,none_generator_only,512,no_disease_to_disease,high_confidence,0,1,0.0004573521437123418,7.689599514007568,1,1,1.0,1.0,0.1,0.1,1.0,0.0,0.08244647830724716,0.0,0.0,0.4830463920631458,0.4830463920631458,0.0,0.2,0.9615384615384616,0.9615384615384616,65,1.0,9.086996078491211,9.086996078491211,1.0,1.0,0.1,0.0,1.0,0.10108003500135965,0.10108003500135965,,0.10108003500135965,512,5065.293062008863,1,1.0,1.0,1.0,512.0,512.0,0.10108003500135965,0.10108003500135965,0.0,,1.0,,512.0,,0.10108003500135965,0.0,,1.0,,512.0,,0.10108003500135965,0.0,,1.0,,512.0,,0.10108003500135965,0.0
186,16,14164,uniform_random,Uniform constrained random,11,191126353,198126353,,none_generator_only,512,no_disease_to_disease,high_confidence,0,1,0.0005276260199025273,7.546595096588135,10,10,1.0,1.0,1.0,1.0,1.0,1.0,0.12778156995773315,0.1833333333333333,0.171392023563385,0.7544775218840061,0.7544775218840061,0.0,0.78,0.9090909090909091,0.9090909090909091,81,1.0,9.041542053222656,1.492093563079834,1.0,1.0,1.0,1.0,0.9648142528868151,0.3499668210006348,0.3499668210006348,0.3499668210006348,0.03499668210006348,512,1462.9958306792496,8,1.0,1.0,1.0,64.0,64.0,0.04040334999990591,0.04040334999990591,1.0,1.0,1.0,64.0,64.0,0.04040334999990591,0.04040334999990591,1.0,2.0,2.0,128.0,128.0,0.08369618700089632,0.08369618700089632,1.0,2.0,2.0,128.0,128.0,0.08369618700089632,0.08369618700089632,0.1833333333333333
186,16,14164,genetic_cfe,Budget-matched genetic CFE,11,191126353,198126353,,none_generator_only,512,no_disease_to_disease,high_confidence,0,1,0.0005276260199025273,7.546595096588135,10,10,1.0,1.0,1.0,1.0,1.0,1.0,0.08552218228578568,0.33333333333333337,0.08223599195480347,0.5932266405346531,0.5932266405346531,0.0,0.3,0.9393939393939394,0.9393939393939394,81,1.0,5.889326572418213,1.14579439163208,0.975,0.8,0.8,0.0,0.9282728718405255,0.386448184000983,0.386448184000983,0.386448184000983,0.0386448184000983,512,1324.8865467529215,8,1.0,1.0,1.0,64.0,64.0,0.04329634300120233,0.04329634300120233,1.0,1.0,1.0,64.0,64.0,0.04329634300120233,0.04329634300120233,1.0,2.0,2.0,128.0,128.0,0.0866333140002098,0.0866333140002098,1.0,2.0,2.0,128.0,128.0,0.0866333140002098,0.0866333140002098,0.33333333333333337
186,16,14164,dice_gradient_style,Custom DiCE-style gradient,11,191126353,198126353,,none_generator_only,512,no_disease_to_disease,high_confidence,0,1,0.0005276260199025273,7.546595096588135,1,1,1.0,1.0,0.1,0.1,1.0,0.0,0.08436498790979385,0.0,0.0,0.4960205959560698,0.4960205959560698,0.0,0.0,0.7692307692307693,0.7692307692307693,65,1.0,8.775505065917969,8.775505065917969,1.0,1.0,0.1,0.0,1.0,0.11025139699995634,0.11025139699995634,,0.11025139699995634,512,4643.932085506388,1,1.0,1.0,1.0,512.0,512.0,0.11025139699995634,0.11025139699995634,0.0,,1.0,,512.0,,0.11025139699995634,0.0,,1.0,,512.0,,0.11025139699995634,0.0,,1.0,,512.0,,0.11025139699995634,0.0
186,16,14164,wachter_style,Custom Wachter-style gradient,11,191126353,198126353,,none_generator_only,512,no_disease_to_disease,high_confidence,0,1,0.0005276260199025273,7.546595096588135,1,1,1.0,1.0,0.1,0.1,1.0,0.0,0.08461493253707886,0.0,0.0,0.4980502909910356,0.4980502909910356,0.0,0.0,0.7692307692307693,0.7692307692307693,65,1.0,8.687801361083984,8.687801361083984,1.0,1.0,0.1,0.0,1.0,0.1008907689993066,0.1008907689993066,,0.1008907689993066,512,5074.795296718562,1,1.0,1.0,1.0,512.0,512.0,0.1008907689993066,0.1008907689993066,0.0,,1.0,,512.0,,0.1008907689993066,0.0,,1.0,,512.0,,0.1008907689993066,0.0,,1.0,,512.0,,0.1008907689993066,0.0
187,16,14168,uniform_random,Uniform constrained random,11,192126356,199126356,,none_generator_only,512,no_disease_to_disease,high_confidence,0,1,0.0005556414253078401,7.494831562042236,10,10,1.0,1.0,1.0,1.0,1.0,1.0,0.10606566816568375,0.16111111111111112,0.12208303809165955,0.6478969976929635,0.6478969976929635,0.0,0.6,0.6666666666666666,0.6666666666666666,81,1.0,8.147550582885742,0.2968735694885254,0.9625,0.9,0.9,0.0,0.9688145105593108,0.35985350999908405,0.35985350999908405,0.35985350999908405,0.035985350999908405,512,1422.8011837408594,8,1.0,1.0,1.0,64.0,64.0,0.0447919809994346,0.0447919809994346,1.0,1.0,1.0,64.0,64.0,0.0447919809994346,0.0447919809994346,1.0,1.0,1.0,64.0,64.0,0.0447919809994346,0.0447919809994346,1.0,1.0,1.0,64.0,64.0,0.0447919809994346,0.0447919809994346,0.16111111111111112
187,16,14168,genetic_cfe,Budget-matched genetic CFE,11,192126356,199126356,,none_generator_only,512,no_disease_to_disease,high_confidence,0,1,0.0005556414253078401,7.494831562042236,10,10,1.0,1.0,1.0,1.0,1.0,1.0,0.08525912463665009,0.33333333333333337,0.08114926517009735,0.5915757369624035,0.5915757369624035,0.0,0.22000000000000003,0.9393939393939394,0.9393939393939394,81,1.0,6.4341020584106445,1.9351725578308105,1.0,1.0,1.0,1.0,0.9479203315771907,0.4133949990009569,0.4133949990009569,0.4133949990009569,0.04133949990009569,512,1238.5249004882492,8,1.0,1.0,1.0,64.0,64.0,0.04367300200101454,0.04367300200101454,1.0,1.0,1.0,64.0,64.0,0.04367300200101454,0.04367300200101454,1.0,1.0,1.0,64.0,64.0,0.04367300200101454,0.04367300200101454,1.0,1.0,1.0,64.0,64.0,0.04367300200101454,0.04367300200101454,0.33333333333333337
187,16,14168,dice_gradient_style,Custom DiCE-style gradient,11,192126356,199126356,,none_generator_only,512,no_disease_to_disease,high_confidence,0,1,0.0005556414253078401,7.494831562042236,1,1,1.0,1.0,0.1,0.1,1.0,0.0,0.0838344618678093,0.0,0.0,0.48126315847351114,0.48126315847351114,0.0,0.0,0.8846153846153846,0.8846153846153846,65,1.0,9.348148345947266,9.348148345947266,1.0,1.0,0.1,0.0,1.0,0.1124107819996425,0.1124107819996425,,0.1124107819996425,512,4554.723229321795,1,1.0,1.0,1.0,512.0,512.0,0.1124107819996425,0.1124107819996425,0.0,,1.0,,512.0,,0.1124107819996425,0.0,,1.0,,512.0,,0.1124107819996425,0.0,,1.0,,512.0,,0.1124107819996425,0.0
187,16,14168,wachter_style,Custom Wachter-style gradient,11,192126356,199126356,,none_generator_only,512,no_disease_to_disease,high_confidence,0,1,0.0005556414253078401,7.494831562042236,1,1,1.0,1.0,0.1,0.1,1.0,0.0,0.08388371765613556,0.0,0.0,0.4802860985122581,0.4802860985122581,0.0,0.0,0.8846153846153846,0.8846153846153846,65,1.0,9.348196029663086,9.348196029663086,1.0,1.0,0.1,0.0,1.0,0.1014718639999046,0.1014718639999046,,0.1014718639999046,512,5045.7336626878305,1,1.0,1.0,1.0,512.0,512.0,0.1014718639999046,0.1014718639999046,0.0,,1.0,,512.0,,0.1014718639999046,0.0,,1.0,,512.0,,0.1014718639999046,0.0,,1.0,,512.0,,0.1014718639999046,0.0
188,16,14222,uniform_random,Uniform constrained random,11,193126359,200126359,,none_generator_only,512,no_disease_to_disease,high_confidence,0,1,9.161430352833122e-05,9.297831535339355,10,10,1.0,1.0,1.0,1.0,1.0,1.0,0.11646737158298492,0.16111111111111112,0.1510925590991974,0.6237036512955452,0.6237036512955452,0.0,0.72,0.9393939393939394,0.9393939393939394,81,1.0,6.181396961212158,1.291409969329834,1.0,1.0,1.0,1.0,0.9783885116694959,0.351555745000951,0.351555745000951,0.351555745000951,0.0351555745000951,512,1456.3835388285718,8,1.0,1.0,1.0,64.0,64.0,0.04310648000137007,0.04310648000137007,1.0,1.0,1.0,64.0,64.0,0.04310648000137007,0.04310648000137007,1.0,1.0,1.0,64.0,64.0,0.04310648000137007,0.04310648000137007,1.0,2.0,2.0,128.0,128.0,0.08503445899987128,0.08503445899987128,0.16111111111111112
188,16,14222,genetic_cfe,Budget-matched genetic CFE,11,193126359,200126359,,none_generator_only,512,no_disease_to_disease,high_confidence,0,1,9.161430352833122e-05,9.297831535339355,10,10,1.0,1.0,1.0,1.0,1.0,1.0,0.09290305525064468,0.33333333333333337,0.09319489449262619,0.5862753945894644,0.5862753945894644,0.0,0.5,0.9090909090909091,0.9090909090909091,81,1.0,7.149716854095459,2.7045559883117676,1.0,1.0,1.0,1.0,0.9468364511619759,0.3948560520002502,0.3948560520002502,0.3948560520002502,0.03948560520002502,512,1296.6750728685186,8,1.0,1.0,1.0,64.0,64.0,0.045574666999527835,0.045574666999527835,1.0,1.0,1.0,64.0,64.0,0.045574666999527835,0.045574666999527835,1.0,1.0,1.0,64.0,64.0,0.045574666999527835,0.045574666999527835,1.0,2.0,2.0,128.0,128.0,0.09132108799894922,0.09132108799894922,0.33333333333333337
188,16,14222,dice_gradient_style,Custom DiCE-style gradient,11,193126359,200126359,,none_generator_only,512,no_disease_to_disease,high_confidence,0,1,9.161430352833122e-05,9.297831535339355,1,1,1.0,1.0,0.1,0.1,1.0,0.0,0.08820866793394089,0.0,0.0,0.4805224733243518,0.4805224733243518,0.0,0.0,1.0,1.0,65,1.0,8.556921005249023,8.556921005249023,1.0,1.0,0.1,0.0,1.0,0.1080503850007517,0.1080503850007517,,0.1080503850007517,512,4738.530084797366,1,1.0,1.0,1.0,512.0,512.0,0.1080503850007517,0.1080503850007517,0.0,,1.0,,512.0,,0.1080503850007517,0.0,,1.0,,512.0,,0.1080503850007517,0.0,,1.0,,512.0,,0.1080503850007517,0.0
188,16,14222,wachter_style,Custom Wachter-style gradient,11,193126359,200126359,,none_generator_only,512,no_disease_to_disease,high_confidence,0,1,9.161430352833122e-05,9.297831535339355,1,1,1.0,1.0,0.1,0.1,1.0,0.0,0.08914560079574585,0.0,0.0,0.484430489258901,0.484430489258901,0.0,0.0,1.0,1.0,65,1.0,8.610145568847656,8.610145568847656,1.0,1.0,0.1,0.0,1.0,0.10180720800053678,0.10180720800053678,,0.10180720800053678,512,5029.113459209101,1,1.0,1.0,1.0,512.0,512.0,0.10180720800053678,0.10180720800053678,0.0,,1.0,,512.0,,0.10180720800053678,0.0,,1.0,,512.0,,0.10180720800053678,0.0,,1.0,,512.0,,0.10180720800053678,0.0
189,16,14251,uniform_random,Uniform constrained random,11,194126362,201126362,,none_generator_only,512,no_disease_to_disease,high_confidence,0,1,0.00011049636668758467,9.110417366027832,10,10,1.0,1.0,1.0,1.0,1.0,1.0,0.11236730962991714,0.24444444444444446,0.13926316797733307,0.6884115402592357,0.6884115402592357,0.0,0.44000000000000006,0.7878787878787878,0.7878787878787878,81,1.0,7.075446128845215,0.5824036598205566,0.975,0.9,0.9,0.0,0.9607533580273083,0.3512055370010785,0.3512055370010785,0.3512055370010785,0.035120553700107845,512,1457.835785767887,8,1.0,1.0,1.0,64.0,64.0,0.041299518999949214,0.041299518999949214,1.0,1.0,1.0,64.0,64.0,0.041299518999949214,0.041299518999949214,1.0,1.0,1.0,64.0,64.0,0.041299518999949214,0.041299518999949214,1.0,2.0,2.0,128.0,128.0,0.08379051300107676,0.08379051300107676,0.24444444444444446
189,16,14251,genetic_cfe,Budget-matched genetic CFE,11,194126362,201126362,,none_generator_only,512,no_disease_to_disease,high_confidence,0,1,0.00011049636668758467,9.110417366027832,10,10,1.0,1.0,1.0,1.0,1.0,1.0,0.09110225737094879,0.4,0.07330600917339325,0.7221966201939082,0.7221966201939082,0.0,0.22000000000000003,0.9090909090909091,0.9090909090909091,81,1.0,10.17638874053955,3.9559531211853027,1.0,1.0,1.0,1.0,0.9245737992196801,0.3924163789997692,0.3924163789997692,0.3924163789997692,0.03924163789997692,512,1304.7365691132406,8,1.0,1.0,1.0,64.0,64.0,0.04346035100024892,0.04346035100024892,1.0,1.0,1.0,64.0,64.0,0.04346035100024892,0.04346035100024892,1.0,1.0,1.0,64.0,64.0,0.04346035100024892,0.04346035100024892,1.0,2.0,2.0,128.0,128.0,0.0895328469996457,0.0895328469996457,0.4
189,16,14251,dice_gradient_style,Custom DiCE-style gradient,11,194126362,201126362,,none_generator_only,512,no_disease_to_disease,high_confidence,0,1,0.00011049636668758467,9.110417366027832,1,1,1.0,1.0,0.1,0.1,1.0,0.0,0.09098708629608154,0.0,0.0,0.5068026097923173,0.5068026097923173,0.0,0.0,0.9615384615384616,0.9615384615384616,65,1.0,8.816001892089844,8.816001892089844,1.0,1.0,0.1,0.0,1.0,0.11102830399977393,0.11102830399977393,,0.11102830399977393,512,4611.436737798342,1,1.0,1.0,1.0,512.0,512.0,0.11102830399977393,0.11102830399977393,0.0,,1.0,,512.0,,0.11102830399977393,0.0,,1.0,,512.0,,0.11102830399977393,0.0,,1.0,,512.0,,0.11102830399977393,0.0
189,16,14251,wachter_style,Custom Wachter-style gradient,11,194126362,201126362,,none_generator_only,512,no_disease_to_disease,high_confidence,0,1,0.00011049636668758467,9.110417366027832,1,1,1.0,1.0,0.1,0.1,1.0,0.0,0.09111111611127853,0.0,0.0,0.5072518808050999,0.5072518808050999,0.0,0.0,0.9615384615384616,0.9615384615384616,65,1.0,8.821346282958984,8.821346282958984,1.0,1.0,0.1,0.0,1.0,0.10359753999910026,0.10359753999910026,,0.10359753999910026,512,4942.202295580056,1,1.0,1.0,1.0,512.0,512.0,0.10359753999910026,0.10359753999910026,0.0,,1.0,,512.0,,0.10359753999910026,0.0,,1.0,,512.0,,0.10359753999910026,0.0,,1.0,,512.0,,0.10359753999910026,0.0
190,20,14724,uniform_random,Uniform constrained random,11,195126365,202126365,,none_generator_only,512,no_disease_to_disease,high_confidence,0,1,0.0003484879562165588,7.9615583419799805,10,10,1.0,1.0,1.0,1.0,1.0,1.0,0.10659990459680557,0.13333333333333333,0.13729175925254822,0.7137326181009319,0.7137326181009319,0.0,0.42000000000000004,0.8181818181818182,0.8181818181818182,81,1.0,5.349748134613037,0.14359569549560547,0.925,0.8,0.8,0.0,0.9805725638799357,0.3554493530009495,0.3554493530009495,0.3554493530009495,0.03554493530009495,512,1440.430248859202,8,1.0,1.0,1.0,64.0,64.0,0.04450619899944286,0.04450619899944286,1.0,1.0,1.0,64.0,64.0,0.04450619899944286,0.04450619899944286,1.0,1.0,1.0,64.0,64.0,0.04450619899944286,0.04450619899944286,1.0,2.0,2.0,128.0,128.0,0.08640084299986484,0.08640084299986484,0.13333333333333333
190,20,14724,genetic_cfe,Budget-matched genetic CFE,11,195126365,202126365,,none_generator_only,512,no_disease_to_disease,high_confidence,0,1,0.0003484879562165588,7.9615583419799805,10,10,1.0,1.0,1.0,1.0,1.0,1.0,0.08178403228521347,0.32222222222222224,0.0857776403427124,0.6958590219036984,0.6958590219036984,0.0,0.78,0.9696969696969697,0.9696969696969697,81,1.0,6.288506507873535,0.46709775924682617,0.9625,0.9,0.9,0.0,0.9499676999037945,0.38251517600110674,0.38251517600110674,0.38251517600110674,0.038251517600110675,512,1338.5089850618597,8,1.0,1.0,1.0,64.0,64.0,0.0429666410000209,0.0429666410000209,1.0,1.0,1.0,64.0,64.0,0.0429666410000209,0.0429666410000209,1.0,1.0,1.0,64.0,64.0,0.0429666410000209,0.0429666410000209,1.0,2.0,2.0,128.0,128.0,0.08575299500080291,0.08575299500080291,0.32222222222222224
190,20,14724,dice_gradient_style,Custom DiCE-style gradient,11,195126365,202126365,,none_generator_only,512,no_disease_to_disease,high_confidence,0,1,0.0003484879562165588,7.9615583419799805,1,1,1.0,1.0,0.1,0.1,1.0,0.0,0.08763740956783295,0.0,0.0,0.6857268164896061,0.6857268164896061,0.0,0.0,0.9615384615384616,0.9615384615384616,65,1.0,9.167526245117188,9.167526245117188,1.0,1.0,0.1,0.0,0.9964285714285714,0.11298992600131896,0.11298992600131896,,0.11298992600131896,512,4531.377425577067,1,1.0,1.0,1.0,512.0,512.0,0.11298992600131896,0.11298992600131896,0.0,,1.0,,512.0,,0.11298992600131896,0.0,,1.0,,512.0,,0.11298992600131896,0.0,,1.0,,512.0,,0.11298992600131896,0.0
190,20,14724,wachter_style,Custom Wachter-style gradient,11,195126365,202126365,,none_generator_only,512,no_disease_to_disease,high_confidence,0,1,0.0003484879562165588,7.9615583419799805,1,1,1.0,1.0,0.1,0.1,1.0,0.0,0.08755500614643097,0.0,0.0,0.6855233991651836,0.6855233991651836,0.0,0.0,0.9615384615384616,0.9615384615384616,65,1.0,9.154178619384766,9.154178619384766,1.0,1.0,0.1,0.0,0.9964285714285714,0.10008738999931666,0.10008738999931666,,0.10008738999931666,512,5115.529538771025,1,1.0,1.0,1.0,512.0,512.0,0.10008738999931666,0.10008738999931666,0.0,,1.0,,512.0,,0.10008738999931666,0.0,,1.0,,512.0,,0.10008738999931666,0.0,,1.0,,512.0,,0.10008738999931666,0.0
191,20,14744,uniform_random,Uniform constrained random,11,196126368,203126368,,none_generator_only,512,no_disease_to_disease,high_confidence,0,1,5.607256753137335e-05,9.78880786895752,10,10,1.0,1.0,1.0,1.0,1.0,1.0,0.11996188014745712,0.12777777777777782,0.15124823153018951,0.748790391779221,0.748790391779221,0.0,0.76,0.8787878787878788,0.8787878787878788,81,1.0,4.612112045288086,0.20635747909545898,0.9625,0.9,0.9,0.0,0.9798536739761181,0.3563970890008932,0.3563970890008932,0.3563970890008932,0.035639708900089315,512,1436.599837095518,8,1.0,1.0,1.0,64.0,64.0,0.04943889700007276,0.04943889700007276,1.0,1.0,1.0,64.0,64.0,0.04943889700007276,0.04943889700007276,1.0,2.0,2.0,128.0,128.0,0.0920218589999422,0.0920218589999422,1.0,3.0,3.0,192.0,192.0,0.13406944900089002,0.13406944900089002,0.12777777777777782
191,20,14744,genetic_cfe,Budget-matched genetic CFE,11,196126368,203126368,,none_generator_only,512,no_disease_to_disease,high_confidence,0,1,5.607256753137335e-05,9.78880786895752,10,10,1.0,1.0,1.0,1.0,1.0,1.0,0.07732908427715302,0.34444444444444444,0.08878033608198166,0.6217045488272652,0.6217045488272652,0.0,0.7,0.9393939393939394,0.9393939393939394,81,1.0,5.305674076080322,0.24519872665405273,0.9375,0.9,0.9,0.0,0.949505465548944,0.38168157700056327,0.38168157700056327,0.38168157700056327,0.03816815770005633,512,1341.4323112567847,8,1.0,1.0,1.0,64.0,64.0,0.04337767400102166,0.04337767400102166,1.0,1.0,1.0,64.0,64.0,0.04337767400102166,0.04337767400102166,1.0,2.0,2.0,128.0,128.0,0.08910978600033559,0.08910978600033559,1.0,2.0,2.0,128.0,128.0,0.08910978600033559,0.08910978600033559,0.34444444444444444
191,20,14744,dice_gradient_style,Custom DiCE-style gradient,11,196126368,203126368,,none_generator_only,512,no_disease_to_disease,high_confidence,0,1,5.607256753137335e-05,9.78880786895752,1,1,1.0,1.0,0.1,0.1,1.0,0.0,0.09627014398574829,0.0,0.0,0.6942355313695605,0.6942355313695605,0.0,0.2,0.9615384615384616,0.9615384615384616,65,1.0,10.538494110107422,10.538494110107422,1.0,1.0,0.1,0.0,1.0,0.1088399889995344,0.1088399889995344,,0.1088399889995344,512,4704.153360417836,1,1.0,1.0,1.0,512.0,512.0,0.1088399889995344,0.1088399889995344,0.0,,1.0,,512.0,,0.1088399889995344,0.0,,1.0,,512.0,,0.1088399889995344,0.0,,1.0,,512.0,,0.1088399889995344,0.0
191,20,14744,wachter_style,Custom Wachter-style gradient,11,196126368,203126368,,none_generator_only,512,no_disease_to_disease,high_confidence,0,1,5.607256753137335e-05,9.78880786895752,1,1,1.0,1.0,0.1,0.1,1.0,0.0,0.0963960736989975,0.0,0.0,0.6947199456626292,0.6947199456626292,0.0,0.2,0.9615384615384616,0.9615384615384616,65,1.0,10.543525695800781,10.543525695800781,1.0,1.0,0.1,0.0,1.0,0.10625414999958593,0.10625414999958593,,0.10625414999958593,512,4818.635319203958,1,1.0,1.0,1.0,512.0,512.0,0.10625414999958593,0.10625414999958593,0.0,,1.0,,512.0,,0.10625414999958593,0.0,,1.0,,512.0,,0.10625414999958593,0.0,,1.0,,512.0,,0.10625414999958593,0.0
192,20,16015,uniform_random,Uniform constrained random,11,197126371,204126371,,none_generator_only,512,no_disease_to_disease,high_confidence,0,1,4.68348698632326e-05,9.968835830688477,10,10,1.0,1.0,1.0,1.0,1.0,1.0,0.12282361090183258,0.13333333333333333,0.14002449810504913,0.8389581398889276,0.8389581398889276,0.0,0.6399999999999999,1.0,1.0,81,1.0,8.342041969299316,1.933396816253662,1.0,1.0,1.0,1.0,0.9744042103961112,0.3400400950013136,0.3400400950013136,0.3400400950013136,0.03400400950013136,512,1505.7047904836695,8,1.0,1.0,1.0,64.0,64.0,0.04194801599987841,0.04194801599987841,1.0,2.0,2.0,128.0,128.0,0.08520081200003915,0.08520081200003915,1.0,2.0,2.0,128.0,128.0,0.08520081200003915,0.08520081200003915,1.0,2.0,2.0,128.0,128.0,0.08520081200003915,0.08520081200003915,0.13333333333333333
192,20,16015,genetic_cfe,Budget-matched genetic CFE,11,197126371,204126371,,none_generator_only,512,no_disease_to_disease,high_confidence,0,1,4.68348698632326e-05,9.968835830688477,10,10,1.0,1.0,1.0,1.0,1.0,1.0,0.09419595450162888,0.33333333333333337,0.10009806603193283,0.7805578257274371,0.7805578257274371,0.0,0.5599999999999999,0.8787878787878788,0.8787878787878788,81,1.0,4.669613838195801,0.3478837013244629,0.925,0.8,0.8,0.0,0.9327648903237359,0.37862932499956514,0.37862932499956514,0.37862932499956514,0.037862932499956516,512,1352.2460258475437,8,1.0,1.0,1.0,64.0,64.0,0.04378825300045719,0.04378825300045719,1.0,2.0,2.0,128.0,128.0,0.08776143599970965,0.08776143599970965,1.0,2.0,2.0,128.0,128.0,0.08776143599970965,0.08776143599970965,1.0,3.0,3.0,192.0,192.0,0.13275658800012025,0.13275658800012025,0.33333333333333337
192,20,16015,dice_gradient_style,Custom DiCE-style gradient,11,197126371,204126371,,none_generator_only,512,no_disease_to_disease,high_confidence,0,1,4.68348698632326e-05,9.968835830688477,1,1,1.0,1.0,0.1,0.1,1.0,0.0,0.09612581878900528,0.0,0.0,0.7472154125131296,0.7472154125131296,0.0,0.4,0.9230769230769231,0.9230769230769231,65,1.0,6.1531662940979,6.1531662940979,1.0,1.0,0.1,0.0,1.0,0.11033373700047377,0.11033373700047377,,0.11033373700047377,512,4640.466406007815,1,1.0,1.0,1.0,512.0,512.0,0.11033373700047377,0.11033373700047377,0.0,,1.0,,512.0,,0.11033373700047377,0.0,,1.0,,512.0,,0.11033373700047377,0.0,,1.0,,512.0,,0.11033373700047377,0.0
192,20,16015,wachter_style,Custom Wachter-style gradient,11,197126371,204126371,,none_generator_only,512,no_disease_to_disease,high_confidence,0,1,4.68348698632326e-05,9.968835830688477,1,1,1.0,1.0,0.1,0.1,1.0,0.0,0.09621988236904144,0.0,0.0,0.7475911022828134,0.7475911022828134,0.0,0.4,0.9230769230769231,0.9230769230769231,65,1.0,6.149533748626709,6.149533748626709,1.0,1.0,0.1,0.0,1.0,0.09893347800061747,0.09893347800061747,,0.09893347800061747,512,5175.194588800411,1,1.0,1.0,1.0,512.0,512.0,0.09893347800061747,0.09893347800061747,0.0,,1.0,,512.0,,0.09893347800061747,0.0,,1.0,,512.0,,0.09893347800061747,0.0,,1.0,,512.0,,0.09893347800061747,0.0
193,20,16126,uniform_random,Uniform constrained random,11,198126374,205126374,,none_generator_only,512,no_disease_to_disease,high_confidence,0,1,0.000416078808484599,7.784219741821289,10,10,1.0,1.0,1.0,1.0,1.0,1.0,0.11177504062652588,0.16666666666666669,0.14483124017715454,0.8279556115650484,0.8279556115650484,0.0,0.6799999999999999,0.8484848484848485,0.8484848484848485,81,1.0,7.945233345031738,1.6106438636779785,1.0,1.0,1.0,1.0,0.9674816337349359,0.3594354039996688,0.3594354039996688,0.3594354039996688,0.035943540399966875,512,1424.4562285814,8,1.0,1.0,1.0,64.0,64.0,0.043910750000577536,0.043910750000577536,1.0,1.0,1.0,64.0,64.0,0.043910750000577536,0.043910750000577536,1.0,1.0,1.0,64.0,64.0,0.043910750000577536,0.043910750000577536,1.0,2.0,2.0,128.0,128.0,0.08767613999953028,0.08767613999953028,0.16666666666666669
193,20,16126,genetic_cfe,Budget-matched genetic CFE,11,198126374,205126374,,none_generator_only,512,no_disease_to_disease,high_confidence,0,1,0.000416078808484599,7.784219741821289,10,10,1.0,1.0,1.0,1.0,1.0,1.0,0.09882736206054688,0.3166666666666667,0.08086442202329636,0.7836757927856608,0.7836757927856608,0.0,0.44000000000000006,0.9090909090909091,0.9090909090909091,81,1.0,6.777606010437012,0.337949275970459,0.9375,0.9,0.9,0.0,0.962241959530003,0.3764659770004073,0.3764659770004073,0.3764659770004073,0.03764659770004073,512,1360.0166582900692,8,1.0,1.0,1.0,64.0,64.0,0.04118842699972447,0.04118842699972447,1.0,1.0,1.0,64.0,64.0,0.04118842699972447,0.04118842699972447,1.0,1.0,1.0,64.0,64.0,0.04118842699972447,0.04118842699972447,1.0,2.0,2.0,128.0,128.0,0.08300507999956608,0.08300507999956608,0.3166666666666667
193,20,16126,dice_gradient_style,Custom DiCE-style gradient,11,198126374,205126374,,none_generator_only,512,no_disease_to_disease,high_confidence,0,1,0.000416078808484599,7.784219741821289,1,1,1.0,1.0,0.1,0.1,1.0,0.0,0.08312417566776276,0.05555555555555558,0.0,0.7139481607100453,0.7139481607100453,0.0,0.0,1.0,1.0,65,1.0,8.744298934936523,8.744298934936523,1.0,1.0,0.1,0.0,0.9785714285714286,0.10789568800100824,0.10789568800100824,,0.10789568800100824,512,4745.324020689461,1,1.0,1.0,1.0,512.0,512.0,0.10789568800100824,0.10789568800100824,0.0,,1.0,,512.0,,0.10789568800100824,0.0,,1.0,,512.0,,0.10789568800100824,0.0,,1.0,,512.0,,0.10789568800100824,0.05555555555555558
193,20,16126,wachter_style,Custom Wachter-style gradient,11,198126374,205126374,,none_generator_only,512,no_disease_to_disease,high_confidence,0,1,0.000416078808484599,7.784219741821289,1,1,1.0,1.0,0.1,0.1,1.0,0.0,0.08316520601511002,0.05555555555555558,0.0,0.7139538331084411,0.7139538331084411,0.0,0.0,1.0,1.0,65,1.0,8.72840690612793,8.72840690612793,1.0,1.0,0.1,0.0,0.9785714285714286,0.10082898600012413,0.10082898600012413,,0.10082898600012413,512,5077.904879449741,1,1.0,1.0,1.0,512.0,512.0,0.10082898600012413,0.10082898600012413,0.0,,1.0,,512.0,,0.10082898600012413,0.0,,1.0,,512.0,,0.10082898600012413,0.0,,1.0,,512.0,,0.10082898600012413,0.05555555555555558
194,20,16234,uniform_random,Uniform constrained random,11,199126377,206126377,,none_generator_only,512,no_disease_to_disease,high_confidence,0,1,6.500596646219492e-05,9.640966415405273,10,10,1.0,1.0,1.0,1.0,1.0,1.0,0.10913647711277008,0.15000000000000002,0.14064788818359375,0.7198860934575426,0.7198860934575426,0.0,0.66,0.8484848484848485,0.8484848484848485,81,1.0,4.426003456115723,0.1813054084777832,0.9375,0.9,0.9,0.0,0.9776507328382472,0.34376655599953665,0.34376655599953665,0.34376655599953665,0.03437665559995366,512,1489.3828124475556,8,1.0,1.0,1.0,64.0,64.0,0.041702250000525964,0.041702250000525964,1.0,1.0,1.0,64.0,64.0,0.041702250000525964,0.041702250000525964,1.0,1.0,1.0,64.0,64.0,0.041702250000525964,0.041702250000525964,1.0,2.0,2.0,128.0,128.0,0.08484030600084225,0.08484030600084225,0.15000000000000002
194,20,16234,genetic_cfe,Budget-matched genetic CFE,11,199126377,206126377,,none_generator_only,512,no_disease_to_disease,high_confidence,0,1,6.500596646219492e-05,9.640966415405273,10,10,1.0,1.0,1.0,1.0,1.0,1.0,0.0781489908695221,0.37777777777777777,0.08910927176475525,0.6904623628457447,0.6904623628457447,0.0,0.64,0.9090909090909091,0.9090909090909091,81,1.0,3.1416451930999756,0.22240686416625977,0.9375,0.9,0.9,0.0,0.9387642979001674,0.392467867999585,0.392467867999585,0.392467867999585,0.0392467867999585,512,1304.5653969321672,8,1.0,1.0,1.0,64.0,64.0,0.045091424999554874,0.045091424999554874,1.0,1.0,1.0,64.0,64.0,0.045091424999554874,0.045091424999554874,1.0,1.0,1.0,64.0,64.0,0.045091424999554874,0.045091424999554874,1.0,2.0,2.0,128.0,128.0,0.08836434099976032,0.08836434099976032,0.37777777777777777
194,20,16234,dice_gradient_style,Custom DiCE-style gradient,11,199126377,206126377,,none_generator_only,512,no_disease_to_disease,high_confidence,0,1,6.500596646219492e-05,9.640966415405273,1,1,1.0,1.0,0.1,0.1,1.0,0.0,0.08926760405302048,0.05555555555555558,0.0,0.6526704776802531,0.6526704776802531,0.0,1.0,0.9230769230769231,0.9230769230769231,65,1.0,8.469367980957031,8.469367980957031,1.0,1.0,0.1,0.0,0.9892857142857143,0.10823760899984336,0.10823760899984336,,0.10823760899984336,512,4730.333612605402,1,1.0,1.0,1.0,512.0,512.0,0.10823760899984336,0.10823760899984336,0.0,,1.0,,512.0,,0.10823760899984336,0.0,,1.0,,512.0,,0.10823760899984336,0.0,,1.0,,512.0,,0.10823760899984336,0.05555555555555558
194,20,16234,wachter_style,Custom Wachter-style gradient,11,199126377,206126377,,none_generator_only,512,no_disease_to_disease,high_confidence,0,1,6.500596646219492e-05,9.640966415405273,1,1,1.0,1.0,0.1,0.1,1.0,0.0,0.0894564762711525,0.05555555555555558,0.0,0.6536246134750573,0.6536246134750573,0.0,1.0,0.9230769230769231,0.9230769230769231,65,1.0,8.477409362792969,8.477409362792969,1.0,1.0,0.1,0.0,0.9892857142857143,0.10161121099918091,0.10161121099918091,,0.10161121099918091,512,5038.814073420769,1,1.0,1.0,1.0,512.0,512.0,0.10161121099918091,0.10161121099918091,0.0,,1.0,,512.0,,0.10161121099918091,0.0,,1.0,,512.0,,0.10161121099918091,0.0,,1.0,,512.0,,0.10161121099918091,0.05555555555555558
195,26,16271,uniform_random,Uniform constrained random,11,200126380,207126380,,none_generator_only,512,no_disease_to_disease,high_confidence,0,1,0.0003766578156501055,7.883796691894531,10,10,1.0,1.0,1.0,1.0,1.0,1.0,0.10045929998159409,0.1277777777777778,0.1217179074883461,0.694749616997696,0.694749616997696,0.0,0.4,0.8484848484848485,0.8484848484848485,81,1.0,2.793098211288452,0.31631040573120117,0.9625,0.8,0.8,0.0,0.9801469596248518,0.3874552700017375,0.3874552700017375,0.3874552700017375,0.03874552700017375,512,1321.4428597079193,8,1.0,1.0,1.0,64.0,64.0,0.04247297400070238,0.04247297400070238,1.0,1.0,1.0,64.0,64.0,0.04247297400070238,0.04247297400070238,1.0,1.0,1.0,64.0,64.0,0.04247297400070238,0.04247297400070238,1.0,2.0,2.0,128.0,128.0,0.08802382400062925,0.08802382400062925,0.1277777777777778
195,26,16271,genetic_cfe,Budget-matched genetic CFE,11,200126380,207126380,,none_generator_only,512,no_disease_to_disease,high_confidence,0,1,0.0003766578156501055,7.883796691894531,10,10,1.0,1.0,1.0,1.0,1.0,1.0,0.0852622240781784,0.4,0.08121846616268158,0.7393488813709457,0.7393488813709457,0.0,0.52,0.9393939393939394,0.9393939393939394,81,1.0,7.262792110443115,3.0437331199645996,1.0,1.0,1.0,1.0,0.9368831896872514,0.3928046399996674,0.3928046399996674,0.3928046399996674,0.03928046399996674,512,1303.4469246606493,8,1.0,1.0,1.0,64.0,64.0,0.041275387000496266,0.041275387000496266,1.0,1.0,1.0,64.0,64.0,0.041275387000496266,0.041275387000496266,1.0,1.0,1.0,64.0,64.0,0.041275387000496266,0.041275387000496266,1.0,2.0,2.0,128.0,128.0,0.08602083699952345,0.08602083699952345,0.4
195,26,16271,dice_gradient_style,Custom DiCE-style gradient,11,200126380,207126380,,none_generator_only,512,no_disease_to_disease,high_confidence,0,1,0.0003766578156501055,7.883796691894531,1,1,1.0,1.0,0.1,0.1,1.0,0.0,0.0932057648897171,0.0,0.0,0.6520918503942816,0.6520918503942816,0.0,0.2,0.9230769230769231,0.9230769230769231,65,1.0,10.858224868774414,10.858224868774414,1.0,1.0,0.1,0.0,1.0,0.11090906400022504,0.11090906400022504,,0.11090906400022504,512,4616.394562656855,1,1.0,1.0,1.0,512.0,512.0,0.11090906400022504,0.11090906400022504,0.0,,1.0,,512.0,,0.11090906400022504,0.0,,1.0,,512.0,,0.11090906400022504,0.0,,1.0,,512.0,,0.11090906400022504,0.0
195,26,16271,wachter_style,Custom Wachter-style gradient,11,200126380,207126380,,none_generator_only,512,no_disease_to_disease,high_confidence,0,1,0.0003766578156501055,7.883796691894531,1,1,1.0,1.0,0.1,0.1,1.0,0.0,0.09325504302978516,0.0,0.0,0.6523948332379126,0.6523948332379126,0.0,0.2,0.9230769230769231,0.9230769230769231,65,1.0,10.854225158691406,10.854225158691406,1.0,1.0,0.1,0.0,1.0,0.09932581100110838,0.09932581100110838,,0.09932581100110838,512,5154.752776136775,1,1.0,1.0,1.0,512.0,512.0,0.09932581100110838,0.09932581100110838,0.0,,1.0,,512.0,,0.09932581100110838,0.0,,1.0,,512.0,,0.09932581100110838,0.0,,1.0,,512.0,,0.09932581100110838,0.0
196,26,16278,uniform_random,Uniform constrained random,11,201126383,208126383,,none_generator_only,512,no_disease_to_disease,high_confidence,0,1,0.0006701850797981024,7.307286262512207,10,10,1.0,1.0,1.0,1.0,1.0,1.0,0.09009529650211334,0.24999999999999994,0.12179643660783768,0.7287267172142249,0.7287267172142249,0.0,0.68,0.9696969696969697,0.9696969696969697,81,1.0,4.580435752868652,0.5029149055480957,0.9125,0.7,0.7,0.0,0.9591994580705802,0.3578273530001752,0.3578273530001752,0.3578273530001752,0.03578273530001752,512,1430.857634854285,8,1.0,1.0,1.0,64.0,64.0,0.04196764100015571,0.04196764100015571,1.0,1.0,1.0,64.0,64.0,0.04196764100015571,0.04196764100015571,1.0,1.0,1.0,64.0,64.0,0.04196764100015571,0.04196764100015571,1.0,1.0,1.0,64.0,64.0,0.04196764100015571,0.04196764100015571,0.24999999999999994
196,26,16278,genetic_cfe,Budget-matched genetic CFE,11,201126383,208126383,,none_generator_only,512,no_disease_to_disease,high_confidence,0,1,0.0006701850797981024,7.307286262512207,10,10,1.0,1.0,1.0,1.0,1.0,1.0,0.06261904537677765,0.47777777777777775,0.07759007066488266,0.6843704298130061,0.6843704298130061,0.1,0.6399999999999999,0.8181818181818182,0.8181818181818182,81,1.0,5.237802982330322,0.31429147720336914,0.9625,0.9,0.9,0.0,0.9273743312594437,0.42406379799831484,0.42406379799831484,0.42406379799831484,0.04240637979983149,512,1207.3655011740348,8,1.0,1.0,1.0,64.0,64.0,0.04429073099890957,0.04429073099890957,1.0,1.0,1.0,64.0,64.0,0.04429073099890957,0.04429073099890957,1.0,1.0,1.0,64.0,64.0,0.04429073099890957,0.04429073099890957,1.0,1.0,1.0,64.0,64.0,0.04429073099890957,0.04429073099890957,0.47777777777777775
196,26,16278,dice_gradient_style,Custom DiCE-style gradient,11,201126383,208126383,,none_generator_only,512,no_disease_to_disease,high_confidence,0,1,0.0006701850797981024,7.307286262512207,1,1,1.0,1.0,0.1,0.1,1.0,0.0,0.07574798166751862,0.05555555555555558,0.0,0.6443738166711509,0.6443738166711509,0.0,1.0,1.0,1.0,65,1.0,10.834014892578125,10.834014892578125,1.0,1.0,0.1,0.0,1.0,0.10948944200026745,0.10948944200026745,,0.10948944200026745,512,4676.249971195847,1,1.0,1.0,1.0,512.0,512.0,0.10948944200026745,0.10948944200026745,0.0,,1.0,,512.0,,0.10948944200026745,0.0,,1.0,,512.0,,0.10948944200026745,0.0,,1.0,,512.0,,0.10948944200026745,0.05555555555555558
196,26,16278,wachter_style,Custom Wachter-style gradient,11,201126383,208126383,,none_generator_only,512,no_disease_to_disease,high_confidence,0,1,0.0006701850797981024,7.307286262512207,1,1,1.0,1.0,0.1,0.1,1.0,0.0,0.07603760063648224,0.05555555555555558,0.0,0.6450363357439216,0.6450363357439216,0.0,1.0,1.0,1.0,65,1.0,10.83624267578125,10.83624267578125,1.0,1.0,0.1,0.0,1.0,0.10113888699925155,0.10113888699925155,,0.10113888699925155,512,5062.345604058199,1,1.0,1.0,1.0,512.0,512.0,0.10113888699925155,0.10113888699925155,0.0,,1.0,,512.0,,0.10113888699925155,0.0,,1.0,,512.0,,0.10113888699925155,0.0,,1.0,,512.0,,0.10113888699925155,0.05555555555555558
197,26,16373,uniform_random,Uniform constrained random,11,202126386,209126386,,none_generator_only,512,no_disease_to_disease,high_confidence,0,1,0.00038169254548847675,7.870513439178467,10,10,1.0,1.0,1.0,1.0,1.0,1.0,0.0968380942940712,0.2,0.13193821907043457,0.7254235591432661,0.7254235591432661,0.0,0.86,0.9393939393939394,0.9393939393939394,81,1.0,5.761891841888428,0.547478199005127,0.9625,0.9,0.9,0.0,0.96698588885729,0.36386368199964636,0.36386368199964636,0.36386368199964636,0.03638636819996464,512,1407.1203731745275,8,1.0,1.0,1.0,64.0,64.0,0.04396914599965385,0.04396914599965385,1.0,1.0,1.0,64.0,64.0,0.04396914599965385,0.04396914599965385,1.0,1.0,1.0,64.0,64.0,0.04396914599965385,0.04396914599965385,1.0,2.0,2.0,128.0,128.0,0.08839729400096985,0.08839729400096985,0.2
197,26,16373,genetic_cfe,Budget-matched genetic CFE,11,202126386,209126386,,none_generator_only,512,no_disease_to_disease,high_confidence,0,1,0.00038169254548847675,7.870513439178467,10,10,1.0,1.0,1.0,1.0,1.0,1.0,0.08702036738395691,0.37777777777777777,0.09608136117458344,0.7037196215510938,0.7037196215510938,0.0,0.86,1.0,1.0,81,1.0,5.480525970458984,0.7254672050476074,0.9875,0.9,0.9,0.0,0.9317854141735324,0.3963285040008486,0.3963285040008486,0.3963285040008486,0.039632850400084865,512,1291.8576252565063,8,1.0,1.0,1.0,64.0,64.0,0.0407141750001756,0.0407141750001756,1.0,1.0,1.0,64.0,64.0,0.0407141750001756,0.0407141750001756,1.0,1.0,1.0,64.0,64.0,0.0407141750001756,0.0407141750001756,1.0,2.0,2.0,128.0,128.0,0.08468090499991376,0.08468090499991376,0.37777777777777777
197,26,16373,dice_gradient_style,Custom DiCE-style gradient,11,202126386,209126386,,none_generator_only,512,no_disease_to_disease,high_confidence,0,1,0.00038169254548847675,7.870513439178467,1,1,1.0,1.0,0.1,0.1,1.0,0.0,0.0768398717045784,0.05555555555555558,0.0,0.6131849124479186,0.6131849124479186,0.0,1.0,0.9615384615384616,0.9615384615384616,65,1.0,9.807123184204102,9.807123184204102,1.0,1.0,0.1,0.0,1.0,0.10648823199881008,0.10648823199881008,,0.10648823199881008,512,4808.0430146095505,1,1.0,1.0,1.0,512.0,512.0,0.10648823199881008,0.10648823199881008,0.0,,1.0,,512.0,,0.10648823199881008,0.0,,1.0,,512.0,,0.10648823199881008,0.0,,1.0,,512.0,,0.10648823199881008,0.05555555555555558
197,26,16373,wachter_style,Custom Wachter-style gradient,11,202126386,209126386,,none_generator_only,512,no_disease_to_disease,high_confidence,0,1,0.00038169254548847675,7.870513439178467,1,1,1.0,1.0,0.1,0.1,1.0,0.0,0.07701671123504639,0.05555555555555558,0.0,0.6139858295116216,0.6139858295116216,0.0,1.0,0.9615384615384616,0.9615384615384616,65,1.0,9.816520690917969,9.816520690917969,1.0,1.0,0.1,0.0,1.0,0.09973114199965494,0.09973114199965494,,0.09973114199965494,512,5133.8026391171925,1,1.0,1.0,1.0,512.0,512.0,0.09973114199965494,0.09973114199965494,0.0,,1.0,,512.0,,0.09973114199965494,0.0,,1.0,,512.0,,0.09973114199965494,0.0,,1.0,,512.0,,0.09973114199965494,0.05555555555555558
198,26,16576,uniform_random,Uniform constrained random,11,203126389,210126389,,none_generator_only,512,no_disease_to_disease,high_confidence,0,1,0.00020836092880927026,8.476030349731445,10,10,1.0,1.0,1.0,1.0,1.0,1.0,0.11315953731536865,0.17777777777777776,0.14744558930397034,0.7631425433269703,0.7631425433269703,0.0,0.5599999999999999,0.7272727272727273,0.7272727272727273,81,1.0,6.025267601013184,1.3551011085510254,0.975,0.9,0.9,0.0,0.9510680425510097,0.3548634690014296,0.3548634690014296,0.3548634690014296,0.03548634690014296,512,1442.8084171096725,8,1.0,1.0,1.0,64.0,64.0,0.041753317000257084,0.041753317000257084,1.0,1.0,1.0,64.0,64.0,0.041753317000257084,0.041753317000257084,1.0,1.0,1.0,64.0,64.0,0.041753317000257084,0.041753317000257084,1.0,2.0,2.0,128.0,128.0,0.08664620200033823,0.08664620200033823,0.17777777777777776
198,26,16576,genetic_cfe,Budget-matched genetic CFE,11,203126389,210126389,,none_generator_only,512,no_disease_to_disease,high_confidence,0,1,0.00020836092880927026,8.476030349731445,10,10,1.0,1.0,1.0,1.0,1.0,1.0,0.0801360011100769,0.37222222222222223,0.07096773386001587,0.6431583635049164,0.6431583635049164,0.0,0.34,0.9393939393939394,0.9393939393939394,81,1.0,3.6912331581115723,0.40663862228393555,0.9375,0.8,0.8,0.0,0.941256665033839,0.3924668319996272,0.3924668319996272,0.3924668319996272,0.03924668319996272,512,1304.5688406109343,8,1.0,1.0,1.0,64.0,64.0,0.04467856799965375,0.04467856799965375,1.0,1.0,1.0,64.0,64.0,0.04467856799965375,0.04467856799965375,1.0,1.0,1.0,64.0,64.0,0.04467856799965375,0.04467856799965375,1.0,2.0,2.0,128.0,128.0,0.08792683600040618,0.08792683600040618,0.37222222222222223
198,26,16576,dice_gradient_style,Custom DiCE-style gradient,11,203126389,210126389,,none_generator_only,512,no_disease_to_disease,high_confidence,0,1,0.00020836092880927026,8.476030349731445,1,1,1.0,1.0,0.1,0.1,1.0,0.0,0.09139122068881989,0.0,0.0,0.6330274951561603,0.6330274951561603,0.0,0.0,0.9615384615384616,0.9615384615384616,65,1.0,10.169322967529297,10.169322967529297,1.0,1.0,0.1,0.0,0.9964285714285714,0.10776736399930087,0.10776736399930087,,0.10776736399930087,512,4750.974515840636,1,1.0,1.0,1.0,512.0,512.0,0.10776736399930087,0.10776736399930087,0.0,,1.0,,512.0,,0.10776736399930087,0.0,,1.0,,512.0,,0.10776736399930087,0.0,,1.0,,512.0,,0.10776736399930087,0.0
198,26,16576,wachter_style,Custom Wachter-style gradient,11,203126389,210126389,,none_generator_only,512,no_disease_to_disease,high_confidence,0,1,0.00020836092880927026,8.476030349731445,1,1,1.0,1.0,0.1,0.1,1.0,0.0,0.09141674637794495,0.0,0.0,0.6333084814624035,0.6333084814624035,0.0,0.0,0.9615384615384616,0.9615384615384616,65,1.0,10.17603874206543,10.17603874206543,1.0,1.0,0.1,0.0,0.9964285714285714,0.09920200200031104,0.09920200200031104,,0.09920200200031104,512,5161.186162335662,1,1.0,1.0,1.0,512.0,512.0,0.09920200200031104,0.09920200200031104,0.0,,1.0,,512.0,,0.09920200200031104,0.0,,1.0,,512.0,,0.09920200200031104,0.0,,1.0,,512.0,,0.09920200200031104,0.0
199,26,16590,uniform_random,Uniform constrained random,11,204126392,211126392,,none_generator_only,512,no_disease_to_disease,high_confidence,0,1,0.0003460575535427779,7.968559265136719,10,10,1.0,1.0,1.0,1.0,1.0,1.0,0.11090807616710663,0.15555555555555553,0.12941735982894897,0.7105565548074856,0.7105565548074856,0.0,0.5599999999999999,0.9393939393939394,0.9393939393939394,81,1.0,5.289440155029297,0.16748714447021484,0.975,0.9,0.9,0.0,0.9728444426971079,0.3578963499985548,0.3578963499985548,0.3578963499985548,0.03578963499985548,512,1430.5817871628685,8,1.0,1.0,1.0,64.0,64.0,0.04189059399868711,0.04189059399868711,1.0,1.0,1.0,64.0,64.0,0.04189059399868711,0.04189059399868711,1.0,1.0,1.0,64.0,64.0,0.04189059399868711,0.04189059399868711,1.0,2.0,2.0,128.0,128.0,0.08550762799859513,0.08550762799859513,0.15555555555555553
199,26,16590,genetic_cfe,Budget-matched genetic CFE,11,204126392,211126392,,none_generator_only,512,no_disease_to_disease,high_confidence,0,1,0.0003460575535427779,7.968559265136719,10,10,1.0,1.0,1.0,1.0,1.0,1.0,0.0992797389626503,0.34444444444444444,0.09086839854717255,0.7557803534428207,0.7557803534428207,0.0,0.42000000000000004,0.9696969696969697,0.9696969696969697,81,1.0,12.338988304138184,1.2798810005187988,1.0,1.0,1.0,1.0,0.9326628074019379,0.3930726849994244,0.3930726849994244,0.3930726849994244,0.03930726849994244,512,1302.5580752342273,8,1.0,1.0,1.0,64.0,64.0,0.04199759599941899,0.04199759599941899,1.0,1.0,1.0,64.0,64.0,0.04199759599941899,0.04199759599941899,1.0,1.0,1.0,64.0,64.0,0.04199759599941899,0.04199759599941899,1.0,2.0,2.0,128.0,128.0,0.08491421100006846,0.08491421100006846,0.34444444444444444
199,26,16590,dice_gradient_style,Custom DiCE-style gradient,11,204126392,211126392,,none_generator_only,512,no_disease_to_disease,high_confidence,0,1,0.0003460575535427779,7.968559265136719,1,1,1.0,1.0,0.1,0.1,1.0,0.0,0.0861404612660408,0.05555555555555558,0.0,0.5198999964270933,0.5198999964270933,0.0,0.6,0.9615384615384616,0.9615384615384616,65,1.0,8.740751266479492,8.740751266479492,1.0,1.0,0.1,0.0,0.9785714285714286,0.1155963260007411,0.1155963260007411,,0.1155963260007411,512,4429.206512988289,1,1.0,1.0,1.0,512.0,512.0,0.1155963260007411,0.1155963260007411,0.0,,1.0,,512.0,,0.1155963260007411,0.0,,1.0,,512.0,,0.1155963260007411,0.0,,1.0,,512.0,,0.1155963260007411,0.05555555555555558
199,26,16590,wachter_style,Custom Wachter-style gradient,11,204126392,211126392,,none_generator_only,512,no_disease_to_disease,high_confidence,0,1,0.0003460575535427779,7.968559265136719,1,1,1.0,1.0,0.1,0.1,1.0,0.0,0.08613021671772003,0.05555555555555558,0.0,0.5197321488790767,0.5197321488790767,0.0,0.6,0.9615384615384616,0.9615384615384616,65,1.0,8.747276306152344,8.747276306152344,1.0,1.0,0.1,0.0,0.9785714285714286,0.12610037599915813,0.12610037599915813,,0.12610037599915813,512,4060.257520591518,1,1.0,1.0,1.0,512.0,512.0,0.12610037599915813,0.12610037599915813,0.0,,1.0,,512.0,,0.12610037599915813,0.0,,1.0,,512.0,,0.12610037599915813,0.0,,1.0,,512.0,,0.12610037599915813,0.05555555555555558
