round,candidates,candidates_cumulative,feasible_candidates,margin_valid_candidates,archive_size,round_elapsed_seconds,cumulative_elapsed_seconds,proposal_adapts_to_oracle,acceptance_denominator_kind,query_id,method,method_seed,run_seed,robustness_seed,generator_training_seed,candidate_budget,direction,optimization_steps,gradient_restarts,final_unique_candidate_pool,backward_steps
1,128,128,128,1,1,0.006489784000223153,0.006489784000223153,False,all independently sampled candidates,0,uniform_random,11,10249379,17249379,,1024,disease_to_no_disease,,,,
2,128,256,128,2,2,0.006263514999773179,0.012753298999996332,False,all independently sampled candidates,0,uniform_random,11,10249379,17249379,,1024,disease_to_no_disease,,,,
3,128,384,128,3,3,0.006159126000056858,0.01891242500005319,False,all independently sampled candidates,0,uniform_random,11,10249379,17249379,,1024,disease_to_no_disease,,,,
4,128,512,128,10,9,0.006207235000147193,0.025119660000200383,False,all independently sampled candidates,0,uniform_random,11,10249379,17249379,,1024,disease_to_no_disease,,,,
5,128,640,128,16,17,0.006841530999736278,0.03196119099993666,False,all independently sampled candidates,0,uniform_random,11,10249379,17249379,,1024,disease_to_no_disease,,,,
6,128,768,128,15,23,0.006633867999880749,0.03859505899981741,False,all independently sampled candidates,0,uniform_random,11,10249379,17249379,,1024,disease_to_no_disease,,,,
7,128,896,128,10,30,0.006441413000175089,0.0450364719999925,False,all independently sampled candidates,0,uniform_random,11,10249379,17249379,,1024,disease_to_no_disease,,,,
8,128,1024,128,21,43,0.007035151999843947,0.05207162399983645,False,all independently sampled candidates,0,uniform_random,11,10249379,17249379,,1024,disease_to_no_disease,,,,
1,128,128,128,1,1,0.006870917000014742,0.006870917000014742,True,all genetic population candidates,0,genetic_cfe,11,10249379,17249379,,1024,disease_to_no_disease,,,,
2,128,256,128,3,2,0.0062150599997039535,0.013085976999718696,True,all genetic population candidates,0,genetic_cfe,11,10249379,17249379,,1024,disease_to_no_disease,,,,
3,128,384,128,10,2,0.006322735000139801,0.019408711999858497,True,all genetic population candidates,0,genetic_cfe,11,10249379,17249379,,1024,disease_to_no_disease,,,,
4,128,512,128,31,6,0.0067329869998502545,0.02614169899970875,True,all genetic population candidates,0,genetic_cfe,11,10249379,17249379,,1024,disease_to_no_disease,,,,
5,128,640,128,80,10,0.007983249000062642,0.03412494799977139,True,all genetic population candidates,0,genetic_cfe,11,10249379,17249379,,1024,disease_to_no_disease,,,,
6,128,768,128,107,11,0.008829850000438455,0.04295479800020985,True,all genetic population candidates,0,genetic_cfe,11,10249379,17249379,,1024,disease_to_no_disease,,,,
7,128,896,128,124,12,0.009470291000070574,0.05242508900028042,True,all genetic population candidates,0,genetic_cfe,11,10249379,17249379,,1024,disease_to_no_disease,,,,
8,128,1024,128,123,13,0.009599572999832162,0.062024662000112585,True,all genetic population candidates,0,genetic_cfe,11,10249379,17249379,,1024,disease_to_no_disease,,,,
1,1024,1024,16,9,5,0.13929142599954503,0.13929142599954503,True,final restart pool only,0,dice_gradient_style,11,10249379,17249379,,1024,disease_to_no_disease,63.0,16.0,16.0,63.0
1,1024,1024,16,9,5,0.12418876499941689,0.12418876499941689,True,final restart pool only,0,wachter_style,11,10249379,17249379,,1024,disease_to_no_disease,63.0,16.0,16.0,63.0
1,128,128,128,5,2,0.006022325000230921,0.006022325000230921,False,all independently sampled candidates,1,uniform_random,11,11249382,18249382,,1024,disease_to_no_disease,,,,
2,128,256,128,15,4,0.006072979999771633,0.012095305000002554,False,all independently sampled candidates,1,uniform_random,11,11249382,18249382,,1024,disease_to_no_disease,,,,
3,128,384,128,13,8,0.00607080300051166,0.018166108000514214,False,all independently sampled candidates,1,uniform_random,11,11249382,18249382,,1024,disease_to_no_disease,,,,
4,128,512,128,13,12,0.006102968999584846,0.02426907700009906,False,all independently sampled candidates,1,uniform_random,11,11249382,18249382,,1024,disease_to_no_disease,,,,
5,128,640,128,14,15,0.006731491999744321,0.03100056899984338,False,all independently sampled candidates,1,uniform_random,11,11249382,18249382,,1024,disease_to_no_disease,,,,
6,128,768,128,8,18,0.006200687999807997,0.03720125699965138,False,all independently sampled candidates,1,uniform_random,11,11249382,18249382,,1024,disease_to_no_disease,,,,
7,128,896,128,17,24,0.006443511000725266,0.043644768000376644,False,all independently sampled candidates,1,uniform_random,11,11249382,18249382,,1024,disease_to_no_disease,,,,
8,128,1024,128,11,28,0.0061667619993386324,0.049811529999715276,False,all independently sampled candidates,1,uniform_random,11,11249382,18249382,,1024,disease_to_no_disease,,,,
1,128,128,128,5,2,0.006127991000539623,0.006127991000539623,True,all genetic population candidates,1,genetic_cfe,11,11249382,18249382,,1024,disease_to_no_disease,,,,
2,128,256,128,15,3,0.006228889999874809,0.012356881000414432,True,all genetic population candidates,1,genetic_cfe,11,11249382,18249382,,1024,disease_to_no_disease,,,,
3,128,384,128,46,6,0.00695389599968621,0.019310777000100643,True,all genetic population candidates,1,genetic_cfe,11,11249382,18249382,,1024,disease_to_no_disease,,,,
4,128,512,128,83,9,0.008184205000361544,0.027494982000462187,True,all genetic population candidates,1,genetic_cfe,11,11249382,18249382,,1024,disease_to_no_disease,,,,
5,128,640,128,96,9,0.008643878999464505,0.03613886099992669,True,all genetic population candidates,1,genetic_cfe,11,11249382,18249382,,1024,disease_to_no_disease,,,,
6,128,768,128,98,10,0.008673919000102615,0.044812780000029306,True,all genetic population candidates,1,genetic_cfe,11,11249382,18249382,,1024,disease_to_no_disease,,,,
7,128,896,128,89,10,0.008462501000394695,0.053275281000424,True,all genetic population candidates,1,genetic_cfe,11,11249382,18249382,,1024,disease_to_no_disease,,,,
8,128,1024,128,84,10,0.008699601999978768,0.06197488300040277,True,all genetic population candidates,1,genetic_cfe,11,11249382,18249382,,1024,disease_to_no_disease,,,,
1,1024,1024,16,16,2,0.1392001030008032,0.1392001030008032,True,final restart pool only,1,dice_gradient_style,11,11249382,18249382,,1024,disease_to_no_disease,63.0,16.0,16.0,63.0
1,1024,1024,16,16,2,0.11774714300008782,0.11774714300008782,True,final restart pool only,1,wachter_style,11,11249382,18249382,,1024,disease_to_no_disease,63.0,16.0,16.0,63.0
1,128,128,128,17,2,0.00620808500025305,0.00620808500025305,False,all independently sampled candidates,2,uniform_random,11,12249385,19249385,,1024,disease_to_no_disease,,,,
2,128,256,128,19,4,0.006311553999694297,0.012519638999947347,False,all independently sampled candidates,2,uniform_random,11,12249385,19249385,,1024,disease_to_no_disease,,,,
3,128,384,128,34,10,0.0065562640002099215,0.019075903000157268,False,all independently sampled candidates,2,uniform_random,11,12249385,19249385,,1024,disease_to_no_disease,,,,
4,128,512,128,34,15,0.006770584000150848,0.025846487000308116,False,all independently sampled candidates,2,uniform_random,11,12249385,19249385,,1024,disease_to_no_disease,,,,
5,128,640,128,37,26,0.007068429999890213,0.03291491700019833,False,all independently sampled candidates,2,uniform_random,11,12249385,19249385,,1024,disease_to_no_disease,,,,
6,128,768,128,46,38,0.007952867000312835,0.040867784000511165,False,all independently sampled candidates,2,uniform_random,11,12249385,19249385,,1024,disease_to_no_disease,,,,
7,128,896,128,27,47,0.007133802999305772,0.048001586999816936,False,all independently sampled candidates,2,uniform_random,11,12249385,19249385,,1024,disease_to_no_disease,,,,
8,128,1024,128,48,61,0.008804215000054683,0.05680580199987162,False,all independently sampled candidates,2,uniform_random,11,12249385,19249385,,1024,disease_to_no_disease,,,,
1,128,128,128,17,2,0.00606946700008848,0.00606946700008848,True,all genetic population candidates,2,genetic_cfe,11,12249385,19249385,,1024,disease_to_no_disease,,,,
2,128,256,128,47,4,0.007069663999573095,0.013139130999661575,True,all genetic population candidates,2,genetic_cfe,11,12249385,19249385,,1024,disease_to_no_disease,,,,
3,128,384,128,88,9,0.00816366300023219,0.021302793999893765,True,all genetic population candidates,2,genetic_cfe,11,12249385,19249385,,1024,disease_to_no_disease,,,,
4,128,512,128,106,11,0.008731984000405646,0.03003477800029941,True,all genetic population candidates,2,genetic_cfe,11,12249385,19249385,,1024,disease_to_no_disease,,,,
5,128,640,128,118,13,0.009245999999620835,0.03928077799992025,True,all genetic population candidates,2,genetic_cfe,11,12249385,19249385,,1024,disease_to_no_disease,,,,
6,128,768,128,115,13,0.00947162699958426,0.048752404999504506,True,all genetic population candidates,2,genetic_cfe,11,12249385,19249385,,1024,disease_to_no_disease,,,,
7,128,896,128,117,13,0.009871225000097184,0.05862362999960169,True,all genetic population candidates,2,genetic_cfe,11,12249385,19249385,,1024,disease_to_no_disease,,,,
8,128,1024,128,119,13,0.009625106999919808,0.0682487369995215,True,all genetic population candidates,2,genetic_cfe,11,12249385,19249385,,1024,disease_to_no_disease,,,,
1,1024,1024,16,16,10,0.13216352600011305,0.13216352600011305,True,final restart pool only,2,dice_gradient_style,11,12249385,19249385,,1024,disease_to_no_disease,63.0,16.0,16.0,63.0
1,1024,1024,16,16,10,0.12504316699960327,0.12504316699960327,True,final restart pool only,2,wachter_style,11,12249385,19249385,,1024,disease_to_no_disease,63.0,16.0,16.0,63.0
1,128,128,128,23,2,0.006705192000481475,0.006705192000481475,False,all independently sampled candidates,3,uniform_random,11,13249388,20249388,,1024,disease_to_no_disease,,,,
2,128,256,128,36,7,0.006949796999833779,0.013654989000315254,False,all independently sampled candidates,3,uniform_random,11,13249388,20249388,,1024,disease_to_no_disease,,,,
3,128,384,128,50,17,0.007518981000430358,0.021173970000745612,False,all independently sampled candidates,3,uniform_random,11,13249388,20249388,,1024,disease_to_no_disease,,,,
4,128,512,128,46,23,0.00767607899979339,0.028850049000539002,False,all independently sampled candidates,3,uniform_random,11,13249388,20249388,,1024,disease_to_no_disease,,,,
5,128,640,128,56,35,0.008275707999928272,0.037125757000467274,False,all independently sampled candidates,3,uniform_random,11,13249388,20249388,,1024,disease_to_no_disease,,,,
6,128,768,128,59,48,0.00885420000031445,0.045979957000781724,False,all independently sampled candidates,3,uniform_random,11,13249388,20249388,,1024,disease_to_no_disease,,,,
7,128,896,128,58,66,0.009256249999452848,0.05523620700023457,False,all independently sampled candidates,3,uniform_random,11,13249388,20249388,,1024,disease_to_no_disease,,,,
8,128,1024,128,63,82,0.010359380000409146,0.06559558700064372,False,all independently sampled candidates,3,uniform_random,11,13249388,20249388,,1024,disease_to_no_disease,,,,
1,128,128,128,23,2,0.006428155999856244,0.006428155999856244,True,all genetic population candidates,3,genetic_cfe,11,13249388,20249388,,1024,disease_to_no_disease,,,,
2,128,256,128,61,5,0.00741698100046051,0.013845137000316754,True,all genetic population candidates,3,genetic_cfe,11,13249388,20249388,,1024,disease_to_no_disease,,,,
3,128,384,128,104,7,0.008370552999622305,0.02221568999993906,True,all genetic population candidates,3,genetic_cfe,11,13249388,20249388,,1024,disease_to_no_disease,,,,
4,128,512,128,120,8,0.008967009000116377,0.031182699000055436,True,all genetic population candidates,3,genetic_cfe,11,13249388,20249388,,1024,disease_to_no_disease,,,,
5,128,640,128,122,8,0.009321831999841379,0.040504530999896815,True,all genetic population candidates,3,genetic_cfe,11,13249388,20249388,,1024,disease_to_no_disease,,,,
6,128,768,128,117,8,0.009005270000670862,0.04950980100056768,True,all genetic population candidates,3,genetic_cfe,11,13249388,20249388,,1024,disease_to_no_disease,,,,
7,128,896,128,125,8,0.009335966999969969,0.058845768000537646,True,all genetic population candidates,3,genetic_cfe,11,13249388,20249388,,1024,disease_to_no_disease,,,,
8,128,1024,128,123,8,0.009494955999798549,0.0683407240003362,True,all genetic population candidates,3,genetic_cfe,11,13249388,20249388,,1024,disease_to_no_disease,,,,
1,1024,1024,16,16,5,0.14037377600016043,0.14037377600016043,True,final restart pool only,3,dice_gradient_style,11,13249388,20249388,,1024,disease_to_no_disease,63.0,16.0,16.0,63.0
1,1024,1024,16,16,5,0.11869173600007343,0.11869173600007343,True,final restart pool only,3,wachter_style,11,13249388,20249388,,1024,disease_to_no_disease,63.0,16.0,16.0,63.0
1,128,128,128,22,2,0.006265357000302174,0.006265357000302174,False,all independently sampled candidates,4,uniform_random,11,14249391,21249391,,1024,disease_to_no_disease,,,,
2,128,256,128,21,5,0.006360431999382854,0.012625788999685028,False,all independently sampled candidates,4,uniform_random,11,14249391,21249391,,1024,disease_to_no_disease,,,,
3,128,384,128,40,15,0.006786371000089275,0.019412159999774303,False,all independently sampled candidates,4,uniform_random,11,14249391,21249391,,1024,disease_to_no_disease,,,,
4,128,512,128,27,24,0.006813854000029096,0.0262260139998034,False,all independently sampled candidates,4,uniform_random,11,14249391,21249391,,1024,disease_to_no_disease,,,,
5,128,640,128,45,39,0.008142579000377737,0.034368593000181136,False,all independently sampled candidates,4,uniform_random,11,14249391,21249391,,1024,disease_to_no_disease,,,,
6,128,768,128,44,49,0.008331149999321497,0.04269974299950263,False,all independently sampled candidates,4,uniform_random,11,14249391,21249391,,1024,disease_to_no_disease,,,,
7,128,896,128,46,58,0.008614103000581963,0.051313846000084595,False,all independently sampled candidates,4,uniform_random,11,14249391,21249391,,1024,disease_to_no_disease,,,,
8,128,1024,128,45,74,0.00890745299966511,0.060221298999749706,False,all independently sampled candidates,4,uniform_random,11,14249391,21249391,,1024,disease_to_no_disease,,,,
1,128,128,128,22,2,0.006282679999458196,0.006282679999458196,True,all genetic population candidates,4,genetic_cfe,11,14249391,21249391,,1024,disease_to_no_disease,,,,
2,128,256,128,49,3,0.00702694200026599,0.013309621999724186,True,all genetic population candidates,4,genetic_cfe,11,14249391,21249391,,1024,disease_to_no_disease,,,,
3,128,384,128,92,6,0.008017881000341731,0.021327503000065917,True,all genetic population candidates,4,genetic_cfe,11,14249391,21249391,,1024,disease_to_no_disease,,,,
4,128,512,128,102,8,0.008662932999868644,0.02999043599993456,True,all genetic population candidates,4,genetic_cfe,11,14249391,21249391,,1024,disease_to_no_disease,,,,
5,128,640,128,104,8,0.008886612999958743,0.038877048999893304,True,all genetic population candidates,4,genetic_cfe,11,14249391,21249391,,1024,disease_to_no_disease,,,,
6,128,768,128,111,8,0.00886181299938471,0.047738861999278015,True,all genetic population candidates,4,genetic_cfe,11,14249391,21249391,,1024,disease_to_no_disease,,,,
7,128,896,128,104,8,0.008580939000239596,0.05631980099951761,True,all genetic population candidates,4,genetic_cfe,11,14249391,21249391,,1024,disease_to_no_disease,,,,
8,128,1024,128,101,8,0.008591410000008182,0.06491121099952579,True,all genetic population candidates,4,genetic_cfe,11,14249391,21249391,,1024,disease_to_no_disease,,,,
1,1024,1024,16,16,4,0.14809474899993802,0.14809474899993802,True,final restart pool only,4,dice_gradient_style,11,14249391,21249391,,1024,disease_to_no_disease,63.0,16.0,16.0,63.0
1,1024,1024,16,16,4,0.11130482700082212,0.11130482700082212,True,final restart pool only,4,wachter_style,11,14249391,21249391,,1024,disease_to_no_disease,63.0,16.0,16.0,63.0
1,128,128,128,4,1,0.005861103999450279,0.005861103999450279,False,all independently sampled candidates,5,uniform_random,11,15249394,22249394,,1024,disease_to_no_disease,,,,
2,128,256,128,8,3,0.0059083030000692816,0.01176940699951956,False,all independently sampled candidates,5,uniform_random,11,15249394,22249394,,1024,disease_to_no_disease,,,,
3,128,384,128,11,6,0.006058171999939077,0.017827578999458638,False,all independently sampled candidates,5,uniform_random,11,15249394,22249394,,1024,disease_to_no_disease,,,,
4,128,512,128,14,9,0.006059970000023895,0.023887548999482533,False,all independently sampled candidates,5,uniform_random,11,15249394,22249394,,1024,disease_to_no_disease,,,,
5,128,640,128,16,16,0.006380307000654284,0.030267856000136817,False,all independently sampled candidates,5,uniform_random,11,15249394,22249394,,1024,disease_to_no_disease,,,,
6,128,768,128,13,18,0.006327307999526965,0.03659516399966378,False,all independently sampled candidates,5,uniform_random,11,15249394,22249394,,1024,disease_to_no_disease,,,,
7,128,896,128,17,21,0.006364480000229378,0.04295964399989316,False,all independently sampled candidates,5,uniform_random,11,15249394,22249394,,1024,disease_to_no_disease,,,,
8,128,1024,128,25,30,0.007208338999589614,0.050167982999482774,False,all independently sampled candidates,5,uniform_random,11,15249394,22249394,,1024,disease_to_no_disease,,,,
1,128,128,128,4,1,0.005816400999719917,0.005816400999719917,True,all genetic population candidates,5,genetic_cfe,11,15249394,22249394,,1024,disease_to_no_disease,,,,
2,128,256,128,23,2,0.00637924100010423,0.012195641999824147,True,all genetic population candidates,5,genetic_cfe,11,15249394,22249394,,1024,disease_to_no_disease,,,,
3,128,384,128,66,5,0.007431471000018064,0.01962711299984221,True,all genetic population candidates,5,genetic_cfe,11,15249394,22249394,,1024,disease_to_no_disease,,,,
4,128,512,128,96,5,0.008283755999400455,0.027910868999242666,True,all genetic population candidates,5,genetic_cfe,11,15249394,22249394,,1024,disease_to_no_disease,,,,
5,128,640,128,112,7,0.008950364000156696,0.03686123299939936,True,all genetic population candidates,5,genetic_cfe,11,15249394,22249394,,1024,disease_to_no_disease,,,,
6,128,768,128,113,8,0.008935687999837683,0.045796920999237045,True,all genetic population candidates,5,genetic_cfe,11,15249394,22249394,,1024,disease_to_no_disease,,,,
7,128,896,128,109,8,0.009192028000143182,0.05498894899938023,True,all genetic population candidates,5,genetic_cfe,11,15249394,22249394,,1024,disease_to_no_disease,,,,
8,128,1024,128,106,8,0.008735107000575226,0.06372405599995545,True,all genetic population candidates,5,genetic_cfe,11,15249394,22249394,,1024,disease_to_no_disease,,,,
1,1024,1024,16,16,2,0.1287573670006168,0.1287573670006168,True,final restart pool only,5,dice_gradient_style,11,15249394,22249394,,1024,disease_to_no_disease,63.0,16.0,16.0,63.0
1,1024,1024,16,16,2,0.11009933500008628,0.11009933500008628,True,final restart pool only,5,wachter_style,11,15249394,22249394,,1024,disease_to_no_disease,63.0,16.0,16.0,63.0
1,128,128,128,0,0,0.005802934000712412,0.005802934000712412,False,all independently sampled candidates,6,uniform_random,11,16249397,23249397,,1024,disease_to_no_disease,,,,
2,128,256,128,3,1,0.005830755999340909,0.01163369000005332,False,all independently sampled candidates,6,uniform_random,11,16249397,23249397,,1024,disease_to_no_disease,,,,
3,128,384,128,3,4,0.005854537000232085,0.017488227000285406,False,all independently sampled candidates,6,uniform_random,11,16249397,23249397,,1024,disease_to_no_disease,,,,
4,128,512,128,11,7,0.006034656999872823,0.02352288400015823,False,all independently sampled candidates,6,uniform_random,11,16249397,23249397,,1024,disease_to_no_disease,,,,
5,128,640,128,11,11,0.006017540999891935,0.029540425000050163,False,all independently sampled candidates,6,uniform_random,11,16249397,23249397,,1024,disease_to_no_disease,,,,
6,128,768,128,11,16,0.006292106000728381,0.035832531000778545,False,all independently sampled candidates,6,uniform_random,11,16249397,23249397,,1024,disease_to_no_disease,,,,
7,128,896,128,8,19,0.006032387999766797,0.04186491900054534,False,all independently sampled candidates,6,uniform_random,11,16249397,23249397,,1024,disease_to_no_disease,,,,
8,128,1024,128,17,23,0.006360773999404046,0.04822569299994939,False,all independently sampled candidates,6,uniform_random,11,16249397,23249397,,1024,disease_to_no_disease,,,,
1,128,128,128,0,0,0.0061054930001773755,0.0061054930001773755,True,all genetic population candidates,6,genetic_cfe,11,16249397,23249397,,1024,disease_to_no_disease,,,,
2,128,256,128,3,1,0.005996801000037522,0.012102294000214897,True,all genetic population candidates,6,genetic_cfe,11,16249397,23249397,,1024,disease_to_no_disease,,,,
3,128,384,128,11,1,0.00613301099929231,0.018235304999507207,True,all genetic population candidates,6,genetic_cfe,11,16249397,23249397,,1024,disease_to_no_disease,,,,
4,128,512,128,42,3,0.0066688800006886595,0.024904185000195866,True,all genetic population candidates,6,genetic_cfe,11,16249397,23249397,,1024,disease_to_no_disease,,,,
5,128,640,128,85,3,0.007909866999398218,0.032814051999594085,True,all genetic population candidates,6,genetic_cfe,11,16249397,23249397,,1024,disease_to_no_disease,,,,
6,128,768,128,124,6,0.008569221000470861,0.041383273000064946,True,all genetic population candidates,6,genetic_cfe,11,16249397,23249397,,1024,disease_to_no_disease,,,,
7,128,896,128,127,6,0.009189182999762124,0.05057245599982707,True,all genetic population candidates,6,genetic_cfe,11,16249397,23249397,,1024,disease_to_no_disease,,,,
8,128,1024,128,123,6,0.00891049900019425,0.05948295500002132,True,all genetic population candidates,6,genetic_cfe,11,16249397,23249397,,1024,disease_to_no_disease,,,,
1,1024,1024,16,16,2,0.12932979499964858,0.12932979499964858,True,final restart pool only,6,dice_gradient_style,11,16249397,23249397,,1024,disease_to_no_disease,63.0,16.0,16.0,63.0
1,1024,1024,16,16,2,0.11221309900065535,0.11221309900065535,True,final restart pool only,6,wachter_style,11,16249397,23249397,,1024,disease_to_no_disease,63.0,16.0,16.0,63.0
1,128,128,128,1,1,0.005853583000316576,0.005853583000316576,False,all independently sampled candidates,7,uniform_random,11,17249400,24249400,,1024,disease_to_no_disease,,,,
2,128,256,128,3,4,0.005798082999717735,0.01165166600003431,False,all independently sampled candidates,7,uniform_random,11,17249400,24249400,,1024,disease_to_no_disease,,,,
3,128,384,128,8,8,0.005937298999924678,0.01758896499995899,False,all independently sampled candidates,7,uniform_random,11,17249400,24249400,,1024,disease_to_no_disease,,,,
4,128,512,128,5,11,0.005886926000130188,0.023475891000089177,False,all independently sampled candidates,7,uniform_random,11,17249400,24249400,,1024,disease_to_no_disease,,,,
5,128,640,128,10,15,0.006552511000336381,0.030028402000425558,False,all independently sampled candidates,7,uniform_random,11,17249400,24249400,,1024,disease_to_no_disease,,,,
6,128,768,128,22,27,0.006615683999370958,0.036644085999796516,False,all independently sampled candidates,7,uniform_random,11,17249400,24249400,,1024,disease_to_no_disease,,,,
7,128,896,128,18,38,0.00660008300019399,0.04324416899999051,False,all independently sampled candidates,7,uniform_random,11,17249400,24249400,,1024,disease_to_no_disease,,,,
8,128,1024,128,29,48,0.0072755440005494165,0.05051971300053992,False,all independently sampled candidates,7,uniform_random,11,17249400,24249400,,1024,disease_to_no_disease,,,,
1,128,128,128,1,1,0.006388864000655303,0.006388864000655303,True,all genetic population candidates,7,genetic_cfe,11,17249400,24249400,,1024,disease_to_no_disease,,,,
2,128,256,128,8,3,0.0063550559998475364,0.01274392000050284,True,all genetic population candidates,7,genetic_cfe,11,17249400,24249400,,1024,disease_to_no_disease,,,,
3,128,384,128,24,4,0.006403356999726384,0.019147277000229224,True,all genetic population candidates,7,genetic_cfe,11,17249400,24249400,,1024,disease_to_no_disease,,,,
4,128,512,128,59,7,0.007474140000340412,0.026621417000569636,True,all genetic population candidates,7,genetic_cfe,11,17249400,24249400,,1024,disease_to_no_disease,,,,
5,128,640,128,82,9,0.008601527999417158,0.035222944999986794,True,all genetic population candidates,7,genetic_cfe,11,17249400,24249400,,1024,disease_to_no_disease,,,,
6,128,768,128,105,9,0.008706990000064252,0.043929935000051046,True,all genetic population candidates,7,genetic_cfe,11,17249400,24249400,,1024,disease_to_no_disease,,,,
7,128,896,128,94,9,0.008480810000037309,0.052410745000088355,True,all genetic population candidates,7,genetic_cfe,11,17249400,24249400,,1024,disease_to_no_disease,,,,
8,128,1024,128,104,9,0.008826256000247668,0.06123700100033602,True,all genetic population candidates,7,genetic_cfe,11,17249400,24249400,,1024,disease_to_no_disease,,,,
1,1024,1024,16,16,4,0.1283940920002351,0.1283940920002351,True,final restart pool only,7,dice_gradient_style,11,17249400,24249400,,1024,disease_to_no_disease,63.0,16.0,16.0,63.0
1,1024,1024,16,16,4,0.112124840999968,0.112124840999968,True,final restart pool only,7,wachter_style,11,17249400,24249400,,1024,disease_to_no_disease,63.0,16.0,16.0,63.0
1,128,128,128,20,5,0.006728473000293889,0.006728473000293889,False,all independently sampled candidates,8,uniform_random,11,18249403,25249403,,1024,disease_to_no_disease,,,,
2,128,256,128,22,6,0.00629232699975546,0.013020800000049348,False,all independently sampled candidates,8,uniform_random,11,18249403,25249403,,1024,disease_to_no_disease,,,,
3,128,384,128,29,13,0.006680469999992056,0.019701270000041404,False,all independently sampled candidates,8,uniform_random,11,18249403,25249403,,1024,disease_to_no_disease,,,,
4,128,512,128,48,26,0.007537106999734533,0.027238376999775937,False,all independently sampled candidates,8,uniform_random,11,18249403,25249403,,1024,disease_to_no_disease,,,,
5,128,640,128,33,35,0.00725277699984872,0.03449115399962466,False,all independently sampled candidates,8,uniform_random,11,18249403,25249403,,1024,disease_to_no_disease,,,,
6,128,768,128,37,52,0.007652055000107794,0.04214320899973245,False,all independently sampled candidates,8,uniform_random,11,18249403,25249403,,1024,disease_to_no_disease,,,,
7,128,896,128,44,64,0.008635486999992281,0.05077869599972473,False,all independently sampled candidates,8,uniform_random,11,18249403,25249403,,1024,disease_to_no_disease,,,,
8,128,1024,128,38,73,0.008687770000506134,0.059466466000230866,False,all independently sampled candidates,8,uniform_random,11,18249403,25249403,,1024,disease_to_no_disease,,,,
1,128,128,128,20,5,0.00640516600014962,0.00640516600014962,True,all genetic population candidates,8,genetic_cfe,11,18249403,25249403,,1024,disease_to_no_disease,,,,
2,128,256,128,51,5,0.007102837999809708,0.013508003999959328,True,all genetic population candidates,8,genetic_cfe,11,18249403,25249403,,1024,disease_to_no_disease,,,,
3,128,384,128,91,8,0.008257511000010709,0.021765514999970037,True,all genetic population candidates,8,genetic_cfe,11,18249403,25249403,,1024,disease_to_no_disease,,,,
4,128,512,128,116,8,0.009030266999616288,0.030795781999586325,True,all genetic population candidates,8,genetic_cfe,11,18249403,25249403,,1024,disease_to_no_disease,,,,
5,128,640,128,124,8,0.009279835000597814,0.04007561700018414,True,all genetic population candidates,8,genetic_cfe,11,18249403,25249403,,1024,disease_to_no_disease,,,,
6,128,768,128,126,8,0.009230068999386276,0.049305685999570414,True,all genetic population candidates,8,genetic_cfe,11,18249403,25249403,,1024,disease_to_no_disease,,,,
7,128,896,128,122,9,0.009013085999868053,0.05831877199943847,True,all genetic population candidates,8,genetic_cfe,11,18249403,25249403,,1024,disease_to_no_disease,,,,
8,128,1024,128,126,9,0.009302711000600539,0.067621483000039,True,all genetic population candidates,8,genetic_cfe,11,18249403,25249403,,1024,disease_to_no_disease,,,,
1,1024,1024,16,16,4,0.13113147800049774,0.13113147800049774,True,final restart pool only,8,dice_gradient_style,11,18249403,25249403,,1024,disease_to_no_disease,63.0,16.0,16.0,63.0
1,1024,1024,16,16,4,0.11118636500032153,0.11118636500032153,True,final restart pool only,8,wachter_style,11,18249403,25249403,,1024,disease_to_no_disease,63.0,16.0,16.0,63.0
1,128,128,128,13,2,0.006031431999872439,0.006031431999872439,False,all independently sampled candidates,9,uniform_random,11,19249406,26249406,,1024,disease_to_no_disease,,,,
2,128,256,128,15,3,0.006117215000813303,0.012148647000685742,False,all independently sampled candidates,9,uniform_random,11,19249406,26249406,,1024,disease_to_no_disease,,,,
3,128,384,128,24,6,0.006359949999932724,0.018508597000618465,False,all independently sampled candidates,9,uniform_random,11,19249406,26249406,,1024,disease_to_no_disease,,,,
4,128,512,128,35,14,0.007857112999772653,0.026365710000391118,False,all independently sampled candidates,9,uniform_random,11,19249406,26249406,,1024,disease_to_no_disease,,,,
5,128,640,128,26,18,0.008471979999740142,0.03483769000013126,False,all independently sampled candidates,9,uniform_random,11,19249406,26249406,,1024,disease_to_no_disease,,,,
6,128,768,128,35,25,0.007783406999806175,0.042621096999937436,False,all independently sampled candidates,9,uniform_random,11,19249406,26249406,,1024,disease_to_no_disease,,,,
7,128,896,128,30,33,0.00699338800041005,0.049614485000347486,False,all independently sampled candidates,9,uniform_random,11,19249406,26249406,,1024,disease_to_no_disease,,,,
8,128,1024,128,40,47,0.00795437899978424,0.057568864000131725,False,all independently sampled candidates,9,uniform_random,11,19249406,26249406,,1024,disease_to_no_disease,,,,
1,128,128,128,13,2,0.006175520000397228,0.006175520000397228,True,all genetic population candidates,9,genetic_cfe,11,19249406,26249406,,1024,disease_to_no_disease,,,,
2,128,256,128,48,3,0.007319585000004736,0.013495105000401963,True,all genetic population candidates,9,genetic_cfe,11,19249406,26249406,,1024,disease_to_no_disease,,,,
3,128,384,128,89,5,0.008014396999897144,0.021509502000299108,True,all genetic population candidates,9,genetic_cfe,11,19249406,26249406,,1024,disease_to_no_disease,,,,
4,128,512,128,114,5,0.008938942999520805,0.030448444999819912,True,all genetic population candidates,9,genetic_cfe,11,19249406,26249406,,1024,disease_to_no_disease,,,,
5,128,640,128,122,5,0.008871785000337695,0.03932023000015761,True,all genetic population candidates,9,genetic_cfe,11,19249406,26249406,,1024,disease_to_no_disease,,,,
6,128,768,128,120,5,0.00878844700037007,0.04810867700052768,True,all genetic population candidates,9,genetic_cfe,11,19249406,26249406,,1024,disease_to_no_disease,,,,
7,128,896,128,124,5,0.009379300999171392,0.05748797799969907,True,all genetic population candidates,9,genetic_cfe,11,19249406,26249406,,1024,disease_to_no_disease,,,,
8,128,1024,128,119,5,0.008746352000343904,0.06623433000004297,True,all genetic population candidates,9,genetic_cfe,11,19249406,26249406,,1024,disease_to_no_disease,,,,
1,1024,1024,16,10,5,0.12970601699998952,0.12970601699998952,True,final restart pool only,9,dice_gradient_style,11,19249406,26249406,,1024,disease_to_no_disease,63.0,16.0,16.0,63.0
1,1024,1024,16,10,5,0.11263679100011359,0.11263679100011359,True,final restart pool only,9,wachter_style,11,19249406,26249406,,1024,disease_to_no_disease,63.0,16.0,16.0,63.0
1,128,128,128,21,2,0.006517130999782239,0.006517130999782239,False,all independently sampled candidates,10,uniform_random,11,20249409,27249409,,1024,disease_to_no_disease,,,,
2,128,256,128,28,6,0.006681044999822916,0.013198175999605155,False,all independently sampled candidates,10,uniform_random,11,20249409,27249409,,1024,disease_to_no_disease,,,,
3,128,384,128,42,11,0.007385959000203002,0.020584134999808157,False,all independently sampled candidates,10,uniform_random,11,20249409,27249409,,1024,disease_to_no_disease,,,,
4,128,512,128,45,20,0.007514410999647225,0.028098545999455382,False,all independently sampled candidates,10,uniform_random,11,20249409,27249409,,1024,disease_to_no_disease,,,,
5,128,640,128,51,30,0.008066651999797614,0.036165197999252996,False,all independently sampled candidates,10,uniform_random,11,20249409,27249409,,1024,disease_to_no_disease,,,,
6,128,768,128,57,42,0.009500845000729896,0.04566604299998289,False,all independently sampled candidates,10,uniform_random,11,20249409,27249409,,1024,disease_to_no_disease,,,,
7,128,896,128,57,60,0.009138372000052186,0.05480441500003508,False,all independently sampled candidates,10,uniform_random,11,20249409,27249409,,1024,disease_to_no_disease,,,,
8,128,1024,128,60,74,0.010509261999686714,0.06531367699972179,False,all independently sampled candidates,10,uniform_random,11,20249409,27249409,,1024,disease_to_no_disease,,,,
1,128,128,128,21,2,0.006415496000045096,0.006415496000045096,True,all genetic population candidates,10,genetic_cfe,11,20249409,27249409,,1024,disease_to_no_disease,,,,
2,128,256,128,44,6,0.007006582000030903,0.013422078000075999,True,all genetic population candidates,10,genetic_cfe,11,20249409,27249409,,1024,disease_to_no_disease,,,,
3,128,384,128,82,9,0.008307127000080072,0.02172920500015607,True,all genetic population candidates,10,genetic_cfe,11,20249409,27249409,,1024,disease_to_no_disease,,,,
4,128,512,128,107,11,0.009073418000298261,0.030802623000454332,True,all genetic population candidates,10,genetic_cfe,11,20249409,27249409,,1024,disease_to_no_disease,,,,
5,128,640,128,121,12,0.009737200999552442,0.040539824000006774,True,all genetic population candidates,10,genetic_cfe,11,20249409,27249409,,1024,disease_to_no_disease,,,,
6,128,768,128,124,12,0.009766416999809735,0.05030624099981651,True,all genetic population candidates,10,genetic_cfe,11,20249409,27249409,,1024,disease_to_no_disease,,,,
7,128,896,128,122,13,0.009790501000679797,0.060096742000496306,True,all genetic population candidates,10,genetic_cfe,11,20249409,27249409,,1024,disease_to_no_disease,,,,
8,128,1024,128,126,13,0.010242556999401131,0.07033929899989744,True,all genetic population candidates,10,genetic_cfe,11,20249409,27249409,,1024,disease_to_no_disease,,,,
1,1024,1024,16,16,10,0.134179765999761,0.134179765999761,True,final restart pool only,10,dice_gradient_style,11,20249409,27249409,,1024,disease_to_no_disease,63.0,16.0,16.0,63.0
1,1024,1024,16,16,10,0.11920701599956374,0.11920701599956374,True,final restart pool only,10,wachter_style,11,20249409,27249409,,1024,disease_to_no_disease,63.0,16.0,16.0,63.0
1,128,128,128,1,1,0.0058706690006147255,0.0058706690006147255,False,all independently sampled candidates,11,uniform_random,11,21249412,28249412,,1024,disease_to_no_disease,,,,
2,128,256,128,8,3,0.005964095999843266,0.011834765000457992,False,all independently sampled candidates,11,uniform_random,11,21249412,28249412,,1024,disease_to_no_disease,,,,
3,128,384,128,15,8,0.006243195000024571,0.018077960000482562,False,all independently sampled candidates,11,uniform_random,11,21249412,28249412,,1024,disease_to_no_disease,,,,
4,128,512,128,14,13,0.006068523000067216,0.02414648300054978,False,all independently sampled candidates,11,uniform_random,11,21249412,28249412,,1024,disease_to_no_disease,,,,
5,128,640,128,15,18,0.006412423999790917,0.030558907000340696,False,all independently sampled candidates,11,uniform_random,11,21249412,28249412,,1024,disease_to_no_disease,,,,
6,128,768,128,20,24,0.006647696000072756,0.03720660300041345,False,all independently sampled candidates,11,uniform_random,11,21249412,28249412,,1024,disease_to_no_disease,,,,
7,128,896,128,34,38,0.00717335399986041,0.04437995700027386,False,all independently sampled candidates,11,uniform_random,11,21249412,28249412,,1024,disease_to_no_disease,,,,
8,128,1024,128,28,52,0.007298513999558054,0.051678470999831916,False,all independently sampled candidates,11,uniform_random,11,21249412,28249412,,1024,disease_to_no_disease,,,,
1,128,128,128,1,1,0.006089792000238958,0.006089792000238958,True,all genetic population candidates,11,genetic_cfe,11,21249412,28249412,,1024,disease_to_no_disease,,,,
2,128,256,128,6,4,0.0060833139996248065,0.012173105999863765,True,all genetic population candidates,11,genetic_cfe,11,21249412,28249412,,1024,disease_to_no_disease,,,,
3,128,384,128,23,5,0.006539519000398286,0.01871262500026205,True,all genetic population candidates,11,genetic_cfe,11,21249412,28249412,,1024,disease_to_no_disease,,,,
4,128,512,128,37,6,0.0068682009996337,0.02558082599989575,True,all genetic population candidates,11,genetic_cfe,11,21249412,28249412,,1024,disease_to_no_disease,,,,
5,128,640,128,57,8,0.008173416999852634,0.033754242999748385,True,all genetic population candidates,11,genetic_cfe,11,21249412,28249412,,1024,disease_to_no_disease,,,,
6,128,768,128,65,8,0.008164824000232329,0.041919066999980714,True,all genetic population candidates,11,genetic_cfe,11,21249412,28249412,,1024,disease_to_no_disease,,,,
7,128,896,128,83,8,0.008585249000134354,0.05050431600011507,True,all genetic population candidates,11,genetic_cfe,11,21249412,28249412,,1024,disease_to_no_disease,,,,
8,128,1024,128,80,10,0.00817082699995808,0.05867514300007315,True,all genetic population candidates,11,genetic_cfe,11,21249412,28249412,,1024,disease_to_no_disease,,,,
1,1024,1024,16,16,4,0.1299918290005735,0.1299918290005735,True,final restart pool only,11,dice_gradient_style,11,21249412,28249412,,1024,disease_to_no_disease,63.0,16.0,16.0,63.0
1,1024,1024,16,16,4,0.112905442999363,0.112905442999363,True,final restart pool only,11,wachter_style,11,21249412,28249412,,1024,disease_to_no_disease,63.0,16.0,16.0,63.0
1,128,128,128,18,1,0.006133122000392177,0.006133122000392177,False,all independently sampled candidates,12,uniform_random,11,22249415,29249415,,1024,disease_to_no_disease,,,,
2,128,256,128,23,7,0.006500778999907197,0.012633901000299375,False,all independently sampled candidates,12,uniform_random,11,22249415,29249415,,1024,disease_to_no_disease,,,,
3,128,384,128,38,12,0.006878789999973378,0.019512691000272753,False,all independently sampled candidates,12,uniform_random,11,22249415,29249415,,1024,disease_to_no_disease,,,,
4,128,512,128,35,20,0.006881395000164048,0.0263940860004368,False,all independently sampled candidates,12,uniform_random,11,22249415,29249415,,1024,disease_to_no_disease,,,,
5,128,640,128,43,26,0.007393920999675174,0.033788007000111975,False,all independently sampled candidates,12,uniform_random,11,22249415,29249415,,1024,disease_to_no_disease,,,,
6,128,768,128,48,42,0.007903790999989724,0.0416917980001017,False,all independently sampled candidates,12,uniform_random,11,22249415,29249415,,1024,disease_to_no_disease,,,,
7,128,896,128,41,59,0.008288136000373925,0.04997993400047562,False,all independently sampled candidates,12,uniform_random,11,22249415,29249415,,1024,disease_to_no_disease,,,,
8,128,1024,128,38,70,0.008184948999769404,0.05816488300024503,False,all independently sampled candidates,12,uniform_random,11,22249415,29249415,,1024,disease_to_no_disease,,,,
1,128,128,128,18,1,0.006106627000008302,0.006106627000008302,True,all genetic population candidates,12,genetic_cfe,11,22249415,29249415,,1024,disease_to_no_disease,,,,
2,128,256,128,45,3,0.006839388000116742,0.012946015000125044,True,all genetic population candidates,12,genetic_cfe,11,22249415,29249415,,1024,disease_to_no_disease,,,,
3,128,384,128,95,5,0.008498336000229756,0.0214443510003548,True,all genetic population candidates,12,genetic_cfe,11,22249415,29249415,,1024,disease_to_no_disease,,,,
4,128,512,128,124,7,0.009249554999769316,0.030693906000124116,True,all genetic population candidates,12,genetic_cfe,11,22249415,29249415,,1024,disease_to_no_disease,,,,
5,128,640,128,127,7,0.009828693000599742,0.04052259900072386,True,all genetic population candidates,12,genetic_cfe,11,22249415,29249415,,1024,disease_to_no_disease,,,,
6,128,768,128,125,7,0.00930684599916276,0.04982944499988662,True,all genetic population candidates,12,genetic_cfe,11,22249415,29249415,,1024,disease_to_no_disease,,,,
7,128,896,128,123,7,0.00976231100048608,0.0595917560003727,True,all genetic population candidates,12,genetic_cfe,11,22249415,29249415,,1024,disease_to_no_disease,,,,
8,128,1024,128,127,7,0.009483341999839467,0.06907509800021217,True,all genetic population candidates,12,genetic_cfe,11,22249415,29249415,,1024,disease_to_no_disease,,,,
1,1024,1024,16,16,2,0.1363383010002508,0.1363383010002508,True,final restart pool only,12,dice_gradient_style,11,22249415,29249415,,1024,disease_to_no_disease,63.0,16.0,16.0,63.0
1,1024,1024,16,16,2,0.11856978500054538,0.11856978500054538,True,final restart pool only,12,wachter_style,11,22249415,29249415,,1024,disease_to_no_disease,63.0,16.0,16.0,63.0
1,128,128,128,19,1,0.006276617999901646,0.006276617999901646,False,all independently sampled candidates,13,uniform_random,11,23249418,30249418,,1024,disease_to_no_disease,,,,
2,128,256,128,27,4,0.006712125999911223,0.012988743999812868,False,all independently sampled candidates,13,uniform_random,11,23249418,30249418,,1024,disease_to_no_disease,,,,
3,128,384,128,21,6,0.006482300000243413,0.01947104400005628,False,all independently sampled candidates,13,uniform_random,11,23249418,30249418,,1024,disease_to_no_disease,,,,
4,128,512,128,24,13,0.006404495999959181,0.025875540000015462,False,all independently sampled candidates,13,uniform_random,11,23249418,30249418,,1024,disease_to_no_disease,,,,
5,128,640,128,30,16,0.007410852999782946,0.03328639299979841,False,all independently sampled candidates,13,uniform_random,11,23249418,30249418,,1024,disease_to_no_disease,,,,
6,128,768,128,21,24,0.007407086000057461,0.04069347899985587,False,all independently sampled candidates,13,uniform_random,11,23249418,30249418,,1024,disease_to_no_disease,,,,
7,128,896,128,28,31,0.007237556999825756,0.047931035999681626,False,all independently sampled candidates,13,uniform_random,11,23249418,30249418,,1024,disease_to_no_disease,,,,
8,128,1024,128,26,40,0.007280611000169301,0.05521164699985093,False,all independently sampled candidates,13,uniform_random,11,23249418,30249418,,1024,disease_to_no_disease,,,,
1,128,128,128,19,1,0.006154351999612118,0.006154351999612118,True,all genetic population candidates,13,genetic_cfe,11,23249418,30249418,,1024,disease_to_no_disease,,,,
2,128,256,128,55,2,0.0074487609999778215,0.01360311299958994,True,all genetic population candidates,13,genetic_cfe,11,23249418,30249418,,1024,disease_to_no_disease,,,,
3,128,384,128,100,4,0.008359475999895949,0.021962588999485888,True,all genetic population candidates,13,genetic_cfe,11,23249418,30249418,,1024,disease_to_no_disease,,,,
4,128,512,128,123,4,0.00899659500009875,0.03095918399958464,True,all genetic population candidates,13,genetic_cfe,11,23249418,30249418,,1024,disease_to_no_disease,,,,
5,128,640,128,125,4,0.008667425000567164,0.0396266090001518,True,all genetic population candidates,13,genetic_cfe,11,23249418,30249418,,1024,disease_to_no_disease,,,,
6,128,768,128,119,4,0.008599198999945656,0.04822580800009746,True,all genetic population candidates,13,genetic_cfe,11,23249418,30249418,,1024,disease_to_no_disease,,,,
7,128,896,128,120,4,0.008607205999396683,0.05683301399949414,True,all genetic population candidates,13,genetic_cfe,11,23249418,30249418,,1024,disease_to_no_disease,,,,
8,128,1024,128,125,4,0.00885833700067451,0.06569135100016865,True,all genetic population candidates,13,genetic_cfe,11,23249418,30249418,,1024,disease_to_no_disease,,,,
1,1024,1024,16,16,1,0.13733516299998882,0.13733516299998882,True,final restart pool only,13,dice_gradient_style,11,23249418,30249418,,1024,disease_to_no_disease,63.0,16.0,16.0,63.0
1,1024,1024,16,16,1,0.12284274299963727,0.12284274299963727,True,final restart pool only,13,wachter_style,11,23249418,30249418,,1024,disease_to_no_disease,63.0,16.0,16.0,63.0
1,128,128,128,0,0,0.006230943999980809,0.006230943999980809,False,all independently sampled candidates,14,uniform_random,11,24249421,31249421,,1024,disease_to_no_disease,,,,
2,128,256,128,0,0,0.005837679999785905,0.012068623999766714,False,all independently sampled candidates,14,uniform_random,11,24249421,31249421,,1024,disease_to_no_disease,,,,
3,128,384,128,9,5,0.006302153999968141,0.018370777999734855,False,all independently sampled candidates,14,uniform_random,11,24249421,31249421,,1024,disease_to_no_disease,,,,
4,128,512,128,11,7,0.006339239999761048,0.024710017999495903,False,all independently sampled candidates,14,uniform_random,11,24249421,31249421,,1024,disease_to_no_disease,,,,
5,128,640,128,18,12,0.006398247000106494,0.031108264999602397,False,all independently sampled candidates,14,uniform_random,11,24249421,31249421,,1024,disease_to_no_disease,,,,
6,128,768,128,18,18,0.006620385000132956,0.03772864999973535,False,all independently sampled candidates,14,uniform_random,11,24249421,31249421,,1024,disease_to_no_disease,,,,
7,128,896,128,14,27,0.006380171000273549,0.0441088210000089,False,all independently sampled candidates,14,uniform_random,11,24249421,31249421,,1024,disease_to_no_disease,,,,
8,128,1024,128,20,36,0.0067741879993263865,0.05088300899933529,False,all independently sampled candidates,14,uniform_random,11,24249421,31249421,,1024,disease_to_no_disease,,,,
1,128,128,128,0,0,0.005936753000241879,0.005936753000241879,True,all genetic population candidates,14,genetic_cfe,11,24249421,31249421,,1024,disease_to_no_disease,,,,
2,128,256,128,2,2,0.006190996000441373,0.012127749000683252,True,all genetic population candidates,14,genetic_cfe,11,24249421,31249421,,1024,disease_to_no_disease,,,,
3,128,384,128,8,3,0.008403463999457017,0.02053121300014027,True,all genetic population candidates,14,genetic_cfe,11,24249421,31249421,,1024,disease_to_no_disease,,,,
4,128,512,128,28,3,0.01354419500057702,0.03407540800071729,True,all genetic population candidates,14,genetic_cfe,11,24249421,31249421,,1024,disease_to_no_disease,,,,
5,128,640,128,60,8,0.010277645999849483,0.04435305400056677,True,all genetic population candidates,14,genetic_cfe,11,24249421,31249421,,1024,disease_to_no_disease,,,,
6,128,768,128,92,10,0.015025994000097853,0.059379048000664625,True,all genetic population candidates,14,genetic_cfe,11,24249421,31249421,,1024,disease_to_no_disease,,,,
7,128,896,128,106,12,0.017810133999773825,0.07718918200043845,True,all genetic population candidates,14,genetic_cfe,11,24249421,31249421,,1024,disease_to_no_disease,,,,
8,128,1024,128,111,14,0.0155997980000393,0.09278898000047775,True,all genetic population candidates,14,genetic_cfe,11,24249421,31249421,,1024,disease_to_no_disease,,,,
1,1024,1024,16,14,3,0.13226235899946914,0.13226235899946914,True,final restart pool only,14,dice_gradient_style,11,24249421,31249421,,1024,disease_to_no_disease,63.0,16.0,16.0,63.0
1,1024,1024,16,14,3,0.11530086600032519,0.11530086600032519,True,final restart pool only,14,wachter_style,11,24249421,31249421,,1024,disease_to_no_disease,63.0,16.0,16.0,63.0
1,128,128,128,16,2,0.006131412000286218,0.006131412000286218,False,all independently sampled candidates,15,uniform_random,11,25249424,32249424,,1024,disease_to_no_disease,,,,
2,128,256,128,16,2,0.0060967509998590685,0.012228163000145287,False,all independently sampled candidates,15,uniform_random,11,25249424,32249424,,1024,disease_to_no_disease,,,,
3,128,384,128,32,10,0.006583297999895876,0.018811461000041163,False,all independently sampled candidates,15,uniform_random,11,25249424,32249424,,1024,disease_to_no_disease,,,,
4,128,512,128,22,12,0.007079300000441435,0.0258907610004826,False,all independently sampled candidates,15,uniform_random,11,25249424,32249424,,1024,disease_to_no_disease,,,,
5,128,640,128,27,16,0.006998427000326046,0.032889188000808645,False,all independently sampled candidates,15,uniform_random,11,25249424,32249424,,1024,disease_to_no_disease,,,,
6,128,768,128,30,22,0.006760437999218993,0.03964962600002764,False,all independently sampled candidates,15,uniform_random,11,25249424,32249424,,1024,disease_to_no_disease,,,,
7,128,896,128,22,30,0.0066219600003023515,0.04627158600032999,False,all independently sampled candidates,15,uniform_random,11,25249424,32249424,,1024,disease_to_no_disease,,,,
8,128,1024,128,29,40,0.007248457999594393,0.05352004399992438,False,all independently sampled candidates,15,uniform_random,11,25249424,32249424,,1024,disease_to_no_disease,,,,
1,128,128,128,16,2,0.006109992999881797,0.006109992999881797,True,all genetic population candidates,15,genetic_cfe,11,25249424,32249424,,1024,disease_to_no_disease,,,,
2,128,256,128,37,2,0.006664538000222819,0.012774531000104616,True,all genetic population candidates,15,genetic_cfe,11,25249424,32249424,,1024,disease_to_no_disease,,,,
3,128,384,128,79,3,0.0075557440004558885,0.020330275000560505,True,all genetic population candidates,15,genetic_cfe,11,25249424,32249424,,1024,disease_to_no_disease,,,,
4,128,512,128,109,5,0.00829452499965555,0.028624800000216055,True,all genetic population candidates,15,genetic_cfe,11,25249424,32249424,,1024,disease_to_no_disease,,,,
5,128,640,128,105,5,0.008710909000001266,0.03733570900021732,True,all genetic population candidates,15,genetic_cfe,11,25249424,32249424,,1024,disease_to_no_disease,,,,
6,128,768,128,95,7,0.008299576000354136,0.04563528500057146,True,all genetic population candidates,15,genetic_cfe,11,25249424,32249424,,1024,disease_to_no_disease,,,,
7,128,896,128,97,7,0.008542890999706287,0.054178176000277745,True,all genetic population candidates,15,genetic_cfe,11,25249424,32249424,,1024,disease_to_no_disease,,,,
8,128,1024,128,85,8,0.00831390100029239,0.062492077000570134,True,all genetic population candidates,15,genetic_cfe,11,25249424,32249424,,1024,disease_to_no_disease,,,,
1,1024,1024,16,16,3,0.13101977600035752,0.13101977600035752,True,final restart pool only,15,dice_gradient_style,11,25249424,32249424,,1024,disease_to_no_disease,63.0,16.0,16.0,63.0
1,1024,1024,16,16,3,0.11183839299974352,0.11183839299974352,True,final restart pool only,15,wachter_style,11,25249424,32249424,,1024,disease_to_no_disease,63.0,16.0,16.0,63.0
1,128,128,128,0,0,0.005840314000124636,0.005840314000124636,False,all independently sampled candidates,16,uniform_random,11,26249427,33249427,,1024,disease_to_no_disease,,,,
2,128,256,128,1,1,0.005807235000247601,0.011647549000372237,False,all independently sampled candidates,16,uniform_random,11,26249427,33249427,,1024,disease_to_no_disease,,,,
3,128,384,128,0,1,0.006074577999243047,0.017722126999615284,False,all independently sampled candidates,16,uniform_random,11,26249427,33249427,,1024,disease_to_no_disease,,,,
4,128,512,128,4,2,0.0060551940005098,0.023777321000125085,False,all independently sampled candidates,16,uniform_random,11,26249427,33249427,,1024,disease_to_no_disease,,,,
5,128,640,128,1,3,0.005815737999910198,0.029593059000035282,False,all independently sampled candidates,16,uniform_random,11,26249427,33249427,,1024,disease_to_no_disease,,,,
6,128,768,128,8,7,0.006112686000051326,0.03570574500008661,False,all independently sampled candidates,16,uniform_random,11,26249427,33249427,,1024,disease_to_no_disease,,,,
7,128,896,128,7,11,0.006087961000048381,0.04179370600013499,False,all independently sampled candidates,16,uniform_random,11,26249427,33249427,,1024,disease_to_no_disease,,,,
8,128,1024,128,2,11,0.005820487999699253,0.04761419399983424,False,all independently sampled candidates,16,uniform_random,11,26249427,33249427,,1024,disease_to_no_disease,,,,
1,128,128,128,0,0,0.005946015000517946,0.005946015000517946,True,all genetic population candidates,16,genetic_cfe,11,26249427,33249427,,1024,disease_to_no_disease,,,,
2,128,256,128,0,0,0.006115966999459488,0.012061981999977434,True,all genetic population candidates,16,genetic_cfe,11,26249427,33249427,,1024,disease_to_no_disease,,,,
3,128,384,128,5,2,0.00627135000013368,0.018333332000111113,True,all genetic population candidates,16,genetic_cfe,11,26249427,33249427,,1024,disease_to_no_disease,,,,
4,128,512,128,17,4,0.006407380000382545,0.02474071200049366,True,all genetic population candidates,16,genetic_cfe,11,26249427,33249427,,1024,disease_to_no_disease,,,,
5,128,640,128,47,9,0.007369093999841425,0.032109806000335084,True,all genetic population candidates,16,genetic_cfe,11,26249427,33249427,,1024,disease_to_no_disease,,,,
6,128,768,128,86,9,0.009188754000206245,0.04129856000054133,True,all genetic population candidates,16,genetic_cfe,11,26249427,33249427,,1024,disease_to_no_disease,,,,
7,128,896,128,106,11,0.00958504099980928,0.05088360100035061,True,all genetic population candidates,16,genetic_cfe,11,26249427,33249427,,1024,disease_to_no_disease,,,,
8,128,1024,128,110,12,0.009534978999909072,0.06041858000025968,True,all genetic population candidates,16,genetic_cfe,11,26249427,33249427,,1024,disease_to_no_disease,,,,
1,1024,1024,16,16,2,0.13308108699948207,0.13308108699948207,True,final restart pool only,16,dice_gradient_style,11,26249427,33249427,,1024,disease_to_no_disease,63.0,16.0,16.0,63.0
1,1024,1024,16,16,2,0.11104385799990268,0.11104385799990268,True,final restart pool only,16,wachter_style,11,26249427,33249427,,1024,disease_to_no_disease,63.0,16.0,16.0,63.0
1,128,128,128,1,1,0.005778849000307673,0.005778849000307673,False,all independently sampled candidates,17,uniform_random,11,27249430,34249430,,1024,disease_to_no_disease,,,,
2,128,256,128,3,1,0.005727731999286334,0.011506580999594007,False,all independently sampled candidates,17,uniform_random,11,27249430,34249430,,1024,disease_to_no_disease,,,,
3,128,384,128,5,2,0.006079466000301181,0.01758604699989519,False,all independently sampled candidates,17,uniform_random,11,27249430,34249430,,1024,disease_to_no_disease,,,,
4,128,512,128,5,5,0.005834149999827787,0.023420196999722975,False,all independently sampled candidates,17,uniform_random,11,27249430,34249430,,1024,disease_to_no_disease,,,,
5,128,640,128,7,7,0.005985759000395774,0.02940595600011875,False,all independently sampled candidates,17,uniform_random,11,27249430,34249430,,1024,disease_to_no_disease,,,,
6,128,768,128,12,14,0.0064212739998765755,0.035827229999995325,False,all independently sampled candidates,17,uniform_random,11,27249430,34249430,,1024,disease_to_no_disease,,,,
7,128,896,128,12,22,0.006140608000350767,0.04196783800034609,False,all independently sampled candidates,17,uniform_random,11,27249430,34249430,,1024,disease_to_no_disease,,,,
8,128,1024,128,19,33,0.006635116999859747,0.04860295500020584,False,all independently sampled candidates,17,uniform_random,11,27249430,34249430,,1024,disease_to_no_disease,,,,
1,128,128,128,1,1,0.005754689999776019,0.005754689999776019,True,all genetic population candidates,17,genetic_cfe,11,27249430,34249430,,1024,disease_to_no_disease,,,,
2,128,256,128,2,1,0.006181792000461428,0.011936482000237447,True,all genetic population candidates,17,genetic_cfe,11,27249430,34249430,,1024,disease_to_no_disease,,,,
3,128,384,128,9,2,0.005991089999952237,0.017927572000189684,True,all genetic population candidates,17,genetic_cfe,11,27249430,34249430,,1024,disease_to_no_disease,,,,
4,128,512,128,28,2,0.006544687000314298,0.024472259000503982,True,all genetic population candidates,17,genetic_cfe,11,27249430,34249430,,1024,disease_to_no_disease,,,,
5,128,640,128,69,4,0.00758037399918976,0.03205263299969374,True,all genetic population candidates,17,genetic_cfe,11,27249430,34249430,,1024,disease_to_no_disease,,,,
6,128,768,128,100,9,0.008366220999960206,0.04041885399965395,True,all genetic population candidates,17,genetic_cfe,11,27249430,34249430,,1024,disease_to_no_disease,,,,
7,128,896,128,102,10,0.008671170000525308,0.049090024000179255,True,all genetic population candidates,17,genetic_cfe,11,27249430,34249430,,1024,disease_to_no_disease,,,,
8,128,1024,128,101,12,0.008604810999713663,0.05769483499989292,True,all genetic population candidates,17,genetic_cfe,11,27249430,34249430,,1024,disease_to_no_disease,,,,
1,1024,1024,16,16,4,0.1299823640001705,0.1299823640001705,True,final restart pool only,17,dice_gradient_style,11,27249430,34249430,,1024,disease_to_no_disease,63.0,16.0,16.0,63.0
1,1024,1024,16,16,4,0.11333184700015408,0.11333184700015408,True,final restart pool only,17,wachter_style,11,27249430,34249430,,1024,disease_to_no_disease,63.0,16.0,16.0,63.0
1,128,128,128,21,2,0.006449307999901066,0.006449307999901066,False,all independently sampled candidates,18,uniform_random,11,28249433,35249433,,1024,disease_to_no_disease,,,,
2,128,256,128,22,4,0.006681044000288239,0.013130352000189305,False,all independently sampled candidates,18,uniform_random,11,28249433,35249433,,1024,disease_to_no_disease,,,,
3,128,384,128,29,7,0.006651271000009729,0.019781623000199033,False,all independently sampled candidates,18,uniform_random,11,28249433,35249433,,1024,disease_to_no_disease,,,,
4,128,512,128,28,10,0.006610288000047149,0.026391911000246182,False,all independently sampled candidates,18,uniform_random,11,28249433,35249433,,1024,disease_to_no_disease,,,,
5,128,640,128,28,16,0.006685199999992619,0.0330771110002388,False,all independently sampled candidates,18,uniform_random,11,28249433,35249433,,1024,disease_to_no_disease,,,,
6,128,768,128,25,21,0.006820760999289632,0.039897871999528434,False,all independently sampled candidates,18,uniform_random,11,28249433,35249433,,1024,disease_to_no_disease,,,,
7,128,896,128,26,26,0.007450009999956819,0.04734788199948525,False,all independently sampled candidates,18,uniform_random,11,28249433,35249433,,1024,disease_to_no_disease,,,,
8,128,1024,128,37,37,0.008352867000212427,0.05570074899969768,False,all independently sampled candidates,18,uniform_random,11,28249433,35249433,,1024,disease_to_no_disease,,,,
1,128,128,128,21,2,0.00671938199957367,0.00671938199957367,True,all genetic population candidates,18,genetic_cfe,11,28249433,35249433,,1024,disease_to_no_disease,,,,
2,128,256,128,56,4,0.00741380100043898,0.01413318300001265,True,all genetic population candidates,18,genetic_cfe,11,28249433,35249433,,1024,disease_to_no_disease,,,,
3,128,384,128,95,4,0.008870308999576082,0.023003491999588732,True,all genetic population candidates,18,genetic_cfe,11,28249433,35249433,,1024,disease_to_no_disease,,,,
4,128,512,128,118,5,0.009217169000294234,0.032220660999882966,True,all genetic population candidates,18,genetic_cfe,11,28249433,35249433,,1024,disease_to_no_disease,,,,
5,128,640,128,121,5,0.008969387000433926,0.04119004800031689,True,all genetic population candidates,18,genetic_cfe,11,28249433,35249433,,1024,disease_to_no_disease,,,,
6,128,768,128,122,5,0.009424745999240258,0.05061479399955715,True,all genetic population candidates,18,genetic_cfe,11,28249433,35249433,,1024,disease_to_no_disease,,,,
7,128,896,128,123,5,0.009196756000164896,0.05981154999972205,True,all genetic population candidates,18,genetic_cfe,11,28249433,35249433,,1024,disease_to_no_disease,,,,
8,128,1024,128,122,5,0.009485982000114745,0.06929753199983679,True,all genetic population candidates,18,genetic_cfe,11,28249433,35249433,,1024,disease_to_no_disease,,,,
1,1024,1024,16,16,4,0.135668997000721,0.135668997000721,True,final restart pool only,18,dice_gradient_style,11,28249433,35249433,,1024,disease_to_no_disease,63.0,16.0,16.0,63.0
1,1024,1024,16,16,4,0.11863320000065869,0.11863320000065869,True,final restart pool only,18,wachter_style,11,28249433,35249433,,1024,disease_to_no_disease,63.0,16.0,16.0,63.0
1,128,128,128,0,0,0.006186622999848623,0.006186622999848623,False,all independently sampled candidates,19,uniform_random,11,29249436,36249436,,1024,disease_to_no_disease,,,,
2,128,256,128,2,1,0.0058806100005313056,0.012067233000379929,False,all independently sampled candidates,19,uniform_random,11,29249436,36249436,,1024,disease_to_no_disease,,,,
3,128,384,128,0,1,0.0060238979995119735,0.018091130999891902,False,all independently sampled candidates,19,uniform_random,11,29249436,36249436,,1024,disease_to_no_disease,,,,
4,128,512,128,8,2,0.006021524000061618,0.02411265499995352,False,all independently sampled candidates,19,uniform_random,11,29249436,36249436,,1024,disease_to_no_disease,,,,
5,128,640,128,6,5,0.005809973999930662,0.029922628999884182,False,all independently sampled candidates,19,uniform_random,11,29249436,36249436,,1024,disease_to_no_disease,,,,
6,128,768,128,2,5,0.0058922500002154266,0.03581487900009961,False,all independently sampled candidates,19,uniform_random,11,29249436,36249436,,1024,disease_to_no_disease,,,,
7,128,896,128,7,8,0.0059000510000259965,0.041714930000125605,False,all independently sampled candidates,19,uniform_random,11,29249436,36249436,,1024,disease_to_no_disease,,,,
8,128,1024,128,8,13,0.0063317009999082075,0.04804663100003381,False,all independently sampled candidates,19,uniform_random,11,29249436,36249436,,1024,disease_to_no_disease,,,,
1,128,128,128,0,0,0.005814825999550521,0.005814825999550521,True,all genetic population candidates,19,genetic_cfe,11,29249436,36249436,,1024,disease_to_no_disease,,,,
2,128,256,128,0,0,0.0057748990002437495,0.01158972499979427,True,all genetic population candidates,19,genetic_cfe,11,29249436,36249436,,1024,disease_to_no_disease,,,,
3,128,384,128,1,1,0.005860604999725183,0.017450329999519454,True,all genetic population candidates,19,genetic_cfe,11,29249436,36249436,,1024,disease_to_no_disease,,,,
4,128,512,128,12,3,0.00607512799979304,0.023525457999312493,True,all genetic population candidates,19,genetic_cfe,11,29249436,36249436,,1024,disease_to_no_disease,,,,
5,128,640,128,36,4,0.006624927000302705,0.0301503849996152,True,all genetic population candidates,19,genetic_cfe,11,29249436,36249436,,1024,disease_to_no_disease,,,,
6,128,768,128,75,6,0.007920707000266702,0.0380710919998819,True,all genetic population candidates,19,genetic_cfe,11,29249436,36249436,,1024,disease_to_no_disease,,,,
7,128,896,128,96,7,0.008293396000226494,0.046364488000108395,True,all genetic population candidates,19,genetic_cfe,11,29249436,36249436,,1024,disease_to_no_disease,,,,
8,128,1024,128,98,7,0.00838880099945527,0.054753288999563665,True,all genetic population candidates,19,genetic_cfe,11,29249436,36249436,,1024,disease_to_no_disease,,,,
1,1024,1024,16,15,4,0.13643332500032557,0.13643332500032557,True,final restart pool only,19,dice_gradient_style,11,29249436,36249436,,1024,disease_to_no_disease,63.0,16.0,16.0,63.0
1,1024,1024,16,16,4,0.11934421800015116,0.11934421800015116,True,final restart pool only,19,wachter_style,11,29249436,36249436,,1024,disease_to_no_disease,63.0,16.0,16.0,63.0
1,128,128,128,6,2,0.005980728000395175,0.005980728000395175,False,all independently sampled candidates,20,uniform_random,11,30249439,37249439,,1024,disease_to_no_disease,,,,
2,128,256,128,7,6,0.006301215000348748,0.012281943000743922,False,all independently sampled candidates,20,uniform_random,11,30249439,37249439,,1024,disease_to_no_disease,,,,
3,128,384,128,22,15,0.006599622000067029,0.01888156500081095,False,all independently sampled candidates,20,uniform_random,11,30249439,37249439,,1024,disease_to_no_disease,,,,
4,128,512,128,19,18,0.006753756999387406,0.025635322000198357,False,all independently sampled candidates,20,uniform_random,11,30249439,37249439,,1024,disease_to_no_disease,,,,
5,128,640,128,28,31,0.006885226000122202,0.03252054800032056,False,all independently sampled candidates,20,uniform_random,11,30249439,37249439,,1024,disease_to_no_disease,,,,
6,128,768,128,29,41,0.007415244000185339,0.0399357920005059,False,all independently sampled candidates,20,uniform_random,11,30249439,37249439,,1024,disease_to_no_disease,,,,
7,128,896,128,35,53,0.007659249999960593,0.04759504200046649,False,all independently sampled candidates,20,uniform_random,11,30249439,37249439,,1024,disease_to_no_disease,,,,
8,128,1024,128,30,64,0.007698708999669179,0.05529375100013567,False,all independently sampled candidates,20,uniform_random,11,30249439,37249439,,1024,disease_to_no_disease,,,,
1,128,128,128,6,2,0.006110547999924165,0.006110547999924165,True,all genetic population candidates,20,genetic_cfe,11,30249439,37249439,,1024,disease_to_no_disease,,,,
2,128,256,128,16,2,0.006484765999630326,0.012595313999554492,True,all genetic population candidates,20,genetic_cfe,11,30249439,37249439,,1024,disease_to_no_disease,,,,
3,128,384,128,46,3,0.007355515000199375,0.019950828999753867,True,all genetic population candidates,20,genetic_cfe,11,30249439,37249439,,1024,disease_to_no_disease,,,,
4,128,512,128,73,4,0.007919835000393505,0.02787066400014737,True,all genetic population candidates,20,genetic_cfe,11,30249439,37249439,,1024,disease_to_no_disease,,,,
5,128,640,128,85,6,0.00831871299942577,0.03618937699957314,True,all genetic population candidates,20,genetic_cfe,11,30249439,37249439,,1024,disease_to_no_disease,,,,
6,128,768,128,101,6,0.008911805000025197,0.04510118199959834,True,all genetic population candidates,20,genetic_cfe,11,30249439,37249439,,1024,disease_to_no_disease,,,,
7,128,896,128,110,6,0.011144502999741235,0.056245684999339574,True,all genetic population candidates,20,genetic_cfe,11,30249439,37249439,,1024,disease_to_no_disease,,,,
8,128,1024,128,108,6,0.009271988000364217,0.06551767299970379,True,all genetic population candidates,20,genetic_cfe,11,30249439,37249439,,1024,disease_to_no_disease,,,,
1,1024,1024,16,16,9,0.13857292299962864,0.13857292299962864,True,final restart pool only,20,dice_gradient_style,11,30249439,37249439,,1024,disease_to_no_disease,63.0,16.0,16.0,63.0
1,1024,1024,16,16,9,0.11963649399967835,0.11963649399967835,True,final restart pool only,20,wachter_style,11,30249439,37249439,,1024,disease_to_no_disease,63.0,16.0,16.0,63.0
1,128,128,128,5,2,0.005805724999845552,0.005805724999845552,False,all independently sampled candidates,21,uniform_random,11,31249442,38249442,,1024,disease_to_no_disease,,,,
2,128,256,128,19,9,0.006326024999907531,0.012131749999753083,False,all independently sampled candidates,21,uniform_random,11,31249442,38249442,,1024,disease_to_no_disease,,,,
3,128,384,128,18,13,0.007086679999702028,0.01921842999945511,False,all independently sampled candidates,21,uniform_random,11,31249442,38249442,,1024,disease_to_no_disease,,,,
4,128,512,128,26,23,0.007315313000617607,0.026533743000072718,False,all independently sampled candidates,21,uniform_random,11,31249442,38249442,,1024,disease_to_no_disease,,,,
5,128,640,128,28,33,0.007416002999889315,0.03394974599996203,False,all independently sampled candidates,21,uniform_random,11,31249442,38249442,,1024,disease_to_no_disease,,,,
6,128,768,128,37,50,0.007711340000241762,0.041661086000203795,False,all independently sampled candidates,21,uniform_random,11,31249442,38249442,,1024,disease_to_no_disease,,,,
7,128,896,128,49,68,0.008856879999257217,0.05051796599946101,False,all independently sampled candidates,21,uniform_random,11,31249442,38249442,,1024,disease_to_no_disease,,,,
8,128,1024,128,45,89,0.009252655000636878,0.05977062100009789,False,all independently sampled candidates,21,uniform_random,11,31249442,38249442,,1024,disease_to_no_disease,,,,
1,128,128,128,5,2,0.006004887999552011,0.006004887999552011,True,all genetic population candidates,21,genetic_cfe,11,31249442,38249442,,1024,disease_to_no_disease,,,,
2,128,256,128,18,6,0.00634574400010024,0.01235063199965225,True,all genetic population candidates,21,genetic_cfe,11,31249442,38249442,,1024,disease_to_no_disease,,,,
3,128,384,128,60,7,0.007355540999924415,0.019706172999576665,True,all genetic population candidates,21,genetic_cfe,11,31249442,38249442,,1024,disease_to_no_disease,,,,
4,128,512,128,92,9,0.00825906499994744,0.027965237999524106,True,all genetic population candidates,21,genetic_cfe,11,31249442,38249442,,1024,disease_to_no_disease,,,,
5,128,640,128,99,9,0.009252495000509953,0.03721773300003406,True,all genetic population candidates,21,genetic_cfe,11,31249442,38249442,,1024,disease_to_no_disease,,,,
6,128,768,128,100,10,0.008729526000024634,0.04594725900005869,True,all genetic population candidates,21,genetic_cfe,11,31249442,38249442,,1024,disease_to_no_disease,,,,
7,128,896,128,98,10,0.008990977999928873,0.054938236999987566,True,all genetic population candidates,21,genetic_cfe,11,31249442,38249442,,1024,disease_to_no_disease,,,,
8,128,1024,128,86,10,0.008361332999811566,0.06329956999979913,True,all genetic population candidates,21,genetic_cfe,11,31249442,38249442,,1024,disease_to_no_disease,,,,
1,1024,1024,16,16,4,0.14128274399990914,0.14128274399990914,True,final restart pool only,21,dice_gradient_style,11,31249442,38249442,,1024,disease_to_no_disease,63.0,16.0,16.0,63.0
1,1024,1024,16,16,4,0.12189797199971508,0.12189797199971508,True,final restart pool only,21,wachter_style,11,31249442,38249442,,1024,disease_to_no_disease,63.0,16.0,16.0,63.0
1,128,128,128,20,2,0.006614924999666982,0.006614924999666982,False,all independently sampled candidates,22,uniform_random,11,32249445,39249445,,1024,disease_to_no_disease,,,,
2,128,256,128,21,4,0.006544228000166186,0.013159152999833168,False,all independently sampled candidates,22,uniform_random,11,32249445,39249445,,1024,disease_to_no_disease,,,,
3,128,384,128,36,14,0.006764230999579013,0.01992338399941218,False,all independently sampled candidates,22,uniform_random,11,32249445,39249445,,1024,disease_to_no_disease,,,,
4,128,512,128,23,17,0.0065854920003403095,0.02650887599975249,False,all independently sampled candidates,22,uniform_random,11,32249445,39249445,,1024,disease_to_no_disease,,,,
5,128,640,128,37,26,0.007385834999695362,0.03389471099944785,False,all independently sampled candidates,22,uniform_random,11,32249445,39249445,,1024,disease_to_no_disease,,,,
6,128,768,128,37,34,0.007712270000411081,0.041606980999858934,False,all independently sampled candidates,22,uniform_random,11,32249445,39249445,,1024,disease_to_no_disease,,,,
7,128,896,128,43,51,0.00880872499965335,0.050415705999512284,False,all independently sampled candidates,22,uniform_random,11,32249445,39249445,,1024,disease_to_no_disease,,,,
8,128,1024,128,37,65,0.009127457999966282,0.059543163999478566,False,all independently sampled candidates,22,uniform_random,11,32249445,39249445,,1024,disease_to_no_disease,,,,
1,128,128,128,20,2,0.006634664000557677,0.006634664000557677,True,all genetic population candidates,22,genetic_cfe,11,32249445,39249445,,1024,disease_to_no_disease,,,,
2,128,256,128,56,6,0.00821683599951939,0.014851500000077067,True,all genetic population candidates,22,genetic_cfe,11,32249445,39249445,,1024,disease_to_no_disease,,,,
3,128,384,128,98,8,0.009354427999824111,0.024205927999901178,True,all genetic population candidates,22,genetic_cfe,11,32249445,39249445,,1024,disease_to_no_disease,,,,
4,128,512,128,122,10,0.009446662000300421,0.0336525900002016,True,all genetic population candidates,22,genetic_cfe,11,32249445,39249445,,1024,disease_to_no_disease,,,,
5,128,640,128,126,10,0.01113971999984642,0.04479231000004802,True,all genetic population candidates,22,genetic_cfe,11,32249445,39249445,,1024,disease_to_no_disease,,,,
6,128,768,128,125,10,0.01027130600050441,0.05506361600055243,True,all genetic population candidates,22,genetic_cfe,11,32249445,39249445,,1024,disease_to_no_disease,,,,
7,128,896,128,125,10,0.01015404200006742,0.06521765800061985,True,all genetic population candidates,22,genetic_cfe,11,32249445,39249445,,1024,disease_to_no_disease,,,,
8,128,1024,128,127,10,0.009966701999474026,0.07518436000009387,True,all genetic population candidates,22,genetic_cfe,11,32249445,39249445,,1024,disease_to_no_disease,,,,
1,1024,1024,16,16,4,0.13761020000038116,0.13761020000038116,True,final restart pool only,22,dice_gradient_style,11,32249445,39249445,,1024,disease_to_no_disease,63.0,16.0,16.0,63.0
1,1024,1024,16,16,4,0.11792722300015157,0.11792722300015157,True,final restart pool only,22,wachter_style,11,32249445,39249445,,1024,disease_to_no_disease,63.0,16.0,16.0,63.0
1,128,128,128,15,1,0.00602402999993501,0.00602402999993501,False,all independently sampled candidates,23,uniform_random,11,33249448,40249448,,1024,disease_to_no_disease,,,,
2,128,256,128,19,6,0.006360528000186605,0.012384558000121615,False,all independently sampled candidates,23,uniform_random,11,33249448,40249448,,1024,disease_to_no_disease,,,,
3,128,384,128,19,9,0.0063102880003498285,0.018694846000471443,False,all independently sampled candidates,23,uniform_random,11,33249448,40249448,,1024,disease_to_no_disease,,,,
4,128,512,128,25,17,0.0064824629998838645,0.025177309000355308,False,all independently sampled candidates,23,uniform_random,11,33249448,40249448,,1024,disease_to_no_disease,,,,
5,128,640,128,25,25,0.00668180799948459,0.0318591169998399,False,all independently sampled candidates,23,uniform_random,11,33249448,40249448,,1024,disease_to_no_disease,,,,
6,128,768,128,25,31,0.00690743300037866,0.03876655000021856,False,all independently sampled candidates,23,uniform_random,11,33249448,40249448,,1024,disease_to_no_disease,,,,
7,128,896,128,29,42,0.007130457999664941,0.0458970079998835,False,all independently sampled candidates,23,uniform_random,11,33249448,40249448,,1024,disease_to_no_disease,,,,
8,128,1024,128,32,51,0.0077826320002714056,0.053679640000154905,False,all independently sampled candidates,23,uniform_random,11,33249448,40249448,,1024,disease_to_no_disease,,,,
1,128,128,128,15,1,0.006165753000459517,0.006165753000459517,True,all genetic population candidates,23,genetic_cfe,11,33249448,40249448,,1024,disease_to_no_disease,,,,
2,128,256,128,47,2,0.00685580499975913,0.013021558000218647,True,all genetic population candidates,23,genetic_cfe,11,33249448,40249448,,1024,disease_to_no_disease,,,,
3,128,384,128,83,3,0.008569010999963211,0.02159056900018186,True,all genetic population candidates,23,genetic_cfe,11,33249448,40249448,,1024,disease_to_no_disease,,,,
4,128,512,128,114,4,0.008613189000243437,0.030203758000425296,True,all genetic population candidates,23,genetic_cfe,11,33249448,40249448,,1024,disease_to_no_disease,,,,
5,128,640,128,116,4,0.00879683000039222,0.039000588000817515,True,all genetic population candidates,23,genetic_cfe,11,33249448,40249448,,1024,disease_to_no_disease,,,,
6,128,768,128,114,4,0.008432136999545037,0.04743272500036255,True,all genetic population candidates,23,genetic_cfe,11,33249448,40249448,,1024,disease_to_no_disease,,,,
7,128,896,128,109,4,0.00846048499988683,0.05589321000024938,True,all genetic population candidates,23,genetic_cfe,11,33249448,40249448,,1024,disease_to_no_disease,,,,
8,128,1024,128,115,5,0.008482967000418284,0.06437617700066767,True,all genetic population candidates,23,genetic_cfe,11,33249448,40249448,,1024,disease_to_no_disease,,,,
1,1024,1024,16,12,6,0.1376937380000527,0.1376937380000527,True,final restart pool only,23,dice_gradient_style,11,33249448,40249448,,1024,disease_to_no_disease,63.0,16.0,16.0,63.0
1,1024,1024,16,12,6,0.11787023000033514,0.11787023000033514,True,final restart pool only,23,wachter_style,11,33249448,40249448,,1024,disease_to_no_disease,63.0,16.0,16.0,63.0
1,128,128,128,21,6,0.0063268589992730995,0.0063268589992730995,False,all independently sampled candidates,24,uniform_random,11,34249451,41249451,,1024,disease_to_no_disease,,,,
2,128,256,128,24,10,0.007133965999855718,0.013460824999128818,False,all independently sampled candidates,24,uniform_random,11,34249451,41249451,,1024,disease_to_no_disease,,,,
3,128,384,128,31,14,0.006940272000065306,0.020401096999194124,False,all independently sampled candidates,24,uniform_random,11,34249451,41249451,,1024,disease_to_no_disease,,,,
4,128,512,128,29,20,0.008623020999948494,0.029024117999142618,False,all independently sampled candidates,24,uniform_random,11,34249451,41249451,,1024,disease_to_no_disease,,,,
5,128,640,128,44,29,0.008878436000486545,0.03790255399962916,False,all independently sampled candidates,24,uniform_random,11,34249451,41249451,,1024,disease_to_no_disease,,,,
6,128,768,128,39,43,0.008523225999852002,0.046425779999481165,False,all independently sampled candidates,24,uniform_random,11,34249451,41249451,,1024,disease_to_no_disease,,,,
7,128,896,128,40,54,0.010374147000220546,0.05679992699970171,False,all independently sampled candidates,24,uniform_random,11,34249451,41249451,,1024,disease_to_no_disease,,,,
8,128,1024,128,53,72,0.00934173599944188,0.06614166299914359,False,all independently sampled candidates,24,uniform_random,11,34249451,41249451,,1024,disease_to_no_disease,,,,
1,128,128,128,21,6,0.006334945000162406,0.006334945000162406,True,all genetic population candidates,24,genetic_cfe,11,34249451,41249451,,1024,disease_to_no_disease,,,,
2,128,256,128,47,7,0.00720683200052008,0.013541777000682487,True,all genetic population candidates,24,genetic_cfe,11,34249451,41249451,,1024,disease_to_no_disease,,,,
3,128,384,128,83,8,0.010010212999986834,0.02355199000066932,True,all genetic population candidates,24,genetic_cfe,11,34249451,41249451,,1024,disease_to_no_disease,,,,
4,128,512,128,91,9,0.008560250999835262,0.03211224100050458,True,all genetic population candidates,24,genetic_cfe,11,34249451,41249451,,1024,disease_to_no_disease,,,,
5,128,640,128,96,9,0.008992057999421377,0.04110429899992596,True,all genetic population candidates,24,genetic_cfe,11,34249451,41249451,,1024,disease_to_no_disease,,,,
6,128,768,128,100,9,0.009360259999994014,0.05046455899991997,True,all genetic population candidates,24,genetic_cfe,11,34249451,41249451,,1024,disease_to_no_disease,,,,
7,128,896,128,104,9,0.008765834000769246,0.05923039300068922,True,all genetic population candidates,24,genetic_cfe,11,34249451,41249451,,1024,disease_to_no_disease,,,,
8,128,1024,128,99,9,0.00948616999994556,0.06871656300063478,True,all genetic population candidates,24,genetic_cfe,11,34249451,41249451,,1024,disease_to_no_disease,,,,
1,1024,1024,16,16,4,0.13826975000029051,0.13826975000029051,True,final restart pool only,24,dice_gradient_style,11,34249451,41249451,,1024,disease_to_no_disease,63.0,16.0,16.0,63.0
1,1024,1024,16,16,3,0.11979215999963344,0.11979215999963344,True,final restart pool only,24,wachter_style,11,34249451,41249451,,1024,disease_to_no_disease,63.0,16.0,16.0,63.0
1,128,128,128,26,3,0.0066596990000107326,0.0066596990000107326,False,all independently sampled candidates,25,uniform_random,11,35249454,42249454,,1024,disease_to_no_disease,,,,
2,128,256,128,25,9,0.006533463999403466,0.013193162999414199,False,all independently sampled candidates,25,uniform_random,11,35249454,42249454,,1024,disease_to_no_disease,,,,
3,128,384,128,48,22,0.007455321000634285,0.020648484000048484,False,all independently sampled candidates,25,uniform_random,11,35249454,42249454,,1024,disease_to_no_disease,,,,
4,128,512,128,55,36,0.008077244999185496,0.02872572899923398,False,all independently sampled candidates,25,uniform_random,11,35249454,42249454,,1024,disease_to_no_disease,,,,
5,128,640,128,55,52,0.008723628000552708,0.03744935699978669,False,all independently sampled candidates,25,uniform_random,11,35249454,42249454,,1024,disease_to_no_disease,,,,
6,128,768,128,48,62,0.008768001000134973,0.04621735799992166,False,all independently sampled candidates,25,uniform_random,11,35249454,42249454,,1024,disease_to_no_disease,,,,
7,128,896,128,46,79,0.009223411999300879,0.05544076999922254,False,all independently sampled candidates,25,uniform_random,11,35249454,42249454,,1024,disease_to_no_disease,,,,
8,128,1024,128,52,97,0.010401785000794916,0.06584255500001746,False,all independently sampled candidates,25,uniform_random,11,35249454,42249454,,1024,disease_to_no_disease,,,,
1,128,128,128,26,3,0.006327624000732612,0.006327624000732612,True,all genetic population candidates,25,genetic_cfe,11,35249454,42249454,,1024,disease_to_no_disease,,,,
2,128,256,128,65,8,0.007692428999689582,0.014020053000422195,True,all genetic population candidates,25,genetic_cfe,11,35249454,42249454,,1024,disease_to_no_disease,,,,
3,128,384,128,112,12,0.0090742020001926,0.023094255000614794,True,all genetic population candidates,25,genetic_cfe,11,35249454,42249454,,1024,disease_to_no_disease,,,,
4,128,512,128,122,12,0.009714372999951593,0.03280862800056639,True,all genetic population candidates,25,genetic_cfe,11,35249454,42249454,,1024,disease_to_no_disease,,,,
5,128,640,128,121,12,0.00939877000018896,0.04220739800075535,True,all genetic population candidates,25,genetic_cfe,11,35249454,42249454,,1024,disease_to_no_disease,,,,
6,128,768,128,126,12,0.009494912999798544,0.05170231100055389,True,all genetic population candidates,25,genetic_cfe,11,35249454,42249454,,1024,disease_to_no_disease,,,,
7,128,896,128,121,13,0.009362245999909646,0.06106455700046354,True,all genetic population candidates,25,genetic_cfe,11,35249454,42249454,,1024,disease_to_no_disease,,,,
8,128,1024,128,123,13,0.009636167000280693,0.07070072400074423,True,all genetic population candidates,25,genetic_cfe,11,35249454,42249454,,1024,disease_to_no_disease,,,,
1,1024,1024,16,16,5,0.13614734900056646,0.13614734900056646,True,final restart pool only,25,dice_gradient_style,11,35249454,42249454,,1024,disease_to_no_disease,63.0,16.0,16.0,63.0
1,1024,1024,16,16,4,0.11995580399980099,0.11995580399980099,True,final restart pool only,25,wachter_style,11,35249454,42249454,,1024,disease_to_no_disease,63.0,16.0,16.0,63.0
1,128,128,128,7,1,0.006684173999929044,0.006684173999929044,False,all independently sampled candidates,26,uniform_random,11,36249457,43249457,,1024,disease_to_no_disease,,,,
2,128,256,128,4,3,0.006279934999838588,0.012964108999767632,False,all independently sampled candidates,26,uniform_random,11,36249457,43249457,,1024,disease_to_no_disease,,,,
3,128,384,128,8,7,0.006421839000722684,0.019385948000490316,False,all independently sampled candidates,26,uniform_random,11,36249457,43249457,,1024,disease_to_no_disease,,,,
4,128,512,128,6,9,0.006667574999482895,0.02605352299997321,False,all independently sampled candidates,26,uniform_random,11,36249457,43249457,,1024,disease_to_no_disease,,,,
5,128,640,128,14,16,0.007914499000435171,0.03396802200040838,False,all independently sampled candidates,26,uniform_random,11,36249457,43249457,,1024,disease_to_no_disease,,,,
6,128,768,128,23,25,0.0071618550000494,0.04112987700045778,False,all independently sampled candidates,26,uniform_random,11,36249457,43249457,,1024,disease_to_no_disease,,,,
7,128,896,128,18,32,0.007045853999443352,0.048175730999901134,False,all independently sampled candidates,26,uniform_random,11,36249457,43249457,,1024,disease_to_no_disease,,,,
8,128,1024,128,28,47,0.008684362000167312,0.056860093000068446,False,all independently sampled candidates,26,uniform_random,11,36249457,43249457,,1024,disease_to_no_disease,,,,
1,128,128,128,7,1,0.005832955000187212,0.005832955000187212,True,all genetic population candidates,26,genetic_cfe,11,36249457,43249457,,1024,disease_to_no_disease,,,,
2,128,256,128,21,3,0.006261080000513175,0.012094035000700387,True,all genetic population candidates,26,genetic_cfe,11,36249457,43249457,,1024,disease_to_no_disease,,,,
3,128,384,128,48,3,0.007125626999368251,0.019219662000068638,True,all genetic population candidates,26,genetic_cfe,11,36249457,43249457,,1024,disease_to_no_disease,,,,
4,128,512,128,78,4,0.007862840000598226,0.027082502000666864,True,all genetic population candidates,26,genetic_cfe,11,36249457,43249457,,1024,disease_to_no_disease,,,,
5,128,640,128,106,4,0.00834662999932334,0.035429131999990204,True,all genetic population candidates,26,genetic_cfe,11,36249457,43249457,,1024,disease_to_no_disease,,,,
6,128,768,128,93,4,0.008503116000611044,0.04393224800060125,True,all genetic population candidates,26,genetic_cfe,11,36249457,43249457,,1024,disease_to_no_disease,,,,
7,128,896,128,100,4,0.008290923999993538,0.052223172000594786,True,all genetic population candidates,26,genetic_cfe,11,36249457,43249457,,1024,disease_to_no_disease,,,,
8,128,1024,128,98,5,0.008921195999391784,0.06114436799998657,True,all genetic population candidates,26,genetic_cfe,11,36249457,43249457,,1024,disease_to_no_disease,,,,
1,1024,1024,16,16,3,0.13551822299996275,0.13551822299996275,True,final restart pool only,26,dice_gradient_style,11,36249457,43249457,,1024,disease_to_no_disease,63.0,16.0,16.0,63.0
1,1024,1024,16,16,3,0.11661751199972059,0.11661751199972059,True,final restart pool only,26,wachter_style,11,36249457,43249457,,1024,disease_to_no_disease,63.0,16.0,16.0,63.0
1,128,128,128,22,1,0.006812517999605916,0.006812517999605916,False,all independently sampled candidates,27,uniform_random,11,37249460,44249460,,1024,disease_to_no_disease,,,,
2,128,256,128,31,4,0.006228907000149775,0.01304142499975569,False,all independently sampled candidates,27,uniform_random,11,37249460,44249460,,1024,disease_to_no_disease,,,,
3,128,384,128,44,14,0.007513378000112425,0.020554802999868116,False,all independently sampled candidates,27,uniform_random,11,37249460,44249460,,1024,disease_to_no_disease,,,,
4,128,512,128,44,17,0.007069121999847994,0.02762392499971611,False,all independently sampled candidates,27,uniform_random,11,37249460,44249460,,1024,disease_to_no_disease,,,,
5,128,640,128,39,24,0.0074245389996576705,0.03504846399937378,False,all independently sampled candidates,27,uniform_random,11,37249460,44249460,,1024,disease_to_no_disease,,,,
6,128,768,128,43,35,0.007794200000716955,0.042842664000090735,False,all independently sampled candidates,27,uniform_random,11,37249460,44249460,,1024,disease_to_no_disease,,,,
7,128,896,128,35,44,0.0074177910000798875,0.05026045500017062,False,all independently sampled candidates,27,uniform_random,11,37249460,44249460,,1024,disease_to_no_disease,,,,
8,128,1024,128,42,56,0.008103445999950054,0.05836390100012068,False,all independently sampled candidates,27,uniform_random,11,37249460,44249460,,1024,disease_to_no_disease,,,,
1,128,128,128,22,1,0.006024697999237105,0.006024697999237105,True,all genetic population candidates,27,genetic_cfe,11,37249460,44249460,,1024,disease_to_no_disease,,,,
2,128,256,128,67,3,0.007159289000810531,0.013183987000047637,True,all genetic population candidates,27,genetic_cfe,11,37249460,44249460,,1024,disease_to_no_disease,,,,
3,128,384,128,109,4,0.008506872999532789,0.021690859999580425,True,all genetic population candidates,27,genetic_cfe,11,37249460,44249460,,1024,disease_to_no_disease,,,,
4,128,512,128,122,6,0.008534442999916791,0.030225302999497217,True,all genetic population candidates,27,genetic_cfe,11,37249460,44249460,,1024,disease_to_no_disease,,,,
5,128,640,128,125,7,0.008790284000497195,0.03901558699999441,True,all genetic population candidates,27,genetic_cfe,11,37249460,44249460,,1024,disease_to_no_disease,,,,
6,128,768,128,124,7,0.009208544999637525,0.048224131999631936,True,all genetic population candidates,27,genetic_cfe,11,37249460,44249460,,1024,disease_to_no_disease,,,,
7,128,896,128,123,7,0.008859345000018948,0.057083476999650884,True,all genetic population candidates,27,genetic_cfe,11,37249460,44249460,,1024,disease_to_no_disease,,,,
8,128,1024,128,125,7,0.009394663000421133,0.06647814000007202,True,all genetic population candidates,27,genetic_cfe,11,37249460,44249460,,1024,disease_to_no_disease,,,,
1,1024,1024,16,16,3,0.13546188100008294,0.13546188100008294,True,final restart pool only,27,dice_gradient_style,11,37249460,44249460,,1024,disease_to_no_disease,63.0,16.0,16.0,63.0
1,1024,1024,16,16,3,0.11996624399944267,0.11996624399944267,True,final restart pool only,27,wachter_style,11,37249460,44249460,,1024,disease_to_no_disease,63.0,16.0,16.0,63.0
1,128,128,128,27,3,0.0073112359996230225,0.0073112359996230225,False,all independently sampled candidates,28,uniform_random,11,38249463,45249463,,1024,disease_to_no_disease,,,,
2,128,256,128,36,13,0.009392029000082402,0.016703264999705425,False,all independently sampled candidates,28,uniform_random,11,38249463,45249463,,1024,disease_to_no_disease,,,,
3,128,384,128,53,24,0.008089300999927218,0.024792565999632643,False,all independently sampled candidates,28,uniform_random,11,38249463,45249463,,1024,disease_to_no_disease,,,,
4,128,512,128,44,31,0.007451356000274245,0.03224392199990689,False,all independently sampled candidates,28,uniform_random,11,38249463,45249463,,1024,disease_to_no_disease,,,,
5,128,640,128,46,42,0.00837509799930558,0.04061901999921247,False,all independently sampled candidates,28,uniform_random,11,38249463,45249463,,1024,disease_to_no_disease,,,,
6,128,768,128,34,51,0.008029555000575783,0.04864857499978825,False,all independently sampled candidates,28,uniform_random,11,38249463,45249463,,1024,disease_to_no_disease,,,,
7,128,896,128,46,64,0.00853620299949398,0.05718477799928223,False,all independently sampled candidates,28,uniform_random,11,38249463,45249463,,1024,disease_to_no_disease,,,,
8,128,1024,128,51,78,0.009610363000319921,0.06679514099960215,False,all independently sampled candidates,28,uniform_random,11,38249463,45249463,,1024,disease_to_no_disease,,,,
1,128,128,128,27,3,0.006214050999915344,0.006214050999915344,True,all genetic population candidates,28,genetic_cfe,11,38249463,45249463,,1024,disease_to_no_disease,,,,
2,128,256,128,71,6,0.007737007999821799,0.013951058999737143,True,all genetic population candidates,28,genetic_cfe,11,38249463,45249463,,1024,disease_to_no_disease,,,,
3,128,384,128,117,8,0.008934812999541464,0.022885871999278606,True,all genetic population candidates,28,genetic_cfe,11,38249463,45249463,,1024,disease_to_no_disease,,,,
4,128,512,128,121,8,0.009008772000015597,0.0318946439992942,True,all genetic population candidates,28,genetic_cfe,11,38249463,45249463,,1024,disease_to_no_disease,,,,
5,128,640,128,126,9,0.009145840000201133,0.041040483999495336,True,all genetic population candidates,28,genetic_cfe,11,38249463,45249463,,1024,disease_to_no_disease,,,,
6,128,768,128,123,9,0.008958475000326871,0.04999895899982221,True,all genetic population candidates,28,genetic_cfe,11,38249463,45249463,,1024,disease_to_no_disease,,,,
7,128,896,128,125,9,0.009127347999310587,0.059126306999132794,True,all genetic population candidates,28,genetic_cfe,11,38249463,45249463,,1024,disease_to_no_disease,,,,
8,128,1024,128,126,9,0.009324141000433883,0.06845044799956668,True,all genetic population candidates,28,genetic_cfe,11,38249463,45249463,,1024,disease_to_no_disease,,,,
1,1024,1024,16,16,4,0.13435875499999383,0.13435875499999383,True,final restart pool only,28,dice_gradient_style,11,38249463,45249463,,1024,disease_to_no_disease,63.0,16.0,16.0,63.0
1,1024,1024,16,16,4,0.12041137300002447,0.12041137300002447,True,final restart pool only,28,wachter_style,11,38249463,45249463,,1024,disease_to_no_disease,63.0,16.0,16.0,63.0
1,128,128,128,22,2,0.006589440999960061,0.006589440999960061,False,all independently sampled candidates,29,uniform_random,11,39249466,46249466,,1024,disease_to_no_disease,,,,
2,128,256,128,28,6,0.006445558999985224,0.013034999999945285,False,all independently sampled candidates,29,uniform_random,11,39249466,46249466,,1024,disease_to_no_disease,,,,
3,128,384,128,37,10,0.006717658000525262,0.019752658000470547,False,all independently sampled candidates,29,uniform_random,11,39249466,46249466,,1024,disease_to_no_disease,,,,
4,128,512,128,46,23,0.007201630999588815,0.02695428900005936,False,all independently sampled candidates,29,uniform_random,11,39249466,46249466,,1024,disease_to_no_disease,,,,
5,128,640,128,47,30,0.007853157000681676,0.03480744600074104,False,all independently sampled candidates,29,uniform_random,11,39249466,46249466,,1024,disease_to_no_disease,,,,
6,128,768,128,41,42,0.0079309379998449,0.04273838400058594,False,all independently sampled candidates,29,uniform_random,11,39249466,46249466,,1024,disease_to_no_disease,,,,
7,128,896,128,39,46,0.008336978999977873,0.05107536300056381,False,all independently sampled candidates,29,uniform_random,11,39249466,46249466,,1024,disease_to_no_disease,,,,
8,128,1024,128,48,63,0.008539663999727054,0.059615027000290866,False,all independently sampled candidates,29,uniform_random,11,39249466,46249466,,1024,disease_to_no_disease,,,,
1,128,128,128,22,2,0.006127759000264632,0.006127759000264632,True,all genetic population candidates,29,genetic_cfe,11,39249466,46249466,,1024,disease_to_no_disease,,,,
2,128,256,128,55,3,0.007086010999955761,0.013213770000220393,True,all genetic population candidates,29,genetic_cfe,11,39249466,46249466,,1024,disease_to_no_disease,,,,
3,128,384,128,104,5,0.0083645599997908,0.021578330000011192,True,all genetic population candidates,29,genetic_cfe,11,39249466,46249466,,1024,disease_to_no_disease,,,,
4,128,512,128,123,7,0.008954375999564945,0.030532705999576137,True,all genetic population candidates,29,genetic_cfe,11,39249466,46249466,,1024,disease_to_no_disease,,,,
5,128,640,128,122,7,0.009021034000397776,0.039553739999973914,True,all genetic population candidates,29,genetic_cfe,11,39249466,46249466,,1024,disease_to_no_disease,,,,
6,128,768,128,126,7,0.009286812000027567,0.04884055200000148,True,all genetic population candidates,29,genetic_cfe,11,39249466,46249466,,1024,disease_to_no_disease,,,,
7,128,896,128,123,7,0.009078226999918115,0.057918778999919596,True,all genetic population candidates,29,genetic_cfe,11,39249466,46249466,,1024,disease_to_no_disease,,,,
8,128,1024,128,122,7,0.008977780000350322,0.06689655900026992,True,all genetic population candidates,29,genetic_cfe,11,39249466,46249466,,1024,disease_to_no_disease,,,,
1,1024,1024,16,16,4,0.13603783000053227,0.13603783000053227,True,final restart pool only,29,dice_gradient_style,11,39249466,46249466,,1024,disease_to_no_disease,63.0,16.0,16.0,63.0
1,1024,1024,16,16,4,0.12036497400004009,0.12036497400004009,True,final restart pool only,29,wachter_style,11,39249466,46249466,,1024,disease_to_no_disease,63.0,16.0,16.0,63.0
1,128,128,128,23,2,0.006241617000341648,0.006241617000341648,False,all independently sampled candidates,30,uniform_random,11,40249469,47249469,,1024,disease_to_no_disease,,,,
2,128,256,128,29,11,0.00650846700045804,0.012750084000799689,False,all independently sampled candidates,30,uniform_random,11,40249469,47249469,,1024,disease_to_no_disease,,,,
3,128,384,128,34,18,0.007153332999223494,0.019903417000023182,False,all independently sampled candidates,30,uniform_random,11,40249469,47249469,,1024,disease_to_no_disease,,,,
4,128,512,128,24,21,0.006731729000421183,0.026635146000444365,False,all independently sampled candidates,30,uniform_random,11,40249469,47249469,,1024,disease_to_no_disease,,,,
5,128,640,128,36,32,0.007496049000110361,0.034131195000554726,False,all independently sampled candidates,30,uniform_random,11,40249469,47249469,,1024,disease_to_no_disease,,,,
6,128,768,128,36,41,0.007443837999744574,0.0415750330002993,False,all independently sampled candidates,30,uniform_random,11,40249469,47249469,,1024,disease_to_no_disease,,,,
7,128,896,128,39,49,0.008703409999725409,0.05027844300002471,False,all independently sampled candidates,30,uniform_random,11,40249469,47249469,,1024,disease_to_no_disease,,,,
8,128,1024,128,35,57,0.007829496000340441,0.05810793900036515,False,all independently sampled candidates,30,uniform_random,11,40249469,47249469,,1024,disease_to_no_disease,,,,
1,128,128,128,23,2,0.006176581000545411,0.006176581000545411,True,all genetic population candidates,30,genetic_cfe,11,40249469,47249469,,1024,disease_to_no_disease,,,,
2,128,256,128,55,5,0.007114645999536151,0.013291227000081562,True,all genetic population candidates,30,genetic_cfe,11,40249469,47249469,,1024,disease_to_no_disease,,,,
3,128,384,128,92,7,0.008011110000552435,0.021302337000633997,True,all genetic population candidates,30,genetic_cfe,11,40249469,47249469,,1024,disease_to_no_disease,,,,
4,128,512,128,120,8,0.008984323999357002,0.030286660999991,True,all genetic population candidates,30,genetic_cfe,11,40249469,47249469,,1024,disease_to_no_disease,,,,
5,128,640,128,119,8,0.009224543000527774,0.039511204000518774,True,all genetic population candidates,30,genetic_cfe,11,40249469,47249469,,1024,disease_to_no_disease,,,,
6,128,768,128,125,8,0.009295703000134381,0.048806907000653155,True,all genetic population candidates,30,genetic_cfe,11,40249469,47249469,,1024,disease_to_no_disease,,,,
7,128,896,128,118,8,0.009062768999683612,0.05786967600033677,True,all genetic population candidates,30,genetic_cfe,11,40249469,47249469,,1024,disease_to_no_disease,,,,
8,128,1024,128,123,8,0.008990862999780802,0.06686053900011757,True,all genetic population candidates,30,genetic_cfe,11,40249469,47249469,,1024,disease_to_no_disease,,,,
1,1024,1024,16,16,5,0.12973809499999334,0.12973809499999334,True,final restart pool only,30,dice_gradient_style,11,40249469,47249469,,1024,disease_to_no_disease,63.0,16.0,16.0,63.0
1,1024,1024,16,16,5,0.12492440900041402,0.12492440900041402,True,final restart pool only,30,wachter_style,11,40249469,47249469,,1024,disease_to_no_disease,63.0,16.0,16.0,63.0
1,128,128,128,35,3,0.0066700160004984355,0.0066700160004984355,False,all independently sampled candidates,31,uniform_random,11,41249472,48249472,,1024,disease_to_no_disease,,,,
2,128,256,128,33,12,0.0069744859993079444,0.01364450199980638,False,all independently sampled candidates,31,uniform_random,11,41249472,48249472,,1024,disease_to_no_disease,,,,
3,128,384,128,49,24,0.007356589000664826,0.021001091000471206,False,all independently sampled candidates,31,uniform_random,11,41249472,48249472,,1024,disease_to_no_disease,,,,
4,128,512,128,53,37,0.007975501999681,0.028976593000152207,False,all independently sampled candidates,31,uniform_random,11,41249472,48249472,,1024,disease_to_no_disease,,,,
5,128,640,128,53,50,0.008836873999825912,0.03781346699997812,False,all independently sampled candidates,31,uniform_random,11,41249472,48249472,,1024,disease_to_no_disease,,,,
6,128,768,128,58,65,0.009201128999848152,0.04701459599982627,False,all independently sampled candidates,31,uniform_random,11,41249472,48249472,,1024,disease_to_no_disease,,,,
7,128,896,128,66,88,0.010688972000025387,0.05770356799985166,False,all independently sampled candidates,31,uniform_random,11,41249472,48249472,,1024,disease_to_no_disease,,,,
8,128,1024,128,68,108,0.012134367000726343,0.069837935000578,False,all independently sampled candidates,31,uniform_random,11,41249472,48249472,,1024,disease_to_no_disease,,,,
1,128,128,128,35,3,0.006537070000376843,0.006537070000376843,True,all genetic population candidates,31,genetic_cfe,11,41249472,48249472,,1024,disease_to_no_disease,,,,
2,128,256,128,86,6,0.007746863999273046,0.01428393399964989,True,all genetic population candidates,31,genetic_cfe,11,41249472,48249472,,1024,disease_to_no_disease,,,,
3,128,384,128,117,9,0.00924578800004383,0.02352972199969372,True,all genetic population candidates,31,genetic_cfe,11,41249472,48249472,,1024,disease_to_no_disease,,,,
4,128,512,128,122,11,0.00941036900076142,0.03294009100045514,True,all genetic population candidates,31,genetic_cfe,11,41249472,48249472,,1024,disease_to_no_disease,,,,
5,128,640,128,126,11,0.00935535999997228,0.04229545100042742,True,all genetic population candidates,31,genetic_cfe,11,41249472,48249472,,1024,disease_to_no_disease,,,,
6,128,768,128,125,11,0.009911548999298248,0.05220699999972567,True,all genetic population candidates,31,genetic_cfe,11,41249472,48249472,,1024,disease_to_no_disease,,,,
7,128,896,128,125,11,0.009288948000175878,0.061495947999901546,True,all genetic population candidates,31,genetic_cfe,11,41249472,48249472,,1024,disease_to_no_disease,,,,
8,128,1024,128,123,12,0.010185054000430682,0.07168100200033223,True,all genetic population candidates,31,genetic_cfe,11,41249472,48249472,,1024,disease_to_no_disease,,,,
1,1024,1024,16,14,10,0.14055088899931434,0.14055088899931434,True,final restart pool only,31,dice_gradient_style,11,41249472,48249472,,1024,disease_to_no_disease,63.0,16.0,16.0,63.0
1,1024,1024,16,14,10,0.12230133499997464,0.12230133499997464,True,final restart pool only,31,wachter_style,11,41249472,48249472,,1024,disease_to_no_disease,63.0,16.0,16.0,63.0
1,128,128,128,1,1,0.005784690000837145,0.005784690000837145,False,all independently sampled candidates,32,uniform_random,11,42249475,49249475,,1024,disease_to_no_disease,,,,
2,128,256,128,3,1,0.0059069539993288345,0.01169164400016598,False,all independently sampled candidates,32,uniform_random,11,42249475,49249475,,1024,disease_to_no_disease,,,,
3,128,384,128,3,2,0.005780110000159766,0.017471754000325745,False,all independently sampled candidates,32,uniform_random,11,42249475,49249475,,1024,disease_to_no_disease,,,,
4,128,512,128,6,4,0.0058749219997480395,0.023346676000073785,False,all independently sampled candidates,32,uniform_random,11,42249475,49249475,,1024,disease_to_no_disease,,,,
5,128,640,128,10,8,0.006301570000687207,0.02964824600076099,False,all independently sampled candidates,32,uniform_random,11,42249475,49249475,,1024,disease_to_no_disease,,,,
6,128,768,128,15,16,0.006143511000118451,0.03579175700087944,False,all independently sampled candidates,32,uniform_random,11,42249475,49249475,,1024,disease_to_no_disease,,,,
7,128,896,128,7,19,0.005938354999670992,0.041730112000550434,False,all independently sampled candidates,32,uniform_random,11,42249475,49249475,,1024,disease_to_no_disease,,,,
8,128,1024,128,13,25,0.006176629000037792,0.04790674100058823,False,all independently sampled candidates,32,uniform_random,11,42249475,49249475,,1024,disease_to_no_disease,,,,
1,128,128,128,1,1,0.0056560270004410995,0.0056560270004410995,True,all genetic population candidates,32,genetic_cfe,11,42249475,49249475,,1024,disease_to_no_disease,,,,
2,128,256,128,6,1,0.0065087379998658434,0.012164765000306943,True,all genetic population candidates,32,genetic_cfe,11,42249475,49249475,,1024,disease_to_no_disease,,,,
3,128,384,128,19,2,0.006494452999504574,0.018659217999811517,True,all genetic population candidates,32,genetic_cfe,11,42249475,49249475,,1024,disease_to_no_disease,,,,
4,128,512,128,49,3,0.007320233999962511,0.025979451999774028,True,all genetic population candidates,32,genetic_cfe,11,42249475,49249475,,1024,disease_to_no_disease,,,,
5,128,640,128,83,3,0.007736026000202401,0.03371547799997643,True,all genetic population candidates,32,genetic_cfe,11,42249475,49249475,,1024,disease_to_no_disease,,,,
6,128,768,128,98,3,0.008563594999941415,0.042279072999917844,True,all genetic population candidates,32,genetic_cfe,11,42249475,49249475,,1024,disease_to_no_disease,,,,
7,128,896,128,99,5,0.008302840999931504,0.05058191399984935,True,all genetic population candidates,32,genetic_cfe,11,42249475,49249475,,1024,disease_to_no_disease,,,,
8,128,1024,128,100,5,0.008288784000797023,0.05887069800064637,True,all genetic population candidates,32,genetic_cfe,11,42249475,49249475,,1024,disease_to_no_disease,,,,
1,1024,1024,16,14,8,0.1426436730007481,0.1426436730007481,True,final restart pool only,32,dice_gradient_style,11,42249475,49249475,,1024,disease_to_no_disease,63.0,16.0,16.0,63.0
1,1024,1024,16,14,7,0.13121589399997902,0.13121589399997902,True,final restart pool only,32,wachter_style,11,42249475,49249475,,1024,disease_to_no_disease,63.0,16.0,16.0,63.0
1,128,128,128,24,2,0.006660803000158921,0.006660803000158921,False,all independently sampled candidates,33,uniform_random,11,43249478,50249478,,1024,disease_to_no_disease,,,,
2,128,256,128,36,5,0.00700699099979829,0.013667793999957212,False,all independently sampled candidates,33,uniform_random,11,43249478,50249478,,1024,disease_to_no_disease,,,,
3,128,384,128,32,13,0.006591655999727664,0.020259449999684875,False,all independently sampled candidates,33,uniform_random,11,43249478,50249478,,1024,disease_to_no_disease,,,,
4,128,512,128,41,21,0.007942727000227023,0.0282021769999119,False,all independently sampled candidates,33,uniform_random,11,43249478,50249478,,1024,disease_to_no_disease,,,,
5,128,640,128,35,28,0.007624386999850685,0.035826563999762584,False,all independently sampled candidates,33,uniform_random,11,43249478,50249478,,1024,disease_to_no_disease,,,,
6,128,768,128,32,38,0.0076720500001101755,0.04349861399987276,False,all independently sampled candidates,33,uniform_random,11,43249478,50249478,,1024,disease_to_no_disease,,,,
7,128,896,128,53,51,0.00860843800001021,0.05210705199988297,False,all independently sampled candidates,33,uniform_random,11,43249478,50249478,,1024,disease_to_no_disease,,,,
8,128,1024,128,53,62,0.009079501000087475,0.061186552999970445,False,all independently sampled candidates,33,uniform_random,11,43249478,50249478,,1024,disease_to_no_disease,,,,
1,128,128,128,24,2,0.006233520999558095,0.006233520999558095,True,all genetic population candidates,33,genetic_cfe,11,43249478,50249478,,1024,disease_to_no_disease,,,,
2,128,256,128,66,5,0.007390167999801633,0.013623688999359729,True,all genetic population candidates,33,genetic_cfe,11,43249478,50249478,,1024,disease_to_no_disease,,,,
3,128,384,128,111,6,0.008657690999825718,0.022281379999185447,True,all genetic population candidates,33,genetic_cfe,11,43249478,50249478,,1024,disease_to_no_disease,,,,
4,128,512,128,123,7,0.008863662000294426,0.031145041999479872,True,all genetic population candidates,33,genetic_cfe,11,43249478,50249478,,1024,disease_to_no_disease,,,,
5,128,640,128,124,7,0.009335015000033309,0.04048005699951318,True,all genetic population candidates,33,genetic_cfe,11,43249478,50249478,,1024,disease_to_no_disease,,,,
6,128,768,128,124,8,0.009241294999810634,0.049721351999323815,True,all genetic population candidates,33,genetic_cfe,11,43249478,50249478,,1024,disease_to_no_disease,,,,
7,128,896,128,119,8,0.009375927000291995,0.05909727899961581,True,all genetic population candidates,33,genetic_cfe,11,43249478,50249478,,1024,disease_to_no_disease,,,,
8,128,1024,128,126,8,0.009698179000224627,0.06879545799984044,True,all genetic population candidates,33,genetic_cfe,11,43249478,50249478,,1024,disease_to_no_disease,,,,
1,1024,1024,16,16,4,0.15147711699955835,0.15147711699955835,True,final restart pool only,33,dice_gradient_style,11,43249478,50249478,,1024,disease_to_no_disease,63.0,16.0,16.0,63.0
1,1024,1024,16,16,4,0.114169736999429,0.114169736999429,True,final restart pool only,33,wachter_style,11,43249478,50249478,,1024,disease_to_no_disease,63.0,16.0,16.0,63.0
1,128,128,128,0,0,0.006101338000007672,0.006101338000007672,False,all independently sampled candidates,34,uniform_random,11,44249481,51249481,,1024,disease_to_no_disease,,,,
2,128,256,128,0,0,0.005714216999876953,0.011815554999884625,False,all independently sampled candidates,34,uniform_random,11,44249481,51249481,,1024,disease_to_no_disease,,,,
3,128,384,128,0,0,0.005777785000645963,0.01759334000053059,False,all independently sampled candidates,34,uniform_random,11,44249481,51249481,,1024,disease_to_no_disease,,,,
4,128,512,128,0,0,0.005678663999788114,0.023272004000318702,False,all independently sampled candidates,34,uniform_random,11,44249481,51249481,,1024,disease_to_no_disease,,,,
5,128,640,128,2,2,0.006040270999619679,0.02931227499993838,False,all independently sampled candidates,34,uniform_random,11,44249481,51249481,,1024,disease_to_no_disease,,,,
6,128,768,128,0,2,0.005687198000487115,0.034999473000425496,False,all independently sampled candidates,34,uniform_random,11,44249481,51249481,,1024,disease_to_no_disease,,,,
7,128,896,128,2,4,0.005730455999582773,0.04072992900000827,False,all independently sampled candidates,34,uniform_random,11,44249481,51249481,,1024,disease_to_no_disease,,,,
8,128,1024,128,3,6,0.005884764000256837,0.046614693000265106,False,all independently sampled candidates,34,uniform_random,11,44249481,51249481,,1024,disease_to_no_disease,,,,
1,128,128,128,0,0,0.006157187000098929,0.006157187000098929,True,all genetic population candidates,34,genetic_cfe,11,44249481,51249481,,1024,disease_to_no_disease,,,,
2,128,256,128,0,0,0.005811214000459586,0.011968401000558515,True,all genetic population candidates,34,genetic_cfe,11,44249481,51249481,,1024,disease_to_no_disease,,,,
3,128,384,128,1,1,0.006110344999797235,0.01807874600035575,True,all genetic population candidates,34,genetic_cfe,11,44249481,51249481,,1024,disease_to_no_disease,,,,
4,128,512,128,2,2,0.005894599999919592,0.023973346000275342,True,all genetic population candidates,34,genetic_cfe,11,44249481,51249481,,1024,disease_to_no_disease,,,,
5,128,640,128,13,3,0.006542142000398599,0.03051548800067394,True,all genetic population candidates,34,genetic_cfe,11,44249481,51249481,,1024,disease_to_no_disease,,,,
6,128,768,128,35,7,0.006662299999334209,0.03717778800000815,True,all genetic population candidates,34,genetic_cfe,11,44249481,51249481,,1024,disease_to_no_disease,,,,
7,128,896,128,73,12,0.007886456000051112,0.04506424400005926,True,all genetic population candidates,34,genetic_cfe,11,44249481,51249481,,1024,disease_to_no_disease,,,,
8,128,1024,128,109,16,0.00921055900016654,0.0542748030002258,True,all genetic population candidates,34,genetic_cfe,11,44249481,51249481,,1024,disease_to_no_disease,,,,
1,1024,1024,16,10,2,0.13642146400070487,0.13642146400070487,True,final restart pool only,34,dice_gradient_style,11,44249481,51249481,,1024,disease_to_no_disease,63.0,16.0,16.0,63.0
1,1024,1024,16,10,2,0.11888524799996958,0.11888524799996958,True,final restart pool only,34,wachter_style,11,44249481,51249481,,1024,disease_to_no_disease,63.0,16.0,16.0,63.0
1,128,128,128,0,0,0.006104091000452172,0.006104091000452172,False,all independently sampled candidates,35,uniform_random,11,45249484,52249484,,1024,disease_to_no_disease,,,,
2,128,256,128,0,0,0.005690607999895292,0.011794699000347464,False,all independently sampled candidates,35,uniform_random,11,45249484,52249484,,1024,disease_to_no_disease,,,,
3,128,384,128,0,0,0.006069686000046204,0.017864385000393668,False,all independently sampled candidates,35,uniform_random,11,45249484,52249484,,1024,disease_to_no_disease,,,,
4,128,512,128,1,1,0.00587226700008614,0.023736652000479808,False,all independently sampled candidates,35,uniform_random,11,45249484,52249484,,1024,disease_to_no_disease,,,,
5,128,640,128,0,1,0.005998632999762776,0.029735285000242584,False,all independently sampled candidates,35,uniform_random,11,45249484,52249484,,1024,disease_to_no_disease,,,,
6,128,768,128,0,1,0.005679509999936272,0.035414795000178856,False,all independently sampled candidates,35,uniform_random,11,45249484,52249484,,1024,disease_to_no_disease,,,,
7,128,896,128,1,1,0.005769328000496898,0.041184123000675754,False,all independently sampled candidates,35,uniform_random,11,45249484,52249484,,1024,disease_to_no_disease,,,,
8,128,1024,128,0,1,0.005680236999978661,0.046864360000654415,False,all independently sampled candidates,35,uniform_random,11,45249484,52249484,,1024,disease_to_no_disease,,,,
1,128,128,128,0,0,0.0057207279996873694,0.0057207279996873694,True,all genetic population candidates,35,genetic_cfe,11,45249484,52249484,,1024,disease_to_no_disease,,,,
2,128,256,128,0,0,0.00579541800016159,0.011516145999848959,True,all genetic population candidates,35,genetic_cfe,11,45249484,52249484,,1024,disease_to_no_disease,,,,
3,128,384,128,0,0,0.005785362000096939,0.017301507999945898,True,all genetic population candidates,35,genetic_cfe,11,45249484,52249484,,1024,disease_to_no_disease,,,,
4,128,512,128,0,0,0.0057930469993152656,0.023094554999261163,True,all genetic population candidates,35,genetic_cfe,11,45249484,52249484,,1024,disease_to_no_disease,,,,
5,128,640,128,0,0,0.0058508300007815706,0.028945385000042734,True,all genetic population candidates,35,genetic_cfe,11,45249484,52249484,,1024,disease_to_no_disease,,,,
6,128,768,128,0,0,0.005814133000058064,0.0347595180001008,True,all genetic population candidates,35,genetic_cfe,11,45249484,52249484,,1024,disease_to_no_disease,,,,
7,128,896,128,6,1,0.006303738999122288,0.041063256999223086,True,all genetic population candidates,35,genetic_cfe,11,45249484,52249484,,1024,disease_to_no_disease,,,,
8,128,1024,128,17,1,0.0061478550005631405,0.047211111999786226,True,all genetic population candidates,35,genetic_cfe,11,45249484,52249484,,1024,disease_to_no_disease,,,,
1,1024,1024,16,0,0,0.13644308100083435,0.13644308100083435,True,final restart pool only,35,dice_gradient_style,11,45249484,52249484,,1024,disease_to_no_disease,63.0,16.0,16.0,63.0
1,1024,1024,16,0,0,0.11860276600054931,0.11860276600054931,True,final restart pool only,35,wachter_style,11,45249484,52249484,,1024,disease_to_no_disease,63.0,16.0,16.0,63.0
1,128,128,128,0,0,0.005739559999710764,0.005739559999710764,False,all independently sampled candidates,36,uniform_random,11,46249487,53249487,,1024,disease_to_no_disease,,,,
2,128,256,128,0,0,0.005691145000128017,0.011430704999838781,False,all independently sampled candidates,36,uniform_random,11,46249487,53249487,,1024,disease_to_no_disease,,,,
3,128,384,128,0,0,0.006032856000274478,0.01746356100011326,False,all independently sampled candidates,36,uniform_random,11,46249487,53249487,,1024,disease_to_no_disease,,,,
4,128,512,128,0,0,0.005693267999959062,0.02315682900007232,False,all independently sampled candidates,36,uniform_random,11,46249487,53249487,,1024,disease_to_no_disease,,,,
5,128,640,128,0,0,0.005665474000124959,0.02882230300019728,False,all independently sampled candidates,36,uniform_random,11,46249487,53249487,,1024,disease_to_no_disease,,,,
6,128,768,128,0,0,0.005664702000103716,0.034487005000300996,False,all independently sampled candidates,36,uniform_random,11,46249487,53249487,,1024,disease_to_no_disease,,,,
7,128,896,128,1,1,0.0056771899999148445,0.04016419500021584,False,all independently sampled candidates,36,uniform_random,11,46249487,53249487,,1024,disease_to_no_disease,,,,
8,128,1024,128,0,1,0.005701923999367864,0.045866118999583705,False,all independently sampled candidates,36,uniform_random,11,46249487,53249487,,1024,disease_to_no_disease,,,,
1,128,128,128,0,0,0.005674615999851085,0.005674615999851085,True,all genetic population candidates,36,genetic_cfe,11,46249487,53249487,,1024,disease_to_no_disease,,,,
2,128,256,128,0,0,0.006161089000670472,0.011835705000521557,True,all genetic population candidates,36,genetic_cfe,11,46249487,53249487,,1024,disease_to_no_disease,,,,
3,128,384,128,0,0,0.005920841999795812,0.01775654700031737,True,all genetic population candidates,36,genetic_cfe,11,46249487,53249487,,1024,disease_to_no_disease,,,,
4,128,512,128,0,0,0.006414055999812263,0.02417060300012963,True,all genetic population candidates,36,genetic_cfe,11,46249487,53249487,,1024,disease_to_no_disease,,,,
5,128,640,128,0,0,0.005929414000092947,0.03010001700022258,True,all genetic population candidates,36,genetic_cfe,11,46249487,53249487,,1024,disease_to_no_disease,,,,
6,128,768,128,0,0,0.005836207999891485,0.035936225000114064,True,all genetic population candidates,36,genetic_cfe,11,46249487,53249487,,1024,disease_to_no_disease,,,,
7,128,896,128,0,0,0.0059568070000750595,0.04189303200018912,True,all genetic population candidates,36,genetic_cfe,11,46249487,53249487,,1024,disease_to_no_disease,,,,
8,128,1024,128,0,0,0.006167927000205964,0.04806095900039509,True,all genetic population candidates,36,genetic_cfe,11,46249487,53249487,,1024,disease_to_no_disease,,,,
1,1024,1024,16,0,0,0.13773066999965522,0.13773066999965522,True,final restart pool only,36,dice_gradient_style,11,46249487,53249487,,1024,disease_to_no_disease,63.0,16.0,16.0,63.0
1,1024,1024,16,0,0,0.1187562249997427,0.1187562249997427,True,final restart pool only,36,wachter_style,11,46249487,53249487,,1024,disease_to_no_disease,63.0,16.0,16.0,63.0
1,128,128,128,0,0,0.005786750999504875,0.005786750999504875,False,all independently sampled candidates,37,uniform_random,11,47249490,54249490,,1024,disease_to_no_disease,,,,
2,128,256,128,0,0,0.005698244000086561,0.011484994999591436,False,all independently sampled candidates,37,uniform_random,11,47249490,54249490,,1024,disease_to_no_disease,,,,
3,128,384,128,1,1,0.0057828979997793795,0.017267892999370815,False,all independently sampled candidates,37,uniform_random,11,47249490,54249490,,1024,disease_to_no_disease,,,,
4,128,512,128,5,4,0.006013963000441436,0.02328185599981225,False,all independently sampled candidates,37,uniform_random,11,47249490,54249490,,1024,disease_to_no_disease,,,,
5,128,640,128,5,6,0.00610002000030363,0.02938187600011588,False,all independently sampled candidates,37,uniform_random,11,47249490,54249490,,1024,disease_to_no_disease,,,,
6,128,768,128,5,10,0.0059271609998177155,0.035309036999933596,False,all independently sampled candidates,37,uniform_random,11,47249490,54249490,,1024,disease_to_no_disease,,,,
7,128,896,128,9,17,0.006692350999401242,0.04200138799933484,False,all independently sampled candidates,37,uniform_random,11,47249490,54249490,,1024,disease_to_no_disease,,,,
8,128,1024,128,4,20,0.006001509000270744,0.04800289699960558,False,all independently sampled candidates,37,uniform_random,11,47249490,54249490,,1024,disease_to_no_disease,,,,
1,128,128,128,0,0,0.005695544999980484,0.005695544999980484,True,all genetic population candidates,37,genetic_cfe,11,47249490,54249490,,1024,disease_to_no_disease,,,,
2,128,256,128,0,0,0.006070555000405875,0.01176610000038636,True,all genetic population candidates,37,genetic_cfe,11,47249490,54249490,,1024,disease_to_no_disease,,,,
3,128,384,128,2,1,0.00585023799976625,0.01761633800015261,True,all genetic population candidates,37,genetic_cfe,11,47249490,54249490,,1024,disease_to_no_disease,,,,
4,128,512,128,11,1,0.0064351060000262805,0.02405144400017889,True,all genetic population candidates,37,genetic_cfe,11,47249490,54249490,,1024,disease_to_no_disease,,,,
5,128,640,128,25,5,0.006437211000047682,0.030488655000226572,True,all genetic population candidates,37,genetic_cfe,11,47249490,54249490,,1024,disease_to_no_disease,,,,
6,128,768,128,57,7,0.00787625399971148,0.03836490899993805,True,all genetic population candidates,37,genetic_cfe,11,47249490,54249490,,1024,disease_to_no_disease,,,,
7,128,896,128,92,7,0.008526777000042784,0.04689168599998084,True,all genetic population candidates,37,genetic_cfe,11,47249490,54249490,,1024,disease_to_no_disease,,,,
8,128,1024,128,92,8,0.008246555000368971,0.05513824100034981,True,all genetic population candidates,37,genetic_cfe,11,47249490,54249490,,1024,disease_to_no_disease,,,,
1,1024,1024,16,16,2,0.13069400400036102,0.13069400400036102,True,final restart pool only,37,dice_gradient_style,11,47249490,54249490,,1024,disease_to_no_disease,63.0,16.0,16.0,63.0
1,1024,1024,16,16,2,0.11431054300010146,0.11431054300010146,True,final restart pool only,37,wachter_style,11,47249490,54249490,,1024,disease_to_no_disease,63.0,16.0,16.0,63.0
1,128,128,128,0,0,0.006095669000387716,0.006095669000387716,False,all independently sampled candidates,38,uniform_random,11,48249493,55249493,,1024,disease_to_no_disease,,,,
2,128,256,128,0,0,0.007380670000202372,0.013476339000590087,False,all independently sampled candidates,38,uniform_random,11,48249493,55249493,,1024,disease_to_no_disease,,,,
3,128,384,128,0,0,0.005976048999400518,0.019452387999990606,False,all independently sampled candidates,38,uniform_random,11,48249493,55249493,,1024,disease_to_no_disease,,,,
4,128,512,128,2,2,0.005956349999905797,0.025408737999896402,False,all independently sampled candidates,38,uniform_random,11,48249493,55249493,,1024,disease_to_no_disease,,,,
5,128,640,128,3,3,0.006178553000609099,0.0315872910005055,False,all independently sampled candidates,38,uniform_random,11,48249493,55249493,,1024,disease_to_no_disease,,,,
6,128,768,128,5,6,0.006724148000103014,0.038311439000608516,False,all independently sampled candidates,38,uniform_random,11,48249493,55249493,,1024,disease_to_no_disease,,,,
7,128,896,128,5,10,0.006088114999329264,0.04439955399993778,False,all independently sampled candidates,38,uniform_random,11,48249493,55249493,,1024,disease_to_no_disease,,,,
8,128,1024,128,9,16,0.0068236980005167425,0.05122325200045452,False,all independently sampled candidates,38,uniform_random,11,48249493,55249493,,1024,disease_to_no_disease,,,,
1,128,128,128,0,0,0.005871201000445581,0.005871201000445581,True,all genetic population candidates,38,genetic_cfe,11,48249493,55249493,,1024,disease_to_no_disease,,,,
2,128,256,128,0,0,0.006439570999646094,0.012310772000091674,True,all genetic population candidates,38,genetic_cfe,11,48249493,55249493,,1024,disease_to_no_disease,,,,
3,128,384,128,1,1,0.006225185999937821,0.018535958000029495,True,all genetic population candidates,38,genetic_cfe,11,48249493,55249493,,1024,disease_to_no_disease,,,,
4,128,512,128,7,1,0.0064535159999650205,0.024989473999994516,True,all genetic population candidates,38,genetic_cfe,11,48249493,55249493,,1024,disease_to_no_disease,,,,
5,128,640,128,20,2,0.006494744000519859,0.031484218000514375,True,all genetic population candidates,38,genetic_cfe,11,48249493,55249493,,1024,disease_to_no_disease,,,,
6,128,768,128,47,3,0.007162197999605269,0.03864641600011964,True,all genetic population candidates,38,genetic_cfe,11,48249493,55249493,,1024,disease_to_no_disease,,,,
7,128,896,128,80,3,0.008065768000051321,0.046712184000170964,True,all genetic population candidates,38,genetic_cfe,11,48249493,55249493,,1024,disease_to_no_disease,,,,
8,128,1024,128,94,3,0.00875673900009133,0.055468923000262293,True,all genetic population candidates,38,genetic_cfe,11,48249493,55249493,,1024,disease_to_no_disease,,,,
1,1024,1024,16,16,2,0.13070950000019366,0.13070950000019366,True,final restart pool only,38,dice_gradient_style,11,48249493,55249493,,1024,disease_to_no_disease,63.0,16.0,16.0,63.0
1,1024,1024,16,16,2,0.11175254699992365,0.11175254699992365,True,final restart pool only,38,wachter_style,11,48249493,55249493,,1024,disease_to_no_disease,63.0,16.0,16.0,63.0
1,128,128,128,0,0,0.005844471000273188,0.005844471000273188,False,all independently sampled candidates,39,uniform_random,11,49249496,56249496,,1024,disease_to_no_disease,,,,
2,128,256,128,0,0,0.0060988790000919835,0.011943350000365172,False,all independently sampled candidates,39,uniform_random,11,49249496,56249496,,1024,disease_to_no_disease,,,,
3,128,384,128,0,0,0.005639889999656589,0.01758324000002176,False,all independently sampled candidates,39,uniform_random,11,49249496,56249496,,1024,disease_to_no_disease,,,,
4,128,512,128,2,2,0.0061435759998857975,0.023726815999907558,False,all independently sampled candidates,39,uniform_random,11,49249496,56249496,,1024,disease_to_no_disease,,,,
5,128,640,128,3,3,0.0059061870006189565,0.029633003000526514,False,all independently sampled candidates,39,uniform_random,11,49249496,56249496,,1024,disease_to_no_disease,,,,
6,128,768,128,2,4,0.005705829999897105,0.03533883300042362,False,all independently sampled candidates,39,uniform_random,11,49249496,56249496,,1024,disease_to_no_disease,,,,
7,128,896,128,4,6,0.005894690999411978,0.0412335239998356,False,all independently sampled candidates,39,uniform_random,11,49249496,56249496,,1024,disease_to_no_disease,,,,
8,128,1024,128,4,8,0.006002670000270882,0.04723619400010648,False,all independently sampled candidates,39,uniform_random,11,49249496,56249496,,1024,disease_to_no_disease,,,,
1,128,128,128,0,0,0.0061469219999708,0.0061469219999708,True,all genetic population candidates,39,genetic_cfe,11,49249496,56249496,,1024,disease_to_no_disease,,,,
2,128,256,128,0,0,0.005825944999742205,0.011972866999713005,True,all genetic population candidates,39,genetic_cfe,11,49249496,56249496,,1024,disease_to_no_disease,,,,
3,128,384,128,1,1,0.0058979980003641685,0.017870865000077174,True,all genetic population candidates,39,genetic_cfe,11,49249496,56249496,,1024,disease_to_no_disease,,,,
4,128,512,128,5,1,0.005866196999704698,0.023737061999781872,True,all genetic population candidates,39,genetic_cfe,11,49249496,56249496,,1024,disease_to_no_disease,,,,
5,128,640,128,20,2,0.006441514000471216,0.030178576000253088,True,all genetic population candidates,39,genetic_cfe,11,49249496,56249496,,1024,disease_to_no_disease,,,,
6,128,768,128,54,4,0.0069406799993885215,0.03711925599964161,True,all genetic population candidates,39,genetic_cfe,11,49249496,56249496,,1024,disease_to_no_disease,,,,
7,128,896,128,99,4,0.008119426000121166,0.045238681999762775,True,all genetic population candidates,39,genetic_cfe,11,49249496,56249496,,1024,disease_to_no_disease,,,,
8,128,1024,128,123,4,0.009038258000146016,0.05427693999990879,True,all genetic population candidates,39,genetic_cfe,11,49249496,56249496,,1024,disease_to_no_disease,,,,
1,1024,1024,16,12,3,0.12755990200002998,0.12755990200002998,True,final restart pool only,39,dice_gradient_style,11,49249496,56249496,,1024,disease_to_no_disease,63.0,16.0,16.0,63.0
1,1024,1024,16,12,3,0.1106017600004634,0.1106017600004634,True,final restart pool only,39,wachter_style,11,49249496,56249496,,1024,disease_to_no_disease,63.0,16.0,16.0,63.0
1,128,128,128,0,0,0.006890418000693899,0.006890418000693899,False,all independently sampled candidates,40,uniform_random,11,50249499,57249499,,1024,disease_to_no_disease,,,,
2,128,256,128,0,0,0.0060218649996386375,0.012912283000332536,False,all independently sampled candidates,40,uniform_random,11,50249499,57249499,,1024,disease_to_no_disease,,,,
3,128,384,128,0,0,0.005857205000211252,0.018769488000543788,False,all independently sampled candidates,40,uniform_random,11,50249499,57249499,,1024,disease_to_no_disease,,,,
4,128,512,128,0,0,0.006026121000104467,0.024795609000648255,False,all independently sampled candidates,40,uniform_random,11,50249499,57249499,,1024,disease_to_no_disease,,,,
5,128,640,128,1,1,0.005809969999972964,0.03060557900062122,False,all independently sampled candidates,40,uniform_random,11,50249499,57249499,,1024,disease_to_no_disease,,,,
6,128,768,128,3,4,0.005894896999961929,0.03650047600058315,False,all independently sampled candidates,40,uniform_random,11,50249499,57249499,,1024,disease_to_no_disease,,,,
7,128,896,128,3,7,0.00595188299939764,0.04245235899998079,False,all independently sampled candidates,40,uniform_random,11,50249499,57249499,,1024,disease_to_no_disease,,,,
8,128,1024,128,2,8,0.006042807000085304,0.04849516600006609,False,all independently sampled candidates,40,uniform_random,11,50249499,57249499,,1024,disease_to_no_disease,,,,
1,128,128,128,0,0,0.006137991999821679,0.006137991999821679,True,all genetic population candidates,40,genetic_cfe,11,50249499,57249499,,1024,disease_to_no_disease,,,,
2,128,256,128,0,0,0.006822514000305091,0.01296050600012677,True,all genetic population candidates,40,genetic_cfe,11,50249499,57249499,,1024,disease_to_no_disease,,,,
3,128,384,128,0,0,0.006028204999893205,0.018988711000019975,True,all genetic population candidates,40,genetic_cfe,11,50249499,57249499,,1024,disease_to_no_disease,,,,
4,128,512,128,3,2,0.0059680730000764015,0.024956784000096377,True,all genetic population candidates,40,genetic_cfe,11,50249499,57249499,,1024,disease_to_no_disease,,,,
5,128,640,128,12,2,0.006128050999905099,0.031084835000001476,True,all genetic population candidates,40,genetic_cfe,11,50249499,57249499,,1024,disease_to_no_disease,,,,
6,128,768,128,24,3,0.0067498759999580216,0.0378347109999595,True,all genetic population candidates,40,genetic_cfe,11,50249499,57249499,,1024,disease_to_no_disease,,,,
7,128,896,128,50,5,0.007011581000369915,0.04484629200032941,True,all genetic population candidates,40,genetic_cfe,11,50249499,57249499,,1024,disease_to_no_disease,,,,
8,128,1024,128,86,5,0.007860603999688465,0.05270689600001788,True,all genetic population candidates,40,genetic_cfe,11,50249499,57249499,,1024,disease_to_no_disease,,,,
1,1024,1024,16,7,5,0.12919677300033072,0.12919677300033072,True,final restart pool only,40,dice_gradient_style,11,50249499,57249499,,1024,disease_to_no_disease,63.0,16.0,16.0,63.0
1,1024,1024,16,7,4,0.11082181599977048,0.11082181599977048,True,final restart pool only,40,wachter_style,11,50249499,57249499,,1024,disease_to_no_disease,63.0,16.0,16.0,63.0
1,128,128,128,0,0,0.00600665999991179,0.00600665999991179,False,all independently sampled candidates,41,uniform_random,11,51249502,58249502,,1024,disease_to_no_disease,,,,
2,128,256,128,0,0,0.005713818000003812,0.011720477999915602,False,all independently sampled candidates,41,uniform_random,11,51249502,58249502,,1024,disease_to_no_disease,,,,
3,128,384,128,0,0,0.005724338000618445,0.017444816000534047,False,all independently sampled candidates,41,uniform_random,11,51249502,58249502,,1024,disease_to_no_disease,,,,
4,128,512,128,0,0,0.005676841999957105,0.023121658000491152,False,all independently sampled candidates,41,uniform_random,11,51249502,58249502,,1024,disease_to_no_disease,,,,
5,128,640,128,0,0,0.005842470000061439,0.02896412800055259,False,all independently sampled candidates,41,uniform_random,11,51249502,58249502,,1024,disease_to_no_disease,,,,
6,128,768,128,0,0,0.0057615649993749685,0.03472569299992756,False,all independently sampled candidates,41,uniform_random,11,51249502,58249502,,1024,disease_to_no_disease,,,,
7,128,896,128,0,0,0.005664887000421004,0.040390580000348564,False,all independently sampled candidates,41,uniform_random,11,51249502,58249502,,1024,disease_to_no_disease,,,,
8,128,1024,128,0,0,0.005896828999539139,0.0462874089998877,False,all independently sampled candidates,41,uniform_random,11,51249502,58249502,,1024,disease_to_no_disease,,,,
1,128,128,128,0,0,0.006363570999383228,0.006363570999383228,True,all genetic population candidates,41,genetic_cfe,11,51249502,58249502,,1024,disease_to_no_disease,,,,
2,128,256,128,0,0,0.005823643999974593,0.01218721499935782,True,all genetic population candidates,41,genetic_cfe,11,51249502,58249502,,1024,disease_to_no_disease,,,,
3,128,384,128,0,0,0.006172262000291084,0.018359476999648905,True,all genetic population candidates,41,genetic_cfe,11,51249502,58249502,,1024,disease_to_no_disease,,,,
4,128,512,128,0,0,0.005770724000285554,0.02413020099993446,True,all genetic population candidates,41,genetic_cfe,11,51249502,58249502,,1024,disease_to_no_disease,,,,
5,128,640,128,0,0,0.00591620100021828,0.03004640200015274,True,all genetic population candidates,41,genetic_cfe,11,51249502,58249502,,1024,disease_to_no_disease,,,,
6,128,768,128,0,0,0.005910065999159997,0.035956467999312736,True,all genetic population candidates,41,genetic_cfe,11,51249502,58249502,,1024,disease_to_no_disease,,,,
7,128,896,128,0,0,0.006037605000528856,0.04199407299984159,True,all genetic population candidates,41,genetic_cfe,11,51249502,58249502,,1024,disease_to_no_disease,,,,
8,128,1024,128,0,0,0.005771567000010691,0.04776563999985228,True,all genetic population candidates,41,genetic_cfe,11,51249502,58249502,,1024,disease_to_no_disease,,,,
1,1024,1024,16,0,0,0.12906258200018783,0.12906258200018783,True,final restart pool only,41,dice_gradient_style,11,51249502,58249502,,1024,disease_to_no_disease,63.0,16.0,16.0,63.0
1,1024,1024,16,0,0,0.11058271799993236,0.11058271799993236,True,final restart pool only,41,wachter_style,11,51249502,58249502,,1024,disease_to_no_disease,63.0,16.0,16.0,63.0
1,128,128,128,0,0,0.005665662999490451,0.005665662999490451,False,all independently sampled candidates,42,uniform_random,11,52249505,59249505,,1024,disease_to_no_disease,,,,
2,128,256,128,0,0,0.005685587000698433,0.011351250000188884,False,all independently sampled candidates,42,uniform_random,11,52249505,59249505,,1024,disease_to_no_disease,,,,
3,128,384,128,0,0,0.0056321590000152355,0.01698340900020412,False,all independently sampled candidates,42,uniform_random,11,52249505,59249505,,1024,disease_to_no_disease,,,,
4,128,512,128,0,0,0.005854500999703305,0.022837909999907424,False,all independently sampled candidates,42,uniform_random,11,52249505,59249505,,1024,disease_to_no_disease,,,,
5,128,640,128,0,0,0.0056392919996142155,0.02847720199952164,False,all independently sampled candidates,42,uniform_random,11,52249505,59249505,,1024,disease_to_no_disease,,,,
6,128,768,128,0,0,0.0056724639998719795,0.03414966599939362,False,all independently sampled candidates,42,uniform_random,11,52249505,59249505,,1024,disease_to_no_disease,,,,
7,128,896,128,0,0,0.005731623000428954,0.03988128899982257,False,all independently sampled candidates,42,uniform_random,11,52249505,59249505,,1024,disease_to_no_disease,,,,
8,128,1024,128,0,0,0.005648270999699889,0.04552955999952246,False,all independently sampled candidates,42,uniform_random,11,52249505,59249505,,1024,disease_to_no_disease,,,,
1,128,128,128,0,0,0.005704639999748906,0.005704639999748906,True,all genetic population candidates,42,genetic_cfe,11,52249505,59249505,,1024,disease_to_no_disease,,,,
2,128,256,128,0,0,0.005769123999925796,0.011473763999674702,True,all genetic population candidates,42,genetic_cfe,11,52249505,59249505,,1024,disease_to_no_disease,,,,
3,128,384,128,0,0,0.005769459000475763,0.017243223000150465,True,all genetic population candidates,42,genetic_cfe,11,52249505,59249505,,1024,disease_to_no_disease,,,,
4,128,512,128,0,0,0.005738039999414468,0.022981262999564933,True,all genetic population candidates,42,genetic_cfe,11,52249505,59249505,,1024,disease_to_no_disease,,,,
5,128,640,128,0,0,0.005845730000146432,0.028826992999711365,True,all genetic population candidates,42,genetic_cfe,11,52249505,59249505,,1024,disease_to_no_disease,,,,
6,128,768,128,0,0,0.00586940199991659,0.034696394999627955,True,all genetic population candidates,42,genetic_cfe,11,52249505,59249505,,1024,disease_to_no_disease,,,,
7,128,896,128,0,0,0.005779367000286584,0.04047576199991454,True,all genetic population candidates,42,genetic_cfe,11,52249505,59249505,,1024,disease_to_no_disease,,,,
8,128,1024,128,0,0,0.005799376999675587,0.046275138999590126,True,all genetic population candidates,42,genetic_cfe,11,52249505,59249505,,1024,disease_to_no_disease,,,,
1,1024,1024,16,10,3,0.1381927109996468,0.1381927109996468,True,final restart pool only,42,dice_gradient_style,11,52249505,59249505,,1024,disease_to_no_disease,63.0,16.0,16.0,63.0
1,1024,1024,16,9,2,0.11750709300031303,0.11750709300031303,True,final restart pool only,42,wachter_style,11,52249505,59249505,,1024,disease_to_no_disease,63.0,16.0,16.0,63.0
1,128,128,128,0,0,0.005670601999554492,0.005670601999554492,False,all independently sampled candidates,43,uniform_random,11,53249508,60249508,,1024,disease_to_no_disease,,,,
2,128,256,128,0,0,0.0061644500001420965,0.011835051999696589,False,all independently sampled candidates,43,uniform_random,11,53249508,60249508,,1024,disease_to_no_disease,,,,
3,128,384,128,1,1,0.005835247000504751,0.01767029900020134,False,all independently sampled candidates,43,uniform_random,11,53249508,60249508,,1024,disease_to_no_disease,,,,
4,128,512,128,2,2,0.005865596999683476,0.023535895999884815,False,all independently sampled candidates,43,uniform_random,11,53249508,60249508,,1024,disease_to_no_disease,,,,
5,128,640,128,1,2,0.005853010000464565,0.02938890600034938,False,all independently sampled candidates,43,uniform_random,11,53249508,60249508,,1024,disease_to_no_disease,,,,
6,128,768,128,3,3,0.005917759999647387,0.03530666599999677,False,all independently sampled candidates,43,uniform_random,11,53249508,60249508,,1024,disease_to_no_disease,,,,
7,128,896,128,2,3,0.006187398999827565,0.04149406499982433,False,all independently sampled candidates,43,uniform_random,11,53249508,60249508,,1024,disease_to_no_disease,,,,
8,128,1024,128,5,5,0.005817942000248877,0.04731200700007321,False,all independently sampled candidates,43,uniform_random,11,53249508,60249508,,1024,disease_to_no_disease,,,,
1,128,128,128,0,0,0.005929537999691092,0.005929537999691092,True,all genetic population candidates,43,genetic_cfe,11,53249508,60249508,,1024,disease_to_no_disease,,,,
2,128,256,128,0,0,0.006197540999892226,0.012127078999583318,True,all genetic population candidates,43,genetic_cfe,11,53249508,60249508,,1024,disease_to_no_disease,,,,
3,128,384,128,2,1,0.006404779000149574,0.018531857999732892,True,all genetic population candidates,43,genetic_cfe,11,53249508,60249508,,1024,disease_to_no_disease,,,,
4,128,512,128,2,1,0.006004324000059569,0.02453618199979246,True,all genetic population candidates,43,genetic_cfe,11,53249508,60249508,,1024,disease_to_no_disease,,,,
5,128,640,128,12,1,0.006126045999735652,0.030662227999528113,True,all genetic population candidates,43,genetic_cfe,11,53249508,60249508,,1024,disease_to_no_disease,,,,
6,128,768,128,37,1,0.007311467999898014,0.03797369599942613,True,all genetic population candidates,43,genetic_cfe,11,53249508,60249508,,1024,disease_to_no_disease,,,,
7,128,896,128,67,3,0.007586423000248033,0.04556011899967416,True,all genetic population candidates,43,genetic_cfe,11,53249508,60249508,,1024,disease_to_no_disease,,,,
8,128,1024,128,102,3,0.009215567999490304,0.054775686999164463,True,all genetic population candidates,43,genetic_cfe,11,53249508,60249508,,1024,disease_to_no_disease,,,,
1,1024,1024,16,16,1,0.12898769700041157,0.12898769700041157,True,final restart pool only,43,dice_gradient_style,11,53249508,60249508,,1024,disease_to_no_disease,63.0,16.0,16.0,63.0
1,1024,1024,16,16,1,0.1098254779999479,0.1098254779999479,True,final restart pool only,43,wachter_style,11,53249508,60249508,,1024,disease_to_no_disease,63.0,16.0,16.0,63.0
1,128,128,128,0,0,0.005720318000385305,0.005720318000385305,False,all independently sampled candidates,44,uniform_random,11,54249511,61249511,,1024,disease_to_no_disease,,,,
2,128,256,128,0,0,0.005650822999996308,0.011371141000381613,False,all independently sampled candidates,44,uniform_random,11,54249511,61249511,,1024,disease_to_no_disease,,,,
3,128,384,128,0,0,0.005655392999869946,0.01702653400025156,False,all independently sampled candidates,44,uniform_random,11,54249511,61249511,,1024,disease_to_no_disease,,,,
4,128,512,128,0,0,0.005621320000500418,0.022647854000751977,False,all independently sampled candidates,44,uniform_random,11,54249511,61249511,,1024,disease_to_no_disease,,,,
5,128,640,128,1,1,0.006424786999559728,0.029072641000311705,False,all independently sampled candidates,44,uniform_random,11,54249511,61249511,,1024,disease_to_no_disease,,,,
6,128,768,128,1,2,0.006172428000354557,0.03524506900066626,False,all independently sampled candidates,44,uniform_random,11,54249511,61249511,,1024,disease_to_no_disease,,,,
7,128,896,128,1,3,0.005765023999629193,0.041010093000295456,False,all independently sampled candidates,44,uniform_random,11,54249511,61249511,,1024,disease_to_no_disease,,,,
8,128,1024,128,2,4,0.005777743000180635,0.04678783600047609,False,all independently sampled candidates,44,uniform_random,11,54249511,61249511,,1024,disease_to_no_disease,,,,
1,128,128,128,0,0,0.006122947000221757,0.006122947000221757,True,all genetic population candidates,44,genetic_cfe,11,54249511,61249511,,1024,disease_to_no_disease,,,,
2,128,256,128,0,0,0.005846709999786981,0.011969657000008738,True,all genetic population candidates,44,genetic_cfe,11,54249511,61249511,,1024,disease_to_no_disease,,,,
3,128,384,128,0,0,0.006068855000194162,0.0180385120002029,True,all genetic population candidates,44,genetic_cfe,11,54249511,61249511,,1024,disease_to_no_disease,,,,
4,128,512,128,0,0,0.0058306109995101,0.023869122999713,True,all genetic population candidates,44,genetic_cfe,11,54249511,61249511,,1024,disease_to_no_disease,,,,
5,128,640,128,0,0,0.005775208000159182,0.02964433099987218,True,all genetic population candidates,44,genetic_cfe,11,54249511,61249511,,1024,disease_to_no_disease,,,,
6,128,768,128,0,0,0.005811996999909752,0.035456327999781934,True,all genetic population candidates,44,genetic_cfe,11,54249511,61249511,,1024,disease_to_no_disease,,,,
7,128,896,128,0,0,0.005773108000539651,0.041229436000321584,True,all genetic population candidates,44,genetic_cfe,11,54249511,61249511,,1024,disease_to_no_disease,,,,
8,128,1024,128,0,0,0.005741152000155125,0.04697058800047671,True,all genetic population candidates,44,genetic_cfe,11,54249511,61249511,,1024,disease_to_no_disease,,,,
1,1024,1024,16,4,3,0.130853087000105,0.130853087000105,True,final restart pool only,44,dice_gradient_style,11,54249511,61249511,,1024,disease_to_no_disease,63.0,16.0,16.0,63.0
1,1024,1024,16,4,3,0.1170508309996876,0.1170508309996876,True,final restart pool only,44,wachter_style,11,54249511,61249511,,1024,disease_to_no_disease,63.0,16.0,16.0,63.0
1,128,128,128,0,0,0.005869311999958882,0.005869311999958882,False,all independently sampled candidates,45,uniform_random,11,55249514,62249514,,1024,disease_to_no_disease,,,,
2,128,256,128,2,1,0.005820230000608717,0.011689542000567599,False,all independently sampled candidates,45,uniform_random,11,55249514,62249514,,1024,disease_to_no_disease,,,,
3,128,384,128,4,5,0.006177406999995583,0.01786694900056318,False,all independently sampled candidates,45,uniform_random,11,55249514,62249514,,1024,disease_to_no_disease,,,,
4,128,512,128,4,7,0.006176391999360931,0.024043340999924112,False,all independently sampled candidates,45,uniform_random,11,55249514,62249514,,1024,disease_to_no_disease,,,,
5,128,640,128,10,12,0.006129293000412872,0.030172634000336984,False,all independently sampled candidates,45,uniform_random,11,55249514,62249514,,1024,disease_to_no_disease,,,,
6,128,768,128,15,20,0.006527159999677679,0.03669979400001466,False,all independently sampled candidates,45,uniform_random,11,55249514,62249514,,1024,disease_to_no_disease,,,,
7,128,896,128,17,30,0.006404063000445603,0.043103857000460266,False,all independently sampled candidates,45,uniform_random,11,55249514,62249514,,1024,disease_to_no_disease,,,,
8,128,1024,128,15,36,0.006944774999283254,0.05004863199974352,False,all independently sampled candidates,45,uniform_random,11,55249514,62249514,,1024,disease_to_no_disease,,,,
1,128,128,128,0,0,0.005803197000204818,0.005803197000204818,True,all genetic population candidates,45,genetic_cfe,11,55249514,62249514,,1024,disease_to_no_disease,,,,
2,128,256,128,0,0,0.006004372000461444,0.011807569000666263,True,all genetic population candidates,45,genetic_cfe,11,55249514,62249514,,1024,disease_to_no_disease,,,,
3,128,384,128,2,2,0.006316156999673694,0.018123726000339957,True,all genetic population candidates,45,genetic_cfe,11,55249514,62249514,,1024,disease_to_no_disease,,,,
4,128,512,128,6,3,0.0059678629995687515,0.02409158899990871,True,all genetic population candidates,45,genetic_cfe,11,55249514,62249514,,1024,disease_to_no_disease,,,,
5,128,640,128,19,6,0.006549565000568691,0.0306411540004774,True,all genetic population candidates,45,genetic_cfe,11,55249514,62249514,,1024,disease_to_no_disease,,,,
6,128,768,128,54,14,0.007591847000185226,0.038233001000662625,True,all genetic population candidates,45,genetic_cfe,11,55249514,62249514,,1024,disease_to_no_disease,,,,
7,128,896,128,88,19,0.00891994599987811,0.047152947000540735,True,all genetic population candidates,45,genetic_cfe,11,55249514,62249514,,1024,disease_to_no_disease,,,,
8,128,1024,128,98,21,0.009238865999577683,0.05639181300011842,True,all genetic population candidates,45,genetic_cfe,11,55249514,62249514,,1024,disease_to_no_disease,,,,
1,1024,1024,16,16,4,0.13801267800045025,0.13801267800045025,True,final restart pool only,45,dice_gradient_style,11,55249514,62249514,,1024,disease_to_no_disease,63.0,16.0,16.0,63.0
1,1024,1024,16,16,4,0.11872674799997185,0.11872674799997185,True,final restart pool only,45,wachter_style,11,55249514,62249514,,1024,disease_to_no_disease,63.0,16.0,16.0,63.0
1,128,128,128,1,1,0.0056538360004196875,0.0056538360004196875,False,all independently sampled candidates,46,uniform_random,11,56249517,63249517,,1024,disease_to_no_disease,,,,
2,128,256,128,0,1,0.0059806599992953124,0.011634495999715,False,all independently sampled candidates,46,uniform_random,11,56249517,63249517,,1024,disease_to_no_disease,,,,
3,128,384,128,6,3,0.005824053000651475,0.017458549000366475,False,all independently sampled candidates,46,uniform_random,11,56249517,63249517,,1024,disease_to_no_disease,,,,
4,128,512,128,3,5,0.005887854999855335,0.02334640400022181,False,all independently sampled candidates,46,uniform_random,11,56249517,63249517,,1024,disease_to_no_disease,,,,
5,128,640,128,4,7,0.00616426800024783,0.02951067200046964,False,all independently sampled candidates,46,uniform_random,11,56249517,63249517,,1024,disease_to_no_disease,,,,
6,128,768,128,13,12,0.006118587999480951,0.03562925999995059,False,all independently sampled candidates,46,uniform_random,11,56249517,63249517,,1024,disease_to_no_disease,,,,
7,128,896,128,9,14,0.00623212299979059,0.04186138299974118,False,all independently sampled candidates,46,uniform_random,11,56249517,63249517,,1024,disease_to_no_disease,,,,
8,128,1024,128,14,22,0.006376267000632652,0.04823765000037383,False,all independently sampled candidates,46,uniform_random,11,56249517,63249517,,1024,disease_to_no_disease,,,,
1,128,128,128,1,1,0.006289989000833884,0.006289989000833884,True,all genetic population candidates,46,genetic_cfe,11,56249517,63249517,,1024,disease_to_no_disease,,,,
2,128,256,128,1,1,0.00653432699982659,0.012824316000660474,True,all genetic population candidates,46,genetic_cfe,11,56249517,63249517,,1024,disease_to_no_disease,,,,
3,128,384,128,6,2,0.006343796999317419,0.019168112999977893,True,all genetic population candidates,46,genetic_cfe,11,56249517,63249517,,1024,disease_to_no_disease,,,,
4,128,512,128,29,4,0.006678572000055283,0.025846685000033176,True,all genetic population candidates,46,genetic_cfe,11,56249517,63249517,,1024,disease_to_no_disease,,,,
5,128,640,128,67,6,0.0074165610003547044,0.03326324600038788,True,all genetic population candidates,46,genetic_cfe,11,56249517,63249517,,1024,disease_to_no_disease,,,,
6,128,768,128,105,8,0.0086823359997652,0.04194558200015308,True,all genetic population candidates,46,genetic_cfe,11,56249517,63249517,,1024,disease_to_no_disease,,,,
7,128,896,128,116,10,0.009054701000422938,0.05100028300057602,True,all genetic population candidates,46,genetic_cfe,11,56249517,63249517,,1024,disease_to_no_disease,,,,
8,128,1024,128,112,11,0.009254816000066057,0.060255099000642076,True,all genetic population candidates,46,genetic_cfe,11,56249517,63249517,,1024,disease_to_no_disease,,,,
1,1024,1024,16,16,3,0.13752632799969433,0.13752632799969433,True,final restart pool only,46,dice_gradient_style,11,56249517,63249517,,1024,disease_to_no_disease,63.0,16.0,16.0,63.0
1,1024,1024,16,16,3,0.11737302999972599,0.11737302999972599,True,final restart pool only,46,wachter_style,11,56249517,63249517,,1024,disease_to_no_disease,63.0,16.0,16.0,63.0
1,128,128,128,0,0,0.005776214999968943,0.005776214999968943,False,all independently sampled candidates,47,uniform_random,11,57249520,64249520,,1024,disease_to_no_disease,,,,
2,128,256,128,0,0,0.005674727000041457,0.0114509420000104,False,all independently sampled candidates,47,uniform_random,11,57249520,64249520,,1024,disease_to_no_disease,,,,
3,128,384,128,0,0,0.0057537450002200785,0.01720468700023048,False,all independently sampled candidates,47,uniform_random,11,57249520,64249520,,1024,disease_to_no_disease,,,,
4,128,512,128,0,0,0.005715165999390592,0.02291985299962107,False,all independently sampled candidates,47,uniform_random,11,57249520,64249520,,1024,disease_to_no_disease,,,,
5,128,640,128,0,0,0.005683125000359723,0.028602977999980794,False,all independently sampled candidates,47,uniform_random,11,57249520,64249520,,1024,disease_to_no_disease,,,,
6,128,768,128,0,0,0.005696772000192141,0.034299750000172935,False,all independently sampled candidates,47,uniform_random,11,57249520,64249520,,1024,disease_to_no_disease,,,,
7,128,896,128,0,0,0.005710207999982231,0.040009958000155166,False,all independently sampled candidates,47,uniform_random,11,57249520,64249520,,1024,disease_to_no_disease,,,,
8,128,1024,128,0,0,0.0057858069994836114,0.04579576499963878,False,all independently sampled candidates,47,uniform_random,11,57249520,64249520,,1024,disease_to_no_disease,,,,
1,128,128,128,0,0,0.0056480670000382815,0.0056480670000382815,True,all genetic population candidates,47,genetic_cfe,11,57249520,64249520,,1024,disease_to_no_disease,,,,
2,128,256,128,0,0,0.0058192830001644325,0.011467350000202714,True,all genetic population candidates,47,genetic_cfe,11,57249520,64249520,,1024,disease_to_no_disease,,,,
3,128,384,128,0,0,0.00591056400025991,0.017377914000462624,True,all genetic population candidates,47,genetic_cfe,11,57249520,64249520,,1024,disease_to_no_disease,,,,
4,128,512,128,0,0,0.006247391999750107,0.02362530600021273,True,all genetic population candidates,47,genetic_cfe,11,57249520,64249520,,1024,disease_to_no_disease,,,,
5,128,640,128,0,0,0.0058311309994678595,0.02945643699968059,True,all genetic population candidates,47,genetic_cfe,11,57249520,64249520,,1024,disease_to_no_disease,,,,
6,128,768,128,0,0,0.005837753000378143,0.035294190000058734,True,all genetic population candidates,47,genetic_cfe,11,57249520,64249520,,1024,disease_to_no_disease,,,,
7,128,896,128,0,0,0.00580958200043824,0.041103772000496974,True,all genetic population candidates,47,genetic_cfe,11,57249520,64249520,,1024,disease_to_no_disease,,,,
8,128,1024,128,0,0,0.005810930999359698,0.04691470299985667,True,all genetic population candidates,47,genetic_cfe,11,57249520,64249520,,1024,disease_to_no_disease,,,,
1,1024,1024,16,11,8,0.13523009100026684,0.13523009100026684,True,final restart pool only,47,dice_gradient_style,11,57249520,64249520,,1024,disease_to_no_disease,63.0,16.0,16.0,63.0
1,1024,1024,16,11,8,0.11952492999989772,0.11952492999989772,True,final restart pool only,47,wachter_style,11,57249520,64249520,,1024,disease_to_no_disease,63.0,16.0,16.0,63.0
1,128,128,128,0,0,0.005786035000710399,0.005786035000710399,False,all independently sampled candidates,48,uniform_random,11,58249523,65249523,,1024,disease_to_no_disease,,,,
2,128,256,128,0,0,0.005797742000140715,0.011583777000851114,False,all independently sampled candidates,48,uniform_random,11,58249523,65249523,,1024,disease_to_no_disease,,,,
3,128,384,128,1,1,0.005708328999389778,0.017292106000240892,False,all independently sampled candidates,48,uniform_random,11,58249523,65249523,,1024,disease_to_no_disease,,,,
4,128,512,128,2,3,0.006034396000359266,0.023326502000600158,False,all independently sampled candidates,48,uniform_random,11,58249523,65249523,,1024,disease_to_no_disease,,,,
5,128,640,128,2,3,0.005941274000178964,0.029267776000779122,False,all independently sampled candidates,48,uniform_random,11,58249523,65249523,,1024,disease_to_no_disease,,,,
6,128,768,128,5,6,0.00634492799963482,0.03561270400041394,False,all independently sampled candidates,48,uniform_random,11,58249523,65249523,,1024,disease_to_no_disease,,,,
7,128,896,128,3,8,0.005855334999978368,0.04146803900039231,False,all independently sampled candidates,48,uniform_random,11,58249523,65249523,,1024,disease_to_no_disease,,,,
8,128,1024,128,4,10,0.005844453999998223,0.04731249300039053,False,all independently sampled candidates,48,uniform_random,11,58249523,65249523,,1024,disease_to_no_disease,,,,
1,128,128,128,0,0,0.005670184000337031,0.005670184000337031,True,all genetic population candidates,48,genetic_cfe,11,58249523,65249523,,1024,disease_to_no_disease,,,,
2,128,256,128,0,0,0.0059326600003259955,0.011602844000663026,True,all genetic population candidates,48,genetic_cfe,11,58249523,65249523,,1024,disease_to_no_disease,,,,
3,128,384,128,0,0,0.00596270200003346,0.017565546000696486,True,all genetic population candidates,48,genetic_cfe,11,58249523,65249523,,1024,disease_to_no_disease,,,,
4,128,512,128,0,0,0.005882834999283659,0.023448380999980145,True,all genetic population candidates,48,genetic_cfe,11,58249523,65249523,,1024,disease_to_no_disease,,,,
5,128,640,128,2,2,0.006509301000733103,0.02995768200071325,True,all genetic population candidates,48,genetic_cfe,11,58249523,65249523,,1024,disease_to_no_disease,,,,
6,128,768,128,4,2,0.0059159049997106194,0.03587358700042387,True,all genetic population candidates,48,genetic_cfe,11,58249523,65249523,,1024,disease_to_no_disease,,,,
7,128,896,128,5,2,0.006325897999886365,0.04219948500031023,True,all genetic population candidates,48,genetic_cfe,11,58249523,65249523,,1024,disease_to_no_disease,,,,
8,128,1024,128,19,3,0.006262320000132604,0.04846180500044284,True,all genetic population candidates,48,genetic_cfe,11,58249523,65249523,,1024,disease_to_no_disease,,,,
1,1024,1024,16,13,3,0.13695776499935164,0.13695776499935164,True,final restart pool only,48,dice_gradient_style,11,58249523,65249523,,1024,disease_to_no_disease,63.0,16.0,16.0,63.0
1,1024,1024,16,13,3,0.12200448400017194,0.12200448400017194,True,final restart pool only,48,wachter_style,11,58249523,65249523,,1024,disease_to_no_disease,63.0,16.0,16.0,63.0
1,128,128,128,0,0,0.0056971680005517555,0.0056971680005517555,False,all independently sampled candidates,49,uniform_random,11,59249526,66249526,,1024,disease_to_no_disease,,,,
2,128,256,128,0,0,0.00571936599953915,0.011416534000090905,False,all independently sampled candidates,49,uniform_random,11,59249526,66249526,,1024,disease_to_no_disease,,,,
3,128,384,128,1,1,0.005834831000356644,0.01725136500044755,False,all independently sampled candidates,49,uniform_random,11,59249526,66249526,,1024,disease_to_no_disease,,,,
4,128,512,128,0,1,0.006462767999437347,0.023714132999884896,False,all independently sampled candidates,49,uniform_random,11,59249526,66249526,,1024,disease_to_no_disease,,,,
5,128,640,128,0,1,0.005858415000147943,0.02957254800003284,False,all independently sampled candidates,49,uniform_random,11,59249526,66249526,,1024,disease_to_no_disease,,,,
6,128,768,128,0,1,0.005679829000655445,0.035252377000688284,False,all independently sampled candidates,49,uniform_random,11,59249526,66249526,,1024,disease_to_no_disease,,,,
7,128,896,128,2,3,0.005987167999592202,0.041239545000280486,False,all independently sampled candidates,49,uniform_random,11,59249526,66249526,,1024,disease_to_no_disease,,,,
8,128,1024,128,0,3,0.005776893999609456,0.04701643899988994,False,all independently sampled candidates,49,uniform_random,11,59249526,66249526,,1024,disease_to_no_disease,,,,
1,128,128,128,0,0,0.005788786999801232,0.005788786999801232,True,all genetic population candidates,49,genetic_cfe,11,59249526,66249526,,1024,disease_to_no_disease,,,,
2,128,256,128,0,0,0.005907140000090294,0.011695926999891526,True,all genetic population candidates,49,genetic_cfe,11,59249526,66249526,,1024,disease_to_no_disease,,,,
3,128,384,128,0,0,0.005950400000074296,0.017646326999965822,True,all genetic population candidates,49,genetic_cfe,11,59249526,66249526,,1024,disease_to_no_disease,,,,
4,128,512,128,0,0,0.005768213000010292,0.023414539999976114,True,all genetic population candidates,49,genetic_cfe,11,59249526,66249526,,1024,disease_to_no_disease,,,,
5,128,640,128,0,0,0.00579781099986576,0.029212350999841874,True,all genetic population candidates,49,genetic_cfe,11,59249526,66249526,,1024,disease_to_no_disease,,,,
6,128,768,128,1,1,0.006420529999559221,0.035632880999401095,True,all genetic population candidates,49,genetic_cfe,11,59249526,66249526,,1024,disease_to_no_disease,,,,
7,128,896,128,6,1,0.006002647000059369,0.041635527999460464,True,all genetic population candidates,49,genetic_cfe,11,59249526,66249526,,1024,disease_to_no_disease,,,,
8,128,1024,128,29,4,0.006588228000509844,0.04822375599997031,True,all genetic population candidates,49,genetic_cfe,11,59249526,66249526,,1024,disease_to_no_disease,,,,
1,1024,1024,16,8,1,0.13860373199986498,0.13860373199986498,True,final restart pool only,49,dice_gradient_style,11,59249526,66249526,,1024,disease_to_no_disease,63.0,16.0,16.0,63.0
1,1024,1024,16,8,1,0.11773845900006563,0.11773845900006563,True,final restart pool only,49,wachter_style,11,59249526,66249526,,1024,disease_to_no_disease,63.0,16.0,16.0,63.0
1,128,128,128,0,0,0.0058172970002488,0.0058172970002488,False,all independently sampled candidates,50,uniform_random,11,60249529,67249529,,1024,disease_to_no_disease,,,,
2,128,256,128,0,0,0.005699391999769432,0.011516689000018232,False,all independently sampled candidates,50,uniform_random,11,60249529,67249529,,1024,disease_to_no_disease,,,,
3,128,384,128,0,0,0.00566786699982913,0.017184555999847362,False,all independently sampled candidates,50,uniform_random,11,60249529,67249529,,1024,disease_to_no_disease,,,,
4,128,512,128,0,0,0.006004194000524876,0.023188750000372238,False,all independently sampled candidates,50,uniform_random,11,60249529,67249529,,1024,disease_to_no_disease,,,,
5,128,640,128,0,0,0.0059142459995200625,0.0291029959998923,False,all independently sampled candidates,50,uniform_random,11,60249529,67249529,,1024,disease_to_no_disease,,,,
6,128,768,128,1,1,0.005718680999962089,0.03482167699985439,False,all independently sampled candidates,50,uniform_random,11,60249529,67249529,,1024,disease_to_no_disease,,,,
7,128,896,128,0,1,0.006213870999999926,0.041035547999854316,False,all independently sampled candidates,50,uniform_random,11,60249529,67249529,,1024,disease_to_no_disease,,,,
8,128,1024,128,0,1,0.008835452999846893,0.04987100099970121,False,all independently sampled candidates,50,uniform_random,11,60249529,67249529,,1024,disease_to_no_disease,,,,
1,128,128,128,0,0,0.006009563000588969,0.006009563000588969,True,all genetic population candidates,50,genetic_cfe,11,60249529,67249529,,1024,disease_to_no_disease,,,,
2,128,256,128,0,0,0.006012324999574048,0.012021888000163017,True,all genetic population candidates,50,genetic_cfe,11,60249529,67249529,,1024,disease_to_no_disease,,,,
3,128,384,128,0,0,0.00585588000012649,0.017877768000289507,True,all genetic population candidates,50,genetic_cfe,11,60249529,67249529,,1024,disease_to_no_disease,,,,
4,128,512,128,0,0,0.0061412100003508385,0.024018978000640345,True,all genetic population candidates,50,genetic_cfe,11,60249529,67249529,,1024,disease_to_no_disease,,,,
5,128,640,128,0,0,0.00582913699963683,0.029848115000277176,True,all genetic population candidates,50,genetic_cfe,11,60249529,67249529,,1024,disease_to_no_disease,,,,
6,128,768,128,0,0,0.0057549660004951875,0.03560308100077236,True,all genetic population candidates,50,genetic_cfe,11,60249529,67249529,,1024,disease_to_no_disease,,,,
7,128,896,128,0,0,0.005795714999294432,0.041398796000066795,True,all genetic population candidates,50,genetic_cfe,11,60249529,67249529,,1024,disease_to_no_disease,,,,
8,128,1024,128,0,0,0.006190353999954823,0.04758915000002162,True,all genetic population candidates,50,genetic_cfe,11,60249529,67249529,,1024,disease_to_no_disease,,,,
1,1024,1024,16,11,2,0.13232258400057617,0.13232258400057617,True,final restart pool only,50,dice_gradient_style,11,60249529,67249529,,1024,disease_to_no_disease,63.0,16.0,16.0,63.0
1,1024,1024,16,11,2,0.1115086899999369,0.1115086899999369,True,final restart pool only,50,wachter_style,11,60249529,67249529,,1024,disease_to_no_disease,63.0,16.0,16.0,63.0
1,128,128,128,1,1,0.00623374499991769,0.00623374499991769,False,all independently sampled candidates,51,uniform_random,11,61249532,68249532,,1024,disease_to_no_disease,,,,
2,128,256,128,1,2,0.006269191999308532,0.012502936999226222,False,all independently sampled candidates,51,uniform_random,11,61249532,68249532,,1024,disease_to_no_disease,,,,
3,128,384,128,7,5,0.006410106000657834,0.018913042999884055,False,all independently sampled candidates,51,uniform_random,11,61249532,68249532,,1024,disease_to_no_disease,,,,
4,128,512,128,5,9,0.006583724999472906,0.025496767999356962,False,all independently sampled candidates,51,uniform_random,11,61249532,68249532,,1024,disease_to_no_disease,,,,
5,128,640,128,7,10,0.006990303000748099,0.03248707100010506,False,all independently sampled candidates,51,uniform_random,11,61249532,68249532,,1024,disease_to_no_disease,,,,
6,128,768,128,10,15,0.007068841999171127,0.03955591299927619,False,all independently sampled candidates,51,uniform_random,11,61249532,68249532,,1024,disease_to_no_disease,,,,
7,128,896,128,11,20,0.006605398000829155,0.04616131100010534,False,all independently sampled candidates,51,uniform_random,11,61249532,68249532,,1024,disease_to_no_disease,,,,
8,128,1024,128,8,24,0.006202934999237186,0.05236424599934253,False,all independently sampled candidates,51,uniform_random,11,61249532,68249532,,1024,disease_to_no_disease,,,,
1,128,128,128,1,1,0.005695793000086269,0.005695793000086269,True,all genetic population candidates,51,genetic_cfe,11,61249532,68249532,,1024,disease_to_no_disease,,,,
2,128,256,128,1,1,0.005875535000086529,0.011571328000172798,True,all genetic population candidates,51,genetic_cfe,11,61249532,68249532,,1024,disease_to_no_disease,,,,
3,128,384,128,4,2,0.005992065999635088,0.017563393999807886,True,all genetic population candidates,51,genetic_cfe,11,61249532,68249532,,1024,disease_to_no_disease,,,,
4,128,512,128,17,6,0.006255819999751111,0.023819213999558997,True,all genetic population candidates,51,genetic_cfe,11,61249532,68249532,,1024,disease_to_no_disease,,,,
5,128,640,128,50,10,0.007153438000386814,0.03097265199994581,True,all genetic population candidates,51,genetic_cfe,11,61249532,68249532,,1024,disease_to_no_disease,,,,
6,128,768,128,89,15,0.008442377999926975,0.039415029999872786,True,all genetic population candidates,51,genetic_cfe,11,61249532,68249532,,1024,disease_to_no_disease,,,,
7,128,896,128,103,18,0.009347481000077096,0.04876251099994988,True,all genetic population candidates,51,genetic_cfe,11,61249532,68249532,,1024,disease_to_no_disease,,,,
8,128,1024,128,104,20,0.009510294999927282,0.058272805999877164,True,all genetic population candidates,51,genetic_cfe,11,61249532,68249532,,1024,disease_to_no_disease,,,,
1,1024,1024,16,16,6,0.12940665499991155,0.12940665499991155,True,final restart pool only,51,dice_gradient_style,11,61249532,68249532,,1024,disease_to_no_disease,63.0,16.0,16.0,63.0
1,1024,1024,16,16,6,0.11338055599935615,0.11338055599935615,True,final restart pool only,51,wachter_style,11,61249532,68249532,,1024,disease_to_no_disease,63.0,16.0,16.0,63.0
1,128,128,128,0,0,0.0057791970002654125,0.0057791970002654125,False,all independently sampled candidates,52,uniform_random,11,62249535,69249535,,1024,disease_to_no_disease,,,,
2,128,256,128,1,1,0.006017085000166844,0.011796282000432257,False,all independently sampled candidates,52,uniform_random,11,62249535,69249535,,1024,disease_to_no_disease,,,,
3,128,384,128,1,2,0.006024078999871563,0.01782036100030382,False,all independently sampled candidates,52,uniform_random,11,62249535,69249535,,1024,disease_to_no_disease,,,,
4,128,512,128,0,2,0.0057692050004334305,0.02358956600073725,False,all independently sampled candidates,52,uniform_random,11,62249535,69249535,,1024,disease_to_no_disease,,,,
5,128,640,128,1,3,0.005946472999312391,0.02953603900004964,False,all independently sampled candidates,52,uniform_random,11,62249535,69249535,,1024,disease_to_no_disease,,,,
6,128,768,128,4,6,0.006333940999866172,0.03586997999991581,False,all independently sampled candidates,52,uniform_random,11,62249535,69249535,,1024,disease_to_no_disease,,,,
7,128,896,128,6,8,0.00602660399999877,0.04189658399991458,False,all independently sampled candidates,52,uniform_random,11,62249535,69249535,,1024,disease_to_no_disease,,,,
8,128,1024,128,3,10,0.005785352000202693,0.047681936000117275,False,all independently sampled candidates,52,uniform_random,11,62249535,69249535,,1024,disease_to_no_disease,,,,
1,128,128,128,0,0,0.005790983999759192,0.005790983999759192,True,all genetic population candidates,52,genetic_cfe,11,62249535,69249535,,1024,disease_to_no_disease,,,,
2,128,256,128,0,0,0.005788450000181911,0.011579433999941102,True,all genetic population candidates,52,genetic_cfe,11,62249535,69249535,,1024,disease_to_no_disease,,,,
3,128,384,128,0,0,0.005799231000310101,0.017378665000251203,True,all genetic population candidates,52,genetic_cfe,11,62249535,69249535,,1024,disease_to_no_disease,,,,
4,128,512,128,1,1,0.005830846999742789,0.023209511999993993,True,all genetic population candidates,52,genetic_cfe,11,62249535,69249535,,1024,disease_to_no_disease,,,,
5,128,640,128,8,2,0.005963961999441381,0.029173473999435373,True,all genetic population candidates,52,genetic_cfe,11,62249535,69249535,,1024,disease_to_no_disease,,,,
6,128,768,128,31,3,0.006625992000408587,0.03579946599984396,True,all genetic population candidates,52,genetic_cfe,11,62249535,69249535,,1024,disease_to_no_disease,,,,
7,128,896,128,61,4,0.007395712000288768,0.04319517800013273,True,all genetic population candidates,52,genetic_cfe,11,62249535,69249535,,1024,disease_to_no_disease,,,,
8,128,1024,128,80,4,0.007982955999978003,0.05117813400011073,True,all genetic population candidates,52,genetic_cfe,11,62249535,69249535,,1024,disease_to_no_disease,,,,
1,1024,1024,16,16,7,0.13347929700012173,0.13347929700012173,True,final restart pool only,52,dice_gradient_style,11,62249535,69249535,,1024,disease_to_no_disease,63.0,16.0,16.0,63.0
1,1024,1024,16,16,7,0.1207895899997311,0.1207895899997311,True,final restart pool only,52,wachter_style,11,62249535,69249535,,1024,disease_to_no_disease,63.0,16.0,16.0,63.0
1,128,128,128,0,0,0.006553621000421117,0.006553621000421117,False,all independently sampled candidates,53,uniform_random,11,63249538,70249538,,1024,disease_to_no_disease,,,,
2,128,256,128,0,0,0.006225731999620621,0.012779353000041738,False,all independently sampled candidates,53,uniform_random,11,63249538,70249538,,1024,disease_to_no_disease,,,,
3,128,384,128,1,1,0.006140934000541165,0.018920287000582903,False,all independently sampled candidates,53,uniform_random,11,63249538,70249538,,1024,disease_to_no_disease,,,,
4,128,512,128,3,2,0.006761185999494046,0.02568147300007695,False,all independently sampled candidates,53,uniform_random,11,63249538,70249538,,1024,disease_to_no_disease,,,,
5,128,640,128,3,5,0.006470090000220807,0.032151563000297756,False,all independently sampled candidates,53,uniform_random,11,63249538,70249538,,1024,disease_to_no_disease,,,,
6,128,768,128,6,6,0.006597909999982221,0.03874947300027998,False,all independently sampled candidates,53,uniform_random,11,63249538,70249538,,1024,disease_to_no_disease,,,,
7,128,896,128,4,7,0.007584619000226667,0.046334092000506644,False,all independently sampled candidates,53,uniform_random,11,63249538,70249538,,1024,disease_to_no_disease,,,,
8,128,1024,128,3,7,0.006358547999298025,0.05269263999980467,False,all independently sampled candidates,53,uniform_random,11,63249538,70249538,,1024,disease_to_no_disease,,,,
1,128,128,128,0,0,0.0059925839996139985,0.0059925839996139985,True,all genetic population candidates,53,genetic_cfe,11,63249538,70249538,,1024,disease_to_no_disease,,,,
2,128,256,128,0,0,0.0059154070004296955,0.011907991000043694,True,all genetic population candidates,53,genetic_cfe,11,63249538,70249538,,1024,disease_to_no_disease,,,,
3,128,384,128,3,2,0.005889719999686349,0.017797710999730043,True,all genetic population candidates,53,genetic_cfe,11,63249538,70249538,,1024,disease_to_no_disease,,,,
4,128,512,128,9,2,0.005986283999845909,0.023783994999575953,True,all genetic population candidates,53,genetic_cfe,11,63249538,70249538,,1024,disease_to_no_disease,,,,
5,128,640,128,26,2,0.006522264000523137,0.03030625900009909,True,all genetic population candidates,53,genetic_cfe,11,63249538,70249538,,1024,disease_to_no_disease,,,,
6,128,768,128,57,3,0.007044961999781663,0.03735122099988075,True,all genetic population candidates,53,genetic_cfe,11,63249538,70249538,,1024,disease_to_no_disease,,,,
7,128,896,128,98,4,0.008025844000258076,0.04537706500013883,True,all genetic population candidates,53,genetic_cfe,11,63249538,70249538,,1024,disease_to_no_disease,,,,
8,128,1024,128,107,4,0.00855805999981385,0.05393512499995268,True,all genetic population candidates,53,genetic_cfe,11,63249538,70249538,,1024,disease_to_no_disease,,,,
1,1024,1024,16,11,3,0.13880258300014248,0.13880258300014248,True,final restart pool only,53,dice_gradient_style,11,63249538,70249538,,1024,disease_to_no_disease,63.0,16.0,16.0,63.0
1,1024,1024,16,11,3,0.11941737100005412,0.11941737100005412,True,final restart pool only,53,wachter_style,11,63249538,70249538,,1024,disease_to_no_disease,63.0,16.0,16.0,63.0
1,128,128,128,0,0,0.005961188000583206,0.005961188000583206,False,all independently sampled candidates,54,uniform_random,11,64249541,71249541,,1024,disease_to_no_disease,,,,
2,128,256,128,2,2,0.005874081000001752,0.011835269000584958,False,all independently sampled candidates,54,uniform_random,11,64249541,71249541,,1024,disease_to_no_disease,,,,
3,128,384,128,8,7,0.005906226999286446,0.017741495999871404,False,all independently sampled candidates,54,uniform_random,11,64249541,71249541,,1024,disease_to_no_disease,,,,
4,128,512,128,10,12,0.00680184900011227,0.024543344999983674,False,all independently sampled candidates,54,uniform_random,11,64249541,71249541,,1024,disease_to_no_disease,,,,
5,128,640,128,18,17,0.006462659000135318,0.031006004000118992,False,all independently sampled candidates,54,uniform_random,11,64249541,71249541,,1024,disease_to_no_disease,,,,
6,128,768,128,11,20,0.006112568999924406,0.0371185730000434,False,all independently sampled candidates,54,uniform_random,11,64249541,71249541,,1024,disease_to_no_disease,,,,
7,128,896,128,19,29,0.009060527000656293,0.04617910000069969,False,all independently sampled candidates,54,uniform_random,11,64249541,71249541,,1024,disease_to_no_disease,,,,
8,128,1024,128,20,38,0.00900441999965551,0.0551835200003552,False,all independently sampled candidates,54,uniform_random,11,64249541,71249541,,1024,disease_to_no_disease,,,,
1,128,128,128,0,0,0.005910641999435029,0.005910641999435029,True,all genetic population candidates,54,genetic_cfe,11,64249541,71249541,,1024,disease_to_no_disease,,,,
2,128,256,128,3,3,0.006178413000270666,0.012089054999705695,True,all genetic population candidates,54,genetic_cfe,11,64249541,71249541,,1024,disease_to_no_disease,,,,
3,128,384,128,13,3,0.006253663999814307,0.018342718999520002,True,all genetic population candidates,54,genetic_cfe,11,64249541,71249541,,1024,disease_to_no_disease,,,,
4,128,512,128,39,6,0.006866218999675766,0.02520893799919577,True,all genetic population candidates,54,genetic_cfe,11,64249541,71249541,,1024,disease_to_no_disease,,,,
5,128,640,128,85,7,0.008982089000710403,0.03419102699990617,True,all genetic population candidates,54,genetic_cfe,11,64249541,71249541,,1024,disease_to_no_disease,,,,
6,128,768,128,108,11,0.009598220000043511,0.04378924699994968,True,all genetic population candidates,54,genetic_cfe,11,64249541,71249541,,1024,disease_to_no_disease,,,,
7,128,896,128,116,12,0.009692009999525908,0.05348125699947559,True,all genetic population candidates,54,genetic_cfe,11,64249541,71249541,,1024,disease_to_no_disease,,,,
8,128,1024,128,118,12,0.009502795000116748,0.06298405199959234,True,all genetic population candidates,54,genetic_cfe,11,64249541,71249541,,1024,disease_to_no_disease,,,,
1,1024,1024,16,16,4,0.14548087300045154,0.14548087300045154,True,final restart pool only,54,dice_gradient_style,11,64249541,71249541,,1024,disease_to_no_disease,63.0,16.0,16.0,63.0
1,1024,1024,16,16,4,0.1169493319994217,0.1169493319994217,True,final restart pool only,54,wachter_style,11,64249541,71249541,,1024,disease_to_no_disease,63.0,16.0,16.0,63.0
1,128,128,128,0,0,0.006216626999957953,0.006216626999957953,False,all independently sampled candidates,55,uniform_random,11,65249544,72249544,,1024,disease_to_no_disease,,,,
2,128,256,128,1,1,0.006110856999839598,0.01232748399979755,False,all independently sampled candidates,55,uniform_random,11,65249544,72249544,,1024,disease_to_no_disease,,,,
3,128,384,128,3,3,0.0061220050001793425,0.018449488999976893,False,all independently sampled candidates,55,uniform_random,11,65249544,72249544,,1024,disease_to_no_disease,,,,
4,128,512,128,5,7,0.006084998000005726,0.02453448699998262,False,all independently sampled candidates,55,uniform_random,11,65249544,72249544,,1024,disease_to_no_disease,,,,
5,128,640,128,5,11,0.006003749000228709,0.030538236000211327,False,all independently sampled candidates,55,uniform_random,11,65249544,72249544,,1024,disease_to_no_disease,,,,
6,128,768,128,8,15,0.006489542000053916,0.03702777800026524,False,all independently sampled candidates,55,uniform_random,11,65249544,72249544,,1024,disease_to_no_disease,,,,
7,128,896,128,11,21,0.006356985999445897,0.04338476399971114,False,all independently sampled candidates,55,uniform_random,11,65249544,72249544,,1024,disease_to_no_disease,,,,
8,128,1024,128,11,25,0.006871023000712739,0.05025578700042388,False,all independently sampled candidates,55,uniform_random,11,65249544,72249544,,1024,disease_to_no_disease,,,,
1,128,128,128,0,0,0.005761082999924838,0.005761082999924838,True,all genetic population candidates,55,genetic_cfe,11,65249544,72249544,,1024,disease_to_no_disease,,,,
2,128,256,128,0,0,0.00601538699993398,0.011776469999858818,True,all genetic population candidates,55,genetic_cfe,11,65249544,72249544,,1024,disease_to_no_disease,,,,
3,128,384,128,3,3,0.005957371000476996,0.017733841000335815,True,all genetic population candidates,55,genetic_cfe,11,65249544,72249544,,1024,disease_to_no_disease,,,,
4,128,512,128,14,5,0.006309790999694087,0.024043632000029902,True,all genetic population candidates,55,genetic_cfe,11,65249544,72249544,,1024,disease_to_no_disease,,,,
5,128,640,128,44,13,0.007073112999933073,0.031116744999962975,True,all genetic population candidates,55,genetic_cfe,11,65249544,72249544,,1024,disease_to_no_disease,,,,
6,128,768,128,79,18,0.008930658000281255,0.04004740300024423,True,all genetic population candidates,55,genetic_cfe,11,65249544,72249544,,1024,disease_to_no_disease,,,,
7,128,896,128,101,18,0.009540136999930837,0.04958754000017507,True,all genetic population candidates,55,genetic_cfe,11,65249544,72249544,,1024,disease_to_no_disease,,,,
8,128,1024,128,106,20,0.009842600999945716,0.059430141000120784,True,all genetic population candidates,55,genetic_cfe,11,65249544,72249544,,1024,disease_to_no_disease,,,,
1,1024,1024,16,16,5,0.12952475600013713,0.12952475600013713,True,final restart pool only,55,dice_gradient_style,11,65249544,72249544,,1024,disease_to_no_disease,63.0,16.0,16.0,63.0
1,1024,1024,16,16,4,0.1133749219998208,0.1133749219998208,True,final restart pool only,55,wachter_style,11,65249544,72249544,,1024,disease_to_no_disease,63.0,16.0,16.0,63.0
1,128,128,128,0,0,0.005644310000207042,0.005644310000207042,False,all independently sampled candidates,56,uniform_random,11,66249547,73249547,,1024,disease_to_no_disease,,,,
2,128,256,128,0,0,0.005634698999529064,0.011279008999736106,False,all independently sampled candidates,56,uniform_random,11,66249547,73249547,,1024,disease_to_no_disease,,,,
3,128,384,128,0,0,0.005774717000349483,0.01705372600008559,False,all independently sampled candidates,56,uniform_random,11,66249547,73249547,,1024,disease_to_no_disease,,,,
4,128,512,128,1,1,0.0056449690000590635,0.022698695000144653,False,all independently sampled candidates,56,uniform_random,11,66249547,73249547,,1024,disease_to_no_disease,,,,
5,128,640,128,2,3,0.005754712999987532,0.028453408000132185,False,all independently sampled candidates,56,uniform_random,11,66249547,73249547,,1024,disease_to_no_disease,,,,
6,128,768,128,0,3,0.005727671999920858,0.034181080000053043,False,all independently sampled candidates,56,uniform_random,11,66249547,73249547,,1024,disease_to_no_disease,,,,
7,128,896,128,0,3,0.005696862999684527,0.03987794299973757,False,all independently sampled candidates,56,uniform_random,11,66249547,73249547,,1024,disease_to_no_disease,,,,
8,128,1024,128,0,3,0.005660075000378129,0.0455380180001157,False,all independently sampled candidates,56,uniform_random,11,66249547,73249547,,1024,disease_to_no_disease,,,,
1,128,128,128,0,0,0.0059010709992435295,0.0059010709992435295,True,all genetic population candidates,56,genetic_cfe,11,66249547,73249547,,1024,disease_to_no_disease,,,,
2,128,256,128,0,0,0.005922545999965223,0.011823616999208753,True,all genetic population candidates,56,genetic_cfe,11,66249547,73249547,,1024,disease_to_no_disease,,,,
3,128,384,128,0,0,0.005904590000682219,0.017728206999890972,True,all genetic population candidates,56,genetic_cfe,11,66249547,73249547,,1024,disease_to_no_disease,,,,
4,128,512,128,0,0,0.0057560699997338816,0.023484276999624853,True,all genetic population candidates,56,genetic_cfe,11,66249547,73249547,,1024,disease_to_no_disease,,,,
5,128,640,128,0,0,0.005810220000057598,0.02929449699968245,True,all genetic population candidates,56,genetic_cfe,11,66249547,73249547,,1024,disease_to_no_disease,,,,
6,128,768,128,0,0,0.005741187999774411,0.03503568499945686,True,all genetic population candidates,56,genetic_cfe,11,66249547,73249547,,1024,disease_to_no_disease,,,,
7,128,896,128,0,0,0.006135694000477088,0.04117137899993395,True,all genetic population candidates,56,genetic_cfe,11,66249547,73249547,,1024,disease_to_no_disease,,,,
8,128,1024,128,0,0,0.0060628069995800615,0.04723418599951401,True,all genetic population candidates,56,genetic_cfe,11,66249547,73249547,,1024,disease_to_no_disease,,,,
1,1024,1024,16,1,1,0.12869525699989026,0.12869525699989026,True,final restart pool only,56,dice_gradient_style,11,66249547,73249547,,1024,disease_to_no_disease,63.0,16.0,16.0,63.0
1,1024,1024,16,0,0,0.11164790099974198,0.11164790099974198,True,final restart pool only,56,wachter_style,11,66249547,73249547,,1024,disease_to_no_disease,63.0,16.0,16.0,63.0
1,128,128,128,0,0,0.0058742649998748675,0.0058742649998748675,False,all independently sampled candidates,57,uniform_random,11,67249550,74249550,,1024,disease_to_no_disease,,,,
2,128,256,128,4,3,0.005750902000727365,0.011625167000602232,False,all independently sampled candidates,57,uniform_random,11,67249550,74249550,,1024,disease_to_no_disease,,,,
3,128,384,128,5,5,0.005877358999896387,0.01750252600049862,False,all independently sampled candidates,57,uniform_random,11,67249550,74249550,,1024,disease_to_no_disease,,,,
4,128,512,128,12,13,0.006145124999420659,0.02364765099991928,False,all independently sampled candidates,57,uniform_random,11,67249550,74249550,,1024,disease_to_no_disease,,,,
5,128,640,128,13,17,0.0061310800001592725,0.02977873100007855,False,all independently sampled candidates,57,uniform_random,11,67249550,74249550,,1024,disease_to_no_disease,,,,
6,128,768,128,15,24,0.006291794999924605,0.036070526000003156,False,all independently sampled candidates,57,uniform_random,11,67249550,74249550,,1024,disease_to_no_disease,,,,
7,128,896,128,11,29,0.006940842999938468,0.043011368999941624,False,all independently sampled candidates,57,uniform_random,11,67249550,74249550,,1024,disease_to_no_disease,,,,
8,128,1024,128,12,31,0.008503261000441853,0.05151463000038348,False,all independently sampled candidates,57,uniform_random,11,67249550,74249550,,1024,disease_to_no_disease,,,,
1,128,128,128,0,0,0.006047914000191668,0.006047914000191668,True,all genetic population candidates,57,genetic_cfe,11,67249550,74249550,,1024,disease_to_no_disease,,,,
2,128,256,128,0,0,0.006499135000012757,0.012547049000204424,True,all genetic population candidates,57,genetic_cfe,11,67249550,74249550,,1024,disease_to_no_disease,,,,
3,128,384,128,4,2,0.007176568999966548,0.019723618000170973,True,all genetic population candidates,57,genetic_cfe,11,67249550,74249550,,1024,disease_to_no_disease,,,,
4,128,512,128,17,2,0.0065827259995785425,0.026306343999749515,True,all genetic population candidates,57,genetic_cfe,11,67249550,74249550,,1024,disease_to_no_disease,,,,
5,128,640,128,29,6,0.0064854170004764455,0.03279176100022596,True,all genetic population candidates,57,genetic_cfe,11,67249550,74249550,,1024,disease_to_no_disease,,,,
6,128,768,128,56,8,0.007510737999837147,0.04030249900006311,True,all genetic population candidates,57,genetic_cfe,11,67249550,74249550,,1024,disease_to_no_disease,,,,
7,128,896,128,91,10,0.00849563700012368,0.04879813600018679,True,all genetic population candidates,57,genetic_cfe,11,67249550,74249550,,1024,disease_to_no_disease,,,,
8,128,1024,128,116,12,0.009016324000185705,0.05781446000037249,True,all genetic population candidates,57,genetic_cfe,11,67249550,74249550,,1024,disease_to_no_disease,,,,
1,1024,1024,16,16,4,0.13262149799993495,0.13262149799993495,True,final restart pool only,57,dice_gradient_style,11,67249550,74249550,,1024,disease_to_no_disease,63.0,16.0,16.0,63.0
1,1024,1024,16,16,4,0.11415423699963867,0.11415423699963867,True,final restart pool only,57,wachter_style,11,67249550,74249550,,1024,disease_to_no_disease,63.0,16.0,16.0,63.0
1,128,128,128,0,0,0.006108792999839352,0.006108792999839352,False,all independently sampled candidates,58,uniform_random,11,68249553,75249553,,1024,disease_to_no_disease,,,,
2,128,256,128,0,0,0.005926576999627287,0.012035369999466639,False,all independently sampled candidates,58,uniform_random,11,68249553,75249553,,1024,disease_to_no_disease,,,,
3,128,384,128,0,0,0.006133756000053836,0.018169125999520475,False,all independently sampled candidates,58,uniform_random,11,68249553,75249553,,1024,disease_to_no_disease,,,,
4,128,512,128,0,0,0.00577432200043404,0.023943447999954515,False,all independently sampled candidates,58,uniform_random,11,68249553,75249553,,1024,disease_to_no_disease,,,,
5,128,640,128,4,3,0.006007912999848486,0.029951360999803,False,all independently sampled candidates,58,uniform_random,11,68249553,75249553,,1024,disease_to_no_disease,,,,
6,128,768,128,3,6,0.005858423999598017,0.03580978499940102,False,all independently sampled candidates,58,uniform_random,11,68249553,75249553,,1024,disease_to_no_disease,,,,
7,128,896,128,7,12,0.006276585000705381,0.0420863700001064,False,all independently sampled candidates,58,uniform_random,11,68249553,75249553,,1024,disease_to_no_disease,,,,
8,128,1024,128,2,13,0.005862622999302403,0.0479489929994088,False,all independently sampled candidates,58,uniform_random,11,68249553,75249553,,1024,disease_to_no_disease,,,,
1,128,128,128,0,0,0.005674803000147222,0.005674803000147222,True,all genetic population candidates,58,genetic_cfe,11,68249553,75249553,,1024,disease_to_no_disease,,,,
2,128,256,128,0,0,0.00597935400037386,0.011654157000521081,True,all genetic population candidates,58,genetic_cfe,11,68249553,75249553,,1024,disease_to_no_disease,,,,
3,128,384,128,0,0,0.005772862999947392,0.017427020000468474,True,all genetic population candidates,58,genetic_cfe,11,68249553,75249553,,1024,disease_to_no_disease,,,,
4,128,512,128,0,0,0.005890409000130603,0.023317429000599077,True,all genetic population candidates,58,genetic_cfe,11,68249553,75249553,,1024,disease_to_no_disease,,,,
5,128,640,128,0,0,0.006119330999354133,0.02943675999995321,True,all genetic population candidates,58,genetic_cfe,11,68249553,75249553,,1024,disease_to_no_disease,,,,
6,128,768,128,0,0,0.005918093000218505,0.035354853000171715,True,all genetic population candidates,58,genetic_cfe,11,68249553,75249553,,1024,disease_to_no_disease,,,,
7,128,896,128,6,2,0.005902898000385903,0.04125775100055762,True,all genetic population candidates,58,genetic_cfe,11,68249553,75249553,,1024,disease_to_no_disease,,,,
8,128,1024,128,18,4,0.006188307000229543,0.04744605800078716,True,all genetic population candidates,58,genetic_cfe,11,68249553,75249553,,1024,disease_to_no_disease,,,,
1,1024,1024,16,7,5,0.12968321200060018,0.12968321200060018,True,final restart pool only,58,dice_gradient_style,11,68249553,75249553,,1024,disease_to_no_disease,63.0,16.0,16.0,63.0
1,1024,1024,16,7,5,0.1123541019996992,0.1123541019996992,True,final restart pool only,58,wachter_style,11,68249553,75249553,,1024,disease_to_no_disease,63.0,16.0,16.0,63.0
1,128,128,128,0,0,0.005911010000090755,0.005911010000090755,False,all independently sampled candidates,59,uniform_random,11,69249556,76249556,,1024,disease_to_no_disease,,,,
2,128,256,128,1,1,0.005619520999971428,0.011530531000062183,False,all independently sampled candidates,59,uniform_random,11,69249556,76249556,,1024,disease_to_no_disease,,,,
3,128,384,128,5,4,0.005784557999504614,0.017315088999566797,False,all independently sampled candidates,59,uniform_random,11,69249556,76249556,,1024,disease_to_no_disease,,,,
4,128,512,128,15,10,0.006512840000141296,0.023827928999708092,False,all independently sampled candidates,59,uniform_random,11,69249556,76249556,,1024,disease_to_no_disease,,,,
5,128,640,128,18,19,0.006291946000601456,0.03011987500030955,False,all independently sampled candidates,59,uniform_random,11,69249556,76249556,,1024,disease_to_no_disease,,,,
6,128,768,128,14,28,0.00635429199974169,0.03647416700005124,False,all independently sampled candidates,59,uniform_random,11,69249556,76249556,,1024,disease_to_no_disease,,,,
7,128,896,128,25,39,0.006985107999753382,0.04345927499980462,False,all independently sampled candidates,59,uniform_random,11,69249556,76249556,,1024,disease_to_no_disease,,,,
8,128,1024,128,22,49,0.0074241749998691375,0.05088344999967376,False,all independently sampled candidates,59,uniform_random,11,69249556,76249556,,1024,disease_to_no_disease,,,,
1,128,128,128,0,0,0.006085727000026964,0.006085727000026964,True,all genetic population candidates,59,genetic_cfe,11,69249556,76249556,,1024,disease_to_no_disease,,,,
2,128,256,128,0,0,0.005725695000364794,0.011811422000391758,True,all genetic population candidates,59,genetic_cfe,11,69249556,76249556,,1024,disease_to_no_disease,,,,
3,128,384,128,7,2,0.00594552799975645,0.01775695000014821,True,all genetic population candidates,59,genetic_cfe,11,69249556,76249556,,1024,disease_to_no_disease,,,,
4,128,512,128,33,6,0.0066200479996041395,0.024376997999752348,True,all genetic population candidates,59,genetic_cfe,11,69249556,76249556,,1024,disease_to_no_disease,,,,
5,128,640,128,65,11,0.0077080900000510155,0.03208508799980336,True,all genetic population candidates,59,genetic_cfe,11,69249556,76249556,,1024,disease_to_no_disease,,,,
6,128,768,128,97,16,0.009990422000555554,0.04207551000035892,True,all genetic population candidates,59,genetic_cfe,11,69249556,76249556,,1024,disease_to_no_disease,,,,
7,128,896,128,97,20,0.010563157999968098,0.052638668000327016,True,all genetic population candidates,59,genetic_cfe,11,69249556,76249556,,1024,disease_to_no_disease,,,,
8,128,1024,128,113,23,0.010139543000150297,0.06277821100047731,True,all genetic population candidates,59,genetic_cfe,11,69249556,76249556,,1024,disease_to_no_disease,,,,
1,1024,1024,16,13,8,0.13152095700024802,0.13152095700024802,True,final restart pool only,59,dice_gradient_style,11,69249556,76249556,,1024,disease_to_no_disease,63.0,16.0,16.0,63.0
1,1024,1024,16,13,8,0.11166247399978602,0.11166247399978602,True,final restart pool only,59,wachter_style,11,69249556,76249556,,1024,disease_to_no_disease,63.0,16.0,16.0,63.0
1,128,128,128,0,0,0.005713024000215228,0.005713024000215228,False,all independently sampled candidates,60,uniform_random,11,70249559,77249559,,1024,disease_to_no_disease,,,,
2,128,256,128,0,0,0.006286074999479752,0.01199909899969498,False,all independently sampled candidates,60,uniform_random,11,70249559,77249559,,1024,disease_to_no_disease,,,,
3,128,384,128,2,1,0.005838228000357049,0.017837327000052028,False,all independently sampled candidates,60,uniform_random,11,70249559,77249559,,1024,disease_to_no_disease,,,,
4,128,512,128,1,2,0.00571157700051117,0.023548904000563198,False,all independently sampled candidates,60,uniform_random,11,70249559,77249559,,1024,disease_to_no_disease,,,,
5,128,640,128,1,2,0.005938972999501857,0.029487877000065055,False,all independently sampled candidates,60,uniform_random,11,70249559,77249559,,1024,disease_to_no_disease,,,,
6,128,768,128,4,3,0.006155840999781503,0.03564371799984656,False,all independently sampled candidates,60,uniform_random,11,70249559,77249559,,1024,disease_to_no_disease,,,,
7,128,896,128,1,4,0.005860240000401973,0.04150395800024853,False,all independently sampled candidates,60,uniform_random,11,70249559,77249559,,1024,disease_to_no_disease,,,,
8,128,1024,128,7,9,0.0061294010001802235,0.047633359000428754,False,all independently sampled candidates,60,uniform_random,11,70249559,77249559,,1024,disease_to_no_disease,,,,
1,128,128,128,0,0,0.005688987999747042,0.005688987999747042,True,all genetic population candidates,60,genetic_cfe,11,70249559,77249559,,1024,disease_to_no_disease,,,,
2,128,256,128,0,0,0.0058374529999127844,0.011526440999659826,True,all genetic population candidates,60,genetic_cfe,11,70249559,77249559,,1024,disease_to_no_disease,,,,
3,128,384,128,0,0,0.005871190000107163,0.01739763099976699,True,all genetic population candidates,60,genetic_cfe,11,70249559,77249559,,1024,disease_to_no_disease,,,,
4,128,512,128,0,0,0.005841569000040181,0.02323919999980717,True,all genetic population candidates,60,genetic_cfe,11,70249559,77249559,,1024,disease_to_no_disease,,,,
5,128,640,128,5,1,0.006038167000042449,0.02927736699984962,True,all genetic population candidates,60,genetic_cfe,11,70249559,77249559,,1024,disease_to_no_disease,,,,
6,128,768,128,18,3,0.006254220999835525,0.035531587999685144,True,all genetic population candidates,60,genetic_cfe,11,70249559,77249559,,1024,disease_to_no_disease,,,,
7,128,896,128,35,5,0.006674092000139353,0.0422056799998245,True,all genetic population candidates,60,genetic_cfe,11,70249559,77249559,,1024,disease_to_no_disease,,,,
8,128,1024,128,69,5,0.007551859999693988,0.049757539999518485,True,all genetic population candidates,60,genetic_cfe,11,70249559,77249559,,1024,disease_to_no_disease,,,,
1,1024,1024,16,16,6,0.1336017780004113,0.1336017780004113,True,final restart pool only,60,dice_gradient_style,11,70249559,77249559,,1024,disease_to_no_disease,63.0,16.0,16.0,63.0
1,1024,1024,16,16,6,0.11412526499952946,0.11412526499952946,True,final restart pool only,60,wachter_style,11,70249559,77249559,,1024,disease_to_no_disease,63.0,16.0,16.0,63.0
1,128,128,128,7,2,0.0060289590001048055,0.0060289590001048055,False,all independently sampled candidates,61,uniform_random,11,71249562,78249562,,1024,disease_to_no_disease,,,,
2,128,256,128,12,8,0.006001757000376529,0.012030716000481334,False,all independently sampled candidates,61,uniform_random,11,71249562,78249562,,1024,disease_to_no_disease,,,,
3,128,384,128,16,15,0.006193401999553316,0.01822411800003465,False,all independently sampled candidates,61,uniform_random,11,71249562,78249562,,1024,disease_to_no_disease,,,,
4,128,512,128,20,20,0.006686302000161959,0.02491042000019661,False,all independently sampled candidates,61,uniform_random,11,71249562,78249562,,1024,disease_to_no_disease,,,,
5,128,640,128,21,30,0.006587654000213661,0.03149807400041027,False,all independently sampled candidates,61,uniform_random,11,71249562,78249562,,1024,disease_to_no_disease,,,,
6,128,768,128,18,36,0.007098008999491867,0.03859608299990214,False,all independently sampled candidates,61,uniform_random,11,71249562,78249562,,1024,disease_to_no_disease,,,,
7,128,896,128,23,45,0.007497370000237424,0.04609345300013956,False,all independently sampled candidates,61,uniform_random,11,71249562,78249562,,1024,disease_to_no_disease,,,,
8,128,1024,128,34,63,0.008639513000161969,0.05473296600030153,False,all independently sampled candidates,61,uniform_random,11,71249562,78249562,,1024,disease_to_no_disease,,,,
1,128,128,128,7,2,0.005817932999889308,0.005817932999889308,True,all genetic population candidates,61,genetic_cfe,11,71249562,78249562,,1024,disease_to_no_disease,,,,
2,128,256,128,20,4,0.00644508000004862,0.012263012999937928,True,all genetic population candidates,61,genetic_cfe,11,71249562,78249562,,1024,disease_to_no_disease,,,,
3,128,384,128,54,8,0.007156375000704429,0.019419388000642357,True,all genetic population candidates,61,genetic_cfe,11,71249562,78249562,,1024,disease_to_no_disease,,,,
4,128,512,128,78,8,0.010533504999330034,0.02995289299997239,True,all genetic population candidates,61,genetic_cfe,11,71249562,78249562,,1024,disease_to_no_disease,,,,
5,128,640,128,92,9,0.008599667999988014,0.038552560999960406,True,all genetic population candidates,61,genetic_cfe,11,71249562,78249562,,1024,disease_to_no_disease,,,,
6,128,768,128,97,10,0.008762440999817045,0.04731500199977745,True,all genetic population candidates,61,genetic_cfe,11,71249562,78249562,,1024,disease_to_no_disease,,,,
7,128,896,128,107,11,0.009159110000837245,0.056474112000614696,True,all genetic population candidates,61,genetic_cfe,11,71249562,78249562,,1024,disease_to_no_disease,,,,
8,128,1024,128,98,11,0.009002672999486094,0.06547678500010079,True,all genetic population candidates,61,genetic_cfe,11,71249562,78249562,,1024,disease_to_no_disease,,,,
1,1024,1024,16,16,4,0.1292677809997258,0.1292677809997258,True,final restart pool only,61,dice_gradient_style,11,71249562,78249562,,1024,disease_to_no_disease,63.0,16.0,16.0,63.0
1,1024,1024,16,16,4,0.11251953299961315,0.11251953299961315,True,final restart pool only,61,wachter_style,11,71249562,78249562,,1024,disease_to_no_disease,63.0,16.0,16.0,63.0
1,128,128,128,0,0,0.006434061000618385,0.006434061000618385,False,all independently sampled candidates,62,uniform_random,11,72249565,79249565,,1024,disease_to_no_disease,,,,
2,128,256,128,0,0,0.005967206999230257,0.012401267999848642,False,all independently sampled candidates,62,uniform_random,11,72249565,79249565,,1024,disease_to_no_disease,,,,
3,128,384,128,0,0,0.005999192000672338,0.01840046000052098,False,all independently sampled candidates,62,uniform_random,11,72249565,79249565,,1024,disease_to_no_disease,,,,
4,128,512,128,1,1,0.005660658999659063,0.024061119000180042,False,all independently sampled candidates,62,uniform_random,11,72249565,79249565,,1024,disease_to_no_disease,,,,
5,128,640,128,1,2,0.005791237000266847,0.02985235600044689,False,all independently sampled candidates,62,uniform_random,11,72249565,79249565,,1024,disease_to_no_disease,,,,
6,128,768,128,1,3,0.005680741999640304,0.03553309800008719,False,all independently sampled candidates,62,uniform_random,11,72249565,79249565,,1024,disease_to_no_disease,,,,
7,128,896,128,7,9,0.005996144999699027,0.04152924299978622,False,all independently sampled candidates,62,uniform_random,11,72249565,79249565,,1024,disease_to_no_disease,,,,
8,128,1024,128,5,11,0.00592859700009285,0.04745783999987907,False,all independently sampled candidates,62,uniform_random,11,72249565,79249565,,1024,disease_to_no_disease,,,,
1,128,128,128,0,0,0.005720860999645083,0.005720860999645083,True,all genetic population candidates,62,genetic_cfe,11,72249565,79249565,,1024,disease_to_no_disease,,,,
2,128,256,128,0,0,0.005756214000030013,0.011477074999675096,True,all genetic population candidates,62,genetic_cfe,11,72249565,79249565,,1024,disease_to_no_disease,,,,
3,128,384,128,3,1,0.005951871999968716,0.017428946999643813,True,all genetic population candidates,62,genetic_cfe,11,72249565,79249565,,1024,disease_to_no_disease,,,,
4,128,512,128,11,4,0.006033919999936188,0.02346286699958,True,all genetic population candidates,62,genetic_cfe,11,72249565,79249565,,1024,disease_to_no_disease,,,,
5,128,640,128,39,8,0.006724836000103096,0.030187702999683097,True,all genetic population candidates,62,genetic_cfe,11,72249565,79249565,,1024,disease_to_no_disease,,,,
6,128,768,128,87,12,0.00834863599993696,0.03853633899962006,True,all genetic population candidates,62,genetic_cfe,11,72249565,79249565,,1024,disease_to_no_disease,,,,
7,128,896,128,106,18,0.009122552000008,0.047658890999628056,True,all genetic population candidates,62,genetic_cfe,11,72249565,79249565,,1024,disease_to_no_disease,,,,
8,128,1024,128,117,18,0.00981412500004808,0.057473015999676136,True,all genetic population candidates,62,genetic_cfe,11,72249565,79249565,,1024,disease_to_no_disease,,,,
1,1024,1024,16,16,6,0.13011520600048243,0.13011520600048243,True,final restart pool only,62,dice_gradient_style,11,72249565,79249565,,1024,disease_to_no_disease,63.0,16.0,16.0,63.0
1,1024,1024,16,16,5,0.11026758899970446,0.11026758899970446,True,final restart pool only,62,wachter_style,11,72249565,79249565,,1024,disease_to_no_disease,63.0,16.0,16.0,63.0
1,128,128,128,1,1,0.0061264070000106585,0.0061264070000106585,False,all independently sampled candidates,63,uniform_random,11,73249568,80249568,,1024,disease_to_no_disease,,,,
2,128,256,128,4,4,0.006048690999705286,0.012175097999715945,False,all independently sampled candidates,63,uniform_random,11,73249568,80249568,,1024,disease_to_no_disease,,,,
3,128,384,128,8,6,0.00625429499996244,0.018429392999678385,False,all independently sampled candidates,63,uniform_random,11,73249568,80249568,,1024,disease_to_no_disease,,,,
4,128,512,128,11,11,0.00599908799995319,0.024428480999631574,False,all independently sampled candidates,63,uniform_random,11,73249568,80249568,,1024,disease_to_no_disease,,,,
5,128,640,128,13,18,0.00632934999975987,0.030757830999391444,False,all independently sampled candidates,63,uniform_random,11,73249568,80249568,,1024,disease_to_no_disease,,,,
6,128,768,128,23,34,0.006878300000607851,0.037636130999999295,False,all independently sampled candidates,63,uniform_random,11,73249568,80249568,,1024,disease_to_no_disease,,,,
7,128,896,128,18,45,0.006655533999946783,0.04429166499994608,False,all independently sampled candidates,63,uniform_random,11,73249568,80249568,,1024,disease_to_no_disease,,,,
8,128,1024,128,24,58,0.007252678999975615,0.05154434399992169,False,all independently sampled candidates,63,uniform_random,11,73249568,80249568,,1024,disease_to_no_disease,,,,
1,128,128,128,1,1,0.006109609999839449,0.006109609999839449,True,all genetic population candidates,63,genetic_cfe,11,73249568,80249568,,1024,disease_to_no_disease,,,,
2,128,256,128,1,1,0.005822627000270586,0.011932237000110035,True,all genetic population candidates,63,genetic_cfe,11,73249568,80249568,,1024,disease_to_no_disease,,,,
3,128,384,128,4,1,0.006108730000050855,0.01804096700016089,True,all genetic population candidates,63,genetic_cfe,11,73249568,80249568,,1024,disease_to_no_disease,,,,
4,128,512,128,14,2,0.006146047999209259,0.02418701499937015,True,all genetic population candidates,63,genetic_cfe,11,73249568,80249568,,1024,disease_to_no_disease,,,,
5,128,640,128,43,6,0.006795916000555735,0.030982930999925884,True,all genetic population candidates,63,genetic_cfe,11,73249568,80249568,,1024,disease_to_no_disease,,,,
6,128,768,128,83,10,0.010269876000165823,0.04125280700009171,True,all genetic population candidates,63,genetic_cfe,11,73249568,80249568,,1024,disease_to_no_disease,,,,
7,128,896,128,111,15,0.00955278499986889,0.0508055919999606,True,all genetic population candidates,63,genetic_cfe,11,73249568,80249568,,1024,disease_to_no_disease,,,,
8,128,1024,128,123,19,0.009914948999721673,0.06072054099968227,True,all genetic population candidates,63,genetic_cfe,11,73249568,80249568,,1024,disease_to_no_disease,,,,
1,1024,1024,16,16,4,0.13035479999962263,0.13035479999962263,True,final restart pool only,63,dice_gradient_style,11,73249568,80249568,,1024,disease_to_no_disease,63.0,16.0,16.0,63.0
1,1024,1024,16,16,4,0.11116833699998097,0.11116833699998097,True,final restart pool only,63,wachter_style,11,73249568,80249568,,1024,disease_to_no_disease,63.0,16.0,16.0,63.0
1,128,128,128,0,0,0.00596779100033018,0.00596779100033018,False,all independently sampled candidates,64,uniform_random,11,74249571,81249571,,1024,disease_to_no_disease,,,,
2,128,256,128,4,2,0.006084592999286542,0.012052383999616723,False,all independently sampled candidates,64,uniform_random,11,74249571,81249571,,1024,disease_to_no_disease,,,,
3,128,384,128,9,6,0.005923171000176808,0.01797555499979353,False,all independently sampled candidates,64,uniform_random,11,74249571,81249571,,1024,disease_to_no_disease,,,,
4,128,512,128,6,9,0.006582527000318805,0.024558082000112336,False,all independently sampled candidates,64,uniform_random,11,74249571,81249571,,1024,disease_to_no_disease,,,,
5,128,640,128,9,12,0.006624226999520033,0.03118230899963237,False,all independently sampled candidates,64,uniform_random,11,74249571,81249571,,1024,disease_to_no_disease,,,,
6,128,768,128,13,20,0.0064062430001285975,0.037588551999760966,False,all independently sampled candidates,64,uniform_random,11,74249571,81249571,,1024,disease_to_no_disease,,,,
7,128,896,128,12,24,0.006185752000419598,0.043774304000180564,False,all independently sampled candidates,64,uniform_random,11,74249571,81249571,,1024,disease_to_no_disease,,,,
8,128,1024,128,14,30,0.006325306999315217,0.05009961099949578,False,all independently sampled candidates,64,uniform_random,11,74249571,81249571,,1024,disease_to_no_disease,,,,
1,128,128,128,0,0,0.005824112000482273,0.005824112000482273,True,all genetic population candidates,64,genetic_cfe,11,74249571,81249571,,1024,disease_to_no_disease,,,,
2,128,256,128,3,2,0.00601373599965882,0.011837848000141094,True,all genetic population candidates,64,genetic_cfe,11,74249571,81249571,,1024,disease_to_no_disease,,,,
3,128,384,128,21,3,0.006533427000249503,0.018371275000390597,True,all genetic population candidates,64,genetic_cfe,11,74249571,81249571,,1024,disease_to_no_disease,,,,
4,128,512,128,51,6,0.0071965890001592925,0.02556786400054989,True,all genetic population candidates,64,genetic_cfe,11,74249571,81249571,,1024,disease_to_no_disease,,,,
5,128,640,128,91,7,0.0080522979997113,0.03362016200026119,True,all genetic population candidates,64,genetic_cfe,11,74249571,81249571,,1024,disease_to_no_disease,,,,
6,128,768,128,103,9,0.008802129999821773,0.04242229200008296,True,all genetic population candidates,64,genetic_cfe,11,74249571,81249571,,1024,disease_to_no_disease,,,,
7,128,896,128,116,9,0.009469861000070523,0.051892153000153485,True,all genetic population candidates,64,genetic_cfe,11,74249571,81249571,,1024,disease_to_no_disease,,,,
8,128,1024,128,111,10,0.008870155000295199,0.060762308000448684,True,all genetic population candidates,64,genetic_cfe,11,74249571,81249571,,1024,disease_to_no_disease,,,,
1,1024,1024,16,16,4,0.1316452589999244,0.1316452589999244,True,final restart pool only,64,dice_gradient_style,11,74249571,81249571,,1024,disease_to_no_disease,63.0,16.0,16.0,63.0
1,1024,1024,16,16,4,0.1129045239995321,0.1129045239995321,True,final restart pool only,64,wachter_style,11,74249571,81249571,,1024,disease_to_no_disease,63.0,16.0,16.0,63.0
1,128,128,128,0,0,0.005875041999388486,0.005875041999388486,False,all independently sampled candidates,65,uniform_random,11,75249574,82249574,,1024,disease_to_no_disease,,,,
2,128,256,128,1,1,0.005757030000495433,0.01163207199988392,False,all independently sampled candidates,65,uniform_random,11,75249574,82249574,,1024,disease_to_no_disease,,,,
3,128,384,128,1,2,0.005825201999869023,0.017457273999752942,False,all independently sampled candidates,65,uniform_random,11,75249574,82249574,,1024,disease_to_no_disease,,,,
4,128,512,128,2,4,0.005715174999750161,0.023172448999503104,False,all independently sampled candidates,65,uniform_random,11,75249574,82249574,,1024,disease_to_no_disease,,,,
5,128,640,128,4,5,0.0057532130003892235,0.028925661999892327,False,all independently sampled candidates,65,uniform_random,11,75249574,82249574,,1024,disease_to_no_disease,,,,
6,128,768,128,8,9,0.005907454999942274,0.0348331169998346,False,all independently sampled candidates,65,uniform_random,11,75249574,82249574,,1024,disease_to_no_disease,,,,
7,128,896,128,4,13,0.005861278000338643,0.040694395000173245,False,all independently sampled candidates,65,uniform_random,11,75249574,82249574,,1024,disease_to_no_disease,,,,
8,128,1024,128,9,17,0.005990519999613753,0.046684914999787,False,all independently sampled candidates,65,uniform_random,11,75249574,82249574,,1024,disease_to_no_disease,,,,
1,128,128,128,0,0,0.0062346300001081545,0.0062346300001081545,True,all genetic population candidates,65,genetic_cfe,11,75249574,82249574,,1024,disease_to_no_disease,,,,
2,128,256,128,0,0,0.00590920400009054,0.012143834000198694,True,all genetic population candidates,65,genetic_cfe,11,75249574,82249574,,1024,disease_to_no_disease,,,,
3,128,384,128,3,2,0.00628721700013557,0.018431051000334264,True,all genetic population candidates,65,genetic_cfe,11,75249574,82249574,,1024,disease_to_no_disease,,,,
4,128,512,128,15,6,0.0062949409993962036,0.024725991999730468,True,all genetic population candidates,65,genetic_cfe,11,75249574,82249574,,1024,disease_to_no_disease,,,,
5,128,640,128,41,12,0.0075919390001217835,0.03231793099985225,True,all genetic population candidates,65,genetic_cfe,11,75249574,82249574,,1024,disease_to_no_disease,,,,
6,128,768,128,78,20,0.00852329900044424,0.04084123000029649,True,all genetic population candidates,65,genetic_cfe,11,75249574,82249574,,1024,disease_to_no_disease,,,,
7,128,896,128,88,23,0.012448296000002301,0.05328952600029879,True,all genetic population candidates,65,genetic_cfe,11,75249574,82249574,,1024,disease_to_no_disease,,,,
8,128,1024,128,104,28,0.010616171999572543,0.06390569799987134,True,all genetic population candidates,65,genetic_cfe,11,75249574,82249574,,1024,disease_to_no_disease,,,,
1,1024,1024,16,10,6,0.13234904500041011,0.13234904500041011,True,final restart pool only,65,dice_gradient_style,11,75249574,82249574,,1024,disease_to_no_disease,63.0,16.0,16.0,63.0
1,1024,1024,16,9,5,0.11367752200021641,0.11367752200021641,True,final restart pool only,65,wachter_style,11,75249574,82249574,,1024,disease_to_no_disease,63.0,16.0,16.0,63.0
1,128,128,128,0,0,0.006088498000281106,0.006088498000281106,False,all independently sampled candidates,66,uniform_random,11,76249577,83249577,,1024,disease_to_no_disease,,,,
2,128,256,128,0,0,0.005978528000014194,0.0120670260002953,False,all independently sampled candidates,66,uniform_random,11,76249577,83249577,,1024,disease_to_no_disease,,,,
3,128,384,128,2,2,0.00628608399983932,0.01835311000013462,False,all independently sampled candidates,66,uniform_random,11,76249577,83249577,,1024,disease_to_no_disease,,,,
4,128,512,128,4,4,0.0057949900001403876,0.024148100000275008,False,all independently sampled candidates,66,uniform_random,11,76249577,83249577,,1024,disease_to_no_disease,,,,
5,128,640,128,3,5,0.006627886999922339,0.030775987000197347,False,all independently sampled candidates,66,uniform_random,11,76249577,83249577,,1024,disease_to_no_disease,,,,
6,128,768,128,4,7,0.005846054000357981,0.03662204100055533,False,all independently sampled candidates,66,uniform_random,11,76249577,83249577,,1024,disease_to_no_disease,,,,
7,128,896,128,11,14,0.006084974999794213,0.04270701600034954,False,all independently sampled candidates,66,uniform_random,11,76249577,83249577,,1024,disease_to_no_disease,,,,
8,128,1024,128,6,18,0.005906356999730633,0.04861337300008017,False,all independently sampled candidates,66,uniform_random,11,76249577,83249577,,1024,disease_to_no_disease,,,,
1,128,128,128,0,0,0.0057640699997136835,0.0057640699997136835,True,all genetic population candidates,66,genetic_cfe,11,76249577,83249577,,1024,disease_to_no_disease,,,,
2,128,256,128,0,0,0.005896894999750657,0.01166096499946434,True,all genetic population candidates,66,genetic_cfe,11,76249577,83249577,,1024,disease_to_no_disease,,,,
3,128,384,128,0,0,0.0057643000000098255,0.017425264999474166,True,all genetic population candidates,66,genetic_cfe,11,76249577,83249577,,1024,disease_to_no_disease,,,,
4,128,512,128,2,2,0.006014792000314628,0.023440056999788794,True,all genetic population candidates,66,genetic_cfe,11,76249577,83249577,,1024,disease_to_no_disease,,,,
5,128,640,128,15,3,0.006237325000256533,0.029677382000045327,True,all genetic population candidates,66,genetic_cfe,11,76249577,83249577,,1024,disease_to_no_disease,,,,
6,128,768,128,33,7,0.00690230599957431,0.03657968799961964,True,all genetic population candidates,66,genetic_cfe,11,76249577,83249577,,1024,disease_to_no_disease,,,,
7,128,896,128,57,8,0.007436267999764823,0.04401595599938446,True,all genetic population candidates,66,genetic_cfe,11,76249577,83249577,,1024,disease_to_no_disease,,,,
8,128,1024,128,69,8,0.007757918000606878,0.05177387399999134,True,all genetic population candidates,66,genetic_cfe,11,76249577,83249577,,1024,disease_to_no_disease,,,,
1,1024,1024,16,13,3,0.13005009299922676,0.13005009299922676,True,final restart pool only,66,dice_gradient_style,11,76249577,83249577,,1024,disease_to_no_disease,63.0,16.0,16.0,63.0
1,1024,1024,16,13,3,0.11138777999985905,0.11138777999985905,True,final restart pool only,66,wachter_style,11,76249577,83249577,,1024,disease_to_no_disease,63.0,16.0,16.0,63.0
1,128,128,128,0,0,0.00566537899976538,0.00566537899976538,False,all independently sampled candidates,67,uniform_random,11,77249580,84249580,,1024,disease_to_no_disease,,,,
2,128,256,128,0,0,0.005761706999692251,0.011427085999457631,False,all independently sampled candidates,67,uniform_random,11,77249580,84249580,,1024,disease_to_no_disease,,,,
3,128,384,128,0,0,0.0066615780006031855,0.018088664000060817,False,all independently sampled candidates,67,uniform_random,11,77249580,84249580,,1024,disease_to_no_disease,,,,
4,128,512,128,0,0,0.005773694999334111,0.023862358999394928,False,all independently sampled candidates,67,uniform_random,11,77249580,84249580,,1024,disease_to_no_disease,,,,
5,128,640,128,0,0,0.00594472400007362,0.029807082999468548,False,all independently sampled candidates,67,uniform_random,11,77249580,84249580,,1024,disease_to_no_disease,,,,
6,128,768,128,1,1,0.005929014000685129,0.03573609700015368,False,all independently sampled candidates,67,uniform_random,11,77249580,84249580,,1024,disease_to_no_disease,,,,
7,128,896,128,1,2,0.005823108999720716,0.04155920599987439,False,all independently sampled candidates,67,uniform_random,11,77249580,84249580,,1024,disease_to_no_disease,,,,
8,128,1024,128,1,3,0.005849778000083461,0.047408983999957854,False,all independently sampled candidates,67,uniform_random,11,77249580,84249580,,1024,disease_to_no_disease,,,,
1,128,128,128,0,0,0.006005571000059717,0.006005571000059717,True,all genetic population candidates,67,genetic_cfe,11,77249580,84249580,,1024,disease_to_no_disease,,,,
2,128,256,128,0,0,0.00699970499954361,0.013005275999603327,True,all genetic population candidates,67,genetic_cfe,11,77249580,84249580,,1024,disease_to_no_disease,,,,
3,128,384,128,0,0,0.007754265000585292,0.02075954100018862,True,all genetic population candidates,67,genetic_cfe,11,77249580,84249580,,1024,disease_to_no_disease,,,,
4,128,512,128,0,0,0.005753102999733528,0.026512643999922147,True,all genetic population candidates,67,genetic_cfe,11,77249580,84249580,,1024,disease_to_no_disease,,,,
5,128,640,128,0,0,0.0063080660002015065,0.032820710000123654,True,all genetic population candidates,67,genetic_cfe,11,77249580,84249580,,1024,disease_to_no_disease,,,,
6,128,768,128,0,0,0.006995390999691153,0.03981610099981481,True,all genetic population candidates,67,genetic_cfe,11,77249580,84249580,,1024,disease_to_no_disease,,,,
7,128,896,128,3,1,0.006236162000277545,0.04605226300009235,True,all genetic population candidates,67,genetic_cfe,11,77249580,84249580,,1024,disease_to_no_disease,,,,
8,128,1024,128,11,2,0.006753743999979633,0.052806007000071986,True,all genetic population candidates,67,genetic_cfe,11,77249580,84249580,,1024,disease_to_no_disease,,,,
1,1024,1024,16,16,3,0.1323016699998334,0.1323016699998334,True,final restart pool only,67,dice_gradient_style,11,77249580,84249580,,1024,disease_to_no_disease,63.0,16.0,16.0,63.0
1,1024,1024,16,16,3,0.11318193600072846,0.11318193600072846,True,final restart pool only,67,wachter_style,11,77249580,84249580,,1024,disease_to_no_disease,63.0,16.0,16.0,63.0
1,128,128,128,0,0,0.005849924999893119,0.005849924999893119,False,all independently sampled candidates,68,uniform_random,11,78249583,85249583,,1024,disease_to_no_disease,,,,
2,128,256,128,0,0,0.0060588700007429,0.011908795000636019,False,all independently sampled candidates,68,uniform_random,11,78249583,85249583,,1024,disease_to_no_disease,,,,
3,128,384,128,1,1,0.005922350999753689,0.017831146000389708,False,all independently sampled candidates,68,uniform_random,11,78249583,85249583,,1024,disease_to_no_disease,,,,
4,128,512,128,2,3,0.006299163999756274,0.024130310000145982,False,all independently sampled candidates,68,uniform_random,11,78249583,85249583,,1024,disease_to_no_disease,,,,
5,128,640,128,0,3,0.005846263000421459,0.02997657300056744,False,all independently sampled candidates,68,uniform_random,11,78249583,85249583,,1024,disease_to_no_disease,,,,
6,128,768,128,1,4,0.006091381999794976,0.03606795500036242,False,all independently sampled candidates,68,uniform_random,11,78249583,85249583,,1024,disease_to_no_disease,,,,
7,128,896,128,4,7,0.005935858999691845,0.04200381400005426,False,all independently sampled candidates,68,uniform_random,11,78249583,85249583,,1024,disease_to_no_disease,,,,
8,128,1024,128,1,8,0.005853131000549183,0.047856945000603446,False,all independently sampled candidates,68,uniform_random,11,78249583,85249583,,1024,disease_to_no_disease,,,,
1,128,128,128,0,0,0.0058037079998030094,0.0058037079998030094,True,all genetic population candidates,68,genetic_cfe,11,78249583,85249583,,1024,disease_to_no_disease,,,,
2,128,256,128,0,0,0.005830521999996563,0.011634229999799572,True,all genetic population candidates,68,genetic_cfe,11,78249583,85249583,,1024,disease_to_no_disease,,,,
3,128,384,128,0,0,0.0057974420005848515,0.017431672000384424,True,all genetic population candidates,68,genetic_cfe,11,78249583,85249583,,1024,disease_to_no_disease,,,,
4,128,512,128,1,1,0.006012787999679858,0.023444460000064282,True,all genetic population candidates,68,genetic_cfe,11,78249583,85249583,,1024,disease_to_no_disease,,,,
5,128,640,128,6,1,0.00645187200007058,0.029896332000134862,True,all genetic population candidates,68,genetic_cfe,11,78249583,85249583,,1024,disease_to_no_disease,,,,
6,128,768,128,15,2,0.006816539000283228,0.03671287100041809,True,all genetic population candidates,68,genetic_cfe,11,78249583,85249583,,1024,disease_to_no_disease,,,,
7,128,896,128,41,3,0.007064636999530194,0.043777507999948284,True,all genetic population candidates,68,genetic_cfe,11,78249583,85249583,,1024,disease_to_no_disease,,,,
8,128,1024,128,86,3,0.008537984000213328,0.05231549200016161,True,all genetic population candidates,68,genetic_cfe,11,78249583,85249583,,1024,disease_to_no_disease,,,,
1,1024,1024,16,16,4,0.13283911000053195,0.13283911000053195,True,final restart pool only,68,dice_gradient_style,11,78249583,85249583,,1024,disease_to_no_disease,63.0,16.0,16.0,63.0
1,1024,1024,16,16,4,0.11218624299999647,0.11218624299999647,True,final restart pool only,68,wachter_style,11,78249583,85249583,,1024,disease_to_no_disease,63.0,16.0,16.0,63.0
1,128,128,128,0,0,0.005884597000658687,0.005884597000658687,False,all independently sampled candidates,69,uniform_random,11,79249586,86249586,,1024,disease_to_no_disease,,,,
2,128,256,128,0,0,0.005779598000117403,0.01166419500077609,False,all independently sampled candidates,69,uniform_random,11,79249586,86249586,,1024,disease_to_no_disease,,,,
3,128,384,128,0,0,0.00579526799992891,0.017459463000705,False,all independently sampled candidates,69,uniform_random,11,79249586,86249586,,1024,disease_to_no_disease,,,,
4,128,512,128,0,0,0.006283570000050531,0.02374303300075553,False,all independently sampled candidates,69,uniform_random,11,79249586,86249586,,1024,disease_to_no_disease,,,,
5,128,640,128,0,0,0.005897413999264245,0.029640447000019776,False,all independently sampled candidates,69,uniform_random,11,79249586,86249586,,1024,disease_to_no_disease,,,,
6,128,768,128,1,1,0.005704252000214183,0.03534469900023396,False,all independently sampled candidates,69,uniform_random,11,79249586,86249586,,1024,disease_to_no_disease,,,,
7,128,896,128,2,3,0.0061759219997838954,0.041520621000017854,False,all independently sampled candidates,69,uniform_random,11,79249586,86249586,,1024,disease_to_no_disease,,,,
8,128,1024,128,4,7,0.006090618000598624,0.04761123900061648,False,all independently sampled candidates,69,uniform_random,11,79249586,86249586,,1024,disease_to_no_disease,,,,
1,128,128,128,0,0,0.005975567000859883,0.005975567000859883,True,all genetic population candidates,69,genetic_cfe,11,79249586,86249586,,1024,disease_to_no_disease,,,,
2,128,256,128,0,0,0.005852023999977973,0.011827591000837856,True,all genetic population candidates,69,genetic_cfe,11,79249586,86249586,,1024,disease_to_no_disease,,,,
3,128,384,128,0,0,0.005780829999821435,0.01760842100065929,True,all genetic population candidates,69,genetic_cfe,11,79249586,86249586,,1024,disease_to_no_disease,,,,
4,128,512,128,1,1,0.005803766999633808,0.0234121880002931,True,all genetic population candidates,69,genetic_cfe,11,79249586,86249586,,1024,disease_to_no_disease,,,,
5,128,640,128,11,2,0.00608328500038624,0.02949547300067934,True,all genetic population candidates,69,genetic_cfe,11,79249586,86249586,,1024,disease_to_no_disease,,,,
6,128,768,128,40,4,0.007123954999769921,0.03661942800044926,True,all genetic population candidates,69,genetic_cfe,11,79249586,86249586,,1024,disease_to_no_disease,,,,
7,128,896,128,77,7,0.00800426299974788,0.04462369100019714,True,all genetic population candidates,69,genetic_cfe,11,79249586,86249586,,1024,disease_to_no_disease,,,,
8,128,1024,128,106,11,0.008737142999962089,0.05336083400015923,True,all genetic population candidates,69,genetic_cfe,11,79249586,86249586,,1024,disease_to_no_disease,,,,
1,1024,1024,16,9,1,0.1350213209998401,0.1350213209998401,True,final restart pool only,69,dice_gradient_style,11,79249586,86249586,,1024,disease_to_no_disease,63.0,16.0,16.0,63.0
1,1024,1024,16,9,1,0.1137814840003557,0.1137814840003557,True,final restart pool only,69,wachter_style,11,79249586,86249586,,1024,disease_to_no_disease,63.0,16.0,16.0,63.0
1,128,128,128,0,0,0.006053506000171183,0.006053506000171183,False,all independently sampled candidates,70,uniform_random,11,80249589,87249589,,1024,disease_to_no_disease,,,,
2,128,256,128,0,0,0.0057628300000942545,0.011816336000265437,False,all independently sampled candidates,70,uniform_random,11,80249589,87249589,,1024,disease_to_no_disease,,,,
3,128,384,128,1,1,0.0057116219995805295,0.017527957999845967,False,all independently sampled candidates,70,uniform_random,11,80249589,87249589,,1024,disease_to_no_disease,,,,
4,128,512,128,0,1,0.0056620040004418115,0.023189962000287778,False,all independently sampled candidates,70,uniform_random,11,80249589,87249589,,1024,disease_to_no_disease,,,,
5,128,640,128,2,3,0.00574875499933114,0.02893871699961892,False,all independently sampled candidates,70,uniform_random,11,80249589,87249589,,1024,disease_to_no_disease,,,,
6,128,768,128,0,3,0.005862468000486842,0.03480118500010576,False,all independently sampled candidates,70,uniform_random,11,80249589,87249589,,1024,disease_to_no_disease,,,,
7,128,896,128,3,6,0.005935770000178309,0.04073695500028407,False,all independently sampled candidates,70,uniform_random,11,80249589,87249589,,1024,disease_to_no_disease,,,,
8,128,1024,128,3,8,0.005968179999399581,0.04670513499968365,False,all independently sampled candidates,70,uniform_random,11,80249589,87249589,,1024,disease_to_no_disease,,,,
1,128,128,128,0,0,0.006058988999939174,0.006058988999939174,True,all genetic population candidates,70,genetic_cfe,11,80249589,87249589,,1024,disease_to_no_disease,,,,
2,128,256,128,0,0,0.005786560999695212,0.011845549999634386,True,all genetic population candidates,70,genetic_cfe,11,80249589,87249589,,1024,disease_to_no_disease,,,,
3,128,384,128,0,0,0.005852543000401056,0.017698093000035442,True,all genetic population candidates,70,genetic_cfe,11,80249589,87249589,,1024,disease_to_no_disease,,,,
4,128,512,128,4,2,0.005890505999559537,0.02358859899959498,True,all genetic population candidates,70,genetic_cfe,11,80249589,87249589,,1024,disease_to_no_disease,,,,
5,128,640,128,8,5,0.006011573000250792,0.02960017199984577,True,all genetic population candidates,70,genetic_cfe,11,80249589,87249589,,1024,disease_to_no_disease,,,,
6,128,768,128,40,9,0.006942059999346384,0.036542231999192154,True,all genetic population candidates,70,genetic_cfe,11,80249589,87249589,,1024,disease_to_no_disease,,,,
7,128,896,128,81,15,0.008227072000408953,0.04476930399960111,True,all genetic population candidates,70,genetic_cfe,11,80249589,87249589,,1024,disease_to_no_disease,,,,
8,128,1024,128,100,17,0.009290727000006882,0.05406003099960799,True,all genetic population candidates,70,genetic_cfe,11,80249589,87249589,,1024,disease_to_no_disease,,,,
1,1024,1024,16,12,2,0.12857189500027744,0.12857189500027744,True,final restart pool only,70,dice_gradient_style,11,80249589,87249589,,1024,disease_to_no_disease,63.0,16.0,16.0,63.0
1,1024,1024,16,12,2,0.11045219100014947,0.11045219100014947,True,final restart pool only,70,wachter_style,11,80249589,87249589,,1024,disease_to_no_disease,63.0,16.0,16.0,63.0
1,128,128,128,0,0,0.005943449000369583,0.005943449000369583,False,all independently sampled candidates,71,uniform_random,11,81249592,88249592,,1024,disease_to_no_disease,,,,
2,128,256,128,0,0,0.005684387999281171,0.011627836999650754,False,all independently sampled candidates,71,uniform_random,11,81249592,88249592,,1024,disease_to_no_disease,,,,
3,128,384,128,0,0,0.00612422000085644,0.017752057000507193,False,all independently sampled candidates,71,uniform_random,11,81249592,88249592,,1024,disease_to_no_disease,,,,
4,128,512,128,0,0,0.006556681999427383,0.024308738999934576,False,all independently sampled candidates,71,uniform_random,11,81249592,88249592,,1024,disease_to_no_disease,,,,
5,128,640,128,0,0,0.005674517999977979,0.029983256999912555,False,all independently sampled candidates,71,uniform_random,11,81249592,88249592,,1024,disease_to_no_disease,,,,
6,128,768,128,0,0,0.005808937999972841,0.035792194999885396,False,all independently sampled candidates,71,uniform_random,11,81249592,88249592,,1024,disease_to_no_disease,,,,
7,128,896,128,0,0,0.006050982000488148,0.041843177000373544,False,all independently sampled candidates,71,uniform_random,11,81249592,88249592,,1024,disease_to_no_disease,,,,
8,128,1024,128,0,0,0.005896445999496791,0.047739622999870335,False,all independently sampled candidates,71,uniform_random,11,81249592,88249592,,1024,disease_to_no_disease,,,,
1,128,128,128,0,0,0.005627417999676254,0.005627417999676254,True,all genetic population candidates,71,genetic_cfe,11,81249592,88249592,,1024,disease_to_no_disease,,,,
2,128,256,128,0,0,0.005897145000744786,0.01152456300042104,True,all genetic population candidates,71,genetic_cfe,11,81249592,88249592,,1024,disease_to_no_disease,,,,
3,128,384,128,0,0,0.005900542999370373,0.017425105999791413,True,all genetic population candidates,71,genetic_cfe,11,81249592,88249592,,1024,disease_to_no_disease,,,,
4,128,512,128,0,0,0.005930207999881532,0.023355313999672944,True,all genetic population candidates,71,genetic_cfe,11,81249592,88249592,,1024,disease_to_no_disease,,,,
5,128,640,128,0,0,0.0060026110004400834,0.029357925000113028,True,all genetic population candidates,71,genetic_cfe,11,81249592,88249592,,1024,disease_to_no_disease,,,,
6,128,768,128,0,0,0.006003204999615264,0.03536112999972829,True,all genetic population candidates,71,genetic_cfe,11,81249592,88249592,,1024,disease_to_no_disease,,,,
7,128,896,128,0,0,0.005869238000741461,0.04123036800046975,True,all genetic population candidates,71,genetic_cfe,11,81249592,88249592,,1024,disease_to_no_disease,,,,
8,128,1024,128,0,0,0.005783833999885246,0.047014202000355,True,all genetic population candidates,71,genetic_cfe,11,81249592,88249592,,1024,disease_to_no_disease,,,,
1,1024,1024,16,0,0,0.1328346380005314,0.1328346380005314,True,final restart pool only,71,dice_gradient_style,11,81249592,88249592,,1024,disease_to_no_disease,63.0,16.0,16.0,63.0
1,1024,1024,16,0,0,0.11129220000020723,0.11129220000020723,True,final restart pool only,71,wachter_style,11,81249592,88249592,,1024,disease_to_no_disease,63.0,16.0,16.0,63.0
1,128,128,128,0,0,0.005687771000339126,0.005687771000339126,False,all independently sampled candidates,72,uniform_random,11,82249595,89249595,,1024,disease_to_no_disease,,,,
2,128,256,128,0,0,0.005631539000205521,0.011319310000544647,False,all independently sampled candidates,72,uniform_random,11,82249595,89249595,,1024,disease_to_no_disease,,,,
3,128,384,128,0,0,0.005667297999934817,0.016986608000479464,False,all independently sampled candidates,72,uniform_random,11,82249595,89249595,,1024,disease_to_no_disease,,,,
4,128,512,128,0,0,0.005690891999620362,0.022677500000099826,False,all independently sampled candidates,72,uniform_random,11,82249595,89249595,,1024,disease_to_no_disease,,,,
5,128,640,128,0,0,0.005622937999760325,0.02830043799986015,False,all independently sampled candidates,72,uniform_random,11,82249595,89249595,,1024,disease_to_no_disease,,,,
6,128,768,128,0,0,0.005647830000270915,0.033948268000131065,False,all independently sampled candidates,72,uniform_random,11,82249595,89249595,,1024,disease_to_no_disease,,,,
7,128,896,128,0,0,0.005864056000064011,0.039812324000195076,False,all independently sampled candidates,72,uniform_random,11,82249595,89249595,,1024,disease_to_no_disease,,,,
8,128,1024,128,0,0,0.005640923000100884,0.04545324700029596,False,all independently sampled candidates,72,uniform_random,11,82249595,89249595,,1024,disease_to_no_disease,,,,
1,128,128,128,0,0,0.005741858999499527,0.005741858999499527,True,all genetic population candidates,72,genetic_cfe,11,82249595,89249595,,1024,disease_to_no_disease,,,,
2,128,256,128,0,0,0.0061886720004622475,0.011930530999961775,True,all genetic population candidates,72,genetic_cfe,11,82249595,89249595,,1024,disease_to_no_disease,,,,
3,128,384,128,0,0,0.0057478830003674375,0.017678414000329212,True,all genetic population candidates,72,genetic_cfe,11,82249595,89249595,,1024,disease_to_no_disease,,,,
4,128,512,128,0,0,0.005758097999205347,0.02343651199953456,True,all genetic population candidates,72,genetic_cfe,11,82249595,89249595,,1024,disease_to_no_disease,,,,
5,128,640,128,0,0,0.005918192000535782,0.029354704000070342,True,all genetic population candidates,72,genetic_cfe,11,82249595,89249595,,1024,disease_to_no_disease,,,,
6,128,768,128,0,0,0.007450481999512704,0.036805185999583045,True,all genetic population candidates,72,genetic_cfe,11,82249595,89249595,,1024,disease_to_no_disease,,,,
7,128,896,128,0,0,0.006005785000525066,0.04281097100010811,True,all genetic population candidates,72,genetic_cfe,11,82249595,89249595,,1024,disease_to_no_disease,,,,
8,128,1024,128,0,0,0.005986101999951643,0.048797073000059754,True,all genetic population candidates,72,genetic_cfe,11,82249595,89249595,,1024,disease_to_no_disease,,,,
1,1024,1024,16,0,0,0.12768172699998104,0.12768172699998104,True,final restart pool only,72,dice_gradient_style,11,82249595,89249595,,1024,disease_to_no_disease,63.0,16.0,16.0,63.0
1,1024,1024,16,0,0,0.10954439400029514,0.10954439400029514,True,final restart pool only,72,wachter_style,11,82249595,89249595,,1024,disease_to_no_disease,63.0,16.0,16.0,63.0
1,128,128,128,0,0,0.005910040999879129,0.005910040999879129,False,all independently sampled candidates,73,uniform_random,11,83249598,90249598,,1024,disease_to_no_disease,,,,
2,128,256,128,0,0,0.005790686000182177,0.011700727000061306,False,all independently sampled candidates,73,uniform_random,11,83249598,90249598,,1024,disease_to_no_disease,,,,
3,128,384,128,0,0,0.005651198000123259,0.017351925000184565,False,all independently sampled candidates,73,uniform_random,11,83249598,90249598,,1024,disease_to_no_disease,,,,
4,128,512,128,0,0,0.00568072799978836,0.023032652999972925,False,all independently sampled candidates,73,uniform_random,11,83249598,90249598,,1024,disease_to_no_disease,,,,
5,128,640,128,0,0,0.00598993200037512,0.029022585000348045,False,all independently sampled candidates,73,uniform_random,11,83249598,90249598,,1024,disease_to_no_disease,,,,
6,128,768,128,0,0,0.0056679359995541745,0.03469052099990222,False,all independently sampled candidates,73,uniform_random,11,83249598,90249598,,1024,disease_to_no_disease,,,,
7,128,896,128,0,0,0.005694834000678384,0.0403853550005806,False,all independently sampled candidates,73,uniform_random,11,83249598,90249598,,1024,disease_to_no_disease,,,,
8,128,1024,128,0,0,0.005636171999867656,0.04602152700044826,False,all independently sampled candidates,73,uniform_random,11,83249598,90249598,,1024,disease_to_no_disease,,,,
1,128,128,128,0,0,0.006431463999433618,0.006431463999433618,True,all genetic population candidates,73,genetic_cfe,11,83249598,90249598,,1024,disease_to_no_disease,,,,
2,128,256,128,0,0,0.005753581000135455,0.012185044999569072,True,all genetic population candidates,73,genetic_cfe,11,83249598,90249598,,1024,disease_to_no_disease,,,,
3,128,384,128,0,0,0.005941950000305951,0.018126994999875023,True,all genetic population candidates,73,genetic_cfe,11,83249598,90249598,,1024,disease_to_no_disease,,,,
4,128,512,128,0,0,0.005851805000020249,0.023978799999895273,True,all genetic population candidates,73,genetic_cfe,11,83249598,90249598,,1024,disease_to_no_disease,,,,
5,128,640,128,0,0,0.00577488699946116,0.029753686999356432,True,all genetic population candidates,73,genetic_cfe,11,83249598,90249598,,1024,disease_to_no_disease,,,,
6,128,768,128,0,0,0.005767528999967908,0.03552121599932434,True,all genetic population candidates,73,genetic_cfe,11,83249598,90249598,,1024,disease_to_no_disease,,,,
7,128,896,128,0,0,0.005882049000319967,0.04140326499964431,True,all genetic population candidates,73,genetic_cfe,11,83249598,90249598,,1024,disease_to_no_disease,,,,
8,128,1024,128,0,0,0.005738730999837571,0.04714199599948188,True,all genetic population candidates,73,genetic_cfe,11,83249598,90249598,,1024,disease_to_no_disease,,,,
1,1024,1024,16,0,0,0.1282390980004493,0.1282390980004493,True,final restart pool only,73,dice_gradient_style,11,83249598,90249598,,1024,disease_to_no_disease,63.0,16.0,16.0,63.0
1,1024,1024,16,0,0,0.10969888799991168,0.10969888799991168,True,final restart pool only,73,wachter_style,11,83249598,90249598,,1024,disease_to_no_disease,63.0,16.0,16.0,63.0
1,128,128,128,0,0,0.0056899060000432655,0.0056899060000432655,False,all independently sampled candidates,74,uniform_random,11,84249601,91249601,,1024,disease_to_no_disease,,,,
2,128,256,128,0,0,0.005727002000639914,0.011416908000683179,False,all independently sampled candidates,74,uniform_random,11,84249601,91249601,,1024,disease_to_no_disease,,,,
3,128,384,128,0,0,0.005616964999717311,0.01703387300040049,False,all independently sampled candidates,74,uniform_random,11,84249601,91249601,,1024,disease_to_no_disease,,,,
4,128,512,128,0,0,0.005704422999770031,0.02273829600017052,False,all independently sampled candidates,74,uniform_random,11,84249601,91249601,,1024,disease_to_no_disease,,,,
5,128,640,128,0,0,0.005663408000145864,0.028401704000316386,False,all independently sampled candidates,74,uniform_random,11,84249601,91249601,,1024,disease_to_no_disease,,,,
6,128,768,128,0,0,0.005876772000192432,0.03427847600050882,False,all independently sampled candidates,74,uniform_random,11,84249601,91249601,,1024,disease_to_no_disease,,,,
7,128,896,128,0,0,0.0056811839995134505,0.03995966000002227,False,all independently sampled candidates,74,uniform_random,11,84249601,91249601,,1024,disease_to_no_disease,,,,
8,128,1024,128,0,0,0.005687396000212175,0.04564705600023444,False,all independently sampled candidates,74,uniform_random,11,84249601,91249601,,1024,disease_to_no_disease,,,,
1,128,128,128,0,0,0.005671476000316034,0.005671476000316034,True,all genetic population candidates,74,genetic_cfe,11,84249601,91249601,,1024,disease_to_no_disease,,,,
2,128,256,128,0,0,0.00575928499984002,0.011430761000156053,True,all genetic population candidates,74,genetic_cfe,11,84249601,91249601,,1024,disease_to_no_disease,,,,
3,128,384,128,0,0,0.005905175999942003,0.017335937000098056,True,all genetic population candidates,74,genetic_cfe,11,84249601,91249601,,1024,disease_to_no_disease,,,,
4,128,512,128,0,0,0.005745408000620955,0.02308134500071901,True,all genetic population candidates,74,genetic_cfe,11,84249601,91249601,,1024,disease_to_no_disease,,,,
5,128,640,128,0,0,0.005811871999867435,0.028893217000586446,True,all genetic population candidates,74,genetic_cfe,11,84249601,91249601,,1024,disease_to_no_disease,,,,
6,128,768,128,0,0,0.005772669000180031,0.03466588600076648,True,all genetic population candidates,74,genetic_cfe,11,84249601,91249601,,1024,disease_to_no_disease,,,,
7,128,896,128,0,0,0.005748887999288854,0.04041477400005533,True,all genetic population candidates,74,genetic_cfe,11,84249601,91249601,,1024,disease_to_no_disease,,,,
8,128,1024,128,0,0,0.005757754000114801,0.04617252800017013,True,all genetic population candidates,74,genetic_cfe,11,84249601,91249601,,1024,disease_to_no_disease,,,,
1,1024,1024,16,5,3,0.1312030879998929,0.1312030879998929,True,final restart pool only,74,dice_gradient_style,11,84249601,91249601,,1024,disease_to_no_disease,63.0,16.0,16.0,63.0
1,1024,1024,16,5,3,0.10828439900069498,0.10828439900069498,True,final restart pool only,74,wachter_style,11,84249601,91249601,,1024,disease_to_no_disease,63.0,16.0,16.0,63.0
1,128,128,128,0,0,0.005855911999788077,0.005855911999788077,False,all independently sampled candidates,75,uniform_random,11,85249604,92249604,,1024,disease_to_no_disease,,,,
2,128,256,128,0,0,0.005841117000272789,0.011697029000060866,False,all independently sampled candidates,75,uniform_random,11,85249604,92249604,,1024,disease_to_no_disease,,,,
3,128,384,128,0,0,0.005676240999491711,0.017373269999552576,False,all independently sampled candidates,75,uniform_random,11,85249604,92249604,,1024,disease_to_no_disease,,,,
4,128,512,128,0,0,0.006091313000069931,0.023464582999622507,False,all independently sampled candidates,75,uniform_random,11,85249604,92249604,,1024,disease_to_no_disease,,,,
5,128,640,128,0,0,0.005798180000056163,0.02926276299967867,False,all independently sampled candidates,75,uniform_random,11,85249604,92249604,,1024,disease_to_no_disease,,,,
6,128,768,128,0,0,0.006242140000722429,0.0355049030004011,False,all independently sampled candidates,75,uniform_random,11,85249604,92249604,,1024,disease_to_no_disease,,,,
7,128,896,128,0,0,0.005793513999378774,0.041298416999779874,False,all independently sampled candidates,75,uniform_random,11,85249604,92249604,,1024,disease_to_no_disease,,,,
8,128,1024,128,0,0,0.006055578000086825,0.0473539949998667,False,all independently sampled candidates,75,uniform_random,11,85249604,92249604,,1024,disease_to_no_disease,,,,
1,128,128,128,0,0,0.0056440179996570805,0.0056440179996570805,True,all genetic population candidates,75,genetic_cfe,11,85249604,92249604,,1024,disease_to_no_disease,,,,
2,128,256,128,0,0,0.005779674000223167,0.011423691999880248,True,all genetic population candidates,75,genetic_cfe,11,85249604,92249604,,1024,disease_to_no_disease,,,,
3,128,384,128,0,0,0.005802151999887428,0.017225843999767676,True,all genetic population candidates,75,genetic_cfe,11,85249604,92249604,,1024,disease_to_no_disease,,,,
4,128,512,128,0,0,0.005727853000280447,0.022953697000048123,True,all genetic population candidates,75,genetic_cfe,11,85249604,92249604,,1024,disease_to_no_disease,,,,
5,128,640,128,0,0,0.005979090999971959,0.028932788000020082,True,all genetic population candidates,75,genetic_cfe,11,85249604,92249604,,1024,disease_to_no_disease,,,,
6,128,768,128,0,0,0.006008153999573551,0.03494094199959363,True,all genetic population candidates,75,genetic_cfe,11,85249604,92249604,,1024,disease_to_no_disease,,,,
7,128,896,128,0,0,0.005778663000455708,0.04071960500004934,True,all genetic population candidates,75,genetic_cfe,11,85249604,92249604,,1024,disease_to_no_disease,,,,
8,128,1024,128,0,0,0.0058907359998556785,0.04661034099990502,True,all genetic population candidates,75,genetic_cfe,11,85249604,92249604,,1024,disease_to_no_disease,,,,
1,1024,1024,16,0,0,0.130024076999689,0.130024076999689,True,final restart pool only,75,dice_gradient_style,11,85249604,92249604,,1024,disease_to_no_disease,63.0,16.0,16.0,63.0
1,1024,1024,16,0,0,0.1129892610006209,0.1129892610006209,True,final restart pool only,75,wachter_style,11,85249604,92249604,,1024,disease_to_no_disease,63.0,16.0,16.0,63.0
1,128,128,128,0,0,0.005664350999722956,0.005664350999722956,False,all independently sampled candidates,76,uniform_random,11,86249607,93249607,,1024,disease_to_no_disease,,,,
2,128,256,128,0,0,0.005720611000469944,0.0113849620001929,False,all independently sampled candidates,76,uniform_random,11,86249607,93249607,,1024,disease_to_no_disease,,,,
3,128,384,128,0,0,0.005626237999422301,0.0170111999996152,False,all independently sampled candidates,76,uniform_random,11,86249607,93249607,,1024,disease_to_no_disease,,,,
4,128,512,128,0,0,0.006770272000721889,0.02378147200033709,False,all independently sampled candidates,76,uniform_random,11,86249607,93249607,,1024,disease_to_no_disease,,,,
5,128,640,128,0,0,0.005823262999911094,0.029604735000248183,False,all independently sampled candidates,76,uniform_random,11,86249607,93249607,,1024,disease_to_no_disease,,,,
6,128,768,128,0,0,0.005657329999849026,0.03526206500009721,False,all independently sampled candidates,76,uniform_random,11,86249607,93249607,,1024,disease_to_no_disease,,,,
7,128,896,128,0,0,0.005732839000302192,0.0409949040003994,False,all independently sampled candidates,76,uniform_random,11,86249607,93249607,,1024,disease_to_no_disease,,,,
8,128,1024,128,0,0,0.005640284000037354,0.046635188000436756,False,all independently sampled candidates,76,uniform_random,11,86249607,93249607,,1024,disease_to_no_disease,,,,
1,128,128,128,0,0,0.00645739500032505,0.00645739500032505,True,all genetic population candidates,76,genetic_cfe,11,86249607,93249607,,1024,disease_to_no_disease,,,,
2,128,256,128,0,0,0.006235558999833302,0.012692954000158352,True,all genetic population candidates,76,genetic_cfe,11,86249607,93249607,,1024,disease_to_no_disease,,,,
3,128,384,128,0,0,0.005795809000119334,0.018488763000277686,True,all genetic population candidates,76,genetic_cfe,11,86249607,93249607,,1024,disease_to_no_disease,,,,
4,128,512,128,0,0,0.0057120420005958294,0.024200805000873515,True,all genetic population candidates,76,genetic_cfe,11,86249607,93249607,,1024,disease_to_no_disease,,,,
5,128,640,128,0,0,0.006145101999209146,0.03034590700008266,True,all genetic population candidates,76,genetic_cfe,11,86249607,93249607,,1024,disease_to_no_disease,,,,
6,128,768,128,0,0,0.005705907999981719,0.03605181500006438,True,all genetic population candidates,76,genetic_cfe,11,86249607,93249607,,1024,disease_to_no_disease,,,,
7,128,896,128,0,0,0.0060494790004668175,0.0421012940005312,True,all genetic population candidates,76,genetic_cfe,11,86249607,93249607,,1024,disease_to_no_disease,,,,
8,128,1024,128,0,0,0.00579075399946305,0.04789204799999425,True,all genetic population candidates,76,genetic_cfe,11,86249607,93249607,,1024,disease_to_no_disease,,,,
1,1024,1024,16,0,0,0.157703362000575,0.157703362000575,True,final restart pool only,76,dice_gradient_style,11,86249607,93249607,,1024,disease_to_no_disease,63.0,16.0,16.0,63.0
1,1024,1024,16,0,0,0.11084699200000614,0.11084699200000614,True,final restart pool only,76,wachter_style,11,86249607,93249607,,1024,disease_to_no_disease,63.0,16.0,16.0,63.0
1,128,128,128,0,0,0.005803869999908784,0.005803869999908784,False,all independently sampled candidates,77,uniform_random,11,87249610,94249610,,1024,disease_to_no_disease,,,,
2,128,256,128,0,0,0.005947798000306648,0.011751668000215432,False,all independently sampled candidates,77,uniform_random,11,87249610,94249610,,1024,disease_to_no_disease,,,,
3,128,384,128,0,0,0.006347866000396607,0.01809953400061204,False,all independently sampled candidates,77,uniform_random,11,87249610,94249610,,1024,disease_to_no_disease,,,,
4,128,512,128,0,0,0.005645481999636104,0.023745016000248143,False,all independently sampled candidates,77,uniform_random,11,87249610,94249610,,1024,disease_to_no_disease,,,,
5,128,640,128,0,0,0.005681796000317263,0.029426812000565405,False,all independently sampled candidates,77,uniform_random,11,87249610,94249610,,1024,disease_to_no_disease,,,,
6,128,768,128,0,0,0.006982723999499285,0.03640953600006469,False,all independently sampled candidates,77,uniform_random,11,87249610,94249610,,1024,disease_to_no_disease,,,,
7,128,896,128,0,0,0.007674198000131582,0.04408373400019627,False,all independently sampled candidates,77,uniform_random,11,87249610,94249610,,1024,disease_to_no_disease,,,,
8,128,1024,128,0,0,0.006254547000025923,0.050338281000222196,False,all independently sampled candidates,77,uniform_random,11,87249610,94249610,,1024,disease_to_no_disease,,,,
1,128,128,128,0,0,0.005885829000362719,0.005885829000362719,True,all genetic population candidates,77,genetic_cfe,11,87249610,94249610,,1024,disease_to_no_disease,,,,
2,128,256,128,0,0,0.005836169999383856,0.011721998999746575,True,all genetic population candidates,77,genetic_cfe,11,87249610,94249610,,1024,disease_to_no_disease,,,,
3,128,384,128,0,0,0.005756194000241521,0.017478192999988096,True,all genetic population candidates,77,genetic_cfe,11,87249610,94249610,,1024,disease_to_no_disease,,,,
4,128,512,128,0,0,0.005739129999710713,0.02321732299969881,True,all genetic population candidates,77,genetic_cfe,11,87249610,94249610,,1024,disease_to_no_disease,,,,
5,128,640,128,0,0,0.005775633000666858,0.028992956000365666,True,all genetic population candidates,77,genetic_cfe,11,87249610,94249610,,1024,disease_to_no_disease,,,,
6,128,768,128,0,0,0.005778127999292337,0.034771083999658,True,all genetic population candidates,77,genetic_cfe,11,87249610,94249610,,1024,disease_to_no_disease,,,,
7,128,896,128,0,0,0.006011381000462279,0.04078246500012028,True,all genetic population candidates,77,genetic_cfe,11,87249610,94249610,,1024,disease_to_no_disease,,,,
8,128,1024,128,0,0,0.005777579999630689,0.04656004499975097,True,all genetic population candidates,77,genetic_cfe,11,87249610,94249610,,1024,disease_to_no_disease,,,,
1,1024,1024,16,4,1,0.12759874800030957,0.12759874800030957,True,final restart pool only,77,dice_gradient_style,11,87249610,94249610,,1024,disease_to_no_disease,63.0,16.0,16.0,63.0
1,1024,1024,16,4,1,0.11658365699986462,0.11658365699986462,True,final restart pool only,77,wachter_style,11,87249610,94249610,,1024,disease_to_no_disease,63.0,16.0,16.0,63.0
1,128,128,128,0,0,0.006048266999641783,0.006048266999641783,False,all independently sampled candidates,78,uniform_random,11,88249613,95249613,,1024,disease_to_no_disease,,,,
2,128,256,128,0,0,0.00637762600035785,0.012425892999999633,False,all independently sampled candidates,78,uniform_random,11,88249613,95249613,,1024,disease_to_no_disease,,,,
3,128,384,128,0,0,0.0056098149998433655,0.018035707999842998,False,all independently sampled candidates,78,uniform_random,11,88249613,95249613,,1024,disease_to_no_disease,,,,
4,128,512,128,0,0,0.005658426999616495,0.023694134999459493,False,all independently sampled candidates,78,uniform_random,11,88249613,95249613,,1024,disease_to_no_disease,,,,
5,128,640,128,0,0,0.006091987999752746,0.02978612299921224,False,all independently sampled candidates,78,uniform_random,11,88249613,95249613,,1024,disease_to_no_disease,,,,
6,128,768,128,0,0,0.005796130000817357,0.035582253000029596,False,all independently sampled candidates,78,uniform_random,11,88249613,95249613,,1024,disease_to_no_disease,,,,
7,128,896,128,0,0,0.005789800999991712,0.04137205400002131,False,all independently sampled candidates,78,uniform_random,11,88249613,95249613,,1024,disease_to_no_disease,,,,
8,128,1024,128,0,0,0.005801249999421998,0.047173303999443306,False,all independently sampled candidates,78,uniform_random,11,88249613,95249613,,1024,disease_to_no_disease,,,,
1,128,128,128,0,0,0.005947110999841243,0.005947110999841243,True,all genetic population candidates,78,genetic_cfe,11,88249613,95249613,,1024,disease_to_no_disease,,,,
2,128,256,128,0,0,0.006218693999471725,0.012165804999312968,True,all genetic population candidates,78,genetic_cfe,11,88249613,95249613,,1024,disease_to_no_disease,,,,
3,128,384,128,0,0,0.005861902000106056,0.018027706999419024,True,all genetic population candidates,78,genetic_cfe,11,88249613,95249613,,1024,disease_to_no_disease,,,,
4,128,512,128,0,0,0.0058861590005108155,0.02391386599992984,True,all genetic population candidates,78,genetic_cfe,11,88249613,95249613,,1024,disease_to_no_disease,,,,
5,128,640,128,0,0,0.0057863499996528844,0.029700215999582724,True,all genetic population candidates,78,genetic_cfe,11,88249613,95249613,,1024,disease_to_no_disease,,,,
6,128,768,128,0,0,0.005819859000439465,0.03552007500002219,True,all genetic population candidates,78,genetic_cfe,11,88249613,95249613,,1024,disease_to_no_disease,,,,
7,128,896,128,0,0,0.005826979999255855,0.04134705499927804,True,all genetic population candidates,78,genetic_cfe,11,88249613,95249613,,1024,disease_to_no_disease,,,,
8,128,1024,128,0,0,0.005817015000502579,0.04716406999978062,True,all genetic population candidates,78,genetic_cfe,11,88249613,95249613,,1024,disease_to_no_disease,,,,
1,1024,1024,16,0,0,0.13401105600041774,0.13401105600041774,True,final restart pool only,78,dice_gradient_style,11,88249613,95249613,,1024,disease_to_no_disease,63.0,16.0,16.0,63.0
1,1024,1024,16,0,0,0.11578047199964203,0.11578047199964203,True,final restart pool only,78,wachter_style,11,88249613,95249613,,1024,disease_to_no_disease,63.0,16.0,16.0,63.0
1,128,128,128,0,0,0.006195906999892031,0.006195906999892031,False,all independently sampled candidates,79,uniform_random,11,89249616,96249616,,1024,disease_to_no_disease,,,,
2,128,256,128,0,0,0.0057758800003284705,0.011971787000220502,False,all independently sampled candidates,79,uniform_random,11,89249616,96249616,,1024,disease_to_no_disease,,,,
3,128,384,128,0,0,0.005645840999932261,0.017617628000152763,False,all independently sampled candidates,79,uniform_random,11,89249616,96249616,,1024,disease_to_no_disease,,,,
4,128,512,128,0,0,0.00566440300008253,0.023282031000235293,False,all independently sampled candidates,79,uniform_random,11,89249616,96249616,,1024,disease_to_no_disease,,,,
5,128,640,128,0,0,0.005711816000257386,0.02899384700049268,False,all independently sampled candidates,79,uniform_random,11,89249616,96249616,,1024,disease_to_no_disease,,,,
6,128,768,128,0,0,0.0056383639994237456,0.034632210999916424,False,all independently sampled candidates,79,uniform_random,11,89249616,96249616,,1024,disease_to_no_disease,,,,
7,128,896,128,0,0,0.005707176000214531,0.040339387000130955,False,all independently sampled candidates,79,uniform_random,11,89249616,96249616,,1024,disease_to_no_disease,,,,
8,128,1024,128,0,0,0.00562723500024731,0.045966622000378266,False,all independently sampled candidates,79,uniform_random,11,89249616,96249616,,1024,disease_to_no_disease,,,,
1,128,128,128,0,0,0.005774532000032195,0.005774532000032195,True,all genetic population candidates,79,genetic_cfe,11,89249616,96249616,,1024,disease_to_no_disease,,,,
2,128,256,128,0,0,0.0060042930008421536,0.011778825000874349,True,all genetic population candidates,79,genetic_cfe,11,89249616,96249616,,1024,disease_to_no_disease,,,,
3,128,384,128,0,0,0.005961668999589165,0.017740494000463514,True,all genetic population candidates,79,genetic_cfe,11,89249616,96249616,,1024,disease_to_no_disease,,,,
4,128,512,128,0,0,0.005862555999556207,0.02360305000001972,True,all genetic population candidates,79,genetic_cfe,11,89249616,96249616,,1024,disease_to_no_disease,,,,
5,128,640,128,0,0,0.005768550000539108,0.02937160000055883,True,all genetic population candidates,79,genetic_cfe,11,89249616,96249616,,1024,disease_to_no_disease,,,,
6,128,768,128,0,0,0.006326163000267115,0.035697763000825944,True,all genetic population candidates,79,genetic_cfe,11,89249616,96249616,,1024,disease_to_no_disease,,,,
7,128,896,128,0,0,0.005809034999401774,0.04150679800022772,True,all genetic population candidates,79,genetic_cfe,11,89249616,96249616,,1024,disease_to_no_disease,,,,
8,128,1024,128,0,0,0.005811888000607723,0.04731868600083544,True,all genetic population candidates,79,genetic_cfe,11,89249616,96249616,,1024,disease_to_no_disease,,,,
1,1024,1024,16,4,2,0.1328142200000002,0.1328142200000002,True,final restart pool only,79,dice_gradient_style,11,89249616,96249616,,1024,disease_to_no_disease,63.0,16.0,16.0,63.0
1,1024,1024,16,4,2,0.11332587800006877,0.11332587800006877,True,final restart pool only,79,wachter_style,11,89249616,96249616,,1024,disease_to_no_disease,63.0,16.0,16.0,63.0
1,128,128,128,0,0,0.005780434999905992,0.005780434999905992,False,all independently sampled candidates,80,uniform_random,11,90249619,97249619,,1024,disease_to_no_disease,,,,
2,128,256,128,0,0,0.0060959600004935055,0.011876395000399498,False,all independently sampled candidates,80,uniform_random,11,90249619,97249619,,1024,disease_to_no_disease,,,,
3,128,384,128,0,0,0.005997562999255024,0.01787395799965452,False,all independently sampled candidates,80,uniform_random,11,90249619,97249619,,1024,disease_to_no_disease,,,,
4,128,512,128,0,0,0.00569218400050886,0.02356614200016338,False,all independently sampled candidates,80,uniform_random,11,90249619,97249619,,1024,disease_to_no_disease,,,,
5,128,640,128,0,0,0.00595542100018065,0.02952156300034403,False,all independently sampled candidates,80,uniform_random,11,90249619,97249619,,1024,disease_to_no_disease,,,,
6,128,768,128,0,0,0.0059845639998457045,0.035506127000189736,False,all independently sampled candidates,80,uniform_random,11,90249619,97249619,,1024,disease_to_no_disease,,,,
7,128,896,128,0,0,0.005908441999963543,0.04141456900015328,False,all independently sampled candidates,80,uniform_random,11,90249619,97249619,,1024,disease_to_no_disease,,,,
8,128,1024,128,0,0,0.005754998999691452,0.04716956799984473,False,all independently sampled candidates,80,uniform_random,11,90249619,97249619,,1024,disease_to_no_disease,,,,
1,128,128,128,0,0,0.005778885999461636,0.005778885999461636,True,all genetic population candidates,80,genetic_cfe,11,90249619,97249619,,1024,disease_to_no_disease,,,,
2,128,256,128,0,0,0.006355718000122579,0.012134603999584215,True,all genetic population candidates,80,genetic_cfe,11,90249619,97249619,,1024,disease_to_no_disease,,,,
3,128,384,128,0,0,0.007277462999809359,0.019412066999393573,True,all genetic population candidates,80,genetic_cfe,11,90249619,97249619,,1024,disease_to_no_disease,,,,
4,128,512,128,0,0,0.005986525000480469,0.025398591999874043,True,all genetic population candidates,80,genetic_cfe,11,90249619,97249619,,1024,disease_to_no_disease,,,,
5,128,640,128,0,0,0.006221883999387501,0.031620475999261544,True,all genetic population candidates,80,genetic_cfe,11,90249619,97249619,,1024,disease_to_no_disease,,,,
6,128,768,128,0,0,0.00609065900061978,0.037711134999881324,True,all genetic population candidates,80,genetic_cfe,11,90249619,97249619,,1024,disease_to_no_disease,,,,
7,128,896,128,0,0,0.005927696000071592,0.043638830999952916,True,all genetic population candidates,80,genetic_cfe,11,90249619,97249619,,1024,disease_to_no_disease,,,,
8,128,1024,128,0,0,0.005979622999802814,0.04961845399975573,True,all genetic population candidates,80,genetic_cfe,11,90249619,97249619,,1024,disease_to_no_disease,,,,
1,1024,1024,16,0,0,0.12809371700041083,0.12809371700041083,True,final restart pool only,80,dice_gradient_style,11,90249619,97249619,,1024,disease_to_no_disease,63.0,16.0,16.0,63.0
1,1024,1024,16,0,0,0.11004074700031197,0.11004074700031197,True,final restart pool only,80,wachter_style,11,90249619,97249619,,1024,disease_to_no_disease,63.0,16.0,16.0,63.0
1,128,128,128,0,0,0.005716280000342522,0.005716280000342522,False,all independently sampled candidates,81,uniform_random,11,91249622,98249622,,1024,disease_to_no_disease,,,,
2,128,256,128,0,0,0.006113151000135986,0.011829431000478507,False,all independently sampled candidates,81,uniform_random,11,91249622,98249622,,1024,disease_to_no_disease,,,,
3,128,384,128,0,0,0.005699324999113742,0.01752875599959225,False,all independently sampled candidates,81,uniform_random,11,91249622,98249622,,1024,disease_to_no_disease,,,,
4,128,512,128,0,0,0.00571392200072296,0.02324267800031521,False,all independently sampled candidates,81,uniform_random,11,91249622,98249622,,1024,disease_to_no_disease,,,,
5,128,640,128,0,0,0.005707780999728129,0.028950459000043338,False,all independently sampled candidates,81,uniform_random,11,91249622,98249622,,1024,disease_to_no_disease,,,,
6,128,768,128,0,0,0.005808676000015112,0.03475913500005845,False,all independently sampled candidates,81,uniform_random,11,91249622,98249622,,1024,disease_to_no_disease,,,,
7,128,896,128,0,0,0.0064913599999272265,0.041250494999985676,False,all independently sampled candidates,81,uniform_random,11,91249622,98249622,,1024,disease_to_no_disease,,,,
8,128,1024,128,0,0,0.006391896000423003,0.04764239100040868,False,all independently sampled candidates,81,uniform_random,11,91249622,98249622,,1024,disease_to_no_disease,,,,
1,128,128,128,0,0,0.005690295999556838,0.005690295999556838,True,all genetic population candidates,81,genetic_cfe,11,91249622,98249622,,1024,disease_to_no_disease,,,,
2,128,256,128,0,0,0.006154687000162085,0.011844982999718923,True,all genetic population candidates,81,genetic_cfe,11,91249622,98249622,,1024,disease_to_no_disease,,,,
3,128,384,128,0,0,0.006224716999895463,0.018069699999614386,True,all genetic population candidates,81,genetic_cfe,11,91249622,98249622,,1024,disease_to_no_disease,,,,
4,128,512,128,0,0,0.006009089000144741,0.024078788999759126,True,all genetic population candidates,81,genetic_cfe,11,91249622,98249622,,1024,disease_to_no_disease,,,,
5,128,640,128,0,0,0.005821521000143548,0.029900309999902674,True,all genetic population candidates,81,genetic_cfe,11,91249622,98249622,,1024,disease_to_no_disease,,,,
6,128,768,128,0,0,0.006174905000079889,0.03607521499998256,True,all genetic population candidates,81,genetic_cfe,11,91249622,98249622,,1024,disease_to_no_disease,,,,
7,128,896,128,0,0,0.005876317999536695,0.04195153299951926,True,all genetic population candidates,81,genetic_cfe,11,91249622,98249622,,1024,disease_to_no_disease,,,,
8,128,1024,128,0,0,0.005792627000118955,0.047744159999638214,True,all genetic population candidates,81,genetic_cfe,11,91249622,98249622,,1024,disease_to_no_disease,,,,
1,1024,1024,16,0,0,0.12731452499974694,0.12731452499974694,True,final restart pool only,81,dice_gradient_style,11,91249622,98249622,,1024,disease_to_no_disease,63.0,16.0,16.0,63.0
1,1024,1024,16,0,0,0.11292630600019038,0.11292630600019038,True,final restart pool only,81,wachter_style,11,91249622,98249622,,1024,disease_to_no_disease,63.0,16.0,16.0,63.0
1,128,128,128,0,0,0.0056215100003100815,0.0056215100003100815,False,all independently sampled candidates,82,uniform_random,11,92249625,99249625,,1024,disease_to_no_disease,,,,
2,128,256,128,0,0,0.005706633999579935,0.011328143999890017,False,all independently sampled candidates,82,uniform_random,11,92249625,99249625,,1024,disease_to_no_disease,,,,
3,128,384,128,0,0,0.00562452000031044,0.016952664000200457,False,all independently sampled candidates,82,uniform_random,11,92249625,99249625,,1024,disease_to_no_disease,,,,
4,128,512,128,1,1,0.0056794419997459045,0.02263210599994636,False,all independently sampled candidates,82,uniform_random,11,92249625,99249625,,1024,disease_to_no_disease,,,,
5,128,640,128,0,1,0.005638628999804496,0.028270734999750857,False,all independently sampled candidates,82,uniform_random,11,92249625,99249625,,1024,disease_to_no_disease,,,,
6,128,768,128,0,1,0.005658021999806806,0.03392875699955766,False,all independently sampled candidates,82,uniform_random,11,92249625,99249625,,1024,disease_to_no_disease,,,,
7,128,896,128,1,2,0.005817453999952704,0.03974621099951037,False,all independently sampled candidates,82,uniform_random,11,92249625,99249625,,1024,disease_to_no_disease,,,,
8,128,1024,128,1,2,0.0056611270001667435,0.04540733799967711,False,all independently sampled candidates,82,uniform_random,11,92249625,99249625,,1024,disease_to_no_disease,,,,
1,128,128,128,0,0,0.005700808000256075,0.005700808000256075,True,all genetic population candidates,82,genetic_cfe,11,92249625,99249625,,1024,disease_to_no_disease,,,,
2,128,256,128,0,0,0.005771254999672237,0.011472062999928312,True,all genetic population candidates,82,genetic_cfe,11,92249625,99249625,,1024,disease_to_no_disease,,,,
3,128,384,128,0,0,0.006412591000298562,0.017884654000226874,True,all genetic population candidates,82,genetic_cfe,11,92249625,99249625,,1024,disease_to_no_disease,,,,
4,128,512,128,0,0,0.005890884000109509,0.023775538000336383,True,all genetic population candidates,82,genetic_cfe,11,92249625,99249625,,1024,disease_to_no_disease,,,,
5,128,640,128,0,0,0.005773700999270659,0.02954923899960704,True,all genetic population candidates,82,genetic_cfe,11,92249625,99249625,,1024,disease_to_no_disease,,,,
6,128,768,128,3,1,0.006269571000302676,0.03581880999990972,True,all genetic population candidates,82,genetic_cfe,11,92249625,99249625,,1024,disease_to_no_disease,,,,
7,128,896,128,7,1,0.005962131999694975,0.04178094199960469,True,all genetic population candidates,82,genetic_cfe,11,92249625,99249625,,1024,disease_to_no_disease,,,,
8,128,1024,128,21,2,0.00670855600037612,0.04848949799998081,True,all genetic population candidates,82,genetic_cfe,11,92249625,99249625,,1024,disease_to_no_disease,,,,
1,1024,1024,16,7,2,0.13522610400013946,0.13522610400013946,True,final restart pool only,82,dice_gradient_style,11,92249625,99249625,,1024,disease_to_no_disease,63.0,16.0,16.0,63.0
1,1024,1024,16,7,2,0.11680301400065218,0.11680301400065218,True,final restart pool only,82,wachter_style,11,92249625,99249625,,1024,disease_to_no_disease,63.0,16.0,16.0,63.0
1,128,128,128,0,0,0.006007219999446534,0.006007219999446534,False,all independently sampled candidates,83,uniform_random,11,93249628,100249628,,1024,disease_to_no_disease,,,,
2,128,256,128,0,0,0.005718383999919752,0.011725603999366285,False,all independently sampled candidates,83,uniform_random,11,93249628,100249628,,1024,disease_to_no_disease,,,,
3,128,384,128,0,0,0.005627876000289689,0.017353479999655974,False,all independently sampled candidates,83,uniform_random,11,93249628,100249628,,1024,disease_to_no_disease,,,,
4,128,512,128,0,0,0.005652746000123443,0.023006225999779417,False,all independently sampled candidates,83,uniform_random,11,93249628,100249628,,1024,disease_to_no_disease,,,,
5,128,640,128,1,1,0.005637903000206279,0.028644128999985696,False,all independently sampled candidates,83,uniform_random,11,93249628,100249628,,1024,disease_to_no_disease,,,,
6,128,768,128,0,1,0.006305748999693606,0.0349498779996793,False,all independently sampled candidates,83,uniform_random,11,93249628,100249628,,1024,disease_to_no_disease,,,,
7,128,896,128,2,3,0.006089311000323505,0.04103918900000281,False,all independently sampled candidates,83,uniform_random,11,93249628,100249628,,1024,disease_to_no_disease,,,,
8,128,1024,128,3,6,0.006114965000051598,0.047154154000054405,False,all independently sampled candidates,83,uniform_random,11,93249628,100249628,,1024,disease_to_no_disease,,,,
1,128,128,128,0,0,0.0057826689999274095,0.0057826689999274095,True,all genetic population candidates,83,genetic_cfe,11,93249628,100249628,,1024,disease_to_no_disease,,,,
2,128,256,128,0,0,0.006006333000186714,0.011789002000114124,True,all genetic population candidates,83,genetic_cfe,11,93249628,100249628,,1024,disease_to_no_disease,,,,
3,128,384,128,0,0,0.005733351999879233,0.017522353999993356,True,all genetic population candidates,83,genetic_cfe,11,93249628,100249628,,1024,disease_to_no_disease,,,,
4,128,512,128,1,1,0.005762505000348028,0.023284859000341385,True,all genetic population candidates,83,genetic_cfe,11,93249628,100249628,,1024,disease_to_no_disease,,,,
5,128,640,128,3,1,0.005856786999174801,0.029141645999516186,True,all genetic population candidates,83,genetic_cfe,11,93249628,100249628,,1024,disease_to_no_disease,,,,
6,128,768,128,8,1,0.006461468000452442,0.03560311399996863,True,all genetic population candidates,83,genetic_cfe,11,93249628,100249628,,1024,disease_to_no_disease,,,,
7,128,896,128,25,3,0.006585797999832721,0.04218891199980135,True,all genetic population candidates,83,genetic_cfe,11,93249628,100249628,,1024,disease_to_no_disease,,,,
8,128,1024,128,60,4,0.007363282000369509,0.04955219400017086,True,all genetic population candidates,83,genetic_cfe,11,93249628,100249628,,1024,disease_to_no_disease,,,,
1,1024,1024,16,11,3,0.13363047999973787,0.13363047999973787,True,final restart pool only,83,dice_gradient_style,11,93249628,100249628,,1024,disease_to_no_disease,63.0,16.0,16.0,63.0
1,1024,1024,16,11,3,0.11689867499990214,0.11689867499990214,True,final restart pool only,83,wachter_style,11,93249628,100249628,,1024,disease_to_no_disease,63.0,16.0,16.0,63.0
1,128,128,128,0,0,0.00565742999970098,0.00565742999970098,False,all independently sampled candidates,84,uniform_random,11,94249631,101249631,,1024,disease_to_no_disease,,,,
2,128,256,128,0,0,0.005760203999670921,0.011417633999371901,False,all independently sampled candidates,84,uniform_random,11,94249631,101249631,,1024,disease_to_no_disease,,,,
3,128,384,128,0,0,0.00594012900000962,0.01735776299938152,False,all independently sampled candidates,84,uniform_random,11,94249631,101249631,,1024,disease_to_no_disease,,,,
4,128,512,128,0,0,0.005588601000454219,0.02294636399983574,False,all independently sampled candidates,84,uniform_random,11,94249631,101249631,,1024,disease_to_no_disease,,,,
5,128,640,128,0,0,0.005660171999807062,0.0286065359996428,False,all independently sampled candidates,84,uniform_random,11,94249631,101249631,,1024,disease_to_no_disease,,,,
6,128,768,128,0,0,0.005675946000337717,0.03428248199998052,False,all independently sampled candidates,84,uniform_random,11,94249631,101249631,,1024,disease_to_no_disease,,,,
7,128,896,128,0,0,0.005820882999614696,0.040103364999595215,False,all independently sampled candidates,84,uniform_random,11,94249631,101249631,,1024,disease_to_no_disease,,,,
8,128,1024,128,0,0,0.005647027000122762,0.045750391999717976,False,all independently sampled candidates,84,uniform_random,11,94249631,101249631,,1024,disease_to_no_disease,,,,
1,128,128,128,0,0,0.005647212999974727,0.005647212999974727,True,all genetic population candidates,84,genetic_cfe,11,94249631,101249631,,1024,disease_to_no_disease,,,,
2,128,256,128,0,0,0.005971227000372892,0.011618440000347618,True,all genetic population candidates,84,genetic_cfe,11,94249631,101249631,,1024,disease_to_no_disease,,,,
3,128,384,128,0,0,0.006011397000293073,0.01762983700064069,True,all genetic population candidates,84,genetic_cfe,11,94249631,101249631,,1024,disease_to_no_disease,,,,
4,128,512,128,0,0,0.006125588000031712,0.023755425000672403,True,all genetic population candidates,84,genetic_cfe,11,94249631,101249631,,1024,disease_to_no_disease,,,,
5,128,640,128,0,0,0.006528135999360529,0.030283561000032932,True,all genetic population candidates,84,genetic_cfe,11,94249631,101249631,,1024,disease_to_no_disease,,,,
6,128,768,128,0,0,0.0057794170006673085,0.03606297800070024,True,all genetic population candidates,84,genetic_cfe,11,94249631,101249631,,1024,disease_to_no_disease,,,,
7,128,896,128,0,0,0.005812877999233024,0.041875855999933265,True,all genetic population candidates,84,genetic_cfe,11,94249631,101249631,,1024,disease_to_no_disease,,,,
8,128,1024,128,0,0,0.005785764000393101,0.047661620000326366,True,all genetic population candidates,84,genetic_cfe,11,94249631,101249631,,1024,disease_to_no_disease,,,,
1,1024,1024,16,0,0,0.13277907900010177,0.13277907900010177,True,final restart pool only,84,dice_gradient_style,11,94249631,101249631,,1024,disease_to_no_disease,63.0,16.0,16.0,63.0
1,1024,1024,16,0,0,0.11514471500049694,0.11514471500049694,True,final restart pool only,84,wachter_style,11,94249631,101249631,,1024,disease_to_no_disease,63.0,16.0,16.0,63.0
1,128,128,128,0,0,0.005833710999468167,0.005833710999468167,False,all independently sampled candidates,85,uniform_random,11,95249634,102249634,,1024,disease_to_no_disease,,,,
2,128,256,128,0,0,0.006010574000356428,0.011844284999824595,False,all independently sampled candidates,85,uniform_random,11,95249634,102249634,,1024,disease_to_no_disease,,,,
3,128,384,128,0,0,0.005754797999543371,0.017599082999367965,False,all independently sampled candidates,85,uniform_random,11,95249634,102249634,,1024,disease_to_no_disease,,,,
4,128,512,128,0,0,0.005854949999957171,0.023454032999325136,False,all independently sampled candidates,85,uniform_random,11,95249634,102249634,,1024,disease_to_no_disease,,,,
5,128,640,128,0,0,0.005816533000142954,0.02927056599946809,False,all independently sampled candidates,85,uniform_random,11,95249634,102249634,,1024,disease_to_no_disease,,,,
6,128,768,128,0,0,0.005980583000564366,0.035251149000032456,False,all independently sampled candidates,85,uniform_random,11,95249634,102249634,,1024,disease_to_no_disease,,,,
7,128,896,128,1,1,0.006116865999501897,0.04136801499953435,False,all independently sampled candidates,85,uniform_random,11,95249634,102249634,,1024,disease_to_no_disease,,,,
8,128,1024,128,2,3,0.006299167000179295,0.04766718199971365,False,all independently sampled candidates,85,uniform_random,11,95249634,102249634,,1024,disease_to_no_disease,,,,
1,128,128,128,0,0,0.006485834999693907,0.006485834999693907,True,all genetic population candidates,85,genetic_cfe,11,95249634,102249634,,1024,disease_to_no_disease,,,,
2,128,256,128,0,0,0.005983531000310904,0.012469366000004811,True,all genetic population candidates,85,genetic_cfe,11,95249634,102249634,,1024,disease_to_no_disease,,,,
3,128,384,128,0,0,0.0058140659994023736,0.018283431999407185,True,all genetic population candidates,85,genetic_cfe,11,95249634,102249634,,1024,disease_to_no_disease,,,,
4,128,512,128,0,0,0.006134508999821264,0.02441794099922845,True,all genetic population candidates,85,genetic_cfe,11,95249634,102249634,,1024,disease_to_no_disease,,,,
5,128,640,128,0,0,0.005965800000012678,0.030383740999241127,True,all genetic population candidates,85,genetic_cfe,11,95249634,102249634,,1024,disease_to_no_disease,,,,
6,128,768,128,0,0,0.006053396999959659,0.036437137999200786,True,all genetic population candidates,85,genetic_cfe,11,95249634,102249634,,1024,disease_to_no_disease,,,,
7,128,896,128,0,0,0.005845491000400216,0.042282628999601,True,all genetic population candidates,85,genetic_cfe,11,95249634,102249634,,1024,disease_to_no_disease,,,,
8,128,1024,128,1,1,0.005939462999776879,0.04822209199937788,True,all genetic population candidates,85,genetic_cfe,11,95249634,102249634,,1024,disease_to_no_disease,,,,
1,1024,1024,16,4,1,0.13093382799979736,0.13093382799979736,True,final restart pool only,85,dice_gradient_style,11,95249634,102249634,,1024,disease_to_no_disease,63.0,16.0,16.0,63.0
1,1024,1024,16,4,1,0.11664703499991447,0.11664703499991447,True,final restart pool only,85,wachter_style,11,95249634,102249634,,1024,disease_to_no_disease,63.0,16.0,16.0,63.0
1,128,128,128,0,0,0.0056508530005885405,0.0056508530005885405,False,all independently sampled candidates,86,uniform_random,11,96249637,103249637,,1024,disease_to_no_disease,,,,
2,128,256,128,0,0,0.005628367999634065,0.011279221000222606,False,all independently sampled candidates,86,uniform_random,11,96249637,103249637,,1024,disease_to_no_disease,,,,
3,128,384,128,0,0,0.005813314000079117,0.017092535000301723,False,all independently sampled candidates,86,uniform_random,11,96249637,103249637,,1024,disease_to_no_disease,,,,
4,128,512,128,2,2,0.005937764000009338,0.02303029900031106,False,all independently sampled candidates,86,uniform_random,11,96249637,103249637,,1024,disease_to_no_disease,,,,
5,128,640,128,1,3,0.005673812999702932,0.028704112000013993,False,all independently sampled candidates,86,uniform_random,11,96249637,103249637,,1024,disease_to_no_disease,,,,
6,128,768,128,3,5,0.005723207000301045,0.03442731900031504,False,all independently sampled candidates,86,uniform_random,11,96249637,103249637,,1024,disease_to_no_disease,,,,
7,128,896,128,4,8,0.0057891039996320615,0.0402164229999471,False,all independently sampled candidates,86,uniform_random,11,96249637,103249637,,1024,disease_to_no_disease,,,,
8,128,1024,128,4,12,0.005798981000225467,0.046015404000172566,False,all independently sampled candidates,86,uniform_random,11,96249637,103249637,,1024,disease_to_no_disease,,,,
1,128,128,128,0,0,0.005756857000051241,0.005756857000051241,True,all genetic population candidates,86,genetic_cfe,11,96249637,103249637,,1024,disease_to_no_disease,,,,
2,128,256,128,0,0,0.005747270000028948,0.011504127000080189,True,all genetic population candidates,86,genetic_cfe,11,96249637,103249637,,1024,disease_to_no_disease,,,,
3,128,384,128,4,2,0.005878270999346569,0.017382397999426757,True,all genetic population candidates,86,genetic_cfe,11,96249637,103249637,,1024,disease_to_no_disease,,,,
4,128,512,128,16,2,0.00620563500069693,0.023588033000123687,True,all genetic population candidates,86,genetic_cfe,11,96249637,103249637,,1024,disease_to_no_disease,,,,
5,128,640,128,48,4,0.006876856999951997,0.030464890000075684,True,all genetic population candidates,86,genetic_cfe,11,96249637,103249637,,1024,disease_to_no_disease,,,,
6,128,768,128,93,7,0.008198341999559489,0.03866323199963517,True,all genetic population candidates,86,genetic_cfe,11,96249637,103249637,,1024,disease_to_no_disease,,,,
7,128,896,128,109,10,0.00857867000013357,0.04724190199976874,True,all genetic population candidates,86,genetic_cfe,11,96249637,103249637,,1024,disease_to_no_disease,,,,
8,128,1024,128,117,12,0.008996343999569945,0.05623824599933869,True,all genetic population candidates,86,genetic_cfe,11,96249637,103249637,,1024,disease_to_no_disease,,,,
1,1024,1024,16,16,8,0.13352952799959894,0.13352952799959894,True,final restart pool only,86,dice_gradient_style,11,96249637,103249637,,1024,disease_to_no_disease,63.0,16.0,16.0,63.0
1,1024,1024,16,16,7,0.11207690999981423,0.11207690999981423,True,final restart pool only,86,wachter_style,11,96249637,103249637,,1024,disease_to_no_disease,63.0,16.0,16.0,63.0
1,128,128,128,0,0,0.005579667000347399,0.005579667000347399,False,all independently sampled candidates,87,uniform_random,11,97249640,104249640,,1024,disease_to_no_disease,,,,
2,128,256,128,0,0,0.0055700089997117175,0.011149676000059117,False,all independently sampled candidates,87,uniform_random,11,97249640,104249640,,1024,disease_to_no_disease,,,,
3,128,384,128,1,1,0.005559650000577676,0.016709326000636793,False,all independently sampled candidates,87,uniform_random,11,97249640,104249640,,1024,disease_to_no_disease,,,,
4,128,512,128,5,4,0.005743168999288173,0.022452494999924966,False,all independently sampled candidates,87,uniform_random,11,97249640,104249640,,1024,disease_to_no_disease,,,,
5,128,640,128,1,4,0.005580732000453281,0.028033227000378247,False,all independently sampled candidates,87,uniform_random,11,97249640,104249640,,1024,disease_to_no_disease,,,,
6,128,768,128,4,8,0.005736295000133396,0.03376952200051164,False,all independently sampled candidates,87,uniform_random,11,97249640,104249640,,1024,disease_to_no_disease,,,,
7,128,896,128,5,11,0.005867500999556796,0.03963702300006844,False,all independently sampled candidates,87,uniform_random,11,97249640,104249640,,1024,disease_to_no_disease,,,,
8,128,1024,128,6,14,0.0058507749999989755,0.045487798000067414,False,all independently sampled candidates,87,uniform_random,11,97249640,104249640,,1024,disease_to_no_disease,,,,
1,128,128,128,0,0,0.005679717000020901,0.005679717000020901,True,all genetic population candidates,87,genetic_cfe,11,97249640,104249640,,1024,disease_to_no_disease,,,,
2,128,256,128,2,2,0.006078499000068405,0.011758216000089305,True,all genetic population candidates,87,genetic_cfe,11,97249640,104249640,,1024,disease_to_no_disease,,,,
3,128,384,128,4,2,0.006640951000008499,0.018399167000097805,True,all genetic population candidates,87,genetic_cfe,11,97249640,104249640,,1024,disease_to_no_disease,,,,
4,128,512,128,10,2,0.0061928309996801545,0.02459199799977796,True,all genetic population candidates,87,genetic_cfe,11,97249640,104249640,,1024,disease_to_no_disease,,,,
5,128,640,128,26,2,0.006670450999990862,0.03126244899976882,True,all genetic population candidates,87,genetic_cfe,11,97249640,104249640,,1024,disease_to_no_disease,,,,
6,128,768,128,48,3,0.007176869000431907,0.03843931800020073,True,all genetic population candidates,87,genetic_cfe,11,97249640,104249640,,1024,disease_to_no_disease,,,,
7,128,896,128,84,4,0.008287806000225828,0.046727124000426556,True,all genetic population candidates,87,genetic_cfe,11,97249640,104249640,,1024,disease_to_no_disease,,,,
8,128,1024,128,108,4,0.010554607999438304,0.05728173199986486,True,all genetic population candidates,87,genetic_cfe,11,97249640,104249640,,1024,disease_to_no_disease,,,,
1,1024,1024,16,16,4,0.1372692109998752,0.1372692109998752,True,final restart pool only,87,dice_gradient_style,11,97249640,104249640,,1024,disease_to_no_disease,63.0,16.0,16.0,63.0
1,1024,1024,16,16,4,0.11727595999946061,0.11727595999946061,True,final restart pool only,87,wachter_style,11,97249640,104249640,,1024,disease_to_no_disease,63.0,16.0,16.0,63.0
1,128,128,128,0,0,0.005749527000261878,0.005749527000261878,False,all independently sampled candidates,88,uniform_random,11,98249643,105249643,,1024,disease_to_no_disease,,,,
2,128,256,128,0,0,0.005669330999808153,0.011418858000070031,False,all independently sampled candidates,88,uniform_random,11,98249643,105249643,,1024,disease_to_no_disease,,,,
3,128,384,128,0,0,0.0056054870001389645,0.017024345000208996,False,all independently sampled candidates,88,uniform_random,11,98249643,105249643,,1024,disease_to_no_disease,,,,
4,128,512,128,0,0,0.005750798000008217,0.022775143000217213,False,all independently sampled candidates,88,uniform_random,11,98249643,105249643,,1024,disease_to_no_disease,,,,
5,128,640,128,0,0,0.005692347999683989,0.0284674909999012,False,all independently sampled candidates,88,uniform_random,11,98249643,105249643,,1024,disease_to_no_disease,,,,
6,128,768,128,0,0,0.005813843999931123,0.034281334999832325,False,all independently sampled candidates,88,uniform_random,11,98249643,105249643,,1024,disease_to_no_disease,,,,
7,128,896,128,0,0,0.005704383999727725,0.03998571899956005,False,all independently sampled candidates,88,uniform_random,11,98249643,105249643,,1024,disease_to_no_disease,,,,
8,128,1024,128,0,0,0.0060824510001111776,0.04606816999967123,False,all independently sampled candidates,88,uniform_random,11,98249643,105249643,,1024,disease_to_no_disease,,,,
1,128,128,128,0,0,0.0057762229998843395,0.0057762229998843395,True,all genetic population candidates,88,genetic_cfe,11,98249643,105249643,,1024,disease_to_no_disease,,,,
2,128,256,128,0,0,0.005829951000123401,0.01160617400000774,True,all genetic population candidates,88,genetic_cfe,11,98249643,105249643,,1024,disease_to_no_disease,,,,
3,128,384,128,0,0,0.005844376999448286,0.017450550999456027,True,all genetic population candidates,88,genetic_cfe,11,98249643,105249643,,1024,disease_to_no_disease,,,,
4,128,512,128,0,0,0.005822463000185962,0.02327301399964199,True,all genetic population candidates,88,genetic_cfe,11,98249643,105249643,,1024,disease_to_no_disease,,,,
5,128,640,128,0,0,0.005830066000271472,0.02910307999991346,True,all genetic population candidates,88,genetic_cfe,11,98249643,105249643,,1024,disease_to_no_disease,,,,
6,128,768,128,0,0,0.005808965000142052,0.034912045000055514,True,all genetic population candidates,88,genetic_cfe,11,98249643,105249643,,1024,disease_to_no_disease,,,,
7,128,896,128,0,0,0.005959158999758074,0.04087120399981359,True,all genetic population candidates,88,genetic_cfe,11,98249643,105249643,,1024,disease_to_no_disease,,,,
8,128,1024,128,0,0,0.005853980999745545,0.04672518499955913,True,all genetic population candidates,88,genetic_cfe,11,98249643,105249643,,1024,disease_to_no_disease,,,,
1,1024,1024,16,1,1,0.132809769999767,0.132809769999767,True,final restart pool only,88,dice_gradient_style,11,98249643,105249643,,1024,disease_to_no_disease,63.0,16.0,16.0,63.0
1,1024,1024,16,1,1,0.1184785709992866,0.1184785709992866,True,final restart pool only,88,wachter_style,11,98249643,105249643,,1024,disease_to_no_disease,63.0,16.0,16.0,63.0
1,128,128,128,0,0,0.006402528999387869,0.006402528999387869,False,all independently sampled candidates,89,uniform_random,11,99249646,106249646,,1024,disease_to_no_disease,,,,
2,128,256,128,0,0,0.006130357000074582,0.01253288599946245,False,all independently sampled candidates,89,uniform_random,11,99249646,106249646,,1024,disease_to_no_disease,,,,
3,128,384,128,0,0,0.006440359000407625,0.018973244999870076,False,all independently sampled candidates,89,uniform_random,11,99249646,106249646,,1024,disease_to_no_disease,,,,
4,128,512,128,0,0,0.005700783000065712,0.024674027999935788,False,all independently sampled candidates,89,uniform_random,11,99249646,106249646,,1024,disease_to_no_disease,,,,
5,128,640,128,0,0,0.006125167999925907,0.030799195999861695,False,all independently sampled candidates,89,uniform_random,11,99249646,106249646,,1024,disease_to_no_disease,,,,
6,128,768,128,0,0,0.005738650999774109,0.036537846999635804,False,all independently sampled candidates,89,uniform_random,11,99249646,106249646,,1024,disease_to_no_disease,,,,
7,128,896,128,1,1,0.005639085999973759,0.04217693299960956,False,all independently sampled candidates,89,uniform_random,11,99249646,106249646,,1024,disease_to_no_disease,,,,
8,128,1024,128,0,1,0.00559942299969407,0.04777635599930363,False,all independently sampled candidates,89,uniform_random,11,99249646,106249646,,1024,disease_to_no_disease,,,,
1,128,128,128,0,0,0.005726360000153363,0.005726360000153363,True,all genetic population candidates,89,genetic_cfe,11,99249646,106249646,,1024,disease_to_no_disease,,,,
2,128,256,128,0,0,0.005892504000257759,0.011618864000411122,True,all genetic population candidates,89,genetic_cfe,11,99249646,106249646,,1024,disease_to_no_disease,,,,
3,128,384,128,0,0,0.005809682999824872,0.017428547000235994,True,all genetic population candidates,89,genetic_cfe,11,99249646,106249646,,1024,disease_to_no_disease,,,,
4,128,512,128,0,0,0.005809111000417033,0.023237658000653028,True,all genetic population candidates,89,genetic_cfe,11,99249646,106249646,,1024,disease_to_no_disease,,,,
5,128,640,128,0,0,0.005915077999816276,0.029152736000469304,True,all genetic population candidates,89,genetic_cfe,11,99249646,106249646,,1024,disease_to_no_disease,,,,
6,128,768,128,0,0,0.005736133000027621,0.034888869000496925,True,all genetic population candidates,89,genetic_cfe,11,99249646,106249646,,1024,disease_to_no_disease,,,,
7,128,896,128,0,0,0.006138470999758283,0.04102734000025521,True,all genetic population candidates,89,genetic_cfe,11,99249646,106249646,,1024,disease_to_no_disease,,,,
8,128,1024,128,0,0,0.0058141079998677014,0.04684144800012291,True,all genetic population candidates,89,genetic_cfe,11,99249646,106249646,,1024,disease_to_no_disease,,,,
1,1024,1024,16,10,4,0.13532780300010927,0.13532780300010927,True,final restart pool only,89,dice_gradient_style,11,99249646,106249646,,1024,disease_to_no_disease,63.0,16.0,16.0,63.0
1,1024,1024,16,10,4,0.11474782899949787,0.11474782899949787,True,final restart pool only,89,wachter_style,11,99249646,106249646,,1024,disease_to_no_disease,63.0,16.0,16.0,63.0
1,128,128,128,0,0,0.005944935999650625,0.005944935999650625,False,all independently sampled candidates,90,uniform_random,11,100249649,107249649,,1024,disease_to_no_disease,,,,
2,128,256,128,0,0,0.00579569499950594,0.011740630999156565,False,all independently sampled candidates,90,uniform_random,11,100249649,107249649,,1024,disease_to_no_disease,,,,
3,128,384,128,0,0,0.005942354000580963,0.017682984999737528,False,all independently sampled candidates,90,uniform_random,11,100249649,107249649,,1024,disease_to_no_disease,,,,
4,128,512,128,0,0,0.005792207999547827,0.023475192999285355,False,all independently sampled candidates,90,uniform_random,11,100249649,107249649,,1024,disease_to_no_disease,,,,
5,128,640,128,0,0,0.005664774000251782,0.029139966999537137,False,all independently sampled candidates,90,uniform_random,11,100249649,107249649,,1024,disease_to_no_disease,,,,
6,128,768,128,0,0,0.005761299999903713,0.03490126699944085,False,all independently sampled candidates,90,uniform_random,11,100249649,107249649,,1024,disease_to_no_disease,,,,
7,128,896,128,0,0,0.0060793640004703775,0.04098063099991123,False,all independently sampled candidates,90,uniform_random,11,100249649,107249649,,1024,disease_to_no_disease,,,,
8,128,1024,128,0,0,0.0056656950000615325,0.04664632599997276,False,all independently sampled candidates,90,uniform_random,11,100249649,107249649,,1024,disease_to_no_disease,,,,
1,128,128,128,0,0,0.005677587000718631,0.005677587000718631,True,all genetic population candidates,90,genetic_cfe,11,100249649,107249649,,1024,disease_to_no_disease,,,,
2,128,256,128,0,0,0.006012261999785551,0.011689849000504182,True,all genetic population candidates,90,genetic_cfe,11,100249649,107249649,,1024,disease_to_no_disease,,,,
3,128,384,128,0,0,0.006058787999791093,0.017748637000295275,True,all genetic population candidates,90,genetic_cfe,11,100249649,107249649,,1024,disease_to_no_disease,,,,
4,128,512,128,0,0,0.00638863099993614,0.024137268000231415,True,all genetic population candidates,90,genetic_cfe,11,100249649,107249649,,1024,disease_to_no_disease,,,,
5,128,640,128,0,0,0.006100901000536396,0.03023816900076781,True,all genetic population candidates,90,genetic_cfe,11,100249649,107249649,,1024,disease_to_no_disease,,,,
6,128,768,128,0,0,0.006769061999875703,0.037007231000643515,True,all genetic population candidates,90,genetic_cfe,11,100249649,107249649,,1024,disease_to_no_disease,,,,
7,128,896,128,0,0,0.006459563999669626,0.04346679500031314,True,all genetic population candidates,90,genetic_cfe,11,100249649,107249649,,1024,disease_to_no_disease,,,,
8,128,1024,128,0,0,0.006256362000385707,0.04972315700069885,True,all genetic population candidates,90,genetic_cfe,11,100249649,107249649,,1024,disease_to_no_disease,,,,
1,1024,1024,16,0,0,0.13492322599995532,0.13492322599995532,True,final restart pool only,90,dice_gradient_style,11,100249649,107249649,,1024,disease_to_no_disease,63.0,16.0,16.0,63.0
1,1024,1024,16,0,0,0.11762387299950205,0.11762387299950205,True,final restart pool only,90,wachter_style,11,100249649,107249649,,1024,disease_to_no_disease,63.0,16.0,16.0,63.0
1,128,128,128,0,0,0.005647471999509435,0.005647471999509435,False,all independently sampled candidates,91,uniform_random,11,101249652,108249652,,1024,disease_to_no_disease,,,,
2,128,256,128,0,0,0.005633759000374994,0.011281230999884428,False,all independently sampled candidates,91,uniform_random,11,101249652,108249652,,1024,disease_to_no_disease,,,,
3,128,384,128,0,0,0.005662065999786137,0.016943296999670565,False,all independently sampled candidates,91,uniform_random,11,101249652,108249652,,1024,disease_to_no_disease,,,,
4,128,512,128,0,0,0.005679115000020829,0.022622411999691394,False,all independently sampled candidates,91,uniform_random,11,101249652,108249652,,1024,disease_to_no_disease,,,,
5,128,640,128,1,1,0.0059000199998990865,0.02852243199959048,False,all independently sampled candidates,91,uniform_random,11,101249652,108249652,,1024,disease_to_no_disease,,,,
6,128,768,128,2,3,0.0057924660004573525,0.03431489800004783,False,all independently sampled candidates,91,uniform_random,11,101249652,108249652,,1024,disease_to_no_disease,,,,
7,128,896,128,1,3,0.005686802999662177,0.04000170099971001,False,all independently sampled candidates,91,uniform_random,11,101249652,108249652,,1024,disease_to_no_disease,,,,
8,128,1024,128,1,4,0.005656639000335417,0.04565834000004543,False,all independently sampled candidates,91,uniform_random,11,101249652,108249652,,1024,disease_to_no_disease,,,,
1,128,128,128,0,0,0.005936616000326467,0.005936616000326467,True,all genetic population candidates,91,genetic_cfe,11,101249652,108249652,,1024,disease_to_no_disease,,,,
2,128,256,128,0,0,0.007409199999528937,0.013345815999855404,True,all genetic population candidates,91,genetic_cfe,11,101249652,108249652,,1024,disease_to_no_disease,,,,
3,128,384,128,0,0,0.006326542000351765,0.01967235800020717,True,all genetic population candidates,91,genetic_cfe,11,101249652,108249652,,1024,disease_to_no_disease,,,,
4,128,512,128,0,0,0.006168429999888758,0.025840788000095927,True,all genetic population candidates,91,genetic_cfe,11,101249652,108249652,,1024,disease_to_no_disease,,,,
5,128,640,128,0,0,0.006224466000276152,0.03206525400037208,True,all genetic population candidates,91,genetic_cfe,11,101249652,108249652,,1024,disease_to_no_disease,,,,
6,128,768,128,0,0,0.00617651599986857,0.03824177000024065,True,all genetic population candidates,91,genetic_cfe,11,101249652,108249652,,1024,disease_to_no_disease,,,,
7,128,896,128,0,0,0.006100986999626912,0.04434275699986756,True,all genetic population candidates,91,genetic_cfe,11,101249652,108249652,,1024,disease_to_no_disease,,,,
8,128,1024,128,0,0,0.006227823000699573,0.050570580000567134,True,all genetic population candidates,91,genetic_cfe,11,101249652,108249652,,1024,disease_to_no_disease,,,,
1,1024,1024,16,5,1,0.13169165399995109,0.13169165399995109,True,final restart pool only,91,dice_gradient_style,11,101249652,108249652,,1024,disease_to_no_disease,63.0,16.0,16.0,63.0
1,1024,1024,16,5,1,0.10969821700018656,0.10969821700018656,True,final restart pool only,91,wachter_style,11,101249652,108249652,,1024,disease_to_no_disease,63.0,16.0,16.0,63.0
1,128,128,128,0,0,0.005862832999810053,0.005862832999810053,False,all independently sampled candidates,92,uniform_random,11,102249655,109249655,,1024,disease_to_no_disease,,,,
2,128,256,128,0,0,0.005768289999650733,0.011631122999460786,False,all independently sampled candidates,92,uniform_random,11,102249655,109249655,,1024,disease_to_no_disease,,,,
3,128,384,128,0,0,0.005692015000022366,0.01732313799948315,False,all independently sampled candidates,92,uniform_random,11,102249655,109249655,,1024,disease_to_no_disease,,,,
4,128,512,128,1,1,0.00580703400009952,0.02313017199958267,False,all independently sampled candidates,92,uniform_random,11,102249655,109249655,,1024,disease_to_no_disease,,,,
5,128,640,128,3,3,0.005794968000373046,0.028925139999955718,False,all independently sampled candidates,92,uniform_random,11,102249655,109249655,,1024,disease_to_no_disease,,,,
6,128,768,128,1,4,0.005850777999512502,0.03477591799946822,False,all independently sampled candidates,92,uniform_random,11,102249655,109249655,,1024,disease_to_no_disease,,,,
7,128,896,128,6,7,0.005944740000813908,0.04072065800028213,False,all independently sampled candidates,92,uniform_random,11,102249655,109249655,,1024,disease_to_no_disease,,,,
8,128,1024,128,5,8,0.005914946999837412,0.04663560500011954,False,all independently sampled candidates,92,uniform_random,11,102249655,109249655,,1024,disease_to_no_disease,,,,
1,128,128,128,0,0,0.006196946000272874,0.006196946000272874,True,all genetic population candidates,92,genetic_cfe,11,102249655,109249655,,1024,disease_to_no_disease,,,,
2,128,256,128,0,0,0.005792281999674742,0.011989227999947616,True,all genetic population candidates,92,genetic_cfe,11,102249655,109249655,,1024,disease_to_no_disease,,,,
3,128,384,128,1,1,0.005732407999857969,0.017721635999805585,True,all genetic population candidates,92,genetic_cfe,11,102249655,109249655,,1024,disease_to_no_disease,,,,
4,128,512,128,3,1,0.006235040000319714,0.0239566760001253,True,all genetic population candidates,92,genetic_cfe,11,102249655,109249655,,1024,disease_to_no_disease,,,,
5,128,640,128,11,2,0.006048668999937945,0.030005345000063244,True,all genetic population candidates,92,genetic_cfe,11,102249655,109249655,,1024,disease_to_no_disease,,,,
6,128,768,128,23,3,0.006903028000124323,0.036908373000187567,True,all genetic population candidates,92,genetic_cfe,11,102249655,109249655,,1024,disease_to_no_disease,,,,
7,128,896,128,48,4,0.007363867000094615,0.04427224000028218,True,all genetic population candidates,92,genetic_cfe,11,102249655,109249655,,1024,disease_to_no_disease,,,,
8,128,1024,128,75,4,0.008084310999947775,0.052356551000229956,True,all genetic population candidates,92,genetic_cfe,11,102249655,109249655,,1024,disease_to_no_disease,,,,
1,1024,1024,16,15,3,0.12748814299993683,0.12748814299993683,True,final restart pool only,92,dice_gradient_style,11,102249655,109249655,,1024,disease_to_no_disease,63.0,16.0,16.0,63.0
1,1024,1024,16,15,3,0.10775528800058964,0.10775528800058964,True,final restart pool only,92,wachter_style,11,102249655,109249655,,1024,disease_to_no_disease,63.0,16.0,16.0,63.0
1,128,128,128,0,0,0.005746584000007715,0.005746584000007715,False,all independently sampled candidates,93,uniform_random,11,103249658,110249658,,1024,disease_to_no_disease,,,,
2,128,256,128,0,0,0.005637234999994689,0.011383819000002404,False,all independently sampled candidates,93,uniform_random,11,103249658,110249658,,1024,disease_to_no_disease,,,,
3,128,384,128,0,0,0.006143198999779997,0.0175270179997824,False,all independently sampled candidates,93,uniform_random,11,103249658,110249658,,1024,disease_to_no_disease,,,,
4,128,512,128,0,0,0.005707227000129933,0.023234244999912335,False,all independently sampled candidates,93,uniform_random,11,103249658,110249658,,1024,disease_to_no_disease,,,,
5,128,640,128,0,0,0.005728580000322836,0.02896282500023517,False,all independently sampled candidates,93,uniform_random,11,103249658,110249658,,1024,disease_to_no_disease,,,,
6,128,768,128,0,0,0.005711275000066962,0.03467410000030213,False,all independently sampled candidates,93,uniform_random,11,103249658,110249658,,1024,disease_to_no_disease,,,,
7,128,896,128,0,0,0.005664855999384599,0.04033895599968673,False,all independently sampled candidates,93,uniform_random,11,103249658,110249658,,1024,disease_to_no_disease,,,,
8,128,1024,128,0,0,0.005638479000481311,0.04597743500016804,False,all independently sampled candidates,93,uniform_random,11,103249658,110249658,,1024,disease_to_no_disease,,,,
1,128,128,128,0,0,0.005643105999297404,0.005643105999297404,True,all genetic population candidates,93,genetic_cfe,11,103249658,110249658,,1024,disease_to_no_disease,,,,
2,128,256,128,0,0,0.005853958999978204,0.011497064999275608,True,all genetic population candidates,93,genetic_cfe,11,103249658,110249658,,1024,disease_to_no_disease,,,,
3,128,384,128,0,0,0.005841090000103577,0.017338154999379185,True,all genetic population candidates,93,genetic_cfe,11,103249658,110249658,,1024,disease_to_no_disease,,,,
4,128,512,128,0,0,0.005733599999985017,0.023071754999364202,True,all genetic population candidates,93,genetic_cfe,11,103249658,110249658,,1024,disease_to_no_disease,,,,
5,128,640,128,0,0,0.0057598170005803695,0.028831571999944572,True,all genetic population candidates,93,genetic_cfe,11,103249658,110249658,,1024,disease_to_no_disease,,,,
6,128,768,128,0,0,0.005764554999586835,0.03459612699953141,True,all genetic population candidates,93,genetic_cfe,11,103249658,110249658,,1024,disease_to_no_disease,,,,
7,128,896,128,0,0,0.005783209000583156,0.04037933600011456,True,all genetic population candidates,93,genetic_cfe,11,103249658,110249658,,1024,disease_to_no_disease,,,,
8,128,1024,128,0,0,0.006564630999491783,0.046943966999606346,True,all genetic population candidates,93,genetic_cfe,11,103249658,110249658,,1024,disease_to_no_disease,,,,
1,1024,1024,16,0,0,0.1284593969994603,0.1284593969994603,True,final restart pool only,93,dice_gradient_style,11,103249658,110249658,,1024,disease_to_no_disease,63.0,16.0,16.0,63.0
1,1024,1024,16,0,0,0.11617423000097915,0.11617423000097915,True,final restart pool only,93,wachter_style,11,103249658,110249658,,1024,disease_to_no_disease,63.0,16.0,16.0,63.0
1,128,128,128,0,0,0.005732958999942639,0.005732958999942639,False,all independently sampled candidates,94,uniform_random,11,104249661,111249661,,1024,disease_to_no_disease,,,,
2,128,256,128,0,0,0.005757008000728092,0.011489967000670731,False,all independently sampled candidates,94,uniform_random,11,104249661,111249661,,1024,disease_to_no_disease,,,,
3,128,384,128,0,0,0.006072512000173447,0.017562479000844178,False,all independently sampled candidates,94,uniform_random,11,104249661,111249661,,1024,disease_to_no_disease,,,,
4,128,512,128,0,0,0.005693443999916781,0.02325592300076096,False,all independently sampled candidates,94,uniform_random,11,104249661,111249661,,1024,disease_to_no_disease,,,,
5,128,640,128,0,0,0.0056582629986223765,0.028914185999383335,False,all independently sampled candidates,94,uniform_random,11,104249661,111249661,,1024,disease_to_no_disease,,,,
6,128,768,128,0,0,0.005589142001554137,0.03450332800093747,False,all independently sampled candidates,94,uniform_random,11,104249661,111249661,,1024,disease_to_no_disease,,,,
7,128,896,128,0,0,0.005593496000074083,0.040096824001011555,False,all independently sampled candidates,94,uniform_random,11,104249661,111249661,,1024,disease_to_no_disease,,,,
8,128,1024,128,0,0,0.00558402799833857,0.045680851999350125,False,all independently sampled candidates,94,uniform_random,11,104249661,111249661,,1024,disease_to_no_disease,,,,
1,128,128,128,0,0,0.005837746000906918,0.005837746000906918,True,all genetic population candidates,94,genetic_cfe,11,104249661,111249661,,1024,disease_to_no_disease,,,,
2,128,256,128,0,0,0.006190755999341491,0.012028502000248409,True,all genetic population candidates,94,genetic_cfe,11,104249661,111249661,,1024,disease_to_no_disease,,,,
3,128,384,128,0,0,0.005946315000983304,0.017974817001231713,True,all genetic population candidates,94,genetic_cfe,11,104249661,111249661,,1024,disease_to_no_disease,,,,
4,128,512,128,0,0,0.006651088999205967,0.02462590600043768,True,all genetic population candidates,94,genetic_cfe,11,104249661,111249661,,1024,disease_to_no_disease,,,,
5,128,640,128,0,0,0.006765768001059769,0.03139167400149745,True,all genetic population candidates,94,genetic_cfe,11,104249661,111249661,,1024,disease_to_no_disease,,,,
6,128,768,128,0,0,0.007548113999291672,0.03893978800078912,True,all genetic population candidates,94,genetic_cfe,11,104249661,111249661,,1024,disease_to_no_disease,,,,
7,128,896,128,0,0,0.006918381999639678,0.0458581700004288,True,all genetic population candidates,94,genetic_cfe,11,104249661,111249661,,1024,disease_to_no_disease,,,,
8,128,1024,128,0,0,0.007286553000085405,0.053144723000514205,True,all genetic population candidates,94,genetic_cfe,11,104249661,111249661,,1024,disease_to_no_disease,,,,
1,1024,1024,16,0,0,0.13697549599964987,0.13697549599964987,True,final restart pool only,94,dice_gradient_style,11,104249661,111249661,,1024,disease_to_no_disease,63.0,16.0,16.0,63.0
1,1024,1024,16,0,0,0.11188340600165247,0.11188340600165247,True,final restart pool only,94,wachter_style,11,104249661,111249661,,1024,disease_to_no_disease,63.0,16.0,16.0,63.0
1,128,128,128,0,0,0.0056657339991943445,0.0056657339991943445,False,all independently sampled candidates,95,uniform_random,11,105249664,112249664,,1024,disease_to_no_disease,,,,
2,128,256,128,1,1,0.005662342000505305,0.01132807599969965,False,all independently sampled candidates,95,uniform_random,11,105249664,112249664,,1024,disease_to_no_disease,,,,
3,128,384,128,2,1,0.005685902999175596,0.017013978998875245,False,all independently sampled candidates,95,uniform_random,11,105249664,112249664,,1024,disease_to_no_disease,,,,
4,128,512,128,0,1,0.005751554001108161,0.022765532999983407,False,all independently sampled candidates,95,uniform_random,11,105249664,112249664,,1024,disease_to_no_disease,,,,
5,128,640,128,2,2,0.005704350000087288,0.028469883000070695,False,all independently sampled candidates,95,uniform_random,11,105249664,112249664,,1024,disease_to_no_disease,,,,
6,128,768,128,7,8,0.005956448998404085,0.03442633199847478,False,all independently sampled candidates,95,uniform_random,11,105249664,112249664,,1024,disease_to_no_disease,,,,
7,128,896,128,8,13,0.006004715000017313,0.04043104699849209,False,all independently sampled candidates,95,uniform_random,11,105249664,112249664,,1024,disease_to_no_disease,,,,
8,128,1024,128,7,19,0.0058906570011458825,0.046321703999637975,False,all independently sampled candidates,95,uniform_random,11,105249664,112249664,,1024,disease_to_no_disease,,,,
1,128,128,128,0,0,0.0056989690001501,0.0056989690001501,True,all genetic population candidates,95,genetic_cfe,11,105249664,112249664,,1024,disease_to_no_disease,,,,
2,128,256,128,1,1,0.006119992998719681,0.011818961998869781,True,all genetic population candidates,95,genetic_cfe,11,105249664,112249664,,1024,disease_to_no_disease,,,,
3,128,384,128,2,2,0.005863680000402383,0.017682641999272164,True,all genetic population candidates,95,genetic_cfe,11,105249664,112249664,,1024,disease_to_no_disease,,,,
4,128,512,128,8,6,0.005975767000563792,0.023658408999835956,True,all genetic population candidates,95,genetic_cfe,11,105249664,112249664,,1024,disease_to_no_disease,,,,
5,128,640,128,29,8,0.00669770599961339,0.030356114999449346,True,all genetic population candidates,95,genetic_cfe,11,105249664,112249664,,1024,disease_to_no_disease,,,,
6,128,768,128,57,11,0.007429266999679385,0.03778538199912873,True,all genetic population candidates,95,genetic_cfe,11,105249664,112249664,,1024,disease_to_no_disease,,,,
7,128,896,128,83,17,0.008690521000971785,0.046475903000100516,True,all genetic population candidates,95,genetic_cfe,11,105249664,112249664,,1024,disease_to_no_disease,,,,
8,128,1024,128,89,18,0.008706483999048942,0.05518238699914946,True,all genetic population candidates,95,genetic_cfe,11,105249664,112249664,,1024,disease_to_no_disease,,,,
1,1024,1024,16,16,5,0.13105094699858455,0.13105094699858455,True,final restart pool only,95,dice_gradient_style,11,105249664,112249664,,1024,disease_to_no_disease,63.0,16.0,16.0,63.0
1,1024,1024,16,16,5,0.11786594099976355,0.11786594099976355,True,final restart pool only,95,wachter_style,11,105249664,112249664,,1024,disease_to_no_disease,63.0,16.0,16.0,63.0
1,128,128,128,0,0,0.005795479999505915,0.005795479999505915,False,all independently sampled candidates,96,uniform_random,11,106249667,113249667,,1024,disease_to_no_disease,,,,
2,128,256,128,0,0,0.005949135000264505,0.01174461499977042,False,all independently sampled candidates,96,uniform_random,11,106249667,113249667,,1024,disease_to_no_disease,,,,
3,128,384,128,0,0,0.0059367579997342546,0.017681372999504674,False,all independently sampled candidates,96,uniform_random,11,106249667,113249667,,1024,disease_to_no_disease,,,,
4,128,512,128,0,0,0.005982463000691496,0.02366383600019617,False,all independently sampled candidates,96,uniform_random,11,106249667,113249667,,1024,disease_to_no_disease,,,,
5,128,640,128,0,0,0.005971225999019225,0.029635061999215395,False,all independently sampled candidates,96,uniform_random,11,106249667,113249667,,1024,disease_to_no_disease,,,,
6,128,768,128,0,0,0.005669187001331011,0.035304249000546406,False,all independently sampled candidates,96,uniform_random,11,106249667,113249667,,1024,disease_to_no_disease,,,,
7,128,896,128,0,0,0.005671562999850721,0.04097581200039713,False,all independently sampled candidates,96,uniform_random,11,106249667,113249667,,1024,disease_to_no_disease,,,,
8,128,1024,128,0,0,0.006166502000269247,0.047142314000666374,False,all independently sampled candidates,96,uniform_random,11,106249667,113249667,,1024,disease_to_no_disease,,,,
1,128,128,128,0,0,0.0061355919988272944,0.0061355919988272944,True,all genetic population candidates,96,genetic_cfe,11,106249667,113249667,,1024,disease_to_no_disease,,,,
2,128,256,128,0,0,0.006708676999551244,0.012844268998378539,True,all genetic population candidates,96,genetic_cfe,11,106249667,113249667,,1024,disease_to_no_disease,,,,
3,128,384,128,0,0,0.005922928001382388,0.018767196999760927,True,all genetic population candidates,96,genetic_cfe,11,106249667,113249667,,1024,disease_to_no_disease,,,,
4,128,512,128,0,0,0.00577325299855147,0.024540449998312397,True,all genetic population candidates,96,genetic_cfe,11,106249667,113249667,,1024,disease_to_no_disease,,,,
5,128,640,128,0,0,0.006106465001721517,0.030646915000033914,True,all genetic population candidates,96,genetic_cfe,11,106249667,113249667,,1024,disease_to_no_disease,,,,
6,128,768,128,0,0,0.005901086999074323,0.03654800199910824,True,all genetic population candidates,96,genetic_cfe,11,106249667,113249667,,1024,disease_to_no_disease,,,,
7,128,896,128,0,0,0.005920921999859274,0.04246892399896751,True,all genetic population candidates,96,genetic_cfe,11,106249667,113249667,,1024,disease_to_no_disease,,,,
8,128,1024,128,0,0,0.0059832010010723025,0.048452125000039814,True,all genetic population candidates,96,genetic_cfe,11,106249667,113249667,,1024,disease_to_no_disease,,,,
1,1024,1024,16,0,0,0.1393697109997447,0.1393697109997447,True,final restart pool only,96,dice_gradient_style,11,106249667,113249667,,1024,disease_to_no_disease,63.0,16.0,16.0,63.0
1,1024,1024,16,0,0,0.11847534800108406,0.11847534800108406,True,final restart pool only,96,wachter_style,11,106249667,113249667,,1024,disease_to_no_disease,63.0,16.0,16.0,63.0
1,128,128,128,0,0,0.005926269999690703,0.005926269999690703,False,all independently sampled candidates,97,uniform_random,11,107249670,114249670,,1024,disease_to_no_disease,,,,
2,128,256,128,0,0,0.005776674001026549,0.011702944000717252,False,all independently sampled candidates,97,uniform_random,11,107249670,114249670,,1024,disease_to_no_disease,,,,
3,128,384,128,0,0,0.006091895998906693,0.017794839999623946,False,all independently sampled candidates,97,uniform_random,11,107249670,114249670,,1024,disease_to_no_disease,,,,
4,128,512,128,1,1,0.006026939001458231,0.023821779001082177,False,all independently sampled candidates,97,uniform_random,11,107249670,114249670,,1024,disease_to_no_disease,,,,
5,128,640,128,1,2,0.005727503999878536,0.029549283000960713,False,all independently sampled candidates,97,uniform_random,11,107249670,114249670,,1024,disease_to_no_disease,,,,
6,128,768,128,1,2,0.005772754999270546,0.03532203800023126,False,all independently sampled candidates,97,uniform_random,11,107249670,114249670,,1024,disease_to_no_disease,,,,
7,128,896,128,7,9,0.005900624999412685,0.041222662999643944,False,all independently sampled candidates,97,uniform_random,11,107249670,114249670,,1024,disease_to_no_disease,,,,
8,128,1024,128,3,10,0.006170444001327269,0.04739310700097121,False,all independently sampled candidates,97,uniform_random,11,107249670,114249670,,1024,disease_to_no_disease,,,,
1,128,128,128,0,0,0.0061097730012988904,0.0061097730012988904,True,all genetic population candidates,97,genetic_cfe,11,107249670,114249670,,1024,disease_to_no_disease,,,,
2,128,256,128,0,0,0.0059365500001149485,0.012046323001413839,True,all genetic population candidates,97,genetic_cfe,11,107249670,114249670,,1024,disease_to_no_disease,,,,
3,128,384,128,0,0,0.005863616999704391,0.01790994000111823,True,all genetic population candidates,97,genetic_cfe,11,107249670,114249670,,1024,disease_to_no_disease,,,,
4,128,512,128,0,0,0.006311351000476861,0.02422129100159509,True,all genetic population candidates,97,genetic_cfe,11,107249670,114249670,,1024,disease_to_no_disease,,,,
5,128,640,128,6,2,0.0060953419997531455,0.030316633001348237,True,all genetic population candidates,97,genetic_cfe,11,107249670,114249670,,1024,disease_to_no_disease,,,,
6,128,768,128,13,3,0.006384131000231719,0.036700764001579955,True,all genetic population candidates,97,genetic_cfe,11,107249670,114249670,,1024,disease_to_no_disease,,,,
7,128,896,128,52,4,0.007332375998885254,0.04403314000046521,True,all genetic population candidates,97,genetic_cfe,11,107249670,114249670,,1024,disease_to_no_disease,,,,
8,128,1024,128,92,5,0.008023140000659623,0.05205628000112483,True,all genetic population candidates,97,genetic_cfe,11,107249670,114249670,,1024,disease_to_no_disease,,,,
1,1024,1024,16,16,4,0.13753243700011808,0.13753243700011808,True,final restart pool only,97,dice_gradient_style,11,107249670,114249670,,1024,disease_to_no_disease,63.0,16.0,16.0,63.0
1,1024,1024,16,16,4,0.11934933199881925,0.11934933199881925,True,final restart pool only,97,wachter_style,11,107249670,114249670,,1024,disease_to_no_disease,63.0,16.0,16.0,63.0
1,128,128,128,0,0,0.0058383640007377835,0.0058383640007377835,False,all independently sampled candidates,98,uniform_random,11,108249673,115249673,,1024,disease_to_no_disease,,,,
2,128,256,128,0,0,0.005839267998453579,0.011677631999191362,False,all independently sampled candidates,98,uniform_random,11,108249673,115249673,,1024,disease_to_no_disease,,,,
3,128,384,128,0,0,0.0056580110012873774,0.01733564300047874,False,all independently sampled candidates,98,uniform_random,11,108249673,115249673,,1024,disease_to_no_disease,,,,
4,128,512,128,0,0,0.005689931000233628,0.023025574000712368,False,all independently sampled candidates,98,uniform_random,11,108249673,115249673,,1024,disease_to_no_disease,,,,
5,128,640,128,0,0,0.00563814399902185,0.028663717999734217,False,all independently sampled candidates,98,uniform_random,11,108249673,115249673,,1024,disease_to_no_disease,,,,
6,128,768,128,0,0,0.005656573999658576,0.034320291999392794,False,all independently sampled candidates,98,uniform_random,11,108249673,115249673,,1024,disease_to_no_disease,,,,
7,128,896,128,0,0,0.005811095999888494,0.04013138799928129,False,all independently sampled candidates,98,uniform_random,11,108249673,115249673,,1024,disease_to_no_disease,,,,
8,128,1024,128,0,0,0.005671426000844804,0.04580281400012609,False,all independently sampled candidates,98,uniform_random,11,108249673,115249673,,1024,disease_to_no_disease,,,,
1,128,128,128,0,0,0.005618485000013607,0.005618485000013607,True,all genetic population candidates,98,genetic_cfe,11,108249673,115249673,,1024,disease_to_no_disease,,,,
2,128,256,128,0,0,0.0064075669997691875,0.012026051999782794,True,all genetic population candidates,98,genetic_cfe,11,108249673,115249673,,1024,disease_to_no_disease,,,,
3,128,384,128,0,0,0.0059601129996735835,0.017986164999456378,True,all genetic population candidates,98,genetic_cfe,11,108249673,115249673,,1024,disease_to_no_disease,,,,
4,128,512,128,0,0,0.005946600000243052,0.02393276499969943,True,all genetic population candidates,98,genetic_cfe,11,108249673,115249673,,1024,disease_to_no_disease,,,,
5,128,640,128,0,0,0.005913135999435326,0.029845900999134756,True,all genetic population candidates,98,genetic_cfe,11,108249673,115249673,,1024,disease_to_no_disease,,,,
6,128,768,128,0,0,0.0057819909998215735,0.03562789199895633,True,all genetic population candidates,98,genetic_cfe,11,108249673,115249673,,1024,disease_to_no_disease,,,,
7,128,896,128,0,0,0.005968415000097593,0.04159630699905392,True,all genetic population candidates,98,genetic_cfe,11,108249673,115249673,,1024,disease_to_no_disease,,,,
8,128,1024,128,0,0,0.005819523999889498,0.04741583099894342,True,all genetic population candidates,98,genetic_cfe,11,108249673,115249673,,1024,disease_to_no_disease,,,,
1,1024,1024,16,0,0,0.13933366899982502,0.13933366899982502,True,final restart pool only,98,dice_gradient_style,11,108249673,115249673,,1024,disease_to_no_disease,63.0,16.0,16.0,63.0
1,1024,1024,16,0,0,0.11775753600159078,0.11775753600159078,True,final restart pool only,98,wachter_style,11,108249673,115249673,,1024,disease_to_no_disease,63.0,16.0,16.0,63.0
1,128,128,128,0,0,0.0061932000007800525,0.0061932000007800525,False,all independently sampled candidates,99,uniform_random,11,109249676,116249676,,1024,disease_to_no_disease,,,,
2,128,256,128,0,0,0.005849813998793252,0.012043013999573304,False,all independently sampled candidates,99,uniform_random,11,109249676,116249676,,1024,disease_to_no_disease,,,,
3,128,384,128,1,1,0.005618938999759848,0.017661952999333153,False,all independently sampled candidates,99,uniform_random,11,109249676,116249676,,1024,disease_to_no_disease,,,,
4,128,512,128,2,3,0.005900819000089541,0.023562771999422694,False,all independently sampled candidates,99,uniform_random,11,109249676,116249676,,1024,disease_to_no_disease,,,,
5,128,640,128,4,6,0.0058086429999093525,0.029371414999332046,False,all independently sampled candidates,99,uniform_random,11,109249676,116249676,,1024,disease_to_no_disease,,,,
6,128,768,128,3,7,0.005841059000886162,0.03521247400021821,False,all independently sampled candidates,99,uniform_random,11,109249676,116249676,,1024,disease_to_no_disease,,,,
7,128,896,128,2,9,0.006021519000569242,0.04123399300078745,False,all independently sampled candidates,99,uniform_random,11,109249676,116249676,,1024,disease_to_no_disease,,,,
8,128,1024,128,8,12,0.005940948998613749,0.0471749419994012,False,all independently sampled candidates,99,uniform_random,11,109249676,116249676,,1024,disease_to_no_disease,,,,
1,128,128,128,0,0,0.0056975899988174206,0.0056975899988174206,True,all genetic population candidates,99,genetic_cfe,11,109249676,116249676,,1024,disease_to_no_disease,,,,
2,128,256,128,0,0,0.005954489000941976,0.011652078999759397,True,all genetic population candidates,99,genetic_cfe,11,109249676,116249676,,1024,disease_to_no_disease,,,,
3,128,384,128,0,0,0.005755051999585703,0.0174071309993451,True,all genetic population candidates,99,genetic_cfe,11,109249676,116249676,,1024,disease_to_no_disease,,,,
4,128,512,128,3,3,0.005884145000891294,0.023291276000236394,True,all genetic population candidates,99,genetic_cfe,11,109249676,116249676,,1024,disease_to_no_disease,,,,
5,128,640,128,12,8,0.006506363999505993,0.029797639999742387,True,all genetic population candidates,99,genetic_cfe,11,109249676,116249676,,1024,disease_to_no_disease,,,,
6,128,768,128,45,13,0.007056868000290706,0.03685450800003309,True,all genetic population candidates,99,genetic_cfe,11,109249676,116249676,,1024,disease_to_no_disease,,,,
7,128,896,128,81,18,0.00864921799984586,0.04550372599987895,True,all genetic population candidates,99,genetic_cfe,11,109249676,116249676,,1024,disease_to_no_disease,,,,
8,128,1024,128,90,20,0.00911227699907613,0.05461600299895508,True,all genetic population candidates,99,genetic_cfe,11,109249676,116249676,,1024,disease_to_no_disease,,,,
1,1024,1024,16,10,5,0.13586516499890422,0.13586516499890422,True,final restart pool only,99,dice_gradient_style,11,109249676,116249676,,1024,disease_to_no_disease,63.0,16.0,16.0,63.0
1,1024,1024,16,10,5,0.11983930299902568,0.11983930299902568,True,final restart pool only,99,wachter_style,11,109249676,116249676,,1024,disease_to_no_disease,63.0,16.0,16.0,63.0
1,128,128,128,0,0,0.006053627001165296,0.006053627001165296,False,all independently sampled candidates,100,uniform_random,11,110249679,117249679,,1024,no_disease_to_disease,,,,
2,128,256,128,5,3,0.006038935998731176,0.012092562999896472,False,all independently sampled candidates,100,uniform_random,11,110249679,117249679,,1024,no_disease_to_disease,,,,
3,128,384,128,9,5,0.005942200999925262,0.018034763999821735,False,all independently sampled candidates,100,uniform_random,11,110249679,117249679,,1024,no_disease_to_disease,,,,
4,128,512,128,12,8,0.006095036000260734,0.02412980000008247,False,all independently sampled candidates,100,uniform_random,11,110249679,117249679,,1024,no_disease_to_disease,,,,
5,128,640,128,12,12,0.006094501999541535,0.030224301999624004,False,all independently sampled candidates,100,uniform_random,11,110249679,117249679,,1024,no_disease_to_disease,,,,
6,128,768,128,15,17,0.006242269000722445,0.03646657100034645,False,all independently sampled candidates,100,uniform_random,11,110249679,117249679,,1024,no_disease_to_disease,,,,
7,128,896,128,11,21,0.006272852999245515,0.04273942399959196,False,all independently sampled candidates,100,uniform_random,11,110249679,117249679,,1024,no_disease_to_disease,,,,
8,128,1024,128,14,26,0.006437788000766886,0.04917721200035885,False,all independently sampled candidates,100,uniform_random,11,110249679,117249679,,1024,no_disease_to_disease,,,,
1,128,128,128,0,0,0.005835714999193442,0.005835714999193442,True,all genetic population candidates,100,genetic_cfe,11,110249679,117249679,,1024,no_disease_to_disease,,,,
2,128,256,128,2,1,0.006436835999920731,0.012272550999114173,True,all genetic population candidates,100,genetic_cfe,11,110249679,117249679,,1024,no_disease_to_disease,,,,
3,128,384,128,16,4,0.006697689001157414,0.018970240000271588,True,all genetic population candidates,100,genetic_cfe,11,110249679,117249679,,1024,no_disease_to_disease,,,,
4,128,512,128,35,4,0.006831418999354355,0.025801658999625943,True,all genetic population candidates,100,genetic_cfe,11,110249679,117249679,,1024,no_disease_to_disease,,,,
5,128,640,128,73,4,0.00793917299961322,0.03374083199923916,True,all genetic population candidates,100,genetic_cfe,11,110249679,117249679,,1024,no_disease_to_disease,,,,
6,128,768,128,88,8,0.008268337000117754,0.042009168999356916,True,all genetic population candidates,100,genetic_cfe,11,110249679,117249679,,1024,no_disease_to_disease,,,,
7,128,896,128,84,9,0.008439944000201649,0.050449112999558565,True,all genetic population candidates,100,genetic_cfe,11,110249679,117249679,,1024,no_disease_to_disease,,,,
8,128,1024,128,89,9,0.009754143000463955,0.06020325600002252,True,all genetic population candidates,100,genetic_cfe,11,110249679,117249679,,1024,no_disease_to_disease,,,,
1,1024,1024,16,16,7,0.1324878590003209,0.1324878590003209,True,final restart pool only,100,dice_gradient_style,11,110249679,117249679,,1024,no_disease_to_disease,63.0,16.0,16.0,63.0
1,1024,1024,16,16,6,0.12113416600004712,0.12113416600004712,True,final restart pool only,100,wachter_style,11,110249679,117249679,,1024,no_disease_to_disease,63.0,16.0,16.0,63.0
1,128,128,128,0,0,0.0066089310003007995,0.0066089310003007995,False,all independently sampled candidates,101,uniform_random,11,111249682,118249682,,1024,no_disease_to_disease,,,,
2,128,256,128,0,0,0.005666953000400099,0.012275884000700898,False,all independently sampled candidates,101,uniform_random,11,111249682,118249682,,1024,no_disease_to_disease,,,,
3,128,384,128,0,0,0.005885577000299236,0.018161461001000134,False,all independently sampled candidates,101,uniform_random,11,111249682,118249682,,1024,no_disease_to_disease,,,,
4,128,512,128,0,0,0.005715487999623292,0.023876949000623426,False,all independently sampled candidates,101,uniform_random,11,111249682,118249682,,1024,no_disease_to_disease,,,,
5,128,640,128,1,1,0.005927520000113873,0.0298044690007373,False,all independently sampled candidates,101,uniform_random,11,111249682,118249682,,1024,no_disease_to_disease,,,,
6,128,768,128,1,2,0.005993889999444946,0.035798359000182245,False,all independently sampled candidates,101,uniform_random,11,111249682,118249682,,1024,no_disease_to_disease,,,,
7,128,896,128,4,6,0.006213038999703713,0.04201139799988596,False,all independently sampled candidates,101,uniform_random,11,111249682,118249682,,1024,no_disease_to_disease,,,,
8,128,1024,128,4,9,0.005951917000857065,0.04796331500074302,False,all independently sampled candidates,101,uniform_random,11,111249682,118249682,,1024,no_disease_to_disease,,,,
1,128,128,128,0,0,0.006049404999430408,0.006049404999430408,True,all genetic population candidates,101,genetic_cfe,11,111249682,118249682,,1024,no_disease_to_disease,,,,
2,128,256,128,0,0,0.006041888000254403,0.01209129299968481,True,all genetic population candidates,101,genetic_cfe,11,111249682,118249682,,1024,no_disease_to_disease,,,,
3,128,384,128,0,0,0.005833920999066322,0.017925213998751133,True,all genetic population candidates,101,genetic_cfe,11,111249682,118249682,,1024,no_disease_to_disease,,,,
4,128,512,128,0,0,0.005768427001385135,0.023693641000136267,True,all genetic population candidates,101,genetic_cfe,11,111249682,118249682,,1024,no_disease_to_disease,,,,
5,128,640,128,7,3,0.006296622999798274,0.02999026399993454,True,all genetic population candidates,101,genetic_cfe,11,111249682,118249682,,1024,no_disease_to_disease,,,,
6,128,768,128,29,3,0.007091883999237325,0.037082147999171866,True,all genetic population candidates,101,genetic_cfe,11,111249682,118249682,,1024,no_disease_to_disease,,,,
7,128,896,128,65,4,0.007461066999894683,0.04454321499906655,True,all genetic population candidates,101,genetic_cfe,11,111249682,118249682,,1024,no_disease_to_disease,,,,
8,128,1024,128,103,6,0.009029736000229605,0.053572950999296154,True,all genetic population candidates,101,genetic_cfe,11,111249682,118249682,,1024,no_disease_to_disease,,,,
1,1024,1024,16,5,1,0.13628124999922875,0.13628124999922875,True,final restart pool only,101,dice_gradient_style,11,111249682,118249682,,1024,no_disease_to_disease,63.0,16.0,16.0,63.0
1,1024,1024,16,5,1,0.11724388600123348,0.11724388600123348,True,final restart pool only,101,wachter_style,11,111249682,118249682,,1024,no_disease_to_disease,63.0,16.0,16.0,63.0
1,128,128,128,0,0,0.005737952998970286,0.005737952998970286,False,all independently sampled candidates,102,uniform_random,11,112249685,119249685,,1024,no_disease_to_disease,,,,
2,128,256,128,0,0,0.0057772180007305,0.011515170999700786,False,all independently sampled candidates,102,uniform_random,11,112249685,119249685,,1024,no_disease_to_disease,,,,
3,128,384,128,0,0,0.00564159900022787,0.017156769999928656,False,all independently sampled candidates,102,uniform_random,11,112249685,119249685,,1024,no_disease_to_disease,,,,
4,128,512,128,0,0,0.005646429999615066,0.022803199999543722,False,all independently sampled candidates,102,uniform_random,11,112249685,119249685,,1024,no_disease_to_disease,,,,
5,128,640,128,0,0,0.005660284999976284,0.028463484999520006,False,all independently sampled candidates,102,uniform_random,11,112249685,119249685,,1024,no_disease_to_disease,,,,
6,128,768,128,0,0,0.006401681001079851,0.034865166000599856,False,all independently sampled candidates,102,uniform_random,11,112249685,119249685,,1024,no_disease_to_disease,,,,
7,128,896,128,0,0,0.005839882998770918,0.040705048999370774,False,all independently sampled candidates,102,uniform_random,11,112249685,119249685,,1024,no_disease_to_disease,,,,
8,128,1024,128,0,0,0.005970837999484502,0.046675886998855276,False,all independently sampled candidates,102,uniform_random,11,112249685,119249685,,1024,no_disease_to_disease,,,,
1,128,128,128,0,0,0.006370205999701284,0.006370205999701284,True,all genetic population candidates,102,genetic_cfe,11,112249685,119249685,,1024,no_disease_to_disease,,,,
2,128,256,128,0,0,0.006905243999426602,0.013275449999127886,True,all genetic population candidates,102,genetic_cfe,11,112249685,119249685,,1024,no_disease_to_disease,,,,
3,128,384,128,0,0,0.006105399999796646,0.019380849998924532,True,all genetic population candidates,102,genetic_cfe,11,112249685,119249685,,1024,no_disease_to_disease,,,,
4,128,512,128,0,0,0.006734061000315705,0.026114910999240237,True,all genetic population candidates,102,genetic_cfe,11,112249685,119249685,,1024,no_disease_to_disease,,,,
5,128,640,128,0,0,0.006224999000551179,0.032339909999791416,True,all genetic population candidates,102,genetic_cfe,11,112249685,119249685,,1024,no_disease_to_disease,,,,
6,128,768,128,0,0,0.006087923000450246,0.03842783300024166,True,all genetic population candidates,102,genetic_cfe,11,112249685,119249685,,1024,no_disease_to_disease,,,,
7,128,896,128,1,1,0.00733585699890682,0.04576368999914848,True,all genetic population candidates,102,genetic_cfe,11,112249685,119249685,,1024,no_disease_to_disease,,,,
8,128,1024,128,6,1,0.006156618999739294,0.051920308998887776,True,all genetic population candidates,102,genetic_cfe,11,112249685,119249685,,1024,no_disease_to_disease,,,,
1,1024,1024,16,13,3,0.13824578000094334,0.13824578000094334,True,final restart pool only,102,dice_gradient_style,11,112249685,119249685,,1024,no_disease_to_disease,63.0,16.0,16.0,63.0
1,1024,1024,16,13,3,0.11567304299933312,0.11567304299933312,True,final restart pool only,102,wachter_style,11,112249685,119249685,,1024,no_disease_to_disease,63.0,16.0,16.0,63.0
1,128,128,128,32,5,0.006812375000663451,0.006812375000663451,False,all independently sampled candidates,103,uniform_random,11,113249688,120249688,,1024,no_disease_to_disease,,,,
2,128,256,128,26,8,0.006368262998876162,0.013180637999539613,False,all independently sampled candidates,103,uniform_random,11,113249688,120249688,,1024,no_disease_to_disease,,,,
3,128,384,128,30,15,0.006841815000370843,0.020022452999910456,False,all independently sampled candidates,103,uniform_random,11,113249688,120249688,,1024,no_disease_to_disease,,,,
4,128,512,128,38,23,0.00772325300022203,0.027745706000132486,False,all independently sampled candidates,103,uniform_random,11,113249688,120249688,,1024,no_disease_to_disease,,,,
5,128,640,128,39,33,0.0075285669990989845,0.03527427299923147,False,all independently sampled candidates,103,uniform_random,11,113249688,120249688,,1024,no_disease_to_disease,,,,
6,128,768,128,46,43,0.00786491300095804,0.04313918600018951,False,all independently sampled candidates,103,uniform_random,11,113249688,120249688,,1024,no_disease_to_disease,,,,
7,128,896,128,47,51,0.008410909000303946,0.05155009500049346,False,all independently sampled candidates,103,uniform_random,11,113249688,120249688,,1024,no_disease_to_disease,,,,
8,128,1024,128,46,60,0.00881052099975932,0.060360616000252776,False,all independently sampled candidates,103,uniform_random,11,113249688,120249688,,1024,no_disease_to_disease,,,,
1,128,128,128,32,5,0.006425894000130938,0.006425894000130938,True,all genetic population candidates,103,genetic_cfe,11,113249688,120249688,,1024,no_disease_to_disease,,,,
2,128,256,128,69,8,0.007599213000503369,0.014025107000634307,True,all genetic population candidates,103,genetic_cfe,11,113249688,120249688,,1024,no_disease_to_disease,,,,
3,128,384,128,104,12,0.008733705999475205,0.022758813000109512,True,all genetic population candidates,103,genetic_cfe,11,113249688,120249688,,1024,no_disease_to_disease,,,,
4,128,512,128,124,14,0.010207954999714275,0.03296676799982379,True,all genetic population candidates,103,genetic_cfe,11,113249688,120249688,,1024,no_disease_to_disease,,,,
5,128,640,128,126,14,0.009709440999358776,0.04267620899918256,True,all genetic population candidates,103,genetic_cfe,11,113249688,120249688,,1024,no_disease_to_disease,,,,
6,128,768,128,125,14,0.010230376999970758,0.05290658599915332,True,all genetic population candidates,103,genetic_cfe,11,113249688,120249688,,1024,no_disease_to_disease,,,,
7,128,896,128,125,14,0.00987465400066867,0.06278123999982199,True,all genetic population candidates,103,genetic_cfe,11,113249688,120249688,,1024,no_disease_to_disease,,,,
8,128,1024,128,127,14,0.009922461000314797,0.07270370100013679,True,all genetic population candidates,103,genetic_cfe,11,113249688,120249688,,1024,no_disease_to_disease,,,,
1,1024,1024,16,16,3,0.13741600799949083,0.13741600799949083,True,final restart pool only,103,dice_gradient_style,11,113249688,120249688,,1024,no_disease_to_disease,63.0,16.0,16.0,63.0
1,1024,1024,16,16,2,0.11720104799860565,0.11720104799860565,True,final restart pool only,103,wachter_style,11,113249688,120249688,,1024,no_disease_to_disease,63.0,16.0,16.0,63.0
1,128,128,128,0,0,0.005690678000974003,0.005690678000974003,False,all independently sampled candidates,104,uniform_random,11,114249691,121249691,,1024,no_disease_to_disease,,,,
2,128,256,128,3,2,0.005720506000216119,0.011411184001190122,False,all independently sampled candidates,104,uniform_random,11,114249691,121249691,,1024,no_disease_to_disease,,,,
3,128,384,128,9,5,0.005891664999580826,0.017302849000770948,False,all independently sampled candidates,104,uniform_random,11,114249691,121249691,,1024,no_disease_to_disease,,,,
4,128,512,128,11,12,0.006009050999637111,0.02331190000040806,False,all independently sampled candidates,104,uniform_random,11,114249691,121249691,,1024,no_disease_to_disease,,,,
5,128,640,128,12,19,0.006097888999647694,0.029409789000055753,False,all independently sampled candidates,104,uniform_random,11,114249691,121249691,,1024,no_disease_to_disease,,,,
6,128,768,128,24,31,0.006657744001131505,0.03606753300118726,False,all independently sampled candidates,104,uniform_random,11,114249691,121249691,,1024,no_disease_to_disease,,,,
7,128,896,128,32,48,0.007528858999648946,0.043596392000836204,False,all independently sampled candidates,104,uniform_random,11,114249691,121249691,,1024,no_disease_to_disease,,,,
8,128,1024,128,30,60,0.007658356998945237,0.05125474899978144,False,all independently sampled candidates,104,uniform_random,11,114249691,121249691,,1024,no_disease_to_disease,,,,
1,128,128,128,0,0,0.005704764998881728,0.005704764998881728,True,all genetic population candidates,104,genetic_cfe,11,114249691,121249691,,1024,no_disease_to_disease,,,,
2,128,256,128,3,2,0.006314297001154046,0.012019062000035774,True,all genetic population candidates,104,genetic_cfe,11,114249691,121249691,,1024,no_disease_to_disease,,,,
3,128,384,128,8,3,0.006044915000529727,0.0180639770005655,True,all genetic population candidates,104,genetic_cfe,11,114249691,121249691,,1024,no_disease_to_disease,,,,
4,128,512,128,41,9,0.007139287999962107,0.025203265000527608,True,all genetic population candidates,104,genetic_cfe,11,114249691,121249691,,1024,no_disease_to_disease,,,,
5,128,640,128,78,11,0.007928404998892802,0.03313166999942041,True,all genetic population candidates,104,genetic_cfe,11,114249691,121249691,,1024,no_disease_to_disease,,,,
6,128,768,128,99,14,0.008586559000832494,0.041718229000252904,True,all genetic population candidates,104,genetic_cfe,11,114249691,121249691,,1024,no_disease_to_disease,,,,
7,128,896,128,99,16,0.009835382999881404,0.05155361200013431,True,all genetic population candidates,104,genetic_cfe,11,114249691,121249691,,1024,no_disease_to_disease,,,,
8,128,1024,128,97,19,0.009003437999126618,0.060557049999260926,True,all genetic population candidates,104,genetic_cfe,11,114249691,121249691,,1024,no_disease_to_disease,,,,
1,1024,1024,16,16,4,0.13828174800073612,0.13828174800073612,True,final restart pool only,104,dice_gradient_style,11,114249691,121249691,,1024,no_disease_to_disease,63.0,16.0,16.0,63.0
1,1024,1024,16,16,4,0.11777207600061956,0.11777207600061956,True,final restart pool only,104,wachter_style,11,114249691,121249691,,1024,no_disease_to_disease,63.0,16.0,16.0,63.0
1,128,128,128,0,0,0.00569829599953664,0.00569829599953664,False,all independently sampled candidates,105,uniform_random,11,115249694,122249694,,1024,no_disease_to_disease,,,,
2,128,256,128,0,0,0.005671590000929427,0.011369886000466067,False,all independently sampled candidates,105,uniform_random,11,115249694,122249694,,1024,no_disease_to_disease,,,,
3,128,384,128,0,0,0.0056550959998276085,0.017024982000293676,False,all independently sampled candidates,105,uniform_random,11,115249694,122249694,,1024,no_disease_to_disease,,,,
4,128,512,128,0,0,0.005837480999616673,0.02286246299991035,False,all independently sampled candidates,105,uniform_random,11,115249694,122249694,,1024,no_disease_to_disease,,,,
5,128,640,128,0,0,0.005837008999151294,0.028699471999061643,False,all independently sampled candidates,105,uniform_random,11,115249694,122249694,,1024,no_disease_to_disease,,,,
6,128,768,128,0,0,0.005683149000105914,0.03438262099916756,False,all independently sampled candidates,105,uniform_random,11,115249694,122249694,,1024,no_disease_to_disease,,,,
7,128,896,128,0,0,0.00593410800138372,0.04031672900055128,False,all independently sampled candidates,105,uniform_random,11,115249694,122249694,,1024,no_disease_to_disease,,,,
8,128,1024,128,0,0,0.0057750719988689525,0.04609180099942023,False,all independently sampled candidates,105,uniform_random,11,115249694,122249694,,1024,no_disease_to_disease,,,,
1,128,128,128,0,0,0.00567084700014675,0.00567084700014675,True,all genetic population candidates,105,genetic_cfe,11,115249694,122249694,,1024,no_disease_to_disease,,,,
2,128,256,128,0,0,0.005866229001185275,0.011537076001332025,True,all genetic population candidates,105,genetic_cfe,11,115249694,122249694,,1024,no_disease_to_disease,,,,
3,128,384,128,0,0,0.0058463169989408925,0.017383393000272918,True,all genetic population candidates,105,genetic_cfe,11,115249694,122249694,,1024,no_disease_to_disease,,,,
4,128,512,128,0,0,0.005844359000548138,0.023227752000821056,True,all genetic population candidates,105,genetic_cfe,11,115249694,122249694,,1024,no_disease_to_disease,,,,
5,128,640,128,0,0,0.005806967999888002,0.029034720000709058,True,all genetic population candidates,105,genetic_cfe,11,115249694,122249694,,1024,no_disease_to_disease,,,,
6,128,768,128,0,0,0.00578602099994896,0.03482074100065802,True,all genetic population candidates,105,genetic_cfe,11,115249694,122249694,,1024,no_disease_to_disease,,,,
7,128,896,128,0,0,0.005874029999176855,0.04069477099983487,True,all genetic population candidates,105,genetic_cfe,11,115249694,122249694,,1024,no_disease_to_disease,,,,
8,128,1024,128,0,0,0.005800356000690954,0.04649512700052583,True,all genetic population candidates,105,genetic_cfe,11,115249694,122249694,,1024,no_disease_to_disease,,,,
1,1024,1024,16,0,0,0.13573540200013667,0.13573540200013667,True,final restart pool only,105,dice_gradient_style,11,115249694,122249694,,1024,no_disease_to_disease,63.0,16.0,16.0,63.0
1,1024,1024,16,0,0,0.11893123700065189,0.11893123700065189,True,final restart pool only,105,wachter_style,11,115249694,122249694,,1024,no_disease_to_disease,63.0,16.0,16.0,63.0
1,128,128,128,0,0,0.006166326000311528,0.006166326000311528,False,all independently sampled candidates,106,uniform_random,11,116249697,123249697,,1024,no_disease_to_disease,,,,
2,128,256,128,0,0,0.005708085000151186,0.011874411000462715,False,all independently sampled candidates,106,uniform_random,11,116249697,123249697,,1024,no_disease_to_disease,,,,
3,128,384,128,0,0,0.006062362999728066,0.01793677400019078,False,all independently sampled candidates,106,uniform_random,11,116249697,123249697,,1024,no_disease_to_disease,,,,
4,128,512,128,2,1,0.00624973400044837,0.02418650800063915,False,all independently sampled candidates,106,uniform_random,11,116249697,123249697,,1024,no_disease_to_disease,,,,
5,128,640,128,0,1,0.005812994999359944,0.029999502999999095,False,all independently sampled candidates,106,uniform_random,11,116249697,123249697,,1024,no_disease_to_disease,,,,
6,128,768,128,1,1,0.005866990999493282,0.03586649399949238,False,all independently sampled candidates,106,uniform_random,11,116249697,123249697,,1024,no_disease_to_disease,,,,
7,128,896,128,1,2,0.006018961999870953,0.04188545599936333,False,all independently sampled candidates,106,uniform_random,11,116249697,123249697,,1024,no_disease_to_disease,,,,
8,128,1024,128,2,4,0.005979067000225768,0.0478645229995891,False,all independently sampled candidates,106,uniform_random,11,116249697,123249697,,1024,no_disease_to_disease,,,,
1,128,128,128,0,0,0.005673231000400847,0.005673231000400847,True,all genetic population candidates,106,genetic_cfe,11,116249697,123249697,,1024,no_disease_to_disease,,,,
2,128,256,128,0,0,0.00580469099986658,0.011477922000267426,True,all genetic population candidates,106,genetic_cfe,11,116249697,123249697,,1024,no_disease_to_disease,,,,
3,128,384,128,2,1,0.0058772989996214164,0.017355220999888843,True,all genetic population candidates,106,genetic_cfe,11,116249697,123249697,,1024,no_disease_to_disease,,,,
4,128,512,128,8,4,0.006014820999553194,0.023370041999442037,True,all genetic population candidates,106,genetic_cfe,11,116249697,123249697,,1024,no_disease_to_disease,,,,
5,128,640,128,20,4,0.006347085000015795,0.029717126999457832,True,all genetic population candidates,106,genetic_cfe,11,116249697,123249697,,1024,no_disease_to_disease,,,,
6,128,768,128,52,7,0.007431127000018023,0.037148253999475855,True,all genetic population candidates,106,genetic_cfe,11,116249697,123249697,,1024,no_disease_to_disease,,,,
7,128,896,128,106,9,0.008701649001523037,0.04584990300099889,True,all genetic population candidates,106,genetic_cfe,11,116249697,123249697,,1024,no_disease_to_disease,,,,
8,128,1024,128,123,10,0.009079255998585722,0.054929158999584615,True,all genetic population candidates,106,genetic_cfe,11,116249697,123249697,,1024,no_disease_to_disease,,,,
1,1024,1024,16,16,4,0.13696003699988069,0.13696003699988069,True,final restart pool only,106,dice_gradient_style,11,116249697,123249697,,1024,no_disease_to_disease,63.0,16.0,16.0,63.0
1,1024,1024,16,16,4,0.12024946500059741,0.12024946500059741,True,final restart pool only,106,wachter_style,11,116249697,123249697,,1024,no_disease_to_disease,63.0,16.0,16.0,63.0
1,128,128,128,0,0,0.0057723619993339526,0.0057723619993339526,False,all independently sampled candidates,107,uniform_random,11,117249700,124249700,,1024,no_disease_to_disease,,,,
2,128,256,128,1,1,0.006055841000488726,0.011828202999822679,False,all independently sampled candidates,107,uniform_random,11,117249700,124249700,,1024,no_disease_to_disease,,,,
3,128,384,128,1,1,0.005776014000730356,0.017604217000553035,False,all independently sampled candidates,107,uniform_random,11,117249700,124249700,,1024,no_disease_to_disease,,,,
4,128,512,128,1,2,0.005730085998948198,0.023334302999501233,False,all independently sampled candidates,107,uniform_random,11,117249700,124249700,,1024,no_disease_to_disease,,,,
5,128,640,128,1,3,0.005979932000627741,0.029314235000128974,False,all independently sampled candidates,107,uniform_random,11,117249700,124249700,,1024,no_disease_to_disease,,,,
6,128,768,128,1,4,0.005740516000514617,0.03505475100064359,False,all independently sampled candidates,107,uniform_random,11,117249700,124249700,,1024,no_disease_to_disease,,,,
7,128,896,128,0,4,0.006009280999933253,0.041064032000576844,False,all independently sampled candidates,107,uniform_random,11,117249700,124249700,,1024,no_disease_to_disease,,,,
8,128,1024,128,3,6,0.005863414999112138,0.04692744699968898,False,all independently sampled candidates,107,uniform_random,11,117249700,124249700,,1024,no_disease_to_disease,,,,
1,128,128,128,0,0,0.005803199999718345,0.005803199999718345,True,all genetic population candidates,107,genetic_cfe,11,117249700,124249700,,1024,no_disease_to_disease,,,,
2,128,256,128,0,0,0.00615920800009917,0.011962407999817515,True,all genetic population candidates,107,genetic_cfe,11,117249700,124249700,,1024,no_disease_to_disease,,,,
3,128,384,128,0,0,0.0064901540008577285,0.018452562000675243,True,all genetic population candidates,107,genetic_cfe,11,117249700,124249700,,1024,no_disease_to_disease,,,,
4,128,512,128,0,0,0.006136554999102373,0.024589116999777616,True,all genetic population candidates,107,genetic_cfe,11,117249700,124249700,,1024,no_disease_to_disease,,,,
5,128,640,128,1,1,0.005867609001143137,0.030456726000920753,True,all genetic population candidates,107,genetic_cfe,11,117249700,124249700,,1024,no_disease_to_disease,,,,
6,128,768,128,6,2,0.0059937109999737,0.03645043700089445,True,all genetic population candidates,107,genetic_cfe,11,117249700,124249700,,1024,no_disease_to_disease,,,,
7,128,896,128,18,3,0.006474822999734897,0.04292526000062935,True,all genetic population candidates,107,genetic_cfe,11,117249700,124249700,,1024,no_disease_to_disease,,,,
8,128,1024,128,39,4,0.007823007999832043,0.050748268000461394,True,all genetic population candidates,107,genetic_cfe,11,117249700,124249700,,1024,no_disease_to_disease,,,,
1,1024,1024,16,14,5,0.13732380100009323,0.13732380100009323,True,final restart pool only,107,dice_gradient_style,11,117249700,124249700,,1024,no_disease_to_disease,63.0,16.0,16.0,63.0
1,1024,1024,16,14,5,0.12014082000132476,0.12014082000132476,True,final restart pool only,107,wachter_style,11,117249700,124249700,,1024,no_disease_to_disease,63.0,16.0,16.0,63.0
1,128,128,128,11,1,0.006025605000104406,0.006025605000104406,False,all independently sampled candidates,108,uniform_random,11,118249703,125249703,,1024,no_disease_to_disease,,,,
2,128,256,128,23,8,0.0063385230005224,0.012364128000626806,False,all independently sampled candidates,108,uniform_random,11,118249703,125249703,,1024,no_disease_to_disease,,,,
3,128,384,128,29,13,0.0067851899984816555,0.01914931799910846,False,all independently sampled candidates,108,uniform_random,11,118249703,125249703,,1024,no_disease_to_disease,,,,
4,128,512,128,25,19,0.006564470000739675,0.025713787999848137,False,all independently sampled candidates,108,uniform_random,11,118249703,125249703,,1024,no_disease_to_disease,,,,
5,128,640,128,30,26,0.007210237999970559,0.032924025999818696,False,all independently sampled candidates,108,uniform_random,11,118249703,125249703,,1024,no_disease_to_disease,,,,
6,128,768,128,35,38,0.007300073000806151,0.04022409900062485,False,all independently sampled candidates,108,uniform_random,11,118249703,125249703,,1024,no_disease_to_disease,,,,
7,128,896,128,32,51,0.008009853998373728,0.048233952998998575,False,all independently sampled candidates,108,uniform_random,11,118249703,125249703,,1024,no_disease_to_disease,,,,
8,128,1024,128,30,64,0.008364724000784918,0.05659867699978349,False,all independently sampled candidates,108,uniform_random,11,118249703,125249703,,1024,no_disease_to_disease,,,,
1,128,128,128,11,1,0.005920329998843954,0.005920329998843954,True,all genetic population candidates,108,genetic_cfe,11,118249703,125249703,,1024,no_disease_to_disease,,,,
2,128,256,128,45,3,0.007132961000024807,0.01305329099886876,True,all genetic population candidates,108,genetic_cfe,11,118249703,125249703,,1024,no_disease_to_disease,,,,
3,128,384,128,86,6,0.00793299900033162,0.02098628999920038,True,all genetic population candidates,108,genetic_cfe,11,118249703,125249703,,1024,no_disease_to_disease,,,,
4,128,512,128,103,8,0.008483564999551163,0.029469854998751543,True,all genetic population candidates,108,genetic_cfe,11,118249703,125249703,,1024,no_disease_to_disease,,,,
5,128,640,128,109,8,0.008728032000362873,0.03819788699911442,True,all genetic population candidates,108,genetic_cfe,11,118249703,125249703,,1024,no_disease_to_disease,,,,
6,128,768,128,108,8,0.008572810000259778,0.046770696999374195,True,all genetic population candidates,108,genetic_cfe,11,118249703,125249703,,1024,no_disease_to_disease,,,,
7,128,896,128,109,8,0.008932639000704512,0.05570333600007871,True,all genetic population candidates,108,genetic_cfe,11,118249703,125249703,,1024,no_disease_to_disease,,,,
8,128,1024,128,104,8,0.008504354000251624,0.06420769000033033,True,all genetic population candidates,108,genetic_cfe,11,118249703,125249703,,1024,no_disease_to_disease,,,,
1,1024,1024,16,16,2,0.13391751800008933,0.13391751800008933,True,final restart pool only,108,dice_gradient_style,11,118249703,125249703,,1024,no_disease_to_disease,63.0,16.0,16.0,63.0
1,1024,1024,16,16,2,0.122716150000997,0.122716150000997,True,final restart pool only,108,wachter_style,11,118249703,125249703,,1024,no_disease_to_disease,63.0,16.0,16.0,63.0
1,128,128,128,26,2,0.006625239000641159,0.006625239000641159,False,all independently sampled candidates,109,uniform_random,11,119249706,126249706,,1024,no_disease_to_disease,,,,
2,128,256,128,35,7,0.007371363999482128,0.013996603000123287,False,all independently sampled candidates,109,uniform_random,11,119249706,126249706,,1024,no_disease_to_disease,,,,
3,128,384,128,35,16,0.007382625000900589,0.021379228001023876,False,all independently sampled candidates,109,uniform_random,11,119249706,126249706,,1024,no_disease_to_disease,,,,
4,128,512,128,37,22,0.007048968998788041,0.028428196999811917,False,all independently sampled candidates,109,uniform_random,11,119249706,126249706,,1024,no_disease_to_disease,,,,
5,128,640,128,43,28,0.007934313000077964,0.03636250999988988,False,all independently sampled candidates,109,uniform_random,11,119249706,126249706,,1024,no_disease_to_disease,,,,
6,128,768,128,35,33,0.007225311999718542,0.04358782199960842,False,all independently sampled candidates,109,uniform_random,11,119249706,126249706,,1024,no_disease_to_disease,,,,
7,128,896,128,34,41,0.007422680000672699,0.05101050200028112,False,all independently sampled candidates,109,uniform_random,11,119249706,126249706,,1024,no_disease_to_disease,,,,
8,128,1024,128,45,53,0.008184075999452034,0.059194577999733156,False,all independently sampled candidates,109,uniform_random,11,119249706,126249706,,1024,no_disease_to_disease,,,,
1,128,128,128,26,2,0.006389557000147761,0.006389557000147761,True,all genetic population candidates,109,genetic_cfe,11,119249706,126249706,,1024,no_disease_to_disease,,,,
2,128,256,128,55,5,0.007245110000440036,0.013634667000587797,True,all genetic population candidates,109,genetic_cfe,11,119249706,126249706,,1024,no_disease_to_disease,,,,
3,128,384,128,102,6,0.0082487729996501,0.021883440000237897,True,all genetic population candidates,109,genetic_cfe,11,119249706,126249706,,1024,no_disease_to_disease,,,,
4,128,512,128,119,6,0.009423424000488012,0.03130686400072591,True,all genetic population candidates,109,genetic_cfe,11,119249706,126249706,,1024,no_disease_to_disease,,,,
5,128,640,128,117,6,0.008720308000192745,0.040027172000918654,True,all genetic population candidates,109,genetic_cfe,11,119249706,126249706,,1024,no_disease_to_disease,,,,
6,128,768,128,124,6,0.009140651000052458,0.04916782300097111,True,all genetic population candidates,109,genetic_cfe,11,119249706,126249706,,1024,no_disease_to_disease,,,,
7,128,896,128,122,6,0.008944922999944538,0.05811274600091565,True,all genetic population candidates,109,genetic_cfe,11,119249706,126249706,,1024,no_disease_to_disease,,,,
8,128,1024,128,125,6,0.009429762998479418,0.06754250899939507,True,all genetic population candidates,109,genetic_cfe,11,119249706,126249706,,1024,no_disease_to_disease,,,,
1,1024,1024,16,16,2,0.1321584189990972,0.1321584189990972,True,final restart pool only,109,dice_gradient_style,11,119249706,126249706,,1024,no_disease_to_disease,63.0,16.0,16.0,63.0
1,1024,1024,16,16,2,0.11558983699978853,0.11558983699978853,True,final restart pool only,109,wachter_style,11,119249706,126249706,,1024,no_disease_to_disease,63.0,16.0,16.0,63.0
1,128,128,128,15,1,0.005965098998785834,0.005965098998785834,False,all independently sampled candidates,110,uniform_random,11,120249709,127249709,,1024,no_disease_to_disease,,,,
2,128,256,128,31,9,0.006668398000329034,0.012633496999114868,False,all independently sampled candidates,110,uniform_random,11,120249709,127249709,,1024,no_disease_to_disease,,,,
3,128,384,128,32,15,0.006827105000411393,0.01946060199952626,False,all independently sampled candidates,110,uniform_random,11,120249709,127249709,,1024,no_disease_to_disease,,,,
4,128,512,128,44,29,0.007326703000217094,0.026787304999743355,False,all independently sampled candidates,110,uniform_random,11,120249709,127249709,,1024,no_disease_to_disease,,,,
5,128,640,128,49,43,0.007946552999783307,0.03473385799952666,False,all independently sampled candidates,110,uniform_random,11,120249709,127249709,,1024,no_disease_to_disease,,,,
6,128,768,128,46,61,0.008844816000419087,0.04357867399994575,False,all independently sampled candidates,110,uniform_random,11,120249709,127249709,,1024,no_disease_to_disease,,,,
7,128,896,128,48,73,0.009463676999075687,0.05304235099902144,False,all independently sampled candidates,110,uniform_random,11,120249709,127249709,,1024,no_disease_to_disease,,,,
8,128,1024,128,52,91,0.009798637000130839,0.06284098799915228,False,all independently sampled candidates,110,uniform_random,11,120249709,127249709,,1024,no_disease_to_disease,,,,
1,128,128,128,15,1,0.005883009000172024,0.005883009000172024,True,all genetic population candidates,110,genetic_cfe,11,120249709,127249709,,1024,no_disease_to_disease,,,,
2,128,256,128,43,5,0.006727751999278553,0.012610760999450576,True,all genetic population candidates,110,genetic_cfe,11,120249709,127249709,,1024,no_disease_to_disease,,,,
3,128,384,128,86,11,0.008001294001587667,0.020612055001038243,True,all genetic population candidates,110,genetic_cfe,11,120249709,127249709,,1024,no_disease_to_disease,,,,
4,128,512,128,120,13,0.010011566999310162,0.030623622000348405,True,all genetic population candidates,110,genetic_cfe,11,120249709,127249709,,1024,no_disease_to_disease,,,,
5,128,640,128,126,14,0.011601756999880308,0.04222537900022871,True,all genetic population candidates,110,genetic_cfe,11,120249709,127249709,,1024,no_disease_to_disease,,,,
6,128,768,128,127,15,0.011005128999386216,0.05323050799961493,True,all genetic population candidates,110,genetic_cfe,11,120249709,127249709,,1024,no_disease_to_disease,,,,
7,128,896,128,124,15,0.011494807000417495,0.06472531500003242,True,all genetic population candidates,110,genetic_cfe,11,120249709,127249709,,1024,no_disease_to_disease,,,,
8,128,1024,128,126,15,0.011018118999345461,0.07574343399937788,True,all genetic population candidates,110,genetic_cfe,11,120249709,127249709,,1024,no_disease_to_disease,,,,
1,1024,1024,16,16,9,0.15213561000018672,0.15213561000018672,True,final restart pool only,110,dice_gradient_style,11,120249709,127249709,,1024,no_disease_to_disease,63.0,16.0,16.0,63.0
1,1024,1024,16,16,9,0.1182268299999123,0.1182268299999123,True,final restart pool only,110,wachter_style,11,120249709,127249709,,1024,no_disease_to_disease,63.0,16.0,16.0,63.0
1,128,128,128,0,0,0.005851224001162336,0.005851224001162336,False,all independently sampled candidates,111,uniform_random,11,121249712,128249712,,1024,no_disease_to_disease,,,,
2,128,256,128,2,1,0.006653692998952465,0.012504917000114801,False,all independently sampled candidates,111,uniform_random,11,121249712,128249712,,1024,no_disease_to_disease,,,,
3,128,384,128,0,1,0.005662753999786219,0.01816767099990102,False,all independently sampled candidates,111,uniform_random,11,121249712,128249712,,1024,no_disease_to_disease,,,,
4,128,512,128,7,6,0.005787388001408544,0.023955059001309564,False,all independently sampled candidates,111,uniform_random,11,121249712,128249712,,1024,no_disease_to_disease,,,,
5,128,640,128,8,8,0.005846634998306399,0.029801693999615964,False,all independently sampled candidates,111,uniform_random,11,121249712,128249712,,1024,no_disease_to_disease,,,,
6,128,768,128,9,10,0.00591163500030234,0.0357133289999183,False,all independently sampled candidates,111,uniform_random,11,121249712,128249712,,1024,no_disease_to_disease,,,,
7,128,896,128,14,15,0.006121792001067661,0.041835121000985964,False,all independently sampled candidates,111,uniform_random,11,121249712,128249712,,1024,no_disease_to_disease,,,,
8,128,1024,128,20,19,0.00633937699967646,0.048174498000662425,False,all independently sampled candidates,111,uniform_random,11,121249712,128249712,,1024,no_disease_to_disease,,,,
1,128,128,128,0,0,0.0057905919984477805,0.0057905919984477805,True,all genetic population candidates,111,genetic_cfe,11,121249712,128249712,,1024,no_disease_to_disease,,,,
2,128,256,128,2,1,0.005845711000802112,0.011636302999249892,True,all genetic population candidates,111,genetic_cfe,11,121249712,128249712,,1024,no_disease_to_disease,,,,
3,128,384,128,11,2,0.007277683000211255,0.018913985999461147,True,all genetic population candidates,111,genetic_cfe,11,121249712,128249712,,1024,no_disease_to_disease,,,,
4,128,512,128,37,4,0.0069336079995991895,0.025847593999060337,True,all genetic population candidates,111,genetic_cfe,11,121249712,128249712,,1024,no_disease_to_disease,,,,
5,128,640,128,72,7,0.007601522000186378,0.033449115999246715,True,all genetic population candidates,111,genetic_cfe,11,121249712,128249712,,1024,no_disease_to_disease,,,,
6,128,768,128,105,9,0.00850315500065335,0.041952270999900065,True,all genetic population candidates,111,genetic_cfe,11,121249712,128249712,,1024,no_disease_to_disease,,,,
7,128,896,128,108,10,0.008834618998662336,0.0507868899985624,True,all genetic population candidates,111,genetic_cfe,11,121249712,128249712,,1024,no_disease_to_disease,,,,
8,128,1024,128,118,10,0.009146080001301016,0.05993296999986342,True,all genetic population candidates,111,genetic_cfe,11,121249712,128249712,,1024,no_disease_to_disease,,,,
1,1024,1024,16,16,2,0.13575039500028652,0.13575039500028652,True,final restart pool only,111,dice_gradient_style,11,121249712,128249712,,1024,no_disease_to_disease,63.0,16.0,16.0,63.0
1,1024,1024,16,16,2,0.11898162099896581,0.11898162099896581,True,final restart pool only,111,wachter_style,11,121249712,128249712,,1024,no_disease_to_disease,63.0,16.0,16.0,63.0
1,128,128,128,0,0,0.006001318000926403,0.006001318000926403,False,all independently sampled candidates,112,uniform_random,11,122249715,129249715,,1024,no_disease_to_disease,,,,
2,128,256,128,0,0,0.006424568000511499,0.012425886001437902,False,all independently sampled candidates,112,uniform_random,11,122249715,129249715,,1024,no_disease_to_disease,,,,
3,128,384,128,0,0,0.0062112589985190425,0.018637144999956945,False,all independently sampled candidates,112,uniform_random,11,122249715,129249715,,1024,no_disease_to_disease,,,,
4,128,512,128,1,1,0.006015199000103166,0.02465234400006011,False,all independently sampled candidates,112,uniform_random,11,122249715,129249715,,1024,no_disease_to_disease,,,,
5,128,640,128,3,3,0.006148107000626624,0.030800451000686735,False,all independently sampled candidates,112,uniform_random,11,122249715,129249715,,1024,no_disease_to_disease,,,,
6,128,768,128,5,6,0.006085806000555749,0.036886257001242484,False,all independently sampled candidates,112,uniform_random,11,122249715,129249715,,1024,no_disease_to_disease,,,,
7,128,896,128,4,10,0.006205101999512408,0.04309135900075489,False,all independently sampled candidates,112,uniform_random,11,122249715,129249715,,1024,no_disease_to_disease,,,,
8,128,1024,128,7,15,0.006079635999412858,0.04917099500016775,False,all independently sampled candidates,112,uniform_random,11,122249715,129249715,,1024,no_disease_to_disease,,,,
1,128,128,128,0,0,0.006051652999303769,0.006051652999303769,True,all genetic population candidates,112,genetic_cfe,11,122249715,129249715,,1024,no_disease_to_disease,,,,
2,128,256,128,0,0,0.006000641000355245,0.012052293999659014,True,all genetic population candidates,112,genetic_cfe,11,122249715,129249715,,1024,no_disease_to_disease,,,,
3,128,384,128,0,0,0.006174694999572239,0.018226988999231253,True,all genetic population candidates,112,genetic_cfe,11,122249715,129249715,,1024,no_disease_to_disease,,,,
4,128,512,128,2,2,0.007881585999712115,0.026108574998943368,True,all genetic population candidates,112,genetic_cfe,11,122249715,129249715,,1024,no_disease_to_disease,,,,
5,128,640,128,8,3,0.0067119930008630035,0.03282056799980637,True,all genetic population candidates,112,genetic_cfe,11,122249715,129249715,,1024,no_disease_to_disease,,,,
6,128,768,128,21,5,0.007106035000106203,0.039926602999912575,True,all genetic population candidates,112,genetic_cfe,11,122249715,129249715,,1024,no_disease_to_disease,,,,
7,128,896,128,53,7,0.008169707998604281,0.048096310998516856,True,all genetic population candidates,112,genetic_cfe,11,122249715,129249715,,1024,no_disease_to_disease,,,,
8,128,1024,128,98,10,0.01110015599988401,0.059196466998400865,True,all genetic population candidates,112,genetic_cfe,11,122249715,129249715,,1024,no_disease_to_disease,,,,
1,1024,1024,16,16,2,0.13770560499870044,0.13770560499870044,True,final restart pool only,112,dice_gradient_style,11,122249715,129249715,,1024,no_disease_to_disease,63.0,16.0,16.0,63.0
1,1024,1024,16,16,2,0.11676196399821492,0.11676196399821492,True,final restart pool only,112,wachter_style,11,122249715,129249715,,1024,no_disease_to_disease,63.0,16.0,16.0,63.0
1,128,128,128,25,4,0.006829645999459899,0.006829645999459899,False,all independently sampled candidates,113,uniform_random,11,123249718,130249718,,1024,no_disease_to_disease,,,,
2,128,256,128,31,9,0.006485341000370681,0.01331498699983058,False,all independently sampled candidates,113,uniform_random,11,123249718,130249718,,1024,no_disease_to_disease,,,,
3,128,384,128,42,15,0.006887257999551366,0.020202244999381946,False,all independently sampled candidates,113,uniform_random,11,123249718,130249718,,1024,no_disease_to_disease,,,,
4,128,512,128,51,26,0.007493840999813983,0.02769608599919593,False,all independently sampled candidates,113,uniform_random,11,123249718,130249718,,1024,no_disease_to_disease,,,,
5,128,640,128,51,35,0.007935077001093305,0.035631163000289234,False,all independently sampled candidates,113,uniform_random,11,123249718,130249718,,1024,no_disease_to_disease,,,,
6,128,768,128,47,46,0.0087213269998756,0.044352490000164835,False,all independently sampled candidates,113,uniform_random,11,123249718,130249718,,1024,no_disease_to_disease,,,,
7,128,896,128,46,59,0.008359956000276725,0.05271244600044156,False,all independently sampled candidates,113,uniform_random,11,123249718,130249718,,1024,no_disease_to_disease,,,,
8,128,1024,128,38,67,0.008800669998890953,0.06151311599933251,False,all independently sampled candidates,113,uniform_random,11,123249718,130249718,,1024,no_disease_to_disease,,,,
1,128,128,128,25,4,0.006502524998722947,0.006502524998722947,True,all genetic population candidates,113,genetic_cfe,11,123249718,130249718,,1024,no_disease_to_disease,,,,
2,128,256,128,53,5,0.007016097000814625,0.013518621999537572,True,all genetic population candidates,113,genetic_cfe,11,123249718,130249718,,1024,no_disease_to_disease,,,,
3,128,384,128,83,5,0.007827383000403643,0.021346004999941215,True,all genetic population candidates,113,genetic_cfe,11,123249718,130249718,,1024,no_disease_to_disease,,,,
4,128,512,128,88,5,0.007903350999185932,0.029249355999127147,True,all genetic population candidates,113,genetic_cfe,11,123249718,130249718,,1024,no_disease_to_disease,,,,
5,128,640,128,75,6,0.007957310001074802,0.03720666600020195,True,all genetic population candidates,113,genetic_cfe,11,123249718,130249718,,1024,no_disease_to_disease,,,,
6,128,768,128,72,6,0.007498269998905016,0.044704935999106965,True,all genetic population candidates,113,genetic_cfe,11,123249718,130249718,,1024,no_disease_to_disease,,,,
7,128,896,128,67,6,0.007609708000018145,0.05231464399912511,True,all genetic population candidates,113,genetic_cfe,11,123249718,130249718,,1024,no_disease_to_disease,,,,
8,128,1024,128,45,6,0.007095377000950975,0.059410021000076085,True,all genetic population candidates,113,genetic_cfe,11,123249718,130249718,,1024,no_disease_to_disease,,,,
1,1024,1024,16,16,4,0.13469623699893418,0.13469623699893418,True,final restart pool only,113,dice_gradient_style,11,123249718,130249718,,1024,no_disease_to_disease,63.0,16.0,16.0,63.0
1,1024,1024,16,16,2,0.11723285399966699,0.11723285399966699,True,final restart pool only,113,wachter_style,11,123249718,130249718,,1024,no_disease_to_disease,63.0,16.0,16.0,63.0
1,128,128,128,0,0,0.005821208000270417,0.005821208000270417,False,all independently sampled candidates,114,uniform_random,11,124249721,131249721,,1024,no_disease_to_disease,,,,
2,128,256,128,0,0,0.005694684999980382,0.011515893000250799,False,all independently sampled candidates,114,uniform_random,11,124249721,131249721,,1024,no_disease_to_disease,,,,
3,128,384,128,0,0,0.005657970999891404,0.017173864000142203,False,all independently sampled candidates,114,uniform_random,11,124249721,131249721,,1024,no_disease_to_disease,,,,
4,128,512,128,0,0,0.005602586999884807,0.02277645100002701,False,all independently sampled candidates,114,uniform_random,11,124249721,131249721,,1024,no_disease_to_disease,,,,
5,128,640,128,1,1,0.005664058999172994,0.028440509999200003,False,all independently sampled candidates,114,uniform_random,11,124249721,131249721,,1024,no_disease_to_disease,,,,
6,128,768,128,5,6,0.005828056000609649,0.03426856599980965,False,all independently sampled candidates,114,uniform_random,11,124249721,131249721,,1024,no_disease_to_disease,,,,
7,128,896,128,1,7,0.005654492999383365,0.03992305899919302,False,all independently sampled candidates,114,uniform_random,11,124249721,131249721,,1024,no_disease_to_disease,,,,
8,128,1024,128,3,9,0.006271721000302932,0.04619477999949595,False,all independently sampled candidates,114,uniform_random,11,124249721,131249721,,1024,no_disease_to_disease,,,,
1,128,128,128,0,0,0.005704829000023892,0.005704829000023892,True,all genetic population candidates,114,genetic_cfe,11,124249721,131249721,,1024,no_disease_to_disease,,,,
2,128,256,128,0,0,0.005963342000541161,0.011668171000565053,True,all genetic population candidates,114,genetic_cfe,11,124249721,131249721,,1024,no_disease_to_disease,,,,
3,128,384,128,0,0,0.006110723999881884,0.017778895000446937,True,all genetic population candidates,114,genetic_cfe,11,124249721,131249721,,1024,no_disease_to_disease,,,,
4,128,512,128,0,0,0.00820087399915792,0.025979768999604858,True,all genetic population candidates,114,genetic_cfe,11,124249721,131249721,,1024,no_disease_to_disease,,,,
5,128,640,128,3,2,0.006356364001476322,0.03233613300108118,True,all genetic population candidates,114,genetic_cfe,11,124249721,131249721,,1024,no_disease_to_disease,,,,
6,128,768,128,11,6,0.0064705400000093505,0.03880667300109053,True,all genetic population candidates,114,genetic_cfe,11,124249721,131249721,,1024,no_disease_to_disease,,,,
7,128,896,128,43,13,0.008118780999211594,0.046925454000302125,True,all genetic population candidates,114,genetic_cfe,11,124249721,131249721,,1024,no_disease_to_disease,,,,
8,128,1024,128,60,16,0.008745047000047634,0.05567050100034976,True,all genetic population candidates,114,genetic_cfe,11,124249721,131249721,,1024,no_disease_to_disease,,,,
1,1024,1024,16,16,9,0.13968623700020544,0.13968623700020544,True,final restart pool only,114,dice_gradient_style,11,124249721,131249721,,1024,no_disease_to_disease,63.0,16.0,16.0,63.0
1,1024,1024,16,16,9,0.131893649999256,0.131893649999256,True,final restart pool only,114,wachter_style,11,124249721,131249721,,1024,no_disease_to_disease,63.0,16.0,16.0,63.0
1,128,128,128,26,4,0.0063756359995750245,0.0063756359995750245,False,all independently sampled candidates,115,uniform_random,11,125249724,132249724,,1024,no_disease_to_disease,,,,
2,128,256,128,23,7,0.006294025000897818,0.012669661000472843,False,all independently sampled candidates,115,uniform_random,11,125249724,132249724,,1024,no_disease_to_disease,,,,
3,128,384,128,31,18,0.007035078999251709,0.019704739999724552,False,all independently sampled candidates,115,uniform_random,11,125249724,132249724,,1024,no_disease_to_disease,,,,
4,128,512,128,41,31,0.007443395999871427,0.02714813599959598,False,all independently sampled candidates,115,uniform_random,11,125249724,132249724,,1024,no_disease_to_disease,,,,
5,128,640,128,42,40,0.007718976999967708,0.03486711299956369,False,all independently sampled candidates,115,uniform_random,11,125249724,132249724,,1024,no_disease_to_disease,,,,
6,128,768,128,39,47,0.007774307001454872,0.04264142000101856,False,all independently sampled candidates,115,uniform_random,11,125249724,132249724,,1024,no_disease_to_disease,,,,
7,128,896,128,41,59,0.008130311998684192,0.05077173199970275,False,all independently sampled candidates,115,uniform_random,11,125249724,132249724,,1024,no_disease_to_disease,,,,
8,128,1024,128,43,70,0.00858284500100126,0.05935457700070401,False,all independently sampled candidates,115,uniform_random,11,125249724,132249724,,1024,no_disease_to_disease,,,,
1,128,128,128,26,4,0.006211937999978545,0.006211937999978545,True,all genetic population candidates,115,genetic_cfe,11,125249724,132249724,,1024,no_disease_to_disease,,,,
2,128,256,128,67,8,0.007433234999552951,0.013645172999531496,True,all genetic population candidates,115,genetic_cfe,11,125249724,132249724,,1024,no_disease_to_disease,,,,
3,128,384,128,110,8,0.008828193000226747,0.022473365999758244,True,all genetic population candidates,115,genetic_cfe,11,125249724,132249724,,1024,no_disease_to_disease,,,,
4,128,512,128,125,12,0.009109176999118063,0.031582542998876306,True,all genetic population candidates,115,genetic_cfe,11,125249724,132249724,,1024,no_disease_to_disease,,,,
5,128,640,128,122,12,0.009428870000192546,0.04101141299906885,True,all genetic population candidates,115,genetic_cfe,11,125249724,132249724,,1024,no_disease_to_disease,,,,
6,128,768,128,121,12,0.009516551001070184,0.050527964000139036,True,all genetic population candidates,115,genetic_cfe,11,125249724,132249724,,1024,no_disease_to_disease,,,,
7,128,896,128,125,13,0.00956461999885505,0.06009258399899409,True,all genetic population candidates,115,genetic_cfe,11,125249724,132249724,,1024,no_disease_to_disease,,,,
8,128,1024,128,123,13,0.00981682100064063,0.06990940499963472,True,all genetic population candidates,115,genetic_cfe,11,125249724,132249724,,1024,no_disease_to_disease,,,,
1,1024,1024,16,16,2,0.13630205499976,0.13630205499976,True,final restart pool only,115,dice_gradient_style,11,125249724,132249724,,1024,no_disease_to_disease,63.0,16.0,16.0,63.0
1,1024,1024,16,16,2,0.12019920999955502,0.12019920999955502,True,final restart pool only,115,wachter_style,11,125249724,132249724,,1024,no_disease_to_disease,63.0,16.0,16.0,63.0
1,128,128,128,0,0,0.0059919520008406835,0.0059919520008406835,False,all independently sampled candidates,116,uniform_random,11,126249727,133249727,,1024,no_disease_to_disease,,,,
2,128,256,128,0,0,0.005770867999672191,0.011762820000512875,False,all independently sampled candidates,116,uniform_random,11,126249727,133249727,,1024,no_disease_to_disease,,,,
3,128,384,128,0,0,0.005964145999314496,0.01772696599982737,False,all independently sampled candidates,116,uniform_random,11,126249727,133249727,,1024,no_disease_to_disease,,,,
4,128,512,128,0,0,0.005729790000259527,0.023456756000086898,False,all independently sampled candidates,116,uniform_random,11,126249727,133249727,,1024,no_disease_to_disease,,,,
5,128,640,128,1,1,0.005689921999874059,0.029146677999960957,False,all independently sampled candidates,116,uniform_random,11,126249727,133249727,,1024,no_disease_to_disease,,,,
6,128,768,128,0,1,0.005783159000202431,0.03492983700016339,False,all independently sampled candidates,116,uniform_random,11,126249727,133249727,,1024,no_disease_to_disease,,,,
7,128,896,128,8,7,0.0059195810008532135,0.0408494180010166,False,all independently sampled candidates,116,uniform_random,11,126249727,133249727,,1024,no_disease_to_disease,,,,
8,128,1024,128,2,9,0.00740728799974022,0.04825670600075682,False,all independently sampled candidates,116,uniform_random,11,126249727,133249727,,1024,no_disease_to_disease,,,,
1,128,128,128,0,0,0.006194350999066955,0.006194350999066955,True,all genetic population candidates,116,genetic_cfe,11,126249727,133249727,,1024,no_disease_to_disease,,,,
2,128,256,128,0,0,0.00623928000095475,0.012433631000021705,True,all genetic population candidates,116,genetic_cfe,11,126249727,133249727,,1024,no_disease_to_disease,,,,
3,128,384,128,0,0,0.005764182998973411,0.018197813998995116,True,all genetic population candidates,116,genetic_cfe,11,126249727,133249727,,1024,no_disease_to_disease,,,,
4,128,512,128,0,0,0.005859724000401911,0.024057537999397027,True,all genetic population candidates,116,genetic_cfe,11,126249727,133249727,,1024,no_disease_to_disease,,,,
5,128,640,128,2,1,0.005968585999653442,0.03002612399905047,True,all genetic population candidates,116,genetic_cfe,11,126249727,133249727,,1024,no_disease_to_disease,,,,
6,128,768,128,6,1,0.005964244999631774,0.03599036899868224,True,all genetic population candidates,116,genetic_cfe,11,126249727,133249727,,1024,no_disease_to_disease,,,,
7,128,896,128,18,2,0.006262990000323043,0.042253358999005286,True,all genetic population candidates,116,genetic_cfe,11,126249727,133249727,,1024,no_disease_to_disease,,,,
8,128,1024,128,47,2,0.00693908100038243,0.049192439999387716,True,all genetic population candidates,116,genetic_cfe,11,126249727,133249727,,1024,no_disease_to_disease,,,,
1,1024,1024,16,16,9,0.13932200899944291,0.13932200899944291,True,final restart pool only,116,dice_gradient_style,11,126249727,133249727,,1024,no_disease_to_disease,63.0,16.0,16.0,63.0
1,1024,1024,16,16,9,0.11865976500121178,0.11865976500121178,True,final restart pool only,116,wachter_style,11,126249727,133249727,,1024,no_disease_to_disease,63.0,16.0,16.0,63.0
1,128,128,128,0,0,0.005879108000954147,0.005879108000954147,False,all independently sampled candidates,117,uniform_random,11,127249730,134249730,,1024,no_disease_to_disease,,,,
2,128,256,128,0,0,0.0059232809999230085,0.011802389000877156,False,all independently sampled candidates,117,uniform_random,11,127249730,134249730,,1024,no_disease_to_disease,,,,
3,128,384,128,0,0,0.006299315999058308,0.018101704999935464,False,all independently sampled candidates,117,uniform_random,11,127249730,134249730,,1024,no_disease_to_disease,,,,
4,128,512,128,0,0,0.006250315000215778,0.024352020000151242,False,all independently sampled candidates,117,uniform_random,11,127249730,134249730,,1024,no_disease_to_disease,,,,
5,128,640,128,0,0,0.006052074999388424,0.030404094999539666,False,all independently sampled candidates,117,uniform_random,11,127249730,134249730,,1024,no_disease_to_disease,,,,
6,128,768,128,0,0,0.005758915000114939,0.036163009999654605,False,all independently sampled candidates,117,uniform_random,11,127249730,134249730,,1024,no_disease_to_disease,,,,
7,128,896,128,0,0,0.005669142999977339,0.041832152999631944,False,all independently sampled candidates,117,uniform_random,11,127249730,134249730,,1024,no_disease_to_disease,,,,
8,128,1024,128,2,2,0.005907173001105548,0.04773932600073749,False,all independently sampled candidates,117,uniform_random,11,127249730,134249730,,1024,no_disease_to_disease,,,,
1,128,128,128,0,0,0.006095339998864802,0.006095339998864802,True,all genetic population candidates,117,genetic_cfe,11,127249730,134249730,,1024,no_disease_to_disease,,,,
2,128,256,128,0,0,0.005925142000705819,0.01202048199957062,True,all genetic population candidates,117,genetic_cfe,11,127249730,134249730,,1024,no_disease_to_disease,,,,
3,128,384,128,0,0,0.006062897999072447,0.018083379998643068,True,all genetic population candidates,117,genetic_cfe,11,127249730,134249730,,1024,no_disease_to_disease,,,,
4,128,512,128,0,0,0.0059663650008587865,0.024049744999501854,True,all genetic population candidates,117,genetic_cfe,11,127249730,134249730,,1024,no_disease_to_disease,,,,
5,128,640,128,0,0,0.005900109999856795,0.02994985499935865,True,all genetic population candidates,117,genetic_cfe,11,127249730,134249730,,1024,no_disease_to_disease,,,,
6,128,768,128,2,2,0.006125329000497004,0.03607518399985565,True,all genetic population candidates,117,genetic_cfe,11,127249730,134249730,,1024,no_disease_to_disease,,,,
7,128,896,128,13,6,0.006186876000356278,0.04226206000021193,True,all genetic population candidates,117,genetic_cfe,11,127249730,134249730,,1024,no_disease_to_disease,,,,
8,128,1024,128,39,12,0.00754920999861497,0.0498112699988269,True,all genetic population candidates,117,genetic_cfe,11,127249730,134249730,,1024,no_disease_to_disease,,,,
1,1024,1024,16,8,2,0.14125308399889036,0.14125308399889036,True,final restart pool only,117,dice_gradient_style,11,127249730,134249730,,1024,no_disease_to_disease,63.0,16.0,16.0,63.0
1,1024,1024,16,8,2,0.12181652700019185,0.12181652700019185,True,final restart pool only,117,wachter_style,11,127249730,134249730,,1024,no_disease_to_disease,63.0,16.0,16.0,63.0
1,128,128,128,0,0,0.005787140000393265,0.005787140000393265,False,all independently sampled candidates,118,uniform_random,11,128249733,135249733,,1024,no_disease_to_disease,,,,
2,128,256,128,0,0,0.00585764800052857,0.011644788000921835,False,all independently sampled candidates,118,uniform_random,11,128249733,135249733,,1024,no_disease_to_disease,,,,
3,128,384,128,0,0,0.005719648999729543,0.017364437000651378,False,all independently sampled candidates,118,uniform_random,11,128249733,135249733,,1024,no_disease_to_disease,,,,
4,128,512,128,0,0,0.005831316999319824,0.023195753999971203,False,all independently sampled candidates,118,uniform_random,11,128249733,135249733,,1024,no_disease_to_disease,,,,
5,128,640,128,1,1,0.005740978000176256,0.028936732000147458,False,all independently sampled candidates,118,uniform_random,11,128249733,135249733,,1024,no_disease_to_disease,,,,
6,128,768,128,0,1,0.005725891000111005,0.03466262300025846,False,all independently sampled candidates,118,uniform_random,11,128249733,135249733,,1024,no_disease_to_disease,,,,
7,128,896,128,0,1,0.005699926001398126,0.04036254900165659,False,all independently sampled candidates,118,uniform_random,11,128249733,135249733,,1024,no_disease_to_disease,,,,
8,128,1024,128,2,3,0.0057974899991677376,0.04616003900082433,False,all independently sampled candidates,118,uniform_random,11,128249733,135249733,,1024,no_disease_to_disease,,,,
1,128,128,128,0,0,0.0061991480015421985,0.0061991480015421985,True,all genetic population candidates,118,genetic_cfe,11,128249733,135249733,,1024,no_disease_to_disease,,,,
2,128,256,128,0,0,0.006426377998650423,0.012625526000192622,True,all genetic population candidates,118,genetic_cfe,11,128249733,135249733,,1024,no_disease_to_disease,,,,
3,128,384,128,0,0,0.0061790890013071476,0.01880461500149977,True,all genetic population candidates,118,genetic_cfe,11,128249733,135249733,,1024,no_disease_to_disease,,,,
4,128,512,128,0,0,0.0063817569989623735,0.025186372000462143,True,all genetic population candidates,118,genetic_cfe,11,128249733,135249733,,1024,no_disease_to_disease,,,,
5,128,640,128,0,0,0.00669436600037443,0.03188073800083657,True,all genetic population candidates,118,genetic_cfe,11,128249733,135249733,,1024,no_disease_to_disease,,,,
6,128,768,128,8,2,0.006223816999408882,0.038104555000245455,True,all genetic population candidates,118,genetic_cfe,11,128249733,135249733,,1024,no_disease_to_disease,,,,
7,128,896,128,24,3,0.006426089001251967,0.04453064400149742,True,all genetic population candidates,118,genetic_cfe,11,128249733,135249733,,1024,no_disease_to_disease,,,,
8,128,1024,128,56,3,0.007199927998954081,0.0517305720004515,True,all genetic population candidates,118,genetic_cfe,11,128249733,135249733,,1024,no_disease_to_disease,,,,
1,1024,1024,16,15,4,0.1395731570009957,0.1395731570009957,True,final restart pool only,118,dice_gradient_style,11,128249733,135249733,,1024,no_disease_to_disease,63.0,16.0,16.0,63.0
1,1024,1024,16,15,4,0.12444194499948935,0.12444194499948935,True,final restart pool only,118,wachter_style,11,128249733,135249733,,1024,no_disease_to_disease,63.0,16.0,16.0,63.0
1,128,128,128,0,0,0.0057705689996510046,0.0057705689996510046,False,all independently sampled candidates,119,uniform_random,11,129249736,136249736,,1024,no_disease_to_disease,,,,
2,128,256,128,0,0,0.006006360001265421,0.011776929000916425,False,all independently sampled candidates,119,uniform_random,11,129249736,136249736,,1024,no_disease_to_disease,,,,
3,128,384,128,0,0,0.0056644630003575,0.017441392001273925,False,all independently sampled candidates,119,uniform_random,11,129249736,136249736,,1024,no_disease_to_disease,,,,
4,128,512,128,0,0,0.005710048999389983,0.023151441000663908,False,all independently sampled candidates,119,uniform_random,11,129249736,136249736,,1024,no_disease_to_disease,,,,
5,128,640,128,0,0,0.006526863000544836,0.029678304001208744,False,all independently sampled candidates,119,uniform_random,11,129249736,136249736,,1024,no_disease_to_disease,,,,
6,128,768,128,0,0,0.006568039998455788,0.03624634399966453,False,all independently sampled candidates,119,uniform_random,11,129249736,136249736,,1024,no_disease_to_disease,,,,
7,128,896,128,0,0,0.008496637999996892,0.044742981999661424,False,all independently sampled candidates,119,uniform_random,11,129249736,136249736,,1024,no_disease_to_disease,,,,
8,128,1024,128,1,1,0.006107035000241012,0.050850016999902437,False,all independently sampled candidates,119,uniform_random,11,129249736,136249736,,1024,no_disease_to_disease,,,,
1,128,128,128,0,0,0.005679657000655425,0.005679657000655425,True,all genetic population candidates,119,genetic_cfe,11,129249736,136249736,,1024,no_disease_to_disease,,,,
2,128,256,128,0,0,0.005746918999648187,0.011426576000303612,True,all genetic population candidates,119,genetic_cfe,11,129249736,136249736,,1024,no_disease_to_disease,,,,
3,128,384,128,0,0,0.005724959999497514,0.017151535999801126,True,all genetic population candidates,119,genetic_cfe,11,129249736,136249736,,1024,no_disease_to_disease,,,,
4,128,512,128,0,0,0.005717279000236886,0.022868815000038012,True,all genetic population candidates,119,genetic_cfe,11,129249736,136249736,,1024,no_disease_to_disease,,,,
5,128,640,128,0,0,0.00579136499982269,0.028660179999860702,True,all genetic population candidates,119,genetic_cfe,11,129249736,136249736,,1024,no_disease_to_disease,,,,
6,128,768,128,0,0,0.006020711000019219,0.03468089099987992,True,all genetic population candidates,119,genetic_cfe,11,129249736,136249736,,1024,no_disease_to_disease,,,,
7,128,896,128,10,4,0.006012097999700927,0.04069298899958085,True,all genetic population candidates,119,genetic_cfe,11,129249736,136249736,,1024,no_disease_to_disease,,,,
8,128,1024,128,30,9,0.00654225700054667,0.04723524600012752,True,all genetic population candidates,119,genetic_cfe,11,129249736,136249736,,1024,no_disease_to_disease,,,,
1,1024,1024,16,10,4,0.13022924100005184,0.13022924100005184,True,final restart pool only,119,dice_gradient_style,11,129249736,136249736,,1024,no_disease_to_disease,63.0,16.0,16.0,63.0
1,1024,1024,16,10,3,0.13444746300046972,0.13444746300046972,True,final restart pool only,119,wachter_style,11,129249736,136249736,,1024,no_disease_to_disease,63.0,16.0,16.0,63.0
1,128,128,128,0,0,0.006066496000130428,0.006066496000130428,False,all independently sampled candidates,120,uniform_random,11,130249739,137249739,,1024,no_disease_to_disease,,,,
2,128,256,128,0,0,0.005690064001100836,0.011756560001231264,False,all independently sampled candidates,120,uniform_random,11,130249739,137249739,,1024,no_disease_to_disease,,,,
3,128,384,128,0,0,0.006046677999620442,0.017803238000851707,False,all independently sampled candidates,120,uniform_random,11,130249739,137249739,,1024,no_disease_to_disease,,,,
4,128,512,128,0,0,0.0056984689999808325,0.02350170700083254,False,all independently sampled candidates,120,uniform_random,11,130249739,137249739,,1024,no_disease_to_disease,,,,
5,128,640,128,1,1,0.006840239999291953,0.030341947000124492,False,all independently sampled candidates,120,uniform_random,11,130249739,137249739,,1024,no_disease_to_disease,,,,
6,128,768,128,2,3,0.005879815000298549,0.03622176200042304,False,all independently sampled candidates,120,uniform_random,11,130249739,137249739,,1024,no_disease_to_disease,,,,
7,128,896,128,1,4,0.00586394099991594,0.04208570300033898,False,all independently sampled candidates,120,uniform_random,11,130249739,137249739,,1024,no_disease_to_disease,,,,
8,128,1024,128,1,5,0.005708574999516713,0.047794277999855694,False,all independently sampled candidates,120,uniform_random,11,130249739,137249739,,1024,no_disease_to_disease,,,,
1,128,128,128,0,0,0.005695754000043962,0.005695754000043962,True,all genetic population candidates,120,genetic_cfe,11,130249739,137249739,,1024,no_disease_to_disease,,,,
2,128,256,128,0,0,0.006277632001001621,0.011973386001045583,True,all genetic population candidates,120,genetic_cfe,11,130249739,137249739,,1024,no_disease_to_disease,,,,
3,128,384,128,0,0,0.006088232999900356,0.01806161900094594,True,all genetic population candidates,120,genetic_cfe,11,130249739,137249739,,1024,no_disease_to_disease,,,,
4,128,512,128,0,0,0.005986852000205545,0.024048471001151484,True,all genetic population candidates,120,genetic_cfe,11,130249739,137249739,,1024,no_disease_to_disease,,,,
5,128,640,128,2,1,0.006169188000058057,0.03021765900120954,True,all genetic population candidates,120,genetic_cfe,11,130249739,137249739,,1024,no_disease_to_disease,,,,
6,128,768,128,15,3,0.006215326999154058,0.0364329860003636,True,all genetic population candidates,120,genetic_cfe,11,130249739,137249739,,1024,no_disease_to_disease,,,,
7,128,896,128,43,4,0.006878387999677216,0.043311374000040814,True,all genetic population candidates,120,genetic_cfe,11,130249739,137249739,,1024,no_disease_to_disease,,,,
8,128,1024,128,87,4,0.007897084000433097,0.05120845800047391,True,all genetic population candidates,120,genetic_cfe,11,130249739,137249739,,1024,no_disease_to_disease,,,,
1,1024,1024,16,10,3,0.1366573849991255,0.1366573849991255,True,final restart pool only,120,dice_gradient_style,11,130249739,137249739,,1024,no_disease_to_disease,63.0,16.0,16.0,63.0
1,1024,1024,16,9,3,0.11794773300061934,0.11794773300061934,True,final restart pool only,120,wachter_style,11,130249739,137249739,,1024,no_disease_to_disease,63.0,16.0,16.0,63.0
1,128,128,128,19,3,0.006511838000733405,0.006511838000733405,False,all independently sampled candidates,121,uniform_random,11,131249742,138249742,,1024,no_disease_to_disease,,,,
2,128,256,128,29,7,0.006422578000638168,0.012934416001371574,False,all independently sampled candidates,121,uniform_random,11,131249742,138249742,,1024,no_disease_to_disease,,,,
3,128,384,128,31,10,0.006652513999142684,0.019586930000514258,False,all independently sampled candidates,121,uniform_random,11,131249742,138249742,,1024,no_disease_to_disease,,,,
4,128,512,128,45,14,0.007240977000037674,0.02682790700055193,False,all independently sampled candidates,121,uniform_random,11,131249742,138249742,,1024,no_disease_to_disease,,,,
5,128,640,128,30,22,0.006720916000631405,0.03354882300118334,False,all independently sampled candidates,121,uniform_random,11,131249742,138249742,,1024,no_disease_to_disease,,,,
6,128,768,128,34,25,0.007095959999787738,0.040644783000971074,False,all independently sampled candidates,121,uniform_random,11,131249742,138249742,,1024,no_disease_to_disease,,,,
7,128,896,128,37,29,0.007523921000029077,0.04816870400100015,False,all independently sampled candidates,121,uniform_random,11,131249742,138249742,,1024,no_disease_to_disease,,,,
8,128,1024,128,37,34,0.007339182999203331,0.05550788700020348,False,all independently sampled candidates,121,uniform_random,11,131249742,138249742,,1024,no_disease_to_disease,,,,
1,128,128,128,19,3,0.0060264790008659475,0.0060264790008659475,True,all genetic population candidates,121,genetic_cfe,11,131249742,138249742,,1024,no_disease_to_disease,,,,
2,128,256,128,48,3,0.006909101999553968,0.012935581000419916,True,all genetic population candidates,121,genetic_cfe,11,131249742,138249742,,1024,no_disease_to_disease,,,,
3,128,384,128,97,7,0.008065247000558884,0.0210008280009788,True,all genetic population candidates,121,genetic_cfe,11,131249742,138249742,,1024,no_disease_to_disease,,,,
4,128,512,128,118,7,0.008935330999520374,0.029936159000499174,True,all genetic population candidates,121,genetic_cfe,11,131249742,138249742,,1024,no_disease_to_disease,,,,
5,128,640,128,126,7,0.00926275900019391,0.039198918000693084,True,all genetic population candidates,121,genetic_cfe,11,131249742,138249742,,1024,no_disease_to_disease,,,,
6,128,768,128,124,7,0.009420917000170448,0.04861983500086353,True,all genetic population candidates,121,genetic_cfe,11,131249742,138249742,,1024,no_disease_to_disease,,,,
7,128,896,128,124,7,0.009087997999813524,0.057707833000677056,True,all genetic population candidates,121,genetic_cfe,11,131249742,138249742,,1024,no_disease_to_disease,,,,
8,128,1024,128,124,7,0.010150398999030585,0.06785823199970764,True,all genetic population candidates,121,genetic_cfe,11,131249742,138249742,,1024,no_disease_to_disease,,,,
1,1024,1024,16,16,1,0.13667535000058706,0.13667535000058706,True,final restart pool only,121,dice_gradient_style,11,131249742,138249742,,1024,no_disease_to_disease,63.0,16.0,16.0,63.0
1,1024,1024,16,16,1,0.119431565000923,0.119431565000923,True,final restart pool only,121,wachter_style,11,131249742,138249742,,1024,no_disease_to_disease,63.0,16.0,16.0,63.0
1,128,128,128,0,0,0.005721216999518219,0.005721216999518219,False,all independently sampled candidates,122,uniform_random,11,132249745,139249745,,1024,no_disease_to_disease,,,,
2,128,256,128,0,0,0.005654821999996784,0.011376038999515004,False,all independently sampled candidates,122,uniform_random,11,132249745,139249745,,1024,no_disease_to_disease,,,,
3,128,384,128,1,1,0.005686313001206145,0.017062352000721148,False,all independently sampled candidates,122,uniform_random,11,132249745,139249745,,1024,no_disease_to_disease,,,,
4,128,512,128,1,1,0.005701308999050525,0.022763660999771673,False,all independently sampled candidates,122,uniform_random,11,132249745,139249745,,1024,no_disease_to_disease,,,,
5,128,640,128,1,1,0.006121684000390815,0.028885345000162488,False,all independently sampled candidates,122,uniform_random,11,132249745,139249745,,1024,no_disease_to_disease,,,,
6,128,768,128,2,2,0.005853173999639694,0.03473851899980218,False,all independently sampled candidates,122,uniform_random,11,132249745,139249745,,1024,no_disease_to_disease,,,,
7,128,896,128,4,4,0.007782743999996455,0.04252126299979864,False,all independently sampled candidates,122,uniform_random,11,132249745,139249745,,1024,no_disease_to_disease,,,,
8,128,1024,128,6,8,0.006819664000431658,0.049340927000230295,False,all independently sampled candidates,122,uniform_random,11,132249745,139249745,,1024,no_disease_to_disease,,,,
1,128,128,128,0,0,0.00583334300063143,0.00583334300063143,True,all genetic population candidates,122,genetic_cfe,11,132249745,139249745,,1024,no_disease_to_disease,,,,
2,128,256,128,1,1,0.0059175419992243405,0.01175088499985577,True,all genetic population candidates,122,genetic_cfe,11,132249745,139249745,,1024,no_disease_to_disease,,,,
3,128,384,128,3,1,0.005910036999921431,0.0176609219997772,True,all genetic population candidates,122,genetic_cfe,11,132249745,139249745,,1024,no_disease_to_disease,,,,
4,128,512,128,10,1,0.006132962000265252,0.023793884000042453,True,all genetic population candidates,122,genetic_cfe,11,132249745,139249745,,1024,no_disease_to_disease,,,,
5,128,640,128,28,2,0.006347824000840774,0.030141708000883227,True,all genetic population candidates,122,genetic_cfe,11,132249745,139249745,,1024,no_disease_to_disease,,,,
6,128,768,128,63,3,0.007194871999672614,0.03733658000055584,True,all genetic population candidates,122,genetic_cfe,11,132249745,139249745,,1024,no_disease_to_disease,,,,
7,128,896,128,63,4,0.007227612000860972,0.044564192001416814,True,all genetic population candidates,122,genetic_cfe,11,132249745,139249745,,1024,no_disease_to_disease,,,,
8,128,1024,128,71,4,0.007521565999923041,0.052085758001339855,True,all genetic population candidates,122,genetic_cfe,11,132249745,139249745,,1024,no_disease_to_disease,,,,
1,1024,1024,16,6,2,0.13884322899866675,0.13884322899866675,True,final restart pool only,122,dice_gradient_style,11,132249745,139249745,,1024,no_disease_to_disease,63.0,16.0,16.0,63.0
1,1024,1024,16,6,1,0.11755267599983199,0.11755267599983199,True,final restart pool only,122,wachter_style,11,132249745,139249745,,1024,no_disease_to_disease,63.0,16.0,16.0,63.0
1,128,128,128,0,0,0.006075105000491021,0.006075105000491021,False,all independently sampled candidates,123,uniform_random,11,133249748,140249748,,1024,no_disease_to_disease,,,,
2,128,256,128,0,0,0.005691066999133909,0.01176617199962493,False,all independently sampled candidates,123,uniform_random,11,133249748,140249748,,1024,no_disease_to_disease,,,,
3,128,384,128,0,0,0.005694532001143671,0.0174607040007686,False,all independently sampled candidates,123,uniform_random,11,133249748,140249748,,1024,no_disease_to_disease,,,,
4,128,512,128,0,0,0.005718758999137208,0.02317946299990581,False,all independently sampled candidates,123,uniform_random,11,133249748,140249748,,1024,no_disease_to_disease,,,,
5,128,640,128,1,1,0.005916123000133666,0.029095586000039475,False,all independently sampled candidates,123,uniform_random,11,133249748,140249748,,1024,no_disease_to_disease,,,,
6,128,768,128,0,1,0.006012095000187401,0.035107681000226876,False,all independently sampled candidates,123,uniform_random,11,133249748,140249748,,1024,no_disease_to_disease,,,,
7,128,896,128,0,1,0.005698950999430963,0.04080663199965784,False,all independently sampled candidates,123,uniform_random,11,133249748,140249748,,1024,no_disease_to_disease,,,,
8,128,1024,128,1,2,0.005740316000810708,0.046546948000468547,False,all independently sampled candidates,123,uniform_random,11,133249748,140249748,,1024,no_disease_to_disease,,,,
1,128,128,128,0,0,0.005778228000053787,0.005778228000053787,True,all genetic population candidates,123,genetic_cfe,11,133249748,140249748,,1024,no_disease_to_disease,,,,
2,128,256,128,0,0,0.00585163600044325,0.011629864000497037,True,all genetic population candidates,123,genetic_cfe,11,133249748,140249748,,1024,no_disease_to_disease,,,,
3,128,384,128,0,0,0.005802802999824053,0.01743266700032109,True,all genetic population candidates,123,genetic_cfe,11,133249748,140249748,,1024,no_disease_to_disease,,,,
4,128,512,128,0,0,0.0057553789993107785,0.023188045999631868,True,all genetic population candidates,123,genetic_cfe,11,133249748,140249748,,1024,no_disease_to_disease,,,,
5,128,640,128,0,0,0.005956143000730663,0.02914418900036253,True,all genetic population candidates,123,genetic_cfe,11,133249748,140249748,,1024,no_disease_to_disease,,,,
6,128,768,128,0,0,0.005913101998885395,0.035057290999247925,True,all genetic population candidates,123,genetic_cfe,11,133249748,140249748,,1024,no_disease_to_disease,,,,
7,128,896,128,0,0,0.005815338001411874,0.0408726290006598,True,all genetic population candidates,123,genetic_cfe,11,133249748,140249748,,1024,no_disease_to_disease,,,,
8,128,1024,128,0,0,0.005741281000155141,0.04661391000081494,True,all genetic population candidates,123,genetic_cfe,11,133249748,140249748,,1024,no_disease_to_disease,,,,
1,1024,1024,16,8,2,0.13184212099986325,0.13184212099986325,True,final restart pool only,123,dice_gradient_style,11,133249748,140249748,,1024,no_disease_to_disease,63.0,16.0,16.0,63.0
1,1024,1024,16,8,2,0.11858492899955309,0.11858492899955309,True,final restart pool only,123,wachter_style,11,133249748,140249748,,1024,no_disease_to_disease,63.0,16.0,16.0,63.0
1,128,128,128,19,3,0.007615778000399587,0.007615778000399587,False,all independently sampled candidates,124,uniform_random,11,134249751,141249751,,1024,no_disease_to_disease,,,,
2,128,256,128,34,7,0.006511190000310307,0.014126968000709894,False,all independently sampled candidates,124,uniform_random,11,134249751,141249751,,1024,no_disease_to_disease,,,,
3,128,384,128,34,14,0.006819697000537417,0.02094666500124731,False,all independently sampled candidates,124,uniform_random,11,134249751,141249751,,1024,no_disease_to_disease,,,,
4,128,512,128,34,17,0.006915744999787421,0.027862410001034732,False,all independently sampled candidates,124,uniform_random,11,134249751,141249751,,1024,no_disease_to_disease,,,,
5,128,640,128,37,23,0.007115084999895771,0.0349774950009305,False,all independently sampled candidates,124,uniform_random,11,134249751,141249751,,1024,no_disease_to_disease,,,,
6,128,768,128,47,33,0.00765054799921927,0.04262804300014977,False,all independently sampled candidates,124,uniform_random,11,134249751,141249751,,1024,no_disease_to_disease,,,,
7,128,896,128,37,41,0.0074271190005674725,0.050055162000717246,False,all independently sampled candidates,124,uniform_random,11,134249751,141249751,,1024,no_disease_to_disease,,,,
8,128,1024,128,39,51,0.007775103000312811,0.05783026500103006,False,all independently sampled candidates,124,uniform_random,11,134249751,141249751,,1024,no_disease_to_disease,,,,
1,128,128,128,19,3,0.006226438001249335,0.006226438001249335,True,all genetic population candidates,124,genetic_cfe,11,134249751,141249751,,1024,no_disease_to_disease,,,,
2,128,256,128,49,4,0.007296463998500258,0.013522901999749593,True,all genetic population candidates,124,genetic_cfe,11,134249751,141249751,,1024,no_disease_to_disease,,,,
3,128,384,128,91,5,0.007948832000693073,0.021471734000442666,True,all genetic population candidates,124,genetic_cfe,11,134249751,141249751,,1024,no_disease_to_disease,,,,
4,128,512,128,117,8,0.010589124000034644,0.03206085800047731,True,all genetic population candidates,124,genetic_cfe,11,134249751,141249751,,1024,no_disease_to_disease,,,,
5,128,640,128,126,9,0.010021472000516951,0.04208233000099426,True,all genetic population candidates,124,genetic_cfe,11,134249751,141249751,,1024,no_disease_to_disease,,,,
6,128,768,128,125,9,0.00984094500017818,0.05192327500117244,True,all genetic population candidates,124,genetic_cfe,11,134249751,141249751,,1024,no_disease_to_disease,,,,
7,128,896,128,125,9,0.010118651000084355,0.0620419260012568,True,all genetic population candidates,124,genetic_cfe,11,134249751,141249751,,1024,no_disease_to_disease,,,,
8,128,1024,128,124,9,0.010159105999264284,0.07220103200052108,True,all genetic population candidates,124,genetic_cfe,11,134249751,141249751,,1024,no_disease_to_disease,,,,
1,1024,1024,16,16,4,0.1310459960004664,0.1310459960004664,True,final restart pool only,124,dice_gradient_style,11,134249751,141249751,,1024,no_disease_to_disease,63.0,16.0,16.0,63.0
1,1024,1024,16,16,4,0.12132434500017553,0.12132434500017553,True,final restart pool only,124,wachter_style,11,134249751,141249751,,1024,no_disease_to_disease,63.0,16.0,16.0,63.0
1,128,128,128,1,1,0.005862373000127263,0.005862373000127263,False,all independently sampled candidates,125,uniform_random,11,135249754,142249754,,1024,no_disease_to_disease,,,,
2,128,256,128,4,3,0.0058520710008451715,0.011714444000972435,False,all independently sampled candidates,125,uniform_random,11,135249754,142249754,,1024,no_disease_to_disease,,,,
3,128,384,128,6,5,0.006291402998613194,0.01800584699958563,False,all independently sampled candidates,125,uniform_random,11,135249754,142249754,,1024,no_disease_to_disease,,,,
4,128,512,128,9,10,0.006688384000881342,0.02469423100046697,False,all independently sampled candidates,125,uniform_random,11,135249754,142249754,,1024,no_disease_to_disease,,,,
5,128,640,128,23,19,0.007337245000599069,0.03203147600106604,False,all independently sampled candidates,125,uniform_random,11,135249754,142249754,,1024,no_disease_to_disease,,,,
6,128,768,128,16,28,0.006336931999612716,0.038368408000678755,False,all independently sampled candidates,125,uniform_random,11,135249754,142249754,,1024,no_disease_to_disease,,,,
7,128,896,128,22,32,0.006740374999935739,0.045108783000614494,False,all independently sampled candidates,125,uniform_random,11,135249754,142249754,,1024,no_disease_to_disease,,,,
8,128,1024,128,22,40,0.006777452999813249,0.05188623600042774,False,all independently sampled candidates,125,uniform_random,11,135249754,142249754,,1024,no_disease_to_disease,,,,
1,128,128,128,1,1,0.005776122001407202,0.005776122001407202,True,all genetic population candidates,125,genetic_cfe,11,135249754,142249754,,1024,no_disease_to_disease,,,,
2,128,256,128,2,2,0.005963117999272072,0.011739240000679274,True,all genetic population candidates,125,genetic_cfe,11,135249754,142249754,,1024,no_disease_to_disease,,,,
3,128,384,128,9,3,0.006006908000927069,0.017746148001606343,True,all genetic population candidates,125,genetic_cfe,11,135249754,142249754,,1024,no_disease_to_disease,,,,
4,128,512,128,17,5,0.006211330999576603,0.023957479001182946,True,all genetic population candidates,125,genetic_cfe,11,135249754,142249754,,1024,no_disease_to_disease,,,,
5,128,640,128,48,7,0.006968260999201448,0.030925740000384394,True,all genetic population candidates,125,genetic_cfe,11,135249754,142249754,,1024,no_disease_to_disease,,,,
6,128,768,128,94,9,0.008207212000343134,0.03913295200072753,True,all genetic population candidates,125,genetic_cfe,11,135249754,142249754,,1024,no_disease_to_disease,,,,
7,128,896,128,115,10,0.009045490000062273,0.0481784420007898,True,all genetic population candidates,125,genetic_cfe,11,135249754,142249754,,1024,no_disease_to_disease,,,,
8,128,1024,128,125,10,0.009522198000922799,0.0577006400017126,True,all genetic population candidates,125,genetic_cfe,11,135249754,142249754,,1024,no_disease_to_disease,,,,
1,1024,1024,16,16,4,0.13617915299982997,0.13617915299982997,True,final restart pool only,125,dice_gradient_style,11,135249754,142249754,,1024,no_disease_to_disease,63.0,16.0,16.0,63.0
1,1024,1024,16,16,4,0.11824515800071822,0.11824515800071822,True,final restart pool only,125,wachter_style,11,135249754,142249754,,1024,no_disease_to_disease,63.0,16.0,16.0,63.0
1,128,128,128,0,0,0.005705658999431762,0.005705658999431762,False,all independently sampled candidates,126,uniform_random,11,136249757,143249757,,1024,no_disease_to_disease,,,,
2,128,256,128,4,3,0.005783103999419836,0.011488762998851598,False,all independently sampled candidates,126,uniform_random,11,136249757,143249757,,1024,no_disease_to_disease,,,,
3,128,384,128,6,6,0.005920837000303436,0.017409599999155034,False,all independently sampled candidates,126,uniform_random,11,136249757,143249757,,1024,no_disease_to_disease,,,,
4,128,512,128,7,9,0.006073034999644733,0.023482634998799767,False,all independently sampled candidates,126,uniform_random,11,136249757,143249757,,1024,no_disease_to_disease,,,,
5,128,640,128,6,12,0.006020299000738305,0.029502933999538072,False,all independently sampled candidates,126,uniform_random,11,136249757,143249757,,1024,no_disease_to_disease,,,,
6,128,768,128,9,15,0.006177384999318747,0.03568031899885682,False,all independently sampled candidates,126,uniform_random,11,136249757,143249757,,1024,no_disease_to_disease,,,,
7,128,896,128,9,20,0.0060477710012492025,0.04172809000010602,False,all independently sampled candidates,126,uniform_random,11,136249757,143249757,,1024,no_disease_to_disease,,,,
8,128,1024,128,19,24,0.006458609999754117,0.04818669999986014,False,all independently sampled candidates,126,uniform_random,11,136249757,143249757,,1024,no_disease_to_disease,,,,
1,128,128,128,0,0,0.0058832649992837105,0.0058832649992837105,True,all genetic population candidates,126,genetic_cfe,11,136249757,143249757,,1024,no_disease_to_disease,,,,
2,128,256,128,3,2,0.00769106100051431,0.01357432599979802,True,all genetic population candidates,126,genetic_cfe,11,136249757,143249757,,1024,no_disease_to_disease,,,,
3,128,384,128,7,2,0.006165061000501737,0.019739387000299757,True,all genetic population candidates,126,genetic_cfe,11,136249757,143249757,,1024,no_disease_to_disease,,,,
4,128,512,128,23,5,0.00651891599954979,0.026258302999849548,True,all genetic population candidates,126,genetic_cfe,11,136249757,143249757,,1024,no_disease_to_disease,,,,
5,128,640,128,67,8,0.007618293000632548,0.033876596000482095,True,all genetic population candidates,126,genetic_cfe,11,136249757,143249757,,1024,no_disease_to_disease,,,,
6,128,768,128,106,9,0.008774973999607028,0.04265157000008912,True,all genetic population candidates,126,genetic_cfe,11,136249757,143249757,,1024,no_disease_to_disease,,,,
7,128,896,128,121,11,0.009626896000554552,0.052278466000643675,True,all genetic population candidates,126,genetic_cfe,11,136249757,143249757,,1024,no_disease_to_disease,,,,
8,128,1024,128,126,13,0.009972497999115149,0.062250963999758824,True,all genetic population candidates,126,genetic_cfe,11,136249757,143249757,,1024,no_disease_to_disease,,,,
1,1024,1024,16,16,2,0.13108811299935041,0.13108811299935041,True,final restart pool only,126,dice_gradient_style,11,136249757,143249757,,1024,no_disease_to_disease,63.0,16.0,16.0,63.0
1,1024,1024,16,16,2,0.11607535899929644,0.11607535899929644,True,final restart pool only,126,wachter_style,11,136249757,143249757,,1024,no_disease_to_disease,63.0,16.0,16.0,63.0
1,128,128,128,0,0,0.0056115840015991125,0.0056115840015991125,False,all independently sampled candidates,127,uniform_random,11,137249760,144249760,,1024,no_disease_to_disease,,,,
2,128,256,128,0,0,0.005586686998867663,0.011198271000466775,False,all independently sampled candidates,127,uniform_random,11,137249760,144249760,,1024,no_disease_to_disease,,,,
3,128,384,128,0,0,0.0056039640003291424,0.016802235000795918,False,all independently sampled candidates,127,uniform_random,11,137249760,144249760,,1024,no_disease_to_disease,,,,
4,128,512,128,0,0,0.00558495900077105,0.022387194001566968,False,all independently sampled candidates,127,uniform_random,11,137249760,144249760,,1024,no_disease_to_disease,,,,
5,128,640,128,0,0,0.005737012999816216,0.028124207001383184,False,all independently sampled candidates,127,uniform_random,11,137249760,144249760,,1024,no_disease_to_disease,,,,
6,128,768,128,0,0,0.005598443998678704,0.03372265100006189,False,all independently sampled candidates,127,uniform_random,11,137249760,144249760,,1024,no_disease_to_disease,,,,
7,128,896,128,0,0,0.0058754070014401805,0.03959805800150207,False,all independently sampled candidates,127,uniform_random,11,137249760,144249760,,1024,no_disease_to_disease,,,,
8,128,1024,128,1,1,0.005803051999464515,0.04540111000096658,False,all independently sampled candidates,127,uniform_random,11,137249760,144249760,,1024,no_disease_to_disease,,,,
1,128,128,128,0,0,0.0055767920002836036,0.0055767920002836036,True,all genetic population candidates,127,genetic_cfe,11,137249760,144249760,,1024,no_disease_to_disease,,,,
2,128,256,128,0,0,0.005747151999457856,0.01132394399974146,True,all genetic population candidates,127,genetic_cfe,11,137249760,144249760,,1024,no_disease_to_disease,,,,
3,128,384,128,0,0,0.00585799600048631,0.01718194000022777,True,all genetic population candidates,127,genetic_cfe,11,137249760,144249760,,1024,no_disease_to_disease,,,,
4,128,512,128,0,0,0.005692758999430225,0.022874698999657994,True,all genetic population candidates,127,genetic_cfe,11,137249760,144249760,,1024,no_disease_to_disease,,,,
5,128,640,128,0,0,0.005755903999670409,0.028630602999328403,True,all genetic population candidates,127,genetic_cfe,11,137249760,144249760,,1024,no_disease_to_disease,,,,
6,128,768,128,0,0,0.005756623000706895,0.0343872260000353,True,all genetic population candidates,127,genetic_cfe,11,137249760,144249760,,1024,no_disease_to_disease,,,,
7,128,896,128,1,1,0.005868942998858984,0.04025616899889428,True,all genetic population candidates,127,genetic_cfe,11,137249760,144249760,,1024,no_disease_to_disease,,,,
8,128,1024,128,1,1,0.00575893000132055,0.04601509900021483,True,all genetic population candidates,127,genetic_cfe,11,137249760,144249760,,1024,no_disease_to_disease,,,,
1,1024,1024,16,10,3,0.13348252200012212,0.13348252200012212,True,final restart pool only,127,dice_gradient_style,11,137249760,144249760,,1024,no_disease_to_disease,63.0,16.0,16.0,63.0
1,1024,1024,16,10,1,0.11954816099932941,0.11954816099932941,True,final restart pool only,127,wachter_style,11,137249760,144249760,,1024,no_disease_to_disease,63.0,16.0,16.0,63.0
1,128,128,128,0,0,0.006006281999361818,0.006006281999361818,False,all independently sampled candidates,128,uniform_random,11,138249763,145249763,,1024,no_disease_to_disease,,,,
2,128,256,128,0,0,0.00599813400003768,0.012004415999399498,False,all independently sampled candidates,128,uniform_random,11,138249763,145249763,,1024,no_disease_to_disease,,,,
3,128,384,128,0,0,0.005982164999295492,0.01798658099869499,False,all independently sampled candidates,128,uniform_random,11,138249763,145249763,,1024,no_disease_to_disease,,,,
4,128,512,128,0,0,0.005903389001105097,0.023889969999800087,False,all independently sampled candidates,128,uniform_random,11,138249763,145249763,,1024,no_disease_to_disease,,,,
5,128,640,128,0,0,0.006073904998629587,0.029963874998429674,False,all independently sampled candidates,128,uniform_random,11,138249763,145249763,,1024,no_disease_to_disease,,,,
6,128,768,128,0,0,0.00593416999981855,0.035898044998248224,False,all independently sampled candidates,128,uniform_random,11,138249763,145249763,,1024,no_disease_to_disease,,,,
7,128,896,128,0,0,0.00602052100111905,0.041918565999367274,False,all independently sampled candidates,128,uniform_random,11,138249763,145249763,,1024,no_disease_to_disease,,,,
8,128,1024,128,0,0,0.006208386999787763,0.04812695299915504,False,all independently sampled candidates,128,uniform_random,11,138249763,145249763,,1024,no_disease_to_disease,,,,
1,128,128,128,0,0,0.005986111000311212,0.005986111000311212,True,all genetic population candidates,128,genetic_cfe,11,138249763,145249763,,1024,no_disease_to_disease,,,,
2,128,256,128,0,0,0.006070232000638498,0.01205634300094971,True,all genetic population candidates,128,genetic_cfe,11,138249763,145249763,,1024,no_disease_to_disease,,,,
3,128,384,128,0,0,0.006094152000514441,0.01815049500146415,True,all genetic population candidates,128,genetic_cfe,11,138249763,145249763,,1024,no_disease_to_disease,,,,
4,128,512,128,0,0,0.00635925399910775,0.0245097490005719,True,all genetic population candidates,128,genetic_cfe,11,138249763,145249763,,1024,no_disease_to_disease,,,,
5,128,640,128,0,0,0.006734378999681212,0.031244128000253113,True,all genetic population candidates,128,genetic_cfe,11,138249763,145249763,,1024,no_disease_to_disease,,,,
6,128,768,128,0,0,0.006138264001492644,0.03738239200174576,True,all genetic population candidates,128,genetic_cfe,11,138249763,145249763,,1024,no_disease_to_disease,,,,
7,128,896,128,0,0,0.006388249999872642,0.0437706420016184,True,all genetic population candidates,128,genetic_cfe,11,138249763,145249763,,1024,no_disease_to_disease,,,,
8,128,1024,128,0,0,0.006106525999712176,0.049877168001330574,True,all genetic population candidates,128,genetic_cfe,11,138249763,145249763,,1024,no_disease_to_disease,,,,
1,1024,1024,16,0,0,0.14610831599929952,0.14610831599929952,True,final restart pool only,128,dice_gradient_style,11,138249763,145249763,,1024,no_disease_to_disease,63.0,16.0,16.0,63.0
1,1024,1024,16,0,0,0.12366718999874138,0.12366718999874138,True,final restart pool only,128,wachter_style,11,138249763,145249763,,1024,no_disease_to_disease,63.0,16.0,16.0,63.0
1,128,128,128,0,0,0.0061571129990625195,0.0061571129990625195,False,all independently sampled candidates,129,uniform_random,11,139249766,146249766,,1024,no_disease_to_disease,,,,
2,128,256,128,0,0,0.005891370999961509,0.012048483999024029,False,all independently sampled candidates,129,uniform_random,11,139249766,146249766,,1024,no_disease_to_disease,,,,
3,128,384,128,0,0,0.0056280200005858205,0.01767650399960985,False,all independently sampled candidates,129,uniform_random,11,139249766,146249766,,1024,no_disease_to_disease,,,,
4,128,512,128,0,0,0.005820071999551146,0.023496575999160996,False,all independently sampled candidates,129,uniform_random,11,139249766,146249766,,1024,no_disease_to_disease,,,,
5,128,640,128,0,0,0.0056330440002057,0.029129619999366696,False,all independently sampled candidates,129,uniform_random,11,139249766,146249766,,1024,no_disease_to_disease,,,,
6,128,768,128,0,0,0.0059789509996335255,0.03510857099900022,False,all independently sampled candidates,129,uniform_random,11,139249766,146249766,,1024,no_disease_to_disease,,,,
7,128,896,128,0,0,0.006272430000535678,0.0413810009995359,False,all independently sampled candidates,129,uniform_random,11,139249766,146249766,,1024,no_disease_to_disease,,,,
8,128,1024,128,0,0,0.006051270000170916,0.047432270999706816,False,all independently sampled candidates,129,uniform_random,11,139249766,146249766,,1024,no_disease_to_disease,,,,
1,128,128,128,0,0,0.005708198999855085,0.005708198999855085,True,all genetic population candidates,129,genetic_cfe,11,139249766,146249766,,1024,no_disease_to_disease,,,,
2,128,256,128,0,0,0.0060968119996687165,0.011805010999523802,True,all genetic population candidates,129,genetic_cfe,11,139249766,146249766,,1024,no_disease_to_disease,,,,
3,128,384,128,0,0,0.006622130000323523,0.018427140999847325,True,all genetic population candidates,129,genetic_cfe,11,139249766,146249766,,1024,no_disease_to_disease,,,,
4,128,512,128,0,0,0.006185113999890746,0.02461225499973807,True,all genetic population candidates,129,genetic_cfe,11,139249766,146249766,,1024,no_disease_to_disease,,,,
5,128,640,128,0,0,0.006367696998495376,0.030979951998233446,True,all genetic population candidates,129,genetic_cfe,11,139249766,146249766,,1024,no_disease_to_disease,,,,
6,128,768,128,0,0,0.005989507000776939,0.036969458999010385,True,all genetic population candidates,129,genetic_cfe,11,139249766,146249766,,1024,no_disease_to_disease,,,,
7,128,896,128,1,1,0.006389747999492101,0.043359206998502486,True,all genetic population candidates,129,genetic_cfe,11,139249766,146249766,,1024,no_disease_to_disease,,,,
8,128,1024,128,2,1,0.006299337999735144,0.04965854499823763,True,all genetic population candidates,129,genetic_cfe,11,139249766,146249766,,1024,no_disease_to_disease,,,,
1,1024,1024,16,0,0,0.14505301999997755,0.14505301999997755,True,final restart pool only,129,dice_gradient_style,11,139249766,146249766,,1024,no_disease_to_disease,63.0,16.0,16.0,63.0
1,1024,1024,16,0,0,0.1185879639997438,0.1185879639997438,True,final restart pool only,129,wachter_style,11,139249766,146249766,,1024,no_disease_to_disease,63.0,16.0,16.0,63.0
1,128,128,128,5,2,0.005919907000134117,0.005919907000134117,False,all independently sampled candidates,130,uniform_random,11,140249769,147249769,,1024,no_disease_to_disease,,,,
2,128,256,128,5,4,0.005987300999549916,0.011907207999684033,False,all independently sampled candidates,130,uniform_random,11,140249769,147249769,,1024,no_disease_to_disease,,,,
3,128,384,128,13,8,0.0061159480010246625,0.018023156000708696,False,all independently sampled candidates,130,uniform_random,11,140249769,147249769,,1024,no_disease_to_disease,,,,
4,128,512,128,14,14,0.0061876910003775265,0.024210847001086222,False,all independently sampled candidates,130,uniform_random,11,140249769,147249769,,1024,no_disease_to_disease,,,,
5,128,640,128,28,23,0.0068301430001156405,0.031040990001201862,False,all independently sampled candidates,130,uniform_random,11,140249769,147249769,,1024,no_disease_to_disease,,,,
6,128,768,128,21,26,0.006629801999224583,0.037670792000426445,False,all independently sampled candidates,130,uniform_random,11,140249769,147249769,,1024,no_disease_to_disease,,,,
7,128,896,128,22,32,0.006748100000550039,0.044418892000976484,False,all independently sampled candidates,130,uniform_random,11,140249769,147249769,,1024,no_disease_to_disease,,,,
8,128,1024,128,25,38,0.007102233999830787,0.05152112600080727,False,all independently sampled candidates,130,uniform_random,11,140249769,147249769,,1024,no_disease_to_disease,,,,
1,128,128,128,5,2,0.007159773998864694,0.007159773998864694,True,all genetic population candidates,130,genetic_cfe,11,140249769,147249769,,1024,no_disease_to_disease,,,,
2,128,256,128,13,2,0.006273545001022285,0.013433318999886978,True,all genetic population candidates,130,genetic_cfe,11,140249769,147249769,,1024,no_disease_to_disease,,,,
3,128,384,128,28,2,0.006549310999616864,0.019982629999503843,True,all genetic population candidates,130,genetic_cfe,11,140249769,147249769,,1024,no_disease_to_disease,,,,
4,128,512,128,66,3,0.008334587000717875,0.028317217000221717,True,all genetic population candidates,130,genetic_cfe,11,140249769,147249769,,1024,no_disease_to_disease,,,,
5,128,640,128,83,4,0.008380756999031291,0.03669797399925301,True,all genetic population candidates,130,genetic_cfe,11,140249769,147249769,,1024,no_disease_to_disease,,,,
6,128,768,128,87,6,0.008318898000652553,0.04501687199990556,True,all genetic population candidates,130,genetic_cfe,11,140249769,147249769,,1024,no_disease_to_disease,,,,
7,128,896,128,96,7,0.008703038998646662,0.05371991099855222,True,all genetic population candidates,130,genetic_cfe,11,140249769,147249769,,1024,no_disease_to_disease,,,,
8,128,1024,128,98,8,0.008756494000408566,0.06247640499896079,True,all genetic population candidates,130,genetic_cfe,11,140249769,147249769,,1024,no_disease_to_disease,,,,
1,1024,1024,16,16,2,0.1387382360007905,0.1387382360007905,True,final restart pool only,130,dice_gradient_style,11,140249769,147249769,,1024,no_disease_to_disease,63.0,16.0,16.0,63.0
1,1024,1024,16,16,2,0.11880980199930491,0.11880980199930491,True,final restart pool only,130,wachter_style,11,140249769,147249769,,1024,no_disease_to_disease,63.0,16.0,16.0,63.0
1,128,128,128,0,0,0.005804197000543354,0.005804197000543354,False,all independently sampled candidates,131,uniform_random,11,141249772,148249772,,1024,no_disease_to_disease,,,,
2,128,256,128,1,1,0.005826874999911524,0.011631072000454878,False,all independently sampled candidates,131,uniform_random,11,141249772,148249772,,1024,no_disease_to_disease,,,,
3,128,384,128,2,1,0.005819808999149245,0.017450880999604124,False,all independently sampled candidates,131,uniform_random,11,141249772,148249772,,1024,no_disease_to_disease,,,,
4,128,512,128,6,3,0.0063270740010921145,0.023777955000696238,False,all independently sampled candidates,131,uniform_random,11,141249772,148249772,,1024,no_disease_to_disease,,,,
5,128,640,128,6,4,0.006250505999560119,0.030028461000256357,False,all independently sampled candidates,131,uniform_random,11,141249772,148249772,,1024,no_disease_to_disease,,,,
6,128,768,128,6,7,0.0059146250005142065,0.03594308600077056,False,all independently sampled candidates,131,uniform_random,11,141249772,148249772,,1024,no_disease_to_disease,,,,
7,128,896,128,8,13,0.006066854999517091,0.042009941000287654,False,all independently sampled candidates,131,uniform_random,11,141249772,148249772,,1024,no_disease_to_disease,,,,
8,128,1024,128,7,16,0.005947928999376018,0.04795786999966367,False,all independently sampled candidates,131,uniform_random,11,141249772,148249772,,1024,no_disease_to_disease,,,,
1,128,128,128,0,0,0.005736065999371931,0.005736065999371931,True,all genetic population candidates,131,genetic_cfe,11,141249772,148249772,,1024,no_disease_to_disease,,,,
2,128,256,128,0,0,0.00632651799969608,0.01206258399906801,True,all genetic population candidates,131,genetic_cfe,11,141249772,148249772,,1024,no_disease_to_disease,,,,
3,128,384,128,3,1,0.006014950000462704,0.018077533999530715,True,all genetic population candidates,131,genetic_cfe,11,141249772,148249772,,1024,no_disease_to_disease,,,,
4,128,512,128,15,2,0.006186905000504339,0.024264439000035054,True,all genetic population candidates,131,genetic_cfe,11,141249772,148249772,,1024,no_disease_to_disease,,,,
5,128,640,128,53,6,0.007099574000676512,0.031364013000711566,True,all genetic population candidates,131,genetic_cfe,11,141249772,148249772,,1024,no_disease_to_disease,,,,
6,128,768,128,84,8,0.008191436998458812,0.03955544999917038,True,all genetic population candidates,131,genetic_cfe,11,141249772,148249772,,1024,no_disease_to_disease,,,,
7,128,896,128,80,8,0.007937935000882135,0.04749338500005251,True,all genetic population candidates,131,genetic_cfe,11,141249772,148249772,,1024,no_disease_to_disease,,,,
8,128,1024,128,73,8,0.007817104999048752,0.055310489999101264,True,all genetic population candidates,131,genetic_cfe,11,141249772,148249772,,1024,no_disease_to_disease,,,,
1,1024,1024,16,16,4,0.13468787500096369,0.13468787500096369,True,final restart pool only,131,dice_gradient_style,11,141249772,148249772,,1024,no_disease_to_disease,63.0,16.0,16.0,63.0
1,1024,1024,16,16,4,0.11857767199944647,0.11857767199944647,True,final restart pool only,131,wachter_style,11,141249772,148249772,,1024,no_disease_to_disease,63.0,16.0,16.0,63.0
1,128,128,128,14,1,0.0060768300008930964,0.0060768300008930964,False,all independently sampled candidates,132,uniform_random,11,142249775,149249775,,1024,no_disease_to_disease,,,,
2,128,256,128,17,4,0.006069884999305941,0.012146715000199038,False,all independently sampled candidates,132,uniform_random,11,142249775,149249775,,1024,no_disease_to_disease,,,,
3,128,384,128,29,13,0.006466377999458928,0.018613092999657965,False,all independently sampled candidates,132,uniform_random,11,142249775,149249775,,1024,no_disease_to_disease,,,,
4,128,512,128,27,20,0.006631348000155413,0.025244440999813378,False,all independently sampled candidates,132,uniform_random,11,142249775,149249775,,1024,no_disease_to_disease,,,,
5,128,640,128,29,26,0.006810103001043899,0.03205454400085728,False,all independently sampled candidates,132,uniform_random,11,142249775,149249775,,1024,no_disease_to_disease,,,,
6,128,768,128,37,34,0.0073540109988243785,0.039408554999681655,False,all independently sampled candidates,132,uniform_random,11,142249775,149249775,,1024,no_disease_to_disease,,,,
7,128,896,128,38,47,0.007674530999793205,0.04708308599947486,False,all independently sampled candidates,132,uniform_random,11,142249775,149249775,,1024,no_disease_to_disease,,,,
8,128,1024,128,30,57,0.007461637000233168,0.05454472299970803,False,all independently sampled candidates,132,uniform_random,11,142249775,149249775,,1024,no_disease_to_disease,,,,
1,128,128,128,14,1,0.006414866998966318,0.006414866998966318,True,all genetic population candidates,132,genetic_cfe,11,142249775,149249775,,1024,no_disease_to_disease,,,,
2,128,256,128,46,6,0.006807404000937822,0.01322227099990414,True,all genetic population candidates,132,genetic_cfe,11,142249775,149249775,,1024,no_disease_to_disease,,,,
3,128,384,128,80,6,0.008168004998879042,0.02139027599878318,True,all genetic population candidates,132,genetic_cfe,11,142249775,149249775,,1024,no_disease_to_disease,,,,
4,128,512,128,111,8,0.00866380900151853,0.03005408500030171,True,all genetic population candidates,132,genetic_cfe,11,142249775,149249775,,1024,no_disease_to_disease,,,,
5,128,640,128,113,8,0.00896999199903803,0.03902407699933974,True,all genetic population candidates,132,genetic_cfe,11,142249775,149249775,,1024,no_disease_to_disease,,,,
6,128,768,128,112,8,0.009187326000756002,0.04821140300009574,True,all genetic population candidates,132,genetic_cfe,11,142249775,149249775,,1024,no_disease_to_disease,,,,
7,128,896,128,116,8,0.009005926998725045,0.05721732999882079,True,all genetic population candidates,132,genetic_cfe,11,142249775,149249775,,1024,no_disease_to_disease,,,,
8,128,1024,128,109,8,0.008618260000730515,0.0658355899995513,True,all genetic population candidates,132,genetic_cfe,11,142249775,149249775,,1024,no_disease_to_disease,,,,
1,1024,1024,16,16,1,0.1363995520005119,0.1363995520005119,True,final restart pool only,132,dice_gradient_style,11,142249775,149249775,,1024,no_disease_to_disease,63.0,16.0,16.0,63.0
1,1024,1024,16,16,1,0.1181166980004491,0.1181166980004491,True,final restart pool only,132,wachter_style,11,142249775,149249775,,1024,no_disease_to_disease,63.0,16.0,16.0,63.0
1,128,128,128,0,0,0.0060609699994529365,0.0060609699994529365,False,all independently sampled candidates,133,uniform_random,11,143249778,150249778,,1024,no_disease_to_disease,,,,
2,128,256,128,0,0,0.0059880459994019475,0.012049015998854884,False,all independently sampled candidates,133,uniform_random,11,143249778,150249778,,1024,no_disease_to_disease,,,,
3,128,384,128,2,1,0.00597610000113491,0.018025115999989794,False,all independently sampled candidates,133,uniform_random,11,143249778,150249778,,1024,no_disease_to_disease,,,,
4,128,512,128,0,1,0.005808479998449911,0.023833595998439705,False,all independently sampled candidates,133,uniform_random,11,143249778,150249778,,1024,no_disease_to_disease,,,,
5,128,640,128,1,2,0.005737007000789163,0.029570602999228868,False,all independently sampled candidates,133,uniform_random,11,143249778,150249778,,1024,no_disease_to_disease,,,,
6,128,768,128,1,2,0.006211837000591913,0.03578243999982078,False,all independently sampled candidates,133,uniform_random,11,143249778,150249778,,1024,no_disease_to_disease,,,,
7,128,896,128,2,3,0.006431263000195031,0.04221370300001581,False,all independently sampled candidates,133,uniform_random,11,143249778,150249778,,1024,no_disease_to_disease,,,,
8,128,1024,128,2,3,0.005883439998797257,0.04809714299881307,False,all independently sampled candidates,133,uniform_random,11,143249778,150249778,,1024,no_disease_to_disease,,,,
1,128,128,128,0,0,0.0066411719999450725,0.0066411719999450725,True,all genetic population candidates,133,genetic_cfe,11,143249778,150249778,,1024,no_disease_to_disease,,,,
2,128,256,128,0,0,0.005991709998852457,0.01263288199879753,True,all genetic population candidates,133,genetic_cfe,11,143249778,150249778,,1024,no_disease_to_disease,,,,
3,128,384,128,2,1,0.00587343600091117,0.0185063179997087,True,all genetic population candidates,133,genetic_cfe,11,143249778,150249778,,1024,no_disease_to_disease,,,,
4,128,512,128,7,1,0.006393253999704029,0.02489957199941273,True,all genetic population candidates,133,genetic_cfe,11,143249778,150249778,,1024,no_disease_to_disease,,,,
5,128,640,128,23,1,0.0063348189996759174,0.031234390999088646,True,all genetic population candidates,133,genetic_cfe,11,143249778,150249778,,1024,no_disease_to_disease,,,,
6,128,768,128,47,1,0.006716308000250137,0.03795069899933878,True,all genetic population candidates,133,genetic_cfe,11,143249778,150249778,,1024,no_disease_to_disease,,,,
7,128,896,128,84,1,0.007443332000548253,0.045394030999887036,True,all genetic population candidates,133,genetic_cfe,11,143249778,150249778,,1024,no_disease_to_disease,,,,
8,128,1024,128,110,2,0.008352114999070182,0.05374614599895722,True,all genetic population candidates,133,genetic_cfe,11,143249778,150249778,,1024,no_disease_to_disease,,,,
1,1024,1024,16,16,2,0.13574374000017997,0.13574374000017997,True,final restart pool only,133,dice_gradient_style,11,143249778,150249778,,1024,no_disease_to_disease,63.0,16.0,16.0,63.0
1,1024,1024,16,16,2,0.11823862100027327,0.11823862100027327,True,final restart pool only,133,wachter_style,11,143249778,150249778,,1024,no_disease_to_disease,63.0,16.0,16.0,63.0
1,128,128,128,0,0,0.005697983999198186,0.005697983999198186,False,all independently sampled candidates,134,uniform_random,11,144249781,151249781,,1024,no_disease_to_disease,,,,
2,128,256,128,0,0,0.005635564000840532,0.011333548000038718,False,all independently sampled candidates,134,uniform_random,11,144249781,151249781,,1024,no_disease_to_disease,,,,
3,128,384,128,0,0,0.005739598998843576,0.017073146998882294,False,all independently sampled candidates,134,uniform_random,11,144249781,151249781,,1024,no_disease_to_disease,,,,
4,128,512,128,0,0,0.005768322000221815,0.02284146899910411,False,all independently sampled candidates,134,uniform_random,11,144249781,151249781,,1024,no_disease_to_disease,,,,
5,128,640,128,0,0,0.005662948000463075,0.028504416999567184,False,all independently sampled candidates,134,uniform_random,11,144249781,151249781,,1024,no_disease_to_disease,,,,
6,128,768,128,0,0,0.005690394000339438,0.03419481099990662,False,all independently sampled candidates,134,uniform_random,11,144249781,151249781,,1024,no_disease_to_disease,,,,
7,128,896,128,0,0,0.0058160190001217416,0.04001083000002836,False,all independently sampled candidates,134,uniform_random,11,144249781,151249781,,1024,no_disease_to_disease,,,,
8,128,1024,128,0,0,0.005833618999531609,0.04584444899955997,False,all independently sampled candidates,134,uniform_random,11,144249781,151249781,,1024,no_disease_to_disease,,,,
1,128,128,128,0,0,0.005647193998811417,0.005647193998811417,True,all genetic population candidates,134,genetic_cfe,11,144249781,151249781,,1024,no_disease_to_disease,,,,
2,128,256,128,0,0,0.0058283180005673785,0.011475511999378796,True,all genetic population candidates,134,genetic_cfe,11,144249781,151249781,,1024,no_disease_to_disease,,,,
3,128,384,128,0,0,0.005937865998930647,0.017413377998309443,True,all genetic population candidates,134,genetic_cfe,11,144249781,151249781,,1024,no_disease_to_disease,,,,
4,128,512,128,0,0,0.005895550000786898,0.02330892799909634,True,all genetic population candidates,134,genetic_cfe,11,144249781,151249781,,1024,no_disease_to_disease,,,,
5,128,640,128,0,0,0.005942268999206135,0.029251196998302476,True,all genetic population candidates,134,genetic_cfe,11,144249781,151249781,,1024,no_disease_to_disease,,,,
6,128,768,128,0,0,0.005889795000257436,0.03514099199855991,True,all genetic population candidates,134,genetic_cfe,11,144249781,151249781,,1024,no_disease_to_disease,,,,
7,128,896,128,1,1,0.0059182660006626975,0.04105925799922261,True,all genetic population candidates,134,genetic_cfe,11,144249781,151249781,,1024,no_disease_to_disease,,,,
8,128,1024,128,8,2,0.0059787970003526425,0.04703805499957525,True,all genetic population candidates,134,genetic_cfe,11,144249781,151249781,,1024,no_disease_to_disease,,,,
1,1024,1024,16,2,1,0.13335373700101627,0.13335373700101627,True,final restart pool only,134,dice_gradient_style,11,144249781,151249781,,1024,no_disease_to_disease,63.0,16.0,16.0,63.0
1,1024,1024,16,2,1,0.11526930299987725,0.11526930299987725,True,final restart pool only,134,wachter_style,11,144249781,151249781,,1024,no_disease_to_disease,63.0,16.0,16.0,63.0
1,128,128,128,0,0,0.005963742998574162,0.005963742998574162,False,all independently sampled candidates,135,uniform_random,11,145249784,152249784,,1024,no_disease_to_disease,,,,
2,128,256,128,0,0,0.005625604000670137,0.011589346999244299,False,all independently sampled candidates,135,uniform_random,11,145249784,152249784,,1024,no_disease_to_disease,,,,
3,128,384,128,0,0,0.005646219999107416,0.017235566998351715,False,all independently sampled candidates,135,uniform_random,11,145249784,152249784,,1024,no_disease_to_disease,,,,
4,128,512,128,0,0,0.005710352001187857,0.022945918999539572,False,all independently sampled candidates,135,uniform_random,11,145249784,152249784,,1024,no_disease_to_disease,,,,
5,128,640,128,0,0,0.005691377999028191,0.028637296998567763,False,all independently sampled candidates,135,uniform_random,11,145249784,152249784,,1024,no_disease_to_disease,,,,
6,128,768,128,0,0,0.006380632999935187,0.03501792999850295,False,all independently sampled candidates,135,uniform_random,11,145249784,152249784,,1024,no_disease_to_disease,,,,
7,128,896,128,0,0,0.005645766001180164,0.040663695999683114,False,all independently sampled candidates,135,uniform_random,11,145249784,152249784,,1024,no_disease_to_disease,,,,
8,128,1024,128,0,0,0.005703708999135415,0.04636740499881853,False,all independently sampled candidates,135,uniform_random,11,145249784,152249784,,1024,no_disease_to_disease,,,,
1,128,128,128,0,0,0.005912967999393004,0.005912967999393004,True,all genetic population candidates,135,genetic_cfe,11,145249784,152249784,,1024,no_disease_to_disease,,,,
2,128,256,128,0,0,0.005788324000604916,0.01170129199999792,True,all genetic population candidates,135,genetic_cfe,11,145249784,152249784,,1024,no_disease_to_disease,,,,
3,128,384,128,0,0,0.005776698999397922,0.017477990999395843,True,all genetic population candidates,135,genetic_cfe,11,145249784,152249784,,1024,no_disease_to_disease,,,,
4,128,512,128,0,0,0.006157170999358641,0.023635161998754484,True,all genetic population candidates,135,genetic_cfe,11,145249784,152249784,,1024,no_disease_to_disease,,,,
5,128,640,128,0,0,0.005836254000314511,0.029471415999068995,True,all genetic population candidates,135,genetic_cfe,11,145249784,152249784,,1024,no_disease_to_disease,,,,
6,128,768,128,0,0,0.006236605000594864,0.03570802099966386,True,all genetic population candidates,135,genetic_cfe,11,145249784,152249784,,1024,no_disease_to_disease,,,,
7,128,896,128,0,0,0.005939832999501959,0.04164785399916582,True,all genetic population candidates,135,genetic_cfe,11,145249784,152249784,,1024,no_disease_to_disease,,,,
8,128,1024,128,0,0,0.0066945359994861064,0.048342389998651925,True,all genetic population candidates,135,genetic_cfe,11,145249784,152249784,,1024,no_disease_to_disease,,,,
1,1024,1024,16,2,1,0.13057344799926796,0.13057344799926796,True,final restart pool only,135,dice_gradient_style,11,145249784,152249784,,1024,no_disease_to_disease,63.0,16.0,16.0,63.0
1,1024,1024,16,2,1,0.1173084199999721,0.1173084199999721,True,final restart pool only,135,wachter_style,11,145249784,152249784,,1024,no_disease_to_disease,63.0,16.0,16.0,63.0
1,128,128,128,0,0,0.005885698999918532,0.005885698999918532,False,all independently sampled candidates,136,uniform_random,11,146249787,153249787,,1024,no_disease_to_disease,,,,
2,128,256,128,0,0,0.005620243000521441,0.011505942000439973,False,all independently sampled candidates,136,uniform_random,11,146249787,153249787,,1024,no_disease_to_disease,,,,
3,128,384,128,0,0,0.005721292000089306,0.01722723400052928,False,all independently sampled candidates,136,uniform_random,11,146249787,153249787,,1024,no_disease_to_disease,,,,
4,128,512,128,0,0,0.005643858999974327,0.022871093000503606,False,all independently sampled candidates,136,uniform_random,11,146249787,153249787,,1024,no_disease_to_disease,,,,
5,128,640,128,0,0,0.0057712759989954066,0.028642368999499013,False,all independently sampled candidates,136,uniform_random,11,146249787,153249787,,1024,no_disease_to_disease,,,,
6,128,768,128,0,0,0.0056236170003103325,0.034265985999809345,False,all independently sampled candidates,136,uniform_random,11,146249787,153249787,,1024,no_disease_to_disease,,,,
7,128,896,128,0,0,0.005904085001020576,0.04017007100082992,False,all independently sampled candidates,136,uniform_random,11,146249787,153249787,,1024,no_disease_to_disease,,,,
8,128,1024,128,2,2,0.00570782899922051,0.04587790000005043,False,all independently sampled candidates,136,uniform_random,11,146249787,153249787,,1024,no_disease_to_disease,,,,
1,128,128,128,0,0,0.005739787999118562,0.005739787999118562,True,all genetic population candidates,136,genetic_cfe,11,146249787,153249787,,1024,no_disease_to_disease,,,,
2,128,256,128,0,0,0.005774033999841777,0.011513821998960339,True,all genetic population candidates,136,genetic_cfe,11,146249787,153249787,,1024,no_disease_to_disease,,,,
3,128,384,128,0,0,0.005867460000445135,0.017381281999405473,True,all genetic population candidates,136,genetic_cfe,11,146249787,153249787,,1024,no_disease_to_disease,,,,
4,128,512,128,0,0,0.005844180001076893,0.023225462000482366,True,all genetic population candidates,136,genetic_cfe,11,146249787,153249787,,1024,no_disease_to_disease,,,,
5,128,640,128,0,0,0.006275746000028448,0.029501208000510815,True,all genetic population candidates,136,genetic_cfe,11,146249787,153249787,,1024,no_disease_to_disease,,,,
6,128,768,128,2,2,0.00630260899924906,0.035803816999759874,True,all genetic population candidates,136,genetic_cfe,11,146249787,153249787,,1024,no_disease_to_disease,,,,
7,128,896,128,15,2,0.006405770000128541,0.042209586999888415,True,all genetic population candidates,136,genetic_cfe,11,146249787,153249787,,1024,no_disease_to_disease,,,,
8,128,1024,128,54,4,0.007079888000589563,0.04928947500047798,True,all genetic population candidates,136,genetic_cfe,11,146249787,153249787,,1024,no_disease_to_disease,,,,
1,1024,1024,16,9,5,0.13413593400036916,0.13413593400036916,True,final restart pool only,136,dice_gradient_style,11,146249787,153249787,,1024,no_disease_to_disease,63.0,16.0,16.0,63.0
1,1024,1024,16,9,5,0.11724547800076834,0.11724547800076834,True,final restart pool only,136,wachter_style,11,146249787,153249787,,1024,no_disease_to_disease,63.0,16.0,16.0,63.0
1,128,128,128,0,0,0.006171433000417892,0.006171433000417892,False,all independently sampled candidates,137,uniform_random,11,147249790,154249790,,1024,no_disease_to_disease,,,,
2,128,256,128,0,0,0.005919139000980067,0.012090572001397959,False,all independently sampled candidates,137,uniform_random,11,147249790,154249790,,1024,no_disease_to_disease,,,,
3,128,384,128,0,0,0.005793569998786552,0.01788414200018451,False,all independently sampled candidates,137,uniform_random,11,147249790,154249790,,1024,no_disease_to_disease,,,,
4,128,512,128,0,0,0.005723027001295122,0.023607169001479633,False,all independently sampled candidates,137,uniform_random,11,147249790,154249790,,1024,no_disease_to_disease,,,,
5,128,640,128,0,0,0.0056767320002109045,0.029283901001690538,False,all independently sampled candidates,137,uniform_random,11,147249790,154249790,,1024,no_disease_to_disease,,,,
6,128,768,128,0,0,0.007366911999270087,0.036650813000960625,False,all independently sampled candidates,137,uniform_random,11,147249790,154249790,,1024,no_disease_to_disease,,,,
7,128,896,128,0,0,0.005989547000353923,0.04264036000131455,False,all independently sampled candidates,137,uniform_random,11,147249790,154249790,,1024,no_disease_to_disease,,,,
8,128,1024,128,1,1,0.005885069000214571,0.04852542900152912,False,all independently sampled candidates,137,uniform_random,11,147249790,154249790,,1024,no_disease_to_disease,,,,
1,128,128,128,0,0,0.005633112999930745,0.005633112999930745,True,all genetic population candidates,137,genetic_cfe,11,147249790,154249790,,1024,no_disease_to_disease,,,,
2,128,256,128,0,0,0.006093653999414528,0.011726766999345273,True,all genetic population candidates,137,genetic_cfe,11,147249790,154249790,,1024,no_disease_to_disease,,,,
3,128,384,128,0,0,0.005825918000482488,0.01755268499982776,True,all genetic population candidates,137,genetic_cfe,11,147249790,154249790,,1024,no_disease_to_disease,,,,
4,128,512,128,0,0,0.005739461999837658,0.02329214699966542,True,all genetic population candidates,137,genetic_cfe,11,147249790,154249790,,1024,no_disease_to_disease,,,,
5,128,640,128,0,0,0.005760138999903575,0.029052285999568994,True,all genetic population candidates,137,genetic_cfe,11,147249790,154249790,,1024,no_disease_to_disease,,,,
6,128,768,128,0,0,0.005872288000318804,0.0349245739998878,True,all genetic population candidates,137,genetic_cfe,11,147249790,154249790,,1024,no_disease_to_disease,,,,
7,128,896,128,1,1,0.006605766000575386,0.041530340000463184,True,all genetic population candidates,137,genetic_cfe,11,147249790,154249790,,1024,no_disease_to_disease,,,,
8,128,1024,128,9,1,0.007132642998840311,0.048662982999303495,True,all genetic population candidates,137,genetic_cfe,11,147249790,154249790,,1024,no_disease_to_disease,,,,
1,1024,1024,16,9,4,0.14586983399931341,0.14586983399931341,True,final restart pool only,137,dice_gradient_style,11,147249790,154249790,,1024,no_disease_to_disease,63.0,16.0,16.0,63.0
1,1024,1024,16,9,3,0.11754065600143804,0.11754065600143804,True,final restart pool only,137,wachter_style,11,147249790,154249790,,1024,no_disease_to_disease,63.0,16.0,16.0,63.0
1,128,128,128,0,0,0.005683191999196424,0.005683191999196424,False,all independently sampled candidates,138,uniform_random,11,148249793,155249793,,1024,no_disease_to_disease,,,,
2,128,256,128,0,0,0.00647200000094017,0.012155192000136594,False,all independently sampled candidates,138,uniform_random,11,148249793,155249793,,1024,no_disease_to_disease,,,,
3,128,384,128,0,0,0.005748106999817537,0.01790329899995413,False,all independently sampled candidates,138,uniform_random,11,148249793,155249793,,1024,no_disease_to_disease,,,,
4,128,512,128,0,0,0.0061208539991639555,0.024024152999118087,False,all independently sampled candidates,138,uniform_random,11,148249793,155249793,,1024,no_disease_to_disease,,,,
5,128,640,128,0,0,0.0057383510011277394,0.029762504000245826,False,all independently sampled candidates,138,uniform_random,11,148249793,155249793,,1024,no_disease_to_disease,,,,
6,128,768,128,0,0,0.005621562999294838,0.035384066999540664,False,all independently sampled candidates,138,uniform_random,11,148249793,155249793,,1024,no_disease_to_disease,,,,
7,128,896,128,0,0,0.005704634000721853,0.04108870100026252,False,all independently sampled candidates,138,uniform_random,11,148249793,155249793,,1024,no_disease_to_disease,,,,
8,128,1024,128,0,0,0.005741513999964809,0.046830215000227327,False,all independently sampled candidates,138,uniform_random,11,148249793,155249793,,1024,no_disease_to_disease,,,,
1,128,128,128,0,0,0.0059592050001811,0.0059592050001811,True,all genetic population candidates,138,genetic_cfe,11,148249793,155249793,,1024,no_disease_to_disease,,,,
2,128,256,128,0,0,0.006136955998954363,0.012096160999135463,True,all genetic population candidates,138,genetic_cfe,11,148249793,155249793,,1024,no_disease_to_disease,,,,
3,128,384,128,0,0,0.005762259001130587,0.01785842000026605,True,all genetic population candidates,138,genetic_cfe,11,148249793,155249793,,1024,no_disease_to_disease,,,,
4,128,512,128,0,0,0.006201293999765767,0.024059714000031818,True,all genetic population candidates,138,genetic_cfe,11,148249793,155249793,,1024,no_disease_to_disease,,,,
5,128,640,128,1,1,0.005969693000224652,0.03002940700025647,True,all genetic population candidates,138,genetic_cfe,11,148249793,155249793,,1024,no_disease_to_disease,,,,
6,128,768,128,3,1,0.005863467999006389,0.03589287499926286,True,all genetic population candidates,138,genetic_cfe,11,148249793,155249793,,1024,no_disease_to_disease,,,,
7,128,896,128,12,1,0.006207013000675943,0.0420998879999388,True,all genetic population candidates,138,genetic_cfe,11,148249793,155249793,,1024,no_disease_to_disease,,,,
8,128,1024,128,39,4,0.006914294999660342,0.04901418299959914,True,all genetic population candidates,138,genetic_cfe,11,148249793,155249793,,1024,no_disease_to_disease,,,,
1,1024,1024,16,6,4,0.1316600659993128,0.1316600659993128,True,final restart pool only,138,dice_gradient_style,11,148249793,155249793,,1024,no_disease_to_disease,63.0,16.0,16.0,63.0
1,1024,1024,16,6,4,0.11219441000139341,0.11219441000139341,True,final restart pool only,138,wachter_style,11,148249793,155249793,,1024,no_disease_to_disease,63.0,16.0,16.0,63.0
1,128,128,128,0,0,0.005809008000142057,0.005809008000142057,False,all independently sampled candidates,139,uniform_random,11,149249796,156249796,,1024,no_disease_to_disease,,,,
2,128,256,128,0,0,0.005794270999103901,0.011603278999245958,False,all independently sampled candidates,139,uniform_random,11,149249796,156249796,,1024,no_disease_to_disease,,,,
3,128,384,128,0,0,0.005819951000376022,0.01742322999962198,False,all independently sampled candidates,139,uniform_random,11,149249796,156249796,,1024,no_disease_to_disease,,,,
4,128,512,128,0,0,0.005719302000215976,0.023142531999837956,False,all independently sampled candidates,139,uniform_random,11,149249796,156249796,,1024,no_disease_to_disease,,,,
5,128,640,128,0,0,0.005746554999859654,0.02888908699969761,False,all independently sampled candidates,139,uniform_random,11,149249796,156249796,,1024,no_disease_to_disease,,,,
6,128,768,128,0,0,0.005770372999904794,0.034659459999602404,False,all independently sampled candidates,139,uniform_random,11,149249796,156249796,,1024,no_disease_to_disease,,,,
7,128,896,128,0,0,0.006048531000487856,0.04070799100009026,False,all independently sampled candidates,139,uniform_random,11,149249796,156249796,,1024,no_disease_to_disease,,,,
8,128,1024,128,1,1,0.005667243998686899,0.04637523499877716,False,all independently sampled candidates,139,uniform_random,11,149249796,156249796,,1024,no_disease_to_disease,,,,
1,128,128,128,0,0,0.0060539320002135355,0.0060539320002135355,True,all genetic population candidates,139,genetic_cfe,11,149249796,156249796,,1024,no_disease_to_disease,,,,
2,128,256,128,0,0,0.00585781500012672,0.011911747000340256,True,all genetic population candidates,139,genetic_cfe,11,149249796,156249796,,1024,no_disease_to_disease,,,,
3,128,384,128,0,0,0.006446846000471851,0.018358593000812107,True,all genetic population candidates,139,genetic_cfe,11,149249796,156249796,,1024,no_disease_to_disease,,,,
4,128,512,128,0,0,0.005918838998695719,0.024277431999507826,True,all genetic population candidates,139,genetic_cfe,11,149249796,156249796,,1024,no_disease_to_disease,,,,
5,128,640,128,0,0,0.006330723999781185,0.03060815599928901,True,all genetic population candidates,139,genetic_cfe,11,149249796,156249796,,1024,no_disease_to_disease,,,,
6,128,768,128,0,0,0.006302033001702512,0.03691018900099152,True,all genetic population candidates,139,genetic_cfe,11,149249796,156249796,,1024,no_disease_to_disease,,,,
7,128,896,128,0,0,0.007125254998754826,0.04403544399974635,True,all genetic population candidates,139,genetic_cfe,11,149249796,156249796,,1024,no_disease_to_disease,,,,
8,128,1024,128,5,1,0.006285311999818077,0.050320755999564426,True,all genetic population candidates,139,genetic_cfe,11,149249796,156249796,,1024,no_disease_to_disease,,,,
1,1024,1024,16,5,2,0.1348482410012366,0.1348482410012366,True,final restart pool only,139,dice_gradient_style,11,149249796,156249796,,1024,no_disease_to_disease,63.0,16.0,16.0,63.0
1,1024,1024,16,5,2,0.1272262429993134,0.1272262429993134,True,final restart pool only,139,wachter_style,11,149249796,156249796,,1024,no_disease_to_disease,63.0,16.0,16.0,63.0
1,128,128,128,0,0,0.006107894001615932,0.006107894001615932,False,all independently sampled candidates,140,uniform_random,11,150249799,157249799,,1024,no_disease_to_disease,,,,
2,128,256,128,0,0,0.005652665999150486,0.011760560000766418,False,all independently sampled candidates,140,uniform_random,11,150249799,157249799,,1024,no_disease_to_disease,,,,
3,128,384,128,0,0,0.0058573149999574525,0.01761787500072387,False,all independently sampled candidates,140,uniform_random,11,150249799,157249799,,1024,no_disease_to_disease,,,,
4,128,512,128,0,0,0.0071365710009558825,0.024754446001679753,False,all independently sampled candidates,140,uniform_random,11,150249799,157249799,,1024,no_disease_to_disease,,,,
5,128,640,128,1,1,0.011040868999771192,0.035795315001450945,False,all independently sampled candidates,140,uniform_random,11,150249799,157249799,,1024,no_disease_to_disease,,,,
6,128,768,128,2,2,0.008397106999836979,0.04419242200128792,False,all independently sampled candidates,140,uniform_random,11,150249799,157249799,,1024,no_disease_to_disease,,,,
7,128,896,128,0,2,0.010656585000106134,0.05484900700139406,False,all independently sampled candidates,140,uniform_random,11,150249799,157249799,,1024,no_disease_to_disease,,,,
8,128,1024,128,2,3,0.006394275000275229,0.061243282001669286,False,all independently sampled candidates,140,uniform_random,11,150249799,157249799,,1024,no_disease_to_disease,,,,
1,128,128,128,0,0,0.005774844999905326,0.005774844999905326,True,all genetic population candidates,140,genetic_cfe,11,150249799,157249799,,1024,no_disease_to_disease,,,,
2,128,256,128,0,0,0.005853673001183779,0.011628518001089105,True,all genetic population candidates,140,genetic_cfe,11,150249799,157249799,,1024,no_disease_to_disease,,,,
3,128,384,128,0,0,0.006155772998681641,0.017784290999770747,True,all genetic population candidates,140,genetic_cfe,11,150249799,157249799,,1024,no_disease_to_disease,,,,
4,128,512,128,0,0,0.005940433000432677,0.023724724000203423,True,all genetic population candidates,140,genetic_cfe,11,150249799,157249799,,1024,no_disease_to_disease,,,,
5,128,640,128,8,1,0.0059958059991913615,0.029720529999394785,True,all genetic population candidates,140,genetic_cfe,11,150249799,157249799,,1024,no_disease_to_disease,,,,
6,128,768,128,30,1,0.0064643580008123536,0.03618488800020714,True,all genetic population candidates,140,genetic_cfe,11,150249799,157249799,,1024,no_disease_to_disease,,,,
7,128,896,128,65,2,0.007571250000182772,0.04375613800038991,True,all genetic population candidates,140,genetic_cfe,11,150249799,157249799,,1024,no_disease_to_disease,,,,
8,128,1024,128,83,2,0.007687315999646671,0.05144345400003658,True,all genetic population candidates,140,genetic_cfe,11,150249799,157249799,,1024,no_disease_to_disease,,,,
1,1024,1024,16,16,4,0.1370413719996577,0.1370413719996577,True,final restart pool only,140,dice_gradient_style,11,150249799,157249799,,1024,no_disease_to_disease,63.0,16.0,16.0,63.0
1,1024,1024,16,16,4,0.11620955599937588,0.11620955599937588,True,final restart pool only,140,wachter_style,11,150249799,157249799,,1024,no_disease_to_disease,63.0,16.0,16.0,63.0
1,128,128,128,0,0,0.005763562001448008,0.005763562001448008,False,all independently sampled candidates,141,uniform_random,11,151249802,158249802,,1024,no_disease_to_disease,,,,
2,128,256,128,0,0,0.006040907999704359,0.011804470001152367,False,all independently sampled candidates,141,uniform_random,11,151249802,158249802,,1024,no_disease_to_disease,,,,
3,128,384,128,0,0,0.005793521999294171,0.01759799200044654,False,all independently sampled candidates,141,uniform_random,11,151249802,158249802,,1024,no_disease_to_disease,,,,
4,128,512,128,0,0,0.005720929000744945,0.023318921001191484,False,all independently sampled candidates,141,uniform_random,11,151249802,158249802,,1024,no_disease_to_disease,,,,
5,128,640,128,0,0,0.005654888998833485,0.02897381000002497,False,all independently sampled candidates,141,uniform_random,11,151249802,158249802,,1024,no_disease_to_disease,,,,
6,128,768,128,0,0,0.0057373400013602804,0.03471115000138525,False,all independently sampled candidates,141,uniform_random,11,151249802,158249802,,1024,no_disease_to_disease,,,,
7,128,896,128,0,0,0.006025326998496894,0.04073647699988214,False,all independently sampled candidates,141,uniform_random,11,151249802,158249802,,1024,no_disease_to_disease,,,,
8,128,1024,128,0,0,0.005640515000777668,0.04637699200065981,False,all independently sampled candidates,141,uniform_random,11,151249802,158249802,,1024,no_disease_to_disease,,,,
1,128,128,128,0,0,0.005786327999885543,0.005786327999885543,True,all genetic population candidates,141,genetic_cfe,11,151249802,158249802,,1024,no_disease_to_disease,,,,
2,128,256,128,0,0,0.005774531000497518,0.011560859000383061,True,all genetic population candidates,141,genetic_cfe,11,151249802,158249802,,1024,no_disease_to_disease,,,,
3,128,384,128,0,0,0.005752806000600685,0.017313665000983747,True,all genetic population candidates,141,genetic_cfe,11,151249802,158249802,,1024,no_disease_to_disease,,,,
4,128,512,128,0,0,0.006252985998798977,0.023566650999782723,True,all genetic population candidates,141,genetic_cfe,11,151249802,158249802,,1024,no_disease_to_disease,,,,
5,128,640,128,0,0,0.007112579000022379,0.030679229999805102,True,all genetic population candidates,141,genetic_cfe,11,151249802,158249802,,1024,no_disease_to_disease,,,,
6,128,768,128,0,0,0.006072829000913771,0.03675205900071887,True,all genetic population candidates,141,genetic_cfe,11,151249802,158249802,,1024,no_disease_to_disease,,,,
7,128,896,128,0,0,0.006101762999605853,0.042853822000324726,True,all genetic population candidates,141,genetic_cfe,11,151249802,158249802,,1024,no_disease_to_disease,,,,
8,128,1024,128,0,0,0.00607403100002557,0.048927853000350296,True,all genetic population candidates,141,genetic_cfe,11,151249802,158249802,,1024,no_disease_to_disease,,,,
1,1024,1024,16,8,3,0.12924801900044258,0.12924801900044258,True,final restart pool only,141,dice_gradient_style,11,151249802,158249802,,1024,no_disease_to_disease,63.0,16.0,16.0,63.0
1,1024,1024,16,8,3,0.11223755599894503,0.11223755599894503,True,final restart pool only,141,wachter_style,11,151249802,158249802,,1024,no_disease_to_disease,63.0,16.0,16.0,63.0
1,128,128,128,0,0,0.005696203001207323,0.005696203001207323,False,all independently sampled candidates,142,uniform_random,11,152249805,159249805,,1024,no_disease_to_disease,,,,
2,128,256,128,0,0,0.0056201489987870445,0.011316351999994367,False,all independently sampled candidates,142,uniform_random,11,152249805,159249805,,1024,no_disease_to_disease,,,,
3,128,384,128,0,0,0.005784422000942868,0.017100774000937236,False,all independently sampled candidates,142,uniform_random,11,152249805,159249805,,1024,no_disease_to_disease,,,,
4,128,512,128,0,0,0.005939167000178713,0.02303994100111595,False,all independently sampled candidates,142,uniform_random,11,152249805,159249805,,1024,no_disease_to_disease,,,,
5,128,640,128,0,0,0.005843887998707942,0.02888382899982389,False,all independently sampled candidates,142,uniform_random,11,152249805,159249805,,1024,no_disease_to_disease,,,,
6,128,768,128,1,1,0.006379229000231135,0.035263058000055025,False,all independently sampled candidates,142,uniform_random,11,152249805,159249805,,1024,no_disease_to_disease,,,,
7,128,896,128,0,1,0.005713163000109489,0.040976221000164514,False,all independently sampled candidates,142,uniform_random,11,152249805,159249805,,1024,no_disease_to_disease,,,,
8,128,1024,128,1,2,0.005757539000114775,0.04673376000027929,False,all independently sampled candidates,142,uniform_random,11,152249805,159249805,,1024,no_disease_to_disease,,,,
1,128,128,128,0,0,0.005863221998879453,0.005863221998879453,True,all genetic population candidates,142,genetic_cfe,11,152249805,159249805,,1024,no_disease_to_disease,,,,
2,128,256,128,0,0,0.005875034999917261,0.011738256998796714,True,all genetic population candidates,142,genetic_cfe,11,152249805,159249805,,1024,no_disease_to_disease,,,,
3,128,384,128,0,0,0.005748970999775338,0.017487227998572052,True,all genetic population candidates,142,genetic_cfe,11,152249805,159249805,,1024,no_disease_to_disease,,,,
4,128,512,128,0,0,0.005884931000764482,0.023372158999336534,True,all genetic population candidates,142,genetic_cfe,11,152249805,159249805,,1024,no_disease_to_disease,,,,
5,128,640,128,0,0,0.005866493000212358,0.029238651999548892,True,all genetic population candidates,142,genetic_cfe,11,152249805,159249805,,1024,no_disease_to_disease,,,,
6,128,768,128,0,0,0.0058788959995581536,0.035117547999107046,True,all genetic population candidates,142,genetic_cfe,11,152249805,159249805,,1024,no_disease_to_disease,,,,
7,128,896,128,0,0,0.005892806999327149,0.041010354998434195,True,all genetic population candidates,142,genetic_cfe,11,152249805,159249805,,1024,no_disease_to_disease,,,,
8,128,1024,128,4,2,0.005829952000567573,0.04684030699900177,True,all genetic population candidates,142,genetic_cfe,11,152249805,159249805,,1024,no_disease_to_disease,,,,
1,1024,1024,16,2,1,0.12893884199911554,0.12893884199911554,True,final restart pool only,142,dice_gradient_style,11,152249805,159249805,,1024,no_disease_to_disease,63.0,16.0,16.0,63.0
1,1024,1024,16,2,1,0.11054353800136596,0.11054353800136596,True,final restart pool only,142,wachter_style,11,152249805,159249805,,1024,no_disease_to_disease,63.0,16.0,16.0,63.0
1,128,128,128,0,0,0.006041053000444663,0.006041053000444663,False,all independently sampled candidates,143,uniform_random,11,153249808,160249808,,1024,no_disease_to_disease,,,,
2,128,256,128,0,0,0.005575342000156525,0.011616395000601187,False,all independently sampled candidates,143,uniform_random,11,153249808,160249808,,1024,no_disease_to_disease,,,,
3,128,384,128,0,0,0.005565040999499615,0.017181436000100803,False,all independently sampled candidates,143,uniform_random,11,153249808,160249808,,1024,no_disease_to_disease,,,,
4,128,512,128,0,0,0.006268168001042795,0.023449604001143598,False,all independently sampled candidates,143,uniform_random,11,153249808,160249808,,1024,no_disease_to_disease,,,,
5,128,640,128,0,0,0.005579385999226361,0.02902899000036996,False,all independently sampled candidates,143,uniform_random,11,153249808,160249808,,1024,no_disease_to_disease,,,,
6,128,768,128,0,0,0.005661139999574516,0.034690129999944475,False,all independently sampled candidates,143,uniform_random,11,153249808,160249808,,1024,no_disease_to_disease,,,,
7,128,896,128,0,0,0.005648532000122941,0.040338662000067416,False,all independently sampled candidates,143,uniform_random,11,153249808,160249808,,1024,no_disease_to_disease,,,,
8,128,1024,128,0,0,0.005585629000051995,0.04592429100011941,False,all independently sampled candidates,143,uniform_random,11,153249808,160249808,,1024,no_disease_to_disease,,,,
1,128,128,128,0,0,0.005659203001414426,0.005659203001414426,True,all genetic population candidates,143,genetic_cfe,11,153249808,160249808,,1024,no_disease_to_disease,,,,
2,128,256,128,0,0,0.0058312349992775125,0.011490438000691938,True,all genetic population candidates,143,genetic_cfe,11,153249808,160249808,,1024,no_disease_to_disease,,,,
3,128,384,128,0,0,0.005716118999771425,0.017206557000463363,True,all genetic population candidates,143,genetic_cfe,11,153249808,160249808,,1024,no_disease_to_disease,,,,
4,128,512,128,0,0,0.005663428000843851,0.022869985001307214,True,all genetic population candidates,143,genetic_cfe,11,153249808,160249808,,1024,no_disease_to_disease,,,,
5,128,640,128,0,0,0.0057300110001961,0.028599996001503314,True,all genetic population candidates,143,genetic_cfe,11,153249808,160249808,,1024,no_disease_to_disease,,,,
6,128,768,128,0,0,0.00578007099829847,0.034380066999801784,True,all genetic population candidates,143,genetic_cfe,11,153249808,160249808,,1024,no_disease_to_disease,,,,
7,128,896,128,2,1,0.006015748000208987,0.04039581500001077,True,all genetic population candidates,143,genetic_cfe,11,153249808,160249808,,1024,no_disease_to_disease,,,,
8,128,1024,128,3,1,0.005917492000662605,0.046313307000673376,True,all genetic population candidates,143,genetic_cfe,11,153249808,160249808,,1024,no_disease_to_disease,,,,
1,1024,1024,16,8,2,0.12937007899927266,0.12937007899927266,True,final restart pool only,143,dice_gradient_style,11,153249808,160249808,,1024,no_disease_to_disease,63.0,16.0,16.0,63.0
1,1024,1024,16,8,2,0.1099525959998573,0.1099525959998573,True,final restart pool only,143,wachter_style,11,153249808,160249808,,1024,no_disease_to_disease,63.0,16.0,16.0,63.0
1,128,128,128,0,0,0.0063112090010690736,0.0063112090010690736,False,all independently sampled candidates,144,uniform_random,11,154249811,161249811,,1024,no_disease_to_disease,,,,
2,128,256,128,0,0,0.005581735000305343,0.011892944001374417,False,all independently sampled candidates,144,uniform_random,11,154249811,161249811,,1024,no_disease_to_disease,,,,
3,128,384,128,0,0,0.005761641999924905,0.01765458600129932,False,all independently sampled candidates,144,uniform_random,11,154249811,161249811,,1024,no_disease_to_disease,,,,
4,128,512,128,0,0,0.005847009999342845,0.023501596000642166,False,all independently sampled candidates,144,uniform_random,11,154249811,161249811,,1024,no_disease_to_disease,,,,
5,128,640,128,0,0,0.005606410999462241,0.029108007000104408,False,all independently sampled candidates,144,uniform_random,11,154249811,161249811,,1024,no_disease_to_disease,,,,
6,128,768,128,1,1,0.0059308470008545555,0.03503885400095896,False,all independently sampled candidates,144,uniform_random,11,154249811,161249811,,1024,no_disease_to_disease,,,,
7,128,896,128,0,1,0.005634790999465622,0.040673645000424585,False,all independently sampled candidates,144,uniform_random,11,154249811,161249811,,1024,no_disease_to_disease,,,,
8,128,1024,128,2,3,0.005663683999955538,0.04633732900038012,False,all independently sampled candidates,144,uniform_random,11,154249811,161249811,,1024,no_disease_to_disease,,,,
1,128,128,128,0,0,0.005572205998760182,0.005572205998760182,True,all genetic population candidates,144,genetic_cfe,11,154249811,161249811,,1024,no_disease_to_disease,,,,
2,128,256,128,0,0,0.005738850000852835,0.011311055999613018,True,all genetic population candidates,144,genetic_cfe,11,154249811,161249811,,1024,no_disease_to_disease,,,,
3,128,384,128,0,0,0.005837274999066722,0.01714833099867974,True,all genetic population candidates,144,genetic_cfe,11,154249811,161249811,,1024,no_disease_to_disease,,,,
4,128,512,128,0,0,0.005683628000042518,0.022831958998722257,True,all genetic population candidates,144,genetic_cfe,11,154249811,161249811,,1024,no_disease_to_disease,,,,
5,128,640,128,0,0,0.005746353999711573,0.02857831299843383,True,all genetic population candidates,144,genetic_cfe,11,154249811,161249811,,1024,no_disease_to_disease,,,,
6,128,768,128,0,0,0.006094411000958644,0.034672723999392474,True,all genetic population candidates,144,genetic_cfe,11,154249811,161249811,,1024,no_disease_to_disease,,,,
7,128,896,128,0,0,0.00611593699977675,0.040788660999169224,True,all genetic population candidates,144,genetic_cfe,11,154249811,161249811,,1024,no_disease_to_disease,,,,
8,128,1024,128,0,0,0.006081247000111034,0.04686990799928026,True,all genetic population candidates,144,genetic_cfe,11,154249811,161249811,,1024,no_disease_to_disease,,,,
1,1024,1024,16,14,9,0.12809951400049613,0.12809951400049613,True,final restart pool only,144,dice_gradient_style,11,154249811,161249811,,1024,no_disease_to_disease,63.0,16.0,16.0,63.0
1,1024,1024,16,14,9,0.11003204499866115,0.11003204499866115,True,final restart pool only,144,wachter_style,11,154249811,161249811,,1024,no_disease_to_disease,63.0,16.0,16.0,63.0
1,128,128,128,0,0,0.005771700998593587,0.005771700998593587,False,all independently sampled candidates,145,uniform_random,11,155249814,162249814,,1024,no_disease_to_disease,,,,
2,128,256,128,0,0,0.005635194000205956,0.011406894998799544,False,all independently sampled candidates,145,uniform_random,11,155249814,162249814,,1024,no_disease_to_disease,,,,
3,128,384,128,0,0,0.006363759999658214,0.017770654998457758,False,all independently sampled candidates,145,uniform_random,11,155249814,162249814,,1024,no_disease_to_disease,,,,
4,128,512,128,0,0,0.005842492000738275,0.023613146999196033,False,all independently sampled candidates,145,uniform_random,11,155249814,162249814,,1024,no_disease_to_disease,,,,
5,128,640,128,0,0,0.006207264999829931,0.029820411999025964,False,all independently sampled candidates,145,uniform_random,11,155249814,162249814,,1024,no_disease_to_disease,,,,
6,128,768,128,0,0,0.005676152000887669,0.03549656399991363,False,all independently sampled candidates,145,uniform_random,11,155249814,162249814,,1024,no_disease_to_disease,,,,
7,128,896,128,0,0,0.005654951999531477,0.04115151599944511,False,all independently sampled candidates,145,uniform_random,11,155249814,162249814,,1024,no_disease_to_disease,,,,
8,128,1024,128,0,0,0.00577822000013839,0.0469297359995835,False,all independently sampled candidates,145,uniform_random,11,155249814,162249814,,1024,no_disease_to_disease,,,,
1,128,128,128,0,0,0.005728140999053721,0.005728140999053721,True,all genetic population candidates,145,genetic_cfe,11,155249814,162249814,,1024,no_disease_to_disease,,,,
2,128,256,128,0,0,0.005763517001469154,0.011491658000522875,True,all genetic population candidates,145,genetic_cfe,11,155249814,162249814,,1024,no_disease_to_disease,,,,
3,128,384,128,0,0,0.0057463229986751685,0.017237980999198044,True,all genetic population candidates,145,genetic_cfe,11,155249814,162249814,,1024,no_disease_to_disease,,,,
4,128,512,128,0,0,0.0057940189999499125,0.023031999999147956,True,all genetic population candidates,145,genetic_cfe,11,155249814,162249814,,1024,no_disease_to_disease,,,,
5,128,640,128,0,0,0.005786645000625867,0.028818644999773824,True,all genetic population candidates,145,genetic_cfe,11,155249814,162249814,,1024,no_disease_to_disease,,,,
6,128,768,128,0,0,0.005842938999194303,0.034661583998968126,True,all genetic population candidates,145,genetic_cfe,11,155249814,162249814,,1024,no_disease_to_disease,,,,
7,128,896,128,0,0,0.005883663001441164,0.04054524700040929,True,all genetic population candidates,145,genetic_cfe,11,155249814,162249814,,1024,no_disease_to_disease,,,,
8,128,1024,128,1,1,0.005758169998443918,0.04630341699885321,True,all genetic population candidates,145,genetic_cfe,11,155249814,162249814,,1024,no_disease_to_disease,,,,
1,1024,1024,16,10,6,0.12807989599969005,0.12807989599969005,True,final restart pool only,145,dice_gradient_style,11,155249814,162249814,,1024,no_disease_to_disease,63.0,16.0,16.0,63.0
1,1024,1024,16,10,6,0.11174707200007106,0.11174707200007106,True,final restart pool only,145,wachter_style,11,155249814,162249814,,1024,no_disease_to_disease,63.0,16.0,16.0,63.0
1,128,128,128,0,0,0.0059690540001611225,0.0059690540001611225,False,all independently sampled candidates,146,uniform_random,11,156249817,163249817,,1024,no_disease_to_disease,,,,
2,128,256,128,0,0,0.0058540930003800895,0.011823147000541212,False,all independently sampled candidates,146,uniform_random,11,156249817,163249817,,1024,no_disease_to_disease,,,,
3,128,384,128,0,0,0.005748134999521426,0.017571282000062638,False,all independently sampled candidates,146,uniform_random,11,156249817,163249817,,1024,no_disease_to_disease,,,,
4,128,512,128,0,0,0.005841696000061347,0.023412978000123985,False,all independently sampled candidates,146,uniform_random,11,156249817,163249817,,1024,no_disease_to_disease,,,,
5,128,640,128,0,0,0.0057136989998980425,0.029126677000022028,False,all independently sampled candidates,146,uniform_random,11,156249817,163249817,,1024,no_disease_to_disease,,,,
6,128,768,128,0,0,0.005742450999605353,0.03486912799962738,False,all independently sampled candidates,146,uniform_random,11,156249817,163249817,,1024,no_disease_to_disease,,,,
7,128,896,128,0,0,0.005871339000805165,0.040740467000432545,False,all independently sampled candidates,146,uniform_random,11,156249817,163249817,,1024,no_disease_to_disease,,,,
8,128,1024,128,0,0,0.0057434979989920976,0.04648396499942464,False,all independently sampled candidates,146,uniform_random,11,156249817,163249817,,1024,no_disease_to_disease,,,,
1,128,128,128,0,0,0.005801309000162291,0.005801309000162291,True,all genetic population candidates,146,genetic_cfe,11,156249817,163249817,,1024,no_disease_to_disease,,,,
2,128,256,128,0,0,0.006164073998661479,0.01196538299882377,True,all genetic population candidates,146,genetic_cfe,11,156249817,163249817,,1024,no_disease_to_disease,,,,
3,128,384,128,0,0,0.006248716999834869,0.01821409999865864,True,all genetic population candidates,146,genetic_cfe,11,156249817,163249817,,1024,no_disease_to_disease,,,,
4,128,512,128,0,0,0.006411528000171529,0.02462562799883017,True,all genetic population candidates,146,genetic_cfe,11,156249817,163249817,,1024,no_disease_to_disease,,,,
5,128,640,128,0,0,0.005881295999643044,0.030506923998473212,True,all genetic population candidates,146,genetic_cfe,11,156249817,163249817,,1024,no_disease_to_disease,,,,
6,128,768,128,0,0,0.005947116000243113,0.036454039998716325,True,all genetic population candidates,146,genetic_cfe,11,156249817,163249817,,1024,no_disease_to_disease,,,,
7,128,896,128,0,0,0.006098716999986209,0.042552756998702534,True,all genetic population candidates,146,genetic_cfe,11,156249817,163249817,,1024,no_disease_to_disease,,,,
8,128,1024,128,0,0,0.00584907400116208,0.048401830999864615,True,all genetic population candidates,146,genetic_cfe,11,156249817,163249817,,1024,no_disease_to_disease,,,,
1,1024,1024,16,3,3,0.12724018699918815,0.12724018699918815,True,final restart pool only,146,dice_gradient_style,11,156249817,163249817,,1024,no_disease_to_disease,63.0,16.0,16.0,63.0
1,1024,1024,16,3,3,0.11009866399945167,0.11009866399945167,True,final restart pool only,146,wachter_style,11,156249817,163249817,,1024,no_disease_to_disease,63.0,16.0,16.0,63.0
1,128,128,128,0,0,0.005563476999668637,0.005563476999668637,False,all independently sampled candidates,147,uniform_random,11,157249820,164249820,,1024,no_disease_to_disease,,,,
2,128,256,128,0,0,0.005791229999886127,0.011354706999554764,False,all independently sampled candidates,147,uniform_random,11,157249820,164249820,,1024,no_disease_to_disease,,,,
3,128,384,128,0,0,0.0055677370000921655,0.01692244399964693,False,all independently sampled candidates,147,uniform_random,11,157249820,164249820,,1024,no_disease_to_disease,,,,
4,128,512,128,0,0,0.005557731001317734,0.022480175000964664,False,all independently sampled candidates,147,uniform_random,11,157249820,164249820,,1024,no_disease_to_disease,,,,
5,128,640,128,0,0,0.005926460999035044,0.028406635999999708,False,all independently sampled candidates,147,uniform_random,11,157249820,164249820,,1024,no_disease_to_disease,,,,
6,128,768,128,1,1,0.005948754000201006,0.034355390000200714,False,all independently sampled candidates,147,uniform_random,11,157249820,164249820,,1024,no_disease_to_disease,,,,
7,128,896,128,0,1,0.005706809000912472,0.040062199001113186,False,all independently sampled candidates,147,uniform_random,11,157249820,164249820,,1024,no_disease_to_disease,,,,
8,128,1024,128,2,1,0.005640385999868158,0.045702585000981344,False,all independently sampled candidates,147,uniform_random,11,157249820,164249820,,1024,no_disease_to_disease,,,,
1,128,128,128,0,0,0.005582396999670891,0.005582396999670891,True,all genetic population candidates,147,genetic_cfe,11,157249820,164249820,,1024,no_disease_to_disease,,,,
2,128,256,128,0,0,0.005779958999482915,0.011362355999153806,True,all genetic population candidates,147,genetic_cfe,11,157249820,164249820,,1024,no_disease_to_disease,,,,
3,128,384,128,0,0,0.006388738000168814,0.01775109399932262,True,all genetic population candidates,147,genetic_cfe,11,157249820,164249820,,1024,no_disease_to_disease,,,,
4,128,512,128,1,1,0.005708120999770472,0.023459214999093092,True,all genetic population candidates,147,genetic_cfe,11,157249820,164249820,,1024,no_disease_to_disease,,,,
5,128,640,128,2,1,0.005782125001132954,0.029241340000226046,True,all genetic population candidates,147,genetic_cfe,11,157249820,164249820,,1024,no_disease_to_disease,,,,
6,128,768,128,8,1,0.005888686999242054,0.0351300269994681,True,all genetic population candidates,147,genetic_cfe,11,157249820,164249820,,1024,no_disease_to_disease,,,,
7,128,896,128,34,2,0.006795486999180866,0.04192551399864897,True,all genetic population candidates,147,genetic_cfe,11,157249820,164249820,,1024,no_disease_to_disease,,,,
8,128,1024,128,81,3,0.00769262600078946,0.049618139999438426,True,all genetic population candidates,147,genetic_cfe,11,157249820,164249820,,1024,no_disease_to_disease,,,,
1,1024,1024,16,9,2,0.13001740800064,0.13001740800064,True,final restart pool only,147,dice_gradient_style,11,157249820,164249820,,1024,no_disease_to_disease,63.0,16.0,16.0,63.0
1,1024,1024,16,9,2,0.11081671500141965,0.11081671500141965,True,final restart pool only,147,wachter_style,11,157249820,164249820,,1024,no_disease_to_disease,63.0,16.0,16.0,63.0
1,128,128,128,0,0,0.00602414199966006,0.00602414199966006,False,all independently sampled candidates,148,uniform_random,11,158249823,165249823,,1024,no_disease_to_disease,,,,
2,128,256,128,0,0,0.0057575509999878705,0.01178169299964793,False,all independently sampled candidates,148,uniform_random,11,158249823,165249823,,1024,no_disease_to_disease,,,,
3,128,384,128,0,0,0.005777502999990247,0.017559195999638177,False,all independently sampled candidates,148,uniform_random,11,158249823,165249823,,1024,no_disease_to_disease,,,,
4,128,512,128,0,0,0.00570906500070123,0.023268261000339407,False,all independently sampled candidates,148,uniform_random,11,158249823,165249823,,1024,no_disease_to_disease,,,,
5,128,640,128,0,0,0.005702078000467736,0.028970339000807144,False,all independently sampled candidates,148,uniform_random,11,158249823,165249823,,1024,no_disease_to_disease,,,,
6,128,768,128,1,1,0.006065930998374824,0.03503626999918197,False,all independently sampled candidates,148,uniform_random,11,158249823,165249823,,1024,no_disease_to_disease,,,,
7,128,896,128,0,1,0.0057200650007871445,0.04075633499996911,False,all independently sampled candidates,148,uniform_random,11,158249823,165249823,,1024,no_disease_to_disease,,,,
8,128,1024,128,0,1,0.006202292999660131,0.04695862799962924,False,all independently sampled candidates,148,uniform_random,11,158249823,165249823,,1024,no_disease_to_disease,,,,
1,128,128,128,0,0,0.007645266001418349,0.007645266001418349,True,all genetic population candidates,148,genetic_cfe,11,158249823,165249823,,1024,no_disease_to_disease,,,,
2,128,256,128,0,0,0.006749570999090793,0.014394837000509142,True,all genetic population candidates,148,genetic_cfe,11,158249823,165249823,,1024,no_disease_to_disease,,,,
3,128,384,128,0,0,0.005928091999521712,0.020322929000030854,True,all genetic population candidates,148,genetic_cfe,11,158249823,165249823,,1024,no_disease_to_disease,,,,
4,128,512,128,0,0,0.005973757000901969,0.026296686000932823,True,all genetic population candidates,148,genetic_cfe,11,158249823,165249823,,1024,no_disease_to_disease,,,,
5,128,640,128,0,0,0.005767255999671761,0.032063942000604584,True,all genetic population candidates,148,genetic_cfe,11,158249823,165249823,,1024,no_disease_to_disease,,,,
6,128,768,128,0,0,0.0060000749999744585,0.03806401700057904,True,all genetic population candidates,148,genetic_cfe,11,158249823,165249823,,1024,no_disease_to_disease,,,,
7,128,896,128,0,0,0.005964874999335734,0.04402889199991478,True,all genetic population candidates,148,genetic_cfe,11,158249823,165249823,,1024,no_disease_to_disease,,,,
8,128,1024,128,0,0,0.005755054000474047,0.04978394600038882,True,all genetic population candidates,148,genetic_cfe,11,158249823,165249823,,1024,no_disease_to_disease,,,,
1,1024,1024,16,9,4,0.12942938400010462,0.12942938400010462,True,final restart pool only,148,dice_gradient_style,11,158249823,165249823,,1024,no_disease_to_disease,63.0,16.0,16.0,63.0
1,1024,1024,16,9,4,0.11197836599967559,0.11197836599967559,True,final restart pool only,148,wachter_style,11,158249823,165249823,,1024,no_disease_to_disease,63.0,16.0,16.0,63.0
1,128,128,128,0,0,0.006252498998946976,0.006252498998946976,False,all independently sampled candidates,149,uniform_random,11,159249826,166249826,,1024,no_disease_to_disease,,,,
2,128,256,128,0,0,0.0057382150007470045,0.01199071399969398,False,all independently sampled candidates,149,uniform_random,11,159249826,166249826,,1024,no_disease_to_disease,,,,
3,128,384,128,0,0,0.005875859000298078,0.01786657299999206,False,all independently sampled candidates,149,uniform_random,11,159249826,166249826,,1024,no_disease_to_disease,,,,
4,128,512,128,0,0,0.005686999998943065,0.023553572998935124,False,all independently sampled candidates,149,uniform_random,11,159249826,166249826,,1024,no_disease_to_disease,,,,
5,128,640,128,0,0,0.005687653001587023,0.029241226000522147,False,all independently sampled candidates,149,uniform_random,11,159249826,166249826,,1024,no_disease_to_disease,,,,
6,128,768,128,0,0,0.0058333719989605015,0.03507459799948265,False,all independently sampled candidates,149,uniform_random,11,159249826,166249826,,1024,no_disease_to_disease,,,,
7,128,896,128,0,0,0.005685837000783067,0.040760435000265716,False,all independently sampled candidates,149,uniform_random,11,159249826,166249826,,1024,no_disease_to_disease,,,,
8,128,1024,128,2,2,0.005974218000119436,0.04673465300038515,False,all independently sampled candidates,149,uniform_random,11,159249826,166249826,,1024,no_disease_to_disease,,,,
1,128,128,128,0,0,0.005695236000974546,0.005695236000974546,True,all genetic population candidates,149,genetic_cfe,11,159249826,166249826,,1024,no_disease_to_disease,,,,
2,128,256,128,0,0,0.005983150000247406,0.011678386001221952,True,all genetic population candidates,149,genetic_cfe,11,159249826,166249826,,1024,no_disease_to_disease,,,,
3,128,384,128,0,0,0.005966953998722602,0.017645339999944554,True,all genetic population candidates,149,genetic_cfe,11,159249826,166249826,,1024,no_disease_to_disease,,,,
4,128,512,128,1,1,0.006243467001695535,0.02388880700164009,True,all genetic population candidates,149,genetic_cfe,11,159249826,166249826,,1024,no_disease_to_disease,,,,
5,128,640,128,3,2,0.005994899998768233,0.02988370700040832,True,all genetic population candidates,149,genetic_cfe,11,159249826,166249826,,1024,no_disease_to_disease,,,,
6,128,768,128,13,2,0.006255604999751085,0.03613931200015941,True,all genetic population candidates,149,genetic_cfe,11,159249826,166249826,,1024,no_disease_to_disease,,,,
7,128,896,128,36,4,0.006656068000665982,0.04279538000082539,True,all genetic population candidates,149,genetic_cfe,11,159249826,166249826,,1024,no_disease_to_disease,,,,
8,128,1024,128,69,5,0.007620776999829104,0.05041615700065449,True,all genetic population candidates,149,genetic_cfe,11,159249826,166249826,,1024,no_disease_to_disease,,,,
1,1024,1024,16,16,2,0.12935842399929243,0.12935842399929243,True,final restart pool only,149,dice_gradient_style,11,159249826,166249826,,1024,no_disease_to_disease,63.0,16.0,16.0,63.0
1,1024,1024,16,16,2,0.1131655920016783,0.1131655920016783,True,final restart pool only,149,wachter_style,11,159249826,166249826,,1024,no_disease_to_disease,63.0,16.0,16.0,63.0
1,128,128,128,0,0,0.0062080930001684465,0.0062080930001684465,False,all independently sampled candidates,150,uniform_random,11,160249829,167249829,,1024,no_disease_to_disease,,,,
2,128,256,128,0,0,0.005884389000129886,0.012092482000298332,False,all independently sampled candidates,150,uniform_random,11,160249829,167249829,,1024,no_disease_to_disease,,,,
3,128,384,128,0,0,0.00578124499952537,0.017873726999823702,False,all independently sampled candidates,150,uniform_random,11,160249829,167249829,,1024,no_disease_to_disease,,,,
4,128,512,128,0,0,0.0056889339994086185,0.02356266099923232,False,all independently sampled candidates,150,uniform_random,11,160249829,167249829,,1024,no_disease_to_disease,,,,
5,128,640,128,0,0,0.005710908000764903,0.029273568999997224,False,all independently sampled candidates,150,uniform_random,11,160249829,167249829,,1024,no_disease_to_disease,,,,
6,128,768,128,0,0,0.005727495999963139,0.03500106499996036,False,all independently sampled candidates,150,uniform_random,11,160249829,167249829,,1024,no_disease_to_disease,,,,
7,128,896,128,0,0,0.006089350999900489,0.04109041599986085,False,all independently sampled candidates,150,uniform_random,11,160249829,167249829,,1024,no_disease_to_disease,,,,
8,128,1024,128,0,0,0.005941477000305895,0.04703189300016675,False,all independently sampled candidates,150,uniform_random,11,160249829,167249829,,1024,no_disease_to_disease,,,,
1,128,128,128,0,0,0.005727999001464923,0.005727999001464923,True,all genetic population candidates,150,genetic_cfe,11,160249829,167249829,,1024,no_disease_to_disease,,,,
2,128,256,128,0,0,0.005848064998644986,0.011576064000109909,True,all genetic population candidates,150,genetic_cfe,11,160249829,167249829,,1024,no_disease_to_disease,,,,
3,128,384,128,0,0,0.00596172400037176,0.01753778800048167,True,all genetic population candidates,150,genetic_cfe,11,160249829,167249829,,1024,no_disease_to_disease,,,,
4,128,512,128,0,0,0.005849658000443014,0.023387446000924683,True,all genetic population candidates,150,genetic_cfe,11,160249829,167249829,,1024,no_disease_to_disease,,,,
5,128,640,128,0,0,0.005905178999455529,0.029292625000380212,True,all genetic population candidates,150,genetic_cfe,11,160249829,167249829,,1024,no_disease_to_disease,,,,
6,128,768,128,0,0,0.005842753000251832,0.035135378000632045,True,all genetic population candidates,150,genetic_cfe,11,160249829,167249829,,1024,no_disease_to_disease,,,,
7,128,896,128,0,0,0.005887012999664876,0.04102239100029692,True,all genetic population candidates,150,genetic_cfe,11,160249829,167249829,,1024,no_disease_to_disease,,,,
8,128,1024,128,0,0,0.005955288999757613,0.046977680000054534,True,all genetic population candidates,150,genetic_cfe,11,160249829,167249829,,1024,no_disease_to_disease,,,,
1,1024,1024,16,3,3,0.13065544500022952,0.13065544500022952,True,final restart pool only,150,dice_gradient_style,11,160249829,167249829,,1024,no_disease_to_disease,63.0,16.0,16.0,63.0
1,1024,1024,16,3,3,0.11097238099864626,0.11097238099864626,True,final restart pool only,150,wachter_style,11,160249829,167249829,,1024,no_disease_to_disease,63.0,16.0,16.0,63.0
1,128,128,128,0,0,0.005921799000134342,0.005921799000134342,False,all independently sampled candidates,151,uniform_random,11,161249832,168249832,,1024,no_disease_to_disease,,,,
2,128,256,128,0,0,0.005724906999603263,0.011646705999737605,False,all independently sampled candidates,151,uniform_random,11,161249832,168249832,,1024,no_disease_to_disease,,,,
3,128,384,128,0,0,0.005752187998950831,0.017398893998688436,False,all independently sampled candidates,151,uniform_random,11,161249832,168249832,,1024,no_disease_to_disease,,,,
4,128,512,128,0,0,0.005751466000219807,0.023150359998908243,False,all independently sampled candidates,151,uniform_random,11,161249832,168249832,,1024,no_disease_to_disease,,,,
5,128,640,128,0,0,0.006042237000656314,0.029192596999564557,False,all independently sampled candidates,151,uniform_random,11,161249832,168249832,,1024,no_disease_to_disease,,,,
6,128,768,128,0,0,0.006279383000219241,0.0354719799997838,False,all independently sampled candidates,151,uniform_random,11,161249832,168249832,,1024,no_disease_to_disease,,,,
7,128,896,128,0,0,0.006014365999362781,0.04148634599914658,False,all independently sampled candidates,151,uniform_random,11,161249832,168249832,,1024,no_disease_to_disease,,,,
8,128,1024,128,0,0,0.006015541999659035,0.047501887998805614,False,all independently sampled candidates,151,uniform_random,11,161249832,168249832,,1024,no_disease_to_disease,,,,
1,128,128,128,0,0,0.005692755999916699,0.005692755999916699,True,all genetic population candidates,151,genetic_cfe,11,161249832,168249832,,1024,no_disease_to_disease,,,,
2,128,256,128,0,0,0.006170644999656361,0.01186340099957306,True,all genetic population candidates,151,genetic_cfe,11,161249832,168249832,,1024,no_disease_to_disease,,,,
3,128,384,128,0,0,0.005975830001261784,0.017839231000834843,True,all genetic population candidates,151,genetic_cfe,11,161249832,168249832,,1024,no_disease_to_disease,,,,
4,128,512,128,0,0,0.0061046649989293655,0.02394389599976421,True,all genetic population candidates,151,genetic_cfe,11,161249832,168249832,,1024,no_disease_to_disease,,,,
5,128,640,128,0,0,0.0059736130006058374,0.029917509000370046,True,all genetic population candidates,151,genetic_cfe,11,161249832,168249832,,1024,no_disease_to_disease,,,,
6,128,768,128,0,0,0.0060459479991550324,0.03596345699952508,True,all genetic population candidates,151,genetic_cfe,11,161249832,168249832,,1024,no_disease_to_disease,,,,
7,128,896,128,0,0,0.005954042000666959,0.04191749900019204,True,all genetic population candidates,151,genetic_cfe,11,161249832,168249832,,1024,no_disease_to_disease,,,,
8,128,1024,128,0,0,0.006062552000003052,0.04798005100019509,True,all genetic population candidates,151,genetic_cfe,11,161249832,168249832,,1024,no_disease_to_disease,,,,
1,1024,1024,16,0,0,0.12912838100055524,0.12912838100055524,True,final restart pool only,151,dice_gradient_style,11,161249832,168249832,,1024,no_disease_to_disease,63.0,16.0,16.0,63.0
1,1024,1024,16,0,0,0.11365206800110172,0.11365206800110172,True,final restart pool only,151,wachter_style,11,161249832,168249832,,1024,no_disease_to_disease,63.0,16.0,16.0,63.0
1,128,128,128,0,0,0.005875185001059435,0.005875185001059435,False,all independently sampled candidates,152,uniform_random,11,162249835,169249835,,1024,no_disease_to_disease,,,,
2,128,256,128,0,0,0.00578243800009659,0.011657623001156026,False,all independently sampled candidates,152,uniform_random,11,162249835,169249835,,1024,no_disease_to_disease,,,,
3,128,384,128,0,0,0.006298084999798448,0.017955708000954473,False,all independently sampled candidates,152,uniform_random,11,162249835,169249835,,1024,no_disease_to_disease,,,,
4,128,512,128,0,0,0.005950609000137774,0.023906317001092248,False,all independently sampled candidates,152,uniform_random,11,162249835,169249835,,1024,no_disease_to_disease,,,,
5,128,640,128,0,0,0.006131326999820885,0.030037644000913133,False,all independently sampled candidates,152,uniform_random,11,162249835,169249835,,1024,no_disease_to_disease,,,,
6,128,768,128,0,0,0.005750943999373703,0.035788588000286836,False,all independently sampled candidates,152,uniform_random,11,162249835,169249835,,1024,no_disease_to_disease,,,,
7,128,896,128,0,0,0.0059008770003856625,0.0416894650006725,False,all independently sampled candidates,152,uniform_random,11,162249835,169249835,,1024,no_disease_to_disease,,,,
8,128,1024,128,0,0,0.005735001999710221,0.04742446700038272,False,all independently sampled candidates,152,uniform_random,11,162249835,169249835,,1024,no_disease_to_disease,,,,
1,128,128,128,0,0,0.006135937001090497,0.006135937001090497,True,all genetic population candidates,152,genetic_cfe,11,162249835,169249835,,1024,no_disease_to_disease,,,,
2,128,256,128,0,0,0.005940264998571365,0.012076201999661862,True,all genetic population candidates,152,genetic_cfe,11,162249835,169249835,,1024,no_disease_to_disease,,,,
3,128,384,128,0,0,0.005853931999808992,0.017930133999470854,True,all genetic population candidates,152,genetic_cfe,11,162249835,169249835,,1024,no_disease_to_disease,,,,
4,128,512,128,0,0,0.0058658920006564585,0.023796026000127313,True,all genetic population candidates,152,genetic_cfe,11,162249835,169249835,,1024,no_disease_to_disease,,,,
5,128,640,128,0,0,0.006079894999857061,0.029875920999984373,True,all genetic population candidates,152,genetic_cfe,11,162249835,169249835,,1024,no_disease_to_disease,,,,
6,128,768,128,0,0,0.00585516200044367,0.03573108300042804,True,all genetic population candidates,152,genetic_cfe,11,162249835,169249835,,1024,no_disease_to_disease,,,,
7,128,896,128,0,0,0.005881162000150653,0.041612245000578696,True,all genetic population candidates,152,genetic_cfe,11,162249835,169249835,,1024,no_disease_to_disease,,,,
8,128,1024,128,0,0,0.005873586998859537,0.04748583199943823,True,all genetic population candidates,152,genetic_cfe,11,162249835,169249835,,1024,no_disease_to_disease,,,,
1,1024,1024,16,4,1,0.13200347200108808,0.13200347200108808,True,final restart pool only,152,dice_gradient_style,11,162249835,169249835,,1024,no_disease_to_disease,63.0,16.0,16.0,63.0
1,1024,1024,16,4,1,0.11434692199873098,0.11434692199873098,True,final restart pool only,152,wachter_style,11,162249835,169249835,,1024,no_disease_to_disease,63.0,16.0,16.0,63.0
1,128,128,128,0,0,0.005834277000758448,0.005834277000758448,False,all independently sampled candidates,153,uniform_random,11,163249838,170249838,,1024,no_disease_to_disease,,,,
2,128,256,128,0,0,0.005727851999836275,0.011562129000594723,False,all independently sampled candidates,153,uniform_random,11,163249838,170249838,,1024,no_disease_to_disease,,,,
3,128,384,128,0,0,0.005719406999560306,0.01728153600015503,False,all independently sampled candidates,153,uniform_random,11,163249838,170249838,,1024,no_disease_to_disease,,,,
4,128,512,128,0,0,0.006058884999220027,0.023340420999375056,False,all independently sampled candidates,153,uniform_random,11,163249838,170249838,,1024,no_disease_to_disease,,,,
5,128,640,128,0,0,0.005691594000381883,0.02903201499975694,False,all independently sampled candidates,153,uniform_random,11,163249838,170249838,,1024,no_disease_to_disease,,,,
6,128,768,128,0,0,0.005722533000152907,0.034754547999909846,False,all independently sampled candidates,153,uniform_random,11,163249838,170249838,,1024,no_disease_to_disease,,,,
7,128,896,128,0,0,0.006076093000956462,0.04083064100086631,False,all independently sampled candidates,153,uniform_random,11,163249838,170249838,,1024,no_disease_to_disease,,,,
8,128,1024,128,0,0,0.006330106998575502,0.04716074799944181,False,all independently sampled candidates,153,uniform_random,11,163249838,170249838,,1024,no_disease_to_disease,,,,
1,128,128,128,0,0,0.005798000000140746,0.005798000000140746,True,all genetic population candidates,153,genetic_cfe,11,163249838,170249838,,1024,no_disease_to_disease,,,,
2,128,256,128,0,0,0.005888413999855402,0.011686413999996148,True,all genetic population candidates,153,genetic_cfe,11,163249838,170249838,,1024,no_disease_to_disease,,,,
3,128,384,128,0,0,0.006227474999832339,0.017913888999828487,True,all genetic population candidates,153,genetic_cfe,11,163249838,170249838,,1024,no_disease_to_disease,,,,
4,128,512,128,0,0,0.005944897999142995,0.023858786998971482,True,all genetic population candidates,153,genetic_cfe,11,163249838,170249838,,1024,no_disease_to_disease,,,,
5,128,640,128,0,0,0.005979519999527838,0.02983830699849932,True,all genetic population candidates,153,genetic_cfe,11,163249838,170249838,,1024,no_disease_to_disease,,,,
6,128,768,128,0,0,0.0062074410016066395,0.03604574800010596,True,all genetic population candidates,153,genetic_cfe,11,163249838,170249838,,1024,no_disease_to_disease,,,,
7,128,896,128,0,0,0.005905983998673037,0.041951731998778996,True,all genetic population candidates,153,genetic_cfe,11,163249838,170249838,,1024,no_disease_to_disease,,,,
8,128,1024,128,0,0,0.006362034000630956,0.04831376599940995,True,all genetic population candidates,153,genetic_cfe,11,163249838,170249838,,1024,no_disease_to_disease,,,,
1,1024,1024,16,0,0,0.13101567499870725,0.13101567499870725,True,final restart pool only,153,dice_gradient_style,11,163249838,170249838,,1024,no_disease_to_disease,63.0,16.0,16.0,63.0
1,1024,1024,16,0,0,0.11259005400097521,0.11259005400097521,True,final restart pool only,153,wachter_style,11,163249838,170249838,,1024,no_disease_to_disease,63.0,16.0,16.0,63.0
1,128,128,128,0,0,0.005825267000545864,0.005825267000545864,False,all independently sampled candidates,154,uniform_random,11,164249841,171249841,,1024,no_disease_to_disease,,,,
2,128,256,128,0,0,0.005789631999505218,0.011614899000051082,False,all independently sampled candidates,154,uniform_random,11,164249841,171249841,,1024,no_disease_to_disease,,,,
3,128,384,128,0,0,0.0057255589999840595,0.01734045800003514,False,all independently sampled candidates,154,uniform_random,11,164249841,171249841,,1024,no_disease_to_disease,,,,
4,128,512,128,0,0,0.005747036000684602,0.023087494000719744,False,all independently sampled candidates,154,uniform_random,11,164249841,171249841,,1024,no_disease_to_disease,,,,
5,128,640,128,0,0,0.005770304000179749,0.028857798000899493,False,all independently sampled candidates,154,uniform_random,11,164249841,171249841,,1024,no_disease_to_disease,,,,
6,128,768,128,0,0,0.005742934999943827,0.03460073300084332,False,all independently sampled candidates,154,uniform_random,11,164249841,171249841,,1024,no_disease_to_disease,,,,
7,128,896,128,0,0,0.005724782000470441,0.04032551500131376,False,all independently sampled candidates,154,uniform_random,11,164249841,171249841,,1024,no_disease_to_disease,,,,
8,128,1024,128,0,0,0.0060732469992217375,0.0463987620005355,False,all independently sampled candidates,154,uniform_random,11,164249841,171249841,,1024,no_disease_to_disease,,,,
1,128,128,128,0,0,0.005796679000923177,0.005796679000923177,True,all genetic population candidates,154,genetic_cfe,11,164249841,171249841,,1024,no_disease_to_disease,,,,
2,128,256,128,0,0,0.005893289999221452,0.011689969000144629,True,all genetic population candidates,154,genetic_cfe,11,164249841,171249841,,1024,no_disease_to_disease,,,,
3,128,384,128,0,0,0.0062401380000665085,0.017930107000211137,True,all genetic population candidates,154,genetic_cfe,11,164249841,171249841,,1024,no_disease_to_disease,,,,
4,128,512,128,0,0,0.0058666000004450325,0.02379670700065617,True,all genetic population candidates,154,genetic_cfe,11,164249841,171249841,,1024,no_disease_to_disease,,,,
5,128,640,128,0,0,0.006054497998775332,0.029851204999431502,True,all genetic population candidates,154,genetic_cfe,11,164249841,171249841,,1024,no_disease_to_disease,,,,
6,128,768,128,0,0,0.0058800240003620274,0.03573122899979353,True,all genetic population candidates,154,genetic_cfe,11,164249841,171249841,,1024,no_disease_to_disease,,,,
7,128,896,128,0,0,0.006532096000228194,0.04226332500002172,True,all genetic population candidates,154,genetic_cfe,11,164249841,171249841,,1024,no_disease_to_disease,,,,
8,128,1024,128,0,0,0.005944086000454263,0.048207411000475986,True,all genetic population candidates,154,genetic_cfe,11,164249841,171249841,,1024,no_disease_to_disease,,,,
1,1024,1024,16,4,2,0.13283509899883938,0.13283509899883938,True,final restart pool only,154,dice_gradient_style,11,164249841,171249841,,1024,no_disease_to_disease,63.0,16.0,16.0,63.0
1,1024,1024,16,4,2,0.11318502799986163,0.11318502799986163,True,final restart pool only,154,wachter_style,11,164249841,171249841,,1024,no_disease_to_disease,63.0,16.0,16.0,63.0
1,128,128,128,0,0,0.005905370000618859,0.005905370000618859,False,all independently sampled candidates,155,uniform_random,11,165249844,172249844,,1024,no_disease_to_disease,,,,
2,128,256,128,0,0,0.006007230000250274,0.011912600000869134,False,all independently sampled candidates,155,uniform_random,11,165249844,172249844,,1024,no_disease_to_disease,,,,
3,128,384,128,0,0,0.005657278999933624,0.017569879000802757,False,all independently sampled candidates,155,uniform_random,11,165249844,172249844,,1024,no_disease_to_disease,,,,
4,128,512,128,0,0,0.005692573000487755,0.023262452001290512,False,all independently sampled candidates,155,uniform_random,11,165249844,172249844,,1024,no_disease_to_disease,,,,
5,128,640,128,0,0,0.0058691949998319615,0.029131647001122474,False,all independently sampled candidates,155,uniform_random,11,165249844,172249844,,1024,no_disease_to_disease,,,,
6,128,768,128,0,0,0.00583906799874967,0.03497071499987214,False,all independently sampled candidates,155,uniform_random,11,165249844,172249844,,1024,no_disease_to_disease,,,,
7,128,896,128,0,0,0.005682902999978978,0.04065361799985112,False,all independently sampled candidates,155,uniform_random,11,165249844,172249844,,1024,no_disease_to_disease,,,,
8,128,1024,128,0,0,0.005662630001097568,0.04631624800094869,False,all independently sampled candidates,155,uniform_random,11,165249844,172249844,,1024,no_disease_to_disease,,,,
1,128,128,128,0,0,0.00613511300070968,0.00613511300070968,True,all genetic population candidates,155,genetic_cfe,11,165249844,172249844,,1024,no_disease_to_disease,,,,
2,128,256,128,0,0,0.006394513000486768,0.012529626001196448,True,all genetic population candidates,155,genetic_cfe,11,165249844,172249844,,1024,no_disease_to_disease,,,,
3,128,384,128,0,0,0.0063504329991701525,0.0188800590003666,True,all genetic population candidates,155,genetic_cfe,11,165249844,172249844,,1024,no_disease_to_disease,,,,
4,128,512,128,0,0,0.006174006999572157,0.025054065999938757,True,all genetic population candidates,155,genetic_cfe,11,165249844,172249844,,1024,no_disease_to_disease,,,,
5,128,640,128,0,0,0.005794048000097973,0.03084811400003673,True,all genetic population candidates,155,genetic_cfe,11,165249844,172249844,,1024,no_disease_to_disease,,,,
6,128,768,128,0,0,0.005819043000883539,0.03666715700092027,True,all genetic population candidates,155,genetic_cfe,11,165249844,172249844,,1024,no_disease_to_disease,,,,
7,128,896,128,0,0,0.00584362500012503,0.0425107820010453,True,all genetic population candidates,155,genetic_cfe,11,165249844,172249844,,1024,no_disease_to_disease,,,,
8,128,1024,128,0,0,0.005896706999919843,0.04840748900096514,True,all genetic population candidates,155,genetic_cfe,11,165249844,172249844,,1024,no_disease_to_disease,,,,
1,1024,1024,16,0,0,0.129990708999685,0.129990708999685,True,final restart pool only,155,dice_gradient_style,11,165249844,172249844,,1024,no_disease_to_disease,63.0,16.0,16.0,63.0
1,1024,1024,16,0,0,0.11405250300049374,0.11405250300049374,True,final restart pool only,155,wachter_style,11,165249844,172249844,,1024,no_disease_to_disease,63.0,16.0,16.0,63.0
1,128,128,128,0,0,0.005749660000219592,0.005749660000219592,False,all independently sampled candidates,156,uniform_random,11,166249847,173249847,,1024,no_disease_to_disease,,,,
2,128,256,128,0,0,0.005788163000033819,0.011537823000253411,False,all independently sampled candidates,156,uniform_random,11,166249847,173249847,,1024,no_disease_to_disease,,,,
3,128,384,128,0,0,0.0057377409993932815,0.017275563999646693,False,all independently sampled candidates,156,uniform_random,11,166249847,173249847,,1024,no_disease_to_disease,,,,
4,128,512,128,0,0,0.005715257000701968,0.02299082100034866,False,all independently sampled candidates,156,uniform_random,11,166249847,173249847,,1024,no_disease_to_disease,,,,
5,128,640,128,0,0,0.005685739000909962,0.028676560001258622,False,all independently sampled candidates,156,uniform_random,11,166249847,173249847,,1024,no_disease_to_disease,,,,
6,128,768,128,0,0,0.005740117998357164,0.034416677999615786,False,all independently sampled candidates,156,uniform_random,11,166249847,173249847,,1024,no_disease_to_disease,,,,
7,128,896,128,0,0,0.005816967001010198,0.040233645000625984,False,all independently sampled candidates,156,uniform_random,11,166249847,173249847,,1024,no_disease_to_disease,,,,
8,128,1024,128,1,1,0.005848005999723682,0.046081651000349666,False,all independently sampled candidates,156,uniform_random,11,166249847,173249847,,1024,no_disease_to_disease,,,,
1,128,128,128,0,0,0.005909798999709892,0.005909798999709892,True,all genetic population candidates,156,genetic_cfe,11,166249847,173249847,,1024,no_disease_to_disease,,,,
2,128,256,128,0,0,0.0060070140007155715,0.011916813000425464,True,all genetic population candidates,156,genetic_cfe,11,166249847,173249847,,1024,no_disease_to_disease,,,,
3,128,384,128,0,0,0.006172982999487431,0.018089795999912894,True,all genetic population candidates,156,genetic_cfe,11,166249847,173249847,,1024,no_disease_to_disease,,,,
4,128,512,128,0,0,0.006082744001105311,0.024172540001018206,True,all genetic population candidates,156,genetic_cfe,11,166249847,173249847,,1024,no_disease_to_disease,,,,
5,128,640,128,0,0,0.005868303998795454,0.03004084399981366,True,all genetic population candidates,156,genetic_cfe,11,166249847,173249847,,1024,no_disease_to_disease,,,,
6,128,768,128,0,0,0.005908735000048182,0.03594957899986184,True,all genetic population candidates,156,genetic_cfe,11,166249847,173249847,,1024,no_disease_to_disease,,,,
7,128,896,128,3,2,0.0059757100007118424,0.041925289000573684,True,all genetic population candidates,156,genetic_cfe,11,166249847,173249847,,1024,no_disease_to_disease,,,,
8,128,1024,128,12,2,0.006214691000423045,0.04813998000099673,True,all genetic population candidates,156,genetic_cfe,11,166249847,173249847,,1024,no_disease_to_disease,,,,
1,1024,1024,16,2,2,0.1364937589987676,0.1364937589987676,True,final restart pool only,156,dice_gradient_style,11,166249847,173249847,,1024,no_disease_to_disease,63.0,16.0,16.0,63.0
1,1024,1024,16,2,2,0.12030513800164044,0.12030513800164044,True,final restart pool only,156,wachter_style,11,166249847,173249847,,1024,no_disease_to_disease,63.0,16.0,16.0,63.0
1,128,128,128,0,0,0.005826644999615382,0.005826644999615382,False,all independently sampled candidates,157,uniform_random,11,167249850,174249850,,1024,no_disease_to_disease,,,,
2,128,256,128,0,0,0.005701701998987119,0.011528346998602501,False,all independently sampled candidates,157,uniform_random,11,167249850,174249850,,1024,no_disease_to_disease,,,,
3,128,384,128,0,0,0.00757907900151622,0.01910742600011872,False,all independently sampled candidates,157,uniform_random,11,167249850,174249850,,1024,no_disease_to_disease,,,,
4,128,512,128,0,0,0.006089929998779553,0.025197355998898274,False,all independently sampled candidates,157,uniform_random,11,167249850,174249850,,1024,no_disease_to_disease,,,,
5,128,640,128,0,0,0.00570936999974947,0.030906725998647744,False,all independently sampled candidates,157,uniform_random,11,167249850,174249850,,1024,no_disease_to_disease,,,,
6,128,768,128,0,0,0.006149068000013358,0.0370557939986611,False,all independently sampled candidates,157,uniform_random,11,167249850,174249850,,1024,no_disease_to_disease,,,,
7,128,896,128,0,0,0.005791675999716972,0.042847469998378074,False,all independently sampled candidates,157,uniform_random,11,167249850,174249850,,1024,no_disease_to_disease,,,,
8,128,1024,128,0,0,0.005721500001527602,0.048568969999905676,False,all independently sampled candidates,157,uniform_random,11,167249850,174249850,,1024,no_disease_to_disease,,,,
1,128,128,128,0,0,0.005799136000860017,0.005799136000860017,True,all genetic population candidates,157,genetic_cfe,11,167249850,174249850,,1024,no_disease_to_disease,,,,
2,128,256,128,0,0,0.005817635999846971,0.011616772000706987,True,all genetic population candidates,157,genetic_cfe,11,167249850,174249850,,1024,no_disease_to_disease,,,,
3,128,384,128,0,0,0.006000569999741856,0.017617342000448843,True,all genetic population candidates,157,genetic_cfe,11,167249850,174249850,,1024,no_disease_to_disease,,,,
4,128,512,128,0,0,0.006022206000125152,0.023639548000573996,True,all genetic population candidates,157,genetic_cfe,11,167249850,174249850,,1024,no_disease_to_disease,,,,
5,128,640,128,0,0,0.0058205819987051655,0.02946012999927916,True,all genetic population candidates,157,genetic_cfe,11,167249850,174249850,,1024,no_disease_to_disease,,,,
6,128,768,128,0,0,0.005881343000510242,0.0353414729997894,True,all genetic population candidates,157,genetic_cfe,11,167249850,174249850,,1024,no_disease_to_disease,,,,
7,128,896,128,1,1,0.0058533709998300765,0.04119484399961948,True,all genetic population candidates,157,genetic_cfe,11,167249850,174249850,,1024,no_disease_to_disease,,,,
8,128,1024,128,1,1,0.006366736000927631,0.04756158000054711,True,all genetic population candidates,157,genetic_cfe,11,167249850,174249850,,1024,no_disease_to_disease,,,,
1,1024,1024,16,7,3,0.14306408899938106,0.14306408899938106,True,final restart pool only,157,dice_gradient_style,11,167249850,174249850,,1024,no_disease_to_disease,63.0,16.0,16.0,63.0
1,1024,1024,16,7,3,0.11692317500092031,0.11692317500092031,True,final restart pool only,157,wachter_style,11,167249850,174249850,,1024,no_disease_to_disease,63.0,16.0,16.0,63.0
1,128,128,128,0,0,0.005891143000553711,0.005891143000553711,False,all independently sampled candidates,158,uniform_random,11,168249853,175249853,,1024,no_disease_to_disease,,,,
2,128,256,128,0,0,0.0058605029989848845,0.011751645999538596,False,all independently sampled candidates,158,uniform_random,11,168249853,175249853,,1024,no_disease_to_disease,,,,
3,128,384,128,0,0,0.005858352000359446,0.01760999799989804,False,all independently sampled candidates,158,uniform_random,11,168249853,175249853,,1024,no_disease_to_disease,,,,
4,128,512,128,0,0,0.005844053999680909,0.02345405199957895,False,all independently sampled candidates,158,uniform_random,11,168249853,175249853,,1024,no_disease_to_disease,,,,
5,128,640,128,0,0,0.005813990999740781,0.029268042999319732,False,all independently sampled candidates,158,uniform_random,11,168249853,175249853,,1024,no_disease_to_disease,,,,
6,128,768,128,0,0,0.005817769000714179,0.03508581200003391,False,all independently sampled candidates,158,uniform_random,11,168249853,175249853,,1024,no_disease_to_disease,,,,
7,128,896,128,0,0,0.0059507900004973635,0.041036602000531275,False,all independently sampled candidates,158,uniform_random,11,168249853,175249853,,1024,no_disease_to_disease,,,,
8,128,1024,128,0,0,0.005802559999210644,0.04683916199974192,False,all independently sampled candidates,158,uniform_random,11,168249853,175249853,,1024,no_disease_to_disease,,,,
1,128,128,128,0,0,0.006035385000359383,0.006035385000359383,True,all genetic population candidates,158,genetic_cfe,11,168249853,175249853,,1024,no_disease_to_disease,,,,
2,128,256,128,0,0,0.0058739599990076385,0.011909344999367022,True,all genetic population candidates,158,genetic_cfe,11,168249853,175249853,,1024,no_disease_to_disease,,,,
3,128,384,128,0,0,0.005863071000931086,0.017772416000298108,True,all genetic population candidates,158,genetic_cfe,11,168249853,175249853,,1024,no_disease_to_disease,,,,
4,128,512,128,0,0,0.005762168999353889,0.023534584999651997,True,all genetic population candidates,158,genetic_cfe,11,168249853,175249853,,1024,no_disease_to_disease,,,,
5,128,640,128,0,0,0.0059538219993555686,0.029488406999007566,True,all genetic population candidates,158,genetic_cfe,11,168249853,175249853,,1024,no_disease_to_disease,,,,
6,128,768,128,0,0,0.005991073001496261,0.03547948000050383,True,all genetic population candidates,158,genetic_cfe,11,168249853,175249853,,1024,no_disease_to_disease,,,,
7,128,896,128,0,0,0.0057907619993784465,0.04127024199988227,True,all genetic population candidates,158,genetic_cfe,11,168249853,175249853,,1024,no_disease_to_disease,,,,
8,128,1024,128,0,0,0.005905760999667109,0.04717600299954938,True,all genetic population candidates,158,genetic_cfe,11,168249853,175249853,,1024,no_disease_to_disease,,,,
1,1024,1024,16,0,0,0.1382514689994423,0.1382514689994423,True,final restart pool only,158,dice_gradient_style,11,168249853,175249853,,1024,no_disease_to_disease,63.0,16.0,16.0,63.0
1,1024,1024,16,0,0,0.11652942699947744,0.11652942699947744,True,final restart pool only,158,wachter_style,11,168249853,175249853,,1024,no_disease_to_disease,63.0,16.0,16.0,63.0
1,128,128,128,0,0,0.006298266000158037,0.006298266000158037,False,all independently sampled candidates,159,uniform_random,11,169249856,176249856,,1024,no_disease_to_disease,,,,
2,128,256,128,0,0,0.005903921999561135,0.012202187999719172,False,all independently sampled candidates,159,uniform_random,11,169249856,176249856,,1024,no_disease_to_disease,,,,
3,128,384,128,0,0,0.006116840000686352,0.018319028000405524,False,all independently sampled candidates,159,uniform_random,11,169249856,176249856,,1024,no_disease_to_disease,,,,
4,128,512,128,0,0,0.005953179999778513,0.024272208000184037,False,all independently sampled candidates,159,uniform_random,11,169249856,176249856,,1024,no_disease_to_disease,,,,
5,128,640,128,0,0,0.006579561000762624,0.03085176900094666,False,all independently sampled candidates,159,uniform_random,11,169249856,176249856,,1024,no_disease_to_disease,,,,
6,128,768,128,0,0,0.0061974379987077555,0.037049206999654416,False,all independently sampled candidates,159,uniform_random,11,169249856,176249856,,1024,no_disease_to_disease,,,,
7,128,896,128,0,0,0.005742004999774508,0.042791211999428924,False,all independently sampled candidates,159,uniform_random,11,169249856,176249856,,1024,no_disease_to_disease,,,,
8,128,1024,128,0,0,0.005816187000164064,0.04860739899959299,False,all independently sampled candidates,159,uniform_random,11,169249856,176249856,,1024,no_disease_to_disease,,,,
1,128,128,128,0,0,0.006307239000307163,0.006307239000307163,True,all genetic population candidates,159,genetic_cfe,11,169249856,176249856,,1024,no_disease_to_disease,,,,
2,128,256,128,0,0,0.006587227000636631,0.012894466000943794,True,all genetic population candidates,159,genetic_cfe,11,169249856,176249856,,1024,no_disease_to_disease,,,,
3,128,384,128,0,0,0.0068878849997418,0.019782351000685594,True,all genetic population candidates,159,genetic_cfe,11,169249856,176249856,,1024,no_disease_to_disease,,,,
4,128,512,128,0,0,0.005775978999736253,0.025558330000421847,True,all genetic population candidates,159,genetic_cfe,11,169249856,176249856,,1024,no_disease_to_disease,,,,
5,128,640,128,0,0,0.005864210001163883,0.03142254000158573,True,all genetic population candidates,159,genetic_cfe,11,169249856,176249856,,1024,no_disease_to_disease,,,,
6,128,768,128,0,0,0.006436464998841984,0.037859005000427715,True,all genetic population candidates,159,genetic_cfe,11,169249856,176249856,,1024,no_disease_to_disease,,,,
7,128,896,128,0,0,0.005748382000092533,0.04360738700052025,True,all genetic population candidates,159,genetic_cfe,11,169249856,176249856,,1024,no_disease_to_disease,,,,
8,128,1024,128,0,0,0.005817340999783482,0.04942472800030373,True,all genetic population candidates,159,genetic_cfe,11,169249856,176249856,,1024,no_disease_to_disease,,,,
1,1024,1024,16,0,0,0.1340993130015704,0.1340993130015704,True,final restart pool only,159,dice_gradient_style,11,169249856,176249856,,1024,no_disease_to_disease,63.0,16.0,16.0,63.0
1,1024,1024,16,0,0,0.11102892599956249,0.11102892599956249,True,final restart pool only,159,wachter_style,11,169249856,176249856,,1024,no_disease_to_disease,63.0,16.0,16.0,63.0
1,128,128,128,0,0,0.005793079000795842,0.005793079000795842,False,all independently sampled candidates,160,uniform_random,11,170249859,177249859,,1024,no_disease_to_disease,,,,
2,128,256,128,0,0,0.005757195000114734,0.011550274000910576,False,all independently sampled candidates,160,uniform_random,11,170249859,177249859,,1024,no_disease_to_disease,,,,
3,128,384,128,0,0,0.00601468999957433,0.017564964000484906,False,all independently sampled candidates,160,uniform_random,11,170249859,177249859,,1024,no_disease_to_disease,,,,
4,128,512,128,0,0,0.0056225659991469,0.023187529999631806,False,all independently sampled candidates,160,uniform_random,11,170249859,177249859,,1024,no_disease_to_disease,,,,
5,128,640,128,0,0,0.0056247230004373705,0.028812253000069177,False,all independently sampled candidates,160,uniform_random,11,170249859,177249859,,1024,no_disease_to_disease,,,,
6,128,768,128,0,0,0.005738705000112532,0.03455095800018171,False,all independently sampled candidates,160,uniform_random,11,170249859,177249859,,1024,no_disease_to_disease,,,,
7,128,896,128,0,0,0.006336911999824224,0.04088787000000593,False,all independently sampled candidates,160,uniform_random,11,170249859,177249859,,1024,no_disease_to_disease,,,,
8,128,1024,128,0,0,0.006472883000242291,0.047360753000248224,False,all independently sampled candidates,160,uniform_random,11,170249859,177249859,,1024,no_disease_to_disease,,,,
1,128,128,128,0,0,0.005764454001109698,0.005764454001109698,True,all genetic population candidates,160,genetic_cfe,11,170249859,177249859,,1024,no_disease_to_disease,,,,
2,128,256,128,0,0,0.00586775800002215,0.011632212001131848,True,all genetic population candidates,160,genetic_cfe,11,170249859,177249859,,1024,no_disease_to_disease,,,,
3,128,384,128,0,0,0.005946031000348739,0.017578243001480587,True,all genetic population candidates,160,genetic_cfe,11,170249859,177249859,,1024,no_disease_to_disease,,,,
4,128,512,128,0,0,0.005742459999964922,0.02332070300144551,True,all genetic population candidates,160,genetic_cfe,11,170249859,177249859,,1024,no_disease_to_disease,,,,
5,128,640,128,0,0,0.0057800689992291154,0.029100772000674624,True,all genetic population candidates,160,genetic_cfe,11,170249859,177249859,,1024,no_disease_to_disease,,,,
6,128,768,128,0,0,0.005734492000556202,0.034835264001230826,True,all genetic population candidates,160,genetic_cfe,11,170249859,177249859,,1024,no_disease_to_disease,,,,
7,128,896,128,0,0,0.006391809998604003,0.04122707399983483,True,all genetic population candidates,160,genetic_cfe,11,170249859,177249859,,1024,no_disease_to_disease,,,,
8,128,1024,128,0,0,0.006448830999943311,0.04767590499977814,True,all genetic population candidates,160,genetic_cfe,11,170249859,177249859,,1024,no_disease_to_disease,,,,
1,1024,1024,16,0,0,0.1307265190007456,0.1307265190007456,True,final restart pool only,160,dice_gradient_style,11,170249859,177249859,,1024,no_disease_to_disease,63.0,16.0,16.0,63.0
1,1024,1024,16,0,0,0.11646732000008342,0.11646732000008342,True,final restart pool only,160,wachter_style,11,170249859,177249859,,1024,no_disease_to_disease,63.0,16.0,16.0,63.0
1,128,128,128,0,0,0.005898528001125669,0.005898528001125669,False,all independently sampled candidates,161,uniform_random,11,171249862,178249862,,1024,no_disease_to_disease,,,,
2,128,256,128,0,0,0.005851177000295138,0.011749705001420807,False,all independently sampled candidates,161,uniform_random,11,171249862,178249862,,1024,no_disease_to_disease,,,,
3,128,384,128,0,0,0.005740922999393661,0.017490628000814468,False,all independently sampled candidates,161,uniform_random,11,171249862,178249862,,1024,no_disease_to_disease,,,,
4,128,512,128,0,0,0.0058363269999972545,0.023326955000811722,False,all independently sampled candidates,161,uniform_random,11,171249862,178249862,,1024,no_disease_to_disease,,,,
5,128,640,128,0,0,0.005720207000194932,0.029047162001006654,False,all independently sampled candidates,161,uniform_random,11,171249862,178249862,,1024,no_disease_to_disease,,,,
6,128,768,128,0,0,0.006083271999159479,0.03513043400016613,False,all independently sampled candidates,161,uniform_random,11,171249862,178249862,,1024,no_disease_to_disease,,,,
7,128,896,128,0,0,0.00573285000064061,0.04086328400080674,False,all independently sampled candidates,161,uniform_random,11,171249862,178249862,,1024,no_disease_to_disease,,,,
8,128,1024,128,0,0,0.00569927399919834,0.04656255800000508,False,all independently sampled candidates,161,uniform_random,11,171249862,178249862,,1024,no_disease_to_disease,,,,
1,128,128,128,0,0,0.005783274000350502,0.005783274000350502,True,all genetic population candidates,161,genetic_cfe,11,171249862,178249862,,1024,no_disease_to_disease,,,,
2,128,256,128,0,0,0.005876916999113746,0.011660190999464248,True,all genetic population candidates,161,genetic_cfe,11,171249862,178249862,,1024,no_disease_to_disease,,,,
3,128,384,128,0,0,0.005933176000326057,0.017593366999790305,True,all genetic population candidates,161,genetic_cfe,11,171249862,178249862,,1024,no_disease_to_disease,,,,
4,128,512,128,0,0,0.005975836000288837,0.023569203000079142,True,all genetic population candidates,161,genetic_cfe,11,171249862,178249862,,1024,no_disease_to_disease,,,,
5,128,640,128,0,0,0.005892709999898216,0.029461912999977358,True,all genetic population candidates,161,genetic_cfe,11,171249862,178249862,,1024,no_disease_to_disease,,,,
6,128,768,128,0,0,0.005798397000035038,0.035260310000012396,True,all genetic population candidates,161,genetic_cfe,11,171249862,178249862,,1024,no_disease_to_disease,,,,
7,128,896,128,0,0,0.0060019829998054774,0.04126229299981787,True,all genetic population candidates,161,genetic_cfe,11,171249862,178249862,,1024,no_disease_to_disease,,,,
8,128,1024,128,2,1,0.005967615999907139,0.04722990899972501,True,all genetic population candidates,161,genetic_cfe,11,171249862,178249862,,1024,no_disease_to_disease,,,,
1,1024,1024,16,5,2,0.13482328600002802,0.13482328600002802,True,final restart pool only,161,dice_gradient_style,11,171249862,178249862,,1024,no_disease_to_disease,63.0,16.0,16.0,63.0
1,1024,1024,16,5,2,0.11966179800037935,0.11966179800037935,True,final restart pool only,161,wachter_style,11,171249862,178249862,,1024,no_disease_to_disease,63.0,16.0,16.0,63.0
1,128,128,128,0,0,0.005872939000255428,0.005872939000255428,False,all independently sampled candidates,162,uniform_random,11,172249865,179249865,,1024,no_disease_to_disease,,,,
2,128,256,128,0,0,0.005659087999447365,0.011532026999702794,False,all independently sampled candidates,162,uniform_random,11,172249865,179249865,,1024,no_disease_to_disease,,,,
3,128,384,128,0,0,0.005864610000571702,0.017396637000274495,False,all independently sampled candidates,162,uniform_random,11,172249865,179249865,,1024,no_disease_to_disease,,,,
4,128,512,128,0,0,0.005754017000072054,0.02315065400034655,False,all independently sampled candidates,162,uniform_random,11,172249865,179249865,,1024,no_disease_to_disease,,,,
5,128,640,128,0,0,0.005623405999358511,0.02877405999970506,False,all independently sampled candidates,162,uniform_random,11,172249865,179249865,,1024,no_disease_to_disease,,,,
6,128,768,128,1,1,0.00589521700021578,0.03466927699992084,False,all independently sampled candidates,162,uniform_random,11,172249865,179249865,,1024,no_disease_to_disease,,,,
7,128,896,128,0,1,0.00577971799975785,0.04044899499967869,False,all independently sampled candidates,162,uniform_random,11,172249865,179249865,,1024,no_disease_to_disease,,,,
8,128,1024,128,0,1,0.006172276000143029,0.04662127099982172,False,all independently sampled candidates,162,uniform_random,11,172249865,179249865,,1024,no_disease_to_disease,,,,
1,128,128,128,0,0,0.005760261999967042,0.005760261999967042,True,all genetic population candidates,162,genetic_cfe,11,172249865,179249865,,1024,no_disease_to_disease,,,,
2,128,256,128,0,0,0.006263938999836682,0.012024200999803725,True,all genetic population candidates,162,genetic_cfe,11,172249865,179249865,,1024,no_disease_to_disease,,,,
3,128,384,128,0,0,0.00622834900059388,0.018252550000397605,True,all genetic population candidates,162,genetic_cfe,11,172249865,179249865,,1024,no_disease_to_disease,,,,
4,128,512,128,0,0,0.006802318999689305,0.02505486900008691,True,all genetic population candidates,162,genetic_cfe,11,172249865,179249865,,1024,no_disease_to_disease,,,,
5,128,640,128,0,0,0.0062883379996492295,0.03134320699973614,True,all genetic population candidates,162,genetic_cfe,11,172249865,179249865,,1024,no_disease_to_disease,,,,
6,128,768,128,2,2,0.006623168999794871,0.03796637599953101,True,all genetic population candidates,162,genetic_cfe,11,172249865,179249865,,1024,no_disease_to_disease,,,,
7,128,896,128,4,3,0.006407440001567011,0.04437381600109802,True,all genetic population candidates,162,genetic_cfe,11,172249865,179249865,,1024,no_disease_to_disease,,,,
8,128,1024,128,15,4,0.0068101429988018936,0.051183958999899914,True,all genetic population candidates,162,genetic_cfe,11,172249865,179249865,,1024,no_disease_to_disease,,,,
1,1024,1024,16,7,2,0.13744771399979072,0.13744771399979072,True,final restart pool only,162,dice_gradient_style,11,172249865,179249865,,1024,no_disease_to_disease,63.0,16.0,16.0,63.0
1,1024,1024,16,7,2,0.11737384499974723,0.11737384499974723,True,final restart pool only,162,wachter_style,11,172249865,179249865,,1024,no_disease_to_disease,63.0,16.0,16.0,63.0
1,128,128,128,0,0,0.005719058000977384,0.005719058000977384,False,all independently sampled candidates,163,uniform_random,11,173249868,180249868,,1024,no_disease_to_disease,,,,
2,128,256,128,0,0,0.005978754999887315,0.011697813000864699,False,all independently sampled candidates,163,uniform_random,11,173249868,180249868,,1024,no_disease_to_disease,,,,
3,128,384,128,0,0,0.005763811999713653,0.01746162500057835,False,all independently sampled candidates,163,uniform_random,11,173249868,180249868,,1024,no_disease_to_disease,,,,
4,128,512,128,0,0,0.005715392999263713,0.023177017999842064,False,all independently sampled candidates,163,uniform_random,11,173249868,180249868,,1024,no_disease_to_disease,,,,
5,128,640,128,0,0,0.005669514001056086,0.02884653200089815,False,all independently sampled candidates,163,uniform_random,11,173249868,180249868,,1024,no_disease_to_disease,,,,
6,128,768,128,0,0,0.005742011999245733,0.034588544000143884,False,all independently sampled candidates,163,uniform_random,11,173249868,180249868,,1024,no_disease_to_disease,,,,
7,128,896,128,0,0,0.005663863999870955,0.04025240800001484,False,all independently sampled candidates,163,uniform_random,11,173249868,180249868,,1024,no_disease_to_disease,,,,
8,128,1024,128,0,0,0.00566806999995606,0.0459204779999709,False,all independently sampled candidates,163,uniform_random,11,173249868,180249868,,1024,no_disease_to_disease,,,,
1,128,128,128,0,0,0.005648782000207575,0.005648782000207575,True,all genetic population candidates,163,genetic_cfe,11,173249868,180249868,,1024,no_disease_to_disease,,,,
2,128,256,128,0,0,0.005907972999921185,0.01155675500012876,True,all genetic population candidates,163,genetic_cfe,11,173249868,180249868,,1024,no_disease_to_disease,,,,
3,128,384,128,0,0,0.008176809000360663,0.019733564000489423,True,all genetic population candidates,163,genetic_cfe,11,173249868,180249868,,1024,no_disease_to_disease,,,,
4,128,512,128,0,0,0.010756313999081613,0.030489877999571036,True,all genetic population candidates,163,genetic_cfe,11,173249868,180249868,,1024,no_disease_to_disease,,,,
5,128,640,128,0,0,0.006715399000313482,0.03720527699988452,True,all genetic population candidates,163,genetic_cfe,11,173249868,180249868,,1024,no_disease_to_disease,,,,
6,128,768,128,0,0,0.008530750999852899,0.045736027999737416,True,all genetic population candidates,163,genetic_cfe,11,173249868,180249868,,1024,no_disease_to_disease,,,,
7,128,896,128,0,0,0.009866742000667728,0.055602770000405144,True,all genetic population candidates,163,genetic_cfe,11,173249868,180249868,,1024,no_disease_to_disease,,,,
8,128,1024,128,1,1,0.007342720999076846,0.06294549099948199,True,all genetic population candidates,163,genetic_cfe,11,173249868,180249868,,1024,no_disease_to_disease,,,,
1,1024,1024,16,7,4,0.1343101270012994,0.1343101270012994,True,final restart pool only,163,dice_gradient_style,11,173249868,180249868,,1024,no_disease_to_disease,63.0,16.0,16.0,63.0
1,1024,1024,16,7,4,0.1183406099989952,0.1183406099989952,True,final restart pool only,163,wachter_style,11,173249868,180249868,,1024,no_disease_to_disease,63.0,16.0,16.0,63.0
1,128,128,128,0,0,0.0057075429995165905,0.0057075429995165905,False,all independently sampled candidates,164,uniform_random,11,174249871,181249871,,1024,no_disease_to_disease,,,,
2,128,256,128,0,0,0.005653251999319764,0.011360794998836354,False,all independently sampled candidates,164,uniform_random,11,174249871,181249871,,1024,no_disease_to_disease,,,,
3,128,384,128,0,0,0.005814807000206201,0.017175601999042556,False,all independently sampled candidates,164,uniform_random,11,174249871,181249871,,1024,no_disease_to_disease,,,,
4,128,512,128,0,0,0.006421461001082207,0.023597063000124763,False,all independently sampled candidates,164,uniform_random,11,174249871,181249871,,1024,no_disease_to_disease,,,,
5,128,640,128,3,3,0.005968392999420757,0.02956545599954552,False,all independently sampled candidates,164,uniform_random,11,174249871,181249871,,1024,no_disease_to_disease,,,,
6,128,768,128,0,3,0.005728460000682389,0.03529391600022791,False,all independently sampled candidates,164,uniform_random,11,174249871,181249871,,1024,no_disease_to_disease,,,,
7,128,896,128,3,4,0.0057659029989736155,0.041059818999201525,False,all independently sampled candidates,164,uniform_random,11,174249871,181249871,,1024,no_disease_to_disease,,,,
8,128,1024,128,2,4,0.005806020999443717,0.04686583999864524,False,all independently sampled candidates,164,uniform_random,11,174249871,181249871,,1024,no_disease_to_disease,,,,
1,128,128,128,0,0,0.005720420000216109,0.005720420000216109,True,all genetic population candidates,164,genetic_cfe,11,174249871,181249871,,1024,no_disease_to_disease,,,,
2,128,256,128,0,0,0.0057503079988237005,0.01147072799903981,True,all genetic population candidates,164,genetic_cfe,11,174249871,181249871,,1024,no_disease_to_disease,,,,
3,128,384,128,0,0,0.00594430400087731,0.01741503199991712,True,all genetic population candidates,164,genetic_cfe,11,174249871,181249871,,1024,no_disease_to_disease,,,,
4,128,512,128,2,1,0.005786781999631785,0.023201813999548904,True,all genetic population candidates,164,genetic_cfe,11,174249871,181249871,,1024,no_disease_to_disease,,,,
5,128,640,128,10,2,0.006054736999431043,0.029256550998979947,True,all genetic population candidates,164,genetic_cfe,11,174249871,181249871,,1024,no_disease_to_disease,,,,
6,128,768,128,27,5,0.006493871000202489,0.035750421999182436,True,all genetic population candidates,164,genetic_cfe,11,174249871,181249871,,1024,no_disease_to_disease,,,,
7,128,896,128,67,7,0.0074135470003966475,0.04316396899957908,True,all genetic population candidates,164,genetic_cfe,11,174249871,181249871,,1024,no_disease_to_disease,,,,
8,128,1024,128,109,11,0.008955081000749487,0.05211905000032857,True,all genetic population candidates,164,genetic_cfe,11,174249871,181249871,,1024,no_disease_to_disease,,,,
1,1024,1024,16,8,2,0.1360702960009803,0.1360702960009803,True,final restart pool only,164,dice_gradient_style,11,174249871,181249871,,1024,no_disease_to_disease,63.0,16.0,16.0,63.0
1,1024,1024,16,8,2,0.11301022299994656,0.11301022299994656,True,final restart pool only,164,wachter_style,11,174249871,181249871,,1024,no_disease_to_disease,63.0,16.0,16.0,63.0
1,128,128,128,0,0,0.005690975000106846,0.005690975000106846,False,all independently sampled candidates,165,uniform_random,11,175249874,182249874,,1024,no_disease_to_disease,,,,
2,128,256,128,0,0,0.005707913998776348,0.011398888998883194,False,all independently sampled candidates,165,uniform_random,11,175249874,182249874,,1024,no_disease_to_disease,,,,
3,128,384,128,0,0,0.005584755001109443,0.016983643999992637,False,all independently sampled candidates,165,uniform_random,11,175249874,182249874,,1024,no_disease_to_disease,,,,
4,128,512,128,0,0,0.005635203999190708,0.022618847999183345,False,all independently sampled candidates,165,uniform_random,11,175249874,182249874,,1024,no_disease_to_disease,,,,
5,128,640,128,0,0,0.005602851999356062,0.028221699998539407,False,all independently sampled candidates,165,uniform_random,11,175249874,182249874,,1024,no_disease_to_disease,,,,
6,128,768,128,0,0,0.005626148000374087,0.033847847998913494,False,all independently sampled candidates,165,uniform_random,11,175249874,182249874,,1024,no_disease_to_disease,,,,
7,128,896,128,0,0,0.005664305999744101,0.039512153998657595,False,all independently sampled candidates,165,uniform_random,11,175249874,182249874,,1024,no_disease_to_disease,,,,
8,128,1024,128,0,0,0.005752125000071828,0.045264278998729424,False,all independently sampled candidates,165,uniform_random,11,175249874,182249874,,1024,no_disease_to_disease,,,,
1,128,128,128,0,0,0.005759157998909359,0.005759157998909359,True,all genetic population candidates,165,genetic_cfe,11,175249874,182249874,,1024,no_disease_to_disease,,,,
2,128,256,128,0,0,0.005703353999706451,0.01146251199861581,True,all genetic population candidates,165,genetic_cfe,11,175249874,182249874,,1024,no_disease_to_disease,,,,
3,128,384,128,0,0,0.005912504000662011,0.01737501599927782,True,all genetic population candidates,165,genetic_cfe,11,175249874,182249874,,1024,no_disease_to_disease,,,,
4,128,512,128,0,0,0.005746999999246327,0.023122015998524148,True,all genetic population candidates,165,genetic_cfe,11,175249874,182249874,,1024,no_disease_to_disease,,,,
5,128,640,128,0,0,0.006220828001460177,0.029342843999984325,True,all genetic population candidates,165,genetic_cfe,11,175249874,182249874,,1024,no_disease_to_disease,,,,
6,128,768,128,0,0,0.0062319639982888475,0.03557480799827317,True,all genetic population candidates,165,genetic_cfe,11,175249874,182249874,,1024,no_disease_to_disease,,,,
7,128,896,128,0,0,0.0057505480017425725,0.041325356000015745,True,all genetic population candidates,165,genetic_cfe,11,175249874,182249874,,1024,no_disease_to_disease,,,,
8,128,1024,128,0,0,0.0058087769994017435,0.04713413299941749,True,all genetic population candidates,165,genetic_cfe,11,175249874,182249874,,1024,no_disease_to_disease,,,,
1,1024,1024,16,0,0,0.129219843998726,0.129219843998726,True,final restart pool only,165,dice_gradient_style,11,175249874,182249874,,1024,no_disease_to_disease,63.0,16.0,16.0,63.0
1,1024,1024,16,0,0,0.10830855799940764,0.10830855799940764,True,final restart pool only,165,wachter_style,11,175249874,182249874,,1024,no_disease_to_disease,63.0,16.0,16.0,63.0
1,128,128,128,0,0,0.0056993050002347445,0.0056993050002347445,False,all independently sampled candidates,166,uniform_random,11,176249877,183249877,,1024,no_disease_to_disease,,,,
2,128,256,128,0,0,0.0056146019996958785,0.011313906999930623,False,all independently sampled candidates,166,uniform_random,11,176249877,183249877,,1024,no_disease_to_disease,,,,
3,128,384,128,0,0,0.0059582670000963844,0.017272174000027007,False,all independently sampled candidates,166,uniform_random,11,176249877,183249877,,1024,no_disease_to_disease,,,,
4,128,512,128,0,0,0.00599945100111654,0.023271625001143548,False,all independently sampled candidates,166,uniform_random,11,176249877,183249877,,1024,no_disease_to_disease,,,,
5,128,640,128,0,0,0.005648911999742268,0.028920537000885815,False,all independently sampled candidates,166,uniform_random,11,176249877,183249877,,1024,no_disease_to_disease,,,,
6,128,768,128,0,0,0.005640669000058551,0.03456120600094437,False,all independently sampled candidates,166,uniform_random,11,176249877,183249877,,1024,no_disease_to_disease,,,,
7,128,896,128,0,0,0.005759718998888275,0.04032092499983264,False,all independently sampled candidates,166,uniform_random,11,176249877,183249877,,1024,no_disease_to_disease,,,,
8,128,1024,128,0,0,0.005845108000357868,0.04616603300019051,False,all independently sampled candidates,166,uniform_random,11,176249877,183249877,,1024,no_disease_to_disease,,,,
1,128,128,128,0,0,0.005807321000247612,0.005807321000247612,True,all genetic population candidates,166,genetic_cfe,11,176249877,183249877,,1024,no_disease_to_disease,,,,
2,128,256,128,0,0,0.005793644999357639,0.01160096599960525,True,all genetic population candidates,166,genetic_cfe,11,176249877,183249877,,1024,no_disease_to_disease,,,,
3,128,384,128,0,0,0.005755227000918239,0.01735619300052349,True,all genetic population candidates,166,genetic_cfe,11,176249877,183249877,,1024,no_disease_to_disease,,,,
4,128,512,128,0,0,0.005741169999964768,0.023097363000488258,True,all genetic population candidates,166,genetic_cfe,11,176249877,183249877,,1024,no_disease_to_disease,,,,
5,128,640,128,0,0,0.005725655999412993,0.02882301899990125,True,all genetic population candidates,166,genetic_cfe,11,176249877,183249877,,1024,no_disease_to_disease,,,,
6,128,768,128,0,0,0.005738592999477987,0.03456161199937924,True,all genetic population candidates,166,genetic_cfe,11,176249877,183249877,,1024,no_disease_to_disease,,,,
7,128,896,128,0,0,0.006318678000752698,0.040880290000131936,True,all genetic population candidates,166,genetic_cfe,11,176249877,183249877,,1024,no_disease_to_disease,,,,
8,128,1024,128,0,0,0.006408495000869152,0.04728878500100109,True,all genetic population candidates,166,genetic_cfe,11,176249877,183249877,,1024,no_disease_to_disease,,,,
1,1024,1024,16,0,0,0.13390292399890313,0.13390292399890313,True,final restart pool only,166,dice_gradient_style,11,176249877,183249877,,1024,no_disease_to_disease,63.0,16.0,16.0,63.0
1,1024,1024,16,0,0,0.11093205100041814,0.11093205100041814,True,final restart pool only,166,wachter_style,11,176249877,183249877,,1024,no_disease_to_disease,63.0,16.0,16.0,63.0
1,128,128,128,0,0,0.005712779999157647,0.005712779999157647,False,all independently sampled candidates,167,uniform_random,11,177249880,184249880,,1024,no_disease_to_disease,,,,
2,128,256,128,0,0,0.005993274999127607,0.011706054998285254,False,all independently sampled candidates,167,uniform_random,11,177249880,184249880,,1024,no_disease_to_disease,,,,
3,128,384,128,0,0,0.00597478800045792,0.017680842998743174,False,all independently sampled candidates,167,uniform_random,11,177249880,184249880,,1024,no_disease_to_disease,,,,
4,128,512,128,0,0,0.006079324999518576,0.02376016799826175,False,all independently sampled candidates,167,uniform_random,11,177249880,184249880,,1024,no_disease_to_disease,,,,
5,128,640,128,0,0,0.0059242130009806715,0.02968438099924242,False,all independently sampled candidates,167,uniform_random,11,177249880,184249880,,1024,no_disease_to_disease,,,,
6,128,768,128,0,0,0.00598020799952792,0.03566458899877034,False,all independently sampled candidates,167,uniform_random,11,177249880,184249880,,1024,no_disease_to_disease,,,,
7,128,896,128,0,0,0.0059505259996512905,0.04161511499842163,False,all independently sampled candidates,167,uniform_random,11,177249880,184249880,,1024,no_disease_to_disease,,,,
8,128,1024,128,0,0,0.006568430000697845,0.048183544999119476,False,all independently sampled candidates,167,uniform_random,11,177249880,184249880,,1024,no_disease_to_disease,,,,
1,128,128,128,0,0,0.005612234001091565,0.005612234001091565,True,all genetic population candidates,167,genetic_cfe,11,177249880,184249880,,1024,no_disease_to_disease,,,,
2,128,256,128,0,0,0.005785728999398998,0.011397963000490563,True,all genetic population candidates,167,genetic_cfe,11,177249880,184249880,,1024,no_disease_to_disease,,,,
3,128,384,128,0,0,0.006189633999383659,0.017587596999874222,True,all genetic population candidates,167,genetic_cfe,11,177249880,184249880,,1024,no_disease_to_disease,,,,
4,128,512,128,0,0,0.00609297800110653,0.023680575000980753,True,all genetic population candidates,167,genetic_cfe,11,177249880,184249880,,1024,no_disease_to_disease,,,,
5,128,640,128,0,0,0.005843322000146145,0.029523897001126898,True,all genetic population candidates,167,genetic_cfe,11,177249880,184249880,,1024,no_disease_to_disease,,,,
6,128,768,128,0,0,0.005847577000167803,0.0353714740012947,True,all genetic population candidates,167,genetic_cfe,11,177249880,184249880,,1024,no_disease_to_disease,,,,
7,128,896,128,0,0,0.005913588998737396,0.041285063000032096,True,all genetic population candidates,167,genetic_cfe,11,177249880,184249880,,1024,no_disease_to_disease,,,,
8,128,1024,128,0,0,0.005768364000687143,0.04705342700071924,True,all genetic population candidates,167,genetic_cfe,11,177249880,184249880,,1024,no_disease_to_disease,,,,
1,1024,1024,16,0,0,0.1278633189995162,0.1278633189995162,True,final restart pool only,167,dice_gradient_style,11,177249880,184249880,,1024,no_disease_to_disease,63.0,16.0,16.0,63.0
1,1024,1024,16,0,0,0.11068590200011386,0.11068590200011386,True,final restart pool only,167,wachter_style,11,177249880,184249880,,1024,no_disease_to_disease,63.0,16.0,16.0,63.0
1,128,128,128,0,0,0.005815690999952494,0.005815690999952494,False,all independently sampled candidates,168,uniform_random,11,178249883,185249883,,1024,no_disease_to_disease,,,,
2,128,256,128,0,0,0.005710329000066849,0.011526020000019344,False,all independently sampled candidates,168,uniform_random,11,178249883,185249883,,1024,no_disease_to_disease,,,,
3,128,384,128,0,0,0.005851398000231711,0.017377418000251055,False,all independently sampled candidates,168,uniform_random,11,178249883,185249883,,1024,no_disease_to_disease,,,,
4,128,512,128,0,0,0.005633943999782787,0.02301136200003384,False,all independently sampled candidates,168,uniform_random,11,178249883,185249883,,1024,no_disease_to_disease,,,,
5,128,640,128,0,0,0.006062364000172238,0.02907372600020608,False,all independently sampled candidates,168,uniform_random,11,178249883,185249883,,1024,no_disease_to_disease,,,,
6,128,768,128,0,0,0.005597628998657456,0.034671354998863535,False,all independently sampled candidates,168,uniform_random,11,178249883,185249883,,1024,no_disease_to_disease,,,,
7,128,896,128,0,0,0.005778619000921026,0.04044997399978456,False,all independently sampled candidates,168,uniform_random,11,178249883,185249883,,1024,no_disease_to_disease,,,,
8,128,1024,128,0,0,0.005666380000548088,0.04611635400033265,False,all independently sampled candidates,168,uniform_random,11,178249883,185249883,,1024,no_disease_to_disease,,,,
1,128,128,128,0,0,0.005608663999737473,0.005608663999737473,True,all genetic population candidates,168,genetic_cfe,11,178249883,185249883,,1024,no_disease_to_disease,,,,
2,128,256,128,0,0,0.006326910999632673,0.011935574999370147,True,all genetic population candidates,168,genetic_cfe,11,178249883,185249883,,1024,no_disease_to_disease,,,,
3,128,384,128,0,0,0.006081600000470644,0.01801717499984079,True,all genetic population candidates,168,genetic_cfe,11,178249883,185249883,,1024,no_disease_to_disease,,,,
4,128,512,128,0,0,0.005775622999863117,0.023792797999703907,True,all genetic population candidates,168,genetic_cfe,11,178249883,185249883,,1024,no_disease_to_disease,,,,
5,128,640,128,0,0,0.0065049909990193555,0.030297788998723263,True,all genetic population candidates,168,genetic_cfe,11,178249883,185249883,,1024,no_disease_to_disease,,,,
6,128,768,128,0,0,0.0059007630006817635,0.036198551999405026,True,all genetic population candidates,168,genetic_cfe,11,178249883,185249883,,1024,no_disease_to_disease,,,,
7,128,896,128,0,0,0.005899179999687476,0.0420977319990925,True,all genetic population candidates,168,genetic_cfe,11,178249883,185249883,,1024,no_disease_to_disease,,,,
8,128,1024,128,0,0,0.006791990999772679,0.04888972299886518,True,all genetic population candidates,168,genetic_cfe,11,178249883,185249883,,1024,no_disease_to_disease,,,,
1,1024,1024,16,0,0,0.12842312000066158,0.12842312000066158,True,final restart pool only,168,dice_gradient_style,11,178249883,185249883,,1024,no_disease_to_disease,63.0,16.0,16.0,63.0
1,1024,1024,16,0,0,0.11052092799945967,0.11052092799945967,True,final restart pool only,168,wachter_style,11,178249883,185249883,,1024,no_disease_to_disease,63.0,16.0,16.0,63.0
1,128,128,128,0,0,0.005627873999401345,0.005627873999401345,False,all independently sampled candidates,169,uniform_random,11,179249886,186249886,,1024,no_disease_to_disease,,,,
2,128,256,128,0,0,0.005593773999862606,0.01122164799926395,False,all independently sampled candidates,169,uniform_random,11,179249886,186249886,,1024,no_disease_to_disease,,,,
3,128,384,128,0,0,0.005861029001607676,0.017082677000871627,False,all independently sampled candidates,169,uniform_random,11,179249886,186249886,,1024,no_disease_to_disease,,,,
4,128,512,128,0,0,0.005639884999254718,0.022722562000126345,False,all independently sampled candidates,169,uniform_random,11,179249886,186249886,,1024,no_disease_to_disease,,,,
5,128,640,128,0,0,0.0058586909999576164,0.02858125300008396,False,all independently sampled candidates,169,uniform_random,11,179249886,186249886,,1024,no_disease_to_disease,,,,
6,128,768,128,0,0,0.007257667999510886,0.03583892099959485,False,all independently sampled candidates,169,uniform_random,11,179249886,186249886,,1024,no_disease_to_disease,,,,
7,128,896,128,0,0,0.005702751999706379,0.04154167299930123,False,all independently sampled candidates,169,uniform_random,11,179249886,186249886,,1024,no_disease_to_disease,,,,
8,128,1024,128,0,0,0.006056023001292488,0.047597696000593714,False,all independently sampled candidates,169,uniform_random,11,179249886,186249886,,1024,no_disease_to_disease,,,,
1,128,128,128,0,0,0.005995007999445079,0.005995007999445079,True,all genetic population candidates,169,genetic_cfe,11,179249886,186249886,,1024,no_disease_to_disease,,,,
2,128,256,128,0,0,0.006486516000222764,0.012481523999667843,True,all genetic population candidates,169,genetic_cfe,11,179249886,186249886,,1024,no_disease_to_disease,,,,
3,128,384,128,0,0,0.0066699550006887875,0.01915147900035663,True,all genetic population candidates,169,genetic_cfe,11,179249886,186249886,,1024,no_disease_to_disease,,,,
4,128,512,128,0,0,0.006227015999684227,0.025378495000040857,True,all genetic population candidates,169,genetic_cfe,11,179249886,186249886,,1024,no_disease_to_disease,,,,
5,128,640,128,0,0,0.005666648999977042,0.0310451440000179,True,all genetic population candidates,169,genetic_cfe,11,179249886,186249886,,1024,no_disease_to_disease,,,,
6,128,768,128,0,0,0.006252629000300658,0.03729777300031856,True,all genetic population candidates,169,genetic_cfe,11,179249886,186249886,,1024,no_disease_to_disease,,,,
7,128,896,128,0,0,0.006079561999285943,0.0433773349996045,True,all genetic population candidates,169,genetic_cfe,11,179249886,186249886,,1024,no_disease_to_disease,,,,
8,128,1024,128,0,0,0.006212484999196022,0.04958981999880052,True,all genetic population candidates,169,genetic_cfe,11,179249886,186249886,,1024,no_disease_to_disease,,,,
1,1024,1024,16,0,0,0.13282752499981143,0.13282752499981143,True,final restart pool only,169,dice_gradient_style,11,179249886,186249886,,1024,no_disease_to_disease,63.0,16.0,16.0,63.0
1,1024,1024,16,0,0,0.10957127999972727,0.10957127999972727,True,final restart pool only,169,wachter_style,11,179249886,186249886,,1024,no_disease_to_disease,63.0,16.0,16.0,63.0
1,128,128,128,0,0,0.006314672000371502,0.006314672000371502,False,all independently sampled candidates,170,uniform_random,11,180249889,187249889,,1024,no_disease_to_disease,,,,
2,128,256,128,0,0,0.005914781000683433,0.012229453001054935,False,all independently sampled candidates,170,uniform_random,11,180249889,187249889,,1024,no_disease_to_disease,,,,
3,128,384,128,0,0,0.0058944169995811535,0.01812387000063609,False,all independently sampled candidates,170,uniform_random,11,180249889,187249889,,1024,no_disease_to_disease,,,,
4,128,512,128,0,0,0.005672794000929571,0.02379666400156566,False,all independently sampled candidates,170,uniform_random,11,180249889,187249889,,1024,no_disease_to_disease,,,,
5,128,640,128,0,0,0.0057423179987381445,0.029538982000303804,False,all independently sampled candidates,170,uniform_random,11,180249889,187249889,,1024,no_disease_to_disease,,,,
6,128,768,128,0,0,0.005858012000317103,0.03539699400062091,False,all independently sampled candidates,170,uniform_random,11,180249889,187249889,,1024,no_disease_to_disease,,,,
7,128,896,128,0,0,0.005793718999484554,0.04119071300010546,False,all independently sampled candidates,170,uniform_random,11,180249889,187249889,,1024,no_disease_to_disease,,,,
8,128,1024,128,0,0,0.00582914400001755,0.04701985700012301,False,all independently sampled candidates,170,uniform_random,11,180249889,187249889,,1024,no_disease_to_disease,,,,
1,128,128,128,0,0,0.005861281999386847,0.005861281999386847,True,all genetic population candidates,170,genetic_cfe,11,180249889,187249889,,1024,no_disease_to_disease,,,,
2,128,256,128,0,0,0.005791125000541797,0.011652406999928644,True,all genetic population candidates,170,genetic_cfe,11,180249889,187249889,,1024,no_disease_to_disease,,,,
3,128,384,128,0,0,0.005942709000009927,0.01759511599993857,True,all genetic population candidates,170,genetic_cfe,11,180249889,187249889,,1024,no_disease_to_disease,,,,
4,128,512,128,0,0,0.005960197000604239,0.02355531300054281,True,all genetic population candidates,170,genetic_cfe,11,180249889,187249889,,1024,no_disease_to_disease,,,,
5,128,640,128,0,0,0.0058352399992145365,0.029390552999757347,True,all genetic population candidates,170,genetic_cfe,11,180249889,187249889,,1024,no_disease_to_disease,,,,
6,128,768,128,0,0,0.005789886999991722,0.03518043999974907,True,all genetic population candidates,170,genetic_cfe,11,180249889,187249889,,1024,no_disease_to_disease,,,,
7,128,896,128,0,0,0.005800905999421957,0.040981345999171026,True,all genetic population candidates,170,genetic_cfe,11,180249889,187249889,,1024,no_disease_to_disease,,,,
8,128,1024,128,0,0,0.005909718000111752,0.04689106399928278,True,all genetic population candidates,170,genetic_cfe,11,180249889,187249889,,1024,no_disease_to_disease,,,,
1,1024,1024,16,1,1,0.12958872099989094,0.12958872099989094,True,final restart pool only,170,dice_gradient_style,11,180249889,187249889,,1024,no_disease_to_disease,63.0,16.0,16.0,63.0
1,1024,1024,16,2,1,0.11251095599982364,0.11251095599982364,True,final restart pool only,170,wachter_style,11,180249889,187249889,,1024,no_disease_to_disease,63.0,16.0,16.0,63.0
1,128,128,128,0,0,0.006253477000427665,0.006253477000427665,False,all independently sampled candidates,171,uniform_random,11,181249892,188249892,,1024,no_disease_to_disease,,,,
2,128,256,128,0,0,0.0057937710007536225,0.012047248001181288,False,all independently sampled candidates,171,uniform_random,11,181249892,188249892,,1024,no_disease_to_disease,,,,
3,128,384,128,0,0,0.005941597999481019,0.017988846000662306,False,all independently sampled candidates,171,uniform_random,11,181249892,188249892,,1024,no_disease_to_disease,,,,
4,128,512,128,0,0,0.00574254999992263,0.023731396000584937,False,all independently sampled candidates,171,uniform_random,11,181249892,188249892,,1024,no_disease_to_disease,,,,
5,128,640,128,0,0,0.005725238999730209,0.029456635000315146,False,all independently sampled candidates,171,uniform_random,11,181249892,188249892,,1024,no_disease_to_disease,,,,
6,128,768,128,0,0,0.00573363700095797,0.035190272001273115,False,all independently sampled candidates,171,uniform_random,11,181249892,188249892,,1024,no_disease_to_disease,,,,
7,128,896,128,0,0,0.005613775998426718,0.04080404799969983,False,all independently sampled candidates,171,uniform_random,11,181249892,188249892,,1024,no_disease_to_disease,,,,
8,128,1024,128,0,0,0.005823870000313036,0.04662791800001287,False,all independently sampled candidates,171,uniform_random,11,181249892,188249892,,1024,no_disease_to_disease,,,,
1,128,128,128,0,0,0.005963686000541202,0.005963686000541202,True,all genetic population candidates,171,genetic_cfe,11,181249892,188249892,,1024,no_disease_to_disease,,,,
2,128,256,128,0,0,0.00577936999980011,0.011743056000341312,True,all genetic population candidates,171,genetic_cfe,11,181249892,188249892,,1024,no_disease_to_disease,,,,
3,128,384,128,0,0,0.006705547000819934,0.018448603001161246,True,all genetic population candidates,171,genetic_cfe,11,181249892,188249892,,1024,no_disease_to_disease,,,,
4,128,512,128,0,0,0.005964531999779865,0.02441313500094111,True,all genetic population candidates,171,genetic_cfe,11,181249892,188249892,,1024,no_disease_to_disease,,,,
5,128,640,128,0,0,0.005905726999117178,0.03031886200005829,True,all genetic population candidates,171,genetic_cfe,11,181249892,188249892,,1024,no_disease_to_disease,,,,
6,128,768,128,0,0,0.005851264999364503,0.03617012699942279,True,all genetic population candidates,171,genetic_cfe,11,181249892,188249892,,1024,no_disease_to_disease,,,,
7,128,896,128,0,0,0.005836326001372072,0.04200645300079486,True,all genetic population candidates,171,genetic_cfe,11,181249892,188249892,,1024,no_disease_to_disease,,,,
8,128,1024,128,0,0,0.005949947999397409,0.04795640100019227,True,all genetic population candidates,171,genetic_cfe,11,181249892,188249892,,1024,no_disease_to_disease,,,,
1,1024,1024,16,5,1,0.12986717600142583,0.12986717600142583,True,final restart pool only,171,dice_gradient_style,11,181249892,188249892,,1024,no_disease_to_disease,63.0,16.0,16.0,63.0
1,1024,1024,16,5,1,0.11748077999982343,0.11748077999982343,True,final restart pool only,171,wachter_style,11,181249892,188249892,,1024,no_disease_to_disease,63.0,16.0,16.0,63.0
1,128,128,128,0,0,0.006042582001100527,0.006042582001100527,False,all independently sampled candidates,172,uniform_random,11,182249895,189249895,,1024,no_disease_to_disease,,,,
2,128,256,128,0,0,0.005707730999347405,0.011750313000447932,False,all independently sampled candidates,172,uniform_random,11,182249895,189249895,,1024,no_disease_to_disease,,,,
3,128,384,128,0,0,0.005867425999895204,0.017617739000343136,False,all independently sampled candidates,172,uniform_random,11,182249895,189249895,,1024,no_disease_to_disease,,,,
4,128,512,128,0,0,0.006115951000538189,0.023733690000881325,False,all independently sampled candidates,172,uniform_random,11,182249895,189249895,,1024,no_disease_to_disease,,,,
5,128,640,128,0,0,0.0056572329995105974,0.029390923000391922,False,all independently sampled candidates,172,uniform_random,11,182249895,189249895,,1024,no_disease_to_disease,,,,
6,128,768,128,0,0,0.006020742001055623,0.035411665001447545,False,all independently sampled candidates,172,uniform_random,11,182249895,189249895,,1024,no_disease_to_disease,,,,
7,128,896,128,0,0,0.005854230999830179,0.041265896001277724,False,all independently sampled candidates,172,uniform_random,11,182249895,189249895,,1024,no_disease_to_disease,,,,
8,128,1024,128,0,0,0.0058963800001947675,0.04716227600147249,False,all independently sampled candidates,172,uniform_random,11,182249895,189249895,,1024,no_disease_to_disease,,,,
1,128,128,128,0,0,0.00566249700023036,0.00566249700023036,True,all genetic population candidates,172,genetic_cfe,11,182249895,189249895,,1024,no_disease_to_disease,,,,
2,128,256,128,0,0,0.00583328999891819,0.01149578699914855,True,all genetic population candidates,172,genetic_cfe,11,182249895,189249895,,1024,no_disease_to_disease,,,,
3,128,384,128,0,0,0.006169010001030983,0.017664797000179533,True,all genetic population candidates,172,genetic_cfe,11,182249895,189249895,,1024,no_disease_to_disease,,,,
4,128,512,128,0,0,0.005831570999362157,0.02349636799954169,True,all genetic population candidates,172,genetic_cfe,11,182249895,189249895,,1024,no_disease_to_disease,,,,
5,128,640,128,0,0,0.006386932000168599,0.02988329999971029,True,all genetic population candidates,172,genetic_cfe,11,182249895,189249895,,1024,no_disease_to_disease,,,,
6,128,768,128,0,0,0.006074127999454504,0.03595742799916479,True,all genetic population candidates,172,genetic_cfe,11,182249895,189249895,,1024,no_disease_to_disease,,,,
7,128,896,128,0,0,0.005788305001260596,0.04174573300042539,True,all genetic population candidates,172,genetic_cfe,11,182249895,189249895,,1024,no_disease_to_disease,,,,
8,128,1024,128,0,0,0.005845607998708147,0.047591340999133536,True,all genetic population candidates,172,genetic_cfe,11,182249895,189249895,,1024,no_disease_to_disease,,,,
1,1024,1024,16,2,1,0.13467799899990496,0.13467799899990496,True,final restart pool only,172,dice_gradient_style,11,182249895,189249895,,1024,no_disease_to_disease,63.0,16.0,16.0,63.0
1,1024,1024,16,2,1,0.11819138299870247,0.11819138299870247,True,final restart pool only,172,wachter_style,11,182249895,189249895,,1024,no_disease_to_disease,63.0,16.0,16.0,63.0
1,128,128,128,0,0,0.005977505999908317,0.005977505999908317,False,all independently sampled candidates,173,uniform_random,11,183249898,190249898,,1024,no_disease_to_disease,,,,
2,128,256,128,0,0,0.0056343300002481556,0.011611836000156472,False,all independently sampled candidates,173,uniform_random,11,183249898,190249898,,1024,no_disease_to_disease,,,,
3,128,384,128,0,0,0.005823539999255445,0.017435375999411917,False,all independently sampled candidates,173,uniform_random,11,183249898,190249898,,1024,no_disease_to_disease,,,,
4,128,512,128,0,0,0.005650777000482776,0.023086152999894693,False,all independently sampled candidates,173,uniform_random,11,183249898,190249898,,1024,no_disease_to_disease,,,,
5,128,640,128,0,0,0.00600217999999586,0.029088332999890554,False,all independently sampled candidates,173,uniform_random,11,183249898,190249898,,1024,no_disease_to_disease,,,,
6,128,768,128,0,0,0.005672978999427869,0.03476131199931842,False,all independently sampled candidates,173,uniform_random,11,183249898,190249898,,1024,no_disease_to_disease,,,,
7,128,896,128,0,0,0.005828916000609752,0.040590227999928175,False,all independently sampled candidates,173,uniform_random,11,183249898,190249898,,1024,no_disease_to_disease,,,,
8,128,1024,128,0,0,0.005881233999389224,0.0464714619993174,False,all independently sampled candidates,173,uniform_random,11,183249898,190249898,,1024,no_disease_to_disease,,,,
1,128,128,128,0,0,0.0059706590000132564,0.0059706590000132564,True,all genetic population candidates,173,genetic_cfe,11,183249898,190249898,,1024,no_disease_to_disease,,,,
2,128,256,128,0,0,0.006385975999364746,0.012356634999378002,True,all genetic population candidates,173,genetic_cfe,11,183249898,190249898,,1024,no_disease_to_disease,,,,
3,128,384,128,0,0,0.006021052999130916,0.018377687998508918,True,all genetic population candidates,173,genetic_cfe,11,183249898,190249898,,1024,no_disease_to_disease,,,,
4,128,512,128,0,0,0.006264319001274998,0.024642006999783916,True,all genetic population candidates,173,genetic_cfe,11,183249898,190249898,,1024,no_disease_to_disease,,,,
5,128,640,128,0,0,0.005854032999195624,0.03049603999897954,True,all genetic population candidates,173,genetic_cfe,11,183249898,190249898,,1024,no_disease_to_disease,,,,
6,128,768,128,0,0,0.005753928000558517,0.03624996799953806,True,all genetic population candidates,173,genetic_cfe,11,183249898,190249898,,1024,no_disease_to_disease,,,,
7,128,896,128,0,0,0.0057942490002460545,0.04204421699978411,True,all genetic population candidates,173,genetic_cfe,11,183249898,190249898,,1024,no_disease_to_disease,,,,
8,128,1024,128,0,0,0.0060953430001973175,0.04813955999998143,True,all genetic population candidates,173,genetic_cfe,11,183249898,190249898,,1024,no_disease_to_disease,,,,
1,1024,1024,16,0,0,0.1367245780002122,0.1367245780002122,True,final restart pool only,173,dice_gradient_style,11,183249898,190249898,,1024,no_disease_to_disease,63.0,16.0,16.0,63.0
1,1024,1024,16,0,0,0.11899254600029963,0.11899254600029963,True,final restart pool only,173,wachter_style,11,183249898,190249898,,1024,no_disease_to_disease,63.0,16.0,16.0,63.0
1,128,128,128,0,0,0.005724538999857032,0.005724538999857032,False,all independently sampled candidates,174,uniform_random,11,184249901,191249901,,1024,no_disease_to_disease,,,,
2,128,256,128,0,0,0.005714085000363411,0.011438624000220443,False,all independently sampled candidates,174,uniform_random,11,184249901,191249901,,1024,no_disease_to_disease,,,,
3,128,384,128,0,0,0.00573141400127497,0.017170038001495413,False,all independently sampled candidates,174,uniform_random,11,184249901,191249901,,1024,no_disease_to_disease,,,,
4,128,512,128,0,0,0.0057680339996295515,0.022938072001124965,False,all independently sampled candidates,174,uniform_random,11,184249901,191249901,,1024,no_disease_to_disease,,,,
5,128,640,128,0,0,0.005851150999660604,0.02878922300078557,False,all independently sampled candidates,174,uniform_random,11,184249901,191249901,,1024,no_disease_to_disease,,,,
6,128,768,128,0,0,0.005664407999574905,0.034453631000360474,False,all independently sampled candidates,174,uniform_random,11,184249901,191249901,,1024,no_disease_to_disease,,,,
7,128,896,128,0,0,0.0066672299999481766,0.04112086100030865,False,all independently sampled candidates,174,uniform_random,11,184249901,191249901,,1024,no_disease_to_disease,,,,
8,128,1024,128,0,0,0.0062536170007660985,0.04737447800107475,False,all independently sampled candidates,174,uniform_random,11,184249901,191249901,,1024,no_disease_to_disease,,,,
1,128,128,128,0,0,0.00564145099997404,0.00564145099997404,True,all genetic population candidates,174,genetic_cfe,11,184249901,191249901,,1024,no_disease_to_disease,,,,
2,128,256,128,0,0,0.006450660999689717,0.012092111999663757,True,all genetic population candidates,174,genetic_cfe,11,184249901,191249901,,1024,no_disease_to_disease,,,,
3,128,384,128,0,0,0.006358922999424976,0.018451034999088733,True,all genetic population candidates,174,genetic_cfe,11,184249901,191249901,,1024,no_disease_to_disease,,,,
4,128,512,128,0,0,0.006150939001599909,0.024601974000688642,True,all genetic population candidates,174,genetic_cfe,11,184249901,191249901,,1024,no_disease_to_disease,,,,
5,128,640,128,0,0,0.006267392998779542,0.030869366999468184,True,all genetic population candidates,174,genetic_cfe,11,184249901,191249901,,1024,no_disease_to_disease,,,,
6,128,768,128,0,0,0.0063059100011741975,0.03717527700064238,True,all genetic population candidates,174,genetic_cfe,11,184249901,191249901,,1024,no_disease_to_disease,,,,
7,128,896,128,0,0,0.005905361998884473,0.043080638999526855,True,all genetic population candidates,174,genetic_cfe,11,184249901,191249901,,1024,no_disease_to_disease,,,,
8,128,1024,128,0,0,0.005773062999651302,0.048853701999178156,True,all genetic population candidates,174,genetic_cfe,11,184249901,191249901,,1024,no_disease_to_disease,,,,
1,1024,1024,16,0,0,0.13747710500138055,0.13747710500138055,True,final restart pool only,174,dice_gradient_style,11,184249901,191249901,,1024,no_disease_to_disease,63.0,16.0,16.0,63.0
1,1024,1024,16,0,0,0.11849749899920425,0.11849749899920425,True,final restart pool only,174,wachter_style,11,184249901,191249901,,1024,no_disease_to_disease,63.0,16.0,16.0,63.0
1,128,128,128,0,0,0.006150813998829108,0.006150813998829108,False,all independently sampled candidates,175,uniform_random,11,185249904,192249904,,1024,no_disease_to_disease,,,,
2,128,256,128,0,0,0.005650486000376986,0.011801299999206094,False,all independently sampled candidates,175,uniform_random,11,185249904,192249904,,1024,no_disease_to_disease,,,,
3,128,384,128,0,0,0.00587571200048842,0.017677011999694514,False,all independently sampled candidates,175,uniform_random,11,185249904,192249904,,1024,no_disease_to_disease,,,,
4,128,512,128,0,0,0.005780899999081157,0.02345791199877567,False,all independently sampled candidates,175,uniform_random,11,185249904,192249904,,1024,no_disease_to_disease,,,,
5,128,640,128,0,0,0.005897509001442813,0.029355421000218485,False,all independently sampled candidates,175,uniform_random,11,185249904,192249904,,1024,no_disease_to_disease,,,,
6,128,768,128,0,0,0.005885079999643494,0.03524050099986198,False,all independently sampled candidates,175,uniform_random,11,185249904,192249904,,1024,no_disease_to_disease,,,,
7,128,896,128,0,0,0.005740779999541701,0.04098128099940368,False,all independently sampled candidates,175,uniform_random,11,185249904,192249904,,1024,no_disease_to_disease,,,,
8,128,1024,128,0,0,0.006132893000540207,0.04711417399994389,False,all independently sampled candidates,175,uniform_random,11,185249904,192249904,,1024,no_disease_to_disease,,,,
1,128,128,128,0,0,0.006067387001166935,0.006067387001166935,True,all genetic population candidates,175,genetic_cfe,11,185249904,192249904,,1024,no_disease_to_disease,,,,
2,128,256,128,0,0,0.006106176999310264,0.0121735640004772,True,all genetic population candidates,175,genetic_cfe,11,185249904,192249904,,1024,no_disease_to_disease,,,,
3,128,384,128,0,0,0.005789913999251439,0.01796347799972864,True,all genetic population candidates,175,genetic_cfe,11,185249904,192249904,,1024,no_disease_to_disease,,,,
4,128,512,128,0,0,0.005765914000221528,0.023729391999950167,True,all genetic population candidates,175,genetic_cfe,11,185249904,192249904,,1024,no_disease_to_disease,,,,
5,128,640,128,0,0,0.006008677000863827,0.029738069000813994,True,all genetic population candidates,175,genetic_cfe,11,185249904,192249904,,1024,no_disease_to_disease,,,,
6,128,768,128,0,0,0.005974694000542513,0.03571276300135651,True,all genetic population candidates,175,genetic_cfe,11,185249904,192249904,,1024,no_disease_to_disease,,,,
7,128,896,128,0,0,0.005874459999176906,0.04158722300053341,True,all genetic population candidates,175,genetic_cfe,11,185249904,192249904,,1024,no_disease_to_disease,,,,
8,128,1024,128,0,0,0.005801655999675859,0.04738887900020927,True,all genetic population candidates,175,genetic_cfe,11,185249904,192249904,,1024,no_disease_to_disease,,,,
1,1024,1024,16,0,0,0.13385537099929934,0.13385537099929934,True,final restart pool only,175,dice_gradient_style,11,185249904,192249904,,1024,no_disease_to_disease,63.0,16.0,16.0,63.0
1,1024,1024,16,0,0,0.11853543199868,0.11853543199868,True,final restart pool only,175,wachter_style,11,185249904,192249904,,1024,no_disease_to_disease,63.0,16.0,16.0,63.0
1,128,128,128,0,0,0.005917256999964593,0.005917256999964593,False,all independently sampled candidates,176,uniform_random,11,186249907,193249907,,1024,no_disease_to_disease,,,,
2,128,256,128,0,0,0.005873987998711527,0.01179124499867612,False,all independently sampled candidates,176,uniform_random,11,186249907,193249907,,1024,no_disease_to_disease,,,,
3,128,384,128,0,0,0.006473159000961459,0.01826440399963758,False,all independently sampled candidates,176,uniform_random,11,186249907,193249907,,1024,no_disease_to_disease,,,,
4,128,512,128,0,0,0.005906627999138436,0.024171031998776016,False,all independently sampled candidates,176,uniform_random,11,186249907,193249907,,1024,no_disease_to_disease,,,,
5,128,640,128,0,0,0.006038016001184587,0.030209047999960603,False,all independently sampled candidates,176,uniform_random,11,186249907,193249907,,1024,no_disease_to_disease,,,,
6,128,768,128,0,0,0.005778795999503927,0.03598784399946453,False,all independently sampled candidates,176,uniform_random,11,186249907,193249907,,1024,no_disease_to_disease,,,,
7,128,896,128,0,0,0.005786566000097082,0.04177440999956161,False,all independently sampled candidates,176,uniform_random,11,186249907,193249907,,1024,no_disease_to_disease,,,,
8,128,1024,128,0,0,0.005932993999522296,0.04770740399908391,False,all independently sampled candidates,176,uniform_random,11,186249907,193249907,,1024,no_disease_to_disease,,,,
1,128,128,128,0,0,0.00587819800057332,0.00587819800057332,True,all genetic population candidates,176,genetic_cfe,11,186249907,193249907,,1024,no_disease_to_disease,,,,
2,128,256,128,0,0,0.005913506998695084,0.011791704999268404,True,all genetic population candidates,176,genetic_cfe,11,186249907,193249907,,1024,no_disease_to_disease,,,,
3,128,384,128,0,0,0.0058112540009460645,0.01760295900021447,True,all genetic population candidates,176,genetic_cfe,11,186249907,193249907,,1024,no_disease_to_disease,,,,
4,128,512,128,0,0,0.0061186570001154905,0.02372161600032996,True,all genetic population candidates,176,genetic_cfe,11,186249907,193249907,,1024,no_disease_to_disease,,,,
5,128,640,128,0,0,0.006126784999651136,0.029848400999981095,True,all genetic population candidates,176,genetic_cfe,11,186249907,193249907,,1024,no_disease_to_disease,,,,
6,128,768,128,0,0,0.006301719000475714,0.03615012000045681,True,all genetic population candidates,176,genetic_cfe,11,186249907,193249907,,1024,no_disease_to_disease,,,,
7,128,896,128,0,0,0.006098169998949743,0.04224828999940655,True,all genetic population candidates,176,genetic_cfe,11,186249907,193249907,,1024,no_disease_to_disease,,,,
8,128,1024,128,0,0,0.0060284259998297784,0.04827671599923633,True,all genetic population candidates,176,genetic_cfe,11,186249907,193249907,,1024,no_disease_to_disease,,,,
1,1024,1024,16,0,0,0.13803529200049525,0.13803529200049525,True,final restart pool only,176,dice_gradient_style,11,186249907,193249907,,1024,no_disease_to_disease,63.0,16.0,16.0,63.0
1,1024,1024,16,0,0,0.12112860700108286,0.12112860700108286,True,final restart pool only,176,wachter_style,11,186249907,193249907,,1024,no_disease_to_disease,63.0,16.0,16.0,63.0
1,128,128,128,0,0,0.00599643999885302,0.00599643999885302,False,all independently sampled candidates,177,uniform_random,11,187249910,194249910,,1024,no_disease_to_disease,,,,
2,128,256,128,0,0,0.006215567000253941,0.012212006999106961,False,all independently sampled candidates,177,uniform_random,11,187249910,194249910,,1024,no_disease_to_disease,,,,
3,128,384,128,0,0,0.0062119430003804155,0.018423949999487377,False,all independently sampled candidates,177,uniform_random,11,187249910,194249910,,1024,no_disease_to_disease,,,,
4,128,512,128,0,0,0.006227494999620831,0.024651444999108207,False,all independently sampled candidates,177,uniform_random,11,187249910,194249910,,1024,no_disease_to_disease,,,,
5,128,640,128,0,0,0.006670033000773401,0.03132147799988161,False,all independently sampled candidates,177,uniform_random,11,187249910,194249910,,1024,no_disease_to_disease,,,,
6,128,768,128,0,0,0.0062507629991159774,0.037572240998997586,False,all independently sampled candidates,177,uniform_random,11,187249910,194249910,,1024,no_disease_to_disease,,,,
7,128,896,128,0,0,0.0058188390012219315,0.04339108000021952,False,all independently sampled candidates,177,uniform_random,11,187249910,194249910,,1024,no_disease_to_disease,,,,
8,128,1024,128,0,0,0.006200619000082952,0.04959169900030247,False,all independently sampled candidates,177,uniform_random,11,187249910,194249910,,1024,no_disease_to_disease,,,,
1,128,128,128,0,0,0.006628633000218542,0.006628633000218542,True,all genetic population candidates,177,genetic_cfe,11,187249910,194249910,,1024,no_disease_to_disease,,,,
2,128,256,128,0,0,0.0058948160003637895,0.012523449000582332,True,all genetic population candidates,177,genetic_cfe,11,187249910,194249910,,1024,no_disease_to_disease,,,,
3,128,384,128,0,0,0.006504720000521047,0.01902816900110338,True,all genetic population candidates,177,genetic_cfe,11,187249910,194249910,,1024,no_disease_to_disease,,,,
4,128,512,128,0,0,0.005810278000353719,0.024838447001457098,True,all genetic population candidates,177,genetic_cfe,11,187249910,194249910,,1024,no_disease_to_disease,,,,
5,128,640,128,0,0,0.008189463998860447,0.033027911000317545,True,all genetic population candidates,177,genetic_cfe,11,187249910,194249910,,1024,no_disease_to_disease,,,,
6,128,768,128,0,0,0.005810339000163367,0.03883825000048091,True,all genetic population candidates,177,genetic_cfe,11,187249910,194249910,,1024,no_disease_to_disease,,,,
7,128,896,128,0,0,0.005836238000483718,0.04467448800096463,True,all genetic population candidates,177,genetic_cfe,11,187249910,194249910,,1024,no_disease_to_disease,,,,
8,128,1024,128,0,0,0.006327016999421176,0.051001505000385805,True,all genetic population candidates,177,genetic_cfe,11,187249910,194249910,,1024,no_disease_to_disease,,,,
1,1024,1024,16,2,1,0.1348216179994779,0.1348216179994779,True,final restart pool only,177,dice_gradient_style,11,187249910,194249910,,1024,no_disease_to_disease,63.0,16.0,16.0,63.0
1,1024,1024,16,2,1,0.12027111400129797,0.12027111400129797,True,final restart pool only,177,wachter_style,11,187249910,194249910,,1024,no_disease_to_disease,63.0,16.0,16.0,63.0
1,128,128,128,0,0,0.005660929999066866,0.005660929999066866,False,all independently sampled candidates,178,uniform_random,11,188249913,195249913,,1024,no_disease_to_disease,,,,
2,128,256,128,0,0,0.005668906000209972,0.011329835999276838,False,all independently sampled candidates,178,uniform_random,11,188249913,195249913,,1024,no_disease_to_disease,,,,
3,128,384,128,0,0,0.005983414001093479,0.017313250000370317,False,all independently sampled candidates,178,uniform_random,11,188249913,195249913,,1024,no_disease_to_disease,,,,
4,128,512,128,0,0,0.00566064600025129,0.022973896000621608,False,all independently sampled candidates,178,uniform_random,11,188249913,195249913,,1024,no_disease_to_disease,,,,
5,128,640,128,0,0,0.0059621749987854855,0.028936070999407093,False,all independently sampled candidates,178,uniform_random,11,188249913,195249913,,1024,no_disease_to_disease,,,,
6,128,768,128,0,0,0.005812375000459724,0.03474844599986682,False,all independently sampled candidates,178,uniform_random,11,188249913,195249913,,1024,no_disease_to_disease,,,,
7,128,896,128,0,0,0.0060746159997506766,0.040823061999617494,False,all independently sampled candidates,178,uniform_random,11,188249913,195249913,,1024,no_disease_to_disease,,,,
8,128,1024,128,0,0,0.005670153999744798,0.04649321599936229,False,all independently sampled candidates,178,uniform_random,11,188249913,195249913,,1024,no_disease_to_disease,,,,
1,128,128,128,0,0,0.0058091599985345965,0.0058091599985345965,True,all genetic population candidates,178,genetic_cfe,11,188249913,195249913,,1024,no_disease_to_disease,,,,
2,128,256,128,0,0,0.005761747999713407,0.011570907998248003,True,all genetic population candidates,178,genetic_cfe,11,188249913,195249913,,1024,no_disease_to_disease,,,,
3,128,384,128,0,0,0.006086509001761442,0.017657417000009445,True,all genetic population candidates,178,genetic_cfe,11,188249913,195249913,,1024,no_disease_to_disease,,,,
4,128,512,128,0,0,0.005796068999188719,0.023453485999198165,True,all genetic population candidates,178,genetic_cfe,11,188249913,195249913,,1024,no_disease_to_disease,,,,
5,128,640,128,0,0,0.0057334329994773725,0.029186918998675537,True,all genetic population candidates,178,genetic_cfe,11,188249913,195249913,,1024,no_disease_to_disease,,,,
6,128,768,128,0,0,0.006190108000737382,0.03537702699941292,True,all genetic population candidates,178,genetic_cfe,11,188249913,195249913,,1024,no_disease_to_disease,,,,
7,128,896,128,0,0,0.006016915000145673,0.04139394199955859,True,all genetic population candidates,178,genetic_cfe,11,188249913,195249913,,1024,no_disease_to_disease,,,,
8,128,1024,128,0,0,0.0060511869996844325,0.047445128999243025,True,all genetic population candidates,178,genetic_cfe,11,188249913,195249913,,1024,no_disease_to_disease,,,,
1,1024,1024,16,0,0,0.13776331299959566,0.13776331299959566,True,final restart pool only,178,dice_gradient_style,11,188249913,195249913,,1024,no_disease_to_disease,63.0,16.0,16.0,63.0
1,1024,1024,16,0,0,0.11867360599899257,0.11867360599899257,True,final restart pool only,178,wachter_style,11,188249913,195249913,,1024,no_disease_to_disease,63.0,16.0,16.0,63.0
1,128,128,128,0,0,0.006138913000540924,0.006138913000540924,False,all independently sampled candidates,179,uniform_random,11,189249916,196249916,,1024,no_disease_to_disease,,,,
2,128,256,128,0,0,0.005660711000018637,0.011799624000559561,False,all independently sampled candidates,179,uniform_random,11,189249916,196249916,,1024,no_disease_to_disease,,,,
3,128,384,128,0,0,0.005716600999221555,0.017516224999781116,False,all independently sampled candidates,179,uniform_random,11,189249916,196249916,,1024,no_disease_to_disease,,,,
4,128,512,128,0,0,0.005742908999309293,0.02325913399909041,False,all independently sampled candidates,179,uniform_random,11,189249916,196249916,,1024,no_disease_to_disease,,,,
5,128,640,128,0,0,0.005790209001133917,0.029049343000224326,False,all independently sampled candidates,179,uniform_random,11,189249916,196249916,,1024,no_disease_to_disease,,,,
6,128,768,128,0,0,0.005771305999587639,0.034820648999811965,False,all independently sampled candidates,179,uniform_random,11,189249916,196249916,,1024,no_disease_to_disease,,,,
7,128,896,128,0,0,0.00580050200005644,0.040621150999868405,False,all independently sampled candidates,179,uniform_random,11,189249916,196249916,,1024,no_disease_to_disease,,,,
8,128,1024,128,0,0,0.006118567000157782,0.04673971800002619,False,all independently sampled candidates,179,uniform_random,11,189249916,196249916,,1024,no_disease_to_disease,,,,
1,128,128,128,0,0,0.00582659599967883,0.00582659599967883,True,all genetic population candidates,179,genetic_cfe,11,189249916,196249916,,1024,no_disease_to_disease,,,,
2,128,256,128,0,0,0.0061344810001173755,0.011961076999796205,True,all genetic population candidates,179,genetic_cfe,11,189249916,196249916,,1024,no_disease_to_disease,,,,
3,128,384,128,0,0,0.005831070000567706,0.01779214700036391,True,all genetic population candidates,179,genetic_cfe,11,189249916,196249916,,1024,no_disease_to_disease,,,,
4,128,512,128,0,0,0.005855375999090029,0.02364752299945394,True,all genetic population candidates,179,genetic_cfe,11,189249916,196249916,,1024,no_disease_to_disease,,,,
5,128,640,128,0,0,0.005884011001398903,0.029531534000852844,True,all genetic population candidates,179,genetic_cfe,11,189249916,196249916,,1024,no_disease_to_disease,,,,
6,128,768,128,0,0,0.00580955299847119,0.035341086999324034,True,all genetic population candidates,179,genetic_cfe,11,189249916,196249916,,1024,no_disease_to_disease,,,,
7,128,896,128,0,0,0.006262700000661425,0.04160378699998546,True,all genetic population candidates,179,genetic_cfe,11,189249916,196249916,,1024,no_disease_to_disease,,,,
8,128,1024,128,0,0,0.005981787000564509,0.04758557400054997,True,all genetic population candidates,179,genetic_cfe,11,189249916,196249916,,1024,no_disease_to_disease,,,,
1,1024,1024,16,0,0,0.13918865300001926,0.13918865300001926,True,final restart pool only,179,dice_gradient_style,11,189249916,196249916,,1024,no_disease_to_disease,63.0,16.0,16.0,63.0
1,1024,1024,16,0,0,0.11926171699997212,0.11926171699997212,True,final restart pool only,179,wachter_style,11,189249916,196249916,,1024,no_disease_to_disease,63.0,16.0,16.0,63.0
1,128,128,128,0,0,0.005806559000120615,0.005806559000120615,False,all independently sampled candidates,180,uniform_random,11,190249919,197249919,,1024,no_disease_to_disease,,,,
2,128,256,128,0,0,0.006196464999447926,0.01200302399956854,False,all independently sampled candidates,180,uniform_random,11,190249919,197249919,,1024,no_disease_to_disease,,,,
3,128,384,128,0,0,0.005676845001289621,0.01767986900085816,False,all independently sampled candidates,180,uniform_random,11,190249919,197249919,,1024,no_disease_to_disease,,,,
4,128,512,128,0,0,0.005774272998678498,0.02345414199953666,False,all independently sampled candidates,180,uniform_random,11,190249919,197249919,,1024,no_disease_to_disease,,,,
5,128,640,128,0,0,0.005843612001626752,0.029297754001163412,False,all independently sampled candidates,180,uniform_random,11,190249919,197249919,,1024,no_disease_to_disease,,,,
6,128,768,128,0,0,0.005997251999360742,0.035295006000524154,False,all independently sampled candidates,180,uniform_random,11,190249919,197249919,,1024,no_disease_to_disease,,,,
7,128,896,128,0,0,0.006016057999659097,0.04131106400018325,False,all independently sampled candidates,180,uniform_random,11,190249919,197249919,,1024,no_disease_to_disease,,,,
8,128,1024,128,0,0,0.006132128999524866,0.04744319299970812,False,all independently sampled candidates,180,uniform_random,11,190249919,197249919,,1024,no_disease_to_disease,,,,
1,128,128,128,0,0,0.0057981200006906874,0.0057981200006906874,True,all genetic population candidates,180,genetic_cfe,11,190249919,197249919,,1024,no_disease_to_disease,,,,
2,128,256,128,0,0,0.008845488999213558,0.014643608999904245,True,all genetic population candidates,180,genetic_cfe,11,190249919,197249919,,1024,no_disease_to_disease,,,,
3,128,384,128,0,0,0.006515539000247372,0.021159148000151617,True,all genetic population candidates,180,genetic_cfe,11,190249919,197249919,,1024,no_disease_to_disease,,,,
4,128,512,128,0,0,0.005969009998807451,0.027128157998959068,True,all genetic population candidates,180,genetic_cfe,11,190249919,197249919,,1024,no_disease_to_disease,,,,
5,128,640,128,0,0,0.006374500000674743,0.03350265799963381,True,all genetic population candidates,180,genetic_cfe,11,190249919,197249919,,1024,no_disease_to_disease,,,,
6,128,768,128,0,0,0.006201108000823297,0.03970376600045711,True,all genetic population candidates,180,genetic_cfe,11,190249919,197249919,,1024,no_disease_to_disease,,,,
7,128,896,128,0,0,0.006127019998530159,0.04583078599898727,True,all genetic population candidates,180,genetic_cfe,11,190249919,197249919,,1024,no_disease_to_disease,,,,
8,128,1024,128,0,0,0.00591769500169903,0.0517484810006863,True,all genetic population candidates,180,genetic_cfe,11,190249919,197249919,,1024,no_disease_to_disease,,,,
1,1024,1024,16,0,0,0.13544971000010264,0.13544971000010264,True,final restart pool only,180,dice_gradient_style,11,190249919,197249919,,1024,no_disease_to_disease,63.0,16.0,16.0,63.0
1,1024,1024,16,0,0,0.12053273799938324,0.12053273799938324,True,final restart pool only,180,wachter_style,11,190249919,197249919,,1024,no_disease_to_disease,63.0,16.0,16.0,63.0
1,128,128,128,0,0,0.005798180000056163,0.005798180000056163,False,all independently sampled candidates,181,uniform_random,11,191249922,198249922,,1024,no_disease_to_disease,,,,
2,128,256,128,0,0,0.005980674000966246,0.01177885400102241,False,all independently sampled candidates,181,uniform_random,11,191249922,198249922,,1024,no_disease_to_disease,,,,
3,128,384,128,0,0,0.005891082999369246,0.017669937000391656,False,all independently sampled candidates,181,uniform_random,11,191249922,198249922,,1024,no_disease_to_disease,,,,
4,128,512,128,0,0,0.005727435000153491,0.023397372000545147,False,all independently sampled candidates,181,uniform_random,11,191249922,198249922,,1024,no_disease_to_disease,,,,
5,128,640,128,0,0,0.005878816999029368,0.029276188999574515,False,all independently sampled candidates,181,uniform_random,11,191249922,198249922,,1024,no_disease_to_disease,,,,
6,128,768,128,0,0,0.005845889001648175,0.03512207800122269,False,all independently sampled candidates,181,uniform_random,11,191249922,198249922,,1024,no_disease_to_disease,,,,
7,128,896,128,0,0,0.00585430799947062,0.04097638600069331,False,all independently sampled candidates,181,uniform_random,11,191249922,198249922,,1024,no_disease_to_disease,,,,
8,128,1024,128,0,0,0.005650303999573225,0.046626690000266535,False,all independently sampled candidates,181,uniform_random,11,191249922,198249922,,1024,no_disease_to_disease,,,,
1,128,128,128,0,0,0.005969619000097737,0.005969619000097737,True,all genetic population candidates,181,genetic_cfe,11,191249922,198249922,,1024,no_disease_to_disease,,,,
2,128,256,128,0,0,0.005759489000411122,0.011729108000508859,True,all genetic population candidates,181,genetic_cfe,11,191249922,198249922,,1024,no_disease_to_disease,,,,
3,128,384,128,0,0,0.006320073000097182,0.01804918100060604,True,all genetic population candidates,181,genetic_cfe,11,191249922,198249922,,1024,no_disease_to_disease,,,,
4,128,512,128,0,0,0.005771065998487757,0.023820246999093797,True,all genetic population candidates,181,genetic_cfe,11,191249922,198249922,,1024,no_disease_to_disease,,,,
5,128,640,128,0,0,0.005852101001437404,0.0296723480005312,True,all genetic population candidates,181,genetic_cfe,11,191249922,198249922,,1024,no_disease_to_disease,,,,
6,128,768,128,0,0,0.005790117000287864,0.035462465000819066,True,all genetic population candidates,181,genetic_cfe,11,191249922,198249922,,1024,no_disease_to_disease,,,,
7,128,896,128,0,0,0.0059725049995904556,0.04143497000040952,True,all genetic population candidates,181,genetic_cfe,11,191249922,198249922,,1024,no_disease_to_disease,,,,
8,128,1024,128,0,0,0.005966280999928131,0.04740125100033765,True,all genetic population candidates,181,genetic_cfe,11,191249922,198249922,,1024,no_disease_to_disease,,,,
1,1024,1024,16,0,0,0.13287795600081154,0.13287795600081154,True,final restart pool only,181,dice_gradient_style,11,191249922,198249922,,1024,no_disease_to_disease,63.0,16.0,16.0,63.0
1,1024,1024,16,0,0,0.12222926300091785,0.12222926300091785,True,final restart pool only,181,wachter_style,11,191249922,198249922,,1024,no_disease_to_disease,63.0,16.0,16.0,63.0
1,128,128,128,0,0,0.005899997000597068,0.005899997000597068,False,all independently sampled candidates,182,uniform_random,11,192249925,199249925,,1024,no_disease_to_disease,,,,
2,128,256,128,0,0,0.005949959999270504,0.011849956999867572,False,all independently sampled candidates,182,uniform_random,11,192249925,199249925,,1024,no_disease_to_disease,,,,
3,128,384,128,0,0,0.005650448001688346,0.01750040500155592,False,all independently sampled candidates,182,uniform_random,11,192249925,199249925,,1024,no_disease_to_disease,,,,
4,128,512,128,0,0,0.005916943999181967,0.023417349000737886,False,all independently sampled candidates,182,uniform_random,11,192249925,199249925,,1024,no_disease_to_disease,,,,
5,128,640,128,0,0,0.005735163000281318,0.029152512001019204,False,all independently sampled candidates,182,uniform_random,11,192249925,199249925,,1024,no_disease_to_disease,,,,
6,128,768,128,0,0,0.005791051999040064,0.03494356400005927,False,all independently sampled candidates,182,uniform_random,11,192249925,199249925,,1024,no_disease_to_disease,,,,
7,128,896,128,0,0,0.0058158650008408586,0.04075942900090013,False,all independently sampled candidates,182,uniform_random,11,192249925,199249925,,1024,no_disease_to_disease,,,,
8,128,1024,128,0,0,0.0058690599998953985,0.046628489000795525,False,all independently sampled candidates,182,uniform_random,11,192249925,199249925,,1024,no_disease_to_disease,,,,
1,128,128,128,0,0,0.005796617000669357,0.005796617000669357,True,all genetic population candidates,182,genetic_cfe,11,192249925,199249925,,1024,no_disease_to_disease,,,,
2,128,256,128,0,0,0.005935774999670684,0.011732392000340042,True,all genetic population candidates,182,genetic_cfe,11,192249925,199249925,,1024,no_disease_to_disease,,,,
3,128,384,128,0,0,0.005909741999857943,0.017642134000197984,True,all genetic population candidates,182,genetic_cfe,11,192249925,199249925,,1024,no_disease_to_disease,,,,
4,128,512,128,0,0,0.005887966000955203,0.023530100001153187,True,all genetic population candidates,182,genetic_cfe,11,192249925,199249925,,1024,no_disease_to_disease,,,,
5,128,640,128,0,0,0.005778770999313565,0.029308871000466752,True,all genetic population candidates,182,genetic_cfe,11,192249925,199249925,,1024,no_disease_to_disease,,,,
6,128,768,128,0,0,0.005800733000796754,0.035109604001263506,True,all genetic population candidates,182,genetic_cfe,11,192249925,199249925,,1024,no_disease_to_disease,,,,
7,128,896,128,0,0,0.005799468999612145,0.04090907300087565,True,all genetic population candidates,182,genetic_cfe,11,192249925,199249925,,1024,no_disease_to_disease,,,,
8,128,1024,128,0,0,0.00611960599962913,0.04702867900050478,True,all genetic population candidates,182,genetic_cfe,11,192249925,199249925,,1024,no_disease_to_disease,,,,
1,1024,1024,16,0,0,0.12941766799849574,0.12941766799849574,True,final restart pool only,182,dice_gradient_style,11,192249925,199249925,,1024,no_disease_to_disease,63.0,16.0,16.0,63.0
1,1024,1024,16,0,0,0.10980468700108759,0.10980468700108759,True,final restart pool only,182,wachter_style,11,192249925,199249925,,1024,no_disease_to_disease,63.0,16.0,16.0,63.0
1,128,128,128,0,0,0.005668888001309824,0.005668888001309824,False,all independently sampled candidates,183,uniform_random,11,193249928,200249928,,1024,no_disease_to_disease,,,,
2,128,256,128,0,0,0.005746550999901956,0.01141543900121178,False,all independently sampled candidates,183,uniform_random,11,193249928,200249928,,1024,no_disease_to_disease,,,,
3,128,384,128,0,0,0.0057201099989470094,0.01713554900015879,False,all independently sampled candidates,183,uniform_random,11,193249928,200249928,,1024,no_disease_to_disease,,,,
4,128,512,128,0,0,0.0059058919996459736,0.023041440999804763,False,all independently sampled candidates,183,uniform_random,11,193249928,200249928,,1024,no_disease_to_disease,,,,
5,128,640,128,0,0,0.005823688999953447,0.02886512999975821,False,all independently sampled candidates,183,uniform_random,11,193249928,200249928,,1024,no_disease_to_disease,,,,
6,128,768,128,0,0,0.005654148000758141,0.03451927800051635,False,all independently sampled candidates,183,uniform_random,11,193249928,200249928,,1024,no_disease_to_disease,,,,
7,128,896,128,0,0,0.0056825650008249795,0.04020184300134133,False,all independently sampled candidates,183,uniform_random,11,193249928,200249928,,1024,no_disease_to_disease,,,,
8,128,1024,128,0,0,0.0055854329984867945,0.045787275999828125,False,all independently sampled candidates,183,uniform_random,11,193249928,200249928,,1024,no_disease_to_disease,,,,
1,128,128,128,0,0,0.0059304679998604115,0.0059304679998604115,True,all genetic population candidates,183,genetic_cfe,11,193249928,200249928,,1024,no_disease_to_disease,,,,
2,128,256,128,0,0,0.005866761999641312,0.011797229999501724,True,all genetic population candidates,183,genetic_cfe,11,193249928,200249928,,1024,no_disease_to_disease,,,,
3,128,384,128,0,0,0.006013313000948983,0.017810543000450707,True,all genetic population candidates,183,genetic_cfe,11,193249928,200249928,,1024,no_disease_to_disease,,,,
4,128,512,128,0,0,0.005707611999241635,0.023518154999692342,True,all genetic population candidates,183,genetic_cfe,11,193249928,200249928,,1024,no_disease_to_disease,,,,
5,128,640,128,0,0,0.005807760000607232,0.029325915000299574,True,all genetic population candidates,183,genetic_cfe,11,193249928,200249928,,1024,no_disease_to_disease,,,,
6,128,768,128,0,0,0.0057285709990537725,0.035054485999353346,True,all genetic population candidates,183,genetic_cfe,11,193249928,200249928,,1024,no_disease_to_disease,,,,
7,128,896,128,0,0,0.0057536220010661054,0.04080810800041945,True,all genetic population candidates,183,genetic_cfe,11,193249928,200249928,,1024,no_disease_to_disease,,,,
8,128,1024,128,0,0,0.005698744000255829,0.04650685200067528,True,all genetic population candidates,183,genetic_cfe,11,193249928,200249928,,1024,no_disease_to_disease,,,,
1,1024,1024,16,0,0,0.12723462299982202,0.12723462299982202,True,final restart pool only,183,dice_gradient_style,11,193249928,200249928,,1024,no_disease_to_disease,63.0,16.0,16.0,63.0
1,1024,1024,16,0,0,0.10842659000081767,0.10842659000081767,True,final restart pool only,183,wachter_style,11,193249928,200249928,,1024,no_disease_to_disease,63.0,16.0,16.0,63.0
1,128,128,128,0,0,0.005815892000100575,0.005815892000100575,False,all independently sampled candidates,184,uniform_random,11,194249931,201249931,,1024,no_disease_to_disease,,,,
2,128,256,128,0,0,0.005542699000216089,0.011358591000316665,False,all independently sampled candidates,184,uniform_random,11,194249931,201249931,,1024,no_disease_to_disease,,,,
3,128,384,128,0,0,0.005736627001169836,0.0170952180014865,False,all independently sampled candidates,184,uniform_random,11,194249931,201249931,,1024,no_disease_to_disease,,,,
4,128,512,128,0,0,0.0062599519987998065,0.023355170000286307,False,all independently sampled candidates,184,uniform_random,11,194249931,201249931,,1024,no_disease_to_disease,,,,
5,128,640,128,0,0,0.005806043000120553,0.02916121300040686,False,all independently sampled candidates,184,uniform_random,11,194249931,201249931,,1024,no_disease_to_disease,,,,
6,128,768,128,0,0,0.005897152999750688,0.03505836600015755,False,all independently sampled candidates,184,uniform_random,11,194249931,201249931,,1024,no_disease_to_disease,,,,
7,128,896,128,0,0,0.005647762000080547,0.040706128000238095,False,all independently sampled candidates,184,uniform_random,11,194249931,201249931,,1024,no_disease_to_disease,,,,
8,128,1024,128,0,0,0.005586908000623225,0.04629303600086132,False,all independently sampled candidates,184,uniform_random,11,194249931,201249931,,1024,no_disease_to_disease,,,,
1,128,128,128,0,0,0.005886268001631834,0.005886268001631834,True,all genetic population candidates,184,genetic_cfe,11,194249931,201249931,,1024,no_disease_to_disease,,,,
2,128,256,128,0,0,0.005693064998922637,0.01157933300055447,True,all genetic population candidates,184,genetic_cfe,11,194249931,201249931,,1024,no_disease_to_disease,,,,
3,128,384,128,0,0,0.005941305000305874,0.017520638000860345,True,all genetic population candidates,184,genetic_cfe,11,194249931,201249931,,1024,no_disease_to_disease,,,,
4,128,512,128,0,0,0.0056796299995767185,0.023200268000437063,True,all genetic population candidates,184,genetic_cfe,11,194249931,201249931,,1024,no_disease_to_disease,,,,
5,128,640,128,0,0,0.005694550000043819,0.028894818000480882,True,all genetic population candidates,184,genetic_cfe,11,194249931,201249931,,1024,no_disease_to_disease,,,,
6,128,768,128,0,0,0.005841616000907379,0.03473643400138826,True,all genetic population candidates,184,genetic_cfe,11,194249931,201249931,,1024,no_disease_to_disease,,,,
7,128,896,128,0,0,0.00572133199966629,0.04045776600105455,True,all genetic population candidates,184,genetic_cfe,11,194249931,201249931,,1024,no_disease_to_disease,,,,
8,128,1024,128,0,0,0.005838635999680264,0.046296402000734815,True,all genetic population candidates,184,genetic_cfe,11,194249931,201249931,,1024,no_disease_to_disease,,,,
1,1024,1024,16,0,0,0.1318672500001412,0.1318672500001412,True,final restart pool only,184,dice_gradient_style,11,194249931,201249931,,1024,no_disease_to_disease,63.0,16.0,16.0,63.0
1,1024,1024,16,0,0,0.11921107399939501,0.11921107399939501,True,final restart pool only,184,wachter_style,11,194249931,201249931,,1024,no_disease_to_disease,63.0,16.0,16.0,63.0
1,128,128,128,0,0,0.006449487000281806,0.006449487000281806,False,all independently sampled candidates,185,uniform_random,11,195249934,202249934,,1024,no_disease_to_disease,,,,
2,128,256,128,0,0,0.006180575001053512,0.012630062001335318,False,all independently sampled candidates,185,uniform_random,11,195249934,202249934,,1024,no_disease_to_disease,,,,
3,128,384,128,0,0,0.006204651999723865,0.018834714001059183,False,all independently sampled candidates,185,uniform_random,11,195249934,202249934,,1024,no_disease_to_disease,,,,
4,128,512,128,0,0,0.006171680999614182,0.025006395000673365,False,all independently sampled candidates,185,uniform_random,11,195249934,202249934,,1024,no_disease_to_disease,,,,
5,128,640,128,0,0,0.00634091800020542,0.031347313000878785,False,all independently sampled candidates,185,uniform_random,11,195249934,202249934,,1024,no_disease_to_disease,,,,
6,128,768,128,0,0,0.006667632000244339,0.038014945001123124,False,all independently sampled candidates,185,uniform_random,11,195249934,202249934,,1024,no_disease_to_disease,,,,
7,128,896,128,0,0,0.0061929349994898075,0.04420788000061293,False,all independently sampled candidates,185,uniform_random,11,195249934,202249934,,1024,no_disease_to_disease,,,,
8,128,1024,128,0,0,0.006550096000864869,0.0507579760014778,False,all independently sampled candidates,185,uniform_random,11,195249934,202249934,,1024,no_disease_to_disease,,,,
1,128,128,128,0,0,0.006403297000360908,0.006403297000360908,True,all genetic population candidates,185,genetic_cfe,11,195249934,202249934,,1024,no_disease_to_disease,,,,
2,128,256,128,0,0,0.006039154999598395,0.012442451999959303,True,all genetic population candidates,185,genetic_cfe,11,195249934,202249934,,1024,no_disease_to_disease,,,,
3,128,384,128,0,0,0.006358878999890294,0.018801330999849597,True,all genetic population candidates,185,genetic_cfe,11,195249934,202249934,,1024,no_disease_to_disease,,,,
4,128,512,128,0,0,0.0065058830005000345,0.02530721400034963,True,all genetic population candidates,185,genetic_cfe,11,195249934,202249934,,1024,no_disease_to_disease,,,,
5,128,640,128,0,0,0.006082461999540101,0.03138967599988973,True,all genetic population candidates,185,genetic_cfe,11,195249934,202249934,,1024,no_disease_to_disease,,,,
6,128,768,128,0,0,0.005879091000679182,0.037268767000568914,True,all genetic population candidates,185,genetic_cfe,11,195249934,202249934,,1024,no_disease_to_disease,,,,
7,128,896,128,0,0,0.006088025998906232,0.04335679299947515,True,all genetic population candidates,185,genetic_cfe,11,195249934,202249934,,1024,no_disease_to_disease,,,,
8,128,1024,128,0,0,0.006227757001397549,0.049584550000872696,True,all genetic population candidates,185,genetic_cfe,11,195249934,202249934,,1024,no_disease_to_disease,,,,
1,1024,1024,16,0,0,0.13030482199974358,0.13030482199974358,True,final restart pool only,185,dice_gradient_style,11,195249934,202249934,,1024,no_disease_to_disease,63.0,16.0,16.0,63.0
1,1024,1024,16,0,0,0.111172365001039,0.111172365001039,True,final restart pool only,185,wachter_style,11,195249934,202249934,,1024,no_disease_to_disease,63.0,16.0,16.0,63.0
1,128,128,128,0,0,0.005841403999511385,0.005841403999511385,False,all independently sampled candidates,186,uniform_random,11,196249937,203249937,,1024,no_disease_to_disease,,,,
2,128,256,128,0,0,0.00594657500005269,0.011787978999564075,False,all independently sampled candidates,186,uniform_random,11,196249937,203249937,,1024,no_disease_to_disease,,,,
3,128,384,128,0,0,0.00570416500158899,0.017492144001153065,False,all independently sampled candidates,186,uniform_random,11,196249937,203249937,,1024,no_disease_to_disease,,,,
4,128,512,128,0,0,0.006063885999537888,0.023556030000690953,False,all independently sampled candidates,186,uniform_random,11,196249937,203249937,,1024,no_disease_to_disease,,,,
5,128,640,128,0,0,0.00592481800049427,0.029480848001185223,False,all independently sampled candidates,186,uniform_random,11,196249937,203249937,,1024,no_disease_to_disease,,,,
6,128,768,128,0,0,0.006276810998315341,0.03575765899950056,False,all independently sampled candidates,186,uniform_random,11,196249937,203249937,,1024,no_disease_to_disease,,,,
7,128,896,128,0,0,0.005869366001206799,0.04162702500070736,False,all independently sampled candidates,186,uniform_random,11,196249937,203249937,,1024,no_disease_to_disease,,,,
8,128,1024,128,0,0,0.005736085999160423,0.047363110999867786,False,all independently sampled candidates,186,uniform_random,11,196249937,203249937,,1024,no_disease_to_disease,,,,
1,128,128,128,0,0,0.005851990001247032,0.005851990001247032,True,all genetic population candidates,186,genetic_cfe,11,196249937,203249937,,1024,no_disease_to_disease,,,,
2,128,256,128,0,0,0.006032781999238068,0.0118847720004851,True,all genetic population candidates,186,genetic_cfe,11,196249937,203249937,,1024,no_disease_to_disease,,,,
3,128,384,128,0,0,0.0066444690000935225,0.018529241000578622,True,all genetic population candidates,186,genetic_cfe,11,196249937,203249937,,1024,no_disease_to_disease,,,,
4,128,512,128,0,0,0.006278454000494094,0.024807695001072716,True,all genetic population candidates,186,genetic_cfe,11,196249937,203249937,,1024,no_disease_to_disease,,,,
5,128,640,128,0,0,0.006071965999581153,0.03087966100065387,True,all genetic population candidates,186,genetic_cfe,11,196249937,203249937,,1024,no_disease_to_disease,,,,
6,128,768,128,0,0,0.005812466000861605,0.03669212700151547,True,all genetic population candidates,186,genetic_cfe,11,196249937,203249937,,1024,no_disease_to_disease,,,,
7,128,896,128,0,0,0.005955376998826978,0.04264750400034245,True,all genetic population candidates,186,genetic_cfe,11,196249937,203249937,,1024,no_disease_to_disease,,,,
8,128,1024,128,0,0,0.005767978000221774,0.048415482000564225,True,all genetic population candidates,186,genetic_cfe,11,196249937,203249937,,1024,no_disease_to_disease,,,,
1,1024,1024,16,0,0,0.1270672820010077,0.1270672820010077,True,final restart pool only,186,dice_gradient_style,11,196249937,203249937,,1024,no_disease_to_disease,63.0,16.0,16.0,63.0
1,1024,1024,16,0,0,0.10769328999958816,0.10769328999958816,True,final restart pool only,186,wachter_style,11,196249937,203249937,,1024,no_disease_to_disease,63.0,16.0,16.0,63.0
1,128,128,128,0,0,0.005714513999919291,0.005714513999919291,False,all independently sampled candidates,187,uniform_random,11,197249940,204249940,,1024,no_disease_to_disease,,,,
2,128,256,128,0,0,0.005637128999296692,0.011351642999215983,False,all independently sampled candidates,187,uniform_random,11,197249940,204249940,,1024,no_disease_to_disease,,,,
3,128,384,128,0,0,0.005584402000749833,0.016936044999965816,False,all independently sampled candidates,187,uniform_random,11,197249940,204249940,,1024,no_disease_to_disease,,,,
4,128,512,128,0,0,0.005655708999256603,0.02259175399922242,False,all independently sampled candidates,187,uniform_random,11,197249940,204249940,,1024,no_disease_to_disease,,,,
5,128,640,128,0,0,0.005582444999163272,0.02817419899838569,False,all independently sampled candidates,187,uniform_random,11,197249940,204249940,,1024,no_disease_to_disease,,,,
6,128,768,128,0,0,0.005596086000878131,0.03377028499926382,False,all independently sampled candidates,187,uniform_random,11,197249940,204249940,,1024,no_disease_to_disease,,,,
7,128,896,128,0,0,0.005573189000642742,0.039343473999906564,False,all independently sampled candidates,187,uniform_random,11,197249940,204249940,,1024,no_disease_to_disease,,,,
8,128,1024,128,0,0,0.005650823999530985,0.04499429799943755,False,all independently sampled candidates,187,uniform_random,11,197249940,204249940,,1024,no_disease_to_disease,,,,
1,128,128,128,0,0,0.005816961000164156,0.005816961000164156,True,all genetic population candidates,187,genetic_cfe,11,197249940,204249940,,1024,no_disease_to_disease,,,,
2,128,256,128,0,0,0.005674334999639541,0.011491295999803697,True,all genetic population candidates,187,genetic_cfe,11,197249940,204249940,,1024,no_disease_to_disease,,,,
3,128,384,128,0,0,0.005717557000025408,0.017208852999829105,True,all genetic population candidates,187,genetic_cfe,11,197249940,204249940,,1024,no_disease_to_disease,,,,
4,128,512,128,0,0,0.005706723999537644,0.02291557699936675,True,all genetic population candidates,187,genetic_cfe,11,197249940,204249940,,1024,no_disease_to_disease,,,,
5,128,640,128,0,0,0.005816274999233428,0.028731851998600177,True,all genetic population candidates,187,genetic_cfe,11,197249940,204249940,,1024,no_disease_to_disease,,,,
6,128,768,128,0,0,0.005718968001019675,0.03445081999961985,True,all genetic population candidates,187,genetic_cfe,11,197249940,204249940,,1024,no_disease_to_disease,,,,
7,128,896,128,0,0,0.005752032999225776,0.04020285299884563,True,all genetic population candidates,187,genetic_cfe,11,197249940,204249940,,1024,no_disease_to_disease,,,,
8,128,1024,128,0,0,0.005843967999680899,0.04604682099852653,True,all genetic population candidates,187,genetic_cfe,11,197249940,204249940,,1024,no_disease_to_disease,,,,
1,1024,1024,16,0,0,0.13551958700008981,0.13551958700008981,True,final restart pool only,187,dice_gradient_style,11,197249940,204249940,,1024,no_disease_to_disease,63.0,16.0,16.0,63.0
1,1024,1024,16,0,0,0.11143029499908153,0.11143029499908153,True,final restart pool only,187,wachter_style,11,197249940,204249940,,1024,no_disease_to_disease,63.0,16.0,16.0,63.0
1,128,128,128,0,0,0.00584892100050638,0.00584892100050638,False,all independently sampled candidates,188,uniform_random,11,198249943,205249943,,1024,no_disease_to_disease,,,,
2,128,256,128,0,0,0.005784402999779559,0.011633324000285938,False,all independently sampled candidates,188,uniform_random,11,198249943,205249943,,1024,no_disease_to_disease,,,,
3,128,384,128,0,0,0.00767514400104119,0.019308468001327128,False,all independently sampled candidates,188,uniform_random,11,198249943,205249943,,1024,no_disease_to_disease,,,,
4,128,512,128,0,0,0.005893259998629219,0.025201727999956347,False,all independently sampled candidates,188,uniform_random,11,198249943,205249943,,1024,no_disease_to_disease,,,,
5,128,640,128,0,0,0.005900940001083654,0.03110266800104,False,all independently sampled candidates,188,uniform_random,11,198249943,205249943,,1024,no_disease_to_disease,,,,
6,128,768,128,0,0,0.006010940998748993,0.037113608999788994,False,all independently sampled candidates,188,uniform_random,11,198249943,205249943,,1024,no_disease_to_disease,,,,
7,128,896,128,0,0,0.005739936001191381,0.042853545000980375,False,all independently sampled candidates,188,uniform_random,11,198249943,205249943,,1024,no_disease_to_disease,,,,
8,128,1024,128,0,0,0.005714582999644335,0.04856812800062471,False,all independently sampled candidates,188,uniform_random,11,198249943,205249943,,1024,no_disease_to_disease,,,,
1,128,128,128,0,0,0.006208619999597431,0.006208619999597431,True,all genetic population candidates,188,genetic_cfe,11,198249943,205249943,,1024,no_disease_to_disease,,,,
2,128,256,128,0,0,0.005739594000260695,0.011948213999858126,True,all genetic population candidates,188,genetic_cfe,11,198249943,205249943,,1024,no_disease_to_disease,,,,
3,128,384,128,0,0,0.006210622999788029,0.018158836999646155,True,all genetic population candidates,188,genetic_cfe,11,198249943,205249943,,1024,no_disease_to_disease,,,,
4,128,512,128,0,0,0.006016231000103289,0.024175067999749444,True,all genetic population candidates,188,genetic_cfe,11,198249943,205249943,,1024,no_disease_to_disease,,,,
5,128,640,128,0,0,0.006207030999576091,0.030382098999325535,True,all genetic population candidates,188,genetic_cfe,11,198249943,205249943,,1024,no_disease_to_disease,,,,
6,128,768,128,0,0,0.00589899600163335,0.036281095000958885,True,all genetic population candidates,188,genetic_cfe,11,198249943,205249943,,1024,no_disease_to_disease,,,,
7,128,896,128,0,0,0.0057519609999872046,0.04203305600094609,True,all genetic population candidates,188,genetic_cfe,11,198249943,205249943,,1024,no_disease_to_disease,,,,
8,128,1024,128,0,0,0.006304074999206932,0.04833713100015302,True,all genetic population candidates,188,genetic_cfe,11,198249943,205249943,,1024,no_disease_to_disease,,,,
1,1024,1024,16,0,0,0.12961075400016853,0.12961075400016853,True,final restart pool only,188,dice_gradient_style,11,198249943,205249943,,1024,no_disease_to_disease,63.0,16.0,16.0,63.0
1,1024,1024,16,0,0,0.11547651700129791,0.11547651700129791,True,final restart pool only,188,wachter_style,11,198249943,205249943,,1024,no_disease_to_disease,63.0,16.0,16.0,63.0
1,128,128,128,0,0,0.0056307899994862964,0.0056307899994862964,False,all independently sampled candidates,189,uniform_random,11,199249946,206249946,,1024,no_disease_to_disease,,,,
2,128,256,128,0,0,0.006038972000169451,0.011669761999655748,False,all independently sampled candidates,189,uniform_random,11,199249946,206249946,,1024,no_disease_to_disease,,,,
3,128,384,128,0,0,0.006346157999360003,0.01801591999901575,False,all independently sampled candidates,189,uniform_random,11,199249946,206249946,,1024,no_disease_to_disease,,,,
4,128,512,128,0,0,0.006311679000646109,0.02432759899966186,False,all independently sampled candidates,189,uniform_random,11,199249946,206249946,,1024,no_disease_to_disease,,,,
5,128,640,128,0,0,0.005948709000222152,0.03027630799988401,False,all independently sampled candidates,189,uniform_random,11,199249946,206249946,,1024,no_disease_to_disease,,,,
6,128,768,128,0,0,0.00640934799957904,0.03668565599946305,False,all independently sampled candidates,189,uniform_random,11,199249946,206249946,,1024,no_disease_to_disease,,,,
7,128,896,128,0,0,0.006746144999851822,0.043431800999314873,False,all independently sampled candidates,189,uniform_random,11,199249946,206249946,,1024,no_disease_to_disease,,,,
8,128,1024,128,0,0,0.005927508000240778,0.04935930899955565,False,all independently sampled candidates,189,uniform_random,11,199249946,206249946,,1024,no_disease_to_disease,,,,
1,128,128,128,0,0,0.0057506119992467575,0.0057506119992467575,True,all genetic population candidates,189,genetic_cfe,11,199249946,206249946,,1024,no_disease_to_disease,,,,
2,128,256,128,0,0,0.006361843999911798,0.012112455999158556,True,all genetic population candidates,189,genetic_cfe,11,199249946,206249946,,1024,no_disease_to_disease,,,,
3,128,384,128,0,0,0.0060869690005347366,0.018199424999693292,True,all genetic population candidates,189,genetic_cfe,11,199249946,206249946,,1024,no_disease_to_disease,,,,
4,128,512,128,0,0,0.005866552000952652,0.024065977000645944,True,all genetic population candidates,189,genetic_cfe,11,199249946,206249946,,1024,no_disease_to_disease,,,,
5,128,640,128,0,0,0.0057869669999490725,0.029852944000595016,True,all genetic population candidates,189,genetic_cfe,11,199249946,206249946,,1024,no_disease_to_disease,,,,
6,128,768,128,0,0,0.005835438998474274,0.03568838299906929,True,all genetic population candidates,189,genetic_cfe,11,199249946,206249946,,1024,no_disease_to_disease,,,,
7,128,896,128,0,0,0.005728667001676513,0.0414170500007458,True,all genetic population candidates,189,genetic_cfe,11,199249946,206249946,,1024,no_disease_to_disease,,,,
8,128,1024,128,0,0,0.0058495399989624275,0.04726658999970823,True,all genetic population candidates,189,genetic_cfe,11,199249946,206249946,,1024,no_disease_to_disease,,,,
1,1024,1024,16,0,0,0.15790649699920323,0.15790649699920323,True,final restart pool only,189,dice_gradient_style,11,199249946,206249946,,1024,no_disease_to_disease,63.0,16.0,16.0,63.0
1,1024,1024,16,0,0,0.11185862099955557,0.11185862099955557,True,final restart pool only,189,wachter_style,11,199249946,206249946,,1024,no_disease_to_disease,63.0,16.0,16.0,63.0
1,128,128,128,0,0,0.005883252000785433,0.005883252000785433,False,all independently sampled candidates,190,uniform_random,11,200249949,207249949,,1024,no_disease_to_disease,,,,
2,128,256,128,0,0,0.0060451249992183875,0.01192837700000382,False,all independently sampled candidates,190,uniform_random,11,200249949,207249949,,1024,no_disease_to_disease,,,,
3,128,384,128,0,0,0.005843949000336579,0.0177723260003404,False,all independently sampled candidates,190,uniform_random,11,200249949,207249949,,1024,no_disease_to_disease,,,,
4,128,512,128,0,0,0.005686618000254384,0.023458944000594784,False,all independently sampled candidates,190,uniform_random,11,200249949,207249949,,1024,no_disease_to_disease,,,,
5,128,640,128,0,0,0.005779127999630873,0.029238072000225657,False,all independently sampled candidates,190,uniform_random,11,200249949,207249949,,1024,no_disease_to_disease,,,,
6,128,768,128,0,0,0.0064178990014625015,0.03565597100168816,False,all independently sampled candidates,190,uniform_random,11,200249949,207249949,,1024,no_disease_to_disease,,,,
7,128,896,128,0,0,0.005828392999319476,0.041484364001007634,False,all independently sampled candidates,190,uniform_random,11,200249949,207249949,,1024,no_disease_to_disease,,,,
8,128,1024,128,0,0,0.0058158159990853164,0.04730018000009295,False,all independently sampled candidates,190,uniform_random,11,200249949,207249949,,1024,no_disease_to_disease,,,,
1,128,128,128,0,0,0.005682868999429047,0.005682868999429047,True,all genetic population candidates,190,genetic_cfe,11,200249949,207249949,,1024,no_disease_to_disease,,,,
2,128,256,128,0,0,0.00617504399997415,0.011857912999403197,True,all genetic population candidates,190,genetic_cfe,11,200249949,207249949,,1024,no_disease_to_disease,,,,
3,128,384,128,0,0,0.0072274340000149095,0.019085346999418107,True,all genetic population candidates,190,genetic_cfe,11,200249949,207249949,,1024,no_disease_to_disease,,,,
4,128,512,128,0,0,0.005762245000369148,0.024847591999787255,True,all genetic population candidates,190,genetic_cfe,11,200249949,207249949,,1024,no_disease_to_disease,,,,
5,128,640,128,0,0,0.00607377800042741,0.030921370000214665,True,all genetic population candidates,190,genetic_cfe,11,200249949,207249949,,1024,no_disease_to_disease,,,,
6,128,768,128,0,0,0.0061664730001211865,0.03708784300033585,True,all genetic population candidates,190,genetic_cfe,11,200249949,207249949,,1024,no_disease_to_disease,,,,
7,128,896,128,0,0,0.006115217000115081,0.04320306000045093,True,all genetic population candidates,190,genetic_cfe,11,200249949,207249949,,1024,no_disease_to_disease,,,,
8,128,1024,128,0,0,0.006603154999538674,0.049806214999989606,True,all genetic population candidates,190,genetic_cfe,11,200249949,207249949,,1024,no_disease_to_disease,,,,
1,1024,1024,16,0,0,0.1328613679997943,0.1328613679997943,True,final restart pool only,190,dice_gradient_style,11,200249949,207249949,,1024,no_disease_to_disease,63.0,16.0,16.0,63.0
1,1024,1024,16,0,0,0.11970239600123023,0.11970239600123023,True,final restart pool only,190,wachter_style,11,200249949,207249949,,1024,no_disease_to_disease,63.0,16.0,16.0,63.0
1,128,128,128,0,0,0.006072678999771597,0.006072678999771597,False,all independently sampled candidates,191,uniform_random,11,201249952,208249952,,1024,no_disease_to_disease,,,,
2,128,256,128,0,0,0.006152087000373285,0.012224766000144882,False,all independently sampled candidates,191,uniform_random,11,201249952,208249952,,1024,no_disease_to_disease,,,,
3,128,384,128,0,0,0.00699000500026159,0.019214771000406472,False,all independently sampled candidates,191,uniform_random,11,201249952,208249952,,1024,no_disease_to_disease,,,,
4,128,512,128,0,0,0.006211800000528456,0.025426571000934928,False,all independently sampled candidates,191,uniform_random,11,201249952,208249952,,1024,no_disease_to_disease,,,,
5,128,640,128,0,0,0.006087398998715798,0.031513969999650726,False,all independently sampled candidates,191,uniform_random,11,201249952,208249952,,1024,no_disease_to_disease,,,,
6,128,768,128,0,0,0.00562327199986612,0.037137241999516846,False,all independently sampled candidates,191,uniform_random,11,201249952,208249952,,1024,no_disease_to_disease,,,,
7,128,896,128,0,0,0.005749298999944585,0.04288654099946143,False,all independently sampled candidates,191,uniform_random,11,201249952,208249952,,1024,no_disease_to_disease,,,,
8,128,1024,128,0,0,0.00567830900035915,0.04856484999982058,False,all independently sampled candidates,191,uniform_random,11,201249952,208249952,,1024,no_disease_to_disease,,,,
1,128,128,128,0,0,0.005953372001386015,0.005953372001386015,True,all genetic population candidates,191,genetic_cfe,11,201249952,208249952,,1024,no_disease_to_disease,,,,
2,128,256,128,0,0,0.005989168999803951,0.011942541001189966,True,all genetic population candidates,191,genetic_cfe,11,201249952,208249952,,1024,no_disease_to_disease,,,,
3,128,384,128,0,0,0.0062600059991382295,0.018202547000328195,True,all genetic population candidates,191,genetic_cfe,11,201249952,208249952,,1024,no_disease_to_disease,,,,
4,128,512,128,0,0,0.005765148000136833,0.023967695000465028,True,all genetic population candidates,191,genetic_cfe,11,201249952,208249952,,1024,no_disease_to_disease,,,,
5,128,640,128,0,0,0.005802932000733563,0.02977062700119859,True,all genetic population candidates,191,genetic_cfe,11,201249952,208249952,,1024,no_disease_to_disease,,,,
6,128,768,128,0,0,0.005777784999736468,0.03554841200093506,True,all genetic population candidates,191,genetic_cfe,11,201249952,208249952,,1024,no_disease_to_disease,,,,
7,128,896,128,0,0,0.005787448999399203,0.04133586100033426,True,all genetic population candidates,191,genetic_cfe,11,201249952,208249952,,1024,no_disease_to_disease,,,,
8,128,1024,128,0,0,0.0057673290011734935,0.047103190001507755,True,all genetic population candidates,191,genetic_cfe,11,201249952,208249952,,1024,no_disease_to_disease,,,,
1,1024,1024,16,0,0,0.13342437299979792,0.13342437299979792,True,final restart pool only,191,dice_gradient_style,11,201249952,208249952,,1024,no_disease_to_disease,63.0,16.0,16.0,63.0
1,1024,1024,16,0,0,0.11911432399938349,0.11911432399938349,True,final restart pool only,191,wachter_style,11,201249952,208249952,,1024,no_disease_to_disease,63.0,16.0,16.0,63.0
1,128,128,128,0,0,0.006234279000636889,0.006234279000636889,False,all independently sampled candidates,192,uniform_random,11,202249955,209249955,,1024,no_disease_to_disease,,,,
2,128,256,128,0,0,0.005712868000046001,0.01194714700068289,False,all independently sampled candidates,192,uniform_random,11,202249955,209249955,,1024,no_disease_to_disease,,,,
3,128,384,128,0,0,0.0059600039985525655,0.017907150999235455,False,all independently sampled candidates,192,uniform_random,11,202249955,209249955,,1024,no_disease_to_disease,,,,
4,128,512,128,0,0,0.005673629000739311,0.023580779999974766,False,all independently sampled candidates,192,uniform_random,11,202249955,209249955,,1024,no_disease_to_disease,,,,
5,128,640,128,0,0,0.005707034999431926,0.02928781499940669,False,all independently sampled candidates,192,uniform_random,11,202249955,209249955,,1024,no_disease_to_disease,,,,
6,128,768,128,0,0,0.006191373000547173,0.035479187999953865,False,all independently sampled candidates,192,uniform_random,11,202249955,209249955,,1024,no_disease_to_disease,,,,
7,128,896,128,0,0,0.006033887999365106,0.04151307599931897,False,all independently sampled candidates,192,uniform_random,11,202249955,209249955,,1024,no_disease_to_disease,,,,
8,128,1024,128,0,0,0.006089057000281173,0.047602132999600144,False,all independently sampled candidates,192,uniform_random,11,202249955,209249955,,1024,no_disease_to_disease,,,,
1,128,128,128,0,0,0.005895584999962011,0.005895584999962011,True,all genetic population candidates,192,genetic_cfe,11,202249955,209249955,,1024,no_disease_to_disease,,,,
2,128,256,128,0,0,0.006002892998367315,0.011898477998329327,True,all genetic population candidates,192,genetic_cfe,11,202249955,209249955,,1024,no_disease_to_disease,,,,
3,128,384,128,0,0,0.005945337999946787,0.017843815998276114,True,all genetic population candidates,192,genetic_cfe,11,202249955,209249955,,1024,no_disease_to_disease,,,,
4,128,512,128,0,0,0.005831638000017847,0.02367545399829396,True,all genetic population candidates,192,genetic_cfe,11,202249955,209249955,,1024,no_disease_to_disease,,,,
5,128,640,128,0,0,0.00585636899995734,0.0295318229982513,True,all genetic population candidates,192,genetic_cfe,11,202249955,209249955,,1024,no_disease_to_disease,,,,
6,128,768,128,0,0,0.006632564000028651,0.03616438699827995,True,all genetic population candidates,192,genetic_cfe,11,202249955,209249955,,1024,no_disease_to_disease,,,,
7,128,896,128,0,0,0.006005406001349911,0.04216979299962986,True,all genetic population candidates,192,genetic_cfe,11,202249955,209249955,,1024,no_disease_to_disease,,,,
8,128,1024,128,0,0,0.006171384999106522,0.048341177998736384,True,all genetic population candidates,192,genetic_cfe,11,202249955,209249955,,1024,no_disease_to_disease,,,,
1,1024,1024,16,0,0,0.13934949200120172,0.13934949200120172,True,final restart pool only,192,dice_gradient_style,11,202249955,209249955,,1024,no_disease_to_disease,63.0,16.0,16.0,63.0
1,1024,1024,16,0,0,0.11370518799958518,0.11370518799958518,True,final restart pool only,192,wachter_style,11,202249955,209249955,,1024,no_disease_to_disease,63.0,16.0,16.0,63.0
1,128,128,128,0,0,0.006139810000604484,0.006139810000604484,False,all independently sampled candidates,193,uniform_random,11,203249958,210249958,,1024,no_disease_to_disease,,,,
2,128,256,128,0,0,0.00603858000067703,0.012178390001281514,False,all independently sampled candidates,193,uniform_random,11,203249958,210249958,,1024,no_disease_to_disease,,,,
3,128,384,128,0,0,0.006058682000002591,0.018237072001284105,False,all independently sampled candidates,193,uniform_random,11,203249958,210249958,,1024,no_disease_to_disease,,,,
4,128,512,128,0,0,0.0060731519988621585,0.024310224000146263,False,all independently sampled candidates,193,uniform_random,11,203249958,210249958,,1024,no_disease_to_disease,,,,
5,128,640,128,0,0,0.006161959001474315,0.03047218300162058,False,all independently sampled candidates,193,uniform_random,11,203249958,210249958,,1024,no_disease_to_disease,,,,
6,128,768,128,0,0,0.00621294199845579,0.03668512500007637,False,all independently sampled candidates,193,uniform_random,11,203249958,210249958,,1024,no_disease_to_disease,,,,
7,128,896,128,0,0,0.006670814000244718,0.043355939000321086,False,all independently sampled candidates,193,uniform_random,11,203249958,210249958,,1024,no_disease_to_disease,,,,
8,128,1024,128,0,0,0.005961143000604352,0.04931708200092544,False,all independently sampled candidates,193,uniform_random,11,203249958,210249958,,1024,no_disease_to_disease,,,,
1,128,128,128,0,0,0.005722450001485413,0.005722450001485413,True,all genetic population candidates,193,genetic_cfe,11,203249958,210249958,,1024,no_disease_to_disease,,,,
2,128,256,128,0,0,0.0074466829992161365,0.01316913300070155,True,all genetic population candidates,193,genetic_cfe,11,203249958,210249958,,1024,no_disease_to_disease,,,,
3,128,384,128,0,0,0.007170801000029314,0.020339934000730864,True,all genetic population candidates,193,genetic_cfe,11,203249958,210249958,,1024,no_disease_to_disease,,,,
4,128,512,128,0,0,0.00604258299972571,0.026382517000456573,True,all genetic population candidates,193,genetic_cfe,11,203249958,210249958,,1024,no_disease_to_disease,,,,
5,128,640,128,0,0,0.005904988000111189,0.03228750500056776,True,all genetic population candidates,193,genetic_cfe,11,203249958,210249958,,1024,no_disease_to_disease,,,,
6,128,768,128,0,0,0.005817265000587213,0.038104770001154975,True,all genetic population candidates,193,genetic_cfe,11,203249958,210249958,,1024,no_disease_to_disease,,,,
7,128,896,128,0,0,0.005923577000430669,0.044028347001585644,True,all genetic population candidates,193,genetic_cfe,11,203249958,210249958,,1024,no_disease_to_disease,,,,
8,128,1024,128,0,0,0.0057816109983832575,0.0498099579999689,True,all genetic population candidates,193,genetic_cfe,11,203249958,210249958,,1024,no_disease_to_disease,,,,
1,1024,1024,16,0,0,0.13108971300061967,0.13108971300061967,True,final restart pool only,193,dice_gradient_style,11,203249958,210249958,,1024,no_disease_to_disease,63.0,16.0,16.0,63.0
1,1024,1024,16,0,0,0.11232603200005542,0.11232603200005542,True,final restart pool only,193,wachter_style,11,203249958,210249958,,1024,no_disease_to_disease,63.0,16.0,16.0,63.0
1,128,128,128,0,0,0.005776793999757501,0.005776793999757501,False,all independently sampled candidates,194,uniform_random,11,204249961,211249961,,1024,no_disease_to_disease,,,,
2,128,256,128,0,0,0.00565524000012374,0.011432033999881241,False,all independently sampled candidates,194,uniform_random,11,204249961,211249961,,1024,no_disease_to_disease,,,,
3,128,384,128,0,0,0.0056504229996789945,0.017082456999560236,False,all independently sampled candidates,194,uniform_random,11,204249961,211249961,,1024,no_disease_to_disease,,,,
4,128,512,128,0,0,0.005643415999657009,0.022725872999217245,False,all independently sampled candidates,194,uniform_random,11,204249961,211249961,,1024,no_disease_to_disease,,,,
5,128,640,128,0,0,0.0058136179995926796,0.028539490998809924,False,all independently sampled candidates,194,uniform_random,11,204249961,211249961,,1024,no_disease_to_disease,,,,
6,128,768,128,0,0,0.00562874000024749,0.034168230999057414,False,all independently sampled candidates,194,uniform_random,11,204249961,211249961,,1024,no_disease_to_disease,,,,
7,128,896,128,0,0,0.005951060000370489,0.0401192909994279,False,all independently sampled candidates,194,uniform_random,11,204249961,211249961,,1024,no_disease_to_disease,,,,
8,128,1024,128,0,0,0.005652359999658074,0.04577165099908598,False,all independently sampled candidates,194,uniform_random,11,204249961,211249961,,1024,no_disease_to_disease,,,,
1,128,128,128,0,0,0.005653211001117597,0.005653211001117597,True,all genetic population candidates,194,genetic_cfe,11,204249961,211249961,,1024,no_disease_to_disease,,,,
2,128,256,128,0,0,0.005823011999382288,0.011476223000499886,True,all genetic population candidates,194,genetic_cfe,11,204249961,211249961,,1024,no_disease_to_disease,,,,
3,128,384,128,0,0,0.005774998999186209,0.017251221999686095,True,all genetic population candidates,194,genetic_cfe,11,204249961,211249961,,1024,no_disease_to_disease,,,,
4,128,512,128,0,0,0.00581106100071338,0.023062283000399475,True,all genetic population candidates,194,genetic_cfe,11,204249961,211249961,,1024,no_disease_to_disease,,,,
5,128,640,128,0,0,0.005824648000270827,0.0288869310006703,True,all genetic population candidates,194,genetic_cfe,11,204249961,211249961,,1024,no_disease_to_disease,,,,
6,128,768,128,0,0,0.005885278000278049,0.03477220900094835,True,all genetic population candidates,194,genetic_cfe,11,204249961,211249961,,1024,no_disease_to_disease,,,,
7,128,896,128,0,0,0.005972434999421239,0.04074464400036959,True,all genetic population candidates,194,genetic_cfe,11,204249961,211249961,,1024,no_disease_to_disease,,,,
8,128,1024,128,0,0,0.006052259001080529,0.04679690300145012,True,all genetic population candidates,194,genetic_cfe,11,204249961,211249961,,1024,no_disease_to_disease,,,,
1,1024,1024,16,0,0,0.1289214059997903,0.1289214059997903,True,final restart pool only,194,dice_gradient_style,11,204249961,211249961,,1024,no_disease_to_disease,63.0,16.0,16.0,63.0
1,1024,1024,16,0,0,0.11099104700042517,0.11099104700042517,True,final restart pool only,194,wachter_style,11,204249961,211249961,,1024,no_disease_to_disease,63.0,16.0,16.0,63.0
1,128,128,128,0,0,0.005733721000069636,0.005733721000069636,False,all independently sampled candidates,195,uniform_random,11,205249964,212249964,,1024,no_disease_to_disease,,,,
2,128,256,128,0,0,0.005789389999335981,0.011523110999405617,False,all independently sampled candidates,195,uniform_random,11,205249964,212249964,,1024,no_disease_to_disease,,,,
3,128,384,128,0,0,0.0058788019996427465,0.017401912999048363,False,all independently sampled candidates,195,uniform_random,11,205249964,212249964,,1024,no_disease_to_disease,,,,
4,128,512,128,0,0,0.005914654000662267,0.02331656699971063,False,all independently sampled candidates,195,uniform_random,11,205249964,212249964,,1024,no_disease_to_disease,,,,
5,128,640,128,0,0,0.006132626000180608,0.02944919299989124,False,all independently sampled candidates,195,uniform_random,11,205249964,212249964,,1024,no_disease_to_disease,,,,
6,128,768,128,0,0,0.005829853000250296,0.035279046000141534,False,all independently sampled candidates,195,uniform_random,11,205249964,212249964,,1024,no_disease_to_disease,,,,
7,128,896,128,0,0,0.005990498999381089,0.04126954499952262,False,all independently sampled candidates,195,uniform_random,11,205249964,212249964,,1024,no_disease_to_disease,,,,
8,128,1024,128,0,0,0.005968968000161112,0.047238512999683735,False,all independently sampled candidates,195,uniform_random,11,205249964,212249964,,1024,no_disease_to_disease,,,,
1,128,128,128,0,0,0.005756684000516543,0.005756684000516543,True,all genetic population candidates,195,genetic_cfe,11,205249964,212249964,,1024,no_disease_to_disease,,,,
2,128,256,128,0,0,0.00588286399943172,0.011639547999948263,True,all genetic population candidates,195,genetic_cfe,11,205249964,212249964,,1024,no_disease_to_disease,,,,
3,128,384,128,0,0,0.00603209600012633,0.017671644000074593,True,all genetic population candidates,195,genetic_cfe,11,205249964,212249964,,1024,no_disease_to_disease,,,,
4,128,512,128,0,0,0.005760087000453495,0.02343173100052809,True,all genetic population candidates,195,genetic_cfe,11,205249964,212249964,,1024,no_disease_to_disease,,,,
5,128,640,128,0,0,0.005861137999090715,0.029292868999618804,True,all genetic population candidates,195,genetic_cfe,11,205249964,212249964,,1024,no_disease_to_disease,,,,
6,128,768,128,0,0,0.007090425000569667,0.03638329400018847,True,all genetic population candidates,195,genetic_cfe,11,205249964,212249964,,1024,no_disease_to_disease,,,,
7,128,896,128,0,0,0.005920367999351583,0.042303661999540054,True,all genetic population candidates,195,genetic_cfe,11,205249964,212249964,,1024,no_disease_to_disease,,,,
8,128,1024,128,0,0,0.0059630470004776726,0.04826670900001773,True,all genetic population candidates,195,genetic_cfe,11,205249964,212249964,,1024,no_disease_to_disease,,,,
1,1024,1024,16,0,0,0.12895512800059805,0.12895512800059805,True,final restart pool only,195,dice_gradient_style,11,205249964,212249964,,1024,no_disease_to_disease,63.0,16.0,16.0,63.0
1,1024,1024,16,0,0,0.11408439799924963,0.11408439799924963,True,final restart pool only,195,wachter_style,11,205249964,212249964,,1024,no_disease_to_disease,63.0,16.0,16.0,63.0
1,128,128,128,0,0,0.006327482999040512,0.006327482999040512,False,all independently sampled candidates,196,uniform_random,11,206249967,213249967,,1024,no_disease_to_disease,,,,
2,128,256,128,0,0,0.006357543001286103,0.012685026000326616,False,all independently sampled candidates,196,uniform_random,11,206249967,213249967,,1024,no_disease_to_disease,,,,
3,128,384,128,0,0,0.006242506999114994,0.01892753299944161,False,all independently sampled candidates,196,uniform_random,11,206249967,213249967,,1024,no_disease_to_disease,,,,
4,128,512,128,0,0,0.005776513000455452,0.024704045999897062,False,all independently sampled candidates,196,uniform_random,11,206249967,213249967,,1024,no_disease_to_disease,,,,
5,128,640,128,0,0,0.005635285000607837,0.0303393310005049,False,all independently sampled candidates,196,uniform_random,11,206249967,213249967,,1024,no_disease_to_disease,,,,
6,128,768,128,0,0,0.005648981999911484,0.03598831300041638,False,all independently sampled candidates,196,uniform_random,11,206249967,213249967,,1024,no_disease_to_disease,,,,
7,128,896,128,0,0,0.005730860999392462,0.041719173999808845,False,all independently sampled candidates,196,uniform_random,11,206249967,213249967,,1024,no_disease_to_disease,,,,
8,128,1024,128,0,0,0.005615510999632534,0.04733468499944138,False,all independently sampled candidates,196,uniform_random,11,206249967,213249967,,1024,no_disease_to_disease,,,,
1,128,128,128,0,0,0.006779518000257667,0.006779518000257667,True,all genetic population candidates,196,genetic_cfe,11,206249967,213249967,,1024,no_disease_to_disease,,,,
2,128,256,128,0,0,0.006286501999056782,0.013066019999314449,True,all genetic population candidates,196,genetic_cfe,11,206249967,213249967,,1024,no_disease_to_disease,,,,
3,128,384,128,0,0,0.006181351000122959,0.019247370999437408,True,all genetic population candidates,196,genetic_cfe,11,206249967,213249967,,1024,no_disease_to_disease,,,,
4,128,512,128,0,0,0.005938169999353704,0.02518554099879111,True,all genetic population candidates,196,genetic_cfe,11,206249967,213249967,,1024,no_disease_to_disease,,,,
5,128,640,128,0,0,0.005778247001217096,0.030963788000008208,True,all genetic population candidates,196,genetic_cfe,11,206249967,213249967,,1024,no_disease_to_disease,,,,
6,128,768,128,0,0,0.0057506519988237415,0.03671443999883195,True,all genetic population candidates,196,genetic_cfe,11,206249967,213249967,,1024,no_disease_to_disease,,,,
7,128,896,128,0,0,0.005910937001317507,0.042625377000149456,True,all genetic population candidates,196,genetic_cfe,11,206249967,213249967,,1024,no_disease_to_disease,,,,
8,128,1024,128,0,0,0.005754149999120273,0.04837952699926973,True,all genetic population candidates,196,genetic_cfe,11,206249967,213249967,,1024,no_disease_to_disease,,,,
1,1024,1024,16,1,1,0.12902760299948568,0.12902760299948568,True,final restart pool only,196,dice_gradient_style,11,206249967,213249967,,1024,no_disease_to_disease,63.0,16.0,16.0,63.0
1,1024,1024,16,1,1,0.11132566300148028,0.11132566300148028,True,final restart pool only,196,wachter_style,11,206249967,213249967,,1024,no_disease_to_disease,63.0,16.0,16.0,63.0
1,128,128,128,0,0,0.005999793000228237,0.005999793000228237,False,all independently sampled candidates,197,uniform_random,11,207249970,214249970,,1024,no_disease_to_disease,,,,
2,128,256,128,0,0,0.005643631000566529,0.011643424000794766,False,all independently sampled candidates,197,uniform_random,11,207249970,214249970,,1024,no_disease_to_disease,,,,
3,128,384,128,0,0,0.005642803000228014,0.01728622700102278,False,all independently sampled candidates,197,uniform_random,11,207249970,214249970,,1024,no_disease_to_disease,,,,
4,128,512,128,0,0,0.005649846998494468,0.022936073999517248,False,all independently sampled candidates,197,uniform_random,11,207249970,214249970,,1024,no_disease_to_disease,,,,
5,128,640,128,0,0,0.00563324900031148,0.028569322999828728,False,all independently sampled candidates,197,uniform_random,11,207249970,214249970,,1024,no_disease_to_disease,,,,
6,128,768,128,0,0,0.006376174000251922,0.03494549700008065,False,all independently sampled candidates,197,uniform_random,11,207249970,214249970,,1024,no_disease_to_disease,,,,
7,128,896,128,0,0,0.005689970999810612,0.04063546799989126,False,all independently sampled candidates,197,uniform_random,11,207249970,214249970,,1024,no_disease_to_disease,,,,
8,128,1024,128,0,0,0.005644613000185927,0.04628008100007719,False,all independently sampled candidates,197,uniform_random,11,207249970,214249970,,1024,no_disease_to_disease,,,,
1,128,128,128,0,0,0.0057011179997061845,0.0057011179997061845,True,all genetic population candidates,197,genetic_cfe,11,207249970,214249970,,1024,no_disease_to_disease,,,,
2,128,256,128,0,0,0.0057559070010029245,0.011457025000709109,True,all genetic population candidates,197,genetic_cfe,11,207249970,214249970,,1024,no_disease_to_disease,,,,
3,128,384,128,0,0,0.005755999000029988,0.017213024000739097,True,all genetic population candidates,197,genetic_cfe,11,207249970,214249970,,1024,no_disease_to_disease,,,,
4,128,512,128,0,0,0.005994160999762244,0.02320718500050134,True,all genetic population candidates,197,genetic_cfe,11,207249970,214249970,,1024,no_disease_to_disease,,,,
5,128,640,128,0,0,0.0058171860000584275,0.029024371000559768,True,all genetic population candidates,197,genetic_cfe,11,207249970,214249970,,1024,no_disease_to_disease,,,,
6,128,768,128,0,0,0.005969534999167081,0.03499390599972685,True,all genetic population candidates,197,genetic_cfe,11,207249970,214249970,,1024,no_disease_to_disease,,,,
7,128,896,128,0,0,0.00616054900092422,0.04115445500065107,True,all genetic population candidates,197,genetic_cfe,11,207249970,214249970,,1024,no_disease_to_disease,,,,
8,128,1024,128,0,0,0.005830631000208086,0.046985086000859155,True,all genetic population candidates,197,genetic_cfe,11,207249970,214249970,,1024,no_disease_to_disease,,,,
1,1024,1024,16,0,0,0.12928791000013007,0.12928791000013007,True,final restart pool only,197,dice_gradient_style,11,207249970,214249970,,1024,no_disease_to_disease,63.0,16.0,16.0,63.0
1,1024,1024,16,0,0,0.1098301359998004,0.1098301359998004,True,final restart pool only,197,wachter_style,11,207249970,214249970,,1024,no_disease_to_disease,63.0,16.0,16.0,63.0
1,128,128,128,0,0,0.0056708989995968295,0.0056708989995968295,False,all independently sampled candidates,198,uniform_random,11,208249973,215249973,,1024,no_disease_to_disease,,,,
2,128,256,128,0,0,0.005714742999771261,0.01138564199936809,False,all independently sampled candidates,198,uniform_random,11,208249973,215249973,,1024,no_disease_to_disease,,,,
3,128,384,128,0,0,0.005659759000991471,0.01704540100035956,False,all independently sampled candidates,198,uniform_random,11,208249973,215249973,,1024,no_disease_to_disease,,,,
4,128,512,128,0,0,0.0056585069996799575,0.02270390800003952,False,all independently sampled candidates,198,uniform_random,11,208249973,215249973,,1024,no_disease_to_disease,,,,
5,128,640,128,0,0,0.005791212999611162,0.02849512099965068,False,all independently sampled candidates,198,uniform_random,11,208249973,215249973,,1024,no_disease_to_disease,,,,
6,128,768,128,0,0,0.005741528999351431,0.03423664999900211,False,all independently sampled candidates,198,uniform_random,11,208249973,215249973,,1024,no_disease_to_disease,,,,
7,128,896,128,0,0,0.005704393000996788,0.0399410429999989,False,all independently sampled candidates,198,uniform_random,11,208249973,215249973,,1024,no_disease_to_disease,,,,
8,128,1024,128,0,0,0.005716749999919557,0.045657792999918456,False,all independently sampled candidates,198,uniform_random,11,208249973,215249973,,1024,no_disease_to_disease,,,,
1,128,128,128,0,0,0.0057850000011967495,0.0057850000011967495,True,all genetic population candidates,198,genetic_cfe,11,208249973,215249973,,1024,no_disease_to_disease,,,,
2,128,256,128,0,0,0.006111108999903081,0.01189610900109983,True,all genetic population candidates,198,genetic_cfe,11,208249973,215249973,,1024,no_disease_to_disease,,,,
3,128,384,128,0,0,0.006148472999484511,0.01804458200058434,True,all genetic population candidates,198,genetic_cfe,11,208249973,215249973,,1024,no_disease_to_disease,,,,
4,128,512,128,0,0,0.006095200000345358,0.0241397820009297,True,all genetic population candidates,198,genetic_cfe,11,208249973,215249973,,1024,no_disease_to_disease,,,,
5,128,640,128,0,0,0.005806299999676412,0.02994608200060611,True,all genetic population candidates,198,genetic_cfe,11,208249973,215249973,,1024,no_disease_to_disease,,,,
6,128,768,128,0,0,0.005785809998997138,0.03573189199960325,True,all genetic population candidates,198,genetic_cfe,11,208249973,215249973,,1024,no_disease_to_disease,,,,
7,128,896,128,0,0,0.005764236000686651,0.0414961280002899,True,all genetic population candidates,198,genetic_cfe,11,208249973,215249973,,1024,no_disease_to_disease,,,,
8,128,1024,128,0,0,0.005776665999292163,0.04727279399958206,True,all genetic population candidates,198,genetic_cfe,11,208249973,215249973,,1024,no_disease_to_disease,,,,
1,1024,1024,16,0,0,0.1313986980003392,0.1313986980003392,True,final restart pool only,198,dice_gradient_style,11,208249973,215249973,,1024,no_disease_to_disease,63.0,16.0,16.0,63.0
1,1024,1024,16,0,0,0.1192743560004601,0.1192743560004601,True,final restart pool only,198,wachter_style,11,208249973,215249973,,1024,no_disease_to_disease,63.0,16.0,16.0,63.0
1,128,128,128,0,0,0.0059047290014859755,0.0059047290014859755,False,all independently sampled candidates,199,uniform_random,11,209249976,216249976,,1024,no_disease_to_disease,,,,
2,128,256,128,0,0,0.005676283999491716,0.011581013000977691,False,all independently sampled candidates,199,uniform_random,11,209249976,216249976,,1024,no_disease_to_disease,,,,
3,128,384,128,0,0,0.00563879800029099,0.01721981100126868,False,all independently sampled candidates,199,uniform_random,11,209249976,216249976,,1024,no_disease_to_disease,,,,
4,128,512,128,0,0,0.0056869119998737006,0.02290672300114238,False,all independently sampled candidates,199,uniform_random,11,209249976,216249976,,1024,no_disease_to_disease,,,,
5,128,640,128,0,0,0.005623818999083596,0.028530542000225978,False,all independently sampled candidates,199,uniform_random,11,209249976,216249976,,1024,no_disease_to_disease,,,,
6,128,768,128,0,0,0.005665139000484487,0.034195681000710465,False,all independently sampled candidates,199,uniform_random,11,209249976,216249976,,1024,no_disease_to_disease,,,,
7,128,896,128,0,0,0.00570002799940994,0.039895709000120405,False,all independently sampled candidates,199,uniform_random,11,209249976,216249976,,1024,no_disease_to_disease,,,,
8,128,1024,128,0,0,0.005632340000374825,0.04552804900049523,False,all independently sampled candidates,199,uniform_random,11,209249976,216249976,,1024,no_disease_to_disease,,,,
1,128,128,128,0,0,0.005790103999970597,0.005790103999970597,True,all genetic population candidates,199,genetic_cfe,11,209249976,216249976,,1024,no_disease_to_disease,,,,
2,128,256,128,0,0,0.005881959999896935,0.011672063999867532,True,all genetic population candidates,199,genetic_cfe,11,209249976,216249976,,1024,no_disease_to_disease,,,,
3,128,384,128,0,0,0.005730219998440589,0.01740228399830812,True,all genetic population candidates,199,genetic_cfe,11,209249976,216249976,,1024,no_disease_to_disease,,,,
4,128,512,128,0,0,0.005776869000328588,0.02317915299863671,True,all genetic population candidates,199,genetic_cfe,11,209249976,216249976,,1024,no_disease_to_disease,,,,
5,128,640,128,0,0,0.005757615999755217,0.028936768998391926,True,all genetic population candidates,199,genetic_cfe,11,209249976,216249976,,1024,no_disease_to_disease,,,,
6,128,768,128,0,0,0.005755721000241465,0.03469248999863339,True,all genetic population candidates,199,genetic_cfe,11,209249976,216249976,,1024,no_disease_to_disease,,,,
7,128,896,128,0,0,0.005748004999986733,0.040440494998620125,True,all genetic population candidates,199,genetic_cfe,11,209249976,216249976,,1024,no_disease_to_disease,,,,
8,128,1024,128,0,0,0.006067969001378515,0.04650846399999864,True,all genetic population candidates,199,genetic_cfe,11,209249976,216249976,,1024,no_disease_to_disease,,,,
1,1024,1024,16,0,0,0.13580507500046224,0.13580507500046224,True,final restart pool only,199,dice_gradient_style,11,209249976,216249976,,1024,no_disease_to_disease,63.0,16.0,16.0,63.0
1,1024,1024,16,0,0,0.11776532600015344,0.11776532600015344,True,final restart pool only,199,wachter_style,11,209249976,216249976,,1024,no_disease_to_disease,63.0,16.0,16.0,63.0
