method,method_label,candidate_budget,direction,n_factuals,valid_cfe_yield_at_k_mean,valid_cfe_yield_at_k_std,valid_cfe_yield_at_k_median,valid_cfe_yield_at_k_q25,valid_cfe_yield_at_k_q75,coverage_at_1_mean,coverage_at_1_std,coverage_at_1_median,coverage_at_1_q25,coverage_at_1_q75,full_k_success_mean,full_k_success_std,full_k_success_median,full_k_success_q25,full_k_success_q75,robust_completeness_at_k_mean,robust_completeness_at_k_std,robust_completeness_at_k_median,robust_completeness_at_k_q25,robust_completeness_at_k_q75,robust_full_k_success_mean,robust_full_k_success_std,robust_full_k_success_median,robust_full_k_success_q25,robust_full_k_success_q75,proximity_mean,proximity_std,proximity_median,proximity_q25,proximity_q75,sparsity_mean,sparsity_std,sparsity_median,sparsity_q25,sparsity_q75,group_sparsity_mean,group_sparsity_std,group_sparsity_median,group_sparsity_q25,group_sparsity_q75,diversity_mean,diversity_std,diversity_median,diversity_q25,diversity_q75,plausibility_mean,plausibility_std,plausibility_median,plausibility_q25,plausibility_q75,plausibility_distance_mean,plausibility_distance_std,plausibility_distance_median,plausibility_distance_q25,plausibility_distance_q75,plausibility_inlier_rate_mean,plausibility_inlier_rate_std,plausibility_inlier_rate_median,plausibility_inlier_rate_q25,plausibility_inlier_rate_q75,target_data_support_mean,target_data_support_std,target_data_support_median,target_data_support_q25,target_data_support_q75,local_surrogate_fidelity_mean,local_surrogate_fidelity_std,local_surrogate_fidelity_median,local_surrogate_fidelity_q25,local_surrogate_fidelity_q75,fidelity_mean,fidelity_std,fidelity_median,fidelity_q25,fidelity_q75,changed_set_dice_mean,changed_set_dice_std,changed_set_dice_median,changed_set_dice_q25,changed_set_dice_q75,constraint_validity_mean,constraint_validity_std,constraint_validity_median,constraint_validity_q25,constraint_validity_q75,mean_target_logit_margin_mean,mean_target_logit_margin_std,mean_target_logit_margin_median,mean_target_logit_margin_q25,mean_target_logit_margin_q75,generation_time_to_k_or_cap_seconds_mean,generation_time_to_k_or_cap_seconds_std,generation_time_to_k_or_cap_seconds_median,generation_time_to_k_or_cap_seconds_q25,generation_time_to_k_or_cap_seconds_q75,candidate_evaluations_mean,candidate_evaluations_std,candidate_evaluations_median,candidate_evaluations_q25,candidate_evaluations_q75,rounds_used_mean,rounds_used_std,rounds_used_median,rounds_used_q25,rounds_used_q75
countergan_one_shot,CounterGAN one-shot,128,disease_to_no_disease,100.0,0.105,0.08572330399888278,0.1,0.1,0.1,0.83,0.377525168068637,1.0,1.0,1.0,0.0,0.0,0.0,0.0,0.0,0.105,0.08572330399888278,0.1,0.1,0.1,0.0,0.0,0.0,0.0,0.0,0.17160289846809515,0.04816080059355888,0.17752039432525635,0.1414274200797081,0.20721053332090378,0.3452699687639447,0.1618386973015554,0.33333333333333337,0.2222222222222222,0.4444444444444444,0.3452699687639447,0.1618386973015554,0.33333333333333337,0.2222222222222222,0.4444444444444444,0.005573242812989706,0.015247359109127487,0.0,0.0,0.0,0.3898774229172533,0.09065309441884156,0.39323565744209305,0.3223237724706933,0.46130074147700295,0.3898774229172533,0.09065309441884156,0.39323565744209305,0.3223237724706933,0.46130074147700295,0.17771084337349397,0.37759290667817136,0.0,0.0,0.0,0.91144578313253,0.12105363183639581,1.0,0.8,1.0,0.9496104074417329,0.061024352000349454,0.9615384615384616,0.9230769230769231,1.0,0.9496104074417329,0.061024352000349454,0.9615384615384616,0.9230769230769231,1.0,0.9967862822664383,0.010525458092237068,1.0,1.0,1.0,1.0,0.0,1.0,1.0,1.0,1.2141950274088296,0.6940406969634482,1.0657718181610107,0.6756308674812317,1.5446378588676453,0.00940863961006471,0.0012491498865601271,0.009654524500547268,0.009265456000321137,0.010055404999775419,128.0,0.0,128.0,128.0,128.0,1.0,0.0,1.0,1.0,1.0
countergan_one_shot,CounterGAN one-shot,128,no_disease_to_disease,100.0,0.20800000000000005,0.18405093717432558,0.2,0.0,0.4,0.7,0.4605661864718381,1.0,0.0,1.0,0.0,0.0,0.0,0.0,0.0,0.20500000000000004,0.18443196988361746,0.2,0.0,0.4,0.0,0.0,0.0,0.0,0.0,0.13921042292245797,0.03519854467159421,0.14234142005443573,0.11567886173725128,0.1587957926094532,0.386130007558579,0.1303681381572764,0.3888888888888889,0.2777777777777778,0.47916666666666663,0.386130007558579,0.1303681381572764,0.3888888888888889,0.2777777777777778,0.47916666666666663,0.04325141901416438,0.021254596064909145,0.047518787905573845,0.0427408367395401,0.05968260858207941,0.38493917275569806,0.08564258125864019,0.37883471639892885,0.3322083977576806,0.42633495028251744,0.38493917275569806,0.08564258125864019,0.37883471639892885,0.3322083977576806,0.42633495028251744,0.4171768707482993,0.4373359784379417,0.30952380952380953,0.0,1.0,0.18368027210884355,0.12440428680777653,0.2,0.1,0.29166666666666663,0.9386278472485369,0.05528973281592174,0.9615384615384616,0.8908045977011494,1.0,0.9386278472485369,0.05528973281592174,0.9615384615384616,0.8908045977011494,1.0,0.9959822007279993,0.00876813202204397,1.0,0.9964533730158731,1.0,1.0,0.0,1.0,1.0,1.0,0.582861286082438,0.398514042886036,0.4940129369497299,0.277647465467453,0.7779566198587418,0.008904556059997048,0.0016560886774309275,0.009623042999919562,0.0069136494998929265,0.010102544749770459,128.0,0.0,128.0,128.0,128.0,1.0,0.0,1.0,1.0,1.0
countergan_one_shot,CounterGAN one-shot,256,disease_to_no_disease,100.0,0.10799999999999998,0.09606395176278563,0.1,0.1,0.1,0.83,0.377525168068637,1.0,1.0,1.0,0.0,0.0,0.0,0.0,0.0,0.10799999999999998,0.09606395176278563,0.1,0.1,0.1,0.0,0.0,0.0,0.0,0.0,0.17094518262219716,0.048759713622266866,0.175262451171875,0.14095275849103928,0.20743151754140854,0.3471823803149104,0.16033426898169592,0.33333333333333337,0.2222222222222222,0.4444444444444444,0.3471823803149104,0.16033426898169592,0.33333333333333337,0.2222222222222222,0.4444444444444444,0.006019994616508484,0.015314260386963395,0.0,0.0,0.0,0.3880486520669277,0.09117993236222592,0.39373657775866533,0.32341342988743566,0.46176250887326653,0.3880486520669277,0.09117993236222592,0.39373657775866533,0.32341342988743566,0.46176250887326653,0.19931153184165235,0.3886064214519843,0.0,0.0,0.0,0.914750430292599,0.12238709782478646,1.0,0.8,1.0,0.9552977604494016,0.058116625440842416,0.9615384615384616,0.9230769230769231,1.0,0.9552977604494016,0.058116625440842416,0.9615384615384616,0.9230769230769231,1.0,0.9965362812634251,0.009678064098688807,1.0,1.0,1.0,1.0,0.0,1.0,1.0,1.0,1.2130213376269283,0.6945519495067145,1.0776546001434326,0.6844701766967773,1.539100468158722,0.012398579500004416,0.0027234082100568305,0.01291944649983634,0.012353600250435193,0.013580180500184724,256.0,0.0,256.0,256.0,256.0,1.0,0.0,1.0,1.0,1.0
countergan_one_shot,CounterGAN one-shot,256,no_disease_to_disease,100.0,0.22400000000000006,0.20356420077799492,0.2,0.0,0.4,0.7,0.4605661864718381,1.0,0.0,1.0,0.0,0.0,0.0,0.0,0.0,0.221,0.20265659863349367,0.2,0.0,0.4,0.0,0.0,0.0,0.0,0.0,0.1380676939019135,0.035101253048748615,0.13910994678735733,0.11270059458911419,0.1548495925962925,0.38908541194255475,0.12635158227083887,0.3888888888888889,0.28240740740740744,0.46825396825396826,0.38908541194255475,0.12635158227083887,0.3888888888888889,0.28240740740740744,0.46825396825396826,0.043019836954772475,0.02117978543930154,0.04551796801388264,0.04072332940995693,0.059834147803485394,0.3845382381439751,0.08204005325975312,0.3744037632261835,0.3305178312530768,0.4254545780577682,0.3845382381439751,0.08204005325975312,0.3744037632261835,0.3305178312530768,0.4254545780577682,0.4169047619047619,0.4365161834969734,0.3333333333333333,0.0,1.0,0.1957687074829932,0.12589616428072142,0.2,0.1,0.30000000000000004,0.9435729021935919,0.06149363710096459,0.9615384615384616,0.9230769230769231,1.0,0.9435729021935919,0.06149363710096459,0.9615384615384616,0.9230769230769231,1.0,0.995959406839659,0.006958508438964706,1.0,0.9934112762237762,1.0,1.0,0.0,1.0,1.0,1.0,0.5897563530930451,0.39926245953308864,0.4730132073163986,0.27190884947776794,0.7926919013261795,0.011159973010016984,0.0030394594668495772,0.012701791999916168,0.007124491499780561,0.013575743249475636,256.0,0.0,256.0,256.0,256.0,1.0,0.0,1.0,1.0,1.0
countergan_one_shot,CounterGAN one-shot,512,disease_to_no_disease,100.0,0.12300000000000001,0.11708151351977313,0.1,0.1,0.1,0.84,0.3684529491774708,1.0,1.0,1.0,0.0,0.0,0.0,0.0,0.0,0.12300000000000001,0.11708151351977313,0.1,0.1,0.1,0.0,0.0,0.0,0.0,0.0,0.17068490026784794,0.04775082005805107,0.17941956222057343,0.14137152954936028,0.20361945778131485,0.34700176366843033,0.1564528382652257,0.33333333333333337,0.2222222222222222,0.4444444444444444,0.34700176366843033,0.1564528382652257,0.33333333333333337,0.2222222222222222,0.4444444444444444,0.007802428522457679,0.014733076035032695,0.0,0.0,0.020316507201641798,0.3883432908261528,0.09162987287008013,0.39338670509384893,0.3210594645753771,0.46122876679576097,0.3883432908261528,0.09162987287008013,0.39338670509384893,0.3210594645753771,0.46122876679576097,0.1888227513227513,0.3775301318857138,0.0,0.0,0.0,0.9161640211640212,0.10892063094457277,1.0,0.8,1.0,0.9538563288563291,0.05712190914684165,0.9615384615384616,0.9230769230769231,1.0,0.9538563288563291,0.05712190914684165,0.9615384615384616,0.9230769230769231,1.0,0.9974219573221674,0.006287809338550007,1.0,1.0,1.0,1.0,0.0,1.0,1.0,1.0,1.1751920240265983,0.6703353161848886,1.046846330165863,0.7014935463666916,1.5376618206501007,0.018115440270030377,0.004741100115990074,0.01988018749989351,0.018820059250401755,0.020509502500090093,512.0,0.0,512.0,512.0,512.0,1.0,0.0,1.0,1.0,1.0
countergan_one_shot,CounterGAN one-shot,512,no_disease_to_disease,100.0,0.24700000000000003,0.2262808659675633,0.2,0.0,0.4,0.7,0.4605661864718381,1.0,0.0,1.0,0.01,0.09999999999999995,0.0,0.0,0.0,0.24300000000000005,0.22841350063585827,0.2,0.0,0.4,0.01,0.09999999999999995,0.0,0.0,0.0,0.1380223283810275,0.03471646866376099,0.1373365968465805,0.11296921037137508,0.15711604431271553,0.3961224489795918,0.13094703938123084,0.38888888888888895,0.30000000000000004,0.49537037037037035,0.3961224489795918,0.13094703938123084,0.38888888888888895,0.30000000000000004,0.49537037037037035,0.043708700500428674,0.02112454539470004,0.04604632593691349,0.04234555922448635,0.060988277196884155,0.38347139859925244,0.08378085302535747,0.37125282868263065,0.3341629981277524,0.4261146984531678,0.38347139859925244,0.08378085302535747,0.37125282868263065,0.3341629981277524,0.4261146984531678,0.4246938775510204,0.4185766479849938,0.3333333333333333,0.0,0.975,0.1843537414965986,0.1256383558291376,0.2,0.07,0.27999999999999997,0.9335474232025955,0.05415083404336894,0.9437321937321937,0.8888888888888888,0.9648786717752236,0.9335474232025955,0.05415083404336894,0.9437321937321937,0.8888888888888888,0.9648786717752236,0.994013782280589,0.0104493117363836,1.0,0.9898726851851851,1.0,1.0,0.0,1.0,1.0,1.0,0.5743445113301278,0.3814773663954932,0.4566492885351181,0.2580048590898514,0.7953419536352158,0.01622620619998088,0.006012616806706627,0.01966162250027992,0.008317909999732365,0.02072270625035344,512.0,0.0,512.0,512.0,512.0,1.0,0.0,1.0,1.0,1.0
countergan_one_shot,CounterGAN one-shot,1024,disease_to_no_disease,100.0,0.137,0.13,0.1,0.1,0.2,0.84,0.3684529491774708,1.0,1.0,1.0,0.0,0.0,0.0,0.0,0.0,0.137,0.13,0.1,0.1,0.2,0.0,0.0,0.0,0.0,0.0,0.16913127318202031,0.04659294286882381,0.18010656535625458,0.14121713116765022,0.20466477796435356,0.3486184597295709,0.1499782414977655,0.33333333333333337,0.2222222222222222,0.4444444444444444,0.3486184597295709,0.1499782414977655,0.33333333333333337,0.2222222222222222,0.4444444444444444,0.01143250394878643,0.017833297623273528,0.0,0.0,0.023647588677704334,0.3885284349621607,0.08755691587354614,0.39350898714996996,0.3210594645753771,0.45858142886494757,0.3885284349621607,0.08755691587354614,0.39350898714996996,0.3210594645753771,0.45858142886494757,0.207010582010582,0.3825114086193337,0.0,0.0,0.05555555555555555,0.9168650793650792,0.1069691384017307,1.0,0.8,1.0,0.9507461674128341,0.05683387359408858,0.9615384615384616,0.9230769230769231,1.0,0.9507461674128341,0.05683387359408858,0.9615384615384616,0.9230769230769231,1.0,0.9966609618789241,0.008317423663381495,1.0,1.0,1.0,1.0,0.0,1.0,1.0,1.0,1.1360582595779782,0.6393065216392929,0.9993672370910645,0.6663392186164856,1.5374765992164612,0.029687495859980116,0.009221142405134334,0.03302384950029591,0.03123808850000387,0.034471697749495434,1024.0,0.0,1024.0,1024.0,1024.0,1.0,0.0,1.0,1.0,1.0
countergan_one_shot,CounterGAN one-shot,1024,no_disease_to_disease,100.0,0.274,0.2646209410160928,0.2,0.0,0.4,0.7,0.4605661864718381,1.0,0.0,1.0,0.01,0.09999999999999995,0.0,0.0,0.0,0.267,0.265548793286962,0.2,0.0,0.4,0.0,0.0,0.0,0.0,0.0,0.13890292229396956,0.0343150513051028,0.13866620510816574,0.11482526920735836,0.15461652725934982,0.39191484001007815,0.12288359620328476,0.3888888888888889,0.3055555555555556,0.4652777777777778,0.39191484001007815,0.12288359620328476,0.3888888888888889,0.3055555555555556,0.4652777777777778,0.04568346491349595,0.0185617047175242,0.046237148344516754,0.04270009510219097,0.06044404674321413,0.3845659109312797,0.07946424998787631,0.37568110488255013,0.33240276148309084,0.42332662038701224,0.3845659109312797,0.07946424998787631,0.37568110488255013,0.33240276148309084,0.42332662038701224,0.40083900226757374,0.41226509775940606,0.25,0.0,0.8809523809523809,0.18940702947845808,0.12988990507862783,0.2,0.1,0.30000000000000004,0.935653643929506,0.05968540390133806,0.9615384615384616,0.8846153846153846,1.0,0.935653643929506,0.05968540390133806,0.9615384615384616,0.8846153846153846,1.0,0.9954446966820917,0.010830288111529826,1.0,0.9934602723665223,1.0,1.0,0.0,1.0,1.0,1.0,0.5813139651502882,0.38376669018245013,0.48101936280727386,0.2766525223851204,0.7915975451469421,0.025646413599934022,0.011666202462237166,0.03225860400016245,0.009886662249755318,0.034878524499617924,1024.0,0.0,1024.0,1024.0,1024.0,1.0,0.0,1.0,1.0,1.0
countergan_sparse_diverse_no_dp,CounterGAN non-DP + identical counted sparse-diverse search,128,disease_to_no_disease,100.0,0.44299999999999995,0.27643290599194503,0.5,0.3,0.6,0.83,0.377525168068637,1.0,1.0,1.0,0.05,0.21904291355759098,0.0,0.0,0.0,0.442,0.2756736469014758,0.5,0.3,0.6,0.05,0.21904291355759098,0.0,0.0,0.0,0.1459087139242385,0.04519699388012205,0.14829087257385254,0.11541624739766121,0.17557962238788605,0.45364155032829734,0.15587513132520192,0.4444444444444445,0.3333333333333333,0.5555555555555556,0.45364155032829734,0.15587513132520192,0.4444444444444445,0.3333333333333333,0.5555555555555556,0.05450881957020386,0.015243536770124848,0.05712883546948433,0.050991490483284,0.06214112602174282,0.37878800391795586,0.09094564952033131,0.3743785258539982,0.31021333372911636,0.4485663580748955,0.37878800391795586,0.09094564952033131,0.3743785258539982,0.31021333372911636,0.4485663580748955,0.2898498756932492,0.3008874102210638,0.2,0.0,0.45,0.8995716198125836,0.08968636305164737,0.9199999999999999,0.8571428571428571,0.9633333333333334,0.935372753237315,0.06497160458733382,0.9615384615384616,0.9230769230769231,1.0,0.935372753237315,0.06497160458733382,0.9615384615384616,0.9230769230769231,1.0,0.9961832140311315,0.006535393575118681,0.9986263736263735,0.9953703703703703,1.0,1.0,0.0,1.0,1.0,1.0,0.9302263408899307,0.5323816802801518,0.8297427892684937,0.5115068852901459,1.154770016670227,0.0179625835099705,0.002118593979153098,0.018097373999808042,0.017490929749556017,0.01916971049968197,128.0,0.0,128.0,128.0,128.0,1.0,0.0,1.0,1.0,1.0
countergan_sparse_diverse_no_dp,CounterGAN non-DP + identical counted sparse-diverse search,128,no_disease_to_disease,100.0,0.449,0.39987245441262864,0.4,0.0,0.9,0.7,0.4605661864718381,1.0,0.0,1.0,0.21,0.40936018074033265,0.0,0.0,0.0,0.44699999999999995,0.39910379399830115,0.4,0.0,0.9,0.2,0.40201512610368423,0.0,0.0,0.0,0.12300252366278852,0.03182243956796059,0.1229497604072094,0.10118113830685616,0.1431826688349247,0.48204396573444186,0.11279627289771767,0.48749999999999993,0.40740740740740744,0.5555555555555556,0.48204396573444186,0.11279627289771767,0.48749999999999993,0.40740740740740744,0.5555555555555556,0.05393730229032891,0.02371924870810868,0.05997741036117077,0.04532463848590851,0.06865771301090717,0.37493011139457216,0.0811186494157188,0.362323232595011,0.32538045858842235,0.42485849886400506,0.37493011139457216,0.0811186494157188,0.362323232595011,0.32538045858842235,0.42485849886400506,0.39002834467120184,0.3995814913184243,0.2,0.0,0.8250000000000001,0.17316326530612247,0.09905963412636774,0.1657142857142857,0.1,0.24,0.9220521496383565,0.07458704806390284,0.9321839080459771,0.8888888888888888,0.9696969696969697,0.9220521496383565,0.07458704806390284,0.9321839080459771,0.8888888888888888,0.9696969696969697,0.9968077103181896,0.0035288132097337365,0.9977431881843646,0.9951454795204796,1.0,1.0,0.0,1.0,1.0,1.0,0.47855966155018126,0.28069079239988626,0.4066762775182724,0.2487494759261608,0.6373672783374786,0.018829729320059413,0.004670414027776047,0.018400554499748978,0.014363049500389025,0.020968660249991444,128.0,0.0,128.0,128.0,128.0,1.0,0.0,1.0,1.0,1.0
countergan_sparse_diverse_no_dp,CounterGAN non-DP + identical counted sparse-diverse search,256,disease_to_no_disease,100.0,0.8220000000000002,0.34453306126267536,1.0,0.9,1.0,0.92,0.2726599243442908,1.0,1.0,1.0,0.73,0.44619604333847385,1.0,0.0,1.0,0.812,0.3467831971975948,1.0,0.9,1.0,0.67,0.47258156262526096,1.0,0.0,1.0,0.1249008626555619,0.042734585726086426,0.11977602913975716,0.08906690776348114,0.14883488416671753,0.518669963959819,0.14117238822570854,0.5555555555555556,0.4444444444444445,0.625,0.518669963959819,0.14117238822570854,0.5555555555555556,0.4444444444444445,0.625,0.07107644645578187,0.02652778055056142,0.07504679262638092,0.05453777965158224,0.09110995009541512,0.37182353037155386,0.09132159296978186,0.376656280213846,0.3034002023408521,0.43909686803736747,0.37182353037155386,0.09132159296978186,0.376656280213846,0.3034002023408521,0.43909686803736747,0.3992796756383713,0.3157743086734808,0.4,0.1,0.6,0.8979477225672877,0.07083395111770208,0.9199999999999999,0.855,0.96,0.9258670878236097,0.055877243776428935,0.9393939393939394,0.8831585081585082,0.9696969696969697,0.9258670878236097,0.055877243776428935,0.9393939393939394,0.8831585081585082,0.9696969696969697,0.9962623273130519,0.00444994045741648,0.9976136363636363,0.9949107142857142,1.0,1.0,0.0,1.0,1.0,1.0,0.6122057756166095,0.37083636590001884,0.531771332025528,0.36571523547172546,0.826048418879509,0.04810128476006867,0.012325657502884163,0.04753959350045989,0.03891760274996159,0.05718744750060978,256.0,0.0,256.0,256.0,256.0,2.0,0.0,2.0,2.0,2.0
countergan_sparse_diverse_no_dp,CounterGAN non-DP + identical counted sparse-diverse search,256,no_disease_to_disease,100.0,0.5740000000000001,0.4531862506495289,0.8,0.0,1.0,0.71,0.45604802157206864,1.0,0.0,1.0,0.43,0.4975698519562426,0.0,0.0,1.0,0.556,0.44228972633354496,0.8,0.0,1.0,0.31,0.4648231987117317,0.0,0.0,1.0,0.10932511148948065,0.035554546887141526,0.10844891518354416,0.08195928484201431,0.13213896751403809,0.5642441066149987,0.10966648414543968,0.5888888888888889,0.48888888888888893,0.6444444444444445,0.5642441066149987,0.10966648414543968,0.5888888888888889,0.48888888888888893,0.6444444444444445,0.05614353325480307,0.023635703898872006,0.06230643391609192,0.050525935366749763,0.0703091248869896,0.3582294149055045,0.07424435711892763,0.34649509893164254,0.3068479502511933,0.4087347182111986,0.3582294149055045,0.07424435711892763,0.34649509893164254,0.3068479502511933,0.4087347182111986,0.5134361725911022,0.37218897041771976,0.5,0.2,0.9,0.1760172143974961,0.09728999841269353,0.18,0.11,0.225,0.9113804135173732,0.06012622301553015,0.9090909090909091,0.8787878787878788,0.9615384615384616,0.9113804135173732,0.06012622301553015,0.9090909090909091,0.8787878787878788,0.9615384615384616,0.9940003369832344,0.005443209668125963,0.994493006993007,0.9913072047000618,0.9978571428571428,1.0,0.0,1.0,1.0,1.0,0.38028210474991464,0.18774872559014866,0.3417336344718933,0.2364499643445015,0.5075748264789581,0.045701747670045735,0.017452266263629307,0.04074523899998894,0.028657797750383907,0.06012499625057899,256.0,0.0,256.0,256.0,256.0,2.0,0.0,2.0,2.0,2.0
countergan_sparse_diverse_no_dp,CounterGAN non-DP + identical counted sparse-diverse search,512,disease_to_no_disease,100.0,0.885,0.3002944682753375,1.0,1.0,1.0,0.93,0.2564323999762428,1.0,1.0,1.0,0.85,0.35887028128263687,1.0,1.0,1.0,0.8630000000000001,0.30439706923289483,1.0,0.9,1.0,0.71,0.4560480215720685,1.0,0.0,1.0,0.10808685854558021,0.047552037748520584,0.09782608598470688,0.07375708967447281,0.13596150279045105,0.6169719899110582,0.1598399761622928,0.6666666666666667,0.5444444444444445,0.7333333333333334,0.6169719899110582,0.1598399761622928,0.6666666666666667,0.5444444444444445,0.7333333333333334,0.07330430651544242,0.02280193946184158,0.07464737445116043,0.05971486121416092,0.08938920497894287,0.34946268214146214,0.10019281765857542,0.3579188904769871,0.27870412237560743,0.4345041726752175,0.34946268214146214,0.10019281765857542,0.3579188904769871,0.27870412237560743,0.4345041726752175,0.548626045400239,0.335775729900744,0.6,0.3,0.8,0.8940501792114697,0.07279495043207475,0.9,0.8400000000000001,0.9400000000000001,0.91769389511325,0.05818847138217072,0.9333333333333333,0.8787878787878788,0.9696969696969697,0.91769389511325,0.05818847138217072,0.9333333333333333,0.8787878787878788,0.9696969696969697,0.9912075995241318,0.007047283627142185,0.9932142857142857,0.9871825396825397,0.9958333333333333,1.0,0.0,1.0,1.0,1.0,0.4734936979028486,0.28315234629066666,0.35902169346809387,0.29304075241088867,0.6339275240898132,0.1208661803200539,0.0316460361944398,0.12568397399991227,0.10570982324975375,0.14349820100005672,512.0,0.0,512.0,512.0,512.0,4.0,0.0,4.0,4.0,4.0
countergan_sparse_diverse_no_dp,CounterGAN non-DP + identical counted sparse-diverse search,512,no_disease_to_disease,100.0,0.629,0.4601920986683364,1.0,0.0,1.0,0.73,0.4461960433384738,1.0,0.0,1.0,0.58,0.49604496374885826,1.0,0.0,1.0,0.6080000000000001,0.4487198401558539,0.9,0.0,1.0,0.43,0.49756985195624265,0.0,0.0,1.0,0.10432942890345234,0.04142485644535176,0.1057121530175209,0.0719873458147049,0.12416484206914902,0.6144959049068639,0.13851414239274162,0.6444444444444445,0.5111111111111112,0.7222222222222223,0.6144959049068639,0.13851414239274162,0.6444444444444445,0.5111111111111112,0.7222222222222223,0.05694149704075942,0.023705449480954162,0.058445043861866,0.047724585980176926,0.07318374514579773,0.347099646849365,0.08054795792021016,0.33340867211555736,0.28953936970997807,0.40300843877071885,0.347099646849365,0.08054795792021016,0.33340867211555736,0.28953936970997807,0.40300843877071885,0.5826918895412047,0.36080720242455366,0.6,0.3,0.9,0.17415959991302457,0.0971552299835413,0.18,0.12,0.22000000000000003,0.9087244916248223,0.06964867749598842,0.9310344827586207,0.8787878787878788,0.9696969696969697,0.9087244916248223,0.06964867749598842,0.9310344827586207,0.8787878787878788,0.9696969696969697,0.9906283286456967,0.007805823715160947,0.9928571428571429,0.9883035714285715,0.9954648526077098,1.0,0.0,1.0,1.0,1.0,0.3118792775354973,0.13544927102611312,0.27939608693122864,0.20709483325481415,0.4173194468021393,0.10687637254999573,0.04453480143580152,0.10148411899990606,0.059641590499950325,0.14973030724991077,512.0,0.0,512.0,512.0,512.0,4.0,0.0,4.0,4.0,4.0
countergan_sparse_diverse_no_dp,CounterGAN non-DP + identical counted sparse-diverse search,1024,disease_to_no_disease,100.0,0.914,0.2620895058771126,1.0,1.0,1.0,0.94,0.23868325657594194,1.0,1.0,1.0,0.89,0.3144660377352201,1.0,1.0,1.0,0.8860000000000001,0.2662951958130889,1.0,0.9,1.0,0.69,0.4648231987117316,1.0,0.0,1.0,0.1041166614741087,0.04592929380192595,0.09464635699987411,0.06976408883929253,0.1304764598608017,0.6359900934369022,0.15638665570348684,0.688888888888889,0.5277777777777779,0.7527777777777778,0.6359900934369022,0.15638665570348684,0.688888888888889,0.5277777777777779,0.7527777777777778,0.07554027667031327,0.02143191825430851,0.07593580335378647,0.06030006892979145,0.0896301418542862,0.3487418376848787,0.0995190300886655,0.3587706068905451,0.2894438044853474,0.42909044382866735,0.3487418376848787,0.0995190300886655,0.3587706068905451,0.2894438044853474,0.42909044382866735,0.5588652482269504,0.33748049306571476,0.6,0.3,0.9,0.8927456940222898,0.07757524312277929,0.91,0.86,0.9400000000000001,0.9196981383335014,0.06626061124200415,0.9393939393939394,0.8787878787878788,0.9696969696969697,0.9196981383335014,0.06626061124200415,0.9393939393939394,0.8787878787878788,0.9696969696969697,0.9904170327308626,0.008412403518913002,0.9923412698412699,0.9865882034632034,0.996510989010989,1.0,0.0,1.0,1.0,1.0,0.44983619285073684,0.29234462843210723,0.3570568859577179,0.2609921097755432,0.5290612727403641,0.2734716761800246,0.06746640447657702,0.2907535704998736,0.24938787874975787,0.32337448674979896,1024.0,0.0,1024.0,1024.0,1024.0,8.0,0.0,8.0,8.0,8.0
countergan_sparse_diverse_no_dp,CounterGAN non-DP + identical counted sparse-diverse search,1024,no_disease_to_disease,100.0,0.6609999999999999,0.44876823561046425,1.0,0.1,1.0,0.76,0.42923469599092795,1.0,1.0,1.0,0.61,0.4902071300001972,1.0,0.0,1.0,0.6310000000000001,0.43732312441890736,0.9,0.07500000000000001,1.0,0.41,0.49431107042371014,0.0,0.0,1.0,0.10552216183982398,0.04634441793272366,0.09795120730996132,0.07195454277098179,0.12651370093226433,0.6119639376218323,0.16052018514504895,0.6555555555555557,0.48888888888888893,0.7361111111111112,0.6119639376218323,0.16052018514504895,0.6555555555555557,0.48888888888888893,0.7361111111111112,0.05644077293292962,0.02418721502057122,0.05850481614470482,0.04676057118922472,0.07476473413407803,0.34683684762367284,0.08298794127700282,0.33160266598420896,0.28328764543391877,0.40117854644440365,0.34683684762367284,0.08298794127700282,0.33160266598420896,0.28328764543391877,0.40117854644440365,0.5578947368421052,0.37239439153403464,0.6,0.2,0.925,0.17605263157894738,0.10935055491239687,0.16,0.1,0.22000000000000003,0.9059181559181559,0.07022602295256129,0.9090909090909091,0.8518518518518519,0.961894586894587,0.9059181559181559,0.07022602295256129,0.9090909090909091,0.8518518518518519,0.961894586894587,0.9910319136881636,0.008121559271365436,0.9927579365079365,0.9881845238095237,0.9968253968253968,1.0,0.0,1.0,1.0,1.0,0.2915948980340832,0.13717116453333278,0.2579808533191681,0.18818016722798347,0.37818455696105957,0.23842144441004165,0.09872391125660734,0.27489820999971926,0.11869816250032272,0.31629794300056346,1024.0,0.0,1024.0,1024.0,1024.0,8.0,0.0,8.0,8.0,8.0
dice_gradient_style,Custom DiCE-style gradient,128,disease_to_no_disease,100.0,0.006000000000000001,0.02386832565759423,0.0,0.0,0.0,0.06,0.2386832565759414,0.0,0.0,0.0,0.0,0.0,0.0,0.0,0.0,0.006000000000000001,0.02386832565759423,0.0,0.0,0.0,0.0,0.0,0.0,0.0,0.0,0.019586177698026102,0.01153540537922169,0.012794974725693464,0.012678929837420583,0.02295269537717104,0.7222222222222222,0.09296222517045283,0.7777777777777778,0.6944444444444445,0.7777777777777778,0.7222222222222222,0.09296222517045283,0.7777777777777778,0.6944444444444445,0.7777777777777778,0.0,0.0,0.0,0.0,0.0,0.20899571030077854,0.1076434751273627,0.16548650551024224,0.1344811857374872,0.29429215378352724,0.20899571030077854,0.1076434751273627,0.16548650551024224,0.1344811857374872,0.29429215378352724,0.8333333333333334,0.408248290463863,1.0,1.0,1.0,0.7999999999999999,0.1788854381999832,0.8,0.65,0.95,1.0,0.0,1.0,1.0,1.0,1.0,0.0,1.0,1.0,1.0,1.0,0.0,1.0,1.0,1.0,1.0,0.0,1.0,1.0,1.0,0.2210055540005366,0.12776165254951605,0.16067220270633698,0.13436396420001984,0.3022780120372772,0.020511078859999542,0.001279348485652429,0.020362128000215307,0.019914424000262443,0.02070236824965832,128.0,0.0,128.0,128.0,128.0,1.0,0.0,1.0,1.0,1.0
dice_gradient_style,Custom DiCE-style gradient,128,no_disease_to_disease,100.0,0.0030000000000000005,0.017144660799776494,0.0,0.0,0.0,0.03,0.17144660799776554,0.0,0.0,0.0,0.0,0.0,0.0,0.0,0.0,0.0030000000000000005,0.017144660799776494,0.0,0.0,0.0,0.0,0.0,0.0,0.0,0.0,0.012789015347758928,0.0003459100242591759,0.012664916925132275,0.012593595311045647,0.012922386173158884,0.7407407407407408,0.06415002990995838,0.7777777777777778,0.7222222222222223,0.7777777777777778,0.7407407407407408,0.06415002990995838,0.7777777777777778,0.7222222222222223,0.7777777777777778,0.0,0.0,0.0,0.0,0.0,0.24786887442799158,0.04325867176177789,0.2549509717374969,0.22822856267952035,0.2710502348312155,0.24786887442799158,0.04325867176177789,0.2549509717374969,0.22822856267952035,0.2710502348312155,1.0,0.0,1.0,1.0,1.0,0.06666666666666667,0.11547005383792518,0.0,0.0,0.1,1.0,0.0,1.0,1.0,1.0,1.0,0.0,1.0,1.0,1.0,0.9319444444444445,0.07099654399517807,0.9375,0.8979166666666667,0.96875,1.0,0.0,1.0,1.0,1.0,0.25321180125077564,0.041453841738302896,0.23153460025787354,0.22931281477212906,0.2662721872329712,0.020188862149980197,0.0007388895292085322,0.020066586999746505,0.019625035749413655,0.020636421500284996,128.0,0.0,128.0,128.0,128.0,1.0,0.0,1.0,1.0,1.0
dice_gradient_style,Custom DiCE-style gradient,256,disease_to_no_disease,100.0,0.026000000000000006,0.04631905164675278,0.0,0.0,0.025,0.25,0.4351941398892446,0.0,0.0,0.25,0.0,0.0,0.0,0.0,0.0,0.026000000000000006,0.04631905164675278,0.0,0.0,0.025,0.0,0.0,0.0,0.0,0.0,0.025535862892866135,0.016730000736793846,0.020629486069083214,0.014509344473481178,0.031873829662799835,0.648888888888889,0.12701057925542406,0.6666666666666667,0.5555555555555556,0.7777777777777778,0.648888888888889,0.12701057925542406,0.6666666666666667,0.5555555555555556,0.7777777777777778,0.001826975643634796,0.00913487821817398,0.0,0.0,0.0,0.2546545718852082,0.10661552622242654,0.28148427760917705,0.18462911890842115,0.3330371217873552,0.2546545718852082,0.10661552622242654,0.28148427760917705,0.18462911890842115,0.3330371217873552,0.88,0.33166247903553997,1.0,1.0,1.0,0.8440000000000001,0.17339742404853276,0.9,0.6,1.0,0.9676923076923077,0.05515801221615117,1.0,0.9230769230769231,1.0,0.9676923076923077,0.05515801221615117,1.0,0.9230769230769231,1.0,0.9927142857142858,0.019107421003760967,1.0,1.0,1.0,1.0,0.0,1.0,1.0,1.0,0.30865194082260133,0.12888212218619746,0.3217487037181854,0.23899200558662415,0.39201316237449646,0.03642130957994596,0.0019719773765802346,0.03624003499999162,0.03541836750014227,0.037190127749454405,256.0,0.0,256.0,256.0,256.0,1.0,0.0,1.0,1.0,1.0
dice_gradient_style,Custom DiCE-style gradient,256,no_disease_to_disease,100.0,0.013000000000000001,0.04181488788081167,0.0,0.0,0.0,0.1,0.30151134457776335,0.0,0.0,0.0,0.0,0.0,0.0,0.0,0.0,0.013000000000000001,0.04181488788081167,0.0,0.0,0.0,0.0,0.0,0.0,0.0,0.0,0.02234941478818655,0.007785070161010883,0.020819752477109432,0.014719965402036905,0.029963787645101547,0.6277777777777778,0.10159901277292743,0.6111111111111112,0.5694444444444444,0.6666666666666667,0.6277777777777778,0.10159901277292743,0.6111111111111112,0.5694444444444444,0.6666666666666667,0.006616684235632419,0.010654718988829843,0.0,0.0,0.01639276323840022,0.2890517633464513,0.06759135990423003,0.2891413957990343,0.273211443931401,0.32079035369724235,0.2890517633464513,0.06759135990423003,0.2891413957990343,0.273211443931401,0.32079035369724235,0.8,0.42163702135578396,1.0,1.0,1.0,0.12999999999999998,0.15670212364724212,0.1,0.0,0.17500000000000002,0.9923076923076923,0.024325212770525982,1.0,1.0,1.0,0.9923076923076923,0.024325212770525982,1.0,1.0,1.0,0.9925,0.02371708245126283,1.0,1.0,1.0,1.0,0.0,1.0,1.0,1.0,0.32638255059719085,0.17503981933282498,0.2890910506248474,0.18650342524051666,0.4363175481557846,0.03641119444000651,0.002128108344535247,0.035893962000045576,0.03515252499983035,0.03726299400022981,256.0,0.0,256.0,256.0,256.0,1.0,0.0,1.0,1.0,1.0
dice_gradient_style,Custom DiCE-style gradient,512,disease_to_no_disease,100.0,0.29800000000000004,0.24203681162545937,0.3,0.1,0.4,0.79,0.4093601807403325,1.0,1.0,1.0,0.03,0.17144660799776554,0.0,0.0,0.0,0.29600000000000004,0.2411755720749025,0.3,0.1,0.4,0.03,0.17144660799776554,0.0,0.0,0.0,0.0856531500061856,0.028739677319508695,0.07781416922807693,0.06844382733106613,0.0983085073530674,0.48053546313039985,0.1339370534146077,0.5,0.3888888888888889,0.5555555555555556,0.48053546313039985,0.1339370534146077,0.5,0.3888888888888889,0.5555555555555556,0.04915475953794733,0.021420551678872583,0.04664537310600281,0.043765172362327576,0.06355515494942665,0.3368621997030546,0.09056745535149899,0.3520249304201207,0.2859167177397123,0.39639074552471515,0.3368621997030546,0.09056745535149899,0.3520249304201207,0.2859167177397123,0.39639074552471515,0.6770946353224834,0.4237083853675603,1.0,0.25,1.0,0.8852109704641349,0.10644536219884859,0.9,0.8166666666666668,1.0,0.946216465203807,0.06665798742934462,0.9629629629629629,0.9230769230769231,1.0,0.946216465203807,0.06665798742934462,0.9629629629629629,0.9230769230769231,1.0,0.9951263298686446,0.010212143307481597,1.0,0.9963699494949494,1.0,1.0,0.0,1.0,1.0,1.0,0.5832270217847221,0.33405953929435805,0.5179848074913025,0.3375571072101593,0.7921410202980042,0.06752446097994834,0.0020376959583060378,0.06754140149996601,0.06581713174978177,0.06904035600018688,512.0,0.0,512.0,512.0,512.0,1.0,0.0,1.0,1.0,1.0
dice_gradient_style,Custom DiCE-style gradient,512,no_disease_to_disease,100.0,0.09699999999999999,0.172594579546662,0.0,0.0,0.2,0.31,0.4648231987117317,0.0,0.0,1.0,0.0,0.0,0.0,0.0,0.0,0.09699999999999999,0.172594579546662,0.0,0.0,0.2,0.0,0.0,0.0,0.0,0.0,0.08657665694913556,0.03715814407746543,0.07851199060678482,0.059220848605036736,0.10394002497196198,0.4437190646868066,0.12763320604462125,0.4444444444444444,0.36111111111111116,0.5555555555555556,0.4437190646868066,0.12763320604462125,0.4444444444444444,0.36111111111111116,0.5555555555555556,0.043687159195542336,0.02117994111056749,0.04540608450770378,0.043633630499243736,0.058216800913214684,0.3440665284591627,0.0676760012181656,0.3452751483429294,0.29736355277049153,0.3806190715465827,0.3440665284591627,0.0676760012181656,0.3452751483429294,0.29736355277049153,0.3806190715465827,0.6186635944700462,0.4789255172636356,1.0,0.0,1.0,0.13847926267281108,0.11015020455697366,0.1,0.058333333333333334,0.2,0.8902579314147723,0.09348212672207261,0.8888888888888888,0.8304843304843305,0.9615384615384616,0.8902579314147723,0.09348212672207261,0.8888888888888888,0.8304843304843305,0.9615384615384616,0.9926413267139076,0.009839477668722644,0.9976851851851851,0.9899475524475525,1.0,1.0,0.0,1.0,1.0,1.0,0.4405091380880725,0.24884464804229475,0.39491426944732666,0.24092595279216766,0.6123838722705841,0.06763272855995638,0.00265811515044848,0.06753357350044098,0.06546909824942304,0.06901187875064352,512.0,0.0,512.0,512.0,512.0,1.0,0.0,1.0,1.0,1.0
dice_gradient_style,Custom DiCE-style gradient,1024,disease_to_no_disease,100.0,0.32799999999999996,0.2462158041682585,0.3,0.1,0.4,0.83,0.377525168068637,1.0,1.0,1.0,0.03,0.17144660799776548,0.0,0.0,0.0,0.32799999999999996,0.2462158041682585,0.3,0.1,0.4,0.03,0.17144660799776548,0.0,0.0,0.0,0.0923857271042933,0.02769469172590407,0.08798693120479584,0.07459934800863266,0.10283656418323517,0.49383459764985876,0.1259118839987261,0.5,0.425925925925926,0.5555555555555556,0.49383459764985876,0.1259118839987261,0.5,0.425925925925926,0.5555555555555556,0.0545703457242035,0.02500968929504074,0.0546455942094326,0.044592687860131264,0.06893524527549744,0.36067284866104277,0.09829047525597912,0.3640020519668701,0.29605789715373904,0.42010106912708245,0.36067284866104277,0.09829047525597912,0.3640020519668701,0.29605789715373904,0.42010106912708245,0.5551874163319946,0.4385544614254505,0.6666666666666666,0.0,1.0,0.8717402945113788,0.1049892371666717,0.9,0.8,0.95,0.9424885244162352,0.05441513543868803,0.9615384615384616,0.9230769230769231,1.0,0.9424885244162352,0.05441513543868803,0.9615384615384616,0.9230769230769231,1.0,0.9960054189823265,0.007856423222592022,1.0,0.9943181818181819,1.0,1.0,0.0,1.0,1.0,1.0,0.7481207445443395,0.4631146781797327,0.6099370121955872,0.39240221679210663,0.9646598100662231,0.13076307949008878,0.005159895727553638,0.13131429599980038,0.12673649700082024,0.13355373449985564,1024.0,0.0,1024.0,1024.0,1024.0,1.0,0.0,1.0,1.0,1.0
dice_gradient_style,Custom DiCE-style gradient,1024,no_disease_to_disease,100.0,0.18700000000000003,0.22049301965634144,0.1,0.0,0.3,0.61,0.4902071300001972,1.0,0.0,1.0,0.0,0.0,0.0,0.0,0.0,0.18600000000000003,0.22066016652515466,0.1,0.0,0.3,0.0,0.0,0.0,0.0,0.0,0.10846856834947086,0.0321088224385947,0.10702493041753769,0.08950215578079224,0.13355569541454315,0.4520730332205741,0.10294056451424281,0.4444444444444445,0.3888888888888889,0.507936507936508,0.4520730332205741,0.10294056451424281,0.4444444444444445,0.3888888888888889,0.507936507936508,0.04924564643717203,0.02885641044339963,0.05067010596394539,0.04369719699025154,0.06591369956731796,0.37934928886336333,0.07812663276052828,0.37362885470221296,0.3312735403421211,0.4280911875627538,0.37934928886336333,0.07812663276052828,0.37362885470221296,0.3312735403421211,0.4280911875627538,0.3633619568045797,0.40771202057045414,0.25,0.0,0.7777777777777778,0.1700598490762425,0.11507749009213078,0.2,0.1,0.20000000000000004,0.9465413363095668,0.05670493254833722,0.9615384615384616,0.9230769230769231,1.0,0.9465413363095668,0.05670493254833722,0.9615384615384616,0.9230769230769231,1.0,0.9927191913530711,0.012544220141060372,1.0,0.9864753302253303,1.0,1.0,0.0,1.0,1.0,1.0,0.559830623205568,0.34103296546499035,0.492298424243927,0.2891376316547394,0.745394766330719,0.13076029511001253,0.005552231423942456,0.13033361399948262,0.1266218452499288,0.1330753560002904,1024.0,0.0,1024.0,1024.0,1024.0,1.0,0.0,1.0,1.0,1.0
genetic_cfe,Budget-matched genetic CFE,128,disease_to_no_disease,100.0,0.06,0.11891767800211278,0.0,0.0,0.1,0.3,0.4605661864718382,0.0,0.0,1.0,0.0,0.0,0.0,0.0,0.0,0.05700000000000001,0.11304330090185757,0.0,0.0,0.1,0.0,0.0,0.0,0.0,0.0,0.026080226215223472,0.011040038300493875,0.026610713452100754,0.016218077391386032,0.03205146221444011,0.6956172839506175,0.1042694422269171,0.6666666666666667,0.6180555555555556,0.7777777777777778,0.6956172839506175,0.1042694422269171,0.6666666666666667,0.6180555555555556,0.7777777777777778,0.016192415046195188,0.01951444558947678,0.0,0.0,0.03606459032744169,0.27920615136471094,0.10659815697951107,0.297388676629705,0.21893633018521316,0.35800780518787734,0.27920615136471094,0.10659815697951107,0.297388676629705,0.21893633018521316,0.35800780518787734,0.8633333333333333,0.31756979502566596,1.0,1.0,1.0,0.8454444444444444,0.11626196913073428,0.8,0.8,0.95,0.9425451092117759,0.07115462999982292,0.9622507122507122,0.8974358974358974,1.0,0.9425451092117759,0.07115462999982292,0.9622507122507122,0.8974358974358974,1.0,0.9745998677248678,0.0407036161772494,0.9937499999999999,0.9637896825396824,1.0,1.0,0.0,1.0,1.0,1.0,0.23490052670240402,0.1137484055511724,0.20628686249256134,0.1382191702723503,0.3374118357896805,0.00666481000004751,0.00044790668778846727,0.006590550500277459,0.006326582000156122,0.006969289500375453,128.0,0.0,128.0,128.0,128.0,1.0,0.0,1.0,1.0,1.0
genetic_cfe,Budget-matched genetic CFE,128,no_disease_to_disease,100.0,0.035,0.1028630549848103,0.0,0.0,0.0,0.13,0.33799766898963074,0.0,0.0,0.0,0.0,0.0,0.0,0.0,0.0,0.03,0.09156330260447355,0.0,0.0,0.0,0.0,0.0,0.0,0.0,0.0,0.031883552527198426,0.008569842482119755,0.031106293201446533,0.025507831946015358,0.03488723933696747,0.6564102564102564,0.09756001103179339,0.6296296296296297,0.5555555555555556,0.7555555555555555,0.6564102564102564,0.09756001103179339,0.6296296296296297,0.5555555555555556,0.7555555555555555,0.027133445327098552,0.020157979993150364,0.037103742361068726,0.0,0.04098349064588547,0.3035294559513384,0.06402615655710626,0.3044353734275116,0.2616598551737685,0.3264497469447283,0.3035294559513384,0.06402615655710626,0.3044353734275116,0.2616598551737685,0.3264497469447283,0.7282051282051282,0.3814800984678828,1.0,0.6666666666666666,1.0,0.12205128205128207,0.10191262108385957,0.13333333333333333,0.0,0.2,0.9421433267587115,0.062055906116972676,0.9615384615384616,0.9230769230769231,1.0,0.9421433267587115,0.062055906116972676,0.9615384615384616,0.9230769230769231,1.0,0.9825193325193324,0.0299148484767418,0.9916666666666666,0.9821428571428572,1.0,1.0,0.0,1.0,1.0,1.0,0.28949908453684586,0.0829995932543697,0.29625052213668823,0.25657275319099426,0.3489295542240143,0.006509889039953123,0.0003862126352216906,0.006447793999541318,0.006239472499601106,0.006729227499363333,128.0,0.0,128.0,128.0,128.0,1.0,0.0,1.0,1.0,1.0
genetic_cfe,Budget-matched genetic CFE,256,disease_to_no_disease,100.0,0.134,0.21044445511076934,0.0,0.0,0.2,0.42,0.4960449637488585,0.0,0.0,1.0,0.01,0.09999999999999996,0.0,0.0,0.0,0.127,0.20343266326931975,0.0,0.0,0.2,0.01,0.09999999999999996,0.0,0.0,0.0,0.03487341190200476,0.009874833854896964,0.033442575484514236,0.0281779570505023,0.04039848409593105,0.6515526581002772,0.11136142623146561,0.6666666666666667,0.5886243386243386,0.7333333333333334,0.6515526581002772,0.11136142623146561,0.6666666666666667,0.5886243386243386,0.7333333333333334,0.025727420956605955,0.01713569252210826,0.02683656383305788,0.020063146948814392,0.03889794088900089,0.3105753613029813,0.09780126182309037,0.3337027933399336,0.22157906813230308,0.3749034284787106,0.3105753613029813,0.09780126182309037,0.3337027933399336,0.22157906813230308,0.3749034284787106,0.8265873015873016,0.32947069984604027,1.0,0.8500000000000001,1.0,0.8865759637188207,0.09462001751279919,0.9,0.8,1.0,0.943058006276397,0.06311726690243483,0.9615384615384616,0.9230769230769231,1.0,0.943058006276397,0.06311726690243483,0.9615384615384616,0.9230769230769231,1.0,0.9848742711370262,0.014107553827976058,0.9851190476190477,0.975,1.0,1.0,0.0,1.0,1.0,1.0,0.2734922670892307,0.11292643099032819,0.24055229127407074,0.1749257892370224,0.3636626973748207,0.013260272960033036,0.0011716256924473262,0.012963134499841544,0.012391961499815807,0.013676452749677992,256.0,0.0,256.0,256.0,256.0,2.0,0.0,2.0,2.0,2.0
genetic_cfe,Budget-matched genetic CFE,256,no_disease_to_disease,100.0,0.046,0.13213094209376494,0.0,0.0,0.0,0.14,0.34873508801977743,0.0,0.0,0.0,0.0,0.0,0.0,0.0,0.0,0.044000000000000004,0.1273823481737661,0.0,0.0,0.0,0.0,0.0,0.0,0.0,0.0,0.03053085133433342,0.008313408135771878,0.03033947665244341,0.025356058031320572,0.035383082926273346,0.6775510204081633,0.08873679117780886,0.6888888888888889,0.6047619047619048,0.7361111111111112,0.6775510204081633,0.08873679117780886,0.6888888888888889,0.6047619047619048,0.7361111111111112,0.031244610835398947,0.017588890078816758,0.033054462634027004,0.022230464965105057,0.04448491707444191,0.28914571941563944,0.07079248101548803,0.28793259131417187,0.24068305609039478,0.32757727295174627,0.28914571941563944,0.07079248101548803,0.28793259131417187,0.24068305609039478,0.32757727295174627,0.745578231292517,0.311832552028884,0.8333333333333333,0.6,1.0,0.08945578231292517,0.07856773376657443,0.08285714285714287,0.016666666666666666,0.12000000000000002,0.9557562488596972,0.05326806430751733,0.9814814814814814,0.8981481481481481,1.0,0.9557562488596972,0.05326806430751733,0.9814814814814814,0.8981481481481481,1.0,0.983788872691934,0.019784975534441626,0.9933673469387756,0.9723214285714287,1.0,1.0,0.0,1.0,1.0,1.0,0.2804503653730665,0.06827191050740754,0.2652624100446701,0.2407945841550827,0.32698872685432434,0.012854235020095075,0.001011510064325923,0.012571733499953552,0.012253995500259407,0.013123725750119775,256.0,0.0,256.0,256.0,256.0,2.0,0.0,2.0,2.0,2.0
genetic_cfe,Budget-matched genetic CFE,512,disease_to_no_disease,100.0,0.312,0.32699426986608243,0.2,0.0,0.625,0.67,0.47258156262526096,1.0,0.0,1.0,0.03,0.1714466079977655,0.0,0.0,0.0,0.293,0.3114822821946894,0.2,0.0,0.6,0.02,0.14070529413628957,0.0,0.0,0.0,0.04233889698759833,0.013272850991769872,0.04015238210558891,0.03207307122647762,0.049584176391363144,0.645309826528732,0.09297631627033538,0.6666666666666667,0.5746031746031747,0.7166666666666667,0.645309826528732,0.09297631627033538,0.6666666666666667,0.5746031746031747,0.7166666666666667,0.028578089897645945,0.017226109587553343,0.03185056522488594,0.020259867422282696,0.0406318511813879,0.32470937659680554,0.08519411205979084,0.33020465331355114,0.27792538022029356,0.3779978766652272,0.32470937659680554,0.08519411205979084,0.33020465331355114,0.27792538022029356,0.3779978766652272,0.7341269841269842,0.3797359376386477,1.0,0.5714285714285714,1.0,0.8676060175313907,0.11216175736871836,0.8999999999999999,0.8,0.96,0.9244351348314291,0.07356422707665752,0.9615384615384616,0.8846153846153846,0.9848484848484849,0.9244351348314291,0.07356422707665752,0.9615384615384616,0.8846153846153846,0.9848484848484849,0.9794930698924125,0.022524942750608408,0.985827664399093,0.9706349206349206,1.0,1.0,0.0,1.0,1.0,1.0,0.2615481986483531,0.10367200598278743,0.23320600390434265,0.17659909278154373,0.3499595373868942,0.027287967629990816,0.0034527178653703397,0.02572982750052688,0.024759855249840257,0.028553418750107085,512.0,0.0,512.0,512.0,512.0,4.0,0.0,4.0,4.0,4.0
genetic_cfe,Budget-matched genetic CFE,512,no_disease_to_disease,100.0,0.12399999999999999,0.2792920342652835,0.0,0.0,0.0,0.24,0.42923469599092856,0.0,0.0,0.0,0.05,0.2190429135575909,0.0,0.0,0.0,0.11599999999999999,0.2608145747925952,0.0,0.0,0.0,0.02,0.14070529413628952,0.0,0.0,0.0,0.04433520487509668,0.017127163392711166,0.039401452988386154,0.03186713717877865,0.04853894468396902,0.6444573045267491,0.09437945198871554,0.6611111111111112,0.5555555555555556,0.7256944444444444,0.6444573045267491,0.09437945198871554,0.6611111111111112,0.5555555555555556,0.7256944444444444,0.027585868801300723,0.01865365722733631,0.03618466295301914,0.0,0.040734668262302876,0.33937148237876236,0.08673269051684587,0.32485874090018046,0.2840811967364904,0.38136896837789874,0.33937148237876236,0.08673269051684587,0.32485874090018046,0.2840811967364904,0.38136896837789874,0.6137731481481482,0.4174481232026278,0.75,0.22499999999999998,1.0,0.12606481481481482,0.07111034055037421,0.12000000000000001,0.095,0.2,0.90173314339981,0.0996575522684482,0.9230769230769231,0.8518518518518519,0.9722222222222222,0.90173314339981,0.0996575522684482,0.9230769230769231,0.8518518518518519,0.9722222222222222,0.9797618212548769,0.019730533132091096,0.9831349206349207,0.9729166666666667,0.9966964285714286,1.0,0.0,1.0,1.0,1.0,0.2759860356648763,0.09438269589826918,0.2782610207796097,0.23243148252367973,0.32526808232069016,0.025829068469975028,0.002890922065210757,0.024916610499985836,0.02429588475001765,0.02566914199974235,512.0,0.0,512.0,512.0,512.0,4.0,0.0,4.0,4.0,4.0
genetic_cfe,Budget-matched genetic CFE,1024,disease_to_no_disease,100.0,0.534,0.40731195698509803,0.5,0.0,1.0,0.73,0.44619604333847385,1.0,0.0,1.0,0.3,0.46056618647183817,0.0,0.0,1.0,0.49,0.3809875524889431,0.5,0.0,0.8250000000000001,0.15,0.35887028128263704,0.0,0.0,0.0,0.04551688762866471,0.015457522838711709,0.042337819933891296,0.03271741047501564,0.055676769465208054,0.680658838878017,0.07882915607294756,0.6888888888888889,0.6333333333333334,0.7407407407407408,0.680658838878017,0.07882915607294756,0.6888888888888889,0.6333333333333334,0.7407407407407408,0.031292144158115126,0.009886178823766039,0.032096799463033676,0.02595691941678524,0.03843611478805542,0.32500633745386226,0.08980804783701078,0.3283074671003893,0.2620590509648558,0.37917851027838767,0.32500633745386226,0.08980804783701078,0.3283074671003893,0.2620590509648558,0.37917851027838767,0.7200206566644923,0.3547842460846814,0.9,0.5,1.0,0.8685214176994999,0.09150270836165877,0.8800000000000001,0.8,0.9333333333333333,0.935393835157652,0.05955665312990946,0.9393939393939394,0.9090909090909091,0.9696969696969697,0.935393835157652,0.05955665312990946,0.9393939393939394,0.9090909090909091,0.9696969696969697,0.9789887554665564,0.019533553155639233,0.9839682539682538,0.9667929292929293,0.9926587301587302,1.0,0.0,1.0,1.0,1.0,0.27784284928890124,0.09958728785148648,0.2655874490737915,0.19718456268310547,0.33664172887802124,0.05896970499999952,0.008678079323234554,0.05771280049975758,0.0505196169995088,0.06576680424996084,1024.0,0.0,1024.0,1024.0,1024.0,8.0,0.0,8.0,8.0,8.0
genetic_cfe,Budget-matched genetic CFE,1024,no_disease_to_disease,100.0,0.261,0.3689720911402431,0.0,0.0,0.4,0.48,0.5021167315686781,0.0,0.0,1.0,0.12,0.32659863237109066,0.0,0.0,0.0,0.24000000000000005,0.34670162993851156,0.0,0.0,0.4,0.06,0.23868325657594144,0.0,0.0,0.0,0.059207153196136154,0.02500725632447142,0.0615476630628109,0.03830166533589363,0.0785861648619175,0.6272045855379189,0.12401758990282544,0.6305555555555555,0.5555555555555556,0.7250000000000001,0.6272045855379189,0.12401758990282544,0.6305555555555555,0.5555555555555556,0.7250000000000001,0.026135379933596898,0.01703964999416185,0.027299887500703335,0.016997583210468292,0.036969153210520744,0.3445900878924717,0.08251254412692186,0.3317333317604386,0.2863563274837578,0.4146470594153194,0.3445900878924717,0.08251254412692186,0.3317333317604386,0.2863563274837578,0.4146470594153194,0.6370949074074074,0.37491461666226766,0.75,0.25,1.0,0.1471114417989418,0.08893707494589496,0.15777777777777777,0.08,0.2,0.9263753992920659,0.06754403091512451,0.9437321937321937,0.8787878787878788,0.9772727272727273,0.9263753992920659,0.06754403091512451,0.9437321937321937,0.8787878787878788,0.9772727272727273,0.9785619376994625,0.023592040284518865,0.9875,0.9699528769841269,0.9954117063492063,1.0,0.0,1.0,1.0,1.0,0.26777120648572844,0.09777120808007263,0.2760208547115326,0.20786594599485397,0.33160387724637985,0.05326624194999567,0.007392718065437654,0.0503088020004725,0.04867298300018774,0.053646790000357214,1024.0,0.0,1024.0,1024.0,1024.0,8.0,0.0,8.0,8.0,8.0
proposed_countergan,CounterGAN + iterative black-box search,128,disease_to_no_disease,100.0,0.105,0.08572330399888278,0.1,0.1,0.1,0.83,0.377525168068637,1.0,1.0,1.0,0.0,0.0,0.0,0.0,0.0,0.105,0.08572330399888278,0.1,0.1,0.1,0.0,0.0,0.0,0.0,0.0,0.17160289846809515,0.04816080059355888,0.17752039432525635,0.1414274200797081,0.20721053332090378,0.3452699687639447,0.1618386973015554,0.33333333333333337,0.2222222222222222,0.4444444444444444,0.3452699687639447,0.1618386973015554,0.33333333333333337,0.2222222222222222,0.4444444444444444,0.005573242812989706,0.015247359109127487,0.0,0.0,0.0,0.3898774229172533,0.09065309441884156,0.39323565744209305,0.3223237724706933,0.46130074147700295,0.3898774229172533,0.09065309441884156,0.39323565744209305,0.3223237724706933,0.46130074147700295,0.17771084337349397,0.37759290667817136,0.0,0.0,0.0,0.91144578313253,0.12105363183639581,1.0,0.8,1.0,0.9496104074417329,0.061024352000349454,0.9615384615384616,0.9230769230769231,1.0,0.9496104074417329,0.061024352000349454,0.9615384615384616,0.9230769230769231,1.0,0.9967862822664383,0.010525458092237068,1.0,1.0,1.0,1.0,0.0,1.0,1.0,1.0,1.2141950274088296,0.6940406969634482,1.0657718181610107,0.6756308674812317,1.5446378588676453,0.009330591030075084,0.0012745504541190802,0.009632673000396608,0.009213671750103458,0.010002386750102232,128.0,0.0,128.0,128.0,128.0,1.0,0.0,1.0,1.0,1.0
proposed_countergan,CounterGAN + iterative black-box search,128,no_disease_to_disease,100.0,0.20800000000000005,0.18405093717432558,0.2,0.0,0.4,0.7,0.4605661864718381,1.0,0.0,1.0,0.0,0.0,0.0,0.0,0.0,0.20500000000000004,0.18443196988361746,0.2,0.0,0.4,0.0,0.0,0.0,0.0,0.0,0.13921042292245797,0.03519854467159421,0.14234142005443573,0.11567886173725128,0.1587957926094532,0.386130007558579,0.1303681381572764,0.3888888888888889,0.2777777777777778,0.47916666666666663,0.386130007558579,0.1303681381572764,0.3888888888888889,0.2777777777777778,0.47916666666666663,0.04325141901416438,0.021254596064909145,0.047518787905573845,0.0427408367395401,0.05968260858207941,0.38493917275569806,0.08564258125864019,0.37883471639892885,0.3322083977576806,0.42633495028251744,0.38493917275569806,0.08564258125864019,0.37883471639892885,0.3322083977576806,0.42633495028251744,0.4171768707482993,0.4373359784379417,0.30952380952380953,0.0,1.0,0.18368027210884355,0.12440428680777653,0.2,0.1,0.29166666666666663,0.9386278472485369,0.05528973281592174,0.9615384615384616,0.8908045977011494,1.0,0.9386278472485369,0.05528973281592174,0.9615384615384616,0.8908045977011494,1.0,0.9959822007279993,0.00876813202204397,1.0,0.9964533730158731,1.0,1.0,0.0,1.0,1.0,1.0,0.582861286082438,0.398514042886036,0.4940129369497299,0.277647465467453,0.7779566198587418,0.009037671670002965,0.0019430599375508553,0.00952539350009829,0.006907680500262359,0.009946328249725411,128.0,0.0,128.0,128.0,128.0,1.0,0.0,1.0,1.0,1.0
proposed_countergan,CounterGAN + iterative black-box search,256,disease_to_no_disease,100.0,0.4809999999999999,0.24646797894749864,0.5,0.4,0.6,0.91,0.2876234912646613,1.0,1.0,1.0,0.03,0.17144660799776507,0.0,0.0,0.0,0.477,0.25100002012153333,0.5,0.4,0.6,0.03,0.17144660799776507,0.0,0.0,0.0,0.17488233098289468,0.047793253020708935,0.1791585385799408,0.14048723876476288,0.2107338011264801,0.29960026745741036,0.14146397116816414,0.2888888888888889,0.2142857142857143,0.39841269841269844,0.29960026745741036,0.14146397116816414,0.2888888888888889,0.2142857142857143,0.39841269841269844,0.034505613127743806,0.009413772707851494,0.03548021614551544,0.03184661269187927,0.038934050127863884,0.38274168085099514,0.08039060807833784,0.3856672968678014,0.3230245420684712,0.44131299334623175,0.38274168085099514,0.08039060807833784,0.3856672968678014,0.3230245420684712,0.44131299334623175,0.26750392464678174,0.2850362229524956,0.2,0.0,0.4365079365079365,0.9225300889586604,0.0697906510841321,0.9333333333333332,0.8800000000000001,0.99,0.9264668527267996,0.06172504746944731,0.9259259259259259,0.8867521367521367,0.9655172413793104,0.9264668527267996,0.06172504746944731,0.9259259259259259,0.8867521367521367,0.9655172413793104,0.9972494188638338,0.005261803621755618,1.0,0.9969114219114219,1.0,1.0,0.0,1.0,1.0,1.0,1.0129066766290875,0.6843480799157645,0.930341899394989,0.5010087490081787,1.4231228232383728,0.019143601899986606,0.00292284247582695,0.01972831649982254,0.0190935907498897,0.020375188500111108,256.0,0.0,256.0,256.0,256.0,2.0,0.0,2.0,2.0,2.0
proposed_countergan,CounterGAN + iterative black-box search,256,no_disease_to_disease,100.0,0.396,0.34667832148240607,0.4,0.0,0.7,0.72,0.4512608598542128,1.0,0.0,1.0,0.08,0.27265992434429104,0.0,0.0,0.0,0.391,0.3455620513209334,0.4,0.0,0.7,0.06,0.23868325657594147,0.0,0.0,0.0,0.13926402241405514,0.03613600530347041,0.14042719453573227,0.11445038765668869,0.15549413487315178,0.38333272094846177,0.11595610843387291,0.3888888888888889,0.2944444444444445,0.48263888888888895,0.38333272094846177,0.11595610843387291,0.3888888888888889,0.2944444444444445,0.48263888888888895,0.045039740598036185,0.019085006466613905,0.046970073133707047,0.0411261897534132,0.05931695643812418,0.3857184845250672,0.07871801318116996,0.3744734784607194,0.3366598892694984,0.43008242051597845,0.3857184845250672,0.07871801318116996,0.3744734784607194,0.3366598892694984,0.43008242051597845,0.46540454144620813,0.39322082048678475,0.3666666666666667,0.0,0.90625,0.18689814814814815,0.11493305357065893,0.16,0.1,0.27999999999999997,0.9219174751741801,0.07031063153679726,0.9504662004662006,0.8831585081585082,0.9674242424242424,0.9219174751741801,0.07031063153679726,0.9504662004662006,0.8831585081585082,0.9674242424242424,0.9959257408375737,0.005031243757176459,0.9974537037037037,0.992905242905243,1.0,1.0,0.0,1.0,1.0,1.0,0.5290701689405574,0.3473545797387435,0.4676579087972641,0.2672211080789566,0.7253012657165527,0.017567844089962818,0.003334267471652722,0.018793054500292783,0.013416660999837404,0.020256105749695053,256.0,0.0,256.0,256.0,256.0,2.0,0.0,2.0,2.0,2.0
proposed_countergan,CounterGAN + iterative black-box search,512,disease_to_no_disease,100.0,0.809,0.3146571005222843,1.0,0.7,1.0,0.94,0.23868325657594194,1.0,1.0,1.0,0.6,0.49236596391733084,1.0,0.0,1.0,0.804,0.32252789402506316,1.0,0.7,1.0,0.6,0.49236596391733084,1.0,0.0,1.0,0.17357798364568264,0.05104056103743541,0.1759948879480362,0.14272496104240417,0.21335067600011826,0.29891553153964495,0.14412652135797155,0.30000000000000004,0.2027777777777778,0.39722222222222225,0.29891553153964495,0.14412652135797155,0.30000000000000004,0.2027777777777778,0.39722222222222225,0.03938550422800348,0.008787906821461484,0.04031297191977501,0.0375397065654397,0.043883553706109524,0.3772913138709353,0.08058704613809867,0.3813910778670008,0.314007082507301,0.42760132360642805,0.3772913138709353,0.08058704613809867,0.3813910778670008,0.314007082507301,0.42760132360642805,0.31963441404930765,0.2569881124747458,0.3,0.1,0.5,0.9251587301587301,0.05848352725279738,0.9200000000000002,0.8814285714285716,0.97875,0.9342018678042155,0.05870415668501545,0.9393939393939394,0.8916666666666666,0.9696969696969697,0.9342018678042155,0.05870415668501545,0.9393939393939394,0.8916666666666666,0.9696969696969697,0.9969848167469636,0.004048001951672522,0.9988636363636363,0.9950053418803418,1.0,1.0,0.0,1.0,1.0,1.0,1.0263033398288361,0.6896967604876781,0.905180811882019,0.47423651069402695,1.3419989943504333,0.03493608664003659,0.00632448522363774,0.03758883099999366,0.029183188499928292,0.04048575799970422,474.88,63.79279589484068,512.0,384.0,512.0,3.71,0.4983812179284428,4.0,3.0,4.0
proposed_countergan,CounterGAN + iterative black-box search,512,no_disease_to_disease,100.0,0.574,0.4342926444347186,0.7,0.0,1.0,0.74,0.44084400227680787,1.0,0.0,1.0,0.41,0.4943110704237102,0.0,0.0,1.0,0.564,0.43357103037892014,0.7,0.0,1.0,0.37,0.4852365870939102,0.0,0.0,1.0,0.14085169750693682,0.0361071211892195,0.13934431970119476,0.11887380667030811,0.16236906871199608,0.3752699127699128,0.11051009263050417,0.37777777777777777,0.31111111111111117,0.44444444444444453,0.3752699127699128,0.11051009263050417,0.37777777777777777,0.31111111111111117,0.44444444444444453,0.047570192280250626,0.01714412445082399,0.049255432561039925,0.04207079578191042,0.0600828817114234,0.38865294231163144,0.07959267592513328,0.3787223459723752,0.34371141327893434,0.4373891011689857,0.38865294231163144,0.07959267592513328,0.3787223459723752,0.34371141327893434,0.4373891011689857,0.4914414414414415,0.34766237179573256,0.4,0.21250000000000002,0.8972222222222223,0.18147576147576147,0.09184562598686138,0.16999999999999998,0.1,0.235,0.9141785383164694,0.060212304390077985,0.9230769230769231,0.8846153846153846,0.9645225464190982,0.9141785383164694,0.060212304390077985,0.9230769230769231,0.8846153846153846,0.9645225464190982,0.9940458433223665,0.006515474050956396,0.996410533910534,0.9896175699300699,1.0,1.0,0.0,1.0,1.0,1.0,0.5183918511343969,0.33763283210297684,0.43151624500751495,0.28346629440784454,0.715371161699295,0.0316914242600069,0.007061180663918713,0.029487546999916958,0.02650347675012199,0.038991163499986214,468.48,83.80695470285067,512.0,512.0,512.0,3.66,0.6547418336160209,4.0,4.0,4.0
proposed_countergan,CounterGAN + iterative black-box search,1024,disease_to_no_disease,100.0,0.894,0.2748075543342867,1.0,1.0,1.0,0.96,0.1969463855669323,1.0,1.0,1.0,0.84,0.3684529491774708,1.0,1.0,1.0,0.8869999999999999,0.2794854579618073,1.0,1.0,1.0,0.82,0.3861229196653692,1.0,1.0,1.0,0.17583996530932686,0.05073618069442681,0.18057400733232498,0.14057786017656326,0.21360712498426437,0.2960133744855967,0.14556293397065348,0.2944444444444445,0.19722222222222224,0.4111111111111111,0.2960133744855967,0.14556293397065348,0.2944444444444445,0.19722222222222224,0.4111111111111111,0.04062950372463092,0.007080731814345879,0.04125160537660122,0.03875573445111513,0.04427247680723667,0.3817023682864136,0.0801240913814957,0.3830963660097859,0.32564957184176774,0.43795605198131293,0.3817023682864136,0.0801240913814957,0.3830963660097859,0.32564957184176774,0.43795605198131293,0.3130208333333333,0.25266941077295224,0.3,0.1,0.5,0.9239409722222222,0.05442636518804876,0.9266666666666667,0.9,0.96,0.933084854959855,0.05707806347500326,0.9393939393939394,0.9090909090909091,0.9696969696969697,0.933084854959855,0.05707806347500326,0.9393939393939394,0.9090909090909091,0.9696969696969697,0.9966320257433537,0.006132237922626329,0.9995192307692308,0.9946765734265735,1.0,1.0,0.0,1.0,1.0,1.0,1.0138634476655473,0.6935180151413644,0.9030981659889221,0.459929920732975,1.4040985703468323,0.04686497996000071,0.0338819513114353,0.03990437050015316,0.031761868999637954,0.052595724750290174,608.0,231.82856780061607,512.0,384.0,768.0,4.75,1.811160685942313,4.0,3.0,6.0
proposed_countergan,CounterGAN + iterative black-box search,1024,no_disease_to_disease,100.0,0.627,0.438743614877709,1.0,0.1,1.0,0.77,0.42295258468165076,1.0,1.0,1.0,0.51,0.5024183937956918,1.0,0.0,1.0,0.6210000000000001,0.44319660684986323,1.0,0.1,1.0,0.51,0.5024183937956918,1.0,0.0,1.0,0.14420781487768347,0.03912391184855641,0.14108480513095856,0.1167551651597023,0.16785085201263428,0.3683833802881422,0.1127083825408367,0.3777777777777778,0.30000000000000004,0.4444444444444444,0.3683833802881422,0.1127083825408367,0.3777777777777778,0.30000000000000004,0.4444444444444444,0.04772747266892489,0.017028188756293482,0.04919135570526123,0.043378494679927826,0.0587974451482296,0.3929801724022195,0.0809608459223862,0.3826605743822633,0.3341942600973511,0.44317709881370276,0.3929801724022195,0.0809608459223862,0.3826605743822633,0.3341942600973511,0.44317709881370276,0.4421511028653886,0.3349519470748041,0.4,0.2,0.7,0.19617192331478042,0.09675432469710338,0.2,0.12,0.24000000000000005,0.9171514425432922,0.06288489806860798,0.9259259259259259,0.8846153846153846,0.9666666666666667,0.9171514425432922,0.06288489806860798,0.9259259259259259,0.8846153846153846,0.9666666666666667,0.9946094397413786,0.005618417245444907,0.9952020202020202,0.9902020202020202,1.0,1.0,0.0,1.0,1.0,1.0,0.496301113011001,0.3246649926161227,0.42372697591781616,0.2665838897228241,0.6577359437942505,0.04903706910002256,0.0187870738233536,0.05171637200010082,0.03409636175047126,0.055325810500107764,742.4,297.27815767442934,768.0,384.0,1024.0,5.8,2.322485606831479,6.0,3.0,8.0
proposed_dp_eps16_sparse_diverse,Unified DP-CounterGAN epsilon=16 + counted sparse-diverse search,128,disease_to_no_disease,100.0,0.532,0.3345070245823687,0.5,0.3,0.8,0.87,0.3379976689896311,1.0,1.0,1.0,0.23,0.4229525846816506,0.0,0.0,0.0,0.526,0.33593529920585197,0.5,0.3,0.8,0.21,0.40936018074033265,0.0,0.0,0.0,0.13009690525459833,0.042545430009274,0.1343342512845993,0.09800036996603012,0.16231177002191544,0.4832319730787163,0.14853688117225716,0.5,0.3763888888888889,0.6111111111111112,0.4832319730787163,0.14853688117225716,0.5,0.3763888888888889,0.6111111111111112,0.05800137837984781,0.018771181366371185,0.05797101557254791,0.0511612594127655,0.06555090472102165,0.3262151375206708,0.10102075422734197,0.3328740247750601,0.2543647742829327,0.4098229617700194,0.3262151375206708,0.10102075422734197,0.3328740247750601,0.2543647742829327,0.4098229617700194,0.573440065681445,0.37725928735746084,0.6666666666666666,0.25,1.0,0.8991871921182264,0.0930051603853704,0.925,0.8666666666666667,0.96,0.9271510597709567,0.06412019854010668,0.9259259259259259,0.8867521367521367,0.9696969696969697,0.9271510597709567,0.06412019854010668,0.9259259259259259,0.8867521367521367,0.9696969696969697,0.9958540957138184,0.0058852977408944945,0.9981060606060606,0.9940476190476191,1.0,1.0,0.0,1.0,1.0,1.0,0.8223020728120859,0.5152215957234283,0.6934423446655273,0.40259744226932526,1.1304580569267273,0.01942211688999123,0.004291915863540909,0.01857544800031974,0.017539655499831497,0.020533891250806846,128.0,0.0,128.0,128.0,128.0,1.0,0.0,1.0,1.0,1.0
proposed_dp_eps16_sparse_diverse,Unified DP-CounterGAN epsilon=16 + counted sparse-diverse search,128,no_disease_to_disease,100.0,0.1,0.2278578326922113,0.0,0.0,0.025,0.25,0.4351941398892446,0.0,0.0,0.25,0.02,0.14070529413628952,0.0,0.0,0.0,0.095,0.21573225081198252,0.0,0.0,0.025,0.01,0.09999999999999994,0.0,0.0,0.0,0.10395112365484238,0.05415646249761626,0.08809494227170944,0.05647916719317436,0.14108632504940033,0.4938483245149912,0.20124588883476416,0.4722222222222222,0.33333333333333337,0.6666666666666666,0.4938483245149912,0.20124588883476416,0.4722222222222222,0.33333333333333337,0.6666666666666666,0.03763056099414826,0.028044334561787274,0.04625369980931282,0.0,0.053130388259887695,0.3294314654501811,0.09357160753902945,0.31362476801118466,0.2621878528912293,0.3708112995129436,0.3294314654501811,0.09357160753902945,0.31362476801118466,0.2621878528912293,0.3708112995129436,0.890952380952381,0.28112383791649176,1.0,1.0,1.0,0.13663492063492064,0.09509870752189854,0.15000000000000002,0.06666666666666667,0.2,0.9438952209986692,0.06848844049018753,0.9615384615384616,0.9,1.0,0.9438952209986692,0.06848844049018753,0.9615384615384616,0.9,1.0,0.9960957919505539,0.005181452924512255,0.9979166666666667,0.9948979591836735,1.0,1.0,0.0,1.0,1.0,1.0,0.24950059354305268,0.0917038809768512,0.2358132153749466,0.19137340784072876,0.33628082275390625,0.015434954510001262,0.004504686797608653,0.014301991499905853,0.01374215274972812,0.015387335500236077,128.0,0.0,128.0,128.0,128.0,1.0,0.0,1.0,1.0,1.0
proposed_dp_eps16_sparse_diverse,Unified DP-CounterGAN epsilon=16 + counted sparse-diverse search,256,disease_to_no_disease,100.0,0.8270000000000001,0.33510287882072776,1.0,0.9,1.0,0.91,0.28762349126466136,1.0,1.0,1.0,0.73,0.44619604333847385,1.0,0.0,1.0,0.82,0.3378482116889389,1.0,0.875,1.0,0.7,0.4605661864718381,1.0,0.0,1.0,0.11774254385586623,0.041159047887834914,0.1135680228471756,0.08678445965051651,0.1424272134900093,0.5455879217783981,0.14022458717128036,0.5777777777777778,0.47777777777777775,0.6444444444444445,0.5455879217783981,0.14022458717128036,0.5777777777777778,0.47777777777777775,0.6444444444444445,0.07088840077375318,0.021800913755896892,0.0726575255393982,0.056943776085972786,0.08653371781110764,0.3436161804652544,0.0968023870276489,0.3509052235511744,0.2768617983281784,0.42051976263535795,0.3436161804652544,0.0968023870276489,0.3509052235511744,0.2768617983281784,0.42051976263535795,0.5576268969126112,0.34513758598054795,0.6,0.3,0.9,0.8950244200244201,0.0697751698310365,0.9,0.86,0.9400000000000001,0.9179304240312197,0.06428593679158186,0.9393939393939394,0.8787878787878788,0.9696969696969697,0.9179304240312197,0.06428593679158186,0.9393939393939394,0.8787878787878788,0.9696969696969697,0.9949275292632829,0.005311314286768178,0.9964285714285716,0.99251443001443,0.9988636363636363,1.0,0.0,1.0,1.0,1.0,0.6140434396463436,0.38553436119716106,0.49626773595809937,0.3300122916698456,0.8408780694007874,0.049567213670025013,0.013427928987906623,0.04856522550016962,0.039501418500549335,0.05850090425019516,256.0,0.0,256.0,256.0,256.0,2.0,0.0,2.0,2.0,2.0
proposed_dp_eps16_sparse_diverse,Unified DP-CounterGAN epsilon=16 + counted sparse-diverse search,256,no_disease_to_disease,100.0,0.25300000000000006,0.39707389333432264,0.0,0.0,0.5,0.36,0.48241815132442173,0.0,0.0,1.0,0.18,0.38612291966536993,0.0,0.0,0.0,0.245,0.3864824535068656,0.0,0.0,0.42500000000000004,0.13,0.33799766898963074,0.0,0.0,0.0,0.09545683477901751,0.040764426809869775,0.09146029874682426,0.06579861789941788,0.12143463641405106,0.5748273074661964,0.124724481376146,0.5611111111111111,0.505952380952381,0.6722222222222222,0.5748273074661964,0.124724481376146,0.5611111111111111,0.505952380952381,0.6722222222222222,0.05130488963590728,0.023425538937258357,0.055470047518610954,0.04110099095851183,0.062157491222023964,0.34391037294060933,0.07944451531028554,0.3334782647229411,0.2958881506219777,0.38592426768746707,0.34391037294060933,0.07944451531028554,0.3334782647229411,0.2958881506219777,0.38592426768746707,0.7380291005291004,0.3629185969846255,0.95,0.575,1.0,0.17351190476190476,0.09104675758494343,0.16,0.11071428571428572,0.20500000000000004,0.9108714118292662,0.07167798895264292,0.916083916083916,0.851010101010101,0.9696969696969697,0.9108714118292662,0.07167798895264292,0.916083916083916,0.851010101010101,0.9696969696969697,0.9934505054740048,0.006202845549891636,0.9944803763944389,0.9900297619047619,0.9986607142857142,1.0,0.0,1.0,1.0,1.0,0.2906308426625199,0.09579534840844826,0.30791065096855164,0.20539525896310806,0.3476756066083908,0.03318412170006923,0.011210546012760208,0.028806297500068467,0.027811224999823025,0.03285021925012188,256.0,0.0,256.0,256.0,256.0,2.0,0.0,2.0,2.0,2.0
proposed_dp_eps16_sparse_diverse,Unified DP-CounterGAN epsilon=16 + counted sparse-diverse search,512,disease_to_no_disease,100.0,0.8830000000000001,0.2974827047005584,1.0,1.0,1.0,0.93,0.2564323999762428,1.0,1.0,1.0,0.84,0.3684529491774708,1.0,1.0,1.0,0.8530000000000001,0.3066452561695894,1.0,0.9,1.0,0.67,0.47258156262526096,1.0,0.0,1.0,0.10497768619848837,0.04578918632347025,0.09565217047929764,0.072826087474823,0.12605103850364685,0.6256618497657926,0.16061094115363533,0.6666666666666667,0.5555555555555556,0.7444444444444446,0.6256618497657926,0.16061094115363533,0.6666666666666667,0.5555555555555556,0.7444444444444446,0.0706327716589615,0.022123786788819117,0.07391180843114853,0.055723000317811966,0.08660067617893219,0.3368171285783128,0.10149141537888298,0.3425881998534305,0.26105421334068446,0.41697718203190776,0.3368171285783128,0.10149141537888298,0.3425881998534305,0.26105421334068446,0.41697718203190776,0.6045826932923707,0.36758077495487657,0.7,0.2,0.9,0.895562382659157,0.07717140466559702,0.9199999999999999,0.86,0.9400000000000001,0.9189371251662687,0.06529205842253928,0.9393939393939394,0.8787878787878788,0.9696969696969697,0.9189371251662687,0.06529205842253928,0.9393939393939394,0.8787878787878788,0.9696969696969697,0.9904166701300917,0.007783053148238165,0.9922619047619048,0.987748015873016,0.9958333333333332,1.0,0.0,1.0,1.0,1.0,0.4742179025084742,0.30516019975576425,0.36973223090171814,0.26937004923820496,0.6127630472183228,0.12283612761993026,0.031992047442865705,0.12860446400009096,0.10796613675006483,0.1424557934999484,512.0,0.0,512.0,512.0,512.0,4.0,0.0,4.0,4.0,4.0
proposed_dp_eps16_sparse_diverse,Unified DP-CounterGAN epsilon=16 + counted sparse-diverse search,512,no_disease_to_disease,100.0,0.414,0.4610089944125747,0.1,0.0,1.0,0.51,0.5024183937956916,1.0,0.0,1.0,0.35,0.4793724854411016,0.0,0.0,1.0,0.39799999999999996,0.4451716273279079,0.1,0.0,0.9,0.24,0.42923469599092845,0.0,0.0,0.0,0.08755801537749815,0.040411736131939824,0.08021287620067596,0.05156533978879452,0.11585811153054237,0.636225230833074,0.1327591568024861,0.6555555555555556,0.5555555555555556,0.7444444444444445,0.636225230833074,0.1327591568024861,0.6555555555555556,0.5555555555555556,0.7444444444444445,0.052657225662294554,0.01975539910579175,0.05283097177743912,0.04012414440512657,0.06438415497541428,0.32816074949121815,0.07993435186286128,0.31731441916956504,0.27568245818586357,0.36724642276612307,0.32816074949121815,0.07993435186286128,0.31731441916956504,0.27568245818586357,0.36724642276612307,0.6826330532212884,0.31499317709115376,0.8,0.4,1.0,0.16566293183940245,0.07934098336358636,0.17142857142857143,0.1,0.21000000000000002,0.8974741608277783,0.06830693725104896,0.9090909090909091,0.8484848484848485,0.9393939393939394,0.8974741608277783,0.06830693725104896,0.9090909090909091,0.8484848484848485,0.9393939393939394,0.9896679739624419,0.008909859435509104,0.9914285714285714,0.986547619047619,0.9955176767676768,1.0,0.0,1.0,1.0,1.0,0.2963902763291901,0.10701999718440514,0.27895423769950867,0.2234894558787346,0.36680904030799866,0.07883488776997183,0.034861659050409464,0.05900359700035551,0.05608242024982246,0.10087204300043595,512.0,0.0,512.0,512.0,512.0,4.0,0.0,4.0,4.0,4.0
proposed_dp_eps16_sparse_diverse,Unified DP-CounterGAN epsilon=16 + counted sparse-diverse search,1024,disease_to_no_disease,100.0,0.9079999999999999,0.28021636661910404,1.0,1.0,1.0,0.93,0.2564323999762428,1.0,1.0,1.0,0.9,0.3015113445777635,1.0,1.0,1.0,0.8760000000000001,0.2810945417722325,1.0,0.9,1.0,0.66,0.47609522856952374,1.0,0.0,1.0,0.10123823370824578,0.042637508307065676,0.09530960768461227,0.0688866451382637,0.12929847836494446,0.6461569095977698,0.14660687709632056,0.6777777777777778,0.5666666666666667,0.7555555555555556,0.6461569095977698,0.14660687709632056,0.6777777777777778,0.5666666666666667,0.7555555555555556,0.07494516338231744,0.019985042004860648,0.0760050117969513,0.06211119145154953,0.0893840342760086,0.3387150027546369,0.0978395922542797,0.34311822506171064,0.2669146029718134,0.41042442781714883,0.3387150027546369,0.0978395922542797,0.34311822506171064,0.2669146029718134,0.41042442781714883,0.6089605734767026,0.3525318975168309,0.7,0.3,0.9,0.8987813620071686,0.07103068831614853,0.9,0.86,0.96,0.9180236330773964,0.06765613525548361,0.9393939393939394,0.8787878787878788,0.9696969696969697,0.9180236330773964,0.06765613525548361,0.9393939393939394,0.8787878787878788,0.9696969696969697,0.989901318812609,0.008321791217481011,0.992449494949495,0.9855952380952381,0.9958333333333332,1.0,0.0,1.0,1.0,1.0,0.45234553620059004,0.2861341189068197,0.3462478816509247,0.2668750584125519,0.5685125589370728,0.27467458745996737,0.06655300416258118,0.2860773255001732,0.24628946825032472,0.32017422849980903,1024.0,0.0,1024.0,1024.0,1024.0,8.0,0.0,8.0,8.0,8.0
proposed_dp_eps16_sparse_diverse,Unified DP-CounterGAN epsilon=16 + counted sparse-diverse search,1024,no_disease_to_disease,100.0,0.551,0.4652565274809549,0.75,0.0,1.0,0.68,0.46882617226215056,1.0,0.0,1.0,0.47,0.5016135580465921,0.0,0.0,1.0,0.5299999999999999,0.4524903034844778,0.7,0.0,1.0,0.35,0.4793724854411016,0.0,0.0,1.0,0.09304099529981613,0.04117124626883236,0.08459541946649551,0.06172106321901083,0.11511988006532192,0.6382242711899575,0.13332759570685457,0.6486111111111112,0.5555555555555556,0.7694444444444446,0.6382242711899575,0.13332759570685457,0.6486111111111112,0.5555555555555556,0.7694444444444446,0.048045570236247254,0.02242457489260241,0.05089384876191616,0.034832581877708435,0.06394649483263493,0.3360331903481634,0.07826154990772985,0.3274147189788803,0.27589178348024973,0.3926636482597406,0.3360331903481634,0.07826154990772985,0.3274147189788803,0.27589178348024973,0.3926636482597406,0.557452147525677,0.39182535714986266,0.7,0.1,0.9,0.17515639589169,0.08873187088134314,0.1757142857142857,0.1,0.24,0.9091498802452149,0.07415528953460242,0.9245014245014245,0.8484848484848485,0.9696969696969697,0.9091498802452149,0.07415528953460242,0.9245014245014245,0.8484848484848485,0.9696969696969697,0.9914735303924729,0.008063547083328598,0.9917027417027418,0.9883035714285714,0.9974999999999999,1.0,0.0,1.0,1.0,1.0,0.2888954572160454,0.10512839441399853,0.27953194081783295,0.21759944409132004,0.33782941848039627,0.18357567077999193,0.08258136357262046,0.13399413050001385,0.1132691369996337,0.25919693675041344,1024.0,0.0,1024.0,1024.0,1024.0,8.0,0.0,8.0,8.0,8.0
proposed_dp_eps2_sparse_diverse,Unified DP-CounterGAN epsilon=2 + counted sparse-diverse search,128,disease_to_no_disease,100.0,0.6519999999999999,0.3777872844911965,0.8,0.3,1.0,0.87,0.3379976689896311,1.0,1.0,1.0,0.43,0.4975698519562427,0.0,0.0,1.0,0.6469999999999999,0.3769776136750315,0.8,0.3,1.0,0.41,0.49431107042371014,0.0,0.0,1.0,0.1106998276436466,0.031111626958009363,0.11082319915294647,0.09116975590586662,0.12822675704956055,0.5440628230858116,0.10958776346642216,0.5555555555555556,0.47962962962962963,0.6222222222222222,0.5440628230858116,0.10958776346642216,0.5555555555555556,0.47962962962962963,0.6222222222222222,0.06250999437580848,0.02256902703122896,0.06316381692886353,0.0514847319573164,0.07719655707478523,0.32962815866323025,0.10418319541394479,0.34321813607247115,0.25838718886343975,0.41172054950424825,0.32962815866323025,0.10418319541394479,0.34321813607247115,0.25838718886343975,0.41172054950424825,0.6331417624521074,0.36385822252730365,0.6666666666666666,0.3333333333333333,1.0,0.8915936872833422,0.0875523448448107,0.9,0.8400000000000001,0.96,0.9271859319025393,0.07600280641949672,0.9615384615384616,0.9090909090909091,0.9696969696969697,0.9271859319025393,0.07600280641949672,0.9615384615384616,0.9090909090909091,0.9696969696969697,0.9943276854432438,0.00670440021358341,0.9965909090909092,0.9917658730158729,1.0,1.0,0.0,1.0,1.0,1.0,0.6706772547686237,0.429527101130984,0.5754013657569885,0.35983137786388397,0.8945657014846802,0.023198474980017637,0.009809575157676689,0.019760672499614884,0.01761679224978252,0.024094019250014753,128.0,0.0,128.0,128.0,128.0,1.0,0.0,1.0,1.0,1.0
proposed_dp_eps2_sparse_diverse,Unified DP-CounterGAN epsilon=2 + counted sparse-diverse search,128,no_disease_to_disease,100.0,0.214,0.3200441888681664,0.0,0.0,0.4,0.43,0.49756985195624265,0.0,0.0,1.0,0.07,0.25643239997624295,0.0,0.0,0.0,0.209,0.31465710052228396,0.0,0.0,0.4,0.07,0.25643239997624295,0.0,0.0,0.0,0.10403878735594971,0.0410180971949452,0.09075905382633209,0.0756913386285305,0.1293841302394867,0.538151634469464,0.15217276739144217,0.5185185185185185,0.4675925925925926,0.6444444444444446,0.538151634469464,0.15217276739144217,0.5185185185185185,0.4675925925925926,0.6444444444444446,0.048014195982453434,0.022922841416965777,0.048280950635671616,0.0413778442889452,0.06455309316515923,0.31223695061103524,0.09773128550305316,0.3078201007379754,0.25912403020467123,0.34737796150947275,0.31223695061103524,0.09773128550305316,0.3078201007379754,0.25912403020467123,0.34737796150947275,0.8518087855297158,0.3265102407080548,1.0,0.95,1.0,0.14860095976375046,0.08715462450383879,0.13333333333333333,0.1,0.2,0.9380545113504216,0.07215262033348592,0.9615384615384616,0.9090909090909091,1.0,0.9380545113504216,0.07215262033348592,0.9615384615384616,0.9090909090909091,1.0,0.9943971318010468,0.006414169163581689,0.9970238095238096,0.9911525974025974,1.0,1.0,0.0,1.0,1.0,1.0,0.3421448122623355,0.15113784593815477,0.338268518447876,0.22242331504821777,0.41755689680576324,0.01691206672005137,0.0068618950286603985,0.01456910400020206,0.013727819000450836,0.01709658075014886,128.0,0.0,128.0,128.0,128.0,1.0,0.0,1.0,1.0,1.0
proposed_dp_eps2_sparse_diverse,Unified DP-CounterGAN epsilon=2 + counted sparse-diverse search,256,disease_to_no_disease,100.0,0.8240000000000001,0.3519412255798208,1.0,1.0,1.0,0.89,0.3144660377352201,1.0,1.0,1.0,0.77,0.4229525846816507,1.0,1.0,1.0,0.807,0.35283984978451566,1.0,0.875,1.0,0.69,0.4648231987117316,1.0,0.0,1.0,0.10217804913775305,0.03705753570402024,0.09123165160417557,0.08003644645214081,0.11762930452823639,0.6035065295364922,0.1285578976744456,0.6333333333333334,0.5444444444444445,0.688888888888889,0.6035065295364922,0.1285578976744456,0.6333333333333334,0.5444444444444445,0.688888888888889,0.06745868247379078,0.02108785320365188,0.06973607838153839,0.05662727728486061,0.08308613300323486,0.33529911856319744,0.09568486731430587,0.34381548255156663,0.2689712509650592,0.41281882852120305,0.33529911856319744,0.09568486731430587,0.34381548255156663,0.2689712509650592,0.41281882852120305,0.6143748885321919,0.3378619705853747,0.7,0.3,0.9,0.8925075798109507,0.08259329961481478,0.9142857142857144,0.8400000000000001,0.96,0.9258792135584075,0.05906914839958898,0.9393939393939394,0.8787878787878788,0.9696969696969697,0.9258792135584075,0.05906914839958898,0.9393939393939394,0.8787878787878788,0.9696969696969697,0.9928253220458277,0.006729122324189027,0.994047619047619,0.99,0.9974999999999999,1.0,0.0,1.0,1.0,1.0,0.5367320812820049,0.3356028902931264,0.4497067928314209,0.2972652316093445,0.6722024083137512,0.055869081199989526,0.019486623986580888,0.056462991499756754,0.04096113624973441,0.06840619924992097,256.0,0.0,256.0,256.0,256.0,2.0,0.0,2.0,2.0,2.0
proposed_dp_eps2_sparse_diverse,Unified DP-CounterGAN epsilon=2 + counted sparse-diverse search,256,no_disease_to_disease,100.0,0.38400000000000006,0.41040014964456667,0.2,0.0,0.8500000000000001,0.59,0.49431107042371025,1.0,0.0,1.0,0.25,0.4351941398892446,0.0,0.0,0.25,0.37400000000000005,0.4009130992263945,0.2,0.0,0.8,0.2,0.4020151261036843,0.0,0.0,0.0,0.09855882015268681,0.0390818194713415,0.09158909320831299,0.06698048487305641,0.12039341032505035,0.5918505066810152,0.12563253593369147,0.6111111111111112,0.5166666666666668,0.6857142857142857,0.5918505066810152,0.12563253593369147,0.6111111111111112,0.5166666666666668,0.6857142857142857,0.04895164183009479,0.020309903475318802,0.04820706322789192,0.03898318111896515,0.06095828302204609,0.3011815073650587,0.08488912363586397,0.2890217816291777,0.2516556386680876,0.3446023369072746,0.3011815073650587,0.08488912363586397,0.2890217816291777,0.2516556386680876,0.3446023369072746,0.7464487489911218,0.32446277343385477,0.8571428571428571,0.6666666666666666,1.0,0.16130750605326874,0.10914393295851359,0.16,0.1,0.20000000000000004,0.9344005021971125,0.0591759758981452,0.9393939393939394,0.898989898989899,0.9696969696969697,0.9344005021971125,0.0591759758981452,0.9393939393939394,0.898989898989899,0.9696969696969697,0.9935340167634356,0.007883943159840208,0.9953282828282829,0.9898611111111113,1.0,1.0,0.0,1.0,1.0,1.0,0.3375352791557878,0.13068530609360846,0.3419705033302307,0.21863341331481934,0.4387020468711853,0.03811134087997743,0.01721593855349389,0.030164315500314842,0.028153918500038344,0.04026402299973597,256.0,0.0,256.0,256.0,256.0,2.0,0.0,2.0,2.0,2.0
proposed_dp_eps2_sparse_diverse,Unified DP-CounterGAN epsilon=2 + counted sparse-diverse search,512,disease_to_no_disease,100.0,0.879,0.31278966373167394,1.0,1.0,1.0,0.91,0.28762349126466136,1.0,1.0,1.0,0.85,0.35887028128263687,1.0,1.0,1.0,0.8480000000000001,0.31510139461590597,1.0,0.9,1.0,0.65,0.4793724854411021,1.0,0.0,1.0,0.09526178375869007,0.0408052487764303,0.08373160660266876,0.0691923201084137,0.11136851087212563,0.6527947361280696,0.14177597806134834,0.688888888888889,0.5861111111111111,0.7666666666666668,0.6527947361280696,0.14177597806134834,0.688888888888889,0.5861111111111111,0.7666666666666668,0.07026895839761901,0.01677427821149914,0.07270530611276627,0.05972233787178993,0.08133253827691078,0.3389759200965625,0.0999112278363185,0.3492426325256362,0.2764474938362468,0.41722942067056185,0.3389759200965625,0.0999112278363185,0.3492426325256362,0.2764474938362468,0.41722942067056185,0.6249084249084249,0.3487754028659154,0.7,0.4,1.0,0.8867643467643468,0.0845080410864888,0.9,0.8500000000000001,0.9400000000000001,0.9290418982726675,0.06702821628552581,0.9393939393939394,0.9090909090909091,0.9696969696969697,0.9290418982726675,0.06702821628552581,0.9393939393939394,0.9090909090909091,0.9696969696969697,0.9895163719064817,0.008907133307584142,0.9921428571428571,0.9867628205128205,0.9957142857142858,1.0,0.0,1.0,1.0,1.0,0.43073875915545684,0.23690107353911635,0.34704944491386414,0.2729797065258026,0.5354185700416565,0.12916548387998772,0.03808168625832428,0.134298630000103,0.10922093749968553,0.15442181224989326,512.0,0.0,512.0,512.0,512.0,4.0,0.0,4.0,4.0,4.0
proposed_dp_eps2_sparse_diverse,Unified DP-CounterGAN epsilon=2 + counted sparse-diverse search,512,no_disease_to_disease,100.0,0.545,0.45911091065539755,0.7,0.0,1.0,0.65,0.47937248544110206,1.0,0.0,1.0,0.42,0.4960449637488585,0.0,0.0,1.0,0.524,0.44678876666742856,0.7,0.0,1.0,0.31,0.46482319871173167,0.0,0.0,1.0,0.09590227798773693,0.038270576162982024,0.08711487799882889,0.06596068292856216,0.11651432514190674,0.6306389906389908,0.11905899026784997,0.634920634920635,0.5555555555555556,0.7222222222222223,0.6306389906389908,0.11905899026784997,0.634920634920635,0.5555555555555556,0.7222222222222223,0.05180151201784611,0.02016992681259551,0.05652100220322609,0.04052520915865898,0.06505110114812851,0.3236155397076679,0.07803985440526542,0.3044833460808417,0.27329863556509143,0.37699674306757275,0.3236155397076679,0.07803985440526542,0.3044833460808417,0.27329863556509143,0.37699674306757275,0.6652014652014653,0.3498569885285041,0.7777777777777778,0.4,1.0,0.16172039072039077,0.09536915183631965,0.14,0.08,0.22000000000000003,0.9075426783649596,0.07070178369016765,0.9230769230769231,0.8787878787878788,0.9655172413793104,0.9075426783649596,0.07070178369016765,0.9230769230769231,0.8787878787878788,0.9655172413793104,0.9904245043553651,0.008327208528481721,0.9929138321995465,0.9866666666666667,0.996031746031746,1.0,0.0,1.0,1.0,1.0,0.32230220849697405,0.13402435744183958,0.31715279817581177,0.21629071235656738,0.41425007581710815,0.09155495153006996,0.04307502359558286,0.06894605199977377,0.05665722599997025,0.11987103325031967,512.0,0.0,512.0,512.0,512.0,4.0,0.0,4.0,4.0,4.0
proposed_dp_eps2_sparse_diverse,Unified DP-CounterGAN epsilon=2 + counted sparse-diverse search,1024,disease_to_no_disease,100.0,0.904,0.2741082879727528,1.0,1.0,1.0,0.94,0.23868325657594194,1.0,1.0,1.0,0.88,0.32659863237109055,1.0,1.0,1.0,0.8760000000000002,0.2767488012438336,1.0,0.9,1.0,0.68,0.4688261722621504,1.0,0.0,1.0,0.09697629701583943,0.04262036244241083,0.08594569563865662,0.06405903398990631,0.1173480860888958,0.651446583361477,0.14319688089113056,0.6944444444444445,0.5527777777777778,0.7555555555555555,0.651446583361477,0.14319688089113056,0.6944444444444445,0.5527777777777778,0.7555555555555555,0.070213010633721,0.01894792058008157,0.0714077390730381,0.0572745380923152,0.08522848971188068,0.34299784985590986,0.0990492438273066,0.35552462847418453,0.27473171725021334,0.4117432540043207,0.34299784985590986,0.0990492438273066,0.35552462847418453,0.27473171725021334,0.4117432540043207,0.624822695035461,0.3515433176532943,0.75,0.30833333333333335,0.9,0.8906382978723406,0.0779689559208932,0.9,0.86,0.96,0.9318821717941306,0.06313205531136726,0.9393939393939394,0.9090909090909091,0.9696969696969697,0.9318821717941306,0.06313205531136726,0.9393939393939394,0.9090909090909091,0.9696969696969697,0.9895014996401774,0.00895303675844882,0.9925198412698413,0.985,0.9960737179487179,1.0,0.0,1.0,1.0,1.0,0.421600435166917,0.2563436586881951,0.3335399329662323,0.2603856846690178,0.5055891871452332,0.27850837477001733,0.0710411039012258,0.2889804324995566,0.25507962675033014,0.3261538717501935,1024.0,0.0,1024.0,1024.0,1024.0,8.0,0.0,8.0,8.0,8.0
proposed_dp_eps2_sparse_diverse,Unified DP-CounterGAN epsilon=2 + counted sparse-diverse search,1024,no_disease_to_disease,100.0,0.606,0.45700385693397083,1.0,0.0,1.0,0.7,0.4605661864718381,1.0,0.0,1.0,0.53,0.5016135580465918,1.0,0.0,1.0,0.5790000000000001,0.4472802208454963,0.8500000000000001,0.0,1.0,0.39,0.4902071300001976,0.0,0.0,1.0,0.0940220625272819,0.04051944477506555,0.08852579072117805,0.06181176844984293,0.1193698775023222,0.6399263038548753,0.13546484926390015,0.6611111111111112,0.5601851851851853,0.7444444444444446,0.6399263038548753,0.13546484926390015,0.6611111111111112,0.5601851851851853,0.7444444444444446,0.050266505827728125,0.020924265960491257,0.050866104662418365,0.03542359825223684,0.06524165906012058,0.33217558241979256,0.08225454224278578,0.3159651929242472,0.26901604755443514,0.3831384957693138,0.33217558241979256,0.08225454224278578,0.3159651929242472,0.26901604755443514,0.3831384957693138,0.6152551020408163,0.35810115812652293,0.7,0.3,0.9,0.17072108843537417,0.10240873017353376,0.16999999999999998,0.085,0.24,0.9130396423499871,0.07234799896135667,0.93521421107628,0.8787878787878788,0.9696969696969697,0.9130396423499871,0.07234799896135667,0.93521421107628,0.8787878787878788,0.9696969696969697,0.9904643114821687,0.008252545627413548,0.9914231601731602,0.9854761904761904,0.9967667748917749,1.0,0.0,1.0,1.0,1.0,0.29978343269654684,0.12479024190486195,0.2824297398328781,0.20122823119163513,0.38008882105350494,0.20272280405999482,0.09130704378569515,0.16493281550037864,0.1155953767495248,0.2862068577503578,1024.0,0.0,1024.0,1024.0,1024.0,8.0,0.0,8.0,8.0,8.0
proposed_dp_eps4_sparse_diverse,DP-CounterGAN epsilon=4 + full-budget sparse-diverse pruning/MMR,128,disease_to_no_disease,100.0,0.5780000000000001,0.3650321696076731,0.55,0.3,1.0,0.87,0.3379976689896311,1.0,1.0,1.0,0.33,0.4725815626252603,0.0,0.0,1.0,0.5710000000000001,0.3641220241688883,0.55,0.3,1.0,0.3,0.46056618647183817,0.0,0.0,1.0,0.11827366961829963,0.03728641979799259,0.12376292049884796,0.09115670248866081,0.1399935707449913,0.5261068539804171,0.12794629602916843,0.5222222222222224,0.4444444444444444,0.617283950617284,0.5261068539804171,0.12794629602916843,0.5222222222222224,0.4444444444444444,0.617283950617284,0.061050410435973916,0.020920413756955657,0.0611758716404438,0.05154189094901085,0.07558264955878258,0.31933006877305414,0.11080412147111304,0.32141378123161535,0.24338262191957327,0.4063351955035698,0.31933006877305414,0.11080412147111304,0.32141378123161535,0.24338262191957327,0.4063351955035698,0.6120644043057836,0.3706519418807022,0.6666666666666666,0.3666666666666667,1.0,0.8956677613574164,0.09249250905600279,0.9200000000000002,0.8342857142857143,0.96,0.9383933237678777,0.06321807021414537,0.9615384615384616,0.9230769230769231,1.0,0.9383933237678777,0.06321807021414537,0.9615384615384616,0.9230769230769231,1.0,0.9956364095851643,0.006662879829087126,0.9988636363636363,0.9943221901555236,1.0,1.0,0.0,1.0,1.0,1.0,0.7533774303978887,0.4688970934334357,0.662865161895752,0.38680748641490936,1.0229620933532715,0.02047665501998381,0.005560926339704503,0.018583030499939923,0.017600518499421014,0.022167642499653084,128.0,0.0,128.0,128.0,128.0,1.0,0.0,1.0,1.0,1.0
proposed_dp_eps4_sparse_diverse,DP-CounterGAN epsilon=4 + full-budget sparse-diverse pruning/MMR,128,no_disease_to_disease,100.0,0.147,0.28264801253484667,0.0,0.0,0.1,0.32,0.4688261722621503,0.0,0.0,1.0,0.04,0.196946385566932,0.0,0.0,0.0,0.141,0.27343494046421085,0.0,0.0,0.1,0.04,0.196946385566932,0.0,0.0,0.0,0.09153165665338747,0.04639111660876734,0.08128299564123154,0.057614028453826904,0.12836193293333054,0.559886188271605,0.20253478069349043,0.5694444444444444,0.40555555555555556,0.7037037037037038,0.559886188271605,0.20253478069349043,0.5694444444444444,0.40555555555555556,0.7037037037037038,0.04115626437123865,0.029233098724927534,0.04509817995131016,0.007858376484364271,0.06297973915934563,0.3239183042655508,0.0930589706247694,0.30922866489508044,0.2648963100337742,0.36718744623750016,0.3239183042655508,0.0930589706247694,0.30922866489508044,0.2648963100337742,0.36718744623750016,0.8327256944444443,0.3318018389971756,1.0,0.8854166666666666,1.0,0.1337078373015873,0.09379072623934397,0.12666666666666665,0.065,0.2,0.9305485502683779,0.07709297374057911,0.9615384615384616,0.8846153846153846,1.0,0.9305485502683779,0.07709297374057911,0.9615384615384616,0.8846153846153846,1.0,0.9952272444768506,0.006658482681316641,0.9980463980463979,0.9920634920634921,1.0,1.0,0.0,1.0,1.0,1.0,0.3063281155191362,0.13128538714724533,0.3069409877061844,0.21135195344686508,0.39143427461385727,0.015892578030043295,0.005985404495118291,0.014148948000183736,0.013518360249463512,0.015534135750158384,128.0,0.0,128.0,128.0,128.0,1.0,0.0,1.0,1.0,1.0
proposed_dp_eps4_sparse_diverse,DP-CounterGAN epsilon=4 + full-budget sparse-diverse pruning/MMR,256,disease_to_no_disease,100.0,0.84,0.33454325866648693,1.0,1.0,1.0,0.91,0.28762349126466136,1.0,1.0,1.0,0.76,0.429234695990928,1.0,1.0,1.0,0.8220000000000001,0.340403800617366,1.0,0.9,1.0,0.64,0.48241815132442184,1.0,0.0,1.0,0.10816061206080102,0.038976054827255205,0.10089226067066193,0.0817079097032547,0.12546756118535995,0.5798394286489525,0.13345237873335883,0.611111111111111,0.5111111111111112,0.6666666666666667,0.5798394286489525,0.13345237873335883,0.611111111111111,0.5111111111111112,0.6666666666666667,0.07034078838078531,0.022914067834335645,0.07333546131849289,0.054094577208161354,0.0854712463915348,0.3366787670771456,0.0988316524033121,0.35059326803035745,0.2700056617219475,0.4147858449318559,0.3366787670771456,0.0988316524033121,0.35059326803035745,0.2700056617219475,0.4147858449318559,0.5906898656898657,0.34904631628297117,0.6666666666666666,0.3,0.9,0.8932879818594103,0.07945185480352512,0.9,0.86,0.9577777777777777,0.9222434604397468,0.0669046482276204,0.9393939393939394,0.8846153846153846,0.9696969696969697,0.9222434604397468,0.0669046482276204,0.9393939393939394,0.8846153846153846,0.9696969696969697,0.9939340820453458,0.005803628373521611,0.9951243201243202,0.991468253968254,0.9982142857142857,1.0,0.0,1.0,1.0,1.0,0.5620021837262007,0.34288002830484726,0.47380369901657104,0.32803410291671753,0.7241853177547455,0.052188743759988936,0.01591293223564644,0.05146618050002871,0.04031518324973149,0.06282843400049387,256.0,0.0,256.0,256.0,256.0,2.0,0.0,2.0,2.0,2.0
proposed_dp_eps4_sparse_diverse,DP-CounterGAN epsilon=4 + full-budget sparse-diverse pruning/MMR,256,no_disease_to_disease,100.0,0.261,0.3813572253587615,0.0,0.0,0.5,0.4,0.49236596391733095,0.0,0.0,1.0,0.15,0.35887028128263754,0.0,0.0,0.0,0.25,0.3718639916459085,0.0,0.0,0.5,0.13,0.33799766898963074,0.0,0.0,0.0,0.08924790676683188,0.043762199801315245,0.07473970949649811,0.05164783354848623,0.12864982709288597,0.6091512345679012,0.12822896354836977,0.6555555555555557,0.49801587301587313,0.713888888888889,0.6091512345679012,0.12822896354836977,0.6555555555555557,0.49801587301587313,0.713888888888889,0.04916598410345614,0.021937172719427665,0.050186339765787125,0.04207708965986967,0.06121186073869467,0.3200243317739955,0.07920250319218836,0.30392878218514674,0.2726327811015689,0.3458364580162621,0.3200243317739955,0.07920250319218836,0.30392878218514674,0.2726327811015689,0.3458364580162621,0.8311904761904761,0.2799561194258847,1.0,0.8,1.0,0.16169841269841273,0.09524858306111288,0.16,0.10000000000000002,0.2,0.8982768221561326,0.0751437191986621,0.89272030651341,0.851010101010101,0.9665621734587252,0.8982768221561326,0.0751437191986621,0.89272030651341,0.851010101010101,0.9665621734587252,0.9923027272551082,0.006355264514855975,0.9918813131313131,0.9874404761904763,0.9978219696969697,1.0,0.0,1.0,1.0,1.0,0.3222197933122516,0.13698119900086625,0.29587194323539734,0.22812003269791603,0.4112786278128624,0.035028670749943557,0.015844713214668196,0.02920922449993668,0.02755839174983521,0.03281732049981656,256.0,0.0,256.0,256.0,256.0,2.0,0.0,2.0,2.0,2.0
proposed_dp_eps4_sparse_diverse,DP-CounterGAN epsilon=4 + full-budget sparse-diverse pruning/MMR,512,disease_to_no_disease,100.0,0.8690000000000001,0.3193095455174897,1.0,1.0,1.0,0.91,0.28762349126466136,1.0,1.0,1.0,0.84,0.36845294917747073,1.0,1.0,1.0,0.8370000000000001,0.32181775380899463,1.0,0.9,1.0,0.62,0.48783173121456314,1.0,0.0,1.0,0.09971299227122422,0.043537301309042306,0.094028040766716,0.06903500109910965,0.11400482058525085,0.6411545244878579,0.1511947836852678,0.6888888888888889,0.5888888888888889,0.7555555555555556,0.6411545244878579,0.1511947836852678,0.6888888888888889,0.5888888888888889,0.7555555555555556,0.07149201580374451,0.021507549916655887,0.07365097105503082,0.05890514887869358,0.08606294170022011,0.33649669416830463,0.1015722463325328,0.3436942896399826,0.26480380751991983,0.4149719869831392,0.33649669416830463,0.1015722463325328,0.3436942896399826,0.26480380751991983,0.4149719869831392,0.6244810744810745,0.35564136505240235,0.7,0.3,0.9,0.890842490842491,0.0797691010549165,0.9,0.8400000000000001,0.9400000000000001,0.9200543046696892,0.07139028194335104,0.9393939393939394,0.8787878787878788,0.9696969696969697,0.9200543046696892,0.07139028194335104,0.9393939393939394,0.8787878787878788,0.9696969696969697,0.9904257943539617,0.008001510318934703,0.9925,0.9865476190476191,0.9958333333333332,1.0,0.0,1.0,1.0,1.0,0.45870759813012657,0.27282928907817217,0.36324605345726013,0.26108069717884064,0.6201832294464111,0.12449873142006254,0.03293722047306756,0.13095775700003287,0.10818120650014862,0.1457816259999163,512.0,0.0,512.0,512.0,512.0,4.0,0.0,4.0,4.0,4.0
proposed_dp_eps4_sparse_diverse,DP-CounterGAN epsilon=4 + full-budget sparse-diverse pruning/MMR,512,no_disease_to_disease,100.0,0.41100000000000003,0.46273124167296303,0.05,0.0,1.0,0.5,0.502518907629606,0.5,0.0,1.0,0.34,0.47609522856952363,0.0,0.0,1.0,0.397,0.44934407864141424,0.05,0.0,0.925,0.25,0.4351941398892446,0.0,0.0,0.25,0.08427047483623028,0.0367096632232368,0.07975557446479797,0.05315019376575947,0.1115727461874485,0.6473518518518518,0.12219172785483087,0.6666666666666667,0.5666666666666667,0.7555555555555556,0.6473518518518518,0.12219172785483087,0.6666666666666667,0.5666666666666667,0.7555555555555556,0.05017305824905634,0.017614169090824545,0.05274626426398754,0.04106602352112532,0.0616599814966321,0.32100158947377344,0.07756368188283054,0.31658898962434734,0.2699230225591377,0.35662676104939506,0.32100158947377344,0.07756368188283054,0.31658898962434734,0.2699230225591377,0.35662676104939506,0.7198333333333332,0.35362108838368195,0.9,0.5,1.0,0.1483,0.08344447690304964,0.14,0.08,0.20000000000000004,0.9081015281015283,0.06558141361360947,0.9230769230769231,0.8493265993265994,0.9696969696969697,0.9081015281015283,0.06558141361360947,0.9230769230769231,0.8493265993265994,0.9696969696969697,0.9896833879083878,0.008876914074289309,0.9918650793650794,0.9880357142857144,0.994890873015873,1.0,0.0,1.0,1.0,1.0,0.30926229134202005,0.12655960626192783,0.28743186593055725,0.20236724615097046,0.4092194736003876,0.08092144828001438,0.0394247446372429,0.05829467450030279,0.055588864999890575,0.09651753175012345,512.0,0.0,512.0,512.0,512.0,4.0,0.0,4.0,4.0,4.0
proposed_dp_eps4_sparse_diverse,DP-CounterGAN epsilon=4 + full-budget sparse-diverse pruning/MMR,1024,disease_to_no_disease,100.0,0.9069999999999999,0.2705232490615701,1.0,1.0,1.0,0.94,0.23868325657594194,1.0,1.0,1.0,0.88,0.3265986323710906,1.0,1.0,1.0,0.8720000000000002,0.2734293992306539,1.0,0.9,1.0,0.61,0.4902071300001974,1.0,0.0,1.0,0.0988068385644162,0.04219122595545447,0.09027234837412834,0.06860045529901981,0.11984796077013016,0.6472156553716838,0.1455351599672466,0.6944444444444445,0.55,0.7666666666666667,0.6472156553716838,0.1455351599672466,0.6944444444444445,0.55,0.7666666666666667,0.0730112377910855,0.022066093865079375,0.07686988636851311,0.058956269174814224,0.08866393193602562,0.3398720767567516,0.10152994648477898,0.35299073085039906,0.2744658586740789,0.4151850865424128,0.3398720767567516,0.10152994648477898,0.35299073085039906,0.2744658586740789,0.4151850865424128,0.6120567375886524,0.35465334897752565,0.7,0.35,0.9,0.8916784869976361,0.07881030711560308,0.9000000000000001,0.8400000000000001,0.9400000000000001,0.9205905205905204,0.06872196404535372,0.9393939393939394,0.8787878787878788,0.9696969696969697,0.9205905205905204,0.06872196404535372,0.9393939393939394,0.8787878787878788,0.9696969696969697,0.9898954368120252,0.009009504416229898,0.9915214646464646,0.9847898629148629,0.9963439542483661,1.0,0.0,1.0,1.0,1.0,0.43017596030171884,0.2627374898390678,0.326373353600502,0.24159900844097137,0.4888283908367157,0.27655409445998885,0.06724410124054896,0.289170238999759,0.25875099650056654,0.32567407174974505,1024.0,0.0,1024.0,1024.0,1024.0,8.0,0.0,8.0,8.0,8.0
proposed_dp_eps4_sparse_diverse,DP-CounterGAN epsilon=4 + full-budget sparse-diverse pruning/MMR,1024,no_disease_to_disease,100.0,0.546,0.45999999999999996,0.6,0.0,1.0,0.7,0.4605661864718381,1.0,0.0,1.0,0.47,0.5016135580465921,0.0,0.0,1.0,0.5170000000000001,0.4481285439683485,0.6,0.0,1.0,0.31,0.46482319871173167,0.0,0.0,1.0,0.09283641140375819,0.04304235327603477,0.08888286724686623,0.06278439052402973,0.11780370026826859,0.6390388007054676,0.13806218788173089,0.6487654320987655,0.5555555555555556,0.7527777777777779,0.6390388007054676,0.13806218788173089,0.6487654320987655,0.5555555555555556,0.7527777777777779,0.0477719923281776,0.02245927927820321,0.05118611454963684,0.03562324680387974,0.06355138495564461,0.3324315610233261,0.0783465665729866,0.3154753663464174,0.269622537855556,0.38670990367554187,0.3324315610233261,0.0783465665729866,0.3154753663464174,0.269622537855556,0.38670990367554187,0.5903174603174604,0.3791295387015085,0.75,0.225,0.9,0.17004761904761903,0.09886716288040354,0.16999999999999998,0.1,0.22000000000000003,0.8922228603388023,0.06180714192330444,0.9,0.8461538461538461,0.9393939393939394,0.8922228603388023,0.06180714192330444,0.9,0.8461538461538461,0.9393939393939394,0.9905001222322651,0.008700586639014081,0.9918416305916307,0.9872321428571429,0.9963068181818182,1.0,0.0,1.0,1.0,1.0,0.271398985173021,0.10128018990161848,0.26380664110183716,0.1887073740363121,0.3462144806981087,0.1871186303599734,0.08657601445935734,0.13473437199991167,0.11379944450004587,0.2650729087497439,1024.0,0.0,1024.0,1024.0,1024.0,8.0,0.0,8.0,8.0,8.0
proposed_dp_eps8_sparse_diverse,Unified DP-CounterGAN epsilon=8 + counted sparse-diverse search,128,disease_to_no_disease,100.0,0.584,0.3589321986564083,0.6,0.3,1.0,0.85,0.35887028128263687,1.0,1.0,1.0,0.3,0.46056618647183817,0.0,0.0,1.0,0.579,0.36021738666611536,0.6,0.3,1.0,0.29,0.4560480215720683,0.0,0.0,1.0,0.1270953311201404,0.038870120777607695,0.13008451461791992,0.09943750500679016,0.15029649436473846,0.48573295985060705,0.13429232558675164,0.4938271604938271,0.38888888888888895,0.5555555555555556,0.48573295985060705,0.13429232558675164,0.4938271604938271,0.38888888888888895,0.5555555555555556,0.05893155901747591,0.015651566310791946,0.06032129377126694,0.049781475216150284,0.06864480674266815,0.3270232098912848,0.10446422402385402,0.33510988853975476,0.24709883204769978,0.4031654818959395,0.3270232098912848,0.10446422402385402,0.33510988853975476,0.24709883204769978,0.4031654818959395,0.5833053221288516,0.3671714248999953,0.6666666666666666,0.3,1.0,0.8975368814192343,0.08523983130694635,0.9199999999999999,0.8444444444444446,0.96,0.9314590750696228,0.05559983481013919,0.9393939393939394,0.8888888888888888,0.9696969696969697,0.9314590750696228,0.05559983481013919,0.9393939393939394,0.8888888888888888,0.9696969696969697,0.9966194803823841,0.005087046507069529,0.9988636363636363,0.9954545454545455,1.0,1.0,0.0,1.0,1.0,1.0,0.8630567291203667,0.543305341531513,0.7270220518112183,0.43404534459114075,1.1465963125228882,0.019509460670005866,0.004085448962360157,0.01895792100003746,0.017601949500203773,0.020297253499393264,128.0,0.0,128.0,128.0,128.0,1.0,0.0,1.0,1.0,1.0
proposed_dp_eps8_sparse_diverse,Unified DP-CounterGAN epsilon=8 + counted sparse-diverse search,128,no_disease_to_disease,100.0,0.13,0.24141836774120595,0.0,0.0,0.2,0.33,0.4725815626252602,0.0,0.0,1.0,0.03,0.17144660799776537,0.0,0.0,0.0,0.128,0.23829359702652222,0.0,0.0,0.2,0.03,0.17144660799776537,0.0,0.0,0.0,0.10035525115601944,0.04449835073992886,0.09494967013597488,0.0630701407790184,0.12560448050498962,0.5439955106621773,0.17534567460692804,0.5555555555555556,0.4444444444444444,0.6666666666666667,0.5439955106621773,0.17534567460692804,0.5555555555555556,0.4444444444444444,0.6666666666666667,0.0442419152029536,0.02336030133935405,0.04712003841996193,0.0296748299151659,0.05673379451036453,0.3071473153266947,0.10382489467174376,0.3074911103171795,0.23767844457328116,0.345058960816539,0.3071473153266947,0.10382489467174376,0.3074911103171795,0.23767844457328116,0.345058960816539,0.9136363636363636,0.24694151865646982,1.0,1.0,1.0,0.12863636363636363,0.10699611764881561,0.10000000000000002,0.06666666666666667,0.2,0.9361054209539059,0.07100111020394566,0.9615384615384616,0.8846153846153846,1.0,0.9361054209539059,0.07100111020394566,0.9615384615384616,0.8846153846153846,1.0,0.9941199926616593,0.0074418385428794715,0.9966880341880342,0.9916666666666667,1.0,1.0,0.0,1.0,1.0,1.0,0.2983032354351246,0.12076801163173997,0.26452475786209106,0.19465892016887665,0.39552703499794006,0.015000756450072004,0.002317833802842942,0.014149545500004024,0.01353255000003628,0.015504696750213043,128.0,0.0,128.0,128.0,128.0,1.0,0.0,1.0,1.0,1.0
proposed_dp_eps8_sparse_diverse,Unified DP-CounterGAN epsilon=8 + counted sparse-diverse search,256,disease_to_no_disease,100.0,0.83,0.34421628155107453,1.0,1.0,1.0,0.91,0.28762349126466136,1.0,1.0,1.0,0.76,0.429234695990928,1.0,1.0,1.0,0.815,0.34913312560388676,1.0,0.9,1.0,0.68,0.46882617226215045,1.0,0.0,1.0,0.11529343996892918,0.041263932951326326,0.10767189413309097,0.08449748158454895,0.1382320150732994,0.5475105141771809,0.14226360216651515,0.5666666666666668,0.5,0.6432098765432099,0.5475105141771809,0.14226360216651515,0.5666666666666668,0.5,0.6432098765432099,0.07047605537041858,0.022665284927236014,0.075041763484478,0.059367094188928604,0.0866033211350441,0.34410614889098345,0.10072665112308182,0.35564740195033206,0.28518821416793083,0.4040383907670706,0.34410614889098345,0.10072665112308182,0.35564740195033206,0.28518821416793083,0.4040383907670706,0.5650270364556079,0.35313688644289576,0.6,0.3,0.9,0.8897994069422641,0.07653921084347917,0.9,0.8571428571428571,0.9400000000000001,0.9164632596993341,0.06926542203335814,0.9393939393939394,0.8787878787878788,0.9696969696969697,0.9164632596993341,0.06926542203335814,0.9393939393939394,0.8787878787878788,0.9696969696969697,0.9947346083040745,0.005330967821102066,0.9958333333333333,0.9920995670995671,0.9986111111111111,1.0,0.0,1.0,1.0,1.0,0.5978419246090637,0.3843913445428007,0.4351702332496643,0.33215080201625824,0.8062070906162262,0.05094744550999167,0.014280173595556792,0.050624303999939,0.041142658499893514,0.0622731015005229,256.0,0.0,256.0,256.0,256.0,2.0,0.0,2.0,2.0,2.0
proposed_dp_eps8_sparse_diverse,Unified DP-CounterGAN epsilon=8 + counted sparse-diverse search,256,no_disease_to_disease,100.0,0.309,0.4156277958058921,0.0,0.0,0.725,0.48,0.5021167315686781,0.0,0.0,1.0,0.22,0.41633319989322726,0.0,0.0,0.0,0.301,0.40638713691565664,0.0,0.0,0.725,0.17,0.37752516806863706,0.0,0.0,0.0,0.10005560835512976,0.03867130907748174,0.0925346314907074,0.07035698182880878,0.12201883271336555,0.5722203850676073,0.1323031272232765,0.5796296296296297,0.5208333333333334,0.6500000000000001,0.5722203850676073,0.1323031272232765,0.5796296296296297,0.5208333333333334,0.6500000000000001,0.043411778596540294,0.024471471005189597,0.048649463802576065,0.028194171842187643,0.061331117525696754,0.30489750300847857,0.08511872405663708,0.2981215192348373,0.25511670867209435,0.33047846263444836,0.30489750300847857,0.08511872405663708,0.2981215192348373,0.25511670867209435,0.33047846263444836,0.7278687169312169,0.3600497784190207,0.8819444444444444,0.6666666666666666,1.0,0.15825066137566138,0.09920931026764147,0.1527777777777778,0.1,0.2,0.9229005349695005,0.07409212885704279,0.9393939393939394,0.8787878787878788,1.0,0.9229005349695005,0.07409212885704279,0.9393939393939394,0.8787878787878788,1.0,0.9945815411440412,0.005468017301299225,0.9955482017982018,0.9909449404761904,1.0,1.0,0.0,1.0,1.0,1.0,0.330538896843791,0.12919282147283992,0.36130641400814056,0.2075502797961235,0.4217231571674347,0.03440717058005248,0.011817153089950325,0.029686349000257906,0.027858630499849824,0.03523417650058036,256.0,0.0,256.0,256.0,256.0,2.0,0.0,2.0,2.0,2.0
proposed_dp_eps8_sparse_diverse,Unified DP-CounterGAN epsilon=8 + counted sparse-diverse search,512,disease_to_no_disease,100.0,0.8740000000000001,0.3103012547297686,1.0,1.0,1.0,0.92,0.2726599243442908,1.0,1.0,1.0,0.84,0.3684529491774708,1.0,1.0,1.0,0.845,0.31249242415059464,1.0,0.9,1.0,0.62,0.48783173121456314,1.0,0.0,1.0,0.10220100127322518,0.043060034618999446,0.09336433187127113,0.07218891941010952,0.12420793808996677,0.6334943639291467,0.14862145906557142,0.6777777777777778,0.5444444444444445,0.7472222222222223,0.6334943639291467,0.14862145906557142,0.6777777777777778,0.5444444444444445,0.7472222222222223,0.07225660478655735,0.020573253986381816,0.07468771189451218,0.0622329143807292,0.08739640936255455,0.34194335997712083,0.0985361563968929,0.35414322813696786,0.2671762258932218,0.4204026211011685,0.34194335997712083,0.0985361563968929,0.35414322813696786,0.2671762258932218,0.4204026211011685,0.6001207729468601,0.36206081396406714,0.7,0.2,0.9,0.895048309178744,0.07868068503703167,0.9099999999999999,0.8400000000000001,0.9400000000000001,0.9244898820985776,0.06899725429132104,0.9393939393939394,0.8787878787878788,0.9696969696969697,0.9244898820985776,0.06899725429132104,0.9393939393939394,0.8787878787878788,0.9696969696969697,0.9905930863369722,0.007975456324272979,0.9925198412698413,0.9876264880952381,0.9958333333333333,1.0,0.0,1.0,1.0,1.0,0.46750136383849644,0.2869790200496386,0.36118243634700775,0.2617160901427269,0.6261282712221146,0.1249609056900681,0.03397452533553465,0.12974269799997273,0.10830759600003148,0.1473309382502066,512.0,0.0,512.0,512.0,512.0,4.0,0.0,4.0,4.0,4.0
proposed_dp_eps8_sparse_diverse,Unified DP-CounterGAN epsilon=8 + counted sparse-diverse search,512,no_disease_to_disease,100.0,0.489,0.4596650075782573,0.45,0.0,1.0,0.61,0.4902071300001972,1.0,0.0,1.0,0.4,0.49236596391733095,0.0,0.0,1.0,0.472,0.45127876667590455,0.45,0.0,1.0,0.3,0.46056618647183817,0.0,0.0,1.0,0.09027914519681306,0.03415293170175841,0.08462205529212952,0.05890391021966934,0.11327145993709564,0.6350398993841616,0.11404828513866262,0.6444444444444445,0.5888888888888889,0.7111111111111112,0.6350398993841616,0.11404828513866262,0.6444444444444445,0.5888888888888889,0.7111111111111112,0.04681598424117585,0.018594316585178374,0.04779990762472153,0.03824784234166145,0.06094760447740555,0.31323231217734687,0.07579296967555102,0.2992386756661598,0.26262353349146556,0.35350756527135097,0.31323231217734687,0.07579296967555102,0.2992386756661598,0.26262353349146556,0.35350756527135097,0.6440671350507415,0.36323835923790865,0.8,0.3333333333333333,1.0,0.17566484517304193,0.09321546899081885,0.18,0.1,0.22000000000000003,0.9104429080121561,0.0678440757384233,0.9259259259259259,0.8484848484848485,0.9696969696969697,0.9104429080121561,0.0678440757384233,0.9259259259259259,0.8484848484848485,0.9696969696969697,0.9907660970307339,0.008766652477656001,0.991468253968254,0.9883333333333333,0.9974489795918368,1.0,0.0,1.0,1.0,1.0,0.32918046976699206,0.1332817213749997,0.32600951194763184,0.22078078985214233,0.424226850271225,0.08081631309999465,0.033361735044405205,0.06329062099985094,0.05705847274998632,0.10271147024991478,512.0,0.0,512.0,512.0,512.0,4.0,0.0,4.0,4.0,4.0
proposed_dp_eps8_sparse_diverse,Unified DP-CounterGAN epsilon=8 + counted sparse-diverse search,1024,disease_to_no_disease,100.0,0.9119999999999999,0.2705325835973899,1.0,1.0,1.0,0.93,0.2564323999762428,1.0,1.0,1.0,0.89,0.3144660377352201,1.0,1.0,1.0,0.8780000000000001,0.2710175364261602,1.0,0.9,1.0,0.63,0.4852365870939098,1.0,0.0,1.0,0.1019015677113046,0.04513484144310293,0.09424515068531036,0.06495895981788635,0.12668977677822113,0.6419952210274792,0.15050340997056952,0.6777777777777778,0.5333333333333334,0.7666666666666668,0.6419952210274792,0.15050340997056952,0.6777777777777778,0.5333333333333334,0.7666666666666668,0.07347896244497068,0.019096027420171906,0.07494331151247025,0.059587061405181885,0.08517642319202423,0.34087926072803787,0.09630605545358002,0.352794685082314,0.2746603492730208,0.4197775752198122,0.34087926072803787,0.09630605545358002,0.352794685082314,0.2746603492730208,0.4197775752198122,0.6078853046594982,0.35851942756105215,0.7,0.3,0.9,0.887252090800478,0.08045856086238024,0.9,0.8400000000000001,0.96,0.9229574487639004,0.0637679102028408,0.9393939393939394,0.8787878787878788,0.9696969696969697,0.9229574487639004,0.0637679102028408,0.9393939393939394,0.8787878787878788,0.9696969696969697,0.9901613776008937,0.008493315899125527,0.9931818181818182,0.9860714285714287,0.9957142857142858,1.0,0.0,1.0,1.0,1.0,0.4447435570019548,0.2806978571952335,0.3352542817592621,0.2657187283039093,0.5378368496894836,0.2776536940399819,0.06532261830099076,0.29236577199981184,0.251881288250388,0.32325140000011743,1024.0,0.0,1024.0,1024.0,1024.0,8.0,0.0,8.0,8.0,8.0
proposed_dp_eps8_sparse_diverse,Unified DP-CounterGAN epsilon=8 + counted sparse-diverse search,1024,no_disease_to_disease,100.0,0.586,0.4561631818602289,0.8500000000000001,0.0,1.0,0.68,0.4688261722621506,1.0,0.0,1.0,0.49,0.5024183937956906,0.0,0.0,1.0,0.5529999999999999,0.4493440786414138,0.8,0.0,1.0,0.36,0.48241815132442173,0.0,0.0,1.0,0.08952206422520034,0.03547710438671774,0.08964395523071289,0.062354084104299545,0.11225062981247902,0.6502632534495278,0.11789159841100118,0.6777777777777778,0.575,0.7444444444444446,0.6502632534495278,0.11789159841100118,0.6777777777777778,0.575,0.7444444444444446,0.050141397644491756,0.016884867381132318,0.050720417872071266,0.03959807101637125,0.06008721422404051,0.33103417188708884,0.08593911805011492,0.31114060224322504,0.26641263381579894,0.37848257339181823,0.33103417188708884,0.08593911805011492,0.31114060224322504,0.26641263381579894,0.37848257339181823,0.6442577030812324,0.35602858283352634,0.8,0.32499999999999996,1.0,0.1583823529411765,0.09098019719640008,0.15000000000000002,0.095,0.22000000000000003,0.9027191087028816,0.08027079601359771,0.9090909090909091,0.8484848484848485,0.9696969696969697,0.9027191087028816,0.08027079601359771,0.9090909090909091,0.8484848484848485,0.9696969696969697,0.9902776525820118,0.008380417051425136,0.9918474927849927,0.9870481601731602,0.9963609307359308,1.0,0.0,1.0,1.0,1.0,0.2954571431173998,0.12521212893388492,0.27545055747032166,0.18939194455742836,0.39513272047042847,0.18827142220994575,0.08300406565466682,0.1426849874992513,0.11440762600022936,0.2676963789999718,1024.0,0.0,1024.0,1024.0,1024.0,8.0,0.0,8.0,8.0,8.0
uniform_random,Uniform constrained random,128,disease_to_no_disease,100.0,0.06,0.11891767800211278,0.0,0.0,0.1,0.3,0.4605661864718382,0.0,0.0,1.0,0.0,0.0,0.0,0.0,0.0,0.05700000000000001,0.11304330090185757,0.0,0.0,0.1,0.0,0.0,0.0,0.0,0.0,0.026080226215223472,0.011040038300493875,0.026610713452100754,0.016218077391386032,0.03205146221444011,0.6956172839506175,0.1042694422269171,0.6666666666666667,0.6180555555555556,0.7777777777777778,0.6956172839506175,0.1042694422269171,0.6666666666666667,0.6180555555555556,0.7777777777777778,0.016192415046195188,0.01951444558947678,0.0,0.0,0.03606459032744169,0.27920615136471094,0.10659815697951107,0.297388676629705,0.21893633018521316,0.35800780518787734,0.27920615136471094,0.10659815697951107,0.297388676629705,0.21893633018521316,0.35800780518787734,0.8633333333333333,0.31756979502566596,1.0,1.0,1.0,0.8454444444444444,0.11626196913073428,0.8,0.8,0.95,0.9425451092117759,0.07115462999982292,0.9622507122507122,0.8974358974358974,1.0,0.9425451092117759,0.07115462999982292,0.9622507122507122,0.8974358974358974,1.0,0.9745998677248678,0.0407036161772494,0.9937499999999999,0.9637896825396824,1.0,1.0,0.0,1.0,1.0,1.0,0.23490052670240402,0.1137484055511724,0.20628686249256134,0.1382191702723503,0.3374118357896805,0.006646717819949117,0.0003513993330255055,0.006587371499790606,0.006385355750126109,0.006875427000068157,128.0,0.0,128.0,128.0,128.0,1.0,0.0,1.0,1.0,1.0
uniform_random,Uniform constrained random,128,no_disease_to_disease,100.0,0.035,0.1028630549848103,0.0,0.0,0.0,0.13,0.33799766898963074,0.0,0.0,0.0,0.0,0.0,0.0,0.0,0.0,0.03,0.09156330260447355,0.0,0.0,0.0,0.0,0.0,0.0,0.0,0.0,0.031883552527198426,0.008569842482119755,0.031106293201446533,0.025507831946015358,0.03488723933696747,0.6564102564102564,0.09756001103179339,0.6296296296296297,0.5555555555555556,0.7555555555555555,0.6564102564102564,0.09756001103179339,0.6296296296296297,0.5555555555555556,0.7555555555555555,0.027133445327098552,0.020157979993150364,0.037103742361068726,0.0,0.04098349064588547,0.3035294559513384,0.06402615655710626,0.3044353734275116,0.2616598551737685,0.3264497469447283,0.3035294559513384,0.06402615655710626,0.3044353734275116,0.2616598551737685,0.3264497469447283,0.7282051282051282,0.3814800984678828,1.0,0.6666666666666666,1.0,0.12205128205128207,0.10191262108385957,0.13333333333333333,0.0,0.2,0.9421433267587115,0.062055906116972676,0.9615384615384616,0.9230769230769231,1.0,0.9421433267587115,0.062055906116972676,0.9615384615384616,0.9230769230769231,1.0,0.9825193325193324,0.0299148484767418,0.9916666666666666,0.9821428571428572,1.0,1.0,0.0,1.0,1.0,1.0,0.28949908453684586,0.0829995932543697,0.29625052213668823,0.25657275319099426,0.3489295542240143,0.006595465270020213,0.00040568568663299696,0.006527328499942087,0.006319878499652987,0.006769897499907529,128.0,0.0,128.0,128.0,128.0,1.0,0.0,1.0,1.0,1.0
uniform_random,Uniform constrained random,256,disease_to_no_disease,100.0,0.20200000000000004,0.3064887494433581,0.0,0.0,0.3,0.44,0.4988876515698588,0.0,0.0,1.0,0.04,0.19694638556693206,0.0,0.0,0.0,0.192,0.2946252541857885,0.0,0.0,0.3,0.02,0.14070529413628957,0.0,0.0,0.0,0.04179561747746034,0.01403865799010113,0.03746997378766537,0.03281716536730528,0.047700393944978714,0.6179653679653679,0.0900139869854886,0.6361111111111111,0.5555555555555556,0.6712962962962964,0.6179653679653679,0.0900139869854886,0.6361111111111111,0.5555555555555556,0.6712962962962964,0.03362812283872203,0.019414329163105513,0.04084720276296139,0.024048997089266777,0.046675510704517365,0.32212293826655786,0.09119722963252715,0.32575266639425293,0.25178923394898217,0.38193833999047266,0.32212293826655786,0.09119722963252715,0.32575266639425293,0.25178923394898217,0.38193833999047266,0.836931818181818,0.3004647440659078,1.0,0.75,1.0,0.8777795815295818,0.107863638584888,0.9,0.8000000000000002,0.97,0.9165962332106531,0.08415364009031115,0.9259259259259259,0.8846153846153846,1.0,0.9165962332106531,0.08415364009031115,0.9259259259259259,0.8846153846153846,1.0,0.9891536636463585,0.012477174296354995,0.9935515873015873,0.9819642857142858,1.0,1.0,0.0,1.0,1.0,1.0,0.26941452818838035,0.09724153936397467,0.2704145908355713,0.18979119509458542,0.32716435194015503,0.012950617480028086,0.001683025249142219,0.012654254000153742,0.012091482499954509,0.013283202249795067,256.0,0.0,256.0,256.0,256.0,2.0,0.0,2.0,2.0,2.0
uniform_random,Uniform constrained random,256,no_disease_to_disease,100.0,0.081,0.22142559230877687,0.0,0.0,0.0,0.16,0.3684529491774713,0.0,0.0,0.0,0.01,0.09999999999999994,0.0,0.0,0.0,0.07700000000000001,0.21360541361883315,0.0,0.0,0.0,0.01,0.09999999999999994,0.0,0.0,0.0,0.03822365461383015,0.00732974967273972,0.0382678247988224,0.03291483875364065,0.040495360270142555,0.6209463183421517,0.06601043134046533,0.6319444444444444,0.5555555555555556,0.6728395061728396,0.6209463183421517,0.06601043134046533,0.6319444444444444,0.5555555555555556,0.6728395061728396,0.036307980422861874,0.01938582586684501,0.04240729101002216,0.032728147227317095,0.04852790478616953,0.3085899902106939,0.06229674130263631,0.29528891134514684,0.272284892581951,0.3511650781980745,0.3085899902106939,0.06229674130263631,0.29528891134514684,0.272284892581951,0.3511650781980745,0.7927331349206349,0.27713859637922794,0.8875,0.6428571428571428,1.0,0.1278075396825397,0.08546894082828507,0.12222222222222222,0.0830357142857143,0.18125000000000002,0.9205097504666471,0.10664338006210763,0.9629629629629629,0.875,1.0,0.9205097504666471,0.10664338006210763,0.9629629629629629,0.875,1.0,0.980803908960996,0.03369093002747503,0.9866780045351473,0.9825396825396826,1.0,1.0,0.0,1.0,1.0,1.0,0.283418289385736,0.05732224901418461,0.27374911308288574,0.24751689285039902,0.3187265172600746,0.012659404570003972,0.0006743740201558779,0.012529798499599565,0.012212497500058817,0.01292075125024894,256.0,0.0,256.0,256.0,256.0,2.0,0.0,2.0,2.0,2.0
uniform_random,Uniform constrained random,512,disease_to_no_disease,100.0,0.43200000000000005,0.4369037061926216,0.2,0.0,1.0,0.66,0.47609522856952374,1.0,0.0,1.0,0.3,0.46056618647183817,0.0,0.0,1.0,0.41,0.4186317298683001,0.2,0.0,0.9,0.21,0.40936018074033265,0.0,0.0,0.0,0.0544133060470675,0.01949351058908058,0.05390716716647148,0.04016664531081915,0.06354461330920458,0.5875681417348084,0.10590300121974333,0.5888888888888889,0.5194444444444445,0.6666666666666667,0.5875681417348084,0.10590300121974333,0.5888888888888889,0.5194444444444445,0.6666666666666667,0.043769551384629624,0.024672454370471025,0.045766932889819145,0.03826365806162357,0.057722099125385284,0.33979061464996624,0.08426267924709283,0.3488096144260123,0.2938644611990957,0.4011936488067499,0.33979061464996624,0.08426267924709283,0.3488096144260123,0.2938644611990957,0.4011936488067499,0.6395683020683021,0.37599977369842424,0.8,0.3,1.0,0.8909307359307359,0.07818879530714709,0.8944444444444444,0.8200000000000001,0.955,0.9084838146489139,0.08874252614206109,0.9245014245014245,0.8802447552447552,0.968013468013468,0.9084838146489139,0.08874252614206109,0.9245014245014245,0.8802447552447552,0.968013468013468,0.9904246596991007,0.01202499271734906,0.9945436507936508,0.9859027777777779,1.0,1.0,0.0,1.0,1.0,1.0,0.26926033481052425,0.09190977313346037,0.26578865945339203,0.18925507739186287,0.3359941840171814,0.025925031219985614,0.002476162502301113,0.025132716999905824,0.024220021750124943,0.026820891500392463,512.0,0.0,512.0,512.0,512.0,4.0,0.0,4.0,4.0,4.0
uniform_random,Uniform constrained random,512,no_disease_to_disease,100.0,0.155,0.3479739337735781,0.0,0.0,0.0,0.23,0.4229525846816508,0.0,0.0,0.0,0.14,0.34873508801977743,0.0,0.0,0.0,0.15,0.3388930286218432,0.0,0.0,0.0,0.1,0.30151134457776335,0.0,0.0,0.0,0.04811666541449402,0.020262612975688783,0.04186706990003586,0.03268683888018131,0.058482976630330086,0.6115942028985507,0.10290277743323727,0.6444444444444445,0.5555555555555556,0.6777777777777778,0.6115942028985507,0.10290277743323727,0.6444444444444445,0.5555555555555556,0.6777777777777778,0.032618916633984314,0.021542736491772456,0.038432639092206955,0.013885526917874813,0.04479118622839451,0.32730195322746114,0.08020438539134453,0.3174456658504998,0.28492604514659303,0.35377156433722184,0.32730195322746114,0.08020438539134453,0.3174456658504998,0.28492604514659303,0.35377156433722184,0.6826086956521739,0.35885192427700907,0.8,0.45,1.0,0.14347826086956525,0.10227452787172082,0.14,0.09,0.19,0.9142709142709142,0.10344950911017715,0.9615384615384616,0.8787878787878788,1.0,0.9142709142709142,0.10344950911017715,0.9615384615384616,0.8787878787878788,1.0,0.9805818668046931,0.016642346482924213,0.9857142857142858,0.9678621031746032,0.9947420634920635,1.0,0.0,1.0,1.0,1.0,0.2508146827635558,0.0865561061373044,0.2603137493133545,0.19385730475187302,0.30281852185726166,0.025021682280021197,0.0018472405547199546,0.024409383500369586,0.023800918499773616,0.025455689250520663,512.0,0.0,512.0,512.0,512.0,4.0,0.0,4.0,4.0,4.0
uniform_random,Uniform constrained random,1024,disease_to_no_disease,100.0,0.6759999999999999,0.4266666666666665,1.0,0.17500000000000002,1.0,0.79,0.4093601807403325,1.0,1.0,1.0,0.57,0.49756985195624287,1.0,0.0,1.0,0.639,0.41044321941486167,0.9,0.1,1.0,0.34,0.47609522856952363,0.0,0.0,1.0,0.06153944721799108,0.026207545282268024,0.056803248822689056,0.04037965461611748,0.07889644801616669,0.5945052798428329,0.12204510738454093,0.5888888888888889,0.5,0.6888888888888889,0.5945052798428329,0.12204510738454093,0.5888888888888889,0.5,0.6888888888888889,0.05647024868315534,0.022177004684521613,0.055094122886657715,0.04225023090839386,0.0698772445321083,0.3573433308006515,0.09104765222632226,0.37058978524534847,0.30056333526010093,0.4247025752086846,0.3573433308006515,0.09104765222632226,0.37058978524534847,0.30056333526010093,0.4247025752086846,0.5856288929073739,0.35611789153822304,0.7,0.225,0.9,0.8678762306610407,0.09296455598572965,0.8600000000000001,0.8,0.9400000000000001,0.9116672211827167,0.07347730515099628,0.9393939393939394,0.8787878787878788,0.9642401021711366,0.9116672211827167,0.07347730515099628,0.9393939393939394,0.8787878787878788,0.9642401021711366,0.9894539678558665,0.012071376356538434,0.9925,0.9857539682539682,0.9977678571428572,1.0,0.0,1.0,1.0,1.0,0.2682353427892999,0.07792223141544373,0.25718632340431213,0.21451149135828018,0.3148614913225174,0.056211490909963684,0.027963999661556972,0.050939414499680424,0.04882519174998379,0.05515971700015143,1024.0,0.0,1024.0,1024.0,1024.0,8.0,0.0,8.0,8.0,8.0
uniform_random,Uniform constrained random,1024,no_disease_to_disease,100.0,0.254,0.39168633090546,0.0,0.0,0.325,0.42,0.4960449637488585,0.0,0.0,1.0,0.17,0.37752516806863706,0.0,0.0,0.0,0.248,0.3865098950737207,0.0,0.0,0.325,0.15,0.35887028128263754,0.0,0.0,0.0,0.07291297676662604,0.03491833492767701,0.07358470186591148,0.04090238735079765,0.09332908876240253,0.55054379776602,0.15340045850617168,0.5555555555555556,0.4444444444444444,0.675,0.55054379776602,0.15340045850617168,0.5555555555555556,0.4444444444444444,0.675,0.046145103073545864,0.03114985116088869,0.04416905716061592,0.030977700371295214,0.06943326815962791,0.36632961749498183,0.08916958927611184,0.3400847916481852,0.30192967060311027,0.4407137409677668,0.36632961749498183,0.08916958927611184,0.3400847916481852,0.30192967060311027,0.4407137409677668,0.5732142857142858,0.3590622622274458,0.6125,0.35,0.9,0.13473544973544976,0.07719918726990958,0.13333333333333333,0.08,0.2,0.8795796795796798,0.08220023434182104,0.8944444444444444,0.8461538461538461,0.937878787878788,0.8795796795796798,0.08220023434182104,0.8944444444444444,0.8461538461538461,0.937878787878788,0.9884187300060313,0.01450435268806627,0.9963789682539682,0.9773295454545454,1.0,1.0,0.0,1.0,1.0,1.0,0.2563814721291974,0.08031794040995978,0.2492077574133873,0.20254923403263092,0.3076193332672119,0.05007783712002492,0.004505690614003041,0.048527155500323715,0.04745469424983639,0.05040469900040989,1024.0,0.0,1024.0,1024.0,1024.0,8.0,0.0,8.0,8.0,8.0
wachter_style,Custom Wachter-style gradient,128,disease_to_no_disease,100.0,0.006000000000000001,0.02386832565759423,0.0,0.0,0.0,0.06,0.2386832565759414,0.0,0.0,0.0,0.0,0.0,0.0,0.0,0.0,0.006000000000000001,0.02386832565759423,0.0,0.0,0.0,0.0,0.0,0.0,0.0,0.0,0.019586515923341114,0.01153531008391636,0.012795369606465101,0.012678931700065732,0.022953034844249487,0.7222222222222222,0.09296222517045283,0.7777777777777778,0.6944444444444445,0.7777777777777778,0.7222222222222222,0.09296222517045283,0.7777777777777778,0.6944444444444445,0.7777777777777778,0.0,0.0,0.0,0.0,0.0,0.20899726053997872,0.10764211766276072,0.16549097725848566,0.13448384511027875,0.29429167156053715,0.20899726053997872,0.10764211766276072,0.16549097725848566,0.13448384511027875,0.29429167156053715,0.8333333333333334,0.408248290463863,1.0,1.0,1.0,0.7999999999999999,0.1788854381999832,0.8,0.65,0.95,1.0,0.0,1.0,1.0,1.0,1.0,0.0,1.0,1.0,1.0,1.0,0.0,1.0,1.0,1.0,1.0,0.0,1.0,1.0,1.0,0.2210073173046112,0.1277598221748142,0.1606733500957489,0.13436740636825562,0.3022790998220444,0.018235655530043006,0.0007782508070795309,0.018128941000213672,0.017684156249742955,0.018517922500450368,128.0,0.0,128.0,128.0,128.0,1.0,0.0,1.0,1.0,1.0
wachter_style,Custom Wachter-style gradient,128,no_disease_to_disease,100.0,0.0030000000000000005,0.017144660799776494,0.0,0.0,0.0,0.03,0.17144660799776554,0.0,0.0,0.0,0.0,0.0,0.0,0.0,0.0,0.0030000000000000005,0.017144660799776494,0.0,0.0,0.0,0.0,0.0,0.0,0.0,0.0,0.012663550054033598,0.00014565044848761935,0.012665080837905407,0.012591110542416573,0.012736754957586527,0.7777777777777778,0.0,0.7777777777777778,0.7777777777777778,0.7777777777777778,0.7777777777777778,0.0,0.7777777777777778,0.7777777777777778,0.7777777777777778,0.0,0.0,0.0,0.0,0.0,0.24772652750410384,0.04324809067239896,0.254561380303819,0.2280146843549744,0.2708557970530908,0.24772652750410384,0.04324809067239896,0.254561380303819,0.2280146843549744,0.2708557970530908,1.0,0.0,1.0,1.0,1.0,0.06666666666666667,0.11547005383792518,0.0,0.0,0.1,1.0,0.0,1.0,1.0,1.0,1.0,0.0,1.0,1.0,1.0,0.8930555555555556,0.134779483821757,0.9375,0.8395833333333333,0.96875,1.0,0.0,1.0,1.0,1.0,0.25287380814552307,0.04172236689916972,0.23051896691322327,0.22880570590496063,0.2657644897699356,0.018130655739978466,0.0007060067581867298,0.01802524850018017,0.017582839249826065,0.01848759700010305,128.0,0.0,128.0,128.0,128.0,1.0,0.0,1.0,1.0,1.0
wachter_style,Custom Wachter-style gradient,256,disease_to_no_disease,100.0,0.026000000000000006,0.04631905164675278,0.0,0.0,0.025,0.25,0.4351941398892446,0.0,0.0,0.25,0.0,0.0,0.0,0.0,0.0,0.026000000000000006,0.04631905164675278,0.0,0.0,0.025,0.0,0.0,0.0,0.0,0.0,0.025755711905658243,0.016632750920133173,0.020630106329917908,0.014518789947032928,0.032455794513225555,0.64,0.1253800805911908,0.6666666666666667,0.5555555555555556,0.7777777777777778,0.64,0.1253800805911908,0.6666666666666667,0.5555555555555556,0.7777777777777778,0.001835751086473465,0.009178755432367318,0.0,0.0,0.0,0.2516579525927345,0.10689257051590854,0.2726211184781862,0.18464474641326076,0.33303567511838483,0.2516579525927345,0.10689257051590854,0.2726211184781862,0.18464474641326076,0.33303567511838483,0.88,0.33166247903553997,1.0,1.0,1.0,0.8360000000000001,0.17048949136725897,0.8,0.6,1.0,0.96,0.06327673168847726,1.0,0.9230769230769231,1.0,0.96,0.06327673168847726,1.0,0.9230769230769231,1.0,0.9877619047619046,0.03062926586514346,1.0,1.0,1.0,1.0,0.0,1.0,1.0,1.0,0.30906548142433166,0.12807163616387743,0.32180604338645935,0.23872604966163635,0.39211907982826233,0.03207740046998879,0.0012607766045501492,0.031936295999912545,0.031259553999916534,0.03281639949955206,256.0,0.0,256.0,256.0,256.0,1.0,0.0,1.0,1.0,1.0
wachter_style,Custom Wachter-style gradient,256,no_disease_to_disease,100.0,0.013000000000000001,0.04181488788081167,0.0,0.0,0.0,0.1,0.30151134457776335,0.0,0.0,0.0,0.0,0.0,0.0,0.0,0.0,0.013000000000000001,0.04181488788081167,0.0,0.0,0.0,0.0,0.0,0.0,0.0,0.0,0.02237670896574855,0.0078037946402755905,0.020885285921394825,0.014750140719115734,0.030022147577255964,0.6277777777777778,0.10159901277292743,0.6111111111111112,0.5694444444444444,0.6666666666666667,0.6277777777777778,0.10159901277292743,0.6111111111111112,0.5694444444444444,0.6666666666666667,0.0065999127924442295,0.010627253027836844,0.0,0.0,0.016392309218645096,0.28912106413435545,0.06783777257363514,0.2891173716485213,0.27298739791025156,0.32196997180134007,0.28912106413435545,0.06783777257363514,0.2891173716485213,0.27298739791025156,0.32196997180134007,0.8,0.42163702135578396,1.0,1.0,1.0,0.12999999999999998,0.15670212364724212,0.1,0.0,0.17500000000000002,0.9923076923076923,0.024325212770525982,1.0,1.0,1.0,0.9923076923076923,0.024325212770525982,1.0,1.0,1.0,0.9911111111111112,0.023635608206869593,1.0,1.0,1.0,1.0,0.0,1.0,1.0,1.0,0.3265509828925133,0.17501993621690753,0.2895907014608383,0.18656830489635468,0.436408206820488,0.03197771059000843,0.0014422224430283952,0.0318981804998657,0.031111747500062847,0.03269563399976505,256.0,0.0,256.0,256.0,256.0,1.0,0.0,1.0,1.0,1.0
wachter_style,Custom Wachter-style gradient,512,disease_to_no_disease,100.0,0.289,0.23307128141884462,0.3,0.1,0.4,0.79,0.4093601807403325,1.0,1.0,1.0,0.03,0.17144660799776554,0.0,0.0,0.0,0.28700000000000003,0.23253326035584063,0.3,0.1,0.4,0.03,0.17144660799776554,0.0,0.0,0.0,0.084981117704058,0.028820513666805003,0.07720200717449188,0.06798932328820229,0.09688204154372215,0.482936507936508,0.13558982277938883,0.5,0.3888888888888889,0.5555555555555556,0.482936507936508,0.13558982277938883,0.5,0.3888888888888889,0.5555555555555556,0.047897856210983254,0.02104942756140422,0.04518607631325722,0.043727725744247437,0.06285145506262779,0.3362542997276314,0.09252160690101427,0.35204655836979615,0.27949932525825993,0.3969089885836491,0.3362542997276314,0.09252160690101427,0.35204655836979615,0.27949932525825993,0.3969089885836491,0.6808921036769138,0.4226171945622316,1.0,0.25,1.0,0.8855786618444845,0.1073521743418686,0.9,0.8,1.0,0.9446763124196559,0.06746581138744245,0.9615384615384616,0.9230769230769231,1.0,0.9446763124196559,0.06746581138744245,0.9615384615384616,0.9230769230769231,1.0,0.9954017325852768,0.01025945029713382,1.0,0.9969769813519813,1.0,1.0,0.0,1.0,1.0,1.0,0.5841837993151024,0.33504934295379757,0.5221220254898071,0.33638742566108704,0.7920690178871155,0.05892738213001394,0.002757365522299589,0.05884529149989248,0.05725583875027951,0.05985512199981713,512.0,0.0,512.0,512.0,512.0,1.0,0.0,1.0,1.0,1.0
wachter_style,Custom Wachter-style gradient,512,no_disease_to_disease,100.0,0.09300000000000001,0.16892709562519484,0.0,0.0,0.2,0.31,0.4648231987117317,0.0,0.0,1.0,0.0,0.0,0.0,0.0,0.0,0.09300000000000001,0.16892709562519484,0.0,0.0,0.2,0.0,0.0,0.0,0.0,0.0,0.08489846342032956,0.03891176668260243,0.07859157025814056,0.054592620581388474,0.10405448824167252,0.4453618364908688,0.13187446786058737,0.4444444444444444,0.36111111111111116,0.5555555555555556,0.4453618364908688,0.13187446786058737,0.4444444444444444,0.36111111111111116,0.5555555555555556,0.04058806478015838,0.0230400134957621,0.04510623961687088,0.022899274714291096,0.058181654661893845,0.3443895356965095,0.06905095659170361,0.34497422379729564,0.30099888938037245,0.38354284111365666,0.3443895356965095,0.06905095659170361,0.34497422379729564,0.30099888938037245,0.38354284111365666,0.61463133640553,0.4783087008389274,1.0,0.0,1.0,0.14009216589861753,0.10840717311594635,0.10000000000000002,0.058333333333333334,0.2,0.8952207105710998,0.08869402999631948,0.8888888888888888,0.8461538461538461,0.9615384615384616,0.8952207105710998,0.08869402999631948,0.8888888888888888,0.8461538461538461,0.9615384615384616,0.9923209145991405,0.010471077558070346,0.9976851851851851,0.9878108003108004,1.0,1.0,0.0,1.0,1.0,1.0,0.44293212506078905,0.2518636098483807,0.3958922028541565,0.24075614660978317,0.5938066840171814,0.05937379686002714,0.0033313353431525315,0.05868404350030687,0.057355713000106334,0.06050657774994761,512.0,0.0,512.0,512.0,512.0,1.0,0.0,1.0,1.0,1.0
wachter_style,Custom Wachter-style gradient,1024,disease_to_no_disease,100.0,0.31799999999999995,0.24052971844357515,0.3,0.1,0.4,0.82,0.3861229196653692,1.0,1.0,1.0,0.03,0.17144660799776548,0.0,0.0,0.0,0.31799999999999995,0.24052971844357515,0.3,0.1,0.4,0.03,0.17144660799776548,0.0,0.0,0.0,0.09160514153176691,0.027723396947801907,0.08800622075796127,0.07451665215194225,0.10228375717997551,0.4952854131715921,0.1278181276273334,0.5,0.41805555555555557,0.5555555555555556,0.4952854131715921,0.1278181276273334,0.5,0.41805555555555557,0.5555555555555556,0.05410864890166899,0.02379789533128018,0.05342322960495949,0.04454859532415867,0.06959309615194798,0.3611857662353757,0.09913175488360132,0.3654752345017883,0.29661162181986156,0.4225397532300239,0.3611857662353757,0.09913175488360132,0.3654752345017883,0.29661162181986156,0.4225397532300239,0.5460607820363917,0.43780067415828183,0.6,0.0,1.0,0.8770460704607045,0.09425439788719123,0.9,0.8,0.95,0.9450233612134369,0.05885941901939295,0.9615384615384616,0.9230769230769231,1.0,0.9450233612134369,0.05885941901939295,0.9615384615384616,0.9230769230769231,1.0,0.9935439287827499,0.012585964293796853,1.0,0.9925820707070708,1.0,1.0,0.0,1.0,1.0,1.0,0.7582580339981289,0.46014804240143753,0.6294602453708649,0.4043216332793236,0.9658507108688354,0.11198890419994313,0.004563883379788817,0.11107940549982231,0.1090151414994125,0.11420683824985645,1024.0,0.0,1024.0,1024.0,1024.0,1.0,0.0,1.0,1.0,1.0
wachter_style,Custom Wachter-style gradient,1024,no_disease_to_disease,100.0,0.17800000000000005,0.2153596944179621,0.1,0.0,0.3,0.61,0.4902071300001972,1.0,0.0,1.0,0.0,0.0,0.0,0.0,0.0,0.17600000000000002,0.21608079297084473,0.1,0.0,0.3,0.0,0.0,0.0,0.0,0.0,0.1072942381877391,0.0330384697813146,0.10702575743198395,0.08771608024835587,0.13221921026706696,0.45255009107468114,0.1016951329147614,0.4444444444444445,0.3888888888888889,0.5277777777777778,0.45255009107468114,0.1016951329147614,0.4444444444444445,0.3888888888888889,0.5277777777777778,0.04658378880532062,0.02946502900769612,0.04784742742776871,0.043478261679410934,0.061978716403245926,0.3787064687469208,0.08115324081653552,0.3730471160496135,0.3315308286785199,0.42938286409844484,0.3787064687469208,0.08115324081653552,0.3730471160496135,0.3315308286785199,0.42938286409844484,0.358287795992714,0.409302356056843,0.16666666666666666,0.0,0.7777777777777778,0.17480874316939887,0.1168342220623593,0.2,0.1,0.24,0.9416001120919152,0.0696632269309902,0.9615384615384616,0.9230769230769231,1.0,0.9416001120919152,0.0696632269309902,0.9615384615384616,0.9230769230769231,1.0,0.993024882676522,0.011225825429916186,1.0,0.9864753302253303,1.0,1.0,0.0,1.0,1.0,1.0,0.5622241636280154,0.3408568765632845,0.4927290081977844,0.3007088899612427,0.74588942527771,0.11286822125000981,0.005549416200022501,0.11206288949961163,0.10933799374993214,0.11515779750016009,1024.0,0.0,1024.0,1024.0,1024.0,1.0,0.0,1.0,1.0,1.0
