method,method_label,candidate_budget,direction,difficulty_stratum,n_factuals,valid_cfe_yield_at_k_mean,valid_cfe_yield_at_k_std,valid_cfe_yield_at_k_median,valid_cfe_yield_at_k_q25,valid_cfe_yield_at_k_q75,coverage_at_1_mean,coverage_at_1_std,coverage_at_1_median,coverage_at_1_q25,coverage_at_1_q75,full_k_success_mean,full_k_success_std,full_k_success_median,full_k_success_q25,full_k_success_q75,robust_completeness_at_k_mean,robust_completeness_at_k_std,robust_completeness_at_k_median,robust_completeness_at_k_q25,robust_completeness_at_k_q75,robust_full_k_success_mean,robust_full_k_success_std,robust_full_k_success_median,robust_full_k_success_q25,robust_full_k_success_q75,proximity_mean,proximity_std,proximity_median,proximity_q25,proximity_q75,sparsity_mean,sparsity_std,sparsity_median,sparsity_q25,sparsity_q75,group_sparsity_mean,group_sparsity_std,group_sparsity_median,group_sparsity_q25,group_sparsity_q75,diversity_mean,diversity_std,diversity_median,diversity_q25,diversity_q75,plausibility_mean,plausibility_std,plausibility_median,plausibility_q25,plausibility_q75,plausibility_distance_mean,plausibility_distance_std,plausibility_distance_median,plausibility_distance_q25,plausibility_distance_q75,plausibility_inlier_rate_mean,plausibility_inlier_rate_std,plausibility_inlier_rate_median,plausibility_inlier_rate_q25,plausibility_inlier_rate_q75,target_data_support_mean,target_data_support_std,target_data_support_median,target_data_support_q25,target_data_support_q75,local_surrogate_fidelity_mean,local_surrogate_fidelity_std,local_surrogate_fidelity_median,local_surrogate_fidelity_q25,local_surrogate_fidelity_q75,fidelity_mean,fidelity_std,fidelity_median,fidelity_q25,fidelity_q75,changed_set_dice_mean,changed_set_dice_std,changed_set_dice_median,changed_set_dice_q25,changed_set_dice_q75,constraint_validity_mean,constraint_validity_std,constraint_validity_median,constraint_validity_q25,constraint_validity_q75,mean_target_logit_margin_mean,mean_target_logit_margin_std,mean_target_logit_margin_median,mean_target_logit_margin_q25,mean_target_logit_margin_q75,generation_time_to_k_or_cap_seconds_mean,generation_time_to_k_or_cap_seconds_std,generation_time_to_k_or_cap_seconds_median,generation_time_to_k_or_cap_seconds_q25,generation_time_to_k_or_cap_seconds_q75,candidate_evaluations_mean,candidate_evaluations_std,candidate_evaluations_median,candidate_evaluations_q25,candidate_evaluations_q75,rounds_used_mean,rounds_used_std,rounds_used_median,rounds_used_q25,rounds_used_q75
countergan_one_shot,CounterGAN one-shot,128,disease_to_no_disease,high_confidence,33.0,0.06666666666666667,0.059511903571190405,0.1,0.0,0.1,0.6060606060606061,0.49619766344887317,1.0,0.0,1.0,0.0,0.0,0.0,0.0,0.0,0.06666666666666667,0.059511903571190405,0.1,0.0,0.1,0.0,0.0,0.0,0.0,0.0,0.17295756600797177,0.0435680100638063,0.17483443766832352,0.139213427901268,0.19729406014084816,0.35277777777777775,0.16448375537716772,0.3888888888888889,0.2222222222222222,0.4444444444444444,0.35277777777777775,0.16448375537716772,0.3888888888888889,0.2222222222222222,0.4444444444444444,0.0036124506033957003,0.012038798119969283,0.0,0.0,0.0,0.4144466940229446,0.08202977119439714,0.42216472169925645,0.36122518703521805,0.46111726805768977,0.4144466940229446,0.08202977119439714,0.42216472169925645,0.36122518703521805,0.46111726805768977,0.125,0.31933318682925255,0.0,0.0,0.0,0.9,0.15559732104309984,1.0,0.8,1.0,0.9673076923076923,0.04714687454654807,1.0,0.9615384615384616,1.0,0.9673076923076923,0.04714687454654807,1.0,0.9615384615384616,1.0,0.9986111111111111,0.006211299937499416,1.0,1.0,1.0,1.0,0.0,1.0,1.0,1.0,0.7389706507325172,0.4491791569806105,0.6571294665336609,0.4841429442167282,0.8959928452968597,0.0087129504243311,0.001521115176896527,0.009342569999716943,0.0070813869997436996,0.009560797000631283,128.0,0.0,128.0,128.0,128.0,1.0,0.0,1.0,1.0,1.0
countergan_one_shot,CounterGAN one-shot,128,disease_to_no_disease,medium_confidence,33.0,0.09393939393939395,0.042861651999441336,0.1,0.1,0.1,0.8787878787878788,0.3314339826398084,1.0,1.0,1.0,0.0,0.0,0.0,0.0,0.0,0.09393939393939395,0.042861651999441336,0.1,0.1,0.1,0.0,0.0,0.0,0.0,0.0,0.18030409206604137,0.05033279476162998,0.18548254668712616,0.1488836109638214,0.20854927599430084,0.31992337164750956,0.15405681944841354,0.33333333333333337,0.2222222222222222,0.3888888888888889,0.31992337164750956,0.15405681944841354,0.33333333333333337,0.2222222222222222,0.3888888888888889,0.003921116541685729,0.017460706194253783,0.0,0.0,0.0,0.39960822448521754,0.07909503755545158,0.39323565744209305,0.32984699796738387,0.4688936109104831,0.39960822448521754,0.07909503755545158,0.39323565744209305,0.32984699796738387,0.4688936109104831,0.20689655172413793,0.4122508203948855,0.0,0.0,0.0,0.8965517241379312,0.1148998278647525,1.0,0.8,1.0,0.9628647214854111,0.06459016270949254,1.0,0.9615384615384616,1.0,0.9628647214854111,0.06459016270949254,1.0,0.9615384615384616,1.0,0.9957289161143117,0.01216543902153621,1.0,1.0,1.0,1.0,0.0,1.0,1.0,1.0,1.0775313151293788,0.5632299163584417,1.0379350185394287,0.6609346866607666,1.4146277904510498,0.009569353818237274,0.0012147507148620315,0.009690697000223736,0.009276718000364781,0.010034352999355178,128.0,0.0,128.0,128.0,128.0,1.0,0.0,1.0,1.0,1.0
countergan_one_shot,CounterGAN one-shot,128,disease_to_no_disease,near_boundary,34.0,0.15294117647058825,0.11344547246504115,0.1,0.1,0.17500000000000002,1.0,0.0,1.0,1.0,1.0,0.0,0.0,0.0,0.0,0.0,0.15294117647058825,0.11344547246504115,0.1,0.1,0.17500000000000002,0.0,0.0,0.0,0.0,0.0,0.16338442890521357,0.04882466235246904,0.16456936299800873,0.1349649764597416,0.20353859663009644,0.3624727668845316,0.16871377104123794,0.33333333333333337,0.2361111111111111,0.4444444444444444,0.3624727668845316,0.16871377104123794,0.33333333333333337,0.2361111111111111,0.4444444444444444,0.008135816520627807,0.014968597396662,0.0,0.0,0.01524211373180151,0.36712510916475943,0.1012703423125542,0.3703247460443734,0.2780938945356024,0.4421674282711825,0.36712510916475943,0.1012703423125542,0.3703247460443734,0.2780938945356024,0.4421674282711825,0.18382352941176472,0.385871816570645,0.0,0.0,0.0,0.9308823529411764,0.10299654736957678,1.0,0.825,1.0,0.9278950896597956,0.06003223017921363,0.9615384615384616,0.8942307692307692,0.9615384615384616,0.9278950896597956,0.06003223017921363,0.9615384615384616,0.8942307692307692,0.9615384615384616,0.9966147246640326,0.01115646644613407,1.0,1.0,1.0,1.0,0.0,1.0,1.0,1.0,1.6103048859273685,0.7047420858647737,1.4539454579353333,1.0687061548233032,2.245896577835083,0.009927880029462197,0.0004679242799339711,0.00989350550025847,0.009674519000327564,0.010121755750105876,128.0,0.0,128.0,128.0,128.0,1.0,0.0,1.0,1.0,1.0
countergan_one_shot,CounterGAN one-shot,128,no_disease_to_disease,high_confidence,33.0,0.04242424242424242,0.08671181807538916,0.0,0.0,0.1,0.2727272727272727,0.45226701686664555,0.0,0.0,1.0,0.0,0.0,0.0,0.0,0.0,0.0393939393939394,0.08638357026727486,0.0,0.0,0.0,0.0,0.0,0.0,0.0,0.0,0.16701168484157985,0.033636489568462505,0.15999847650527954,0.14506886899471283,0.19837552309036255,0.3209876543209877,0.15410478682493736,0.2777777777777778,0.2222222222222222,0.4444444444444444,0.3209876543209877,0.15410478682493736,0.2777777777777778,0.2222222222222222,0.4444444444444444,0.01768221292230818,0.027489697861575492,0.0,0.0,0.043567363172769547,0.44294939648725273,0.06255071206210558,0.42709423378733385,0.41896610677756213,0.4742811453544963,0.44294939648725273,0.06255071206210558,0.42709423378733385,0.41896610677756213,0.4742811453544963,0.2222222222222222,0.44095855184409843,0.0,0.0,0.0,0.17777777777777778,0.14813657362192648,0.2,0.0,0.30000000000000004,0.9145299145299146,0.06599762910889102,0.9230769230769231,0.8461538461538461,0.9615384615384616,0.9145299145299146,0.06599762910889102,0.9230769230769231,0.8461538461538461,0.9615384615384616,1.0,0.0,1.0,1.0,1.0,1.0,0.0,1.0,1.0,1.0,0.1394108103381263,0.039531957430486715,0.12928318977355957,0.10977031290531158,0.13886654376983643,0.007453586393818445,0.0015068969080556333,0.0067601920000015525,0.006480002999524004,0.007566199999928358,128.0,0.0,128.0,128.0,128.0,1.0,0.0,1.0,1.0,1.0
countergan_one_shot,CounterGAN one-shot,128,no_disease_to_disease,medium_confidence,33.0,0.24242424242424243,0.14583874448835396,0.2,0.2,0.4,0.8484848484848485,0.36410954062720957,1.0,1.0,1.0,0.0,0.0,0.0,0.0,0.0,0.2393939393939394,0.14348212854610573,0.2,0.2,0.3,0.0,0.0,0.0,0.0,0.0,0.1444606161011117,0.03264319709289567,0.14256120473146439,0.12280277349054813,0.16029799729585648,0.41944444444444445,0.12809645952025664,0.4444444444444444,0.33333333333333337,0.5138888888888888,0.41944444444444445,0.12809645952025664,0.4444444444444444,0.33333333333333337,0.5138888888888888,0.04801392222621611,0.016969932663207763,0.04763357527554035,0.04462194815278053,0.06001621764153242,0.3706417934194709,0.08741467033815918,0.36853011672991964,0.31921117966765417,0.4054561819752377,0.3706417934194709,0.08741467033815918,0.36853011672991964,0.31921117966765417,0.4054561819752377,0.3005952380952381,0.40846198887422214,0.0,0.0,0.5,0.16297619047619047,0.13149454067346428,0.1,0.07666666666666666,0.2,0.940018315018315,0.055718787486383856,0.9615384615384616,0.9230769230769231,1.0,0.940018315018315,0.055718787486383856,0.9615384615384616,0.9230769230769231,1.0,0.9931774947741335,0.012251900252524863,1.0,0.9903217126011244,1.0,1.0,0.0,1.0,1.0,1.0,0.5295492652803659,0.2796713771626053,0.4582291543483734,0.30727507919073105,0.7522334307432175,0.00943330306064595,0.0014783160074198784,0.00994048299980932,0.009383096999954432,0.010236424999675364,128.0,0.0,128.0,128.0,128.0,1.0,0.0,1.0,1.0,1.0
countergan_one_shot,CounterGAN one-shot,128,no_disease_to_disease,near_boundary,34.0,0.3352941176470588,0.1685631847025816,0.35,0.2,0.4,0.9705882352941176,0.17149858514250882,1.0,1.0,1.0,0.0,0.0,0.0,0.0,0.0,0.3323529411764706,0.17183605335758725,0.35,0.2,0.4,0.0,0.0,0.0,0.0,0.0,0.12717355121717308,0.033145287761737134,0.127826526761055,0.1007876843214035,0.1514199823141098,0.37562930896264235,0.120776934141597,0.3888888888888889,0.2777777777777778,0.4444444444444444,0.37562930896264235,0.120776934141597,0.3888888888888889,0.2777777777777778,0.4444444444444444,0.04618392704111157,0.018155126318668804,0.04874885082244873,0.04339127242565155,0.060718171298503876,0.3812493123869214,0.08514966218546917,0.379656184712582,0.33103783769874395,0.4266021948251105,0.3812493123869214,0.08514966218546917,0.379656184712582,0.33103783769874395,0.4266021948251105,0.5692640692640693,0.4202281310519281,0.75,0.2,1.0,0.20285714285714285,0.11194502821654756,0.2,0.13333333333333333,0.3,0.9440202198822888,0.05184729000082625,0.9615384615384616,0.8888888888888888,1.0,0.9440202198822888,0.05184729000082625,0.9615384615384616,0.8888888888888888,1.0,0.9972661877964908,0.005098521607165935,1.0,0.9975961538461539,1.0,1.0,0.0,1.0,1.0,1.0,0.7490367668144631,0.43564262423106914,0.6358478665351868,0.36445266008377075,1.163130283355713,0.00979965452948176,0.0008345065605939112,0.009949830500318058,0.009546107999995002,0.010320197999590164,128.0,0.0,128.0,128.0,128.0,1.0,0.0,1.0,1.0,1.0
countergan_one_shot,CounterGAN one-shot,256,disease_to_no_disease,high_confidence,33.0,0.06363636363636364,0.05487589303477107,0.1,0.0,0.1,0.6060606060606061,0.49619766344887317,1.0,0.0,1.0,0.0,0.0,0.0,0.0,0.0,0.06363636363636364,0.05487589303477107,0.1,0.0,0.1,0.0,0.0,0.0,0.0,0.0,0.1731263980269432,0.04513923852509399,0.17476873844861984,0.13899018988013268,0.19354815408587456,0.34444444444444444,0.16480441082434805,0.3888888888888889,0.2222222222222222,0.4444444444444444,0.34444444444444444,0.16480441082434805,0.3888888888888889,0.2222222222222222,0.4444444444444444,0.0010894845239818097,0.004872322912114652,0.0,0.0,0.0,0.4150097410661687,0.08059537686021544,0.42328520658776925,0.3620322617797499,0.46076945478332343,0.4150097410661687,0.08059537686021544,0.42328520658776925,0.3620322617797499,0.46076945478332343,0.125,0.31933318682925255,0.0,0.0,0.0,0.905,0.17614288458371996,1.0,0.875,1.0,0.971153846153846,0.05421361028681002,1.0,0.9615384615384616,1.0,0.971153846153846,0.05421361028681002,1.0,0.9615384615384616,1.0,0.9986111111111111,0.006211299937499416,1.0,1.0,1.0,1.0,0.0,1.0,1.0,1.0,0.7255635142326355,0.4449455113043975,0.6584218740463257,0.48485901951789856,0.8958890438079834,0.011118664636424828,0.0035136862880371764,0.012456051999834017,0.007482367000193335,0.013150949000191758,256.0,0.0,256.0,256.0,256.0,1.0,0.0,1.0,1.0,1.0
countergan_one_shot,CounterGAN one-shot,256,disease_to_no_disease,medium_confidence,33.0,0.09696969696969697,0.04666937221594376,0.1,0.1,0.1,0.8787878787878788,0.3314339826398084,1.0,1.0,1.0,0.0,0.0,0.0,0.0,0.0,0.09696969696969697,0.04666937221594376,0.1,0.1,0.1,0.0,0.0,0.0,0.0,0.0,0.17862630301508411,0.05171994048381775,0.1806764155626297,0.14782966673374176,0.20851358771324158,0.3256704980842912,0.15764200083008675,0.33333333333333337,0.2222222222222222,0.4444444444444444,0.3256704980842912,0.15764200083008675,0.33333333333333337,0.2222222222222222,0.4444444444444444,0.0050916927384919135,0.016606952225270546,0.0,0.0,0.0,0.3958134766060966,0.08625171232623116,0.39751329850357736,0.32984699796738387,0.46911689009765095,0.3958134766060966,0.08625171232623116,0.39751329850357736,0.32984699796738387,0.46911689009765095,0.25862068965517243,0.4354941703556927,0.0,0.0,0.5,0.896551724137931,0.1117483097369443,0.9,0.8,1.0,0.9774535809018567,0.03779259111080904,1.0,0.9615384615384616,1.0,0.9774535809018567,0.03779259111080904,1.0,0.9615384615384616,1.0,0.9947423266388783,0.011851093671980893,1.0,1.0,1.0,1.0,0.0,1.0,1.0,1.0,1.092424150170951,0.5504404562795391,1.0933350324630737,0.6994755268096924,1.414601445198059,0.012684305484843648,0.0027026994738296403,0.012845977000324638,0.012350513999990653,0.013458675000038056,256.0,0.0,256.0,256.0,256.0,1.0,0.0,1.0,1.0,1.0
countergan_one_shot,CounterGAN one-shot,256,disease_to_no_disease,near_boundary,34.0,0.16176470588235295,0.13260720278977708,0.1,0.1,0.2,1.0,0.0,1.0,1.0,1.0,0.0,0.0,0.0,0.0,0.0,0.16176470588235295,0.13260720278977708,0.1,0.1,0.2,0.0,0.0,0.0,0.0,0.0,0.16311057087253122,0.04844570924705516,0.1643165573477745,0.13439519703388214,0.20303088799118996,0.36714130096483044,0.1622744401187704,0.36111111111111116,0.2361111111111111,0.4444444444444444,0.36714130096483044,0.1622744401187704,0.36111111111111116,0.2361111111111111,0.4444444444444444,0.00971208156689125,0.017480138710134544,0.0,0.0,0.02114631189033389,0.3655662493722005,0.09793924965377455,0.3707338575664091,0.2751698372504299,0.44331152220072706,0.3655662493722005,0.09793924965377455,0.3707338575664091,0.2751698372504299,0.44331152220072706,0.19243697478991595,0.38617473389297713,0.0,0.0,0.0,0.9360084033613445,0.0891405950788061,1.0,0.8125,1.0,0.9270730396491045,0.06390665478920574,0.9615384615384616,0.8846153846153846,0.9626068376068375,0.9270730396491045,0.06390665478920574,0.9615384615384616,0.8846153846153846,0.9626068376068375,0.9968459308857234,0.00926422742185175,1.0,1.0,1.0,1.0,0.0,1.0,1.0,1.0,1.6026235406889635,0.7172537559483583,1.4137334823608398,1.072007656097412,2.187828242778778,0.013363527529370057,0.0007187426915683985,0.013058871000339423,0.012822644499919988,0.013711024249687398,256.0,0.0,256.0,256.0,256.0,1.0,0.0,1.0,1.0,1.0
countergan_one_shot,CounterGAN one-shot,256,no_disease_to_disease,high_confidence,33.0,0.0393939393939394,0.07474704818333106,0.0,0.0,0.1,0.2727272727272727,0.45226701686664555,0.0,0.0,1.0,0.0,0.0,0.0,0.0,0.0,0.03636363636363637,0.0742385589593685,0.0,0.0,0.0,0.0,0.0,0.0,0.0,0.0,0.16814881397618187,0.03492779286951929,0.15999847650527954,0.14473159611225128,0.19838860630989075,0.3251028806584362,0.14818029486614573,0.2777777777777778,0.2222222222222222,0.4444444444444444,0.3251028806584362,0.14818029486614573,0.2777777777777778,0.2222222222222222,0.4444444444444444,0.01708885944551892,0.02626505693310955,0.0,0.0,0.043487388640642166,0.4428828954696421,0.06266145089364356,0.43153847046347715,0.4188722224356196,0.47250665423553206,0.4428828954696421,0.06266145089364356,0.43153847046347715,0.4188722224356196,0.47250665423553206,0.2222222222222222,0.44095855184409843,0.0,0.0,0.0,0.18888888888888888,0.16158932858054434,0.2,0.0,0.30000000000000004,0.8934789490345045,0.08122087461396317,0.8846153846153846,0.8076923076923077,0.9615384615384616,0.8934789490345045,0.08122087461396317,0.8846153846153846,0.8076923076923077,0.9615384615384616,0.9976761074800291,0.006971677559912828,1.0,1.0,1.0,1.0,0.0,1.0,1.0,1.0,0.14535167233811486,0.04550354613693735,0.12928318977355957,0.11625693738460541,0.13887882232666016,0.008156412212249988,0.0023739749451952585,0.006927261000782892,0.006805490999795438,0.007400323000183562,256.0,0.0,256.0,256.0,256.0,1.0,0.0,1.0,1.0,1.0
countergan_one_shot,CounterGAN one-shot,256,no_disease_to_disease,medium_confidence,33.0,0.26363636363636367,0.16548825830361388,0.2,0.2,0.4,0.8484848484848485,0.36410954062720957,1.0,1.0,1.0,0.0,0.0,0.0,0.0,0.0,0.26363636363636367,0.16548825830361388,0.2,0.2,0.4,0.0,0.0,0.0,0.0,0.0,0.1439076933477606,0.03331816719489343,0.1423836648464203,0.12277619354426861,0.161243237555027,0.4222883597883599,0.13409843936466564,0.4305555555555556,0.33333333333333337,0.5555555555555556,0.4222883597883599,0.13409843936466564,0.4305555555555556,0.33333333333333337,0.5555555555555556,0.04737442811684949,0.017008643952450647,0.04844563454389572,0.04355467576533556,0.06032648775726557,0.3705682808120495,0.083960939501038,0.3624869982665738,0.3201009954259599,0.403344891654429,0.3705682808120495,0.083960939501038,0.3624869982665738,0.3201009954259599,0.403344891654429,0.2863095238095238,0.38197703083694395,0.0,0.0,0.5,0.1675,0.11563610084627568,0.15833333333333333,0.1,0.2,0.9346255596255596,0.06445780978381056,0.9437321937321937,0.9134615384615385,1.0,0.9346255596255596,0.06445780978381056,0.9437321937321937,0.9134615384615385,1.0,0.9950670311831027,0.008993038029891456,1.0,0.9945138888888888,1.0,1.0,0.0,1.0,1.0,1.0,0.5384617687336036,0.291464442285836,0.46329160034656525,0.305009625852108,0.7648329585790634,0.012122460666542986,0.0025863445900864788,0.012983427999643027,0.012089205999473052,0.013842321000083757,256.0,0.0,256.0,256.0,256.0,1.0,0.0,1.0,1.0,1.0
countergan_one_shot,CounterGAN one-shot,256,no_disease_to_disease,near_boundary,34.0,0.36470588235294116,0.1905054726664421,0.4,0.2,0.475,0.9705882352941176,0.17149858514250882,1.0,1.0,1.0,0.0,0.0,0.0,0.0,0.0,0.3588235294117647,0.1892851737599847,0.4,0.2,0.475,0.0,0.0,0.0,0.0,0.0,0.1249086010185155,0.030857175584569428,0.12097805738449097,0.10104267299175262,0.14495211839675903,0.37836299502966175,0.10736561038352478,0.3888888888888889,0.3333333333333333,0.4444444444444444,0.37836299502966175,0.10736561038352478,0.3888888888888889,0.3333333333333333,0.4444444444444444,0.04639711710765506,0.018254620593217558,0.04744524508714676,0.04176687076687813,0.06084516644477844,0.38047935600345734,0.08023750072440158,0.3745679814897868,0.3301075350947522,0.42609257958060287,0.38047935600345734,0.08023750072440158,0.3745679814897868,0.3301075350947522,0.42609257958060287,0.5808080808080809,0.43111387865918815,0.75,0.0,1.0,0.22163059163059162,0.1223265715697305,0.20000000000000004,0.15000000000000002,0.30000000000000004,0.9648265740219762,0.04192026258363756,0.9629629629629629,0.9310344827586207,1.0,0.9648265740219762,0.04192026258363756,0.9629629629629629,0.9310344827586207,1.0,0.9962483829796664,0.004733554410139447,1.0,0.9930555555555556,1.0,1.0,0.0,1.0,1.0,1.0,0.7544803073008856,0.43093346451346976,0.7135332226753235,0.3888549506664276,1.1455597877502441,0.0131410145882803,0.0013312694509876205,0.013264630999856308,0.01268474150037946,0.013772678500117763,256.0,0.0,256.0,256.0,256.0,1.0,0.0,1.0,1.0,1.0
countergan_one_shot,CounterGAN one-shot,512,disease_to_no_disease,high_confidence,33.0,0.07272727272727274,0.06261353324525414,0.1,0.0,0.1,0.6363636363636364,0.48850421045919706,1.0,0.0,1.0,0.0,0.0,0.0,0.0,0.0,0.07272727272727274,0.06261353324525414,0.1,0.0,0.1,0.0,0.0,0.0,0.0,0.0,0.17337425620782942,0.0441275726674097,0.17899923026561737,0.1403832584619522,0.19069547951221466,0.35185185185185186,0.160375074774896,0.33333333333333337,0.2222222222222222,0.4444444444444444,0.35185185185185186,0.160375074774896,0.33333333333333337,0.2222222222222222,0.4444444444444444,0.00328092747146175,0.008247839767118756,0.0,0.0,0.0,0.41419411246227306,0.07755002445137851,0.43396519054774874,0.3620567793388378,0.4635224074203107,0.41419411246227306,0.07755002445137851,0.43396519054774874,0.3620567793388378,0.4635224074203107,0.16666666666666666,0.3651483716701107,0.0,0.0,0.0,0.8952380952380953,0.1532194193834139,1.0,0.8,1.0,0.9761904761904762,0.030951839083190633,1.0,0.9615384615384616,1.0,0.9761904761904762,0.030951839083190633,1.0,0.9615384615384616,1.0,0.9984473587414764,0.004034071253005016,1.0,1.0,1.0,1.0,0.0,1.0,1.0,1.0,0.7021357175849733,0.44247891924694466,0.637866735458374,0.460536926984787,0.8373492956161499,0.015074613787846552,0.005838246898712349,0.018685379000089597,0.008058763000008184,0.01994146900051419,512.0,0.0,512.0,512.0,512.0,1.0,0.0,1.0,1.0,1.0
countergan_one_shot,CounterGAN one-shot,512,disease_to_no_disease,medium_confidence,33.0,0.11212121212121212,0.0739830037811716,0.1,0.1,0.1,0.8787878787878788,0.3314339826398084,1.0,1.0,1.0,0.0,0.0,0.0,0.0,0.0,0.11212121212121212,0.0739830037811716,0.1,0.1,0.1,0.0,0.0,0.0,0.0,0.0,0.1790947461950368,0.050299591604776824,0.18608897924423218,0.14559274911880493,0.20661158859729767,0.31992337164750956,0.15189512157138366,0.33333333333333337,0.2222222222222222,0.4444444444444444,0.31992337164750956,0.15189512157138366,0.33333333333333337,0.2222222222222222,0.4444444444444444,0.006280105882163705,0.014267701533006185,0.0,0.0,0.0,0.39562178443905116,0.09167533999666475,0.4038240153054214,0.32791952284764675,0.46737204326415155,0.39562178443905116,0.09167533999666475,0.4038240153054214,0.32791952284764675,0.46737204326415155,0.22413793103448276,0.41374178663733285,0.0,0.0,0.0,0.9051724137931035,0.09291396518343391,0.9,0.8,1.0,0.9708222811671089,0.03194056917451535,0.9615384615384616,0.9615384615384616,1.0,0.9708222811671089,0.03194056917451535,0.9615384615384616,0.9615384615384616,1.0,0.9960758730789157,0.008311270081599358,1.0,0.9963235294117647,1.0,1.0,0.0,1.0,1.0,1.0,1.0945387318216522,0.5948302006574202,1.008265733718872,0.6979411840438843,1.4144887924194336,0.01873631800009951,0.004294073953204416,0.020020496000142884,0.01887592200000654,0.020486743000219576,512.0,0.0,512.0,512.0,512.0,1.0,0.0,1.0,1.0,1.0
countergan_one_shot,CounterGAN one-shot,512,disease_to_no_disease,near_boundary,34.0,0.1823529411764706,0.1604361257498846,0.1,0.1,0.2,1.0,0.0,1.0,1.0,1.0,0.0,0.0,0.0,0.0,0.0,0.1823529411764706,0.1604361257498846,0.1,0.1,0.2,0.0,0.0,0.0,0.0,0.0,0.16185072360231595,0.0475487273508352,0.16447663307189941,0.1339016631245613,0.2007104940712452,0.36710239651416127,0.15913722964521257,0.33333333333333337,0.23148148148148148,0.4444444444444444,0.36710239651416127,0.15913722964521257,0.33333333333333337,0.23148148148148148,0.4444444444444444,0.011893572011852966,0.017311974951887767,0.0,0.0,0.023389570880681276,0.36616847996931245,0.09676274044053339,0.37250517943634026,0.2787900629637776,0.452827821300767,0.36616847996931245,0.09676274044053339,0.37250517943634026,0.2787900629637776,0.452827821300767,0.17238562091503268,0.3615821462838788,0.0,0.0,0.0,0.9384640522875817,0.08595843517694039,1.0,0.8700000000000001,1.0,0.9255907491201608,0.07325943744513153,0.9245014245014245,0.8846153846153846,1.0,0.9255907491201608,0.07325943744513153,0.9245014245014245,0.8846153846153846,1.0,0.9979367518294855,0.0053321768474411035,1.0,1.0,1.0,1.0,0.0,1.0,1.0,1.0,1.536166374297703,0.6549312374190973,1.3024583458900452,1.0772923231124878,2.042991280555725,0.020464214058847574,0.0010888104869625553,0.020172026499949425,0.019751976499946977,0.021355372749667367,512.0,0.0,512.0,512.0,512.0,1.0,0.0,1.0,1.0,1.0
countergan_one_shot,CounterGAN one-shot,512,no_disease_to_disease,high_confidence,33.0,0.0393939393939394,0.07474704818333106,0.0,0.0,0.1,0.2727272727272727,0.45226701686664555,0.0,0.0,1.0,0.0,0.0,0.0,0.0,0.0,0.03333333333333333,0.07359800721939876,0.0,0.0,0.0,0.0,0.0,0.0,0.0,0.0,0.16783401121695837,0.03496588829394534,0.15999847650527954,0.14412036538124084,0.1983577311038971,0.3251028806584362,0.14818029486614573,0.2777777777777778,0.2222222222222222,0.4444444444444444,0.3251028806584362,0.14818029486614573,0.2777777777777778,0.2222222222222222,0.4444444444444444,0.016928500599331327,0.025936159424225017,0.0,0.0,0.04355410858988762,0.4413108904102539,0.06317479501004618,0.4261509111626089,0.41725976818407795,0.46908169776211417,0.4413108904102539,0.06317479501004618,0.4261509111626089,0.41725976818407795,0.46908169776211417,0.2222222222222222,0.44095855184409843,0.0,0.0,0.0,0.18888888888888888,0.16158932858054434,0.2,0.0,0.30000000000000004,0.9105729661285218,0.043117812027106024,0.9230769230769231,0.8846153846153846,0.9259259259259259,0.9105729661285218,0.043117812027106024,0.9230769230769231,0.8846153846153846,0.9259259259259259,0.9985657225853305,0.0043028322440087,1.0,1.0,1.0,1.0,0.0,1.0,1.0,1.0,0.1461604063709577,0.0476135104670126,0.12928318977355957,0.12374772876501083,0.14147523045539856,0.010252963666640757,0.004731288054923248,0.007842197999707423,0.0076628610004263464,0.008983087000160594,512.0,0.0,512.0,512.0,512.0,1.0,0.0,1.0,1.0,1.0
countergan_one_shot,CounterGAN one-shot,512,no_disease_to_disease,medium_confidence,33.0,0.27575757575757576,0.17858874374926154,0.3,0.2,0.4,0.8484848484848485,0.36410954062720957,1.0,1.0,1.0,0.0,0.0,0.0,0.0,0.0,0.26969696969696966,0.18111606859423132,0.3,0.2,0.4,0.0,0.0,0.0,0.0,0.0,0.1436783620821578,0.03245593479397683,0.14323222637176514,0.12056469917297363,0.1631404049694538,0.43255857898715044,0.1390207268524264,0.4444444444444444,0.33333333333333337,0.5555555555555556,0.43255857898715044,0.1390207268524264,0.4444444444444444,0.33333333333333337,0.5555555555555556,0.04669617309368083,0.0195404283956899,0.0491238497197628,0.04299966059625149,0.06059551425278187,0.36945101447073087,0.08515351829933271,0.3584562228549789,0.3200960865077763,0.4131459961059537,0.36945101447073087,0.08515351829933271,0.3584562228549789,0.3200960865077763,0.4131459961059537,0.3101190476190476,0.38424045341882457,0.1,0.0,0.5,0.16705782312925171,0.1345187324709667,0.10714285714285715,0.06666666666666667,0.22,0.9189963931343242,0.05308086542865723,0.9230769230769231,0.8846153846153846,0.9615384615384616,0.9189963931343242,0.05308086542865723,0.9230769230769231,0.8846153846153846,0.9615384615384616,0.9937705151990865,0.013836978665226568,1.0,0.9923592032967034,1.0,1.0,0.0,1.0,1.0,1.0,0.5287649128586054,0.2920334236319012,0.44217272102832794,0.2871513217687607,0.7376262992620468,0.017922642030278053,0.004828236176809076,0.019866354999976465,0.019006550000085554,0.020402505000674864,512.0,0.0,512.0,512.0,512.0,1.0,0.0,1.0,1.0,1.0
countergan_one_shot,CounterGAN one-shot,512,no_disease_to_disease,near_boundary,34.0,0.42058823529411765,0.20564666927686973,0.4,0.3,0.575,0.9705882352941176,0.17149858514250882,1.0,1.0,1.0,0.029411764705882353,0.17149858514250874,0.0,0.0,0.0,0.42058823529411765,0.20564666927686973,0.4,0.3,0.575,0.029411764705882353,0.17149858514250874,0.0,0.0,0.0,0.12509281052784485,0.030886717197737022,0.12889255583286285,0.10330915451049805,0.14615458250045776,0.38457591790925133,0.11162209844629399,0.3888888888888889,0.31111111111111117,0.4444444444444445,0.38457591790925133,0.11162209844629399,0.3888888888888889,0.31111111111111117,0.4444444444444445,0.04847756615190795,0.015456756529669496,0.047876980155706406,0.04236690327525139,0.06214934587478638,0.3795930752446947,0.08301152383372717,0.3723976829833746,0.3328444600315318,0.4237407954575847,0.3795930752446947,0.08301152383372717,0.3723976829833746,0.3328444600315318,0.4237407954575847,0.5771284271284272,0.3970228900690518,0.6,0.25,1.0,0.19779220779220777,0.10856769640239806,0.2,0.12000000000000002,0.27999999999999997,0.9521595127655734,0.05281788865274147,0.9629629629629629,0.9230769230769231,1.0,0.9521595127655734,0.05281788865274147,0.9629629629629629,0.9230769230769231,1.0,0.9929787524484495,0.007891650507231266,0.9954545454545455,0.9886363636363636,1.0,1.0,0.0,1.0,1.0,1.0,0.7297955932039203,0.4036838700773822,0.6696157455444336,0.3838820159435272,1.066192626953125,0.02037722447058139,0.002798546730126266,0.02071193849997144,0.020073024249995797,0.02175268324958779,512.0,0.0,512.0,512.0,512.0,1.0,0.0,1.0,1.0,1.0
countergan_one_shot,CounterGAN one-shot,1024,disease_to_no_disease,high_confidence,33.0,0.0787878787878788,0.0780927963930403,0.1,0.0,0.1,0.6363636363636364,0.48850421045919706,1.0,0.0,1.0,0.0,0.0,0.0,0.0,0.0,0.0787878787878788,0.0780927963930403,0.1,0.0,0.1,0.0,0.0,0.0,0.0,0.0,0.17211333165566126,0.04292827196523155,0.18037323653697968,0.14037443697452545,0.18558141589164734,0.3509700176366843,0.1578399493309841,0.33333333333333337,0.2222222222222222,0.4444444444444444,0.3509700176366843,0.1578399493309841,0.33333333333333337,0.2222222222222222,0.4444444444444444,0.004634675791575795,0.01230463905376839,0.0,0.0,0.0,0.41295864374677393,0.07711601702323961,0.43396519054774874,0.35754315226582745,0.4642268059532296,0.41295864374677393,0.07711601702323961,0.43396519054774874,0.35754315226582745,0.4642268059532296,0.1746031746031746,0.3744484480027126,0.0,0.0,0.0,0.926984126984127,0.13483283791381898,1.0,0.9333333333333332,1.0,0.9671008004341336,0.037053209163479726,0.9629629629629629,0.9230769230769231,1.0,0.9671008004341336,0.037053209163479726,0.9629629629629629,0.9230769230769231,1.0,0.9956552162434514,0.012505699736234641,1.0,1.0,1.0,1.0,0.0,1.0,1.0,1.0,0.6724568889254615,0.3754205126257236,0.6333938837051392,0.46006539463996887,0.8252224326133728,0.023685534666666088,0.011462759522525958,0.031206788000417873,0.010087571999974898,0.031638112000109686,1024.0,0.0,1024.0,1024.0,1024.0,1.0,0.0,1.0,1.0,1.0
countergan_one_shot,CounterGAN one-shot,1024,disease_to_no_disease,medium_confidence,33.0,0.1303030303030303,0.09180430438182241,0.1,0.1,0.2,0.8787878787878788,0.3314339826398084,1.0,1.0,1.0,0.0,0.0,0.0,0.0,0.0,0.1303030303030303,0.09180430438182241,0.1,0.1,0.2,0.0,0.0,0.0,0.0,0.0,0.17735199733027096,0.04850918977276302,0.18379563093185425,0.14234080910682678,0.20734505355358124,0.31896551724137934,0.14445602244027958,0.33333333333333337,0.2222222222222222,0.4444444444444444,0.31896551724137934,0.14445602244027958,0.33333333333333337,0.2222222222222222,0.4444444444444444,0.011849094118023741,0.018845070861484375,0.0,0.0,0.022578241303563118,0.3965285599867765,0.08419696369013491,0.3974757696236555,0.32984699796738387,0.46975195291878424,0.3965285599867765,0.08419696369013491,0.3974757696236555,0.32984699796738387,0.46975195291878424,0.25862068965517243,0.4144852585516766,0.0,0.0,0.5,0.9,0.10773645092141679,0.9,0.8,1.0,0.9734748010610079,0.0449281480887765,1.0,0.9615384615384616,1.0,0.9734748010610079,0.0449281480887765,1.0,0.9615384615384616,1.0,0.9951995604125421,0.007842592994270443,1.0,0.9903846153846154,1.0,1.0,0.0,1.0,1.0,1.0,1.054974028776432,0.5900836000741584,0.9464828968048096,0.6275113821029663,1.4144976139068604,0.030650975212059468,0.007902837528554328,0.03295071799948346,0.03154952400018374,0.03434079499947984,1024.0,0.0,1024.0,1024.0,1024.0,1.0,0.0,1.0,1.0,1.0
countergan_one_shot,CounterGAN one-shot,1024,disease_to_no_disease,near_boundary,34.0,0.19999999999999998,0.17056057308448838,0.1,0.1,0.2,1.0,0.0,1.0,1.0,1.0,0.0,0.0,0.0,0.0,0.0,0.19999999999999998,0.17056057308448838,0.1,0.1,0.2,0.0,0.0,0.0,0.0,0.0,0.16027761941008709,0.046913350571966626,0.1624123901128769,0.13009213656187057,0.2014939896762371,0.3724582425562818,0.1496925065584258,0.33333333333333337,0.2777777777777778,0.4444444444444444,0.3724582425562818,0.1496925065584258,0.33333333333333337,0.2777777777777778,0.4444444444444444,0.015275835607419996,0.019026788197624208,0.0,0.0,0.026827608700841665,0.36661555230949205,0.0934437103655376,0.38122957703765986,0.2918628603933252,0.44592761734314845,0.36661555230949205,0.0934437103655376,0.38122957703765986,0.2918628603933252,0.44592761734314845,0.18300653594771243,0.3655910690036904,0.0,0.0,0.0,0.9249999999999999,0.0867724684416738,0.975,0.8125,1.0,0.9212585889056477,0.06371286051582302,0.9230769230769231,0.8846153846153846,0.9615384615384616,0.9212585889056477,0.06371286051582302,0.9230769230769231,0.8846153846153846,0.9615384615384616,0.9985286471986299,0.004572970641357253,1.0,1.0,1.0,1.0,0.0,1.0,1.0,1.0,1.4915603618411457,0.6118451011124492,1.4582237005233765,1.060213178396225,1.9714227616786957,0.03457778705882554,0.0023497795854624565,0.033936470999833546,0.03309964025061163,0.035754865250055445,1024.0,0.0,1024.0,1024.0,1024.0,1.0,0.0,1.0,1.0,1.0
countergan_one_shot,CounterGAN one-shot,1024,no_disease_to_disease,high_confidence,33.0,0.045454545454545456,0.08325754129097361,0.0,0.0,0.1,0.2727272727272727,0.45226701686664555,0.0,0.0,1.0,0.0,0.0,0.0,0.0,0.0,0.03636363636363637,0.078334945180064,0.0,0.0,0.0,0.0,0.0,0.0,0.0,0.0,0.1725470001498858,0.0364313149940977,0.15999847650527954,0.1523926705121994,0.19826051592826843,0.30864197530864196,0.15493704195075472,0.2777777777777778,0.16666666666666669,0.4444444444444444,0.30864197530864196,0.15493704195075472,0.2777777777777778,0.16666666666666669,0.4444444444444444,0.02672907875643836,0.02605563572315348,0.043478261679410934,0.0,0.04446897283196449,0.44441068865344246,0.06740595456666458,0.42502856449564447,0.4146728208114395,0.49108590068276087,0.44441068865344246,0.06740595456666458,0.42502856449564447,0.4146728208114395,0.49108590068276087,0.2222222222222222,0.44095855184409843,0.0,0.0,0.0,0.2074074074074074,0.1769948035785999,0.2,0.0,0.30000000000000004,0.8895220006331118,0.061687289988504104,0.8846153846153846,0.8461538461538461,0.9230769230769231,0.8895220006331118,0.061687289988504104,0.8846153846153846,0.8461538461538461,0.9230769230769231,0.9991466957153232,0.002559912854030492,1.0,1.0,1.0,1.0,0.0,1.0,1.0,1.0,0.1500515424542957,0.0482360631032107,0.1388441026210785,0.12928318977355957,0.14678095281124115,0.014214440848484104,0.009139620143080217,0.00965360200007126,0.009416703999704623,0.01006820900056482,1024.0,0.0,1024.0,1024.0,1024.0,1.0,0.0,1.0,1.0,1.0
countergan_one_shot,CounterGAN one-shot,1024,no_disease_to_disease,medium_confidence,33.0,0.29090909090909095,0.19742662618621815,0.3,0.2,0.4,0.8484848484848485,0.36410954062720957,1.0,1.0,1.0,0.0,0.0,0.0,0.0,0.0,0.28181818181818186,0.2037991435435657,0.3,0.2,0.4,0.0,0.0,0.0,0.0,0.0,0.14301958813198976,0.03213994190439898,0.14056938141584396,0.12133204378187656,0.16693248599767685,0.4287037037037037,0.12793672148592597,0.43333333333333335,0.3287037037037037,0.5555555555555556,0.4287037037037037,0.12793672148592597,0.43333333333333335,0.3287037037037037,0.5555555555555556,0.04769700725695917,0.015928560037884853,0.04578680917620659,0.04350353591144085,0.05999421235173941,0.36828770314401166,0.07895074296460886,0.3592019512952547,0.3230819090387845,0.39825471821515157,0.36828770314401166,0.07895074296460886,0.3592019512952547,0.3230819090387845,0.39825471821515157,0.29375000000000007,0.37581615574880584,0.14583333333333331,0.0,0.5,0.1598809523809524,0.12226087652343036,0.1,0.06666666666666667,0.2,0.9453601953601953,0.04717407057354802,0.9615384615384616,0.9145299145299146,1.0,0.9453601953601953,0.04717407057354802,0.9615384615384616,0.9145299145299146,1.0,0.9928093186575329,0.01607356692799271,0.9990530303030303,0.9925595238095238,1.0,1.0,0.0,1.0,1.0,1.0,0.5426209116620677,0.300080755758001,0.4635573923587799,0.2989599481225014,0.7756384611129761,0.029175162969515826,0.009697225108580586,0.03329710099933436,0.031409520999659435,0.034750623000036285,1024.0,0.0,1024.0,1024.0,1024.0,1.0,0.0,1.0,1.0,1.0
countergan_one_shot,CounterGAN one-shot,1024,no_disease_to_disease,near_boundary,34.0,0.47941176470588226,0.2637485163131681,0.45,0.225,0.7,0.9705882352941176,0.17149858514250882,1.0,1.0,1.0,0.029411764705882353,0.17149858514250874,0.0,0.0,0.0,0.4764705882352941,0.2582679176563604,0.45,0.225,0.7,0.0,0.0,0.0,0.0,0.0,0.1262343361070662,0.028930246864284557,0.12622202932834625,0.10689881443977356,0.14444264769554138,0.38341082785527236,0.0976697031197884,0.3888888888888889,0.31746031746031755,0.4444444444444444,0.38341082785527236,0.0976697031197884,0.3888888888888889,0.31746031746031755,0.4444444444444444,0.04914438278611862,0.015561620318613571,0.05150730162858963,0.043192308396101,0.061180777847766876,0.3820564205841293,0.07729809406783729,0.37721284713016723,0.33859248226035776,0.42378398424342667,0.3820564205841293,0.07729809406783729,0.37721284713016723,0.33859248226035776,0.42378398424342667,0.5404160654160655,0.3995035386290526,0.5714285714285714,0.2222222222222222,1.0,0.20955026455026457,0.12108932514496543,0.2,0.10000000000000002,0.3,0.9399991393721802,0.06443490019310587,0.9615384615384616,0.8846153846153846,1.0,0.9399991393721802,0.06443490019310587,0.9615384615384616,0.8846153846153846,1.0,0.9966711389059875,0.00466966595015032,0.9987980769230769,0.9942956349206349,1.0,1.0,0.0,1.0,1.0,1.0,0.7317614591482914,0.4050246705306918,0.642576277256012,0.3799821138381958,1.1117334365844727,0.0333171892352766,0.00568743841405133,0.035107261500343157,0.03216293925015634,0.03609265549948759,1024.0,0.0,1024.0,1024.0,1024.0,1.0,0.0,1.0,1.0,1.0
countergan_sparse_diverse_no_dp,CounterGAN non-DP + identical counted sparse-diverse search,128,disease_to_no_disease,high_confidence,33.0,0.2545454545454546,0.24886104191258654,0.3,0.0,0.5,0.6060606060606061,0.49619766344887317,1.0,0.0,1.0,0.0,0.0,0.0,0.0,0.0,0.2515151515151515,0.24382526033156937,0.3,0.0,0.5,0.0,0.0,0.0,0.0,0.0,0.15028536953032018,0.04261844712171735,0.1459994688630104,0.11784039810299873,0.17099689319729805,0.45248677248677244,0.16757977889371245,0.5148148148148148,0.3287037037037037,0.5555555555555556,0.45248677248677244,0.16757977889371245,0.5148148148148148,0.3287037037037037,0.5555555555555556,0.04757867520675063,0.020446252391374934,0.05426470376551151,0.042877838015556335,0.06217955332249403,0.39073759677702613,0.08081037620017142,0.37955884609633406,0.33439225787427185,0.43962815386105714,0.39073759677702613,0.08081037620017142,0.37955884609633406,0.33439225787427185,0.43962815386105714,0.28130952380952384,0.33960645262743355,0.16666666666666666,0.0,0.5,0.8795238095238094,0.11201663474236608,0.9099999999999999,0.825,0.97,0.9393850083505255,0.07516637680183963,0.9629629629629629,0.9166666666666666,1.0,0.9393850083505255,0.07516637680183963,0.9629629629629629,0.9166666666666666,1.0,0.9955639730639729,0.00722230064086273,0.9986111111111112,0.9950396825396826,1.0,1.0,0.0,1.0,1.0,1.0,0.5537767842411995,0.27818222324578357,0.4862999767065048,0.4242372289299965,0.6547652781009674,0.0168888943939733,0.0022520623029793343,0.017627559999709774,0.014743816000191146,0.01843721400018694,128.0,0.0,128.0,128.0,128.0,1.0,0.0,1.0,1.0,1.0
countergan_sparse_diverse_no_dp,CounterGAN non-DP + identical counted sparse-diverse search,128,disease_to_no_disease,medium_confidence,33.0,0.4636363636363636,0.24214946548849461,0.5,0.3,0.7,0.8787878787878788,0.3314339826398084,1.0,1.0,1.0,0.0,0.0,0.0,0.0,0.0,0.4636363636363636,0.24214946548849461,0.5,0.3,0.7,0.0,0.0,0.0,0.0,0.0,0.1549913869078817,0.047245755724215986,0.16155633330345154,0.12332358211278915,0.18147318065166473,0.4338396278051451,0.15633688028363996,0.42857142857142866,0.3333333333333333,0.5333333333333334,0.4338396278051451,0.15633688028363996,0.42857142857142866,0.3333333333333333,0.5333333333333334,0.05450377549076903,0.011368749237463635,0.05644776299595833,0.053713686764240265,0.06131036952137947,0.3899754804086406,0.085953740724252,0.3933569624462573,0.30955477564920575,0.46024171184862794,0.3899754804086406,0.085953740724252,0.3933569624462573,0.30955477564920575,0.46024171184862794,0.32200328407224954,0.31808948753688204,0.2,0.0,0.5,0.8997783251231527,0.09184292470081701,0.9199999999999999,0.8571428571428571,0.96,0.9427082804015028,0.05031573672606181,0.9310344827586207,0.9259259259259259,1.0,0.9427082804015028,0.05031573672606181,0.9310344827586207,0.9259259259259259,1.0,0.9951346390443754,0.008381667815966684,0.9988095238095239,0.9948287007110537,1.0,1.0,0.0,1.0,1.0,1.0,0.8293669002837148,0.44592274044526725,0.8289006948471069,0.5269026160240173,1.0499106645584106,0.01791281372720043,0.001615277513941853,0.018208689999482885,0.01780514499932906,0.018799968999701377,128.0,0.0,128.0,128.0,128.0,1.0,0.0,1.0,1.0,1.0
countergan_sparse_diverse_no_dp,CounterGAN non-DP + identical counted sparse-diverse search,128,disease_to_no_disease,near_boundary,34.0,0.6058823529411765,0.22148421719622188,0.6,0.5,0.7,1.0,0.0,1.0,1.0,1.0,0.14705882352941177,0.35949062795357084,0.0,0.0,0.0,0.6058823529411765,0.22148421719622188,0.6,0.5,0.7,0.14705882352941177,0.35949062795357084,0.0,0.0,0.0,0.13558722484637709,0.044072456084233845,0.1378679797053337,0.10797198303043842,0.17124877125024796,0.47121070650482416,0.15101021582312638,0.46296296296296297,0.3472222222222222,0.5555555555555556,0.47121070650482416,0.15101021582312638,0.46296296296296297,0.3472222222222222,0.5555555555555556,0.058589677381164884,0.013444968820335971,0.05812815576791763,0.051260837353765965,0.06312316283583641,0.362216572288213,0.1002221040839545,0.36854170759984717,0.2809800096334939,0.4406495600706044,0.362216572288213,0.1002221040839545,0.36854170759984717,0.2809800096334939,0.4406495600706044,0.2674486461251167,0.2669036345851102,0.2,0.11904761904761904,0.3,0.911188141923436,0.07227073012034027,0.9099999999999999,0.8666666666666667,0.9702380952380952,0.9267558300012662,0.07038935395838866,0.9296296296296296,0.9125874125874126,0.9648786717752236,0.9267558300012662,0.07038935395838866,0.9296296296296296,0.9125874125874126,0.9648786717752236,0.9974418462063988,0.003695940387427244,0.9992283950617284,0.9966112012987012,1.0,1.0,0.0,1.0,1.0,1.0,1.2376944264944862,0.5466067186938495,1.099760353565216,0.8326860964298248,1.654812067747116,0.019052999499950495,0.0019070519433864236,0.01867437600003541,0.017826034249992517,0.019611815250300424,128.0,0.0,128.0,128.0,128.0,1.0,0.0,1.0,1.0,1.0
countergan_sparse_diverse_no_dp,CounterGAN non-DP + identical counted sparse-diverse search,128,no_disease_to_disease,high_confidence,33.0,0.05454545454545455,0.13250214406498553,0.0,0.0,0.1,0.2727272727272727,0.45226701686664555,0.0,0.0,1.0,0.0,0.0,0.0,0.0,0.0,0.05454545454545455,0.13250214406498553,0.0,0.0,0.1,0.0,0.0,0.0,0.0,0.0,0.15993287165959677,0.03253091185057852,0.1542997658252716,0.13540683686733246,0.19068659842014313,0.40564373897707234,0.13025574953400754,0.3888888888888889,0.33333333333333337,0.5555555555555556,0.40564373897707234,0.13025574953400754,0.3888888888888889,0.33333333333333337,0.5555555555555556,0.021092049984468356,0.027977271390475605,0.0,0.0,0.043597396463155746,0.42803181881860247,0.06645698105028618,0.4274792366455491,0.3944550949853156,0.437445692149709,0.42803181881860247,0.06645698105028618,0.4274792366455491,0.3944550949853156,0.437445692149709,0.1111111111111111,0.33333333333333337,0.0,0.0,0.0,0.2,0.16583123951777,0.2,0.0,0.30000000000000004,0.9235190097259063,0.06409417915220297,0.9615384615384616,0.8846153846153846,0.9615384615384616,0.9235190097259063,0.06409417915220297,0.9615384615384616,0.8846153846153846,0.9615384615384616,0.9980513223160281,0.0036053649205149596,1.0,0.9977591036414566,1.0,1.0,0.0,1.0,1.0,1.0,0.1779325952132543,0.05288983800785281,0.1653502732515335,0.13758882880210876,0.20724305510520935,0.01554477584853554,0.0031338455768278512,0.014137137000034272,0.013801699999930861,0.016173467000044184,128.0,0.0,128.0,128.0,128.0,1.0,0.0,1.0,1.0,1.0
countergan_sparse_diverse_no_dp,CounterGAN non-DP + identical counted sparse-diverse search,128,no_disease_to_disease,medium_confidence,33.0,0.5242424242424243,0.3491331256038868,0.5,0.4,0.9,0.8484848484848485,0.36410954062720957,1.0,1.0,1.0,0.21212121212121213,0.41514875026728043,0.0,0.0,0.0,0.5242424242424243,0.3491331256038868,0.5,0.4,0.9,0.21212121212121213,0.41514875026728043,0.0,0.0,0.0,0.12940740132970469,0.02656324328834034,0.13077312707901,0.11215307004749775,0.1500069722533226,0.5039682539682541,0.11081100921594907,0.49444444444444446,0.43981481481481477,0.6027777777777777,0.5039682539682541,0.11081100921594907,0.49444444444444446,0.43981481481481477,0.6027777777777777,0.05750498175621033,0.02144954878904347,0.060426488518714905,0.046656819991767406,0.06848868355154991,0.35928100929247264,0.08136802020648043,0.3533724888947416,0.3098635732308589,0.3984243101994159,0.35928100929247264,0.08136802020648043,0.3533724888947416,0.3098635732308589,0.3984243101994159,0.2674603174603175,0.35795140039226736,0.1388888888888889,0.0,0.35,0.15944444444444444,0.08789750650992899,0.1527777777777778,0.08666666666666667,0.24,0.9047841047841046,0.09621452911645915,0.9245014245014245,0.8787878787878788,0.9674242424242424,0.9047841047841046,0.09621452911645915,0.9245014245014245,0.8787878787878788,0.9674242424242424,0.9963614675668248,0.0037111465350020962,0.9971688034188033,0.9943643162393163,1.0,1.0,0.0,1.0,1.0,1.0,0.4263849215848105,0.20519460465082487,0.37968356907367706,0.28538546711206436,0.5466187745332718,0.019634233484904336,0.0044447894027378,0.018846465000024182,0.01807789499980572,0.02063296899996203,128.0,0.0,128.0,128.0,128.0,1.0,0.0,1.0,1.0,1.0
countergan_sparse_diverse_no_dp,CounterGAN non-DP + identical counted sparse-diverse search,128,no_disease_to_disease,near_boundary,34.0,0.7588235294117647,0.2903682584067964,0.9,0.6,1.0,0.9705882352941176,0.17149858514250882,1.0,1.0,1.0,0.4117647058823529,0.49955416843564215,0.0,0.0,1.0,0.7529411764705882,0.2936038292600247,0.9,0.6,1.0,0.38235294117647056,0.4932702180563816,0.0,0.0,1.0,0.10749616891597256,0.025616517565744897,0.10859867185354233,0.09028928726911545,0.12852373719215393,0.48427796483352037,0.10375192426330547,0.4861111111111111,0.40740740740740744,0.5396825396825398,0.48427796483352037,0.10375192426330547,0.4861111111111111,0.40740740740740744,0.5396825396825398,0.05986797640269453,0.016685631390336863,0.06267347186803818,0.04885931313037872,0.06893016397953033,0.3737258535776787,0.08055677185794011,0.3572497610044311,0.32480761062530183,0.4154422508431045,0.3737258535776787,0.08055677185794011,0.3572497610044311,0.32480761062530183,0.4154422508431045,0.5700937950937951,0.3740721890487647,0.625,0.2222222222222222,0.9,0.17748436748436752,0.08589872243457468,0.16,0.1111111111111111,0.2,0.936303771308996,0.05183558704534714,0.9393939393939394,0.896551724137931,0.9696969696969697,0.936303771308996,0.05183558704534714,0.9393939393939394,0.896551724137931,0.9696969696969697,0.9968471736229674,0.0033718881011330745,0.9980158730158729,0.9954648526077098,0.9990384615384615,1.0,0.0,1.0,1.0,1.0,0.6048183377945062,0.2990319492942302,0.5752793550491333,0.3386652171611786,0.8514527678489685,0.021237224235365455,0.004398593216201902,0.020055298500210483,0.018179626749997624,0.022652040250022765,128.0,0.0,128.0,128.0,128.0,1.0,0.0,1.0,1.0,1.0
countergan_sparse_diverse_no_dp,CounterGAN non-DP + identical counted sparse-diverse search,256,disease_to_no_disease,high_confidence,33.0,0.593939393939394,0.4499579104895493,0.9,0.1,1.0,0.7575757575757576,0.4351941398892447,1.0,1.0,1.0,0.42424242424242425,0.5018903659106633,0.0,0.0,1.0,0.5727272727272726,0.4417810029250403,0.8,0.1,1.0,0.30303030303030304,0.46669372215943766,0.0,0.0,1.0,0.14721882313489915,0.04701824554898377,0.13983139395713806,0.11208526045084,0.18793338537216187,0.45229629629629636,0.16099602104669217,0.5,0.33333333333333337,0.5833333333333334,0.45229629629629636,0.16099602104669217,0.5,0.33333333333333337,0.5833333333333334,0.05502302087843418,0.02824129819467982,0.05875628814101219,0.04285789653658867,0.07647038996219635,0.3851795824250113,0.07855066071184874,0.37773901897352286,0.33165795608141746,0.43628332870780845,0.3851795824250113,0.07855066071184874,0.37773901897352286,0.33165795608141746,0.43628332870780845,0.39055555555555554,0.38262145386103547,0.4,0.0,0.7,0.8605111111111111,0.08550171466044727,0.8600000000000001,0.8,0.9199999999999999,0.9105703185703186,0.0615406440529378,0.9090909090909091,0.8666666666666667,0.9666666666666667,0.9105703185703186,0.0615406440529378,0.9090909090909091,0.8666666666666667,0.9666666666666667,0.9971864179030845,0.0035644382725771922,0.9974999999999999,0.9961538461538462,1.0,1.0,0.0,1.0,1.0,1.0,0.355218605697155,0.18473837874900023,0.3659379780292511,0.27518782019615173,0.41898149251937866,0.0411666840303896,0.01158974908404398,0.04036614100004954,0.030064399000366393,0.047981165000237525,256.0,0.0,256.0,256.0,256.0,2.0,0.0,2.0,2.0,2.0
countergan_sparse_diverse_no_dp,CounterGAN non-DP + identical counted sparse-diverse search,256,disease_to_no_disease,medium_confidence,33.0,0.8757575757575758,0.273895855014163,1.0,1.0,1.0,1.0,0.0,1.0,1.0,1.0,0.7878787878787878,0.41514875026728043,1.0,1.0,1.0,0.8696969696969697,0.2800500496393999,1.0,1.0,1.0,0.7575757575757576,0.4351941398892447,1.0,1.0,1.0,0.12619547455599814,0.03933176555585856,0.12298830598592758,0.09853526204824448,0.14850696921348572,0.5170968948746727,0.12430117154070458,0.5555555555555556,0.4444444444444445,0.6000000000000001,0.5170968948746727,0.12430117154070458,0.5555555555555556,0.4444444444444445,0.6000000000000001,0.07348798277477424,0.027691679439042355,0.08261120319366455,0.052240218967199326,0.09103215485811234,0.39353279692621806,0.08779430072453653,0.3864019481819995,0.3371429005637091,0.4676071662456664,0.39353279692621806,0.08779430072453653,0.3864019481819995,0.3371429005637091,0.4676071662456664,0.34107744107744103,0.31941406677402895,0.3,0.1,0.5,0.9107744107744108,0.0655911419703582,0.9200000000000002,0.8600000000000001,0.96,0.9391294451900514,0.053338063333087875,0.9615384615384616,0.9230769230769231,0.9696969696969697,0.9391294451900514,0.053338063333087875,0.9615384615384616,0.9230769230769231,0.9696969696969697,0.9953565247883431,0.005362568328407954,0.9982142857142857,0.9916666666666666,1.0,1.0,0.0,1.0,1.0,1.0,0.5223329017559687,0.29685928061140504,0.5154291391372681,0.29743728041648865,0.6430462598800659,0.05220009106065073,0.013414661843578864,0.0543465090004247,0.04295678299968131,0.06132804299977579,256.0,0.0,256.0,256.0,256.0,2.0,0.0,2.0,2.0,2.0
countergan_sparse_diverse_no_dp,CounterGAN non-DP + identical counted sparse-diverse search,256,disease_to_no_disease,near_boundary,34.0,0.9911764705882353,0.05144957554275262,1.0,1.0,1.0,1.0,0.0,1.0,1.0,1.0,0.9705882352941176,0.17149858514250876,1.0,1.0,1.0,0.9882352941176471,0.05373732906238788,1.0,1.0,1.0,0.9411764705882353,0.23883257361061294,1.0,1.0,1.0,0.10723406251739054,0.03503589874097362,0.10818551480770111,0.08143641799688339,0.1346765048801899,0.569000933706816,0.1231840215565051,0.5611111111111111,0.5027777777777778,0.663888888888889,0.569000933706816,0.1231840215565051,0.5611111111111111,0.5027777777777778,0.663888888888889,0.080539827070692,0.017989019459416528,0.08026336878538132,0.06973269023001194,0.09368975833058357,0.3409321451468379,0.0971897766524333,0.3547791191885151,0.2612587246079316,0.42519521119114084,0.3409321451468379,0.0971897766524333,0.3547791191885151,0.2612587246079316,0.42519521119114084,0.46218487394957986,0.24907701860875295,0.5,0.3,0.6,0.9130252100840337,0.05373008506920392,0.9199999999999999,0.865,0.96,0.9242424242424243,0.05235367894986356,0.9242424242424243,0.8787878787878788,0.9696969696969697,0.9242424242424243,0.05235367894986356,0.9242424242424243,0.8787878787878788,0.9696969696969697,0.9964620102120101,0.003996382774252221,0.9972222222222221,0.9949999999999999,1.0,1.0,0.0,1.0,1.0,1.0,0.8883964840103599,0.36365244213296405,0.9199156165122986,0.6111320555210114,1.1850454211235046,0.0508536734706628,0.008849827769595597,0.04964706500004468,0.04450720350018855,0.05701471599991237,256.0,0.0,256.0,256.0,256.0,2.0,0.0,2.0,2.0,2.0
countergan_sparse_diverse_no_dp,CounterGAN non-DP + identical counted sparse-diverse search,256,no_disease_to_disease,high_confidence,33.0,0.07272727272727274,0.1772581579094585,0.0,0.0,0.1,0.2727272727272727,0.45226701686664555,0.0,0.0,1.0,0.0,0.0,0.0,0.0,0.0,0.06666666666666667,0.17260262647673322,0.0,0.0,0.0,0.0,0.0,0.0,0.0,0.0,0.15869181189272138,0.03300266203174859,0.15804490447044373,0.12929338216781616,0.1867671012878418,0.4430727023319616,0.09406128287939093,0.4444444444444444,0.3888888888888889,0.5555555555555556,0.4430727023319616,0.09406128287939093,0.4444444444444444,0.3888888888888889,0.5555555555555556,0.022291942189137142,0.025278468847280588,0.01576399803161621,0.0,0.036624398082494736,0.42438569045380814,0.06181015647235025,0.41166238471174044,0.38570500968845145,0.4276093175399768,0.42438569045380814,0.06181015647235025,0.41166238471174044,0.38570500968845145,0.4276093175399768,0.2777777777777778,0.4409585518440984,0.0,0.0,0.5,0.2080246913580247,0.1529824666966711,0.2,0.15000000000000002,0.30000000000000004,0.8579297245963913,0.06464694456303177,0.8666666666666667,0.8076923076923077,0.8846153846153846,0.8579297245963913,0.06464694456303177,0.8666666666666667,0.8076923076923077,0.8846153846153846,0.9937085034307257,0.007309274013211409,0.9943181818181819,0.9892191142191141,1.0,1.0,0.0,1.0,1.0,1.0,0.19508951157331467,0.05434767260968145,0.18491131067276,0.16269634664058685,0.23864899575710297,0.030695926787936485,0.0064928892967462525,0.028348958000606217,0.02748755000084202,0.030090917000052286,256.0,0.0,256.0,256.0,256.0,2.0,0.0,2.0,2.0,2.0
countergan_sparse_diverse_no_dp,CounterGAN non-DP + identical counted sparse-diverse search,256,no_disease_to_disease,medium_confidence,33.0,0.7242424242424242,0.3808135231237717,0.9,0.6,1.0,0.8787878787878788,0.33143398263980844,1.0,1.0,1.0,0.48484848484848486,0.5075192189225524,0.0,0.0,1.0,0.7000000000000001,0.36742346141747667,0.9,0.6,1.0,0.30303030303030304,0.46669372215943766,0.0,0.0,1.0,0.11971320571570561,0.023674925378739917,0.12182420492172241,0.10664635896682739,0.13926340639591217,0.5590752903971296,0.09277553798391791,0.5888888888888889,0.5,0.6190476190476192,0.5590752903971296,0.09277553798391791,0.5888888888888889,0.5,0.6190476190476192,0.05751381223571712,0.023190742987925318,0.06230643391609192,0.05108930170536041,0.0714467391371727,0.3469853616163294,0.07103810043548908,0.3396292285466429,0.29417713987185534,0.3749015841000577,0.3469853616163294,0.07103810043548908,0.3396292285466429,0.29417713987185534,0.3749015841000577,0.37331691297208536,0.3448040944889391,0.2222222222222222,0.125,0.5,0.16329501915708813,0.10768875506817012,0.16,0.08,0.225,0.928009753931276,0.05371566080216686,0.9333333333333333,0.8888888888888888,0.9615384615384616,0.928009753931276,0.05371566080216686,0.9333333333333333,0.8888888888888888,0.9615384615384616,0.9936299482461223,0.006045704166735887,0.9944444444444444,0.9912878787878787,0.9982142857142857,1.0,0.0,1.0,1.0,1.0,0.35218902214847764,0.14913401894652306,0.33844906091690063,0.2721887230873108,0.4460582733154297,0.047926460636407486,0.01614938882607168,0.042910993000077724,0.03714358900015213,0.05790455700025632,256.0,0.0,256.0,256.0,256.0,2.0,0.0,2.0,2.0,2.0
countergan_sparse_diverse_no_dp,CounterGAN non-DP + identical counted sparse-diverse search,256,no_disease_to_disease,near_boundary,34.0,0.9147058823529411,0.22714613230010064,1.0,1.0,1.0,0.9705882352941176,0.17149858514250882,1.0,1.0,1.0,0.7941176470588235,0.41042563012190475,1.0,1.0,1.0,0.8911764705882353,0.22612365490672998,1.0,0.9,1.0,0.6176470588235294,0.49327021805638166,1.0,0.0,1.0,0.0867325346352476,0.02632384265458749,0.08337336778640747,0.06416894495487213,0.10447297245264053,0.6018331462775908,0.1046635650528739,0.6222222222222222,0.5555555555555556,0.6777777777777778,0.6018331462775908,0.1046635650528739,0.6222222222222222,0.5555555555555556,0.6777777777777778,0.06417160080463598,0.014186130369784205,0.06399194896221161,0.05621407926082611,0.07166072726249695,0.3500679320403938,0.07261581181694036,0.3330233202670957,0.3007468271977712,0.39899657565594504,0.3500679320403938,0.07261581181694036,0.3330233202670957,0.3007468271977712,0.39899657565594504,0.7008417508417508,0.28416992915242295,0.8,0.5,0.9,0.1784680134680135,0.06531663003112814,0.18,0.13999999999999999,0.22000000000000003,0.9113442113442114,0.05731077684033454,0.9090909090909091,0.8787878787878788,0.9666666666666667,0.9113442113442114,0.05731077684033454,0.9090909090909091,0.8787878787878788,0.9666666666666667,0.994405421084714,0.004376850329523455,0.9946428571428572,0.9928571428571429,0.9974999999999999,1.0,0.0,1.0,1.0,1.0,0.45547703608418955,0.20178496549089892,0.4290919303894043,0.2675565779209137,0.5475226640701294,0.05810694064709477,0.015208185997996783,0.058443254999929195,0.046083495249831685,0.07132063049948556,256.0,0.0,256.0,256.0,256.0,2.0,0.0,2.0,2.0,2.0
countergan_sparse_diverse_no_dp,CounterGAN non-DP + identical counted sparse-diverse search,512,disease_to_no_disease,high_confidence,33.0,0.7151515151515152,0.42361628577730287,1.0,0.4,1.0,0.8181818181818182,0.39167472590032004,1.0,1.0,1.0,0.6666666666666666,0.4787135538781689,1.0,0.0,1.0,0.6787878787878787,0.42112763486677635,0.9,0.3,1.0,0.48484848484848486,0.5075192189225524,0.0,0.0,1.0,0.1391636555393537,0.051562659644623574,0.12612557411193848,0.09521965682506561,0.1835489347577095,0.5104938271604939,0.1746406793626725,0.5666666666666667,0.3722222222222223,0.6611111111111112,0.5104938271604939,0.1746406793626725,0.5666666666666667,0.3722222222222223,0.6611111111111112,0.06339907949721371,0.02005537750310482,0.06781861931085587,0.051204096525907516,0.07674592360854149,0.37260324583829174,0.08815104337531735,0.368765047982225,0.31478329370655134,0.4309078938075633,0.37260324583829174,0.08815104337531735,0.368765047982225,0.31478329370655134,0.4309078938075633,0.4666666666666667,0.37723691800736087,0.5,0.05,0.8,0.8844444444444446,0.08950003581148115,0.9,0.8400000000000001,0.96,0.9322570433681544,0.04930802486868875,0.9393939393939394,0.8817016317016317,0.9696969696969697,0.9322570433681544,0.04930802486868875,0.9393939393939394,0.8817016317016317,0.9696969696969697,0.993428072698906,0.005700409807070917,0.9944153069153069,0.989898088023088,0.9976617132867133,1.0,0.0,1.0,1.0,1.0,0.30649419708384407,0.17119029776130784,0.29304075241088867,0.21320811659097672,0.3403642773628235,0.10564904484850889,0.03668329654166225,0.10896982099984598,0.06143894900014857,0.13674424199962232,512.0,0.0,512.0,512.0,512.0,4.0,0.0,4.0,4.0,4.0
countergan_sparse_diverse_no_dp,CounterGAN non-DP + identical counted sparse-diverse search,512,disease_to_no_disease,medium_confidence,33.0,0.9363636363636363,0.23024196758272292,1.0,1.0,1.0,0.9696969696969697,0.174077655955698,1.0,1.0,1.0,0.8787878787878788,0.3314339826398083,1.0,1.0,1.0,0.9212121212121211,0.23015969423095098,1.0,1.0,1.0,0.7575757575757576,0.4351941398892447,1.0,1.0,1.0,0.10853749432135373,0.039750368067371214,0.09809481725096703,0.07584661804139614,0.13649604097008705,0.6272762345679013,0.12869583043036753,0.6722222222222223,0.5527777777777778,0.7250000000000001,0.6272762345679013,0.12869583043036753,0.6722222222222223,0.5527777777777778,0.7250000000000001,0.07713953673373908,0.02769646257223975,0.08650202304124832,0.05961219500750303,0.09617801941931248,0.3630922559460237,0.0916785981115572,0.363525708865838,0.2970605173600036,0.4432197330431061,0.3630922559460237,0.0916785981115572,0.363525708865838,0.2970605173600036,0.4432197330431061,0.5225694444444444,0.33774245682851883,0.6,0.17777777777777778,0.8,0.9095833333333334,0.060819931912830354,0.92,0.8750000000000001,0.9400000000000001,0.9192817599067599,0.053736791804054385,0.9282051282051282,0.8787878787878788,0.946969696969697,0.9192817599067599,0.053736791804054385,0.9282051282051282,0.8787878787878788,0.946969696969697,0.9900125959110334,0.007080435891498167,0.991626984126984,0.9869778138528139,0.9948412698412699,1.0,0.0,1.0,1.0,1.0,0.40011661360040307,0.19738085984530307,0.33244629204273224,0.27822109311819077,0.5070272609591484,0.1262030120606968,0.030215493932688593,0.13330884700008028,0.11642165400007798,0.14656003500022052,512.0,0.0,512.0,512.0,512.0,4.0,0.0,4.0,4.0,4.0
countergan_sparse_diverse_no_dp,CounterGAN non-DP + identical counted sparse-diverse search,512,disease_to_no_disease,near_boundary,34.0,1.0,0.0,1.0,1.0,1.0,1.0,0.0,1.0,1.0,1.0,1.0,0.0,1.0,1.0,1.0,0.9852941176470589,0.04357058321763817,1.0,1.0,1.0,0.8823529411764706,0.3270349700838644,1.0,1.0,1.0,0.0829840978497968,0.03585050690198852,0.07471625879406929,0.05256509408354759,0.1097784973680973,0.6918300653594772,0.1283965059006389,0.7500000000000001,0.6472222222222223,0.7861111111111112,0.6918300653594772,0.1283965059006389,0.7500000000000001,0.6472222222222223,0.7861111111111112,0.07756059364799191,0.017285598399488997,0.07838904857635498,0.06677336432039738,0.09003898873925209,0.318258517977922,0.11111735182273379,0.34379311651900524,0.21023946938089355,0.39921783304865616,0.318258517977922,0.11111735182273379,0.34379311651900524,0.21023946938089355,0.39921783304865616,0.638235294117647,0.28392776063997704,0.7,0.42500000000000004,0.9,0.8870588235294119,0.06802537012315447,0.9,0.86,0.9200000000000002,0.9046345811051695,0.06678024924014528,0.9090909090909091,0.8787878787878788,0.9621212121212122,0.9046345811051695,0.06678024924014528,0.9090909090909091,0.8787878787878788,0.9621212121212122,0.9905689918741389,0.007740975795029137,0.9932142857142857,0.9870535714285715,0.9957341269841269,1.0,0.0,1.0,1.0,1.0,0.6751717337790657,0.30640728053106003,0.642514169216156,0.41664207726716995,0.8852729946374893,0.13045588688240006,0.02143422378368404,0.12648674450019826,0.11540312549959708,0.14690642075015603,512.0,0.0,512.0,512.0,512.0,4.0,0.0,4.0,4.0,4.0
countergan_sparse_diverse_no_dp,CounterGAN non-DP + identical counted sparse-diverse search,512,no_disease_to_disease,high_confidence,33.0,0.10303030303030304,0.2468360393115851,0.0,0.0,0.1,0.30303030303030304,0.46669372215943766,0.0,0.0,1.0,0.06060606060606061,0.24230584229877988,0.0,0.0,0.0,0.08787878787878789,0.20272761244705872,0.0,0.0,0.1,0.0,0.0,0.0,0.0,0.0,0.16243718415498734,0.03676075693226999,0.17029959708452225,0.12970300018787384,0.18366926908493042,0.42851851851851847,0.09933554589496284,0.43888888888888883,0.375,0.4861111111111111,0.42851851851851847,0.09933554589496284,0.43888888888888883,0.375,0.4861111111111111,0.020947688189335168,0.025324577983644424,0.006112365634180605,0.0,0.04385451786220074,0.4128884723088516,0.05529447652498883,0.40469006998159796,0.3847213026282838,0.4124319622688407,0.4128884723088516,0.05529447652498883,0.40469006998159796,0.3847213026282838,0.4124319622688407,0.22999999999999998,0.40013886478460337,0.0,0.0,0.30000000000000004,0.24800000000000005,0.14995637225622296,0.30000000000000004,0.17166666666666666,0.3383333333333333,0.8806008806008805,0.0701230147476762,0.8867521367521367,0.8493265993265994,0.9195804195804196,0.8806008806008805,0.0701230147476762,0.8867521367521367,0.8493265993265994,0.9195804195804196,0.9945279720279719,0.00703027715551505,0.9965034965034965,0.9933712121212122,0.9996527777777777,1.0,0.0,1.0,1.0,1.0,0.16426994428038597,0.04272967142371509,0.1626410409808159,0.1427736021578312,0.19713003188371658,0.06351984072730513,0.019313455971633243,0.056158667000090645,0.05540398999983154,0.06271298499996192,512.0,0.0,512.0,512.0,512.0,4.0,0.0,4.0,4.0,4.0
countergan_sparse_diverse_no_dp,CounterGAN non-DP + identical counted sparse-diverse search,512,no_disease_to_disease,medium_confidence,33.0,0.8242424242424242,0.35446288859898917,1.0,1.0,1.0,0.9090909090909091,0.2919371040605711,1.0,1.0,1.0,0.7878787878787878,0.4151487502672805,1.0,1.0,1.0,0.796969696969697,0.3486445615566523,1.0,0.9,1.0,0.5757575757575758,0.5018903659106633,1.0,0.0,1.0,0.11528789525230726,0.027982570578703438,0.11232690885663033,0.10038305260241032,0.12821652740240097,0.6009876543209877,0.1078575730966297,0.638888888888889,0.55,0.6777777777777778,0.6009876543209877,0.1078575730966297,0.638888888888889,0.55,0.6777777777777778,0.06190704517066479,0.01948482705098536,0.06668394431471825,0.049083161167800426,0.07602326944470406,0.3388803167386404,0.08497358249818349,0.3185535012097056,0.28665322627527173,0.3783443996646294,0.3388803167386404,0.08497358249818349,0.3185535012097056,0.28665322627527173,0.3783443996646294,0.5066666666666666,0.3258234484198918,0.45,0.3,0.7,0.1557777777777778,0.09817465605071854,0.16,0.08,0.20000000000000004,0.8977725977725978,0.0701972971423052,0.916083916083916,0.8493265993265994,0.9393939393939394,0.8977725977725978,0.0701972971423052,0.916083916083916,0.8493265993265994,0.9393939393939394,0.9931359227192561,0.004083606458261311,0.9932142857142857,0.9907440476190477,0.9953373015873016,1.0,0.0,1.0,1.0,1.0,0.30810845593611397,0.13050931461391357,0.28359411656856537,0.23017515987157822,0.352031946182251,0.1158132572120325,0.03950570696471058,0.10387613300008525,0.08903854200070782,0.15283862099931866,512.0,0.0,512.0,512.0,512.0,4.0,0.0,4.0,4.0,4.0
countergan_sparse_diverse_no_dp,CounterGAN non-DP + identical counted sparse-diverse search,512,no_disease_to_disease,near_boundary,34.0,0.9500000000000002,0.1829886567108696,1.0,1.0,1.0,0.9705882352941176,0.17149858514250882,1.0,1.0,1.0,0.8823529411764706,0.32703497008386434,1.0,1.0,1.0,0.9294117647058823,0.1834507807241675,1.0,0.9,1.0,0.7058823529411765,0.4624972900628804,1.0,0.0,1.0,0.07675877608584636,0.028630766148659545,0.0719873458147049,0.05466919392347336,0.10329596698284149,0.68313291646625,0.11837669240948687,0.7222222222222223,0.611111111111111,0.7777777777777779,0.68313291646625,0.11837669240948687,0.7222222222222223,0.611111111111111,0.7777777777777779,0.06333457718067097,0.016426136158194597,0.06170854717493057,0.04976246505975723,0.07374235987663269,0.3346357574168461,0.07495562867784335,0.3259615985774747,0.28549219171537155,0.3760968051007084,0.3346357574168461,0.07495562867784335,0.3259615985774747,0.28549219171537155,0.3760968051007084,0.7586820586820586,0.2746600789880944,0.9,0.5,1.0,0.1684944684944685,0.06422768448390234,0.17142857142857143,0.13999999999999999,0.2,0.9272030651340996,0.06598637836794992,0.9393939393939394,0.9090909090909091,0.9696969696969697,0.9272030651340996,0.06598637836794992,0.9393939393939394,0.9090909090909091,0.9696969696969697,0.9871669875538922,0.009223812457566892,0.9897619047619047,0.983095238095238,0.994047619047619,1.0,0.0,1.0,1.0,1.0,0.36003739815769775,0.12695012635776726,0.3218364715576172,0.24999377131462097,0.4624407887458801,0.1402836771471009,0.03107101612841315,0.14480534299991632,0.127853188249901,0.16110234474990648,512.0,0.0,512.0,512.0,512.0,4.0,0.0,4.0,4.0,4.0
countergan_sparse_diverse_no_dp,CounterGAN non-DP + identical counted sparse-diverse search,1024,disease_to_no_disease,high_confidence,33.0,0.7818181818181817,0.3876649209163641,1.0,0.7,1.0,0.8484848484848485,0.36410954062720957,1.0,1.0,1.0,0.7272727272727273,0.4522670168666456,1.0,0.0,1.0,0.7363636363636363,0.38309445785127677,0.9,0.7,1.0,0.45454545454545453,0.5056498968474316,0.0,0.0,1.0,0.13379543168204172,0.049622004236163114,0.1254872977733612,0.09292451478540897,0.16680430993437767,0.5300831443688586,0.16498560992283645,0.5722222222222222,0.39722222222222225,0.6805555555555556,0.5300831443688586,0.16498560992283645,0.5722222222222222,0.39722222222222225,0.6805555555555556,0.06475618345263813,0.01909531964419031,0.0658273808658123,0.05120095983147621,0.07716184668242931,0.380515296225264,0.0852213386515707,0.3893273129377534,0.32237347580327796,0.43238863547784834,0.380515296225264,0.0852213386515707,0.3893273129377534,0.32237347580327796,0.43238863547784834,0.4261904761904762,0.3456201133999526,0.4,0.1,0.7,0.8842176870748298,0.08994625405329439,0.8900000000000001,0.85,0.96,0.9116321099079718,0.0722923480805746,0.93521421107628,0.8484848484848485,0.9646464646464646,0.9116321099079718,0.0722923480805746,0.93521421107628,0.8484848484848485,0.9646464646464646,0.994329447833912,0.004868918933939295,0.9959325396825398,0.9906051587301588,0.998076923076923,1.0,0.0,1.0,1.0,1.0,0.2949246655085257,0.1787789667890854,0.261557400226593,0.20487509667873383,0.3496529459953308,0.2434063395758406,0.08615036837826116,0.2621991579999303,0.14632603000063682,0.31644028699975024,1024.0,0.0,1024.0,1024.0,1024.0,8.0,0.0,8.0,8.0,8.0
countergan_sparse_diverse_no_dp,CounterGAN non-DP + identical counted sparse-diverse search,1024,disease_to_no_disease,medium_confidence,33.0,0.9575757575757576,0.1854560308912584,1.0,1.0,1.0,0.9696969696969697,0.174077655955698,1.0,1.0,1.0,0.9393939393939394,0.24230584229877988,1.0,1.0,1.0,0.9424242424242425,0.18545603089125853,1.0,1.0,1.0,0.7878787878787878,0.41514875026728043,1.0,1.0,1.0,0.10339842375833541,0.037511698729454875,0.09507664665579796,0.07387998700141907,0.1292291060090065,0.649537037037037,0.12298106270899899,0.7000000000000001,0.5527777777777778,0.7444444444444445,0.649537037037037,0.12298106270899899,0.7000000000000001,0.5527777777777778,0.7444444444444445,0.0821457301499322,0.023065144185067294,0.08657492324709892,0.06360648758709431,0.09421976283192635,0.3587215089091237,0.0890964503386467,0.3527229724337536,0.29441622702463116,0.43552551189554023,0.3587215089091237,0.0890964503386467,0.3527229724337536,0.29441622702463116,0.43552551189554023,0.56875,0.34307668662155666,0.5,0.3,0.925,0.909375,0.06505270815815185,0.9199999999999999,0.8750000000000001,0.96,0.9285563973063974,0.06038683529336509,0.9393939393939394,0.8787878787878788,0.9696969696969697,0.9285563973063974,0.06038683529336509,0.9393939393939394,0.8787878787878788,0.9696969696969697,0.9884732520084083,0.009930590474867966,0.9909343434343435,0.9823214285714287,0.9947420634920636,1.0,0.0,1.0,1.0,1.0,0.3669700790196657,0.1735156830573319,0.3040827363729477,0.24536119401454926,0.39821314066648483,0.28993282148484,0.05988685296898526,0.3063768669999263,0.2548908409999058,0.335590128000149,1024.0,0.0,1024.0,1024.0,1024.0,8.0,0.0,8.0,8.0,8.0
countergan_sparse_diverse_no_dp,CounterGAN non-DP + identical counted sparse-diverse search,1024,disease_to_no_disease,near_boundary,34.0,1.0,0.0,1.0,1.0,1.0,1.0,0.0,1.0,1.0,1.0,1.0,0.0,1.0,1.0,1.0,0.9764705882352942,0.05537105429905545,1.0,1.0,1.0,0.8235294117647058,0.38695299497594743,1.0,1.0,1.0,0.0803513097412446,0.03575871274126825,0.06866458803415298,0.05195117462426424,0.09790273010730743,0.7104575163398694,0.13052431538176307,0.7611111111111112,0.6805555555555556,0.8,0.7104575163398694,0.13052431538176307,0.7611111111111112,0.6805555555555556,0.8,0.07820439722169847,0.018656791972734087,0.07704049721360207,0.0671745166182518,0.09171207994222641,0.3131828283229192,0.11070766316093088,0.34043746195205,0.2188621666351983,0.40289899099248094,0.3131828283229192,0.11070766316093088,0.34043746195205,0.2188621666351983,0.40289899099248094,0.6588235294117647,0.29554023164452436,0.75,0.5,0.9,0.8841176470588236,0.07718995252008827,0.9099999999999999,0.86,0.935,0.9180035650623888,0.06735987033044985,0.9242424242424243,0.8863636363636364,0.9696969696969697,0.9180035650623888,0.06735987033044985,0.9242424242424243,0.8863636363636364,0.9696969696969697,0.9890244845024256,0.008291749760263794,0.9907539682539681,0.9847321428571428,0.9950297619047619,1.0,0.0,1.0,1.0,1.0,0.6554020283853307,0.3403897922759923,0.5523712635040283,0.39580700546503067,0.8516918271780014,0.2866757442058823,0.040322290613563364,0.2907535704998736,0.25576075775006757,0.3069810132499242,1024.0,0.0,1024.0,1024.0,1024.0,8.0,0.0,8.0,8.0,8.0
countergan_sparse_diverse_no_dp,CounterGAN non-DP + identical counted sparse-diverse search,1024,no_disease_to_disease,high_confidence,33.0,0.16666666666666666,0.31688588903052567,0.0,0.0,0.2,0.36363636363636365,0.48850421045919706,0.0,0.0,1.0,0.09090909090909091,0.2919371040605711,0.0,0.0,0.0,0.13636363636363635,0.2678831156238924,0.0,0.0,0.1,0.0,0.0,0.0,0.0,0.0,0.17726440106829008,0.040856115919194205,0.18048782646656036,0.15209536626935005,0.20942168682813644,0.3696759259259259,0.11714343619137835,0.37777777777777777,0.2743055555555556,0.44999999999999996,0.3696759259259259,0.11714343619137835,0.37777777777777777,0.2743055555555556,0.44999999999999996,0.02589217552061503,0.02437057078896715,0.025037082377821207,0.0024148282245732844,0.04500915389508009,0.41292851964114835,0.05033747525711915,0.40812010636764884,0.39146461583320374,0.4250401714041618,0.41292851964114835,0.05033747525711915,0.40812010636764884,0.39146461583320374,0.4250401714041618,0.27777777777777773,0.3772128872262482,0.1,0.0,0.375,0.2977777777777778,0.17369038594104788,0.30000000000000004,0.2,0.38000000000000006,0.9342786842786843,0.05761231719050546,0.9437321937321937,0.8831585081585082,0.9772727272727273,0.9342786842786843,0.05761231719050546,0.9437321937321937,0.8831585081585082,0.9772727272727273,0.9983788202538203,0.002111317969655679,1.0,0.9966127622377621,1.0,1.0,0.0,1.0,1.0,1.0,0.14695499278604984,0.0346341178766644,0.13798046112060547,0.12488946504890919,0.16723855212330818,0.1355409425152285,0.05404097194441875,0.11406979999992473,0.11079652599983092,0.13109752899981686,1024.0,0.0,1024.0,1024.0,1024.0,8.0,0.0,8.0,8.0,8.0
countergan_sparse_diverse_no_dp,CounterGAN non-DP + identical counted sparse-diverse search,1024,no_disease_to_disease,medium_confidence,33.0,0.8454545454545455,0.3326887707480043,1.0,1.0,1.0,0.9090909090909091,0.2919371040605711,1.0,1.0,1.0,0.7878787878787878,0.4151487502672805,1.0,1.0,1.0,0.8272727272727273,0.3281317639995472,1.0,0.9,1.0,0.6363636363636364,0.4885042104591972,1.0,0.0,1.0,0.11084959954023361,0.029625625552675425,0.10944869741797447,0.09295690059661865,0.12888825312256813,0.6146604938271605,0.11947651299918367,0.638888888888889,0.5694444444444444,0.6861111111111112,0.6146604938271605,0.11947651299918367,0.638888888888889,0.5694444444444444,0.6861111111111112,0.06246518172944585,0.018979598969114577,0.059167325496673584,0.05365080665796995,0.07919990085065365,0.33589885874549746,0.08555594196321578,0.3158480414473156,0.2786304598931861,0.3803729892397697,0.33589885874549746,0.08555594196321578,0.3158480414473156,0.2786304598931861,0.3803729892397697,0.43666666666666665,0.34289169229317606,0.35,0.2,0.6,0.13911111111111113,0.0863341691404682,0.14,0.06000000000000001,0.2,0.9086462919796254,0.056946918077710115,0.9090909090909091,0.8493265993265994,0.9393939393939394,0.9086462919796254,0.056946918077710115,0.9090909090909091,0.8493265993265994,0.9393939393939394,0.9915871281496281,0.005768196607675421,0.9919047619047618,0.9882738095238095,0.9956493506493507,1.0,0.0,1.0,1.0,1.0,0.29316968644658725,0.11939086578893313,0.2712080478668213,0.21010400354862213,0.35163699835538864,0.27114926178786514,0.08109808037685685,0.29279327299991564,0.23641726799996832,0.3158731210005499,1024.0,0.0,1024.0,1024.0,1024.0,8.0,0.0,8.0,8.0,8.0
countergan_sparse_diverse_no_dp,CounterGAN non-DP + identical counted sparse-diverse search,1024,no_disease_to_disease,near_boundary,34.0,0.9617647058823531,0.16699610934018602,1.0,1.0,1.0,1.0,0.0,1.0,1.0,1.0,0.9411764705882353,0.23883257361061286,1.0,1.0,1.0,0.9205882352941176,0.17369323666584752,1.0,0.9,1.0,0.5882352941176471,0.4995541684356422,1.0,0.0,1.0,0.07550069120000391,0.026975091207977125,0.07083423063158989,0.05386232025921345,0.0964504349976778,0.6950980392156864,0.11387771732908164,0.7166666666666668,0.6222222222222222,0.788888888888889,0.6950980392156864,0.11387771732908164,0.7166666666666668,0.6222222222222222,0.788888888888889,0.06190697602270281,0.020295987993951038,0.06102564558386803,0.05396859161555767,0.07591665908694267,0.3331615418041303,0.08053094159899041,0.3268443705244492,0.2752929590954026,0.3851901416933112,0.3331615418041303,0.08053094159899041,0.3268443705244492,0.2752929590954026,0.3851901416933112,0.7637254901960785,0.2808557925927778,0.9,0.6,1.0,0.16568627450980394,0.06189232211302053,0.16,0.135,0.21500000000000002,0.8935013787954965,0.08242598092389947,0.9090909090909091,0.8560606060606061,0.956002331002331,0.8935013787954965,0.08242598092389947,0.9090909090909091,0.8560606060606061,0.956002331002331,0.9879489927284046,0.009459534908667709,0.9895833333333335,0.984404761904762,0.9940178571428571,1.0,0.0,1.0,1.0,1.0,0.34125475716941495,0.1403090116966204,0.32316920161247253,0.22633608803153038,0.4415276125073433,0.30651081467653163,0.05997953481175215,0.31519452950033156,0.28274002275020393,0.35073681249946276,1024.0,0.0,1024.0,1024.0,1024.0,8.0,0.0,8.0,8.0,8.0
dice_gradient_style,Custom DiCE-style gradient,128,disease_to_no_disease,high_confidence,33.0,0.0,0.0,0.0,0.0,0.0,0.0,0.0,0.0,0.0,0.0,0.0,0.0,0.0,0.0,0.0,0.0,0.0,0.0,0.0,0.0,0.0,0.0,0.0,0.0,0.0,,0.0,,,,,0.0,,,,,0.0,,,,,0.0,,,,,0.0,,,,,0.0,,,,,0.0,,,,,0.0,,,,,0.0,,,,,0.0,,,,,0.0,,,,,0.0,,,,,0.0,,,,0.020420152363619833,0.0011046924298908915,0.020333992999439943,0.019661507000819256,0.02092818500022986,128.0,0.0,128.0,128.0,128.0,1.0,0.0,1.0,1.0,1.0
dice_gradient_style,Custom DiCE-style gradient,128,disease_to_no_disease,medium_confidence,33.0,0.0,0.0,0.0,0.0,0.0,0.0,0.0,0.0,0.0,0.0,0.0,0.0,0.0,0.0,0.0,0.0,0.0,0.0,0.0,0.0,0.0,0.0,0.0,0.0,0.0,,0.0,,,,,0.0,,,,,0.0,,,,,0.0,,,,,0.0,,,,,0.0,,,,,0.0,,,,,0.0,,,,,0.0,,,,,0.0,,,,,0.0,,,,,0.0,,,,,0.0,,,,0.020373382818213555,0.0007471589558143086,0.02025719100038259,0.019909255000129633,0.020788742000149796,128.0,0.0,128.0,128.0,128.0,1.0,0.0,1.0,1.0,1.0
dice_gradient_style,Custom DiCE-style gradient,128,disease_to_no_disease,near_boundary,34.0,0.017647058823529415,0.03869529949759474,0.0,0.0,0.0,0.17647058823529413,0.3869529949759475,0.0,0.0,0.0,0.0,0.0,0.0,0.0,0.0,0.017647058823529415,0.03869529949759474,0.0,0.0,0.0,0.0,0.0,0.0,0.0,0.0,0.019586177698026102,0.01153540537922169,0.012794974725693464,0.012678929837420583,0.02295269537717104,0.7222222222222222,0.09296222517045283,0.7777777777777778,0.6944444444444445,0.7777777777777778,0.7222222222222222,0.09296222517045283,0.7777777777777778,0.6944444444444445,0.7777777777777778,0.0,0.0,0.0,0.0,0.0,0.20899571030077854,0.1076434751273627,0.16548650551024224,0.1344811857374872,0.29429215378352724,0.20899571030077854,0.1076434751273627,0.16548650551024224,0.1344811857374872,0.29429215378352724,0.8333333333333334,0.408248290463863,1.0,1.0,1.0,0.7999999999999999,0.1788854381999832,0.8,0.65,0.95,1.0,0.0,1.0,1.0,1.0,1.0,0.0,1.0,1.0,1.0,1.0,0.0,1.0,1.0,1.0,1.0,0.0,1.0,1.0,1.0,0.2210055540005366,0.12776165254951605,0.16067220270633698,0.13436396420001984,0.3022780120372772,0.02073297720586625,0.0017628226529994861,0.020437709000361792,0.020117063999805396,0.020662313750108297,128.0,0.0,128.0,128.0,128.0,1.0,0.0,1.0,1.0,1.0
dice_gradient_style,Custom DiCE-style gradient,128,no_disease_to_disease,high_confidence,33.0,0.0,0.0,0.0,0.0,0.0,0.0,0.0,0.0,0.0,0.0,0.0,0.0,0.0,0.0,0.0,0.0,0.0,0.0,0.0,0.0,0.0,0.0,0.0,0.0,0.0,,0.0,,,,,0.0,,,,,0.0,,,,,0.0,,,,,0.0,,,,,0.0,,,,,0.0,,,,,0.0,,,,,0.0,,,,,0.0,,,,,0.0,,,,,0.0,,,,,0.0,,,,0.020039902333337523,0.0006400143217438094,0.0199100770005316,0.01958798299983755,0.0204099619995759,128.0,0.0,128.0,128.0,128.0,1.0,0.0,1.0,1.0,1.0
dice_gradient_style,Custom DiCE-style gradient,128,no_disease_to_disease,medium_confidence,33.0,0.0,0.0,0.0,0.0,0.0,0.0,0.0,0.0,0.0,0.0,0.0,0.0,0.0,0.0,0.0,0.0,0.0,0.0,0.0,0.0,0.0,0.0,0.0,0.0,0.0,,0.0,,,,,0.0,,,,,0.0,,,,,0.0,,,,,0.0,,,,,0.0,,,,,0.0,,,,,0.0,,,,,0.0,,,,,0.0,,,,,0.0,,,,,0.0,,,,,0.0,,,,0.020249888636361433,0.0008952806979107082,0.020277478999560117,0.019586639000408468,0.0207121579996965,128.0,0.0,128.0,128.0,128.0,1.0,0.0,1.0,1.0,1.0
dice_gradient_style,Custom DiCE-style gradient,128,no_disease_to_disease,near_boundary,34.0,0.008823529411764707,0.028790224128123657,0.0,0.0,0.0,0.08823529411764706,0.2879022412812365,0.0,0.0,0.0,0.0,0.0,0.0,0.0,0.0,0.008823529411764707,0.028790224128123657,0.0,0.0,0.0,0.0,0.0,0.0,0.0,0.0,0.012789015347758928,0.0003459100242591759,0.012664916925132275,0.012593595311045647,0.012922386173158884,0.7407407407407408,0.06415002990995838,0.7777777777777778,0.7222222222222223,0.7777777777777778,0.7407407407407408,0.06415002990995838,0.7777777777777778,0.7222222222222223,0.7777777777777778,0.0,0.0,0.0,0.0,0.0,0.24786887442799158,0.04325867176177789,0.2549509717374969,0.22822856267952035,0.2710502348312155,0.24786887442799158,0.04325867176177789,0.2549509717374969,0.22822856267952035,0.2710502348312155,1.0,0.0,1.0,1.0,1.0,0.06666666666666667,0.11547005383792518,0.0,0.0,0.1,1.0,0.0,1.0,1.0,1.0,1.0,0.0,1.0,1.0,1.0,0.9319444444444445,0.07099654399517807,0.9375,0.8979166666666667,0.96875,1.0,0.0,1.0,1.0,1.0,0.25321180125077564,0.041453841738302896,0.23153460025787354,0.22931281477212906,0.2662721872329712,0.020274209205822177,0.0006557519568179342,0.020306079999954818,0.019762926750217957,0.020616803000393702,128.0,0.0,128.0,128.0,128.0,1.0,0.0,1.0,1.0,1.0
dice_gradient_style,Custom DiCE-style gradient,256,disease_to_no_disease,high_confidence,33.0,0.0,0.0,0.0,0.0,0.0,0.0,0.0,0.0,0.0,0.0,0.0,0.0,0.0,0.0,0.0,0.0,0.0,0.0,0.0,0.0,0.0,0.0,0.0,0.0,0.0,,0.0,,,,,0.0,,,,,0.0,,,,,0.0,,,,,0.0,,,,,0.0,,,,,0.0,,,,,0.0,,,,,0.0,,,,,0.0,,,,,0.0,,,,,0.0,,,,,0.0,,,,0.036657027454456315,0.0030612973367664257,0.03623447199970542,0.03508071799933532,0.03742469000007986,256.0,0.0,256.0,256.0,256.0,1.0,0.0,1.0,1.0,1.0
dice_gradient_style,Custom DiCE-style gradient,256,disease_to_no_disease,medium_confidence,33.0,0.0030303030303030303,0.017407765595569787,0.0,0.0,0.0,0.030303030303030304,0.17407765595569788,0.0,0.0,0.0,0.0,0.0,0.0,0.0,0.0,0.0030303030303030303,0.017407765595569787,0.0,0.0,0.0,0.0,0.0,0.0,0.0,0.0,0.022405698895454407,0.0,0.022405698895454407,0.022405698895454407,0.022405698895454407,0.5555555555555556,0.0,0.5555555555555556,0.5555555555555556,0.5555555555555556,0.5555555555555556,0.0,0.5555555555555556,0.5555555555555556,0.5555555555555556,0.0,0.0,0.0,0.0,0.0,0.2269584566120272,0.0,0.2269584566120272,0.2269584566120272,0.2269584566120272,0.2269584566120272,0.0,0.2269584566120272,0.2269584566120272,0.2269584566120272,1.0,0.0,1.0,1.0,1.0,0.8,0.0,0.8,0.8,0.8,1.0,0.0,1.0,1.0,1.0,1.0,0.0,1.0,1.0,1.0,1.0,0.0,1.0,1.0,1.0,1.0,0.0,1.0,1.0,1.0,0.14239156246185303,0.0,0.14239156246185303,0.14239156246185303,0.14239156246185303,0.03621131745454808,0.0012018989946459618,0.036226970999450714,0.03545052800018311,0.036771232999853964,256.0,0.0,256.0,256.0,256.0,1.0,0.0,1.0,1.0,1.0
dice_gradient_style,Custom DiCE-style gradient,256,disease_to_no_disease,near_boundary,34.0,0.0735294117647059,0.051101939294350585,0.1,0.0,0.1,0.7058823529411765,0.4624972900628804,1.0,0.0,1.0,0.0,0.0,0.0,0.0,0.0,0.0735294117647059,0.051101939294350585,0.1,0.0,0.1,0.0,0.0,0.0,0.0,0.0,0.02566628639275829,0.017076839156258284,0.020449413917958736,0.014499971410259604,0.03227343317121267,0.6527777777777778,0.12821286982695856,0.6666666666666667,0.5555555555555556,0.7777777777777778,0.6527777777777778,0.12821286982695856,0.6666666666666667,0.5555555555555556,0.7777777777777778,0.001903099628786246,0.009323246040412764,0.0,0.0,0.0,0.25580857668825735,0.10874898382516973,0.28342004497579587,0.17831062874654696,0.33450297652137206,0.25580857668825735,0.10874898382516973,0.28342004497579587,0.17831062874654696,0.33450297652137206,0.875,0.3378319623460881,1.0,1.0,1.0,0.8458333333333333,0.17687914485336584,0.95,0.6,1.0,0.9663461538461539,0.05592326783882615,1.0,0.9230769230769231,1.0,0.9663461538461539,0.05592326783882615,1.0,0.9230769230769231,1.0,0.9924107142857143,0.019456698333135018,1.0,1.0,1.0,1.0,0.0,1.0,1.0,1.0,0.3155794565876325,0.1268103941111496,0.32238514721393585,0.24459581077098846,0.400789275765419,0.03639634047051325,0.0010379982995339385,0.036281888500070636,0.03562704375008252,0.03721713849995467,256.0,0.0,256.0,256.0,256.0,1.0,0.0,1.0,1.0,1.0
dice_gradient_style,Custom DiCE-style gradient,256,no_disease_to_disease,high_confidence,33.0,0.0,0.0,0.0,0.0,0.0,0.0,0.0,0.0,0.0,0.0,0.0,0.0,0.0,0.0,0.0,0.0,0.0,0.0,0.0,0.0,0.0,0.0,0.0,0.0,0.0,,0.0,,,,,0.0,,,,,0.0,,,,,0.0,,,,,0.0,,,,,0.0,,,,,0.0,,,,,0.0,,,,,0.0,,,,,0.0,,,,,0.0,,,,,0.0,,,,,0.0,,,,0.03625937799995771,0.0027223606076658274,0.03552935700008675,0.03497779100052867,0.03637432999948942,256.0,0.0,256.0,256.0,256.0,1.0,0.0,1.0,1.0,1.0
dice_gradient_style,Custom DiCE-style gradient,256,no_disease_to_disease,medium_confidence,33.0,0.0,0.0,0.0,0.0,0.0,0.0,0.0,0.0,0.0,0.0,0.0,0.0,0.0,0.0,0.0,0.0,0.0,0.0,0.0,0.0,0.0,0.0,0.0,0.0,0.0,,0.0,,,,,0.0,,,,,0.0,,,,,0.0,,,,,0.0,,,,,0.0,,,,,0.0,,,,,0.0,,,,,0.0,,,,,0.0,,,,,0.0,,,,,0.0,,,,,0.0,,,,0.03650553548496563,0.002097965950611311,0.03629889300009381,0.03483953599970846,0.037601678000100947,256.0,0.0,256.0,256.0,256.0,1.0,0.0,1.0,1.0,1.0
dice_gradient_style,Custom DiCE-style gradient,256,no_disease_to_disease,near_boundary,34.0,0.03823529411764706,0.06520227678843524,0.0,0.0,0.1,0.29411764705882354,0.4624972900628804,0.0,0.0,1.0,0.0,0.0,0.0,0.0,0.0,0.03823529411764706,0.06520227678843524,0.0,0.0,0.1,0.0,0.0,0.0,0.0,0.0,0.02234941478818655,0.007785070161010883,0.020819752477109432,0.014719965402036905,0.029963787645101547,0.6277777777777778,0.10159901277292743,0.6111111111111112,0.5694444444444444,0.6666666666666667,0.6277777777777778,0.10159901277292743,0.6111111111111112,0.5694444444444444,0.6666666666666667,0.006616684235632419,0.010654718988829843,0.0,0.0,0.01639276323840022,0.2890517633464513,0.06759135990423003,0.2891413957990343,0.273211443931401,0.32079035369724235,0.2890517633464513,0.06759135990423003,0.2891413957990343,0.273211443931401,0.32079035369724235,0.8,0.42163702135578396,1.0,1.0,1.0,0.12999999999999998,0.15670212364724212,0.1,0.0,0.17500000000000002,0.9923076923076923,0.024325212770525982,1.0,1.0,1.0,0.9923076923076923,0.024325212770525982,1.0,1.0,1.0,0.9925,0.02371708245126283,1.0,1.0,1.0,1.0,0.0,1.0,1.0,1.0,0.32638255059719085,0.17503981933282498,0.2890910506248474,0.18650342524051666,0.4363175481557846,0.03646697938229943,0.0014479755195328852,0.035987677999855805,0.03534956649991727,0.03728023625012611,256.0,0.0,256.0,256.0,256.0,1.0,0.0,1.0,1.0,1.0
dice_gradient_style,Custom DiCE-style gradient,512,disease_to_no_disease,high_confidence,33.0,0.12121212121212122,0.15157006580616386,0.0,0.0,0.2,0.48484848484848486,0.5075192189225524,0.0,0.0,1.0,0.0,0.0,0.0,0.0,0.0,0.1181818181818182,0.15300029708824398,0.0,0.0,0.2,0.0,0.0,0.0,0.0,0.0,0.09444967703893781,0.02768482264566323,0.09551612287759781,0.0774286799132824,0.10313722118735313,0.4461805555555556,0.14416793532431002,0.4444444444444445,0.375,0.5277777777777778,0.4461805555555556,0.14416793532431002,0.4444444444444445,0.375,0.5277777777777778,0.03831030102446675,0.0246057687586637,0.04412396252155304,0.03270599339157343,0.04768257401883602,0.3353916681983131,0.06187736728454211,0.33315023953525935,0.297049234315595,0.3879358970278868,0.3353916681983131,0.06187736728454211,0.33315023953525935,0.297049234315595,0.3879358970278868,0.6458333333333333,0.478713553878169,1.0,0.0,1.0,0.8754166666666667,0.1089129791945709,0.8833333333333333,0.8000000000000002,1.0,0.9427528490028491,0.0768583645882767,0.9615384615384616,0.9230769230769231,1.0,0.9427528490028491,0.0768583645882767,0.9615384615384616,0.9230769230769231,1.0,0.9953322285353535,0.009415345391680185,1.0,0.9955650252525252,1.0,1.0,0.0,1.0,1.0,1.0,0.3160369861871004,0.11832794359060632,0.33846448361873627,0.23859407007694244,0.36820077151060104,0.06696509972728866,0.002269071995672017,0.06645713800025987,0.06522721700002876,0.06871815800059267,512.0,0.0,512.0,512.0,512.0,1.0,0.0,1.0,1.0,1.0
dice_gradient_style,Custom DiCE-style gradient,512,disease_to_no_disease,medium_confidence,33.0,0.30303030303030304,0.1960306871462484,0.3,0.2,0.4,0.8787878787878788,0.3314339826398083,1.0,1.0,1.0,0.0,0.0,0.0,0.0,0.0,0.30303030303030304,0.1960306871462484,0.3,0.2,0.4,0.0,0.0,0.0,0.0,0.0,0.09173240255692909,0.03384047717650527,0.07710613310337067,0.07137780636548996,0.09776768833398819,0.44968983762087217,0.1228237120427097,0.4444444444444444,0.3888888888888889,0.5555555555555556,0.44968983762087217,0.1228237120427097,0.4444444444444444,0.3888888888888889,0.5555555555555556,0.044978663839142896,0.02093762149972493,0.04463775083422661,0.04375014826655388,0.05982846021652222,0.36894433497529855,0.0768772976148748,0.37340186065804143,0.3208728567066281,0.40648886033360554,0.36894433497529855,0.0768772976148748,0.37340186065804143,0.3208728567066281,0.40648886033360554,0.5927750410509031,0.4736152657698937,1.0,0.0,1.0,0.9159441707717568,0.09530623588619917,0.9,0.8666666666666667,1.0,0.9475881717261028,0.06332154253244612,0.9615384615384616,0.9230769230769231,1.0,0.9475881717261028,0.06332154253244612,0.9615384615384616,0.9230769230769231,1.0,0.9930770139821863,0.013345540239359799,1.0,0.9928821178821179,1.0,1.0,0.0,1.0,1.0,1.0,0.45244057425137224,0.24993123977542603,0.43225187063217163,0.2513780891895294,0.6059094667434692,0.06810466524229648,0.0021213159220700314,0.06808696999996755,0.06652817899976071,0.0693432190000749,512.0,0.0,512.0,512.0,512.0,1.0,0.0,1.0,1.0,1.0
dice_gradient_style,Custom DiCE-style gradient,512,disease_to_no_disease,near_boundary,34.0,0.4647058823529412,0.2372600579867259,0.4,0.325,0.575,1.0,0.0,1.0,1.0,1.0,0.08823529411764706,0.2879022412812364,0.0,0.0,0.0,0.46176470588235297,0.2335687633255483,0.4,0.325,0.575,0.08823529411764706,0.2879022412812364,0.0,0.0,0.0,0.07632836305043277,0.02174067793222702,0.0746881440281868,0.05798621475696564,0.08923948369920254,0.523011982570806,0.12994952758941578,0.5055555555555555,0.4444444444444444,0.6111111111111112,0.523011982570806,0.12994952758941578,0.5055555555555555,0.4444444444444444,0.6111111111111112,0.05781999811091844,0.016960548517448434,0.05930819362401962,0.04444349557161331,0.0659299623221159,0.310190040326019,0.10485281963652818,0.3268527424375517,0.23846685846102822,0.3864573148383219,0.310190040326019,0.10485281963652818,0.3268527424375517,0.23846685846102822,0.3864573148383219,0.7637254901960784,0.33969858367097866,1.0,0.5416666666666666,1.0,0.8636064425770309,0.11101866076030995,0.8999999999999999,0.8,0.9575,0.9466764172646526,0.06638849926024112,0.9848484848484849,0.8888888888888888,1.0,0.9466764172646526,0.06638849926024112,0.9848484848484849,0.8888888888888888,1.0,0.9967773822815841,0.006968922270449211,1.0,1.0,1.0,1.0,0.0,1.0,1.0,1.0,0.8205166555502835,0.31104408273458706,0.8030861616134644,0.5931081920862198,1.0673026591539383,0.06750423099995662,0.001565370802713947,0.06699704100037707,0.06640954049998982,0.0688378865006598,512.0,0.0,512.0,512.0,512.0,1.0,0.0,1.0,1.0,1.0
dice_gradient_style,Custom DiCE-style gradient,512,no_disease_to_disease,high_confidence,33.0,0.0,0.0,0.0,0.0,0.0,0.0,0.0,0.0,0.0,0.0,0.0,0.0,0.0,0.0,0.0,0.0,0.0,0.0,0.0,0.0,0.0,0.0,0.0,0.0,0.0,,0.0,,,,,0.0,,,,,0.0,,,,,0.0,,,,,0.0,,,,,0.0,,,,,0.0,,,,,0.0,,,,,0.0,,,,,0.0,,,,,0.0,,,,,0.0,,,,,0.0,,,,0.0670144802119687,0.002711131937985497,0.06627387299977272,0.06491667299997061,0.06859568900017621,512.0,0.0,512.0,512.0,512.0,1.0,0.0,1.0,1.0,1.0
dice_gradient_style,Custom DiCE-style gradient,512,no_disease_to_disease,medium_confidence,33.0,0.04242424242424242,0.10905933886623091,0.0,0.0,0.0,0.18181818181818182,0.39167472590032,0.0,0.0,0.0,0.0,0.0,0.0,0.0,0.0,0.04242424242424242,0.10905933886623091,0.0,0.0,0.0,0.0,0.0,0.0,0.0,0.0,0.13705411180853844,0.03307548027962821,0.14110472798347473,0.10870201513171196,0.15661044046282768,0.30864197530864196,0.1312944244063745,0.25,0.2222222222222222,0.4027777777777778,0.30864197530864196,0.1312944244063745,0.25,0.2222222222222222,0.4027777777777778,0.031572105983893074,0.03500906614329687,0.029074974358081818,0.0,0.05820704624056816,0.36262127679337003,0.06600758791975367,0.3641764791480284,0.3474393480335014,0.38680577024811325,0.36262127679337003,0.06600758791975367,0.3641764791480284,0.3474393480335014,0.38680577024811325,0.3333333333333333,0.5163977794943223,0.0,0.0,0.75,0.10833333333333335,0.10206207261596575,0.125,0.0125,0.2,0.8212250712250713,0.1260623399008847,0.8653846153846154,0.7596153846153846,0.8878205128205128,0.8212250712250713,0.1260623399008847,0.8653846153846154,0.7596153846153846,0.8878205128205128,0.9919839419839421,0.007029620831512769,0.9903846153846154,0.989729020979021,0.9975961538461539,1.0,0.0,1.0,1.0,1.0,0.21289926518996558,0.06206127161758638,0.19904078543186188,0.16556687653064728,0.24606047570705414,0.06800257436357655,0.0031518642352505676,0.06797785399976419,0.06526623699937772,0.06978163700023288,512.0,0.0,512.0,512.0,512.0,1.0,0.0,1.0,1.0,1.0
dice_gradient_style,Custom DiCE-style gradient,512,no_disease_to_disease,near_boundary,34.0,0.2441176470588235,0.20771655581087478,0.2,0.025,0.4,0.7352941176470589,0.44781107551989907,1.0,0.25,1.0,0.0,0.0,0.0,0.0,0.0,0.2441176470588235,0.20771655581087478,0.2,0.025,0.4,0.0,0.0,0.0,0.0,0.0,0.07446206778287888,0.026610595241551245,0.06595180183649063,0.05544787272810936,0.09467249363660812,0.47613756613756614,0.1054290890833688,0.5,0.40740740740740744,0.5555555555555556,0.47613756613756614,0.1054290890833688,0.5,0.40740740740740744,0.5555555555555556,0.046594771966338155,0.016121312518598368,0.04540608450770378,0.04392318055033684,0.058207523077726364,0.33961338885895304,0.06863393004725807,0.32623418995389714,0.2950468315202228,0.3793194725097305,0.33961338885895304,0.06863393004725807,0.32623418995389714,0.2950468315202228,0.3793194725097305,0.6871428571428573,0.4537822906933883,1.0,0.0,1.0,0.14571428571428574,0.11275847940957875,0.1,0.1,0.2,0.9068258178603006,0.07832972151435544,0.9230769230769231,0.8461538461538461,0.9629629629629629,0.9068258178603006,0.07832972151435544,0.9230769230769231,0.8461538461538461,0.9629629629629629,0.9927990990490991,0.01051619098458343,1.0,0.9910714285714286,1.0,1.0,0.0,1.0,1.0,1.0,0.4951355075836182,0.24605328242866556,0.4222434461116791,0.31163862347602844,0.6642630696296692,0.0678738251471366,0.0019639527060097252,0.06757537200019215,0.06642247299964765,0.06897683650049657,512.0,0.0,512.0,512.0,512.0,1.0,0.0,1.0,1.0,1.0
dice_gradient_style,Custom DiCE-style gradient,1024,disease_to_no_disease,high_confidence,33.0,0.17272727272727273,0.20352015758999045,0.1,0.0,0.3,0.5757575757575758,0.5018903659106633,1.0,0.0,1.0,0.0,0.0,0.0,0.0,0.0,0.17272727272727273,0.20352015758999045,0.1,0.0,0.3,0.0,0.0,0.0,0.0,0.0,0.10173381198393672,0.029696040780973532,0.09388647973537445,0.08049584925174713,0.11659622937440872,0.47504873294346983,0.14613259636043407,0.5,0.37962962962962965,0.5555555555555556,0.47504873294346983,0.14613259636043407,0.5,0.37962962962962965,0.5555555555555556,0.038568159467295596,0.02764710941555956,0.04458659887313843,0.011696882545948029,0.06177607551217079,0.3606081374526274,0.087228081420154,0.3486314526680785,0.2992379937183385,0.39788700354826917,0.3606081374526274,0.087228081420154,0.3486314526680785,0.2992379937183385,0.39788700354826917,0.6149122807017543,0.46244434889882696,1.0,0.0,1.0,0.8512280701754386,0.12732388236361217,0.8666666666666667,0.7666666666666667,0.955,0.9456440245913931,0.04497722269988777,0.9615384615384616,0.9230769230769231,0.9814814814814814,0.9456440245913931,0.04497722269988777,0.9615384615384616,0.9230769230769231,0.9814814814814814,0.9975250626566415,0.006502492810338833,1.0,1.0,1.0,1.0,0.0,1.0,1.0,1.0,0.39725859071079056,0.14701786952673873,0.3746921718120575,0.33950574696063995,0.45951902866363525,0.13017956736370473,0.004774381840989023,0.12993701699997473,0.12627275599970744,0.13416193000011845,1024.0,0.0,1024.0,1024.0,1024.0,1.0,0.0,1.0,1.0,1.0
dice_gradient_style,Custom DiCE-style gradient,1024,disease_to_no_disease,medium_confidence,33.0,0.3575757575757576,0.21798839279635832,0.3,0.2,0.5,0.9090909090909091,0.29193710406057133,1.0,1.0,1.0,0.0,0.0,0.0,0.0,0.0,0.3575757575757576,0.21798839279635832,0.3,0.2,0.5,0.0,0.0,0.0,0.0,0.0,0.09480057495335738,0.029457028005485993,0.08719518780708313,0.077126020565629,0.1100196335464716,0.4733950617283951,0.10269473977262586,0.47222222222222227,0.425925925925926,0.5555555555555556,0.4733950617283951,0.10269473977262586,0.47222222222222227,0.425925925925926,0.5555555555555556,0.05517004715899627,0.02342116646946492,0.055781932547688484,0.04892352968454361,0.06799088045954704,0.38923321981874437,0.08394841754472791,0.3781110288428349,0.32959096909676494,0.4380089078466955,0.38923321981874437,0.08394841754472791,0.3781110288428349,0.32959096909676494,0.4380089078466955,0.4405555555555555,0.4598836545631461,0.29166666666666663,0.0,1.0,0.8736666666666666,0.10145059005359318,0.8999999999999999,0.8000000000000002,0.9458333333333333,0.9595441595441596,0.04124799205134544,0.9629629629629629,0.9259259259259259,1.0,0.9595441595441596,0.04124799205134544,0.9629629629629629,0.9259259259259259,1.0,0.9940198412698413,0.010528697572861642,1.0,0.9927083333333333,1.0,1.0,0.0,1.0,1.0,1.0,0.6093988835811615,0.39914544692178083,0.5463902354240417,0.32224734127521515,0.7806366384029388,0.13121990439404643,0.004769101989662732,0.13280249199942773,0.1276950110004691,0.1336251180000545,1024.0,0.0,1024.0,1024.0,1024.0,1.0,0.0,1.0,1.0,1.0
dice_gradient_style,Custom DiCE-style gradient,1024,disease_to_no_disease,near_boundary,34.0,0.45,0.23516596331746284,0.4,0.3,0.5,1.0,0.0,1.0,1.0,1.0,0.08823529411764706,0.2879022412812366,0.0,0.0,0.0,0.45,0.23516596331746284,0.4,0.3,0.5,0.08823529411764706,0.2879022412812366,0.0,0.0,0.0,0.08503104921649485,0.023472812606966376,0.08675962686538696,0.06700596585869789,0.09976271726191044,0.5223674655047205,0.13060091279116423,0.5,0.44753086419753085,0.6430555555555556,0.5223674655047205,0.13060091279116423,0.5,0.44753086419753085,0.6430555555555556,0.06298359560177606,0.02084611215262465,0.060754939913749695,0.047807552851736546,0.07380023039877415,0.33550868331483225,0.11076489725747274,0.3458410990396892,0.24448228857046744,0.4156692837882544,0.33550868331483225,0.11076489725747274,0.3458410990396892,0.24448228857046744,0.4156692837882544,0.6229575163398692,0.3958204462569501,0.75,0.375,1.0,0.8815032679738561,0.09570143212985524,0.9,0.8125000000000001,0.95,0.9256760668525376,0.0647892921546877,0.9259259259259259,0.8888888888888888,0.9676573426573427,0.9256760668525376,0.0647892921546877,0.9259259259259259,0.8888888888888888,0.9676573426573427,0.9969081866753436,0.005209610221331106,1.0,0.9939762205387206,1.0,1.0,0.0,1.0,1.0,1.0,1.0665924137129503,0.43390399567319043,0.9899247586727142,0.7986124604940414,1.3775664269924164,0.13088604061773795,0.005928721143254409,0.1303064390003783,0.12680920475077073,0.13290120799979377,1024.0,0.0,1024.0,1024.0,1024.0,1.0,0.0,1.0,1.0,1.0
dice_gradient_style,Custom DiCE-style gradient,1024,no_disease_to_disease,high_confidence,33.0,0.015151515151515152,0.03641095406272095,0.0,0.0,0.0,0.15151515151515152,0.36410954062720957,0.0,0.0,0.0,0.0,0.0,0.0,0.0,0.0,0.015151515151515152,0.03641095406272095,0.0,0.0,0.0,0.0,0.0,0.0,0.0,0.0,0.1612733095884323,0.02688096323138961,0.16293153166770935,0.15164919197559357,0.1790982335805893,0.35555555555555557,0.09296222517045283,0.33333333333333337,0.33333333333333337,0.4444444444444444,0.35555555555555557,0.09296222517045283,0.33333333333333337,0.33333333333333337,0.4444444444444444,0.0,0.0,0.0,0.0,0.0,0.42098687613750024,0.08821935786381965,0.4009031670402502,0.3791790362494428,0.4280911875627538,0.42098687613750024,0.08821935786381965,0.4009031670402502,0.3791790362494428,0.4280911875627538,0.2,0.44721359549995804,0.0,0.0,0.0,0.16,0.08944271909999159,0.2,0.2,0.2,0.9307692307692308,0.05704768066996664,0.9230769230769231,0.9230769230769231,0.9615384615384616,0.9307692307692308,0.05704768066996664,0.9230769230769231,0.9230769230769231,0.9615384615384616,0.9865384615384615,0.025073855404625582,1.0,0.9903846153846154,1.0,1.0,0.0,1.0,1.0,1.0,0.1485694780945778,0.025524553501393616,0.14021331071853638,0.13459669053554535,0.16388356685638428,0.1305592580909323,0.007122934877722063,0.1285641089998535,0.1256637900005444,0.13258345199938049,1024.0,0.0,1024.0,1024.0,1024.0,1.0,0.0,1.0,1.0,1.0
dice_gradient_style,Custom DiCE-style gradient,1024,no_disease_to_disease,medium_confidence,33.0,0.22424242424242424,0.20314758033001373,0.2,0.1,0.3,0.7575757575757576,0.4351941398892446,1.0,1.0,1.0,0.0,0.0,0.0,0.0,0.0,0.2212121212121212,0.20426327337160943,0.2,0.1,0.3,0.0,0.0,0.0,0.0,0.0,0.12228806346654891,0.020479933657842522,0.12183519452810287,0.10864204168319702,0.13927195966243744,0.45022222222222225,0.08604192096170368,0.4444444444444445,0.3888888888888889,0.5,0.45022222222222225,0.08604192096170368,0.4444444444444445,0.3888888888888889,0.5,0.050654520392417905,0.027796795930814407,0.04999318718910217,0.04387173429131508,0.06191353499889374,0.3591380630163055,0.06702174582556658,0.3595776262042899,0.3046744731744274,0.3909091465265596,0.3591380630163055,0.06702174582556658,0.3595776262042899,0.3046744731744274,0.3909091465265596,0.24666666666666665,0.3628271193261585,0.0,0.0,0.5,0.1496,0.11167628482624496,0.13333333333333333,0.1,0.2,0.9372649572649573,0.06929541805414306,0.9615384615384616,0.9230769230769231,1.0,0.9372649572649573,0.06929541805414306,0.9615384615384616,0.9230769230769231,1.0,0.9939191364191364,0.009332682868916177,1.0,0.9864753302253303,1.0,1.0,0.0,1.0,1.0,1.0,0.43223223090171814,0.20430546660013282,0.46111470460891724,0.22011461853981018,0.5096144676208496,0.13077852851510022,0.005706647270349138,0.12912789100028021,0.12664494999989984,0.13307908499973564,1024.0,0.0,1024.0,1024.0,1024.0,1.0,0.0,1.0,1.0,1.0
dice_gradient_style,Custom DiCE-style gradient,1024,no_disease_to_disease,near_boundary,34.0,0.3176470588235294,0.2367335648966219,0.25,0.2,0.4,0.9117647058823529,0.2879022412812365,1.0,1.0,1.0,0.0,0.0,0.0,0.0,0.0,0.3176470588235294,0.2367335648966219,0.25,0.2,0.4,0.0,0.0,0.0,0.0,0.0,0.08880692047457542,0.024631837563609905,0.09351509809494019,0.06872686371207237,0.10194411873817444,0.4691329578426353,0.11073610813251324,0.48888888888888893,0.3888888888888889,0.5555555555555556,0.4691329578426353,0.11073610813251324,0.48888888888888893,0.3888888888888889,0.5555555555555556,0.05605230396313052,0.02436262224983666,0.05932815745472908,0.04505345597863197,0.06823287531733513,0.388932924663549,0.08277714368559697,0.3785343281399453,0.34036326548223766,0.44104609465915956,0.388932924663549,0.08277714368559697,0.3785343281399453,0.34036326548223766,0.44104609465915956,0.48381976446492575,0.41193074091135157,0.5,0.0,1.0,0.18818228366615466,0.12139457170865868,0.2,0.1,0.27,0.9565661751423709,0.04402809555558117,0.9615384615384616,0.9245014245014245,1.0,0.9565661751423709,0.04402809555558117,0.9615384615384616,0.9245014245014245,1.0,0.9927483856247297,0.012395226417128898,1.0,0.9865926897176898,1.0,1.0,0.0,1.0,1.0,1.0,0.7290649952427033,0.3574569805782732,0.7081538438796997,0.4786844998598099,0.9486535787582397,0.1309377221471229,0.003410413191796053,0.13234392950016627,0.12768532399991273,0.13337391150002986,1024.0,0.0,1024.0,1024.0,1024.0,1.0,0.0,1.0,1.0,1.0
genetic_cfe,Budget-matched genetic CFE,128,disease_to_no_disease,high_confidence,33.0,0.0,0.0,0.0,0.0,0.0,0.0,0.0,0.0,0.0,0.0,0.0,0.0,0.0,0.0,0.0,0.0,0.0,0.0,0.0,0.0,0.0,0.0,0.0,0.0,0.0,,0.0,,,,,0.0,,,,,0.0,,,,,0.0,,,,,0.0,,,,,0.0,,,,,0.0,,,,,0.0,,,,,0.0,,,,,0.0,,,,,0.0,,,,,0.0,,,,,0.0,,,,0.00646709621212887,0.0003988654542140412,0.006347317000290786,0.006201547999808099,0.00661083500017412,128.0,0.0,128.0,128.0,128.0,1.0,0.0,1.0,1.0,1.0
genetic_cfe,Budget-matched genetic CFE,128,disease_to_no_disease,medium_confidence,33.0,0.0030303030303030303,0.017407765595569787,0.0,0.0,0.0,0.030303030303030304,0.17407765595569788,0.0,0.0,0.0,0.0,0.0,0.0,0.0,0.0,0.0030303030303030303,0.017407765595569787,0.0,0.0,0.0,0.0,0.0,0.0,0.0,0.0,0.0199725441634655,0.0,0.0199725441634655,0.0199725441634655,0.0199725441634655,0.6666666666666667,0.0,0.6666666666666667,0.6666666666666667,0.6666666666666667,0.6666666666666667,0.0,0.6666666666666667,0.6666666666666667,0.6666666666666667,0.0,0.0,0.0,0.0,0.0,0.20754882963286778,0.0,0.20754882963286778,0.20754882963286778,0.20754882963286778,0.20754882963286778,0.0,0.20754882963286778,0.20754882963286778,0.20754882963286778,1.0,0.0,1.0,1.0,1.0,0.8,0.0,0.8,0.8,0.8,0.9230769230769231,0.0,0.9230769230769231,0.9230769230769231,0.9230769230769231,0.9230769230769231,0.0,0.9230769230769231,0.9230769230769231,0.9230769230769231,1.0,0.0,1.0,1.0,1.0,1.0,0.0,1.0,1.0,1.0,0.11629754304885864,0.0,0.11629754304885864,0.11629754304885864,0.11629754304885864,0.006532017272740742,0.0003513823567231102,0.0065118249995066435,0.00634216100024787,0.006643157000326028,128.0,0.0,128.0,128.0,128.0,1.0,0.0,1.0,1.0,1.0
genetic_cfe,Budget-matched genetic CFE,128,disease_to_no_disease,near_boundary,34.0,0.1735294117647059,0.1483419953808863,0.1,0.1,0.2,0.8529411764705882,0.3594906279535708,1.0,1.0,1.0,0.0,0.0,0.0,0.0,0.0,0.1647058823529412,0.14116904317954473,0.1,0.1,0.2,0.0,0.0,0.0,0.0,0.0,0.02629083594114616,0.011173950585635816,0.026792285963892937,0.015799660235643387,0.032915953546762466,0.6966155810983399,0.10596905567989422,0.6666666666666667,0.6111111111111112,0.7777777777777778,0.6966155810983399,0.10596905567989422,0.6666666666666667,0.6111111111111112,0.7777777777777778,0.016750774185719162,0.019614461251581877,0.0,0.0,0.03636554628610611,0.28167709349339515,0.10760709154448177,0.29944020361365054,0.22985259805059222,0.35848597278207817,0.28167709349339515,0.10760709154448177,0.29944020361365054,0.22985259805059222,0.35848597278207817,0.8586206896551724,0.32212158460888035,1.0,1.0,1.0,0.8470114942528736,0.11799698956203646,0.8,0.8,0.95,0.9432164259750466,0.07231735124506408,0.9629629629629629,0.8888888888888888,1.0,0.9432164259750466,0.07231735124506408,0.9629629629629629,0.8888888888888888,1.0,0.9737240010946909,0.04113537445321943,0.9902777777777778,0.961111111111111,1.0,1.0,0.0,1.0,1.0,1.0,0.23899028475942283,0.11349489729846243,0.2270016372203827,0.13826197385787964,0.3387323319911957,0.0069855957354133455,0.0004063423278194349,0.006984186500176293,0.006653900500396048,0.007272129750163003,128.0,0.0,128.0,128.0,128.0,1.0,0.0,1.0,1.0,1.0
genetic_cfe,Budget-matched genetic CFE,128,no_disease_to_disease,high_confidence,33.0,0.0,0.0,0.0,0.0,0.0,0.0,0.0,0.0,0.0,0.0,0.0,0.0,0.0,0.0,0.0,0.0,0.0,0.0,0.0,0.0,0.0,0.0,0.0,0.0,0.0,,0.0,,,,,0.0,,,,,0.0,,,,,0.0,,,,,0.0,,,,,0.0,,,,,0.0,,,,,0.0,,,,,0.0,,,,,0.0,,,,,0.0,,,,,0.0,,,,,0.0,,,,0.006359615818120911,0.000260264675875015,0.006394111000190605,0.006160730999908992,0.006497698999737622,128.0,0.0,128.0,128.0,128.0,1.0,0.0,1.0,1.0,1.0
genetic_cfe,Budget-matched genetic CFE,128,no_disease_to_disease,medium_confidence,33.0,0.0,0.0,0.0,0.0,0.0,0.0,0.0,0.0,0.0,0.0,0.0,0.0,0.0,0.0,0.0,0.0,0.0,0.0,0.0,0.0,0.0,0.0,0.0,0.0,0.0,,0.0,,,,,0.0,,,,,0.0,,,,,0.0,,,,,0.0,,,,,0.0,,,,,0.0,,,,,0.0,,,,,0.0,,,,,0.0,,,,,0.0,,,,,0.0,,,,,0.0,,,,0.006444311787714524,0.0003825816626107233,0.006404591999853437,0.00619018299948948,0.006533009999657224,128.0,0.0,128.0,128.0,128.0,1.0,0.0,1.0,1.0,1.0
genetic_cfe,Budget-matched genetic CFE,128,no_disease_to_disease,near_boundary,34.0,0.10294117647058823,0.15664144371616043,0.0,0.0,0.17500000000000002,0.38235294117647056,0.4932702180563816,0.0,0.0,1.0,0.0,0.0,0.0,0.0,0.0,0.08823529411764708,0.14091627835156703,0.0,0.0,0.1,0.0,0.0,0.0,0.0,0.0,0.031883552527198426,0.008569842482119755,0.031106293201446533,0.025507831946015358,0.03488723933696747,0.6564102564102564,0.09756001103179339,0.6296296296296297,0.5555555555555556,0.7555555555555555,0.6564102564102564,0.09756001103179339,0.6296296296296297,0.5555555555555556,0.7555555555555555,0.027133445327098552,0.020157979993150364,0.037103742361068726,0.0,0.04098349064588547,0.3035294559513384,0.06402615655710626,0.3044353734275116,0.2616598551737685,0.3264497469447283,0.3035294559513384,0.06402615655710626,0.3044353734275116,0.2616598551737685,0.3264497469447283,0.7282051282051282,0.3814800984678828,1.0,0.6666666666666666,1.0,0.12205128205128207,0.10191262108385957,0.13333333333333333,0.0,0.2,0.9421433267587115,0.062055906116972676,0.9615384615384616,0.9230769230769231,1.0,0.9421433267587115,0.062055906116972676,0.9615384615384616,0.9230769230769231,1.0,0.9825193325193324,0.0299148484767418,0.9916666666666666,0.9821428571428572,1.0,1.0,0.0,1.0,1.0,1.0,0.28949908453684586,0.0829995932543697,0.29625052213668823,0.25657275319099426,0.3489295542240143,0.006719390970668909,0.0004095836106391478,0.0067242354998597875,0.0063694302498333855,0.006980585500286907,128.0,0.0,128.0,128.0,128.0,1.0,0.0,1.0,1.0,1.0
genetic_cfe,Budget-matched genetic CFE,256,disease_to_no_disease,high_confidence,33.0,0.0,0.0,0.0,0.0,0.0,0.0,0.0,0.0,0.0,0.0,0.0,0.0,0.0,0.0,0.0,0.0,0.0,0.0,0.0,0.0,0.0,0.0,0.0,0.0,0.0,,0.0,,,,,0.0,,,,,0.0,,,,,0.0,,,,,0.0,,,,,0.0,,,,,0.0,,,,,0.0,,,,,0.0,,,,,0.0,,,,,0.0,,,,,0.0,,,,,0.0,,,,0.012687825454591031,0.0010661387648609136,0.012471575999370543,0.012194009999802802,0.012652865999370988,256.0,0.0,256.0,256.0,256.0,2.0,0.0,2.0,2.0,2.0
genetic_cfe,Budget-matched genetic CFE,256,disease_to_no_disease,medium_confidence,33.0,0.048484848484848485,0.08703882797784891,0.0,0.0,0.1,0.30303030303030304,0.4666937221594376,0.0,0.0,1.0,0.0,0.0,0.0,0.0,0.0,0.048484848484848485,0.08703882797784891,0.0,0.0,0.1,0.0,0.0,0.0,0.0,0.0,0.03703090362250805,0.010553584907945878,0.03699163906276226,0.028939091600477695,0.04376052971929312,0.6185185185185185,0.14896891979257637,0.6111111111111112,0.5648148148148149,0.7592592592592593,0.6185185185185185,0.14896891979257637,0.6111111111111112,0.5648148148148149,0.7592592592592593,0.0153960932046175,0.02158421690289306,0.0,0.0,0.02865823358297348,0.3254554159818086,0.0887411977707126,0.3445966581101445,0.2397386772564659,0.39971929302826803,0.3254554159818086,0.0887411977707126,0.3445966581101445,0.2397386772564659,0.39971929302826803,0.8166666666666667,0.3374742788552764,1.0,0.75,1.0,0.95,0.08498365855987973,1.0,0.925,1.0,0.9539886039886041,0.050663009481311826,0.9622507122507122,0.9230769230769231,1.0,0.9539886039886041,0.050663009481311826,0.9622507122507122,0.9230769230769231,1.0,0.9880988455988456,0.013512683705851004,0.9930555555555556,0.9762896825396825,1.0,1.0,0.0,1.0,1.0,1.0,0.19875144809484482,0.06513120923576352,0.18324937671422958,0.15479490160942078,0.22723513841629028,0.012933961999999266,0.001010907249899921,0.01287079400026414,0.012291688000004797,0.013323283000318042,256.0,0.0,256.0,256.0,256.0,2.0,0.0,2.0,2.0,2.0
genetic_cfe,Budget-matched genetic CFE,256,disease_to_no_disease,near_boundary,34.0,0.3470588235294118,0.23124864503144016,0.3,0.2,0.475,0.9411764705882353,0.23883257361061294,1.0,1.0,1.0,0.029411764705882353,0.1714985851425088,0.0,0.0,0.0,0.3264705882352942,0.23134497856822914,0.3,0.2,0.4,0.029411764705882353,0.1714985851425088,0.0,0.0,0.0,0.03419919573934749,0.00972941804002346,0.033442575484514236,0.027715603355318308,0.03688580449670553,0.6618758267195768,0.09745266709751943,0.6746031746031746,0.5968253968253969,0.7333333333333334,0.6618758267195768,0.09745266709751943,0.6746031746031746,0.5968253968253969,0.7333333333333334,0.02895596087910235,0.014418950501733356,0.028864753432571888,0.021416228264570236,0.03946176636964083,0.3059253442158478,0.10134378927898452,0.32289750490779445,0.21940993901664194,0.3675615502702271,0.3059253442158478,0.10134378927898452,0.32289750490779445,0.21940993901664194,0.3675615502702271,0.8296875,0.3323570211626783,1.0,0.95,1.0,0.8667559523809524,0.08967218458132298,0.8666666666666667,0.8,0.9374999999999999,0.9396421944913325,0.06688134692340075,0.9615384615384616,0.9164456233421752,1.0,0.9396421944913325,0.06688134692340075,0.9615384615384616,0.9164456233421752,1.0,0.9838665916177076,0.014346113676211731,0.9837301587301588,0.975,1.0,1.0,0.0,1.0,1.0,1.0,0.29684877302497625,0.11519270217304572,0.31022557616233826,0.20622022449970245,0.3765518292784691,0.014132597352994814,0.0008981997053057396,0.01420702750010605,0.013437152750384485,0.014814491999914026,256.0,0.0,256.0,256.0,256.0,2.0,0.0,2.0,2.0,2.0
genetic_cfe,Budget-matched genetic CFE,256,no_disease_to_disease,high_confidence,33.0,0.0,0.0,0.0,0.0,0.0,0.0,0.0,0.0,0.0,0.0,0.0,0.0,0.0,0.0,0.0,0.0,0.0,0.0,0.0,0.0,0.0,0.0,0.0,0.0,0.0,,0.0,,,,,0.0,,,,,0.0,,,,,0.0,,,,,0.0,,,,,0.0,,,,,0.0,,,,,0.0,,,,,0.0,,,,,0.0,,,,,0.0,,,,,0.0,,,,,0.0,,,,0.012682581545463605,0.0013422140268375808,0.012389700000312587,0.012153452999882575,0.012733961000776617,256.0,0.0,256.0,256.0,256.0,2.0,0.0,2.0,2.0,2.0
genetic_cfe,Budget-matched genetic CFE,256,no_disease_to_disease,medium_confidence,33.0,0.0,0.0,0.0,0.0,0.0,0.0,0.0,0.0,0.0,0.0,0.0,0.0,0.0,0.0,0.0,0.0,0.0,0.0,0.0,0.0,0.0,0.0,0.0,0.0,0.0,,0.0,,,,,0.0,,,,,0.0,,,,,0.0,,,,,0.0,,,,,0.0,,,,,0.0,,,,,0.0,,,,,0.0,,,,,0.0,,,,,0.0,,,,,0.0,,,,,0.0,,,,0.012674382939539182,0.0005347318919287419,0.012561186000311864,0.01222948400027235,0.013080865000119957,256.0,0.0,256.0,256.0,256.0,2.0,0.0,2.0,2.0,2.0
genetic_cfe,Budget-matched genetic CFE,256,no_disease_to_disease,near_boundary,34.0,0.13529411764705881,0.19982166737425686,0.0,0.0,0.2,0.4117647058823529,0.49955416843564215,0.0,0.0,1.0,0.0,0.0,0.0,0.0,0.0,0.12941176470588234,0.19310761917819355,0.0,0.0,0.2,0.0,0.0,0.0,0.0,0.0,0.03053085133433342,0.008313408135771878,0.03033947665244341,0.025356058031320572,0.035383082926273346,0.6775510204081633,0.08873679117780886,0.6888888888888889,0.6047619047619048,0.7361111111111112,0.6775510204081633,0.08873679117780886,0.6888888888888889,0.6047619047619048,0.7361111111111112,0.031244610835398947,0.017588890078816758,0.033054462634027004,0.022230464965105057,0.04448491707444191,0.28914571941563944,0.07079248101548803,0.28793259131417187,0.24068305609039478,0.32757727295174627,0.28914571941563944,0.07079248101548803,0.28793259131417187,0.24068305609039478,0.32757727295174627,0.745578231292517,0.311832552028884,0.8333333333333333,0.6,1.0,0.08945578231292517,0.07856773376657443,0.08285714285714287,0.016666666666666666,0.12000000000000002,0.9557562488596972,0.05326806430751733,0.9814814814814814,0.8981481481481481,1.0,0.9557562488596972,0.05326806430751733,0.9814814814814814,0.8981481481481481,1.0,0.983788872691934,0.019784975534441626,0.9933673469387756,0.9723214285714287,1.0,1.0,0.0,1.0,1.0,1.0,0.2804503653730665,0.06827191050740754,0.2652624100446701,0.2407945841550827,0.32698872685432434,0.013195402176600457,0.0009292492523627436,0.012937572000282671,0.012377622500025609,0.013705061499877047,256.0,0.0,256.0,256.0,256.0,2.0,0.0,2.0,2.0,2.0
genetic_cfe,Budget-matched genetic CFE,512,disease_to_no_disease,high_confidence,33.0,0.051515151515151514,0.11489454980875977,0.0,0.0,0.1,0.30303030303030304,0.46669372215943766,0.0,0.0,1.0,0.0,0.0,0.0,0.0,0.0,0.051515151515151514,0.11489454980875977,0.0,0.0,0.1,0.0,0.0,0.0,0.0,0.0,0.05157842859625816,0.018314244868040393,0.05141307972371578,0.040828507393598557,0.05413018353283405,0.625925925925926,0.12523412002879764,0.6666666666666667,0.5277777777777778,0.6666666666666667,0.625925925925926,0.12523412002879764,0.6666666666666667,0.5277777777777778,0.6666666666666667,0.013736765272915364,0.02351590127040351,0.0,0.0,0.021910642739385366,0.30324001422274627,0.061661363552457854,0.30489350059652,0.2773632484064764,0.33472399870609126,0.30324001422274627,0.061661363552457854,0.30489350059652,0.2773632484064764,0.33472399870609126,0.7,0.4830458915396479,1.0,0.25,1.0,0.8766666666666666,0.14233502471022114,0.9,0.8,1.0,0.9233618233618234,0.09421545163450515,0.9437321937321937,0.9230769230769231,0.9903846153846154,0.9233618233618234,0.09421545163450515,0.9437321937321937,0.9230769230769231,0.9903846153846154,0.9835449735449735,0.019264212883111573,0.9887566137566137,0.9729166666666667,1.0,1.0,0.0,1.0,1.0,1.0,0.1801661431789398,0.0732222703193878,0.16290535032749176,0.1223960816860199,0.22634630650281906,0.024837395060510033,0.0009109705228161077,0.024780644999736978,0.023978466000698972,0.025576904999979888,512.0,0.0,512.0,512.0,512.0,4.0,0.0,4.0,4.0,4.0
genetic_cfe,Budget-matched genetic CFE,512,disease_to_no_disease,medium_confidence,33.0,0.24848484848484853,0.2785242495291166,0.2,0.0,0.3,0.696969696969697,0.46669372215943766,1.0,0.0,1.0,0.0,0.0,0.0,0.0,0.0,0.22727272727272727,0.2589313703386566,0.1,0.0,0.3,0.0,0.0,0.0,0.0,0.0,0.046599741782183235,0.01019209846050869,0.046321846544742584,0.039565445855259895,0.049584176391363144,0.6236484932137105,0.0876776406512317,0.6419753086419754,0.5555555555555556,0.6851851851851852,0.6236484932137105,0.0876776406512317,0.6419753086419754,0.5555555555555556,0.6851851851851852,0.029566670970424362,0.020632292938547764,0.03566109016537666,0.01038631796836853,0.044844258576631546,0.35883649494554093,0.07077402599116069,0.3423814215699731,0.302167231083352,0.4085795828496115,0.35883649494554093,0.07077402599116069,0.3423814215699731,0.302167231083352,0.4085795828496115,0.6175293305728088,0.4212637838446566,0.8571428571428571,0.16666666666666666,1.0,0.8905175983436855,0.12578431388540948,0.9428571428571428,0.8,0.9888888888888889,0.9066223298607106,0.07116544392619042,0.9230769230769231,0.8846153846153846,0.9615384615384616,0.9066223298607106,0.07116544392619042,0.9230769230769231,0.8846153846153846,0.9615384615384616,0.9785868743632717,0.02235929020893923,0.9808201058201058,0.9722222222222222,1.0,1.0,0.0,1.0,1.0,1.0,0.22822752854098444,0.0875052647956214,0.2159448266029358,0.17247332632541656,0.245401069521904,0.026086101060696597,0.0016264861569886086,0.02572953500020958,0.024985027999719023,0.02720342399970832,512.0,0.0,512.0,512.0,512.0,4.0,0.0,4.0,4.0,4.0
genetic_cfe,Budget-matched genetic CFE,512,disease_to_no_disease,near_boundary,34.0,0.626470588235294,0.2428477806431013,0.7,0.4,0.8,1.0,0.0,1.0,1.0,1.0,0.08823529411764706,0.2879022412812366,0.0,0.0,0.0,0.5911764705882353,0.24292117072656672,0.6499999999999999,0.4,0.8,0.058823529411764705,0.23883257361061289,0.0,0.0,0.0,0.03673905150636154,0.01098987913652503,0.033687423914670944,0.028647262137383223,0.04015745036303997,0.6656642286544248,0.08378063000050658,0.6801587301587302,0.6111111111111112,0.7388888888888889,0.6656642286544248,0.08378063000050658,0.6801587301587302,0.6111111111111112,0.7388888888888889,0.03227443935568718,0.008795493946761924,0.03360364958643913,0.027535249013453722,0.03980996459722519,0.3079379031179725,0.09433242490470564,0.325390552207652,0.23326361595370415,0.3683242785919075,0.3079379031179725,0.09433242490470564,0.325390552207652,0.23326361595370415,0.3683242785919075,0.8230392156862746,0.297456616588673,1.0,0.7232142857142857,1.0,0.8494421101774042,0.09141554024133781,0.8660714285714286,0.8,0.9,0.9368006533320935,0.06816987656323188,0.9622507122507122,0.8884615384615384,1.0,0.9368006533320935,0.06816987656323188,0.9622507122507122,0.8884615384615384,1.0,0.9789143481466662,0.023965597317093187,0.9859722222222222,0.9693948412698412,0.9962797619047619,1.0,0.0,1.0,1.0,1.0,0.3080245506237535,0.09961149451830846,0.30632779002189636,0.22787859663367271,0.38389523327350616,0.030832982088213612,0.0034635287788355082,0.03205765849997988,0.02761047749959289,0.0333077592497375,512.0,0.0,512.0,512.0,512.0,4.0,0.0,4.0,4.0,4.0
genetic_cfe,Budget-matched genetic CFE,512,no_disease_to_disease,high_confidence,33.0,0.0,0.0,0.0,0.0,0.0,0.0,0.0,0.0,0.0,0.0,0.0,0.0,0.0,0.0,0.0,0.0,0.0,0.0,0.0,0.0,0.0,0.0,0.0,0.0,0.0,,0.0,,,,,0.0,,,,,0.0,,,,,0.0,,,,,0.0,,,,,0.0,,,,,0.0,,,,,0.0,,,,,0.0,,,,,0.0,,,,,0.0,,,,,0.0,,,,,0.0,,,,0.02475961572723794,0.0010889931213346558,0.024545395000131975,0.0241824060003637,0.025217189999239054,512.0,0.0,512.0,512.0,512.0,4.0,0.0,4.0,4.0,4.0
genetic_cfe,Budget-matched genetic CFE,512,no_disease_to_disease,medium_confidence,33.0,0.0030303030303030303,0.017407765595569797,0.0,0.0,0.0,0.030303030303030304,0.17407765595569796,0.0,0.0,0.0,0.0,0.0,0.0,0.0,0.0,0.0030303030303030303,0.017407765595569797,0.0,0.0,0.0,0.0,0.0,0.0,0.0,0.0,0.038739826530218124,0.0,0.038739826530218124,0.038739826530218124,0.038739826530218124,0.6666666666666667,0.0,0.6666666666666667,0.6666666666666667,0.6666666666666667,0.6666666666666667,0.0,0.6666666666666667,0.6666666666666667,0.6666666666666667,0.0,0.0,0.0,0.0,0.0,0.3650564250777116,0.0,0.3650564250777116,0.3650564250777116,0.3650564250777116,0.3650564250777116,0.0,0.3650564250777116,0.3650564250777116,0.3650564250777116,0.0,0.0,0.0,0.0,0.0,0.0,0.0,0.0,0.0,0.0,0.8461538461538461,0.0,0.8461538461538461,0.8461538461538461,0.8461538461538461,0.8461538461538461,0.0,0.8461538461538461,0.8461538461538461,0.8461538461538461,1.0,0.0,1.0,1.0,1.0,1.0,0.0,1.0,1.0,1.0,0.11734476685523987,0.0,0.11734476685523987,0.11734476685523987,0.11734476685523987,0.02547246881818644,0.0030386052146733006,0.024986797000565275,0.02447994399972231,0.025301814999693306,512.0,0.0,512.0,512.0,512.0,4.0,0.0,4.0,4.0,4.0
genetic_cfe,Budget-matched genetic CFE,512,no_disease_to_disease,near_boundary,34.0,0.36176470588235293,0.38139672010980497,0.15000000000000002,0.0,0.6,0.6764705882352942,0.4748580799338171,1.0,0.0,1.0,0.14705882352941177,0.359490627953571,0.0,0.0,0.0,0.3382352941176471,0.35591512938148356,0.15000000000000002,0.0,0.6,0.058823529411764705,0.23883257361061294,0.0,0.0,0.0,0.044578482194439224,0.017469641469739863,0.040063079446554184,0.03169269114732742,0.05143808387219906,0.6434916800858829,0.0963793075578598,0.6555555555555556,0.5555555555555556,0.7291666666666667,0.6434916800858829,0.0963793075578598,0.6555555555555556,0.5555555555555556,0.7291666666666667,0.028785254401357277,0.01810197012336212,0.03675815835595131,0.015323509462177753,0.0410101767629385,0.3382547457396776,0.08850538537817375,0.3074477320668638,0.28190209485634454,0.3841413720219006,0.3382547457396776,0.08850538537817375,0.3074477320668638,0.28190209485634454,0.3841413720219006,0.6404589371980676,0.40535904510470944,0.8,0.3375,1.0,0.1315458937198068,0.06732564806829082,0.12000000000000002,0.1,0.2,0.9041496345844172,0.10117583085693135,0.9230769230769231,0.8592592592592593,0.9814814814814814,0.9041496345844172,0.10117583085693135,0.9230769230769231,0.8592592592592593,0.9814814814814814,0.9788819004398716,0.019686599841361098,0.9821428571428572,0.9721825396825396,0.9955687830687832,1.0,0.0,1.0,1.0,1.0,0.2828834821348605,0.09010722746879826,0.2797912657260895,0.23557405173778534,0.3254823237657547,0.027213178147014655,0.0034240745032434097,0.025621215499995742,0.024487778499860724,0.030288157249970027,512.0,0.0,512.0,512.0,512.0,4.0,0.0,4.0,4.0,4.0
genetic_cfe,Budget-matched genetic CFE,1024,disease_to_no_disease,high_confidence,33.0,0.22727272727272727,0.3625195919470486,0.0,0.0,0.4,0.3939393939393939,0.49619766344887317,0.0,0.0,1.0,0.15151515151515152,0.3641095406272096,0.0,0.0,0.0,0.21212121212121213,0.34619139915440533,0.0,0.0,0.3,0.12121212121212122,0.3314339826398084,0.0,0.0,0.0,0.06170980546336908,0.013110780365489984,0.06680622696876526,0.049165721982717514,0.06846599280834198,0.6304843304843306,0.07624749497266396,0.6333333333333334,0.5555555555555556,0.6944444444444444,0.6304843304843306,0.07624749497266396,0.6333333333333334,0.5555555555555556,0.6944444444444444,0.028949832257169943,0.010749582424735876,0.03186071291565895,0.02595691941678524,0.037268295884132385,0.3165021426946893,0.06573710318756122,0.3165767196592186,0.26336474129834947,0.35527240248490777,0.3165021426946893,0.06573710318756122,0.3165767196592186,0.26336474129834947,0.35527240248490777,0.5653846153846154,0.44318196760501927,0.5,0.2,1.0,0.8551282051282052,0.08623412773562904,0.8500000000000001,0.8,0.9199999999999999,0.9302392763931226,0.06492694446795347,0.9615384615384616,0.8888888888888888,0.9696969696969697,0.9302392763931226,0.06492694446795347,0.9615384615384616,0.8888888888888888,0.9696969696969697,0.9855759518259517,0.013778505275116667,0.9860714285714286,0.9765873015873016,1.0,1.0,0.0,1.0,1.0,1.0,0.22245097962709573,0.0491922639920713,0.20660743117332458,0.1913648098707199,0.25771284103393555,0.05195768869695409,0.003728825079805483,0.050428882999767666,0.04965430500033108,0.053049100999487564,1024.0,0.0,1024.0,1024.0,1024.0,8.0,0.0,8.0,8.0,8.0
genetic_cfe,Budget-matched genetic CFE,1024,disease_to_no_disease,medium_confidence,33.0,0.5636363636363636,0.4098918926209247,0.5,0.3,1.0,0.7878787878787878,0.41514875026728043,1.0,1.0,1.0,0.3939393939393939,0.49619766344887317,0.0,0.0,1.0,0.515151515151515,0.3784187595452393,0.4,0.2,0.9,0.18181818181818182,0.39167472590032004,0.0,0.0,0.0,0.05002964631869243,0.011442302085164884,0.04940957389771938,0.04213770851492882,0.05587297584861517,0.6646011396011395,0.057961074216243934,0.6666666666666667,0.6333333333333334,0.7083333333333334,0.6646011396011395,0.057961074216243934,0.6666666666666667,0.6333333333333334,0.7083333333333334,0.032362376483013995,0.012536268816397696,0.03769590146839619,0.022550794295966625,0.040835452266037464,0.3613211881502981,0.08008682322902932,0.3655980083922168,0.2895099212965319,0.42843519326404655,0.3613211881502981,0.08008682322902932,0.3655980083922168,0.2895099212965319,0.42843519326404655,0.6596153846153846,0.35672657057450347,0.775,0.5,0.975,0.8844871794871796,0.10543852261522851,0.9199999999999999,0.8,0.9575,0.9373169565477257,0.05639816701820124,0.9504662004662006,0.9125874125874126,0.9696969696969697,0.9373169565477257,0.05639816701820124,0.9504662004662006,0.9125874125874126,0.9696969696969697,0.977881849053724,0.020012038463809983,0.9851984126984126,0.9655753968253968,0.9930208333333334,1.0,0.0,1.0,1.0,1.0,0.24640083083739647,0.09214334562440371,0.21901483833789825,0.16895851492881775,0.31945330649614334,0.05672295154548038,0.006331087349290721,0.05583702900003118,0.05134265099968616,0.062134343000252557,1024.0,0.0,1024.0,1024.0,1024.0,8.0,0.0,8.0,8.0,8.0
genetic_cfe,Budget-matched genetic CFE,1024,disease_to_no_disease,near_boundary,34.0,0.8029411764705883,0.1946018376655688,0.8,0.7,1.0,1.0,0.0,1.0,1.0,1.0,0.35294117647058826,0.485071250072666,0.0,0.0,1.0,0.7352941176470589,0.2013324597731046,0.8,0.6,0.9,0.14705882352941177,0.359490627953571,0.0,0.0,0.0,0.03587454475243302,0.012020290195697196,0.0313777644187212,0.0275052348151803,0.03943837434053421,0.7121226268285092,0.08175516561906532,0.7407407407407408,0.670138888888889,0.7650462962962963,0.7121226268285092,0.08175516561906532,0.7407407407407408,0.670138888888889,0.7650462962962963,0.031369321048259735,0.007006773248181478,0.031301474198699,0.02643065480515361,0.03678094316273928,0.30048776138803623,0.09736582936426105,0.3231942186627086,0.2359406760372253,0.36828308483945427,0.30048776138803623,0.09736582936426105,0.3231942186627086,0.2359406760372253,0.36828308483945427,0.8253384687208216,0.2882367230423726,1.0,0.8,1.0,0.8614332399626516,0.08257265672512379,0.8708333333333333,0.805,0.9083333333333332,0.9358940736222683,0.06150354437300241,0.9393939393939394,0.9022727272727273,0.9924242424242424,0.9358940736222683,0.06150354437300241,0.9393939393939394,0.9022727272727273,0.9924242424242424,0.9773165794095414,0.020955276007326495,0.9822916666666666,0.9691815476190476,0.9906509826152684,1.0,0.0,1.0,1.0,1.0,0.32306599003427167,0.10115174201992082,0.3273046165704727,0.24657171592116356,0.3793561980128288,0.06795615799998866,0.00601303330106382,0.06783232800034966,0.06371897625012934,0.07200483749988962,1024.0,0.0,1024.0,1024.0,1024.0,8.0,0.0,8.0,8.0,8.0
genetic_cfe,Budget-matched genetic CFE,1024,no_disease_to_disease,high_confidence,33.0,0.0,0.0,0.0,0.0,0.0,0.0,0.0,0.0,0.0,0.0,0.0,0.0,0.0,0.0,0.0,0.0,0.0,0.0,0.0,0.0,0.0,0.0,0.0,0.0,0.0,,0.0,,,,,0.0,,,,,0.0,,,,,0.0,,,,,0.0,,,,,0.0,,,,,0.0,,,,,0.0,,,,,0.0,,,,,0.0,,,,,0.0,,,,,0.0,,,,,0.0,,,,0.049342442909040655,0.002837749942011352,0.048714213000494055,0.048116971000126796,0.04964741099956882,1024.0,0.0,1024.0,1024.0,1024.0,8.0,0.0,8.0,8.0,8.0
genetic_cfe,Budget-matched genetic CFE,1024,no_disease_to_disease,medium_confidence,33.0,0.13636363636363635,0.21186402157129852,0.1,0.0,0.2,0.5151515151515151,0.5075192189225524,1.0,0.0,1.0,0.030303030303030304,0.17407765595569785,0.0,0.0,0.0,0.11818181818181818,0.20834848429756073,0.0,0.0,0.2,0.030303030303030304,0.17407765595569785,0.0,0.0,0.0,0.07915126992499127,0.01741775895551754,0.07984329015016556,0.07378801703453064,0.09037764370441437,0.5711328976034858,0.10404428783161586,0.5555555555555556,0.5555555555555556,0.6388888888888888,0.5711328976034858,0.10404428783161586,0.5555555555555556,0.5555555555555556,0.6388888888888888,0.020336195607395732,0.021099844937376572,0.019250212237238884,0.0,0.0367165245115757,0.3344329644180033,0.07800387887124552,0.32909470524594103,0.2864328648479049,0.37898320151605813,0.3344329644180033,0.07800387887124552,0.32909470524594103,0.2864328648479049,0.37898320151605813,0.5411764705882353,0.4462466015688688,0.5,0.0,1.0,0.13627450980392158,0.11127345166638644,0.15000000000000002,0.05,0.2,0.9185444185444185,0.06658643043350501,0.9230769230769231,0.8787878787878788,0.9615384615384616,0.9185444185444185,0.06658643043350501,0.9230769230769231,0.8787878787878788,0.9615384615384616,0.9834650072150072,0.01798899705883431,0.9875,0.9722222222222222,1.0,1.0,0.0,1.0,1.0,1.0,0.26589220630771976,0.1288710606149706,0.2732793986797333,0.18128642439842224,0.32167303562164307,0.05061293300004212,0.002372971365531671,0.05043569499957812,0.04883050400076172,0.05134972299947549,1024.0,0.0,1024.0,1024.0,1024.0,8.0,0.0,8.0,8.0,8.0
genetic_cfe,Budget-matched genetic CFE,1024,no_disease_to_disease,near_boundary,34.0,0.6352941176470589,0.36999783205030423,0.8,0.325,1.0,0.9117647058823529,0.2879022412812365,1.0,1.0,1.0,0.3235294117647059,0.4748580799338171,0.0,0.0,1.0,0.5911764705882353,0.3449792677642611,0.7,0.325,0.9,0.14705882352941177,0.3594906279535709,0.0,0.0,0.0,0.048270056925473676,0.021654658328167233,0.044956810772418976,0.02902731392532587,0.06434373185038567,0.6579535756955113,0.12475503031984995,0.6984126984126985,0.5694444444444444,0.7530864197530865,0.6579535756955113,0.12475503031984995,0.6984126984126985,0.5694444444444444,0.7530864197530865,0.029315577789900765,0.013708800953286904,0.03183385357260704,0.024193386547267437,0.037117620930075645,0.3501601233462123,0.08561964910371367,0.3343192470764507,0.28633532716967514,0.4154117124565595,0.3501601233462123,0.08561964910371367,0.3343192470764507,0.28633532716967514,0.4154117124565595,0.6896953405017922,0.3254746403903631,0.8,0.5,1.0,0.15305427547363035,0.07540136124191887,0.15999999999999998,0.1,0.2,0.930669808089163,0.068767473179538,0.9629629629629629,0.8838383838383839,1.0,0.930669808089163,0.068767473179538,0.9629629629629629,0.8838383838383839,1.0,0.9758731576425508,0.026044195563531786,0.9875,0.967623299319728,0.9944444444444445,1.0,0.0,1.0,1.0,1.0,0.2688016259381848,0.07820185190881206,0.2787623107433319,0.2311946600675583,0.3320184797048569,0.05964990558823047,0.009287916454869306,0.05531680499962022,0.05226744974970643,0.06628863475043545,1024.0,0.0,1024.0,1024.0,1024.0,8.0,0.0,8.0,8.0,8.0
proposed_countergan,CounterGAN + iterative black-box search,128,disease_to_no_disease,high_confidence,33.0,0.06666666666666667,0.059511903571190405,0.1,0.0,0.1,0.6060606060606061,0.49619766344887317,1.0,0.0,1.0,0.0,0.0,0.0,0.0,0.0,0.06666666666666667,0.059511903571190405,0.1,0.0,0.1,0.0,0.0,0.0,0.0,0.0,0.17295756600797177,0.0435680100638063,0.17483443766832352,0.139213427901268,0.19729406014084816,0.35277777777777775,0.16448375537716772,0.3888888888888889,0.2222222222222222,0.4444444444444444,0.35277777777777775,0.16448375537716772,0.3888888888888889,0.2222222222222222,0.4444444444444444,0.0036124506033957003,0.012038798119969283,0.0,0.0,0.0,0.4144466940229446,0.08202977119439714,0.42216472169925645,0.36122518703521805,0.46111726805768977,0.4144466940229446,0.08202977119439714,0.42216472169925645,0.36122518703521805,0.46111726805768977,0.125,0.31933318682925255,0.0,0.0,0.0,0.9,0.15559732104309984,1.0,0.8,1.0,0.9673076923076923,0.04714687454654807,1.0,0.9615384615384616,1.0,0.9673076923076923,0.04714687454654807,1.0,0.9615384615384616,1.0,0.9986111111111111,0.006211299937499416,1.0,1.0,1.0,1.0,0.0,1.0,1.0,1.0,0.7389706507325172,0.4491791569806105,0.6571294665336609,0.4841429442167282,0.8959928452968597,0.008564327787952965,0.0016105629546069463,0.009256465999897046,0.006702098000459955,0.009784376000425254,128.0,0.0,128.0,128.0,128.0,1.0,0.0,1.0,1.0,1.0
proposed_countergan,CounterGAN + iterative black-box search,128,disease_to_no_disease,medium_confidence,33.0,0.09393939393939395,0.042861651999441336,0.1,0.1,0.1,0.8787878787878788,0.3314339826398084,1.0,1.0,1.0,0.0,0.0,0.0,0.0,0.0,0.09393939393939395,0.042861651999441336,0.1,0.1,0.1,0.0,0.0,0.0,0.0,0.0,0.18030409206604137,0.05033279476162998,0.18548254668712616,0.1488836109638214,0.20854927599430084,0.31992337164750956,0.15405681944841354,0.33333333333333337,0.2222222222222222,0.3888888888888889,0.31992337164750956,0.15405681944841354,0.33333333333333337,0.2222222222222222,0.3888888888888889,0.003921116541685729,0.017460706194253783,0.0,0.0,0.0,0.39960822448521754,0.07909503755545158,0.39323565744209305,0.32984699796738387,0.4688936109104831,0.39960822448521754,0.07909503755545158,0.39323565744209305,0.32984699796738387,0.4688936109104831,0.20689655172413793,0.4122508203948855,0.0,0.0,0.0,0.8965517241379312,0.1148998278647525,1.0,0.8,1.0,0.9628647214854111,0.06459016270949254,1.0,0.9615384615384616,1.0,0.9628647214854111,0.06459016270949254,1.0,0.9615384615384616,1.0,0.9957289161143117,0.01216543902153621,1.0,1.0,1.0,1.0,0.0,1.0,1.0,1.0,1.0775313151293788,0.5632299163584417,1.0379350185394287,0.6609346866607666,1.4146277904510498,0.009448637787913454,0.0010477614210216886,0.00954266499957157,0.00925811200067983,0.009981995999623905,128.0,0.0,128.0,128.0,128.0,1.0,0.0,1.0,1.0,1.0
proposed_countergan,CounterGAN + iterative black-box search,128,disease_to_no_disease,near_boundary,34.0,0.15294117647058825,0.11344547246504115,0.1,0.1,0.17500000000000002,1.0,0.0,1.0,1.0,1.0,0.0,0.0,0.0,0.0,0.0,0.15294117647058825,0.11344547246504115,0.1,0.1,0.17500000000000002,0.0,0.0,0.0,0.0,0.0,0.16338442890521357,0.04882466235246904,0.16456936299800873,0.1349649764597416,0.20353859663009644,0.3624727668845316,0.16871377104123794,0.33333333333333337,0.2361111111111111,0.4444444444444444,0.3624727668845316,0.16871377104123794,0.33333333333333337,0.2361111111111111,0.4444444444444444,0.008135816520627807,0.014968597396662,0.0,0.0,0.01524211373180151,0.36712510916475943,0.1012703423125542,0.3703247460443734,0.2780938945356024,0.4421674282711825,0.36712510916475943,0.1012703423125542,0.3703247460443734,0.2780938945356024,0.4421674282711825,0.18382352941176472,0.385871816570645,0.0,0.0,0.0,0.9308823529411764,0.10299654736957678,1.0,0.825,1.0,0.9278950896597956,0.06003223017921363,0.9615384615384616,0.8942307692307692,0.9615384615384616,0.9278950896597956,0.06003223017921363,0.9615384615384616,0.8942307692307692,0.9615384615384616,0.9966147246640326,0.01115646644613407,1.0,1.0,1.0,1.0,0.0,1.0,1.0,1.0,1.6103048859273685,0.7047420858647737,1.4539454579353333,1.0687061548233032,2.245896577835083,0.009959742323644605,0.0005335439383978573,0.009844893000263255,0.009614337000130035,0.010258714249857803,128.0,0.0,128.0,128.0,128.0,1.0,0.0,1.0,1.0,1.0
proposed_countergan,CounterGAN + iterative black-box search,128,no_disease_to_disease,high_confidence,33.0,0.04242424242424242,0.08671181807538916,0.0,0.0,0.1,0.2727272727272727,0.45226701686664555,0.0,0.0,1.0,0.0,0.0,0.0,0.0,0.0,0.0393939393939394,0.08638357026727486,0.0,0.0,0.0,0.0,0.0,0.0,0.0,0.0,0.16701168484157985,0.033636489568462505,0.15999847650527954,0.14506886899471283,0.19837552309036255,0.3209876543209877,0.15410478682493736,0.2777777777777778,0.2222222222222222,0.4444444444444444,0.3209876543209877,0.15410478682493736,0.2777777777777778,0.2222222222222222,0.4444444444444444,0.01768221292230818,0.027489697861575492,0.0,0.0,0.043567363172769547,0.44294939648725273,0.06255071206210558,0.42709423378733385,0.41896610677756213,0.4742811453544963,0.44294939648725273,0.06255071206210558,0.42709423378733385,0.41896610677756213,0.4742811453544963,0.2222222222222222,0.44095855184409843,0.0,0.0,0.0,0.17777777777777778,0.14813657362192648,0.2,0.0,0.30000000000000004,0.9145299145299146,0.06599762910889102,0.9230769230769231,0.8461538461538461,0.9615384615384616,0.9145299145299146,0.06599762910889102,0.9230769230769231,0.8461538461538461,0.9615384615384616,1.0,0.0,1.0,1.0,1.0,1.0,0.0,1.0,1.0,1.0,0.1394108103381263,0.039531957430486715,0.12928318977355957,0.10977031290531158,0.13886654376983643,0.007486791212145225,0.0014791400407004151,0.0068494520000967896,0.006483589999334072,0.00764975099991716,128.0,0.0,128.0,128.0,128.0,1.0,0.0,1.0,1.0,1.0
proposed_countergan,CounterGAN + iterative black-box search,128,no_disease_to_disease,medium_confidence,33.0,0.24242424242424243,0.14583874448835396,0.2,0.2,0.4,0.8484848484848485,0.36410954062720957,1.0,1.0,1.0,0.0,0.0,0.0,0.0,0.0,0.2393939393939394,0.14348212854610573,0.2,0.2,0.3,0.0,0.0,0.0,0.0,0.0,0.1444606161011117,0.03264319709289567,0.14256120473146439,0.12280277349054813,0.16029799729585648,0.41944444444444445,0.12809645952025664,0.4444444444444444,0.33333333333333337,0.5138888888888888,0.41944444444444445,0.12809645952025664,0.4444444444444444,0.33333333333333337,0.5138888888888888,0.04801392222621611,0.016969932663207763,0.04763357527554035,0.04462194815278053,0.06001621764153242,0.3706417934194709,0.08741467033815918,0.36853011672991964,0.31921117966765417,0.4054561819752377,0.3706417934194709,0.08741467033815918,0.36853011672991964,0.31921117966765417,0.4054561819752377,0.3005952380952381,0.40846198887422214,0.0,0.0,0.5,0.16297619047619047,0.13149454067346428,0.1,0.07666666666666666,0.2,0.940018315018315,0.055718787486383856,0.9615384615384616,0.9230769230769231,1.0,0.940018315018315,0.055718787486383856,0.9615384615384616,0.9230769230769231,1.0,0.9931774947741335,0.012251900252524863,1.0,0.9903217126011244,1.0,1.0,0.0,1.0,1.0,1.0,0.5295492652803659,0.2796713771626053,0.4582291543483734,0.30727507919073105,0.7522334307432175,0.009490354484803516,0.0018176600167437674,0.009697233999759192,0.009132764999776555,0.010000874999605003,128.0,0.0,128.0,128.0,128.0,1.0,0.0,1.0,1.0,1.0
proposed_countergan,CounterGAN + iterative black-box search,128,no_disease_to_disease,near_boundary,34.0,0.3352941176470588,0.1685631847025816,0.35,0.2,0.4,0.9705882352941176,0.17149858514250882,1.0,1.0,1.0,0.0,0.0,0.0,0.0,0.0,0.3323529411764706,0.17183605335758725,0.35,0.2,0.4,0.0,0.0,0.0,0.0,0.0,0.12717355121717308,0.033145287761737134,0.127826526761055,0.1007876843214035,0.1514199823141098,0.37562930896264235,0.120776934141597,0.3888888888888889,0.2777777777777778,0.4444444444444444,0.37562930896264235,0.120776934141597,0.3888888888888889,0.2777777777777778,0.4444444444444444,0.04618392704111157,0.018155126318668804,0.04874885082244873,0.04339127242565155,0.060718171298503876,0.3812493123869214,0.08514966218546917,0.379656184712582,0.33103783769874395,0.4266021948251105,0.3812493123869214,0.08514966218546917,0.379656184712582,0.33103783769874395,0.4266021948251105,0.5692640692640693,0.4202281310519281,0.75,0.2,1.0,0.20285714285714285,0.11194502821654756,0.2,0.13333333333333333,0.3,0.9440202198822888,0.05184729000082625,0.9615384615384616,0.8888888888888888,1.0,0.9440202198822888,0.05184729000082625,0.9615384615384616,0.8888888888888888,1.0,0.9972661877964908,0.005098521607165935,1.0,0.9975961538461539,1.0,1.0,0.0,1.0,1.0,1.0,0.7490367668144631,0.43564262423106914,0.6358478665351868,0.36445266008377075,1.163130283355713,0.010103569382382,0.00149010091803102,0.009802457000205322,0.009477177750113697,0.010556368750030742,128.0,0.0,128.0,128.0,128.0,1.0,0.0,1.0,1.0,1.0
proposed_countergan,CounterGAN + iterative black-box search,256,disease_to_no_disease,high_confidence,33.0,0.3696969696969697,0.2822729712583731,0.4,0.1,0.6,0.7878787878787878,0.41514875026728043,1.0,1.0,1.0,0.030303030303030304,0.17407765595569785,0.0,0.0,0.0,0.3575757575757576,0.28942864300884147,0.4,0.1,0.6,0.030303030303030304,0.17407765595569785,0.0,0.0,0.0,0.17775072186039045,0.04510019318841561,0.17843583226203918,0.14191463962197304,0.213809996843338,0.3022181522181523,0.13343768648672064,0.3240740740740741,0.20555555555555555,0.4222222222222222,0.3022181522181523,0.13343768648672064,0.3240740740740741,0.20555555555555555,0.4222222222222222,0.030058580164152842,0.013656354883373946,0.03475162759423256,0.03178927022963762,0.036346510984003544,0.39842847705488527,0.07174550638005472,0.40252851097974796,0.34645760857984614,0.4513199939025469,0.39842847705488527,0.07174550638005472,0.40252851097974796,0.34645760857984614,0.4513199939025469,0.24945054945054945,0.3087237334974902,0.18333333333333335,0.0,0.4,0.9072161172161173,0.08261965882114443,0.9238095238095237,0.8400000000000001,0.9766666666666668,0.9317387298819659,0.06130316543480104,0.9462864721485411,0.8856837606837606,0.9916666666666667,0.9317387298819659,0.06130316543480104,0.9462864721485411,0.8856837606837606,0.9916666666666667,0.9975532648284345,0.0050284532616256435,1.0,0.9980311355311354,1.0,1.0,0.0,1.0,1.0,1.0,0.5001100427829303,0.4154950056789478,0.45254647731781006,0.19343145191669464,0.5732636004686356,0.01738998069697228,0.0031912979028432997,0.018939261000014085,0.013629600000058417,0.01998712800013891,256.0,0.0,256.0,256.0,256.0,2.0,0.0,2.0,2.0,2.0
proposed_countergan,CounterGAN + iterative black-box search,256,disease_to_no_disease,medium_confidence,33.0,0.49696969696969695,0.2270529240133901,0.6,0.3,0.6,0.9393939393939394,0.24230584229877988,1.0,1.0,1.0,0.0,0.0,0.0,0.0,0.0,0.49696969696969695,0.2270529240133901,0.6,0.3,0.6,0.0,0.0,0.0,0.0,0.0,0.17939213903680926,0.049864698212908246,0.1876368671655655,0.14559871703386307,0.21424033492803574,0.27458610684417145,0.1440265828177509,0.2592592592592593,0.19576719576719578,0.34259259259259256,0.27458610684417145,0.1440265828177509,0.2592592592592593,0.19576719576719578,0.34259259259259256,0.03544795188692308,0.005426193922846786,0.03512350097298622,0.032520776614546776,0.038034893572330475,0.3940085019918591,0.0804206090784605,0.39489274963413257,0.3377019081312377,0.44217894610930214,0.3940085019918591,0.0804206090784605,0.39489274963413257,0.3377019081312377,0.44217894610930214,0.2783538146441372,0.2891151549863085,0.2,0.0,0.4722222222222222,0.9083563748079876,0.06731859122306529,0.9,0.8708333333333333,0.955,0.9490545050055618,0.03911136521200538,0.9615384615384616,0.9245014245014245,0.9660919540229885,0.9490545050055618,0.03911136521200538,0.9615384615384616,0.9245014245014245,0.9660919540229885,0.9961206277382748,0.0063921960385292485,1.0,0.9933305052790347,1.0,1.0,0.0,1.0,1.0,1.0,0.9236069797508178,0.5485603661345841,0.9511353373527527,0.5615667402744293,1.197856068611145,0.019693226939456177,0.003259314737521092,0.019710378000127093,0.019219124999835913,0.02016763100073149,256.0,0.0,256.0,256.0,256.0,2.0,0.0,2.0,2.0,2.0
proposed_countergan,CounterGAN + iterative black-box search,256,disease_to_no_disease,near_boundary,34.0,0.5735294117647058,0.18308604291079755,0.55,0.42500000000000004,0.6,1.0,0.0,1.0,1.0,1.0,0.058823529411764705,0.23883257361061294,0.0,0.0,0.0,0.5735294117647058,0.18308604291079755,0.55,0.42500000000000004,0.6,0.058823529411764705,0.23883257361061294,0.0,0.0,0.0,0.1685769717921229,0.04859731193635446,0.1718246042728424,0.1372198350727558,0.2064618021249771,0.32040538437597266,0.14557542266752943,0.33333333333333337,0.2268518518518519,0.4138888888888889,0.32040538437597266,0.14557542266752943,0.33333333333333337,0.2268518518518519,0.4138888888888889,0.03704709417241461,0.007111014400781037,0.036864181980490685,0.03256307542324066,0.04113471228629351,0.3604732056548796,0.08379910707210222,0.3545245528987062,0.30770051010445354,0.4215167275963628,0.3604732056548796,0.08379910707210222,0.3545245528987062,0.30770051010445354,0.4215167275963628,0.27141690009337066,0.27018953146196895,0.25,0.0,0.4,0.9471638655462185,0.054718288214799106,0.9633333333333334,0.9,1.0,0.9018407931186836,0.07090272595526607,0.9028213166144201,0.8555555555555556,0.9629629629629629,0.9018407931186836,0.07090272595526607,0.9028213166144201,0.8555555555555556,0.9629629629629629,0.9980462579759726,0.004157378545787361,1.0,0.9989346590909091,1.0,1.0,0.0,1.0,1.0,1.0,1.48646559084163,0.6536030354384365,1.4325138330459595,1.0296785533428192,1.9129329919815063,0.020312186411662398,0.0008171866552344445,0.020152911999957723,0.01969212149992927,0.021004372999414045,256.0,0.0,256.0,256.0,256.0,2.0,0.0,2.0,2.0,2.0
proposed_countergan,CounterGAN + iterative black-box search,256,no_disease_to_disease,high_confidence,33.0,0.05454545454545455,0.09045340337332908,0.0,0.0,0.1,0.3333333333333333,0.478713553878169,0.0,0.0,1.0,0.0,0.0,0.0,0.0,0.0,0.048484848484848485,0.08337120351630756,0.0,0.0,0.1,0.0,0.0,0.0,0.0,0.0,0.17622436176646838,0.03608284583936308,0.19483771920204163,0.14790547639131546,0.20375430583953857,0.3114478114478115,0.13654018583159336,0.2777777777777778,0.2222222222222222,0.4444444444444444,0.3114478114478115,0.13654018583159336,0.2777777777777778,0.2222222222222222,0.4444444444444444,0.018474463881416756,0.024017357279239857,0.0,0.0,0.03477677796036005,0.44445834179742577,0.048542325712415124,0.4315384257211378,0.4190764463576211,0.4686887692956309,0.44445834179742577,0.048542325712415124,0.4315384257211378,0.4190764463576211,0.4686887692956309,0.2121212121212121,0.40201512610368484,0.0,0.0,0.16666666666666666,0.21212121212121218,0.15367550753507087,0.2,0.1,0.31666666666666665,0.8954933954933956,0.07732897218949634,0.8846153846153846,0.8269230769230769,0.9622507122507122,0.8954933954933956,0.07732897218949634,0.8846153846153846,0.8269230769230769,0.9622507122507122,0.9972245075186251,0.006672010713723813,1.0,1.0,1.0,1.0,0.0,1.0,1.0,1.0,0.15698376568880948,0.05449776841158081,0.13595262169837952,0.11952746286988258,0.18604200333356857,0.014479600212160387,0.0025464367396363713,0.013165621000553074,0.012925973000164959,0.013958201999230369,256.0,0.0,256.0,256.0,256.0,2.0,0.0,2.0,2.0,2.0
proposed_countergan,CounterGAN + iterative black-box search,256,no_disease_to_disease,medium_confidence,33.0,0.4606060606060606,0.2957399553866897,0.5,0.3,0.6,0.8484848484848485,0.36410954062720957,1.0,1.0,1.0,0.06060606060606061,0.24230584229877988,0.0,0.0,0.0,0.4606060606060606,0.2957399553866897,0.5,0.3,0.6,0.06060606060606061,0.24230584229877988,0.0,0.0,0.0,0.14423528952257975,0.030980446717460246,0.1425856277346611,0.12340080551803112,0.16161780431866646,0.41070798689846316,0.11773015855884283,0.4100529100529101,0.33333333333333337,0.5027777777777778,0.41070798689846316,0.11773015855884283,0.4100529100529101,0.33333333333333337,0.5027777777777778,0.050291067521486967,0.014839862384942242,0.05070232041180134,0.04374692030251026,0.06309947744011879,0.37292137026960137,0.07446232803333105,0.36640484471807955,0.33722813191478196,0.41186575977213813,0.37292137026960137,0.07446232803333105,0.36640484471807955,0.33722813191478196,0.41186575977213813,0.37755102040816324,0.3681253359150478,0.25,0.0,0.6666666666666666,0.16142857142857142,0.10381866535805581,0.12666666666666668,0.095,0.24166666666666664,0.9244215235594545,0.06963343546843939,0.9437321937321937,0.8888888888888888,0.9636015325670497,0.9244215235594545,0.06963343546843939,0.9437321937321937,0.8888888888888888,0.9636015325670497,0.9956308594403831,0.00510049069850268,0.9971230158730159,0.9925855394605395,1.0,1.0,0.0,1.0,1.0,1.0,0.47870712567652973,0.22260943271376646,0.4461435079574585,0.2997293695807457,0.636011615395546,0.018684307939303944,0.002888474079167726,0.019170151999787777,0.018255897000017285,0.020730440000079398,256.0,0.0,256.0,256.0,256.0,2.0,0.0,2.0,2.0,2.0
proposed_countergan,CounterGAN + iterative black-box search,256,no_disease_to_disease,near_boundary,34.0,0.6647058823529413,0.2695477165169478,0.7,0.5,0.9,0.9705882352941176,0.17149858514250882,1.0,1.0,1.0,0.17647058823529413,0.3869529949759475,0.0,0.0,0.0,0.6558823529411765,0.2687695604953086,0.7,0.5,0.9,0.11764705882352941,0.3270349700838644,0.0,0.0,0.0,0.12272586447722984,0.03012163527832636,0.11801324039697647,0.09937649220228195,0.14762257039546967,0.3840668590668591,0.09939621187307382,0.37037037037037046,0.3148148148148149,0.48148148148148145,0.3840668590668591,0.09939621187307382,0.37037037037037046,0.3148148148148149,0.48148148148148145,0.049439161507920784,0.012466003602869518,0.0505974143743515,0.04175357148051262,0.059249959886074066,0.3769966896510399,0.08322309597385065,0.3669151972307205,0.3317056539007856,0.42622010021894907,0.3769966896510399,0.08322309597385065,0.3669151972307205,0.3317056539007856,0.42622010021894907,0.6243746993746995,0.3512191864315857,0.6666666666666666,0.3333333333333333,1.0,0.2001010101010101,0.10894260627615562,0.16,0.13333333333333333,0.2666666666666667,0.9286008546196634,0.06868148093745781,0.9629629629629629,0.8846153846153846,1.0,0.9286008546196634,0.06868148093745781,0.9629629629629629,0.8846153846153846,1.0,0.9957430210081724,0.004428595716860053,0.9965277777777778,0.9929453262786596,1.0,1.0,0.0,1.0,1.0,1.0,0.6958312491575877,0.38271965040809663,0.6604113578796387,0.37026309967041016,0.9530971050262451,0.019481630588175262,0.0021015256998662864,0.019530871500137437,0.018213243749414687,0.02065035849977903,256.0,0.0,256.0,256.0,256.0,2.0,0.0,2.0,2.0,2.0
proposed_countergan,CounterGAN + iterative black-box search,512,disease_to_no_disease,high_confidence,33.0,0.609090909090909,0.4110684526052476,0.8,0.2,1.0,0.8181818181818182,0.3916747259003201,1.0,1.0,1.0,0.36363636363636365,0.4885042104591972,0.0,0.0,1.0,0.603030303030303,0.4171966326602245,0.8,0.1,1.0,0.36363636363636365,0.4885042104591972,0.0,0.0,1.0,0.18133061737925918,0.04895378047318208,0.1793563961982727,0.14703860133886337,0.22414343804121017,0.2804967666078777,0.13851942954642898,0.3222222222222223,0.18888888888888888,0.3888888888888889,0.2804967666078777,0.13851942954642898,0.3222222222222223,0.18888888888888888,0.3888888888888889,0.036629712829987206,0.012228290213087347,0.04051355645060539,0.03461495414376259,0.04292622581124306,0.39338523886907467,0.06230321166631562,0.3944407310372801,0.35615868198271405,0.42022389610070604,0.39338523886907467,0.06230321166631562,0.3944407310372801,0.35615868198271405,0.42022389610070604,0.3000881834215168,0.263843013201259,0.375,0.0,0.5,0.9187566137566139,0.0732898453953077,0.9200000000000002,0.8844444444444445,0.9800000000000001,0.9410770772201168,0.07270059585980058,0.9615384615384616,0.916083916083916,1.0,0.9410770772201168,0.07270059585980058,0.9615384615384616,0.916083916083916,1.0,0.9964910352396736,0.004576950065203936,0.9986111111111111,0.9934422059422059,1.0,1.0,0.0,1.0,1.0,1.0,0.550446406006813,0.39095170965838366,0.47306767106056213,0.28739048540592194,0.6897874772548676,0.033163737303049966,0.0067667564978132685,0.030442952999692352,0.02734213500025362,0.0393249510007081,488.72727272727275,59.47650414621344,512.0,512.0,512.0,3.8181818181818183,0.4646601886422925,4.0,4.0,4.0
proposed_countergan,CounterGAN + iterative black-box search,512,disease_to_no_disease,medium_confidence,33.0,0.8393939393939394,0.2499242309423423,1.0,0.7,1.0,1.0,0.0,1.0,1.0,1.0,0.6060606060606061,0.49619766344887317,1.0,0.0,1.0,0.8303030303030303,0.2663231689189476,1.0,0.7,1.0,0.6060606060606061,0.49619766344887317,1.0,0.0,1.0,0.17356557895739874,0.05531143263295028,0.18200094997882843,0.14830699563026428,0.214717835187912,0.2888969055635723,0.14491147468761345,0.2698412698412699,0.19444444444444448,0.3703703703703704,0.2888969055635723,0.14491147468761345,0.2698412698412699,0.19444444444444448,0.3703703703703704,0.038928756546793564,0.007979099309826798,0.038976553827524185,0.0380639024078846,0.04215766862034798,0.3916306382855479,0.08050141684976103,0.385880123747374,0.32588544910455236,0.4499715602594838,0.3916306382855479,0.08050141684976103,0.385880123747374,0.32588544910455236,0.4499715602594838,0.29583934583934585,0.26529172939288015,0.2222222222222222,0.1,0.4,0.9217556517556518,0.056631946860347976,0.9199999999999999,0.8800000000000001,0.9800000000000001,0.9470529586517047,0.05105602108508061,0.9655172413793104,0.9310344827586207,0.9696969696969697,0.9470529586517047,0.05105602108508061,0.9655172413793104,0.9310344827586207,0.9696969696969697,0.996571582195309,0.0034219408689026977,0.9980158730158729,0.9946678321678322,1.0,1.0,0.0,1.0,1.0,1.0,0.8998599869735313,0.595009652311295,0.8304426074028015,0.3677878975868225,1.2326319217681885,0.035444296151636634,0.005963152739353493,0.03846610800064809,0.029254982000566088,0.04027553500054637,477.09090909090907,57.890178158930624,512.0,384.0,512.0,3.727272727272727,0.4522670168666455,4.0,3.0,4.0
proposed_countergan,CounterGAN + iterative black-box search,512,disease_to_no_disease,near_boundary,34.0,0.973529411764706,0.06183469424008422,1.0,1.0,1.0,1.0,0.0,1.0,1.0,1.0,0.8235294117647058,0.3869529949759475,1.0,1.0,1.0,0.973529411764706,0.06183469424008422,1.0,1.0,1.0,0.8235294117647058,0.3869529949759475,1.0,1.0,1.0,0.16743352023117683,0.04897860839012393,0.16849518567323685,0.1332862190902233,0.203261099755764,0.3232661583151779,0.1485636867529884,0.33333333333333337,0.23333333333333334,0.43333333333333335,0.3232661583151779,0.1485636867529884,0.33333333333333337,0.23333333333333334,0.43333333333333335,0.04201724073466133,0.004953114858722039,0.04215607792139053,0.03834009077399969,0.04477624502032995,0.3505932644405827,0.08836127777894093,0.36574992537105383,0.28457808568284726,0.40969338453761944,0.3505932644405827,0.08836127777894093,0.36574992537105383,0.28457808568284726,0.40969338453761944,0.3582516339869281,0.246194839956015,0.35,0.2,0.5,0.933545751633987,0.0466851043234539,0.9400000000000001,0.9,0.9600000000000002,0.9162690250925545,0.04984814489934576,0.9090909090909091,0.8787878787878788,0.9393939393939394,0.9162690250925545,0.04984814489934576,0.9090909090909091,0.8787878787878788,0.9393939393939394,0.9977780179499471,0.004159500626018869,1.0,0.9969994343891402,1.0,1.0,0.0,1.0,1.0,1.0,1.5269141591647093,0.6460378513402363,1.3797543048858643,1.0225636959075928,1.9500033855438232,0.03616304588232357,0.006013626634890459,0.0382309345000067,0.03031668350035943,0.04098157699945659,459.29411764705884,71.28582221730952,512.0,384.0,512.0,3.588235294117647,0.5569204860727306,4.0,3.0,4.0
proposed_countergan,CounterGAN + iterative black-box search,512,no_disease_to_disease,high_confidence,33.0,0.08787878787878786,0.17094877843519338,0.0,0.0,0.1,0.3333333333333333,0.478713553878169,0.0,0.0,1.0,0.0,0.0,0.0,0.0,0.0,0.07878787878787878,0.16347319305771468,0.0,0.0,0.1,0.0,0.0,0.0,0.0,0.0,0.17621309174732727,0.03524099170901939,0.18673570454120636,0.1535961702466011,0.20136196911334991,0.29100529100529104,0.14542566506183482,0.2222222222222222,0.20370370370370372,0.41666666666666663,0.29100529100529104,0.14542566506183482,0.2222222222222222,0.20370370370370372,0.41666666666666663,0.024068367752161892,0.02153800488965045,0.02763538248836994,0.0,0.04039020277559757,0.43761750228063795,0.048900970775857915,0.4324554448217316,0.4225232955062219,0.44434412940634704,0.43761750228063795,0.048900970775857915,0.4324554448217316,0.4225232955062219,0.44434412940634704,0.25757575757575757,0.4038951759198333,0.0,0.0,0.41666666666666663,0.23419913419913427,0.1272741997146619,0.2,0.16666666666666669,0.3214285714285715,0.9071216140181657,0.0355630269140257,0.8888888888888888,0.8846153846153846,0.9245014245014245,0.9071216140181657,0.0355630269140257,0.8888888888888888,0.8846153846153846,0.9245014245014245,0.9933742727860376,0.01073330540465445,1.0,0.9874367054514114,1.0,1.0,0.0,1.0,1.0,1.0,0.1758136742494323,0.059036118827670465,0.16837522387504578,0.13543879985809326,0.20748544484376907,0.02906135196967212,0.00460011811604155,0.02708050799992634,0.025978811999266327,0.02930118299991591,512.0,0.0,512.0,512.0,512.0,4.0,0.0,4.0,4.0,4.0
proposed_countergan,CounterGAN + iterative black-box search,512,no_disease_to_disease,medium_confidence,33.0,0.7181818181818181,0.3521847397447693,0.8,0.5,1.0,0.9090909090909091,0.2919371040605711,1.0,1.0,1.0,0.48484848484848486,0.5075192189225524,0.0,0.0,1.0,0.706060606060606,0.35172733930151234,0.8,0.5,1.0,0.42424242424242425,0.5018903659106633,0.0,0.0,1.0,0.14735398093859356,0.0326428219584806,0.14610083401203156,0.12494982965290546,0.16637807711958885,0.39093474426807767,0.11207843158356348,0.3833333333333334,0.325,0.48888888888888893,0.39093474426807767,0.11207843158356348,0.3833333333333334,0.325,0.48888888888888893,0.05203762060652176,0.014428484488304978,0.0519703533500433,0.04779909923672676,0.0626766812056303,0.37793507657702197,0.08498599858594584,0.3660420792996283,0.31895250170876754,0.4129234321156102,0.37793507657702197,0.08498599858594584,0.3660420792996283,0.31895250170876754,0.4129234321156102,0.4011904761904762,0.2888457295873024,0.4,0.2,0.5,0.1555079365079365,0.08616118521178542,0.12000000000000002,0.1,0.2,0.9132026126279,0.05545069093089095,0.9230769230769231,0.8846153846153846,0.9393939393939394,0.9132026126279,0.05545069093089095,0.9230769230769231,0.8846153846153846,0.9393939393939394,0.9945601819496251,0.005277904236455978,0.9963023088023089,0.9910360472860473,0.9985243055555555,1.0,0.0,1.0,1.0,1.0,0.4430837665994962,0.19906444919104763,0.4099210798740387,0.3086811453104019,0.5681389421224594,0.03401945830299872,0.00714992218146019,0.037560603999736486,0.02821282000059,0.03963791099977243,473.2121212121212,81.48917013005378,512.0,512.0,512.0,3.696969696969697,0.6366341416410451,4.0,4.0,4.0
proposed_countergan,CounterGAN + iterative black-box search,512,no_disease_to_disease,near_boundary,34.0,0.9058823529411764,0.21594215902130076,1.0,0.925,1.0,0.9705882352941176,0.17149858514250882,1.0,1.0,1.0,0.7352941176470589,0.44781107551989907,1.0,0.25,1.0,0.8970588235294117,0.21948326935292062,1.0,0.9,1.0,0.6764705882352942,0.4748580799338171,1.0,0.0,1.0,0.12315339933742177,0.028772734379562147,0.12526138126850128,0.10214506089687347,0.14217409491539001,0.3891173641173641,0.08365553602362233,0.37777777777777777,0.3194444444444445,0.4333333333333333,0.3891173641173641,0.08365553602362233,0.37777777777777777,0.3194444444444445,0.4333333333333333,0.05134283531118523,0.010659515334582089,0.05045635253190994,0.042726464569568634,0.060252126306295395,0.38207493662615305,0.07862860369827447,0.3673818619285335,0.34346512882374663,0.43855480552412285,0.38207493662615305,0.07862860369827447,0.3673818619285335,0.34346512882374663,0.43855480552412285,0.6514430014430014,0.31033302939579294,0.6,0.4,1.0,0.18750841750841754,0.07634545750342098,0.19999999999999998,0.12,0.24,0.9174180515873306,0.07113466579917926,0.9393939393939394,0.896551724137931,0.9696969696969697,0.9174180515873306,0.07113466579917926,0.9393939393939394,0.896551724137931,0.9696969696969697,0.9938021195975741,0.005927226214591063,0.9958333333333333,0.9897202797202798,0.9972435897435897,1.0,0.0,1.0,1.0,1.0,0.7010464717944463,0.37813732049702314,0.6470997333526611,0.409728080034256,0.8892769813537598,0.03198457902948683,0.00818920963884656,0.031088644499959628,0.026996235500291732,0.039616634000594786,421.6470588235294,102.25158585209896,448.0,384.0,512.0,3.2941176470588234,0.7988405144695231,3.5,3.0,4.0
proposed_countergan,CounterGAN + iterative black-box search,1024,disease_to_no_disease,high_confidence,33.0,0.7515151515151516,0.3961701119162796,1.0,0.5,1.0,0.8787878787878788,0.33143398263980833,1.0,1.0,1.0,0.6666666666666666,0.4787135538781689,1.0,0.0,1.0,0.7333333333333334,0.39817291051334297,1.0,0.4,1.0,0.6060606060606061,0.49619766344887317,1.0,0.0,1.0,0.1861259074046694,0.047449425878542346,0.18196722865104675,0.14957401156425476,0.22743526101112366,0.2768199233716475,0.13914911308930028,0.2888888888888889,0.18055555555555558,0.3777777777777778,0.2768199233716475,0.13914911308930028,0.2888888888888889,0.18055555555555558,0.3777777777777778,0.038558990919384466,0.010296348901706552,0.03943205997347832,0.03715654835104942,0.04297107830643654,0.3980523604086943,0.06951516702821002,0.386952040329451,0.33916436492131746,0.4462547463583455,0.3980523604086943,0.06951516702821002,0.386952040329451,0.33916436492131746,0.4462547463583455,0.328448275862069,0.29075979116383244,0.3,0.0,0.5,0.9132758620689655,0.0624539239026455,0.9199999999999999,0.875,0.96,0.939139404656646,0.04422074552861133,0.9393939393939394,0.9090909090909091,0.9696969696969697,0.939139404656646,0.04422074552861133,0.9393939393939394,0.9090909090909091,0.9696969696969697,0.9961872858519661,0.009618484495674548,1.0,0.9964102564102564,1.0,1.0,0.0,1.0,1.0,1.0,0.5278246405309645,0.3948021441279011,0.4476505219936371,0.22977694869041443,0.6656545400619507,0.05487891396974605,0.05478132083411707,0.04892019699946104,0.037309256000298774,0.05439339900021878,709.8181818181819,260.1482095058333,640.0,512.0,1024.0,5.545454545454546,2.0324078867643225,5.0,4.0,8.0
proposed_countergan,CounterGAN + iterative black-box search,1024,disease_to_no_disease,medium_confidence,33.0,0.9303030303030304,0.20688893228742403,1.0,1.0,1.0,1.0,0.0,1.0,1.0,1.0,0.8787878787878788,0.3314339826398083,1.0,1.0,1.0,0.9272727272727274,0.20957207482261211,1.0,1.0,1.0,0.8787878787878788,0.3314339826398083,1.0,1.0,1.0,0.1749160768407764,0.05411737525304446,0.18325737118721008,0.13829247653484344,0.2135087251663208,0.285016835016835,0.14102855229585134,0.2555555555555556,0.17777777777777778,0.4111111111111111,0.285016835016835,0.14102855229585134,0.2555555555555556,0.17777777777777778,0.4111111111111111,0.0405356977134943,0.005321065596926571,0.041247740387916565,0.039402611553668976,0.04425075650215149,0.39348843312565696,0.07862371166129273,0.3878471550721399,0.34453608195411756,0.4587957784754673,0.39348843312565696,0.07862371166129273,0.3878471550721399,0.34453608195411756,0.4587957784754673,0.2916666666666667,0.25114321943199397,0.3,0.1,0.4,0.9254545454545454,0.0546632251318762,0.9200000000000002,0.9,0.9800000000000001,0.9497304042758589,0.04989082254365193,0.9696969696969697,0.9393939393939394,0.9696969696969697,0.9497304042758589,0.04989082254365193,0.9696969696969697,0.9393939393939394,0.9696969696969697,0.995736659359654,0.0040899311173155095,0.9960858585858586,0.9930555555555556,1.0,1.0,0.0,1.0,1.0,1.0,0.9093252316568837,0.5874644728209849,0.9002411961555481,0.37709537148475647,1.201316475868225,0.04525406890912343,0.016295017200021154,0.03964503600036551,0.029911737000475114,0.05650229399998352,601.2121212121212,225.10549715296796,512.0,384.0,768.0,4.696969696969697,1.7586366965075622,4.0,3.0,6.0
proposed_countergan,CounterGAN + iterative black-box search,1024,disease_to_no_disease,near_boundary,34.0,0.9970588235294118,0.01714985851425088,1.0,1.0,1.0,1.0,0.0,1.0,1.0,1.0,0.9705882352941176,0.1714985851425088,1.0,1.0,1.0,0.9970588235294118,0.01714985851425088,1.0,1.0,1.0,0.9705882352941176,0.1714985851425088,1.0,1.0,1.0,0.167963377035716,0.050024479339714184,0.16895625740289688,0.13702715188264847,0.20752117410302162,0.32305737109658683,0.1551904338443231,0.3388888888888889,0.22222222222222224,0.4305555555555555,0.32305737109658683,0.1551904338443231,0.3388888888888889,0.22222222222222224,0.4305555555555555,0.04248657636344433,0.004426736664933794,0.04215450584888458,0.04036290943622589,0.04443076066672802,0.35631737089696747,0.08572712953187192,0.3570909571024471,0.3041499262927405,0.41797559055477596,0.35631737089696747,0.08572712953187192,0.3570909571024471,0.3041499262927405,0.41797559055477596,0.3205882352941177,0.2239851344698083,0.3,0.2,0.5,0.9315686274509803,0.04645866555839104,0.9400000000000001,0.9,0.96,0.911764705882353,0.06729301188188522,0.9090909090909091,0.8560606060606061,0.9621212121212122,0.911764705882353,0.06729301188188522,0.9090909090909091,0.8560606060606061,0.9621212121212122,0.9978803947878341,0.003309886652535333,1.0,0.9964209401709402,1.0,1.0,0.0,1.0,1.0,1.0,1.529889522229924,0.6517777568482348,1.4505757093429565,1.036985605955124,1.9955677092075348,0.04065028120580524,0.013031255514850711,0.039607424000223546,0.030303364000019428,0.04872445974956463,515.7647058823529,165.203099762453,512.0,384.0,640.0,4.029411764705882,1.2906492168941641,4.0,3.0,5.0
proposed_countergan,CounterGAN + iterative black-box search,1024,no_disease_to_disease,high_confidence,33.0,0.1181818181818182,0.20532679052936784,0.0,0.0,0.2,0.3939393939393939,0.49619766344887317,0.0,0.0,1.0,0.0,0.0,0.0,0.0,0.0,0.10303030303030304,0.1911884680178967,0.0,0.0,0.1,0.0,0.0,0.0,0.0,0.0,0.18895091574925643,0.037896873253856204,0.2012118548154831,0.16376282274723053,0.21123410761356354,0.2747388414055081,0.13173058898036052,0.2222222222222222,0.2222222222222222,0.4,0.2747388414055081,0.13173058898036052,0.2222222222222222,0.2222222222222222,0.4,0.026936192352038164,0.02191402050375447,0.02855471707880497,0.0,0.044061318039894104,0.44083781683477447,0.045206835382568665,0.44221853645107867,0.42625455728871015,0.4463533251659537,0.44083781683477447,0.045206835382568665,0.44221853645107867,0.42625455728871015,0.4463533251659537,0.21068376068376068,0.3506641372196532,0.0,0.0,0.25,0.23239316239316243,0.10417997066038953,0.2,0.2,0.3333333333333333,0.9095551172474251,0.06035949632254552,0.9230769230769231,0.8846153846153846,0.9615384615384616,0.9095551172474251,0.06035949632254552,0.9230769230769231,0.8846153846153846,0.9615384615384616,0.996511275300868,0.005636355573011417,1.0,0.9935897435897436,1.0,1.0,0.0,1.0,1.0,1.0,0.17220495297358587,0.05606419468758807,0.16431091725826263,0.13793013989925385,0.20234553515911102,0.059307713303028184,0.01330007489555625,0.053038125000057335,0.052044060999833164,0.05641286599984596,1024.0,0.0,1024.0,1024.0,1024.0,8.0,0.0,8.0,8.0,8.0
proposed_countergan,CounterGAN + iterative black-box search,1024,no_disease_to_disease,medium_confidence,33.0,0.7969696969696969,0.34413373897807564,1.0,0.8,1.0,0.9090909090909091,0.2919371040605711,1.0,1.0,1.0,0.6363636363636364,0.4885042104591972,1.0,0.0,1.0,0.793939393939394,0.34815531191139565,1.0,0.8,1.0,0.6363636363636364,0.4885042104591972,1.0,0.0,1.0,0.14865683317184447,0.03277059976204913,0.1486344262957573,0.1275247447192669,0.16879962757229805,0.38580246913580246,0.10987992135856693,0.38333333333333336,0.32222222222222224,0.47777777777777775,0.38580246913580246,0.10987992135856693,0.38333333333333336,0.32222222222222224,0.47777777777777775,0.053041528724133966,0.014628717382259189,0.051786528900265694,0.04853819124400616,0.06256198044866323,0.3785781320385884,0.08172006076879684,0.366108524283443,0.3311810880036044,0.40595335816585926,0.3785781320385884,0.08172006076879684,0.366108524283443,0.3311810880036044,0.40595335816585926,0.4146296296296296,0.31383500142101617,0.3375,0.21250000000000002,0.5,0.17101851851851851,0.09546129220003297,0.12000000000000001,0.1,0.25125000000000003,0.8953328153328154,0.06298768798750456,0.9090909090909091,0.8787878787878788,0.937878787878788,0.8953328153328154,0.06298768798750456,0.9090909090909091,0.8787878787878788,0.937878787878788,0.9948652853742724,0.004677213117379404,0.9952195566778901,0.9907169913419913,0.998705808080808,1.0,0.0,1.0,1.0,1.0,0.43164094984531404,0.18758961646525202,0.403714582324028,0.2762204110622406,0.5486802905797958,0.05022075884850589,0.019717754870457408,0.05075552099970082,0.030202525000277092,0.060569487999600824,702.060606060606,275.4997662650936,640.0,384.0,1024.0,5.484848484848484,2.152341923946044,5.0,3.0,8.0
proposed_countergan,CounterGAN + iterative black-box search,1024,no_disease_to_disease,near_boundary,34.0,0.9558823529411765,0.1501336303160343,1.0,1.0,1.0,1.0,0.0,1.0,1.0,1.0,0.8823529411764706,0.32703497008386434,1.0,1.0,1.0,0.9558823529411765,0.1501336303160343,1.0,1.0,1.0,0.8823529411764706,0.32703497008386434,1.0,1.0,1.0,0.12317455428488114,0.02822719172275652,0.12316709011793137,0.1070660874247551,0.14238492771983147,0.3888188608776844,0.09041480361968136,0.3849206349206349,0.325,0.45,0.3888188608776844,0.09041480361968136,0.3849206349206349,0.325,0.45,0.05098820685902063,0.009908589012590997,0.04964900389313698,0.04356313589960337,0.057290428318083286,0.38738934396944635,0.08579456740408747,0.37361699400520443,0.3279042453583989,0.4506544736039322,0.38738934396944635,0.08579456740408747,0.37361699400520443,0.3279042453583989,0.4506544736039322,0.5549369747899159,0.30366756143499163,0.5,0.3,0.9,0.2045168067226891,0.0918740366380543,0.19,0.12875,0.24000000000000005,0.9393076497538972,0.057746915033530216,0.9393939393939394,0.9166666666666666,0.9696969696969697,0.9393076497538972,0.057746915033530216,0.9393939393939394,0.9166666666666666,0.9696969696969697,0.9936565211749034,0.006285068586432563,0.9948232323232322,0.9897636217948718,1.0,1.0,0.0,1.0,1.0,1.0,0.6772733181715012,0.3629958082601034,0.649844765663147,0.37528809159994125,0.922307625412941,0.037919627323577405,0.016616025663121807,0.03531568700054777,0.028250026749901735,0.040828191750279075,508.2352941176471,232.59889507326733,448.0,384.0,512.0,3.9705882352941178,1.817178867759901,3.5,3.0,4.0
proposed_dp_eps16_sparse_diverse,Unified DP-CounterGAN epsilon=16 + counted sparse-diverse search,128,disease_to_no_disease,high_confidence,33.0,0.3212121212121213,0.3099975561976011,0.3,0.0,0.5,0.696969696969697,0.4666937221594376,1.0,0.0,1.0,0.09090909090909091,0.2919371040605711,0.0,0.0,0.0,0.3151515151515152,0.3143656431223959,0.3,0.0,0.5,0.09090909090909091,0.2919371040605711,0.0,0.0,0.0,0.14199569108693497,0.041207772494037995,0.14029233157634735,0.11386219039559364,0.1693033203482628,0.4415804002760524,0.15569579748200563,0.4444444444444444,0.32539682539682546,0.5740740740740742,0.4415804002760524,0.15569579748200563,0.4444444444444444,0.32539682539682546,0.5740740740740742,0.048051768185003944,0.02400116971881059,0.05295034497976303,0.04238936863839626,0.05933721922338009,0.34808928700814834,0.0884202557808355,0.3333652683179183,0.2793254401015425,0.4175453008678589,0.34808928700814834,0.0884202557808355,0.3333652683179183,0.2793254401015425,0.4175453008678589,0.5369565217391304,0.4148736123029899,0.6,0.0,1.0,0.8660041407867496,0.13046424086039204,0.9,0.7857142857142857,0.96,0.9133413091434079,0.08838717483428789,0.9259259259259259,0.873342175066313,0.9848484848484849,0.9133413091434079,0.08838717483428789,0.9259259259259259,0.873342175066313,0.9848484848484849,0.9980995246820055,0.0024514598155566058,0.9992647058823529,0.996031746031746,1.0,1.0,0.0,1.0,1.0,1.0,0.45915279537439346,0.2554310677981125,0.39871305227279663,0.3502936065196991,0.6114745140075684,0.017977681939472943,0.004206714561701633,0.017820699000367313,0.015136478999920655,0.018654603999493702,128.0,0.0,128.0,128.0,128.0,1.0,0.0,1.0,1.0,1.0
proposed_dp_eps16_sparse_diverse,Unified DP-CounterGAN epsilon=16 + counted sparse-diverse search,128,disease_to_no_disease,medium_confidence,33.0,0.5848484848484847,0.3173338267121196,0.6,0.4,1.0,0.9090909090909091,0.2919371040605713,1.0,1.0,1.0,0.2727272727272727,0.45226701686664555,0.0,0.0,1.0,0.5727272727272726,0.31550824798324145,0.6,0.4,0.9,0.21212121212121213,0.4151487502672805,0.0,0.0,0.0,0.13566251210868358,0.04283810862611124,0.14084434509277344,0.1115710698068142,0.16848645731806755,0.4801807760141094,0.13667121192453402,0.5,0.39444444444444443,0.5793650793650794,0.4801807760141094,0.13667121192453402,0.5,0.39444444444444443,0.5793650793650794,0.060286719165742395,0.01522604764991448,0.05967038683593273,0.053515058010816574,0.06645326316356659,0.3372028137050952,0.08859049825264313,0.3339312781739934,0.2752982223169854,0.4108360352160112,0.3372028137050952,0.08859049825264313,0.3339312781739934,0.2752982223169854,0.4108360352160112,0.5555952380952381,0.39342188969391073,0.7071428571428571,0.175,0.96875,0.9049047619047619,0.08955691925200292,0.9266666666666667,0.8628571428571428,0.9650000000000001,0.9504429797533246,0.04250510073019227,0.9615384615384616,0.9230769230769231,1.0,0.9504429797533246,0.04250510073019227,0.9615384615384616,0.9230769230769231,1.0,0.9936724053063338,0.007143949654644584,0.994949494949495,0.9895459699031128,1.0,1.0,0.0,1.0,1.0,1.0,0.7374971409638723,0.46277565052271274,0.6733787357807159,0.3832813948392868,1.0333096385002136,0.01946752757571217,0.003173709007777173,0.01921074799975031,0.017560455999955593,0.02065927300009207,128.0,0.0,128.0,128.0,128.0,1.0,0.0,1.0,1.0,1.0
proposed_dp_eps16_sparse_diverse,Unified DP-CounterGAN epsilon=16 + counted sparse-diverse search,128,disease_to_no_disease,near_boundary,34.0,0.6852941176470588,0.2709493444116015,0.7,0.42500000000000004,1.0,1.0,0.0,1.0,1.0,1.0,0.3235294117647059,0.4748580799338171,0.0,0.0,1.0,0.6852941176470588,0.2709493444116015,0.7,0.42500000000000004,1.0,0.3235294117647059,0.4748580799338171,0.0,0.0,1.0,0.11713689702617772,0.04089811811140845,0.1135491244494915,0.09467972069978714,0.14899461716413498,0.5141002697375247,0.150741618903213,0.5339506172839508,0.4007936507936508,0.6194444444444446,0.5141002697375247,0.150741618903213,0.5339506172839508,0.4007936507936508,0.6194444444444446,0.06271551987704109,0.015292299474735989,0.06069366820156574,0.05391085892915726,0.06901741772890091,0.30172291035170856,0.11586630508860114,0.30174650363331135,0.20475261011808524,0.38781125211462397,0.30172291035170856,0.11586630508860114,0.30174650363331135,0.20475261011808524,0.38781125211462397,0.6138655462184874,0.34240225585243184,0.6625,0.42500000000000004,0.975,0.9165896358543418,0.05511432869599551,0.9333333333333332,0.8850000000000001,0.95,0.9159412557992681,0.05624135682291635,0.9259259259259259,0.8787878787878788,0.9615384615384616,0.9159412557992681,0.05624135682291635,0.9259259259259259,0.8787878787878788,0.9615384615384616,0.9962601500066486,0.0057791103586078635,0.9978349775224776,0.9944617882117883,1.0,1.0,0.0,1.0,1.0,1.0,1.142789759180125,0.5057774735766551,1.0886148810386658,0.8104482144117355,1.5395846664905548,0.02077999338229454,0.00493417404947964,0.018972906999806582,0.01835959050049496,0.020998356749942104,128.0,0.0,128.0,128.0,128.0,1.0,0.0,1.0,1.0,1.0
proposed_dp_eps16_sparse_diverse,Unified DP-CounterGAN epsilon=16 + counted sparse-diverse search,128,no_disease_to_disease,high_confidence,33.0,0.012121212121212121,0.04846116845975594,0.0,0.0,0.0,0.06060606060606061,0.24230584229877988,0.0,0.0,0.0,0.0,0.0,0.0,0.0,0.0,0.012121212121212121,0.04846116845975594,0.0,0.0,0.0,0.0,0.0,0.0,0.0,0.0,0.1906561702489853,0.01680750990999262,0.1906561702489853,0.18471381813287735,0.19659852236509323,0.2222222222222222,0.0,0.2222222222222222,0.2222222222222222,0.2222222222222222,0.2222222222222222,0.0,0.2222222222222222,0.2222222222222222,0.2222222222222222,0.05320851132273674,0.005371157495735889,0.05320851132273674,0.05130952037870884,0.05510750226676464,0.45198874086953,0.16673864412209052,0.45198874086953,0.3930377278972396,0.5109397538418203,0.45198874086953,0.16673864412209052,0.45198874086953,0.3930377278972396,0.5109397538418203,0.5,0.7071067811865476,0.5,0.25,0.75,0.15000000000000002,0.07071067811865477,0.15000000000000002,0.125,0.17500000000000002,0.8846153846153846,0.16317848796612633,0.8846153846153846,0.826923076923077,0.9423076923076923,0.8846153846153846,0.16317848796612633,0.8846153846153846,0.826923076923077,0.9423076923076923,1.0,0.0,1.0,1.0,1.0,1.0,0.0,1.0,1.0,1.0,0.18115413188934326,0.014452238648082585,0.18115413188934326,0.1760444939136505,0.186263769865036,0.014416646848572285,0.0015176906477114018,0.013974061000226357,0.013449254999613913,0.014856087999760348,128.0,0.0,128.0,128.0,128.0,1.0,0.0,1.0,1.0,1.0
proposed_dp_eps16_sparse_diverse,Unified DP-CounterGAN epsilon=16 + counted sparse-diverse search,128,no_disease_to_disease,medium_confidence,33.0,0.0393939393939394,0.14777388541999298,0.0,0.0,0.0,0.12121212121212122,0.33143398263980833,0.0,0.0,0.0,0.0,0.0,0.0,0.0,0.0,0.03636363636363636,0.13185736094872988,0.0,0.0,0.0,0.0,0.0,0.0,0.0,0.0,0.14994634874165058,0.058491328894156626,0.16187850385904312,0.12561562098562717,0.18620923161506653,0.3680555555555556,0.20459610920355883,0.2916666666666667,0.24305555555555555,0.4166666666666667,0.3680555555555556,0.20459610920355883,0.2916666666666667,0.24305555555555555,0.4166666666666667,0.028206453658640385,0.0337823192683523,0.022714195773005486,0.0,0.05092064943164587,0.3366213727697574,0.07982318876251884,0.3291688627215618,0.30396381954337004,0.3618264159479492,0.3366213727697574,0.07982318876251884,0.3291688627215618,0.30396381954337004,0.3618264159479492,1.0,0.0,1.0,1.0,1.0,0.037500000000000006,0.07500000000000001,0.0,0.0,0.037500000000000006,0.9618945868945868,0.0007122507122506726,0.9615384615384616,0.9615384615384616,0.961894586894587,0.9618945868945868,0.0007122507122506726,0.9615384615384616,0.9615384615384616,0.961894586894587,0.9958333333333333,0.008333333333333304,1.0,0.9958333333333333,1.0,1.0,0.0,1.0,1.0,1.0,0.17971402406692505,0.07693296988517036,0.16649555787444115,0.11576532199978828,0.2304442599415779,0.014728899272664752,0.00197786967575613,0.01425018200006889,0.013863172000128543,0.014710583999658411,128.0,0.0,128.0,128.0,128.0,1.0,0.0,1.0,1.0,1.0
proposed_dp_eps16_sparse_diverse,Unified DP-CounterGAN epsilon=16 + counted sparse-diverse search,128,no_disease_to_disease,near_boundary,34.0,0.2441176470588235,0.31545174578938145,0.1,0.0,0.4,0.5588235294117647,0.5039947372613783,1.0,0.0,1.0,0.058823529411764705,0.23883257361061294,0.0,0.0,0.0,0.2323529411764706,0.30123039429252957,0.1,0.0,0.4,0.029411764705882353,0.1714985851425087,0.0,0.0,0.0,0.08514107136349928,0.04056792853389495,0.0877397358417511,0.052746374160051346,0.118207897990942,0.5489232340109533,0.17918498411767517,0.5555555555555556,0.4444444444444445,0.6916666666666668,0.5489232340109533,0.17918498411767517,0.5555555555555556,0.4444444444444445,0.6916666666666668,0.037974799345982704,0.028460690664740704,0.04625369980931282,0.0,0.05306174419820309,0.31501703491770733,0.08466384737194926,0.3074911103171795,0.2602115652878825,0.3513527398672798,0.31501703491770733,0.08466384737194926,0.3074911103171795,0.2602115652878825,0.3513527398672798,0.9091478696741854,0.24004527261266317,1.0,1.0,1.0,0.1560985797827903,0.090771175357768,0.16,0.09,0.2,0.9463458635872429,0.06562055939422926,0.9629629629629629,0.8982758620689655,1.0,0.9463458635872429,0.06562055939422926,0.9629629629629629,0.8982758620689655,1.0,0.9957400771279219,0.004730751794410047,0.9955357142857143,0.9945109454038026,1.0,1.0,0.0,1.0,1.0,1.0,0.27138686729104894,0.09004357610197385,0.2528681457042694,0.21936771273612976,0.3448755294084549,0.017108600852920704,0.00710127889661056,0.015189582999937556,0.013947889500059318,0.016912366249698607,128.0,0.0,128.0,128.0,128.0,1.0,0.0,1.0,1.0,1.0
proposed_dp_eps16_sparse_diverse,Unified DP-CounterGAN epsilon=16 + counted sparse-diverse search,256,disease_to_no_disease,high_confidence,33.0,0.6060606060606061,0.43799214743203013,0.9,0.1,1.0,0.7575757575757576,0.4351941398892447,1.0,1.0,1.0,0.45454545454545453,0.5056498968474316,0.0,0.0,1.0,0.5909090909090909,0.43829473271677905,0.8,0.1,1.0,0.42424242424242425,0.5018903659106633,0.0,0.0,1.0,0.14239004671573638,0.049387419388592854,0.13058046996593475,0.09786181896924973,0.18408219516277313,0.4597407407407407,0.1658304276425284,0.5061728395061729,0.33333333333333337,0.6000000000000001,0.4597407407407407,0.1658304276425284,0.5061728395061729,0.33333333333333337,0.6000000000000001,0.05871780633926391,0.020709487533621007,0.06437806785106659,0.04513357952237129,0.0726575255393982,0.3715180839578953,0.08902551024063486,0.37967757428501653,0.3191548078001091,0.43142283140189785,0.3715180839578953,0.08902551024063486,0.37967757428501653,0.3191548078001091,0.43142283140189785,0.4561111111111111,0.3614688399049388,0.5,0.0,0.75,0.8924222222222222,0.09114312897222554,0.9,0.86,0.9400000000000001,0.9167262367262368,0.061261630980242766,0.9259259259259259,0.8787878787878788,0.9696969696969697,0.9167262367262368,0.061261630980242766,0.9259259259259259,0.8787878787878788,0.9696969696969697,0.996534533984534,0.0037430248084523122,0.998076923076923,0.9942657342657343,1.0,1.0,0.0,1.0,1.0,1.0,0.3519433701038361,0.2045569101825896,0.3292694091796875,0.225467711687088,0.40141066908836365,0.041845928848488256,0.011637153196185654,0.04118098200069653,0.030353410000316217,0.04663332400014042,256.0,0.0,256.0,256.0,256.0,2.0,0.0,2.0,2.0,2.0
proposed_dp_eps16_sparse_diverse,Unified DP-CounterGAN epsilon=16 + counted sparse-diverse search,256,disease_to_no_disease,medium_confidence,33.0,0.8848484848484849,0.2670688255408286,1.0,1.0,1.0,0.9696969696969697,0.174077655955698,1.0,1.0,1.0,0.7878787878787878,0.41514875026728043,1.0,1.0,1.0,0.8818181818181818,0.26628760937957824,1.0,1.0,1.0,0.7575757575757576,0.4351941398892447,1.0,1.0,1.0,0.1196493289899081,0.035948230738603267,0.11454051360487938,0.09315845929086208,0.14474456012248993,0.5514825837742505,0.12810141179547355,0.5777777777777778,0.47222222222222215,0.6361111111111112,0.5514825837742505,0.12810141179547355,0.5777777777777778,0.47222222222222215,0.6361111111111112,0.07331663544755429,0.02305998816736341,0.07807234674692154,0.055076442658901215,0.09013940207660198,0.35650748188838954,0.08756764247965017,0.35398739504345633,0.28746126434722535,0.4171111724125151,0.35650748188838954,0.08756764247965017,0.35398739504345633,0.28746126434722535,0.4171111724125151,0.5700396825396825,0.37382188957688095,0.6499999999999999,0.29642857142857143,0.925,0.8950297619047619,0.06703987455927346,0.9,0.8600000000000001,0.9400000000000001,0.9183564200805581,0.057058299984745355,0.9393939393939394,0.8787878787878788,0.9696969696969697,0.9183564200805581,0.057058299984745355,0.9393939393939394,0.8787878787878788,0.9696969696969697,0.9937882117262697,0.006467330860364416,0.9960858585858585,0.9902777777777778,0.9983766233766234,1.0,0.0,1.0,1.0,1.0,0.5341295064426959,0.31656671206217735,0.48100878298282623,0.30178531259298325,0.696351632475853,0.05283606300009992,0.0134670804823979,0.05285019800066948,0.04272693200073263,0.06165106100070261,256.0,0.0,256.0,256.0,256.0,2.0,0.0,2.0,2.0,2.0
proposed_dp_eps16_sparse_diverse,Unified DP-CounterGAN epsilon=16 + counted sparse-diverse search,256,disease_to_no_disease,near_boundary,34.0,0.9852941176470589,0.06096373955153143,1.0,1.0,1.0,1.0,0.0,1.0,1.0,1.0,0.9411764705882353,0.23883257361061297,1.0,1.0,1.0,0.9823529411764705,0.06262242910851494,1.0,1.0,1.0,0.9117647058823529,0.28790224128123637,1.0,1.0,1.0,0.097824758685687,0.02756504934987171,0.09575267508625984,0.07901920937001705,0.11715374141931534,0.6031629318394024,0.09580601101589228,0.6180555555555556,0.5444444444444445,0.6666666666666667,0.6031629318394024,0.09580601101589228,0.6180555555555556,0.5444444444444445,0.6666666666666667,0.07755196992965306,0.017918898256558104,0.07496741786599159,0.06376938149333,0.09014926105737686,0.31096708538124396,0.10363334875545052,0.3195026671839417,0.23247132982955038,0.3874370554013371,0.31096708538124396,0.10363334875545052,0.3195026671839417,0.23247132982955038,0.3874370554013371,0.6205882352941176,0.29416488034280114,0.7,0.5,0.8,0.8969327731092438,0.054823190648603796,0.9,0.86,0.9200000000000002,0.9184149184149185,0.07403817086799099,0.9312354312354313,0.9090909090909091,0.9696969696969697,0.9184149184149185,0.07403817086799099,0.9312354312354313,0.9090909090909091,0.9696969696969697,0.9948182070030809,0.00492223441037539,0.9961309523809525,0.9913465007215008,0.9996527777777777,1.0,0.0,1.0,1.0,1.0,0.8819771926192677,0.3854880276841719,0.8421797752380371,0.6224993169307709,1.1544535160064697,0.05388869517644386,0.01200820844171373,0.052643155499936256,0.04611208425012592,0.05866801474962813,256.0,0.0,256.0,256.0,256.0,2.0,0.0,2.0,2.0,2.0
proposed_dp_eps16_sparse_diverse,Unified DP-CounterGAN epsilon=16 + counted sparse-diverse search,256,no_disease_to_disease,high_confidence,33.0,0.030303030303030304,0.14248870236980316,0.0,0.0,0.0,0.06060606060606061,0.24230584229877988,0.0,0.0,0.0,0.0,0.0,0.0,0.0,0.0,0.030303030303030304,0.14248870236980316,0.0,0.0,0.0,0.0,0.0,0.0,0.0,0.0,0.17365596443414688,0.005527864746855456,0.17365596443414688,0.1717015691101551,0.17561035975813866,0.3680555555555556,0.029462782549439494,0.3680555555555556,0.3576388888888889,0.3784722222222222,0.3680555555555556,0.029462782549439494,0.3680555555555556,0.3576388888888889,0.3784722222222222,0.05493106506764889,0.013501703407794424,0.05493106506764889,0.05015749204903841,0.059704638086259365,0.4515049107283682,0.16505196769304548,0.4515049107283682,0.3931502279264005,0.5098595935303358,0.4515049107283682,0.16505196769304548,0.4515049107283682,0.3931502279264005,0.5098595935303358,0.5,0.7071067811865476,0.5,0.25,0.75,0.26250000000000007,0.08838834764831847,0.26250000000000007,0.23125,0.29375000000000007,0.8076923076923077,0.0,0.8076923076923077,0.8076923076923077,0.8076923076923077,0.8076923076923077,0.0,0.8076923076923077,0.8076923076923077,0.8076923076923077,0.9971914153554778,0.003971938495356058,0.9971914153554778,0.9957871230332167,0.998595707677739,1.0,0.0,1.0,1.0,1.0,0.18114826828241348,0.01966532965683443,0.18114826828241348,0.1741955243051052,0.18810101225972176,0.029208504121263766,0.004241226915030602,0.028251433999685105,0.027294447000713262,0.029376156000580522,256.0,0.0,256.0,256.0,256.0,2.0,0.0,2.0,2.0,2.0
proposed_dp_eps16_sparse_diverse,Unified DP-CounterGAN epsilon=16 + counted sparse-diverse search,256,no_disease_to_disease,medium_confidence,33.0,0.12121212121212122,0.2858731971495139,0.0,0.0,0.0,0.24242424242424243,0.4351941398892447,0.0,0.0,0.0,0.06060606060606061,0.2423058422987799,0.0,0.0,0.0,0.11515151515151514,0.27739999563042095,0.0,0.0,0.0,0.030303030303030304,0.17407765595569785,0.0,0.0,0.0,0.1254376508295536,0.03635458438182337,0.13208690285682678,0.09775089286267757,0.14722390472888947,0.5229497354497354,0.09738650821950215,0.5211640211640212,0.505952380952381,0.5555555555555556,0.5229497354497354,0.09738650821950215,0.5211640211640212,0.505952380952381,0.5555555555555556,0.038000282598659396,0.03658905800010186,0.041057116352021694,0.0,0.06327097304165363,0.3659221060406881,0.05588899929930727,0.3732986283630688,0.33751548153702327,0.39362988716494396,0.3659221060406881,0.05588899929930727,0.3732986283630688,0.33751548153702327,0.39362988716494396,0.5232142857142856,0.4930382689952957,0.5928571428571429,0.0,1.0,0.12476190476190477,0.1288668814919049,0.09047619047619049,0.04785714285714286,0.15500000000000003,0.8971115889219338,0.06964419346312435,0.9038461538461539,0.8415119363395225,0.9646464646464646,0.8971115889219338,0.06964419346312435,0.9038461538461539,0.8415119363395225,0.9646464646464646,0.9952035167213739,0.005107382037096382,0.9956746031746031,0.9921510037581467,1.0,1.0,0.0,1.0,1.0,1.0,0.2540506850928068,0.10332214100284318,0.2546984553337097,0.18939385190606117,0.3234498128294945,0.030995756060623204,0.009234102556305596,0.028372099999614875,0.02781491499990807,0.029271401000187325,256.0,0.0,256.0,256.0,256.0,2.0,0.0,2.0,2.0,2.0
proposed_dp_eps16_sparse_diverse,Unified DP-CounterGAN epsilon=16 + counted sparse-diverse search,256,no_disease_to_disease,near_boundary,34.0,0.5970588235294118,0.4302820034530188,0.7,0.2,1.0,0.7647058823529411,0.4305615452020461,1.0,1.0,1.0,0.47058823529411764,0.5066403971048988,0.0,0.0,1.0,0.5794117647058823,0.41907503614269787,0.7,0.2,1.0,0.35294117647058826,0.485071250072666,0.0,0.0,1.0,0.08021665063615029,0.0306064394502912,0.08399368450045586,0.05295930244028568,0.10690160468220711,0.6066951566951567,0.11726311605818525,0.6055555555555556,0.5444444444444445,0.6972222222222223,0.6066951566951567,0.11726311605818525,0.6055555555555556,0.5444444444444445,0.6972222222222223,0.05511967830646496,0.01769980642131983,0.055470047518610954,0.04175008554011583,0.06127777323126793,0.32886102907998827,0.07453187772230982,0.3128370067945442,0.2900578031102804,0.3616619339738266,0.32886102907998827,0.07453187772230982,0.3128370067945442,0.2900578031102804,0.3616619339738266,0.8224358974358974,0.2638578029373779,1.0,0.725,1.0,0.18166666666666667,0.07197067303963316,0.16333333333333333,0.13999999999999999,0.21500000000000002,0.9230420576574422,0.0690538169080149,0.9393939393939394,0.8802447552447552,0.9696969696969697,0.9230420576574422,0.0690538169080149,0.9393939393939394,0.8802447552447552,0.9696969696969697,0.9926233550993165,0.006566276495797754,0.9937175324675325,0.988909632034632,0.9980357142857142,1.0,0.0,1.0,1.0,1.0,0.31030801225167054,0.08973885012780843,0.3362640291452408,0.2613821476697922,0.3482053428888321,0.03916681129425449,0.014813159080788675,0.03298302250050256,0.02933042249992468,0.045798348500511565,256.0,0.0,256.0,256.0,256.0,2.0,0.0,2.0,2.0,2.0
proposed_dp_eps16_sparse_diverse,Unified DP-CounterGAN epsilon=16 + counted sparse-diverse search,512,disease_to_no_disease,high_confidence,33.0,0.7303030303030303,0.4134344328947823,1.0,0.4,1.0,0.8181818181818182,0.39167472590032004,1.0,1.0,1.0,0.6363636363636364,0.48850421045919706,1.0,0.0,1.0,0.6727272727272728,0.41628770645486823,0.9,0.3,1.0,0.42424242424242425,0.5018903659106633,0.0,0.0,1.0,0.13687673790587318,0.05190039348885404,0.12278100103139877,0.09072637185454369,0.17774783819913864,0.5131115683584819,0.1797252515835947,0.5666666666666667,0.3486111111111111,0.6833333333333333,0.5131115683584819,0.1797252515835947,0.5666666666666667,0.3486111111111111,0.6833333333333333,0.061458478647249716,0.019743430903778718,0.06512686610221863,0.047705862671136856,0.07517177611589432,0.36727831678621936,0.08638480840254634,0.36685008828906135,0.3105518729729644,0.4293855116020881,0.36727831678621936,0.08638480840254634,0.36685008828906135,0.3105518729729644,0.4293855116020881,0.49197530864197525,0.3694350726056769,0.5,0.1,0.8,0.8938683127572018,0.08161322768741869,0.9,0.835,0.9533333333333334,0.9087714754381423,0.05364430355579132,0.9090909090909091,0.8787878787878788,0.9504662004662006,0.9087714754381423,0.05364430355579132,0.9090909090909091,0.8787878787878788,0.9504662004662006,0.9930472755125533,0.005703536126981415,0.9941627816627816,0.9904437229437228,0.9966269841269841,1.0,0.0,1.0,1.0,1.0,0.29807120423626016,0.15028972741787605,0.2831922173500061,0.2056238204240799,0.3570187985897064,0.10678168466658848,0.03629525907098977,0.11253805499927694,0.06915192199994635,0.13596570899971994,512.0,0.0,512.0,512.0,512.0,4.0,0.0,4.0,4.0,4.0
proposed_dp_eps16_sparse_diverse,Unified DP-CounterGAN epsilon=16 + counted sparse-diverse search,512,disease_to_no_disease,medium_confidence,33.0,0.9151515151515153,0.251397608532296,1.0,1.0,1.0,0.9696969696969697,0.174077655955698,1.0,1.0,1.0,0.8787878787878788,0.3314339826398083,1.0,1.0,1.0,0.8909090909090909,0.2479461085140735,1.0,0.9,1.0,0.6666666666666666,0.4787135538781689,1.0,0.0,1.0,0.10480367275886238,0.038395755981768136,0.09673912823200226,0.07663544267416,0.1295139454305172,0.6374751984126985,0.13457332098591399,0.6722222222222223,0.5638888888888889,0.7333333333333334,0.6374751984126985,0.13457332098591399,0.6722222222222223,0.5638888888888889,0.7333333333333334,0.0745262106647715,0.026887582943986486,0.08484871312975883,0.06055115722119808,0.08917826600372791,0.3492063074953905,0.08970687361836542,0.3424302239747199,0.29686865301209375,0.41895922279580955,0.3492063074953905,0.08970687361836542,0.3424302239747199,0.29686865301209375,0.41895922279580955,0.5638392857142858,0.39255722737077076,0.7,0.13214285714285715,1.0,0.8985267857142858,0.07574730553352511,0.9199999999999999,0.8400000000000001,0.96,0.9304002391286874,0.049170006755428146,0.9393939393939394,0.8787878787878788,0.9696969696969697,0.9304002391286874,0.049170006755428146,0.9393939393939394,0.8787878787878788,0.9696969696969697,0.9889653860524397,0.008336339455455852,0.9914285714285713,0.9840054563492064,0.9952083333333334,1.0,0.0,1.0,1.0,1.0,0.39934448152780533,0.23747203159328636,0.31772519648075104,0.24494598433375359,0.4491475075483322,0.1329115409091008,0.03199198671147344,0.13886665500012896,0.12405078599931585,0.15146980000008625,512.0,0.0,512.0,512.0,512.0,4.0,0.0,4.0,4.0,4.0
proposed_dp_eps16_sparse_diverse,Unified DP-CounterGAN epsilon=16 + counted sparse-diverse search,512,disease_to_no_disease,near_boundary,34.0,1.0,0.0,1.0,1.0,1.0,1.0,0.0,1.0,1.0,1.0,1.0,0.0,1.0,1.0,1.0,0.9911764705882353,0.028790224128123643,1.0,1.0,1.0,0.9117647058823529,0.28790224128123654,1.0,1.0,1.0,0.07980986366815426,0.02920384056489151,0.07209600880742073,0.05583601724356413,0.10374758765101433,0.7039215686274511,0.11244593340003713,0.7500000000000001,0.6444444444444445,0.788888888888889,0.7039215686274511,0.11244593340003713,0.7500000000000001,0.6444444444444445,0.788888888888889,0.07425382645691142,0.016770278297225865,0.07434428483247757,0.06192694418132305,0.08558160252869129,0.3009669577853728,0.11421621755742792,0.33008070783668275,0.196310382591073,0.39935239277553103,0.3009669577853728,0.11421621755742792,0.33008070783668275,0.196310382591073,0.39935239277553103,0.7323529411764705,0.3091734712004212,0.8500000000000001,0.6,1.0,0.8941176470588236,0.07715068479276689,0.9,0.8800000000000001,0.9400000000000001,0.9162210338680927,0.08442067918672193,0.9393939393939394,0.8560606060606061,1.0,0.9162210338680927,0.08442067918672193,0.9393939393939394,0.8560606060606061,1.0,0.9896935743994568,0.008350005719302335,0.9914880952380953,0.986937003968254,0.9953273809523809,1.0,0.0,1.0,1.0,1.0,0.6845682061770383,0.3353109155152217,0.6426702737808228,0.41123608499765396,0.7962644100189209,0.12863930347044944,0.020164774648535503,0.12860446400009096,0.1162673197497952,0.1388758497496383,512.0,0.0,512.0,512.0,512.0,4.0,0.0,4.0,4.0,4.0
proposed_dp_eps16_sparse_diverse,Unified DP-CounterGAN epsilon=16 + counted sparse-diverse search,512,no_disease_to_disease,high_confidence,33.0,0.0393939393939394,0.1766695254199807,0.0,0.0,0.0,0.09090909090909091,0.2919371040605711,0.0,0.0,0.0,0.030303030303030304,0.17407765595569796,0.0,0.0,0.0,0.03333333333333333,0.15745369689742642,0.0,0.0,0.0,0.0,0.0,0.0,0.0,0.0,0.15897553910811743,0.036801196052070134,0.1661897599697113,0.14264560118317604,0.17891258746385574,0.42962962962962964,0.1112961422319757,0.3888888888888889,0.3666666666666667,0.4722222222222222,0.42962962962962964,0.1112961422319757,0.3888888888888889,0.3666666666666667,0.4722222222222222,0.0309297318259875,0.026822772582184476,0.04498928785324097,0.022494643926620483,0.04639459773898125,0.4238420152231976,0.11243307809043918,0.393252962784656,0.36156090396958895,0.47082860025753537,0.4238420152231976,0.11243307809043918,0.393252962784656,0.36156090396958895,0.47082860025753537,0.3,0.5196152422706632,0.0,0.0,0.45,0.24666666666666667,0.05033222956847168,0.24000000000000005,0.22000000000000003,0.27,0.8725718725718726,0.04375418251841832,0.8484848484848485,0.8473193473193473,0.8857808857808858,0.8725718725718726,0.04375418251841832,0.8484848484848485,0.8473193473193473,0.8857808857808858,0.9889957264957264,0.003080060261525208,0.9886363636363636,0.9873737373737375,0.9904380341880342,1.0,0.0,1.0,1.0,1.0,0.19303442537784576,0.055943134807988265,0.2234070599079132,0.17594073712825775,0.2253144308924675,0.05975390012118816,0.018168614223660402,0.0557322929998918,0.055198801000187814,0.05749451900010172,512.0,0.0,512.0,512.0,512.0,4.0,0.0,4.0,4.0,4.0
proposed_dp_eps16_sparse_diverse,Unified DP-CounterGAN epsilon=16 + counted sparse-diverse search,512,no_disease_to_disease,medium_confidence,33.0,0.32727272727272727,0.41251721727153956,0.0,0.0,0.7,0.45454545454545453,0.5056498968474316,0.0,0.0,1.0,0.21212121212121213,0.41514875026728043,0.0,0.0,0.0,0.32727272727272727,0.41251721727153956,0.0,0.0,0.7,0.21212121212121213,0.41514875026728043,0.0,0.0,0.0,0.109353140493234,0.03861565367281756,0.11407886445522308,0.07263541594147682,0.12850402668118477,0.611252204585538,0.12620948476983038,0.6349206349206348,0.5555555555555556,0.6851851851851852,0.611252204585538,0.12620948476983038,0.6349206349206348,0.5555555555555556,0.6851851851851852,0.05376531481742859,0.020363873432439446,0.048000507056713104,0.03737055882811546,0.0682942196726799,0.29589514595119654,0.053419521029918635,0.29148458483581874,0.25061319753128675,0.3313181787087365,0.29589514595119654,0.053419521029918635,0.29148458483581874,0.25061319753128675,0.3313181787087365,0.6542857142857144,0.2963485808528561,0.6,0.4,1.0,0.12780952380952382,0.06692510645239014,0.1,0.08,0.19,0.8804029091385414,0.0549628221604615,0.8888888888888888,0.8380355276907001,0.9245014245014245,0.8804029091385414,0.0549628221604615,0.8888888888888888,0.8380355276907001,0.9245014245014245,0.9941423325351896,0.005804115850545779,0.994949494949495,0.9920634920634921,0.9982638888888888,1.0,0.0,1.0,1.0,1.0,0.32943058709303535,0.12182201535993148,0.3002875745296478,0.22985205054283142,0.4437936693429947,0.07114593812121077,0.029685245775816632,0.05886176700005308,0.05645165000078123,0.060330098000122234,512.0,0.0,512.0,512.0,512.0,4.0,0.0,4.0,4.0,4.0
proposed_dp_eps16_sparse_diverse,Unified DP-CounterGAN epsilon=16 + counted sparse-diverse search,512,no_disease_to_disease,near_boundary,34.0,0.861764705882353,0.2964585983485036,1.0,1.0,1.0,0.9705882352941176,0.17149858514250882,1.0,1.0,1.0,0.7941176470588235,0.4104256301219048,1.0,1.0,1.0,0.8205882352941176,0.2889682920266365,0.95,0.9,1.0,0.5,0.5075192189225523,0.5,0.0,1.0,0.0711586381675619,0.028922632089556435,0.0640789270401001,0.04922866076231003,0.0970534235239029,0.6663580246913581,0.1206892736630747,0.6944444444444446,0.5888888888888889,0.7555555555555556,0.6663580246913581,0.1206892736630747,0.6944444444444446,0.5888888888888889,0.7555555555555556,0.05412877548598882,0.018339774590554775,0.05370132252573967,0.04486450180411339,0.06439913809299469,0.33412863603377524,0.0810064686062811,0.3214421895513854,0.2856737551339342,0.3740449122238549,0.33412863603377524,0.0810064686062811,0.3214421895513854,0.2856737551339342,0.3740449122238549,0.7303030303030303,0.2885985817950972,0.9,0.6,1.0,0.17550505050505052,0.07956968125538881,0.18,0.12,0.22000000000000003,0.9074976650734227,0.07450313415172775,0.9259259259259259,0.8484848484848485,0.9696969696969697,0.9074976650734227,0.07450313415172775,0.9259259259259259,0.8484848484848485,0.9696969696969697,0.9876952880172578,0.00976057820410173,0.9892857142857143,0.9839285714285715,0.9940476190476191,1.0,0.0,1.0,1.0,1.0,0.2907679397048372,0.09829338948798244,0.28512081503868103,0.22357185184955597,0.356099396944046,0.10481747397052994,0.03677830408039088,0.10687500249969162,0.07366431874947921,0.1312887124995541,512.0,0.0,512.0,512.0,512.0,4.0,0.0,4.0,4.0,4.0
proposed_dp_eps16_sparse_diverse,Unified DP-CounterGAN epsilon=16 + counted sparse-diverse search,1024,disease_to_no_disease,high_confidence,33.0,0.7757575757575758,0.4077608850710664,1.0,1.0,1.0,0.8181818181818182,0.3916747259003201,1.0,1.0,1.0,0.7575757575757576,0.4351941398892447,1.0,1.0,1.0,0.7363636363636363,0.40219567829150477,1.0,0.7,1.0,0.5151515151515151,0.5075192189225524,1.0,0.0,1.0,0.13094936421623937,0.046378597971873506,0.12544114887714386,0.09452589228749275,0.16913916915655136,0.5417009602194788,0.15711332539462913,0.6,0.40370370370370373,0.6722222222222223,0.5417009602194788,0.15711332539462913,0.6,0.40370370370370373,0.6722222222222223,0.06746026990866219,0.017632991359681598,0.06924565881490707,0.054785048589110374,0.08011237531900406,0.36646174077680627,0.0845715635392339,0.3703418798746357,0.3084662302660212,0.4172729982452373,0.36646174077680627,0.0845715635392339,0.3703418798746357,0.3084662302660212,0.4172729982452373,0.47160493827160493,0.3608754435905017,0.5,0.1,0.8,0.8950617283950616,0.07191145059593974,0.9,0.8400000000000001,0.9400000000000001,0.9104626512033919,0.07679231906857255,0.9393939393939394,0.8636363636363636,0.9696969696969697,0.9104626512033919,0.07679231906857255,0.9393939393939394,0.8636363636363636,0.9696969696969697,0.9939701322340211,0.0048270998568812964,0.9949999999999999,0.9910714285714286,0.9977884615384615,1.0,0.0,1.0,1.0,1.0,0.29582783110715727,0.15046829255061284,0.29546231031417847,0.17550424486398697,0.3389349430799484,0.24988481927277573,0.08747365786111691,0.27822015899982944,0.18783628900018812,0.3219554789993708,1024.0,0.0,1024.0,1024.0,1024.0,8.0,0.0,8.0,8.0,8.0
proposed_dp_eps16_sparse_diverse,Unified DP-CounterGAN epsilon=16 + counted sparse-diverse search,1024,disease_to_no_disease,medium_confidence,33.0,0.9454545454545454,0.21950357213908428,1.0,1.0,1.0,0.9696969696969697,0.174077655955698,1.0,1.0,1.0,0.9393939393939394,0.24230584229877988,1.0,1.0,1.0,0.9090909090909091,0.2198915021715771,1.0,0.9,1.0,0.6666666666666666,0.47871355387816894,1.0,0.0,1.0,0.10197134781628847,0.035546173308853186,0.09785852208733559,0.07176375761628151,0.12852220237255096,0.6555555555555557,0.11670506280615173,0.7000000000000001,0.5722222222222223,0.7472222222222223,0.6555555555555557,0.11670506280615173,0.7000000000000001,0.5722222222222223,0.7472222222222223,0.07870899623958394,0.022685405585797704,0.08093710988759995,0.06651484407484531,0.09407263062894344,0.35146538845563624,0.08570546074854962,0.338277192192421,0.29863797831727634,0.432887124379705,0.35146538845563624,0.08570546074854962,0.338277192192421,0.29863797831727634,0.432887124379705,0.59375,0.348209706929603,0.6499999999999999,0.2,0.9,0.9056249999999999,0.07170447864718436,0.9199999999999999,0.8550000000000001,0.9600000000000002,0.927265442890443,0.061368999387675184,0.9393939393939394,0.9090909090909091,0.9696969696969697,0.927265442890443,0.061368999387675184,0.9393939393939394,0.9090909090909091,0.9696969696969697,0.9882318180950993,0.009226668750084413,0.9907142857142857,0.983095238095238,0.9940934065934065,1.0,0.0,1.0,1.0,1.0,0.3685821359977126,0.19651768913071693,0.316357359290123,0.24606936797499657,0.4198104739189148,0.285639566666539,0.06138409985952382,0.30314061399985803,0.2538695760003975,0.32760651799981133,1024.0,0.0,1024.0,1024.0,1024.0,8.0,0.0,8.0,8.0,8.0
proposed_dp_eps16_sparse_diverse,Unified DP-CounterGAN epsilon=16 + counted sparse-diverse search,1024,disease_to_no_disease,near_boundary,34.0,1.0,0.0,1.0,1.0,1.0,1.0,0.0,1.0,1.0,1.0,1.0,0.0,1.0,1.0,1.0,0.9794117647058823,0.04104256301219045,1.0,1.0,1.0,0.7941176470588235,0.4104256301219048,1.0,1.0,1.0,0.07695411090903423,0.02926128985288602,0.07007873058319092,0.054241023026406765,0.09878349304199219,0.7202614379084968,0.11405102487750882,0.7777777777777778,0.6666666666666667,0.8,0.7202614379084968,0.11405102487750882,0.7777777777777778,0.6666666666666667,0.8,0.07734661845161635,0.017876254081549244,0.0763336829841137,0.06528382562100887,0.09019333310425282,0.3046804654302088,0.11032123892826594,0.32714996803456886,0.22008692368524518,0.38904547118625316,0.3046804654302088,0.11032123892826594,0.32714996803456886,0.22008692368524518,0.38904547118625316,0.7323529411764705,0.31403588700086604,0.8,0.7,1.0,0.8952941176470589,0.07136059918375495,0.9,0.8600000000000001,0.96,0.9153297682709447,0.06663302087973265,0.9242424242424243,0.8484848484848485,0.9696969696969697,0.9153297682709447,0.06663302087973265,0.9242424242424243,0.8484848484848485,0.9696969696969697,0.9882414970650264,0.008697705786215018,0.9911309523809524,0.9822916666666667,0.9953273809523809,1.0,0.0,1.0,1.0,1.0,0.6554751492598477,0.3236898961792258,0.5746613442897797,0.3934260532259941,0.7833578884601593,0.28809276499998093,0.03597279056268267,0.2889486344997749,0.25702663750030297,0.30767688874993837,1024.0,0.0,1024.0,1024.0,1024.0,8.0,0.0,8.0,8.0,8.0
proposed_dp_eps16_sparse_diverse,Unified DP-CounterGAN epsilon=16 + counted sparse-diverse search,1024,no_disease_to_disease,high_confidence,33.0,0.08181818181818182,0.19438130287939465,0.0,0.0,0.1,0.2727272727272727,0.45226701686664555,0.0,0.0,1.0,0.030303030303030304,0.17407765595569796,0.0,0.0,0.0,0.06666666666666667,0.14719601443879748,0.0,0.0,0.1,0.0,0.0,0.0,0.0,0.0,0.1662711716360516,0.025526686675821402,0.16770057380199432,0.15797053277492523,0.18131336569786072,0.423045267489712,0.07092321283317249,0.40740740740740744,0.3888888888888889,0.45555555555555555,0.423045267489712,0.07092321283317249,0.40740740740740744,0.3888888888888889,0.45555555555555555,0.026296128518879414,0.02662649360046593,0.03183096647262573,0.0,0.03367340937256813,0.42247572490792096,0.05630578989995095,0.40807401678680966,0.40120596827844857,0.4282657804562799,0.42247572490792096,0.05630578989995095,0.40807401678680966,0.40120596827844857,0.4282657804562799,0.1111111111111111,0.33333333333333337,0.0,0.0,0.0,0.21481481481481485,0.12260042494841063,0.20000000000000004,0.2,0.30000000000000004,0.883895939451495,0.07110648315360642,0.8518518518518519,0.8148148148148148,0.9615384615384616,0.883895939451495,0.07110648315360642,0.8518518518518519,0.8148148148148148,0.9615384615384616,0.9981513856513856,0.003288383850088005,1.0,0.9967657342657341,1.0,1.0,0.0,1.0,1.0,1.0,0.16718180063698027,0.06044377123039694,0.15400955080986023,0.13038159906864166,0.1693749874830246,0.1208373155151011,0.03736586256996524,0.11275807400033955,0.1107912600000418,0.1159135839998271,1024.0,0.0,1024.0,1024.0,1024.0,8.0,0.0,8.0,8.0,8.0
proposed_dp_eps16_sparse_diverse,Unified DP-CounterGAN epsilon=16 + counted sparse-diverse search,1024,no_disease_to_disease,medium_confidence,33.0,0.603030303030303,0.4517222933429678,0.9,0.1,1.0,0.7575757575757576,0.43519413988924455,1.0,1.0,1.0,0.48484848484848486,0.5075192189225524,0.0,0.0,1.0,0.5878787878787879,0.443535212636477,0.8,0.1,1.0,0.42424242424242425,0.5018903659106633,0.0,0.0,1.0,0.09926546469330788,0.025371216189823773,0.10271664708852768,0.07608695328235626,0.11434318870306015,0.6362945326278661,0.08730191175362369,0.6388888888888888,0.5555555555555556,0.6777777777777778,0.6362945326278661,0.08730191175362369,0.6388888888888888,0.5555555555555556,0.6777777777777778,0.046656615808606146,0.02584908809290505,0.04136583209037781,0.029399795457720757,0.07096883654594421,0.30300022420621014,0.05419890998314724,0.2963124973455365,0.2603095956704096,0.33397097817592925,0.30300022420621014,0.05419890998314724,0.2963124973455365,0.2603095956704096,0.33397097817592925,0.4998888888888889,0.406857119944315,0.375,0.1,0.9,0.16326984126984126,0.09450005032385905,0.15999999999999998,0.08,0.2,0.9141211942591254,0.07253840166801294,0.9259259259259259,0.8787878787878788,0.9696969696969697,0.9141211942591254,0.07253840166801294,0.9259259259259259,0.8787878787878788,0.9696969696969697,0.9931852425352424,0.0047779032001553584,0.9918650793650794,0.9902777777777778,0.9981060606060606,1.0,0.0,1.0,1.0,1.0,0.3153682416677475,0.10988395296763342,0.2869618237018585,0.2336408644914627,0.3790650963783264,0.16850676054549363,0.06946342534660163,0.1327321179996943,0.11525068199989619,0.2198096030006127,1024.0,0.0,1024.0,1024.0,1024.0,8.0,0.0,8.0,8.0,8.0
proposed_dp_eps16_sparse_diverse,Unified DP-CounterGAN epsilon=16 + counted sparse-diverse search,1024,no_disease_to_disease,near_boundary,34.0,0.9558823529411765,0.15213864583968223,1.0,1.0,1.0,1.0,0.0,1.0,1.0,1.0,0.8823529411764706,0.32703497008386434,1.0,1.0,1.0,0.9235294117647058,0.15774706169171826,1.0,0.9,1.0,0.6176470588235294,0.49327021805638166,1.0,0.0,1.0,0.06907972112736281,0.02705479950434322,0.0645801518112421,0.043035597540438175,0.08533462882041931,0.6966023446415603,0.11483396464582021,0.7222222222222223,0.6027777777777777,0.7972222222222223,0.6966023446415603,0.11483396464582021,0.7222222222222223,0.6027777777777777,0.7972222222222223,0.054824065417051315,0.013613661757751683,0.055985795333981514,0.04667617008090019,0.06250802055001259,0.33744028865731085,0.08163211974406727,0.3222644075892183,0.27761340152045916,0.38588464726001837,0.33744028865731085,0.08163211974406727,0.3222644075892183,0.27761340152045916,0.38588464726001837,0.7179271708683475,0.284618048050964,0.8,0.5714285714285714,0.9,0.17339869281045753,0.07285281076515564,0.1657142857142857,0.10500000000000001,0.23714285714285716,0.9121793689745008,0.07687671946883505,0.9242424242424243,0.8560606060606061,0.9696969696969697,0.9121793689745008,0.07687671946883505,0.9242424242424243,0.8560606060606061,0.9696969696969697,0.9884472509542538,0.00943241905893589,0.9904166666666667,0.9853613945578231,0.9949107142857142,1.0,0.0,1.0,1.0,1.0,0.3016484953901347,0.08962709413163433,0.29851286113262177,0.2243691310286522,0.3632922098040581,0.2590944872941049,0.06623526491180973,0.2688438270001825,0.22096997300013754,0.3036274040000535,1024.0,0.0,1024.0,1024.0,1024.0,8.0,0.0,8.0,8.0,8.0
proposed_dp_eps2_sparse_diverse,Unified DP-CounterGAN epsilon=2 + counted sparse-diverse search,128,disease_to_no_disease,high_confidence,33.0,0.41212121212121217,0.39350792221819986,0.3,0.0,0.8,0.6666666666666666,0.4787135538781689,1.0,0.0,1.0,0.15151515151515152,0.36410954062720957,0.0,0.0,0.0,0.40303030303030307,0.3892981252241401,0.3,0.0,0.8,0.12121212121212122,0.33143398263980833,0.0,0.0,0.0,0.1285896667025306,0.035059047995731785,0.12551042810082436,0.09526623785495758,0.14386380463838577,0.48434343434343424,0.1210703797996314,0.4976851851851851,0.4097222222222222,0.5694444444444444,0.48434343434343424,0.1210703797996314,0.4976851851851851,0.4097222222222222,0.5694444444444444,0.04785920544104143,0.02351452737122133,0.05421474762260914,0.03607265558093786,0.06281919032335281,0.3497031301326227,0.09366267710279293,0.3501416168178241,0.274616283397509,0.4197082574981754,0.3497031301326227,0.09366267710279293,0.3501416168178241,0.274616283397509,0.4197082574981754,0.5469696969696969,0.4107641080683078,0.6458333333333333,0.05,0.975,0.8802272727272729,0.10517344638241072,0.9,0.81,0.9575,0.9145946645946647,0.07802020597901116,0.9259259259259259,0.8846153846153846,0.9676573426573427,0.9145946645946647,0.07802020597901116,0.9259259259259259,0.8846153846153846,0.9676573426573427,0.9956513982650346,0.00621576763684979,0.9977475649350649,0.9951899951899952,1.0,1.0,0.0,1.0,1.0,1.0,0.4181682088158347,0.19663286075369404,0.4188733994960785,0.28041868656873703,0.5026672929525375,0.01885290718178801,0.005439945266467521,0.01813968699934776,0.014724554999702377,0.020482068000092113,128.0,0.0,128.0,128.0,128.0,1.0,0.0,1.0,1.0,1.0
proposed_dp_eps2_sparse_diverse,Unified DP-CounterGAN epsilon=2 + counted sparse-diverse search,128,disease_to_no_disease,medium_confidence,33.0,0.7212121212121211,0.34256165116440684,0.9,0.4,1.0,0.9393939393939394,0.24230584229877988,1.0,1.0,1.0,0.48484848484848486,0.5075192189225524,0.0,0.0,1.0,0.7151515151515151,0.3392281792182919,0.9,0.4,1.0,0.45454545454545453,0.5056498968474316,0.0,0.0,1.0,0.11340050351235174,0.027658892803415155,0.12018009275197983,0.10000059381127357,0.12940263003110886,0.5470387438129373,0.10510701527254446,0.5555555555555556,0.49444444444444446,0.625925925925926,0.5470387438129373,0.10510701527254446,0.5555555555555556,0.49444444444444446,0.625925925925926,0.06531564747133563,0.021296183759936384,0.06865350157022476,0.05125210992991924,0.08101516589522362,0.34230685221169627,0.09328291246376885,0.351493510742266,0.2780365487764721,0.4256872057010215,0.34230685221169627,0.09328291246376885,0.351493510742266,0.2780365487764721,0.4256872057010215,0.6228878648233486,0.3707452617084798,0.6666666666666666,0.31666666666666665,1.0,0.8937736815156171,0.07680230215727997,0.9142857142857143,0.8400000000000001,0.9450000000000001,0.9443805154594922,0.0542293510764437,0.9629629629629629,0.9296296296296296,0.9696969696969697,0.9443805154594922,0.0542293510764437,0.9629629629629629,0.9296296296296296,0.9696969696969697,0.9922509184577157,0.007818119374216436,0.9930555555555556,0.9886205808080808,1.0,1.0,0.0,1.0,1.0,1.0,0.5702143335534681,0.3781057769868848,0.44006624817848206,0.30373695492744446,0.7956932783126831,0.025427951333464687,0.011733081763305777,0.021023939000770042,0.01839940999980172,0.026523289000579098,128.0,0.0,128.0,128.0,128.0,1.0,0.0,1.0,1.0,1.0
proposed_dp_eps2_sparse_diverse,Unified DP-CounterGAN epsilon=2 + counted sparse-diverse search,128,disease_to_no_disease,near_boundary,34.0,0.8176470588235294,0.27132736375902206,1.0,0.6,1.0,1.0,0.0,1.0,1.0,1.0,0.6470588235294118,0.48507125007266605,1.0,0.0,1.0,0.8176470588235294,0.27132736375902206,1.0,0.6,1.0,0.6470588235294118,0.48507125007266605,1.0,0.0,1.0,0.09666166848996106,0.024931702194009104,0.09886913374066353,0.07897432520985603,0.11568763665854931,0.5799914410208528,0.090611875901033,0.5888888888888889,0.5055555555555555,0.6243055555555556,0.5799914410208528,0.090611875901033,0.5888888888888889,0.5055555555555555,0.6243055555555556,0.06943182115826536,0.01906321612263275,0.06910781189799309,0.05393651593476534,0.08550611138343811,0.3050784859476691,0.11727170339428096,0.3360994718019106,0.21113893831443648,0.38788024190776027,0.3050784859476691,0.11727170339428096,0.3360994718019106,0.21113893831443648,0.38788024190776027,0.6982492997198878,0.32137020945415873,0.8,0.5,1.0,0.8969607843137254,0.0863411433114158,0.9166666666666666,0.86,0.96,0.919655808093942,0.08980395621362053,0.9622507122507122,0.8907342657342657,0.9696969696969697,0.919655808093942,0.08980395621362053,0.9622507122507122,0.8907342657342657,0.9696969696969697,0.9953646882218311,0.005537088067379984,0.9970508658008659,0.9938244047619048,0.9996527777777777,1.0,0.0,1.0,1.0,1.0,0.925664006787188,0.45525001825107214,0.8343652784824371,0.5872433185577393,1.1385968625545502,0.025252328441130137,0.009914274899858758,0.021049152499927004,0.018657232500572718,0.02974474800043936,128.0,0.0,128.0,128.0,128.0,1.0,0.0,1.0,1.0,1.0
proposed_dp_eps2_sparse_diverse,Unified DP-CounterGAN epsilon=2 + counted sparse-diverse search,128,no_disease_to_disease,high_confidence,33.0,0.015151515151515152,0.061852708718030884,0.0,0.0,0.0,0.06060606060606061,0.24230584229877988,0.0,0.0,0.0,0.0,0.0,0.0,0.0,0.0,0.015151515151515152,0.061852708718030884,0.0,0.0,0.0,0.0,0.0,0.0,0.0,0.0,0.1886226311326027,0.021552518019182475,0.1886226311326027,0.1810026653110981,0.19624259695410728,0.24074074074074076,0.13094570021973104,0.24074074074074076,0.19444444444444448,0.2870370370370371,0.24074074074074076,0.13094570021973104,0.24074074074074076,0.19444444444444448,0.2870370370370371,0.048024628311395645,0.0004227539639885226,0.048024628311395645,0.047875162214040756,0.048174094408750534,0.4460269028725769,0.1835997205265776,0.4460269028725769,0.38111459916842794,0.5109392065767259,0.4460269028725769,0.1835997205265776,0.4460269028725769,0.38111459916842794,0.5109392065767259,0.5,0.7071067811865476,0.5,0.25,0.75,0.23333333333333334,0.04714045207910316,0.23333333333333334,0.21666666666666667,0.25,0.8660968660968661,0.1369893479221801,0.8660968660968661,0.8176638176638177,0.9145299145299145,0.8660968660968661,0.1369893479221801,0.8660968660968661,0.8176638176638177,0.9145299145299145,0.9987745098039216,0.001733104855849375,0.9987745098039216,0.9981617647058824,0.9993872549019608,1.0,0.0,1.0,1.0,1.0,0.19383399933576584,0.040961394639540245,0.19383399933576584,0.17935195937752724,0.20831603929400444,0.014054087878927627,0.0009307784743686116,0.013759908000793075,0.013602210000499326,0.014236877000257664,128.0,0.0,128.0,128.0,128.0,1.0,0.0,1.0,1.0,1.0
proposed_dp_eps2_sparse_diverse,Unified DP-CounterGAN epsilon=2 + counted sparse-diverse search,128,no_disease_to_disease,medium_confidence,33.0,0.1424242424242424,0.26578927629597743,0.0,0.0,0.2,0.36363636363636365,0.48850421045919706,0.0,0.0,1.0,0.06060606060606061,0.2423058422987799,0.0,0.0,0.0,0.1424242424242424,0.26578927629597743,0.0,0.0,0.2,0.06060606060606061,0.2423058422987799,0.0,0.0,0.0,0.12606028032799563,0.03759583774503855,0.1293841302394867,0.10092967189848423,0.15415969491004944,0.5066358024691359,0.15089511022361202,0.5,0.3944444444444445,0.6166666666666668,0.5066358024691359,0.15089511022361202,0.5,0.3944444444444445,0.6166666666666668,0.044159336015582085,0.029045149354038548,0.04655592702329159,0.023758599534630775,0.06528654135763645,0.30351212130132155,0.03877907638192253,0.296392226205602,0.27499737367797317,0.32754679766018535,0.30351212130132155,0.03877907638192253,0.296392226205602,0.27499737367797317,0.32754679766018535,0.8083333333333332,0.382475984589724,1.0,0.875,1.0,0.1377777777777778,0.1066792921820884,0.12000000000000001,0.095,0.2,0.9394155227488562,0.06422375236203459,0.9615384615384616,0.9134615384615385,1.0,0.9394155227488562,0.06422375236203459,0.9615384615384616,0.9134615384615385,1.0,0.9957765421307089,0.007299108106072653,0.9990384615384615,0.9952170514670515,1.0,1.0,0.0,1.0,1.0,1.0,0.29730678846438724,0.1148817404169526,0.2672501504421234,0.21809129044413567,0.3879653289914131,0.016392977302943604,0.006785242564945516,0.014364579999892158,0.013720642999942356,0.015766972999699647,128.0,0.0,128.0,128.0,128.0,1.0,0.0,1.0,1.0,1.0
proposed_dp_eps2_sparse_diverse,Unified DP-CounterGAN epsilon=2 + counted sparse-diverse search,128,no_disease_to_disease,near_boundary,34.0,0.4764705882352941,0.3455858648987619,0.4,0.2,0.775,0.8529411764705882,0.359490627953571,1.0,1.0,1.0,0.14705882352941177,0.3594906279535709,0.0,0.0,0.0,0.4617647058823529,0.34202135843492065,0.4,0.2,0.75,0.14705882352941177,0.3594906279535709,0.0,0.0,0.0,0.08909307690016155,0.03164865807921144,0.08695652335882187,0.07167050242424011,0.10075517743825912,0.5717037645198565,0.13140635247620278,0.5555555555555556,0.48888888888888893,0.6666666666666667,0.5717037645198565,0.13140635247620278,0.5555555555555556,0.48888888888888893,0.6666666666666667,0.049608590980542114,0.02116021612562413,0.05389723926782608,0.041637782007455826,0.06420502811670303,0.3066203315487414,0.10577609655902154,0.306335616039584,0.2529528596496065,0.3797366440446011,0.3066203315487414,0.10577609655902154,0.306335616039584,0.2529528596496065,0.3797366440446011,0.8940613026819924,0.270344720149487,1.0,1.0,1.0,0.1472359058565955,0.07923804762495412,0.13333333333333333,0.1,0.2,0.9424539304444179,0.07160781710807348,0.9655172413793104,0.9090909090909091,1.0,0.9424539304444179,0.07160781710807348,0.9655172413793104,0.9090909090909091,1.0,0.9935244531816781,0.006140188833745495,0.9955357142857143,0.98992673992674,0.9982142857142857,1.0,0.0,1.0,1.0,1.0,0.37092680920814647,0.16040085621673486,0.39778801798820496,0.2549034655094147,0.42469531297683716,0.02018980944127607,0.008733022214180238,0.017742443500537775,0.01520233124938386,0.02091024575065603,128.0,0.0,128.0,128.0,128.0,1.0,0.0,1.0,1.0,1.0
proposed_dp_eps2_sparse_diverse,Unified DP-CounterGAN epsilon=2 + counted sparse-diverse search,256,disease_to_no_disease,high_confidence,33.0,0.593939393939394,0.4541058480267803,1.0,0.0,1.0,0.7272727272727273,0.45226701686664567,1.0,0.0,1.0,0.5151515151515151,0.5075192189225524,1.0,0.0,1.0,0.5545454545454546,0.4373863488745599,0.6,0.0,1.0,0.36363636363636365,0.4885042104591971,0.0,0.0,1.0,0.12753539718687534,0.047295757027655524,0.1147332526743412,0.09168119914829731,0.15970049798488617,0.511496913580247,0.15510822419042367,0.5444444444444445,0.4101851851851852,0.6305555555555556,0.511496913580247,0.15510822419042367,0.5444444444444445,0.4101851851851852,0.6305555555555556,0.055484373277674116,0.022496287916814295,0.05922565422952175,0.04558899626135826,0.07067067362368107,0.3555799648103221,0.08296795749686184,0.3701917260753914,0.3071451824352772,0.4180549905586477,0.3555799648103221,0.08296795749686184,0.3701917260753914,0.3071451824352772,0.4180549905586477,0.5361111111111111,0.3681677661416938,0.6,0.25,0.9,0.887638888888889,0.08805728903031687,0.9100000000000001,0.8,0.9450000000000001,0.9167691876025209,0.0669881164938791,0.9393939393939394,0.851010101010101,0.9646464646464646,0.9167691876025209,0.0669881164938791,0.9393939393939394,0.851010101010101,0.9646464646464646,0.9956944097569097,0.004375638460741315,0.9967261904761906,0.993154761904762,1.0,1.0,0.0,1.0,1.0,1.0,0.3099803427855174,0.13468813326084936,0.3243115246295929,0.20794250071048737,0.36286160349845886,0.04445511442430539,0.015760591792450037,0.039198651000333484,0.028565674000674335,0.05758594799954153,256.0,0.0,256.0,256.0,256.0,2.0,0.0,2.0,2.0,2.0
proposed_dp_eps2_sparse_diverse,Unified DP-CounterGAN epsilon=2 + counted sparse-diverse search,256,disease_to_no_disease,medium_confidence,33.0,0.8757575757575757,0.29583600084158024,1.0,1.0,1.0,0.9393939393939394,0.24230584229877988,1.0,1.0,1.0,0.8181818181818182,0.39167472590032004,1.0,1.0,1.0,0.8666666666666667,0.29439202887759497,1.0,1.0,1.0,0.7575757575757576,0.43519413988924477,1.0,1.0,1.0,0.10260307476405174,0.0302393513436224,0.09295880794525146,0.08599825575947762,0.12253925949335098,0.6160607612220517,0.11160522938692088,0.6555555555555557,0.5555555555555556,0.688888888888889,0.6160607612220517,0.11160522938692088,0.6555555555555557,0.5555555555555556,0.688888888888889,0.06940486919014685,0.021620239481880067,0.0767449140548706,0.05799023434519768,0.08511609584093094,0.3514007726427941,0.08324150776418848,0.3418632630953663,0.2823289785482187,0.42794095969008117,0.3514007726427941,0.08324150776418848,0.3418632630953663,0.2823289785482187,0.42794095969008117,0.6082949308755761,0.3570242506588052,0.6,0.3,1.0,0.887557603686636,0.08933175464265583,0.9000000000000001,0.8200000000000001,0.9400000000000001,0.9239746369890977,0.060168891039012816,0.9393939393939394,0.8787878787878788,0.9696969696969697,0.9239746369890977,0.060168891039012816,0.9393939393939394,0.8787878787878788,0.9696969696969697,0.9908453217929024,0.008483669760955184,0.9928571428571429,0.9861309523809524,0.9977884615384615,1.0,0.0,1.0,1.0,1.0,0.46311003354287916,0.27729685638396584,0.39715105295181274,0.2617400586605072,0.5389533638954163,0.06074933551515256,0.02040309697616401,0.060733971999979985,0.044592816000658786,0.07442632200036314,256.0,0.0,256.0,256.0,256.0,2.0,0.0,2.0,2.0,2.0
proposed_dp_eps2_sparse_diverse,Unified DP-CounterGAN epsilon=2 + counted sparse-diverse search,256,disease_to_no_disease,near_boundary,34.0,0.9970588235294118,0.01714985851425088,1.0,1.0,1.0,1.0,0.0,1.0,1.0,1.0,0.9705882352941176,0.17149858514250882,1.0,1.0,1.0,0.9941176470588234,0.023883257361061283,1.0,1.0,1.0,0.9411764705882353,0.23883257361061289,1.0,1.0,1.0,0.08389122126733556,0.021432499548281102,0.08390652760863304,0.06592002511024475,0.0970064252614975,0.6570079883805375,0.08201678316331877,0.6722222222222223,0.6,0.7148148148148149,0.6570079883805375,0.08201678316331877,0.6722222222222223,0.6,0.7148148148148149,0.07413667166496024,0.01595025454601628,0.07323180139064789,0.06376335397362709,0.0843998584896326,0.306302307198536,0.10912832793148358,0.3316972602379349,0.2200574322539041,0.37666802110081266,0.306302307198536,0.10912832793148358,0.3316972602379349,0.2200574322539041,0.37666802110081266,0.6751633986928104,0.29283830824173707,0.7,0.5,0.9,0.9004575163398694,0.07366576912223909,0.9199999999999999,0.86,0.96,0.9340463458110518,0.05247079268718011,0.9393939393939394,0.9090909090909091,0.9696969696969697,0.9340463458110518,0.05247079268718011,0.9393939393939394,0.9090909090909091,0.9696969696969697,0.9926053780097898,0.0056794581697583255,0.9935714285714285,0.9898809523809524,0.9962500000000001,1.0,0.0,1.0,1.0,1.0,0.7639181166887283,0.3494781317925291,0.6647405624389648,0.48784638941287994,1.000669538974762,0.062210625646965875,0.017294955136647607,0.06082825849989604,0.047520617249801944,0.07066893524984152,256.0,0.0,256.0,256.0,256.0,2.0,0.0,2.0,2.0,2.0
proposed_dp_eps2_sparse_diverse,Unified DP-CounterGAN epsilon=2 + counted sparse-diverse search,256,no_disease_to_disease,high_confidence,33.0,0.027272727272727275,0.10975178606954215,0.0,0.0,0.0,0.09090909090909091,0.29193710406057133,0.0,0.0,0.0,0.0,0.0,0.0,0.0,0.0,0.02424242424242424,0.09364261526644467,0.0,0.0,0.0,0.0,0.0,0.0,0.0,0.0,0.1823658545811971,0.0125623240926894,0.18247933685779572,0.17611325532197952,0.188675194978714,0.3333333333333333,0.055555555555555525,0.33333333333333337,0.3055555555555556,0.36111111111111116,0.3333333333333333,0.055555555555555525,0.33333333333333337,0.3055555555555556,0.36111111111111116,0.03535459811488787,0.03155871156365488,0.04538391903042793,0.022691959515213966,0.05303189717233181,0.42216706873875814,0.131683380643149,0.3857927842153954,0.3491434649419854,0.4770035302738495,0.42216706873875814,0.131683380643149,0.3857927842153954,0.3491434649419854,0.4770035302738495,0.3333333333333333,0.5773502691896258,0.0,0.0,0.5,0.18888888888888888,0.01924500897298754,0.2,0.18333333333333335,0.2,0.9112060778727445,0.09699519356756331,0.9259259259259259,0.8668091168091168,0.962962962962963,0.9112060778727445,0.09699519356756331,0.9259259259259259,0.8668091168091168,0.962962962962963,0.998442760942761,0.0026972171666686676,1.0,0.9976641414141414,1.0,1.0,0.0,1.0,1.0,1.0,0.1919171710809072,0.02878513032438807,0.19505375623703003,0.17837297916412354,0.20702965557575226,0.028830202302963175,0.00266691851364314,0.027964875000179745,0.027368731999558804,0.029567700000370678,256.0,0.0,256.0,256.0,256.0,2.0,0.0,2.0,2.0,2.0
proposed_dp_eps2_sparse_diverse,Unified DP-CounterGAN epsilon=2 + counted sparse-diverse search,256,no_disease_to_disease,medium_confidence,33.0,0.3727272727272727,0.33659390152742596,0.3,0.1,0.5,0.7575757575757576,0.4351941398892446,1.0,1.0,1.0,0.15151515151515152,0.36410954062720957,0.0,0.0,0.0,0.36666666666666664,0.33603075256093257,0.3,0.1,0.5,0.15151515151515152,0.36410954062720957,0.0,0.0,0.0,0.10885938853025437,0.035961754755837315,0.10133671015501022,0.08231381326913834,0.13385671377182007,0.585873015873016,0.12248477263043375,0.6111111111111112,0.507936507936508,0.6666666666666667,0.585873015873016,0.12248477263043375,0.6111111111111112,0.507936507936508,0.6666666666666667,0.03996576361358166,0.02226752050881669,0.03954658657312393,0.026946475729346275,0.04820706322789192,0.27597927806656847,0.05396653520081641,0.27503915854863564,0.2423170177358644,0.3005406153487782,0.27597927806656847,0.05396653520081641,0.27503915854863564,0.2423170177358644,0.3005406153487782,0.6833333333333332,0.36209268304000725,0.8,0.6,1.0,0.15047619047619049,0.13586235308999478,0.13333333333333333,0.04,0.20000000000000004,0.925998445998446,0.0546806799454237,0.9259259259259259,0.8888888888888888,0.9629629629629629,0.925998445998446,0.0546806799454237,0.9259259259259259,0.8888888888888888,0.9629629629629629,0.9935605592819879,0.01030820417093832,0.9962121212121212,0.9914627039627041,1.0,1.0,0.0,1.0,1.0,1.0,0.31166789442300796,0.13005716315984642,0.29635176062583923,0.20673994719982147,0.4042032063007355,0.03663170436359933,0.017502783477939515,0.03072149099989474,0.028802215999348846,0.03391310400002112,256.0,0.0,256.0,256.0,256.0,2.0,0.0,2.0,2.0,2.0
proposed_dp_eps2_sparse_diverse,Unified DP-CounterGAN epsilon=2 + counted sparse-diverse search,256,no_disease_to_disease,near_boundary,34.0,0.7411764705882353,0.35343993279800273,1.0,0.5,1.0,0.9117647058823529,0.28790224128123654,1.0,1.0,1.0,0.5882352941176471,0.4995541684356422,1.0,0.0,1.0,0.7205882352941176,0.3435813271152057,0.9,0.5,1.0,0.4411764705882353,0.5039947372613782,0.0,0.0,1.0,0.08214155200027651,0.028957578735174377,0.07471782714128494,0.061719464138150215,0.09480028972029686,0.6216888547533711,0.10331584013066734,0.6222222222222222,0.5805555555555556,0.7000000000000001,0.6216888547533711,0.10331584013066734,0.6222222222222222,0.5805555555555556,0.7000000000000001,0.05751416075133508,0.013148276129691428,0.057568930089473724,0.0471175592392683,0.06369487196207047,0.30979760569864445,0.09152166985565509,0.29367634011103055,0.2516556386680876,0.35653430784088846,0.30979760569864445,0.09152166985565509,0.29367634011103055,0.2516556386680876,0.35653430784088846,0.8373271889400921,0.21795048490144112,0.9,0.8,1.0,0.16737327188940093,0.08959477691757868,0.15000000000000002,0.1,0.2242857142857143,0.9434209756790403,0.059617489862194804,0.9615384615384616,0.916083916083916,1.0,0.9434209756790403,0.059617489862194804,0.9615384615384616,0.916083916083916,1.0,0.9930375717472492,0.005657937311996588,0.9932539682539684,0.9886904761904762,0.9978445165945167,1.0,0.0,1.0,1.0,1.0,0.3724881482701148,0.12446324442894677,0.3949945867061615,0.2822156101465225,0.4536302834749222,0.048555622588270016,0.01960834254536278,0.04142392950006979,0.03256373249951139,0.05995668774994556,256.0,0.0,256.0,256.0,256.0,2.0,0.0,2.0,2.0,2.0
proposed_dp_eps2_sparse_diverse,Unified DP-CounterGAN epsilon=2 + counted sparse-diverse search,512,disease_to_no_disease,high_confidence,33.0,0.706060606060606,0.4436632971208249,1.0,0.2,1.0,0.7575757575757576,0.4351941398892447,1.0,1.0,1.0,0.6363636363636364,0.48850421045919706,1.0,0.0,1.0,0.6545454545454545,0.43379928328873274,0.9,0.0,1.0,0.3939393939393939,0.49619766344887317,0.0,0.0,1.0,0.1258908814191818,0.04762360853392998,0.11397922039031982,0.08466465771198273,0.15853579342365265,0.5519506172839506,0.15268429196965969,0.5888888888888889,0.40740740740740744,0.688888888888889,0.5519506172839506,0.15268429196965969,0.5888888888888889,0.40740740740740744,0.688888888888889,0.06478759497404099,0.013934510768708577,0.06898936629295349,0.05643405765295029,0.07581669092178345,0.3617832054598631,0.07521473077695565,0.3666735076756842,0.32920027504406313,0.42200439846342863,0.3617832054598631,0.07521473077695565,0.3666735076756842,0.32920027504406313,0.42200439846342863,0.5666666666666668,0.3586239131891669,0.6666666666666666,0.2,0.8,0.8870222222222222,0.0948849856079831,0.9,0.8399999999999999,0.9555555555555555,0.9172369852369853,0.05312686433721839,0.9393939393939394,0.8787878787878788,0.9393939393939394,0.9172369852369853,0.05312686433721839,0.9393939393939394,0.8787878787878788,0.9393939393939394,0.9923264291264292,0.006612821340660219,0.9939285714285715,0.9908333333333333,0.9968253968253968,1.0,0.0,1.0,1.0,1.0,0.28160677522420885,0.12000563978128236,0.28627774119377136,0.20442259311676025,0.32667556405067444,0.11014610290906356,0.042449901875611394,0.11206757400032075,0.06050170700018498,0.1423027959999672,512.0,0.0,512.0,512.0,512.0,4.0,0.0,4.0,4.0,4.0
proposed_dp_eps2_sparse_diverse,Unified DP-CounterGAN epsilon=2 + counted sparse-diverse search,512,disease_to_no_disease,medium_confidence,33.0,0.9272727272727274,0.2388419028258118,1.0,1.0,1.0,0.9696969696969697,0.174077655955698,1.0,1.0,1.0,0.9090909090909091,0.2919371040605713,1.0,1.0,1.0,0.903030303030303,0.23649107869649194,1.0,0.9,1.0,0.696969696969697,0.46669372215943766,1.0,0.0,1.0,0.096675950801,0.034482326981453114,0.08371362462639809,0.07176615670323372,0.11034191586077213,0.6536458333333334,0.1274743895144388,0.6944444444444444,0.5972222222222222,0.7472222222222222,0.6536458333333334,0.1274743895144388,0.6944444444444444,0.5972222222222222,0.7472222222222222,0.07198965118732303,0.02114974586566326,0.07469062134623528,0.06100920494645834,0.08443805575370789,0.35988906743094773,0.09390327800594044,0.3630064138647937,0.2904307646242922,0.44090061194632774,0.35988906743094773,0.09390327800594044,0.3630064138647937,0.2904307646242922,0.44090061194632774,0.56875,0.37368047416769523,0.55,0.275,1.0,0.8912500000000001,0.08484330908665808,0.9000000000000001,0.8300000000000001,0.965,0.9329472610722611,0.04939747554558791,0.9393939393939394,0.9090909090909091,0.9696969696969697,0.9329472610722611,0.04939747554558791,0.9393939393939394,0.9090909090909091,0.9696969696969697,0.9882525005376568,0.008654348030822673,0.99,0.9848620129870129,0.9932837301587301,1.0,0.0,1.0,1.0,1.0,0.36176219303160906,0.18180616854534226,0.3330298811197281,0.21928474679589272,0.43389083445072174,0.13971031706059325,0.03802453709252731,0.1444825230000788,0.12076389499998186,0.15957211800014193,512.0,0.0,512.0,512.0,512.0,4.0,0.0,4.0,4.0,4.0
proposed_dp_eps2_sparse_diverse,Unified DP-CounterGAN epsilon=2 + counted sparse-diverse search,512,disease_to_no_disease,near_boundary,34.0,1.0,0.0,1.0,1.0,1.0,1.0,0.0,1.0,1.0,1.0,1.0,0.0,1.0,1.0,1.0,0.9823529411764705,0.04586269518104185,1.0,1.0,1.0,0.8529411764705882,0.359490627953571,1.0,1.0,1.0,0.07140940767438973,0.021813703741471274,0.06555533409118652,0.053444359451532364,0.08427649736404419,0.7261437908496733,0.09670525770735912,0.7777777777777779,0.6555555555555556,0.8083333333333333,0.7261437908496733,0.09670525770735912,0.7777777777777779,0.6555555555555556,0.8083333333333333,0.07267989711288143,0.013204235389547377,0.072587750852108,0.06283899769186974,0.08092270977795124,0.3025228951323612,0.11242455754803678,0.32267333057200764,0.19952157281329064,0.377858603190869,0.3025228951323612,0.11242455754803678,0.32267333057200764,0.19952157281329064,0.377858603190869,0.7205882352941178,0.30329444815499007,0.8,0.6,1.0,0.8823529411764706,0.07827917496698333,0.9,0.8600000000000001,0.9200000000000002,0.9340463458110517,0.08810192633855904,0.9696969696969697,0.9090909090909091,1.0,0.9340463458110517,0.08810192633855904,0.9696969696969697,0.9090909090909091,1.0,0.988639679356591,0.010290239560380523,0.991904761904762,0.9868377976190477,0.9953273809523809,1.0,0.0,1.0,1.0,1.0,0.6053137507508782,0.2422273181465896,0.5562421083450317,0.4202118590474129,0.748368576169014,0.1373907802647088,0.025662596428320875,0.1343606515006286,0.119911216249875,0.15775969174956117,512.0,0.0,512.0,512.0,512.0,4.0,0.0,4.0,4.0,4.0
proposed_dp_eps2_sparse_diverse,Unified DP-CounterGAN epsilon=2 + counted sparse-diverse search,512,no_disease_to_disease,high_confidence,33.0,0.07575757575757576,0.2424230587092311,0.0,0.0,0.0,0.18181818181818182,0.39167472590032,0.0,0.0,0.0,0.06060606060606061,0.24230584229877988,0.0,0.0,0.0,0.06666666666666667,0.2300362290307044,0.0,0.0,0.0,0.030303030303030304,0.17407765595569796,0.0,0.0,0.0,0.15901193271080652,0.027766194566331063,0.17132890969514847,0.14376531913876534,0.17818904295563698,0.4611111111111111,0.07527726527090811,0.4277777777777778,0.4111111111111111,0.5277777777777778,0.4611111111111111,0.07527726527090811,0.4277777777777778,0.4111111111111111,0.5277777777777778,0.030606261144081753,0.034365112560325595,0.023899953812360764,0.0,0.060869792476296425,0.4218021107247319,0.07434728186241427,0.41835166371205895,0.3788425253871181,0.4404945537160957,0.4218021107247319,0.07434728186241427,0.41835166371205895,0.3788425253871181,0.4404945537160957,0.19999999999999998,0.4000000000000001,0.0,0.0,0.15000000000000002,0.21000000000000005,0.1484587484791651,0.24000000000000002,0.11,0.29500000000000004,0.862082362082362,0.035950877988304576,0.8624708624708625,0.8461538461538461,0.8831585081585082,0.862082362082362,0.035950877988304576,0.8624708624708625,0.8461538461538461,0.8831585081585082,0.9925715488215486,0.006055562224970551,0.990340909090909,0.9886363636363636,0.9980113636363637,1.0,0.0,1.0,1.0,1.0,0.15307360390822092,0.03710055687002256,0.15078627318143845,0.13053135201334953,0.1755039095878601,0.05989110187883026,0.01503335982493454,0.05562577199998486,0.055070897999939916,0.05847146999985853,512.0,0.0,512.0,512.0,512.0,4.0,0.0,4.0,4.0,4.0
proposed_dp_eps2_sparse_diverse,Unified DP-CounterGAN epsilon=2 + counted sparse-diverse search,512,no_disease_to_disease,medium_confidence,33.0,0.6818181818181818,0.38116150239641317,0.8,0.5,1.0,0.8181818181818182,0.3916747259003201,1.0,1.0,1.0,0.3939393939393939,0.49619766344887317,0.0,0.0,1.0,0.6666666666666666,0.37555514464145834,0.8,0.4,1.0,0.3333333333333333,0.4787135538781689,0.0,0.0,1.0,0.1093502872520023,0.02960303139110156,0.11099869757890701,0.08555927872657776,0.1278490349650383,0.6017669344829839,0.08841923845639858,0.6190476190476193,0.5736111111111111,0.6444444444444445,0.6017669344829839,0.08841923845639858,0.6190476190476193,0.5736111111111111,0.6444444444444445,0.0498176323318923,0.017830108517514688,0.04687749221920967,0.038208089768886566,0.0632077120244503,0.30672284851730197,0.06300254922025643,0.29523247867151986,0.2659268252909025,0.3241356090614981,0.30672284851730197,0.06300254922025643,0.29523247867151986,0.2659268252909025,0.3241356090614981,0.57445620223398,0.32688520477508715,0.7142857142857143,0.25,0.8285714285714285,0.14920340975896534,0.09395817161172162,0.125,0.06333333333333335,0.2267857142857143,0.9138483436056872,0.06274185016234142,0.9259259259259259,0.8817016317016317,0.963527851458886,0.9138483436056872,0.06274185016234142,0.9259259259259259,0.8817016317016317,0.963527851458886,0.9934249249019973,0.004992667858954631,0.9939285714285715,0.9902552308802308,0.9966405122655122,1.0,0.0,1.0,1.0,1.0,0.335961005753941,0.13079384139281142,0.3173649311065674,0.250032402575016,0.41013242304325104,0.0896837431212892,0.0396104285966137,0.07055151300028228,0.06386690399995132,0.11664122300044255,512.0,0.0,512.0,512.0,512.0,4.0,0.0,4.0,4.0,4.0
proposed_dp_eps2_sparse_diverse,Unified DP-CounterGAN epsilon=2 + counted sparse-diverse search,512,no_disease_to_disease,near_boundary,34.0,0.8676470588235294,0.2971792523400487,1.0,1.0,1.0,0.9411764705882353,0.2388325736106129,1.0,1.0,1.0,0.7941176470588235,0.4104256301219048,1.0,1.0,1.0,0.8294117647058823,0.29183786674017836,1.0,0.8250000000000001,1.0,0.5588235294117647,0.5039947372613783,1.0,0.0,1.0,0.07272245991043746,0.02610371019499789,0.06621430814266205,0.05340845976024866,0.08628441393375397,0.6867862654320989,0.11068359491752845,0.7222222222222223,0.6347222222222222,0.7777777777777779,0.6867862654320989,0.11068359491752845,0.7222222222222223,0.6347222222222222,0.7777777777777779,0.05744952004170045,0.016108328861250715,0.060801707208156586,0.05289502441883087,0.06590358354151249,0.31945876583383964,0.07886957928237144,0.30102251644262423,0.2732933929436273,0.352318150894208,0.31945876583383964,0.07886957928237144,0.30102251644262423,0.2732933929436273,0.352318150894208,0.8289930555555556,0.24600647214841484,0.95,0.7,1.0,0.16322916666666668,0.08501943431633459,0.14500000000000002,0.1,0.20500000000000004,0.9107460826210827,0.07977900161430455,0.9175084175084175,0.8712121212121212,0.9696969696969697,0.9107460826210827,0.07977900161430455,0.9175084175084175,0.8712121212121212,0.9696969696969697,0.9874903286817349,0.009935667577406894,0.9897222222222222,0.9830208333333333,0.9946518759018759,1.0,0.0,1.0,1.0,1.0,0.3425079616717994,0.12801272254454255,0.33175206184387207,0.23699036985635757,0.4432986229658127,0.12410368435303099,0.04157107342835888,0.12271654999995008,0.08990760724987013,0.15841879374966084,512.0,0.0,512.0,512.0,512.0,4.0,0.0,4.0,4.0,4.0
proposed_dp_eps2_sparse_diverse,Unified DP-CounterGAN epsilon=2 + counted sparse-diverse search,1024,disease_to_no_disease,high_confidence,33.0,0.7636363636363637,0.40219567829150477,1.0,0.5,1.0,0.8484848484848485,0.36410954062720957,1.0,1.0,1.0,0.7272727272727273,0.4522670168666456,1.0,0.0,1.0,0.7181818181818183,0.39485325237243635,0.9,0.5,1.0,0.45454545454545453,0.5056498968474316,0.0,0.0,1.0,0.12839106576783316,0.0470635682383943,0.12417557835578918,0.08576598204672337,0.16845987364649773,0.5447089947089948,0.15215409905319277,0.5666666666666667,0.4101851851851852,0.6833333333333333,0.5447089947089948,0.15215409905319277,0.5666666666666667,0.4101851851851852,0.6833333333333333,0.05969231954908797,0.01843657073256671,0.06083953380584717,0.04955753777176142,0.07188969105482101,0.37142481311328984,0.08726325778383977,0.38398827198104213,0.3219036060798222,0.4186595164846473,0.37142481311328984,0.08726325778383977,0.38398827198104213,0.3219036060798222,0.4186595164846473,0.49761904761904757,0.37006601251063337,0.4,0.2,0.8250000000000001,0.8778571428571428,0.08732048857437598,0.9,0.795,0.9450000000000001,0.9108669108669109,0.07207986512022242,0.9326599326599327,0.8787878787878788,0.9696969696969697,0.9108669108669109,0.07207986512022242,0.9326599326599327,0.8787878787878788,0.9696969696969697,0.9935978778166279,0.005656606240378887,0.9957951770451771,0.9885829274891775,0.9976785714285714,1.0,0.0,1.0,1.0,1.0,0.27544892206788063,0.13796542072948606,0.26410430669784546,0.1836063228547573,0.33346623182296753,0.24262749448498103,0.08597350724685135,0.2626168429997051,0.18943111699991277,0.32339572300043073,1024.0,0.0,1024.0,1024.0,1024.0,8.0,0.0,8.0,8.0,8.0
proposed_dp_eps2_sparse_diverse,Unified DP-CounterGAN epsilon=2 + counted sparse-diverse search,1024,disease_to_no_disease,medium_confidence,33.0,0.9454545454545454,0.19699446231256904,1.0,1.0,1.0,0.9696969696969697,0.174077655955698,1.0,1.0,1.0,0.9090909090909091,0.2919371040605713,1.0,1.0,1.0,0.9272727272727274,0.1972826767495173,1.0,1.0,1.0,0.7575757575757576,0.4351941398892447,1.0,1.0,1.0,0.09808072668965906,0.034925900424179486,0.09077947959303856,0.07306697964668274,0.11177016608417034,0.6595734126984127,0.11475339845275564,0.7111111111111112,0.6015873015873017,0.7444444444444445,0.6595734126984127,0.11475339845275564,0.7111111111111112,0.6015873015873017,0.7444444444444445,0.07485947001259774,0.01959700421526212,0.0795428566634655,0.06334648095071316,0.09085155092179775,0.3600236907450427,0.08512498711881702,0.3613325433310305,0.298308283328921,0.43201618007012166,0.3600236907450427,0.08512498711881702,0.3613325433310305,0.298308283328921,0.43201618007012166,0.6031249999999999,0.3658700412670791,0.6,0.3,1.0,0.905,0.07770913509632801,0.9199999999999999,0.86,0.9650000000000002,0.9517589690003484,0.049442470278301114,0.9696969696969697,0.9393939393939394,1.0,0.9517589690003484,0.049442470278301114,0.9696969696969697,0.9393939393939394,1.0,0.9879876203285802,0.010015781528099739,0.990988455988456,0.9838392857142857,0.994649100899101,1.0,0.0,1.0,1.0,1.0,0.3590207612141967,0.184422534695726,0.30788156390190125,0.24665756151080132,0.4292236194014549,0.294527308303066,0.0647288168028042,0.30004160499993304,0.26791372200023034,0.3366046910005025,1024.0,0.0,1024.0,1024.0,1024.0,8.0,0.0,8.0,8.0,8.0
proposed_dp_eps2_sparse_diverse,Unified DP-CounterGAN epsilon=2 + counted sparse-diverse search,1024,disease_to_no_disease,near_boundary,34.0,1.0,0.0,1.0,1.0,1.0,1.0,0.0,1.0,1.0,1.0,1.0,0.0,1.0,1.0,1.0,0.9794117647058823,0.04785971776630353,1.0,1.0,1.0,0.8235294117647058,0.3869529949759475,1.0,1.0,1.0,0.07006584776236731,0.024008519660261723,0.058946795761585236,0.05323877837508917,0.08537007123231888,0.7316993464052289,0.10054592296966841,0.788888888888889,0.6611111111111112,0.8,0.7316993464052289,0.10054592296966841,0.788888888888889,0.6611111111111112,0.8,0.07450397093506421,0.015462884548065709,0.0734471045434475,0.06735243275761604,0.08634084649384022,0.303563088689472,0.10973632951293409,0.3309253025126686,0.20680184064968168,0.3813300673374299,0.303563088689472,0.10973632951293409,0.3309253025126686,0.20680184064968168,0.3813300673374299,0.75,0.28311042925246527,0.8,0.625,1.0,0.8876470588235295,0.06980747652627284,0.8800000000000001,0.8600000000000001,0.9400000000000001,0.9304812834224601,0.06265117477406765,0.9393939393939394,0.8787878787878788,0.9696969696969697,0.9304812834224601,0.06265117477406765,0.9393939393939394,0.8787878787878788,0.9696969696969697,0.9875528393175452,0.009225421636605505,0.9898611111111111,0.981577380952381,0.9947916666666666,1.0,0.0,1.0,1.0,1.0,0.6008590214392718,0.28746437877603814,0.510574460029602,0.40177077800035477,0.6654642671346664,0.2977861466175348,0.044533820429331704,0.2900322965001578,0.26923278625008606,0.31239011625052626,1024.0,0.0,1024.0,1024.0,1024.0,8.0,0.0,8.0,8.0,8.0
proposed_dp_eps2_sparse_diverse,Unified DP-CounterGAN epsilon=2 + counted sparse-diverse search,1024,no_disease_to_disease,high_confidence,33.0,0.10606060606060606,0.2548766784390466,0.0,0.0,0.0,0.24242424242424243,0.43519413988924455,0.0,0.0,0.0,0.06060606060606061,0.24230584229877988,0.0,0.0,0.0,0.09090909090909091,0.22688603466778803,0.0,0.0,0.0,0.030303030303030304,0.17407765595569796,0.0,0.0,0.0,0.16557643003761768,0.03766530345051607,0.16054139286279678,0.14741208031773567,0.17543303966522217,0.42291666666666666,0.13518677066548693,0.4583333333333333,0.4222222222222222,0.4833333333333333,0.42291666666666666,0.13518677066548693,0.4583333333333333,0.4222222222222222,0.4833333333333333,0.03444375967956148,0.02310914760967191,0.043329330161213875,0.01953752402914688,0.0485400864854455,0.4255452217182902,0.06958662930353025,0.4225841823729384,0.37632894948526935,0.4491738207140481,0.4255452217182902,0.06958662930353025,0.4225841823729384,0.37632894948526935,0.4491738207140481,0.16875,0.31274990007992004,0.0,0.0,0.21250000000000002,0.23375,0.13490075717250175,0.275,0.17,0.31000000000000005,0.8983100233100234,0.06001320600743799,0.912004662004662,0.8461538461538461,0.94493006993007,0.8983100233100234,0.06001320600743799,0.912004662004662,0.8461538461538461,0.94493006993007,0.9984927398989898,0.0024867275761015564,1.0,0.9975852272727272,1.0,1.0,0.0,1.0,1.0,1.0,0.16587047651410103,0.034792942605368866,0.1682349219918251,0.14196008816361427,0.19322550669312477,0.12557025460602855,0.03868826905558412,0.11318373600079212,0.11049020400059817,0.12070670100001735,1024.0,0.0,1024.0,1024.0,1024.0,8.0,0.0,8.0,8.0,8.0
proposed_dp_eps2_sparse_diverse,Unified DP-CounterGAN epsilon=2 + counted sparse-diverse search,1024,no_disease_to_disease,medium_confidence,33.0,0.7696969696969697,0.37540382297338193,1.0,0.7,1.0,0.8484848484848485,0.36410954062720957,1.0,1.0,1.0,0.6363636363636364,0.48850421045919723,1.0,0.0,1.0,0.7454545454545455,0.3708865300625222,1.0,0.6,1.0,0.5151515151515151,0.5075192189225524,1.0,0.0,1.0,0.1021873393495168,0.026360901818699375,0.10385245457291603,0.0801494400948286,0.12544329464435577,0.6293131141345428,0.09065267411990423,0.6462962962962964,0.5944444444444444,0.6736111111111112,0.6293131141345428,0.09065267411990423,0.6462962962962964,0.5944444444444444,0.6736111111111112,0.05012216295913926,0.020396954900911514,0.0501096211373806,0.03600127436220646,0.06710235960781574,0.3084959565692795,0.06705244790742729,0.2908562399112174,0.2615446876260175,0.3416737694078753,0.3084959565692795,0.06705244790742729,0.2908562399112174,0.2615446876260175,0.3416737694078753,0.5595663265306123,0.348213849642148,0.6125,0.275,0.9,0.15727891156462587,0.11247889098772022,0.12,0.07500000000000001,0.24428571428571433,0.8995885978644599,0.0689429260139672,0.9090909090909091,0.851010101010101,0.9615384615384616,0.8995885978644599,0.0689429260139672,0.9090909090909091,0.851010101010101,0.9615384615384616,0.9919304438947295,0.005590519640509403,0.992361111111111,0.9878968253968253,0.9965277777777777,1.0,0.0,1.0,1.0,1.0,0.3036551071064813,0.1221309706491473,0.28686952590942383,0.19977867603302002,0.3795855641365051,0.21045061109089147,0.08585313560937408,0.17025910200027283,0.13702581100005773,0.28675942700010637,1024.0,0.0,1024.0,1024.0,1024.0,8.0,0.0,8.0,8.0,8.0
proposed_dp_eps2_sparse_diverse,Unified DP-CounterGAN epsilon=2 + counted sparse-diverse search,1024,no_disease_to_disease,near_boundary,34.0,0.9323529411764705,0.20108883644449907,1.0,1.0,1.0,1.0,0.0,1.0,1.0,1.0,0.8823529411764706,0.32703497008386434,1.0,1.0,1.0,0.8911764705882353,0.22477955134379393,1.0,0.9,1.0,0.6176470588235294,0.49327021805638166,1.0,0.0,1.0,0.07046139514183297,0.026338360011406867,0.06183050014078617,0.05037297587841749,0.0865121278911829,0.699727668845316,0.1121279068218293,0.7333333333333334,0.6430555555555555,0.788888888888889,0.699727668845316,0.1121279068218293,0.7333333333333334,0.6430555555555555,0.788888888888889,0.05410837551907582,0.019643355995185,0.05850972980260849,0.038425092585384846,0.06568139791488647,0.3297071238735097,0.08273751262247771,0.32566247839095713,0.2701708756683124,0.38253292697395586,0.3297071238735097,0.08273751262247771,0.32566247839095713,0.2701708756683124,0.38253292697395586,0.7661764705882353,0.27156130739119344,0.8,0.7,1.0,0.1669607843137255,0.08115482831991928,0.15500000000000003,0.12,0.22000000000000003,0.9275827658180598,0.0765988598972831,0.9393939393939394,0.9090909090909091,0.9924242424242424,0.9275827658180598,0.0765988598972831,0.9393939393939394,0.9090909090909091,0.9924242424242424,0.9873678663384547,0.009390913196580785,0.9906072631072631,0.9834821428571427,0.9948728354978356,1.0,0.0,1.0,1.0,1.0,0.3281039258136469,0.12212185952443493,0.30626247823238373,0.24215751513838768,0.39836133271455765,0.2701056422941506,0.07564276586183562,0.2829859315002068,0.233611852750073,0.3334950274995663,1024.0,0.0,1024.0,1024.0,1024.0,8.0,0.0,8.0,8.0,8.0
proposed_dp_eps4_sparse_diverse,DP-CounterGAN epsilon=4 + full-budget sparse-diverse pruning/MMR,128,disease_to_no_disease,high_confidence,33.0,0.3545454545454545,0.3482912835283395,0.3,0.0,0.6,0.6666666666666666,0.4787135538781689,1.0,0.0,1.0,0.12121212121212122,0.33143398263980844,0.0,0.0,0.0,0.34545454545454546,0.346492161789871,0.3,0.0,0.6,0.09090909090909091,0.2919371040605711,0.0,0.0,0.0,0.1351296796717427,0.036728083925124076,0.13631312549114227,0.10701887495815754,0.15547845885157585,0.45942760942760946,0.12940294517534343,0.4825396825396826,0.4018518518518519,0.5319444444444446,0.45942760942760946,0.12940294517534343,0.4825396825396826,0.4018518518518519,0.5319444444444446,0.05096921036866578,0.020807214121943397,0.0557471439242363,0.045511938631534576,0.06149944011121988,0.34186394045529545,0.10394488836656406,0.31492196890007895,0.2646281170615971,0.42271829654068444,0.34186394045529545,0.10394488836656406,0.31492196890007895,0.2646281170615971,0.42271829654068444,0.5372294372294374,0.42266945530211525,0.5857142857142856,0.0,1.0,0.8621103896103898,0.11683061032901734,0.9,0.77625,0.9383333333333334,0.9243140755679942,0.06624509634079817,0.9284802043422733,0.8974358974358974,0.9913793103448276,0.9243140755679942,0.06624509634079817,0.9284802043422733,0.8974358974358974,0.9913793103448276,0.9973044127589582,0.00560856613931442,0.9995833333333334,0.9974431818181817,1.0,1.0,0.0,1.0,1.0,1.0,0.4839763099497015,0.24392786762541832,0.4752909243106842,0.3244257718324661,0.6060119122266769,0.017729958090857315,0.003507578603447281,0.01802047900036996,0.014579732000129297,0.018747949999124103,128.0,0.0,128.0,128.0,128.0,1.0,0.0,1.0,1.0,1.0
proposed_dp_eps4_sparse_diverse,DP-CounterGAN epsilon=4 + full-budget sparse-diverse pruning/MMR,128,disease_to_no_disease,medium_confidence,33.0,0.6333333333333334,0.34064889059949505,0.6,0.4,1.0,0.9393939393939394,0.24230584229877988,1.0,1.0,1.0,0.36363636363636365,0.4885042104591972,0.0,0.0,1.0,0.6333333333333334,0.34064889059949505,0.6,0.4,1.0,0.36363636363636365,0.4885042104591972,0.0,0.0,1.0,0.12336619919346224,0.036407218870468695,0.12992163002490997,0.10112466290593147,0.14359676837921143,0.5369573874950219,0.12402285267628961,0.5333333333333334,0.4722222222222222,0.6296296296296297,0.5369573874950219,0.12402285267628961,0.5333333333333334,0.4722222222222222,0.6296296296296297,0.06289199721668998,0.02302800761330051,0.06205584108829498,0.053017571568489075,0.08200247585773468,0.33152766124998423,0.09570210013969202,0.3333907528086719,0.2682742527322026,0.4063351955035698,0.33152766124998423,0.09570210013969202,0.3333907528086719,0.2682742527322026,0.4063351955035698,0.5833333333333331,0.3882772968630271,0.6666666666666666,0.26666666666666666,1.0,0.9029032258064518,0.08593215690339882,0.9200000000000002,0.8733333333333333,0.96,0.9533114436340243,0.05600894685621831,0.9629629629629629,0.9326599326599327,1.0,0.9533114436340243,0.05600894685621831,0.9629629629629629,0.9326599326599327,1.0,0.9926920935993517,0.0076098484413245964,0.9946095571095572,0.9875,1.0,1.0,0.0,1.0,1.0,1.0,0.6493979788595631,0.40148524921023804,0.5677773356437683,0.3307359665632248,0.8965180516242981,0.02155109342424332,0.006636429090474851,0.018531133000578848,0.017791152999961923,0.02346001400019304,128.0,0.0,128.0,128.0,128.0,1.0,0.0,1.0,1.0,1.0
proposed_dp_eps4_sparse_diverse,DP-CounterGAN epsilon=4 + full-budget sparse-diverse pruning/MMR,128,disease_to_no_disease,near_boundary,34.0,0.7411764705882353,0.29860041918704816,0.95,0.5,1.0,1.0,0.0,1.0,1.0,1.0,0.5,0.5075192189225523,0.5,0.0,1.0,0.7294117647058824,0.2969842478882696,0.9,0.42500000000000004,1.0,0.4411764705882353,0.5039947372613783,0.0,0.0,1.0,0.10272365085342351,0.03311836528996479,0.09738237410783768,0.07768022269010544,0.12755891308188438,0.5593591140159768,0.1175102351832368,0.55,0.4833333333333333,0.6555555555555556,0.5593591140159768,0.1175102351832368,0.55,0.4833333333333333,0.6555555555555556,0.06589444606181454,0.0169668615337819,0.06570668518543243,0.0553292129188776,0.07831546664237976,0.2936279939555792,0.12504107544196869,0.3187640299487343,0.1906833743614375,0.38656758146351095,0.2936279939555792,0.12504107544196869,0.3187640299487343,0.1906833743614375,0.38656758146351095,0.6866830065359477,0.311516525329837,0.7,0.5666666666666667,1.0,0.9107843137254903,0.07655155531996283,0.9333333333333332,0.8450000000000001,0.9729166666666667,0.9339016103721987,0.06639833539456139,0.9504662004662006,0.8863636363636364,1.0,0.9339016103721987,0.06639833539456139,0.9504662004662006,0.8863636363636364,1.0,0.9972416368127152,0.005511567481699999,1.0,0.9969749000999002,1.0,1.0,0.0,1.0,1.0,1.0,1.022500596502248,0.5053871123231735,0.9139959514141083,0.7041873633861542,1.2578326761722565,0.022099729470589996,0.00516922410405782,0.019682109500081424,0.01842393850006374,0.023579595999763114,128.0,0.0,128.0,128.0,128.0,1.0,0.0,1.0,1.0,1.0
proposed_dp_eps4_sparse_diverse,DP-CounterGAN epsilon=4 + full-budget sparse-diverse pruning/MMR,128,no_disease_to_disease,high_confidence,33.0,0.015151515151515152,0.061852708718030884,0.0,0.0,0.0,0.06060606060606061,0.24230584229877988,0.0,0.0,0.0,0.0,0.0,0.0,0.0,0.0,0.015151515151515152,0.061852708718030884,0.0,0.0,0.0,0.0,0.0,0.0,0.0,0.0,0.18461541086435318,0.008264586061213339,0.18461541086435318,0.1816934384405613,0.18753738328814507,0.20370370370370372,0.026189140043946187,0.20370370370370372,0.19444444444444445,0.21296296296296297,0.20370370370370372,0.026189140043946187,0.20370370370370372,0.19444444444444445,0.21296296296296297,0.06273077428340912,0.018837670919201747,0.06273077428340912,0.05607065185904503,0.06939089670777321,0.4352907639625416,0.19035314952814616,0.4352907639625416,0.36799076253675717,0.5025907653883261,0.4352907639625416,0.19035314952814616,0.4352907639625416,0.36799076253675717,0.5025907653883261,0.5,0.7071067811865476,0.5,0.25,0.75,0.26666666666666666,0.09428090415820632,0.26666666666666666,0.23333333333333334,0.3,0.8660968660968661,0.1369893479221801,0.8660968660968661,0.8176638176638177,0.9145299145299145,0.8660968660968661,0.1369893479221801,0.8660968660968661,0.8176638176638177,0.9145299145299145,0.9987745098039216,0.001733104855849375,0.9987745098039216,0.9981617647058824,0.9993872549019608,1.0,0.0,1.0,1.0,1.0,0.16320396214723587,0.03983761214427002,0.16320396214723587,0.14911923930048943,0.17728868499398232,0.014067077636465194,0.0011196999632221327,0.013627013000586885,0.01346167100018647,0.014180491999468359,128.0,0.0,128.0,128.0,128.0,1.0,0.0,1.0,1.0,1.0
proposed_dp_eps4_sparse_diverse,DP-CounterGAN epsilon=4 + full-budget sparse-diverse pruning/MMR,128,no_disease_to_disease,medium_confidence,33.0,0.07575757575757576,0.21798839279635818,0.0,0.0,0.0,0.18181818181818182,0.39167472590032004,0.0,0.0,0.0,0.030303030303030304,0.17407765595569794,0.0,0.0,0.0,0.07575757575757576,0.21798839279635818,0.0,0.0,0.0,0.030303030303030304,0.17407765595569794,0.0,0.0,0.0,0.11610173930724461,0.040471541774777714,0.12852636352181435,0.08826624788343906,0.13888737559318542,0.5607142857142858,0.17881905229686434,0.5833333333333334,0.40972222222222227,0.6884920634920635,0.5607142857142858,0.17881905229686434,0.5833333333333334,0.40972222222222227,0.6884920634920635,0.03553707183649143,0.039589083428543344,0.025137905962765217,0.0026194588281214237,0.05987577512860298,0.3118147868958432,0.042910264865239,0.32136300281933095,0.2975891291453572,0.3305751447397235,0.3118147868958432,0.042910264865239,0.32136300281933095,0.2975891291453572,0.3305751447397235,0.8166666666666668,0.4020779360604939,1.0,0.925,1.0,0.051428571428571435,0.07395530917454163,0.014285714285714287,0.0,0.08214285714285716,0.8977909064115961,0.0413366083590039,0.8846153846153846,0.8802447552447552,0.9194297082228117,0.8977909064115961,0.0413366083590039,0.8846153846153846,0.8802447552447552,0.9194297082228117,0.9935286935286936,0.010189747162591462,0.9990384615384615,0.9905906593406593,1.0,1.0,0.0,1.0,1.0,1.0,0.33110807339350384,0.09273687833488614,0.3313782811164856,0.31945323199033737,0.3740752637386322,0.015673774333250054,0.006586865836995262,0.014071371999307303,0.013641473000461701,0.01511531100004504,128.0,0.0,128.0,128.0,128.0,1.0,0.0,1.0,1.0,1.0
proposed_dp_eps4_sparse_diverse,DP-CounterGAN epsilon=4 + full-budget sparse-diverse pruning/MMR,128,no_disease_to_disease,near_boundary,34.0,0.3441176470588236,0.3569153846506991,0.2,0.0,0.7,0.7058823529411765,0.4624972900628804,1.0,0.0,1.0,0.08823529411764706,0.28790224128123637,0.0,0.0,0.0,0.32647058823529407,0.34492759321817074,0.2,0.0,0.6,0.08823529411764706,0.28790224128123637,0.0,0.0,0.0,0.07763215647234271,0.03780393582169358,0.07436323538422585,0.0530296266078949,0.09883557818830013,0.5893610376249265,0.1907054272688852,0.5861111111111111,0.4404761904761905,0.7037037037037038,0.5893610376249265,0.1907054272688852,0.5861111111111111,0.4404761904761905,0.7037037037037038,0.040763186678911247,0.027327626782205,0.04509817995131016,0.017800165805965662,0.060819036327302456,0.3176631452998951,0.09240569530113894,0.30766448688192644,0.2524759635427301,0.37693903478896484,0.3176631452998951,0.09240569530113894,0.30766448688192644,0.2524759635427301,0.37693903478896484,0.8644675925925925,0.28417628131347594,1.0,0.8854166666666666,1.0,0.14319775132275134,0.08296806958264757,0.1380952380952381,0.08571428571428573,0.2,0.9441089349135326,0.07739616659283004,0.9663299663299663,0.9259259259259259,1.0,0.9441089349135326,0.07739616659283004,0.9663299663299663,0.9259259259259259,1.0,0.9953562767699672,0.0059320886159199854,0.9978918650793651,0.9920634920634921,1.0,1.0,0.0,1.0,1.0,1.0,0.312060138831536,0.1389841858774083,0.2857830822467804,0.22044305875897408,0.41099774837493896,0.017876755529521365,0.0075333143931146885,0.015609955500167416,0.014131490999716334,0.019189199250376987,128.0,0.0,128.0,128.0,128.0,1.0,0.0,1.0,1.0,1.0
proposed_dp_eps4_sparse_diverse,DP-CounterGAN epsilon=4 + full-budget sparse-diverse pruning/MMR,256,disease_to_no_disease,high_confidence,33.0,0.6181818181818182,0.44753110607989144,1.0,0.0,1.0,0.7272727272727273,0.45226701686664567,1.0,0.0,1.0,0.5151515151515151,0.5075192189225524,1.0,0.0,1.0,0.5878787878787879,0.45191092579012165,0.9,0.0,1.0,0.3939393939393939,0.49619766344887317,0.0,0.0,1.0,0.13451739493757486,0.04584602961060775,0.11984870582818985,0.10401606559753418,0.1669103428721428,0.48580246913580244,0.15100966988639114,0.538888888888889,0.37500000000000006,0.6027777777777777,0.48580246913580244,0.15100966988639114,0.538888888888889,0.37500000000000006,0.6027777777777777,0.06293349519061546,0.018650085803827855,0.06525875255465508,0.04538285452872515,0.07867085747420788,0.3581665557848123,0.08175176796575268,0.3587520129686106,0.31645306779507437,0.4185086465594058,0.3581665557848123,0.08175176796575268,0.3587520129686106,0.31645306779507437,0.4185086465594058,0.4996031746031746,0.3750550695156789,0.55,0.17500000000000002,0.8142857142857143,0.8897883597883598,0.09073464068868496,0.9000000000000001,0.8592857142857142,0.96,0.9316681775015109,0.05276535205049225,0.9363636363636364,0.8878205128205128,0.9696969696969697,0.9316681775015109,0.05276535205049225,0.9363636363636364,0.8878205128205128,0.9696969696969697,0.99632511007511,0.003909686580262569,0.9970238095238095,0.9937864219114219,1.0,1.0,0.0,1.0,1.0,1.0,0.3450119312231739,0.20445710959736169,0.3379441946744919,0.22561710700392723,0.37557680159807205,0.04617439781822847,0.01656334719007941,0.04465043100026378,0.02994621800007735,0.058346124999843596,256.0,0.0,256.0,256.0,256.0,2.0,0.0,2.0,2.0,2.0
proposed_dp_eps4_sparse_diverse,DP-CounterGAN epsilon=4 + full-budget sparse-diverse pruning/MMR,256,disease_to_no_disease,medium_confidence,33.0,0.9000000000000001,0.25495097567963915,1.0,1.0,1.0,1.0,0.0,1.0,1.0,1.0,0.7878787878787878,0.41514875026728043,1.0,1.0,1.0,0.8848484848484848,0.25139760853229604,1.0,0.9,1.0,0.6363636363636364,0.488504210459197,1.0,0.0,1.0,0.10987209867347371,0.034527361165815736,0.10393086820840836,0.091180719435215,0.12198307365179062,0.5854831382609161,0.11867347175647291,0.625,0.5555555555555556,0.6555555555555557,0.5854831382609161,0.11867347175647291,0.625,0.5555555555555556,0.6555555555555557,0.07057170767449972,0.028941541606495404,0.08062892407178879,0.05361092835664749,0.0881425142288208,0.3546736096728399,0.08871339512465808,0.36244131157392867,0.28460265758523484,0.43457016352428846,0.3546736096728399,0.08871339512465808,0.36244131157392867,0.28460265758523484,0.43457016352428846,0.5544131794131795,0.3683845777995736,0.5,0.3,0.9,0.8963251563251563,0.07323866244951327,0.9,0.86,0.9400000000000001,0.9310522636541445,0.050643907530549,0.9393939393939394,0.9090909090909091,0.9655172413793104,0.9310522636541445,0.050643907530549,0.9393939393939394,0.9090909090909091,0.9655172413793104,0.9932691880229759,0.006972347714756229,0.9946428571428572,0.9902597402597403,0.9988636363636363,1.0,0.0,1.0,1.0,1.0,0.46905699372291565,0.26789341886424917,0.4491709768772125,0.3018977642059326,0.6005944013595581,0.05438906648481806,0.016013821221544645,0.055984697999519994,0.04148376000011922,0.061205513999993855,256.0,0.0,256.0,256.0,256.0,2.0,0.0,2.0,2.0,2.0
proposed_dp_eps4_sparse_diverse,DP-CounterGAN epsilon=4 + full-budget sparse-diverse pruning/MMR,256,disease_to_no_disease,near_boundary,34.0,0.9970588235294118,0.01714985851425088,1.0,1.0,1.0,1.0,0.0,1.0,1.0,1.0,0.9705882352941176,0.17149858514250882,1.0,1.0,1.0,0.9882352941176471,0.032703497008386415,1.0,1.0,1.0,0.8823529411764706,0.3270349700838644,1.0,1.0,1.0,0.08789467537666068,0.02430719651385578,0.0828426331281662,0.06961827725172043,0.1021757461130619,0.6407407407407409,0.09347058477527408,0.6555555555555557,0.5916666666666667,0.7222222222222222,0.6407407407407409,0.09347058477527408,0.6555555555555557,0.5916666666666667,0.7222222222222222,0.07534533837700591,0.01765079149413381,0.07484525069594383,0.06809239089488983,0.08770171739161015,0.3040453337053247,0.11221706708721411,0.3347151291587485,0.22124401633630525,0.3761017041382921,0.3040453337053247,0.11221706708721411,0.3347151291587485,0.22124401633630525,0.3761017041382921,0.6901960784313727,0.2916953130826599,0.7,0.5,1.0,0.8928104575163398,0.0791103900839715,0.9099999999999999,0.8450000000000001,0.9516666666666667,0.9070409982174689,0.08602335161602778,0.9393939393939394,0.8257575757575758,0.9696969696969697,0.9070409982174689,0.08602335161602778,0.9393939393939394,0.8257575757575758,0.9696969696969697,0.9928916358695768,0.0053241539356452304,0.9939430014430015,0.9908432539682539,0.9964285714285716,1.0,0.0,1.0,1.0,1.0,0.8053832816727021,0.34350767661854925,0.7480427920818329,0.5846382975578308,1.0649529993534088,0.05589058982348112,0.013777846183525129,0.05335549549999996,0.042675022000139506,0.0640499527501106,256.0,0.0,256.0,256.0,256.0,2.0,0.0,2.0,2.0,2.0
proposed_dp_eps4_sparse_diverse,DP-CounterGAN epsilon=4 + full-budget sparse-diverse pruning/MMR,256,no_disease_to_disease,high_confidence,33.0,0.03333333333333333,0.15942605391424147,0.0,0.0,0.0,0.06060606060606061,0.24230584229877988,0.0,0.0,0.0,0.0,0.0,0.0,0.0,0.0,0.03333333333333333,0.15942605391424147,0.0,0.0,0.0,0.0,0.0,0.0,0.0,0.0,0.18028869479894638,0.014907961984318754,0.18028869479894638,0.17501793429255486,0.1855594553053379,0.3487654320987654,0.05674313676188342,0.3487654320987654,0.3287037037037037,0.3688271604938272,0.3487654320987654,0.05674313676188342,0.3487654320987654,0.3287037037037037,0.3688271604938272,0.05535175837576389,0.014096653589730269,0.05535175837576389,0.05036783870309591,0.06033567804843187,0.45355695337122637,0.16214994115694747,0.45355695337122637,0.39622829189068776,0.510885614851765,0.45355695337122637,0.16214994115694747,0.45355695337122637,0.39622829189068776,0.510885614851765,0.5,0.7071067811865476,0.5,0.25,0.75,0.24444444444444446,0.06285393610547091,0.24444444444444446,0.22222222222222224,0.2666666666666667,0.8371794871794872,0.04170116914689897,0.8371794871794872,0.8224358974358974,0.851923076923077,0.8371794871794872,0.04170116914689897,0.8371794871794872,0.8224358974358974,0.851923076923077,0.9987654320987654,0.00174594266959639,0.9987654320987654,0.9981481481481482,0.9993827160493827,1.0,0.0,1.0,1.0,1.0,0.1943608745932579,0.000979882617741903,0.1943608745932579,0.19401443377137184,0.19470731541514397,0.029458665151540834,0.00723740189761935,0.02777964799952315,0.0273480779997044,0.0295081719996233,256.0,0.0,256.0,256.0,256.0,2.0,0.0,2.0,2.0,2.0
proposed_dp_eps4_sparse_diverse,DP-CounterGAN epsilon=4 + full-budget sparse-diverse pruning/MMR,256,no_disease_to_disease,medium_confidence,33.0,0.13939393939393938,0.2882483672323596,0.0,0.0,0.1,0.2727272727272727,0.4522670168666456,0.0,0.0,1.0,0.06060606060606061,0.2423058422987799,0.0,0.0,0.0,0.13030303030303034,0.2855749118935876,0.0,0.0,0.0,0.06060606060606061,0.2423058422987799,0.0,0.0,0.0,0.11780985072255135,0.04056667271060491,0.1361113041639328,0.08662089705467224,0.1388477236032486,0.5583774250440918,0.11111615004951018,0.5555555555555556,0.48888888888888893,0.6444444444444445,0.5583774250440918,0.11111615004951018,0.5555555555555556,0.48888888888888893,0.6444444444444445,0.041400901766286954,0.028219512312227486,0.042222220450639725,0.029222318902611732,0.06080741435289383,0.30497523569873913,0.042524115542971766,0.3020822780225275,0.28967395317514966,0.3335399752570632,0.30497523569873913,0.042524115542971766,0.3020822780225275,0.28967395317514966,0.3335399752570632,0.8555555555555556,0.2603416558635552,1.0,0.8,1.0,0.12095238095238095,0.09536182439016365,0.12,0.04,0.16,0.8856761941053128,0.07309515667185564,0.8888888888888888,0.8461538461538461,0.9259259259259259,0.8856761941053128,0.07309515667185564,0.8888888888888888,0.8461538461538461,0.9259259259259259,0.9915114559162179,0.006069772830594171,0.9914285714285714,0.9866666666666667,0.9974489795918368,1.0,0.0,1.0,1.0,1.0,0.2867043341199557,0.1712099787504677,0.2740061283111572,0.1831471174955368,0.3535955250263214,0.03234936769684171,0.01511147283379523,0.028745497000272735,0.027379190999454295,0.03187283899933391,256.0,0.0,256.0,256.0,256.0,2.0,0.0,2.0,2.0,2.0
proposed_dp_eps4_sparse_diverse,DP-CounterGAN epsilon=4 + full-budget sparse-diverse pruning/MMR,256,no_disease_to_disease,near_boundary,34.0,0.6,0.38217876191725525,0.6,0.3,1.0,0.8529411764705882,0.3594906279535709,1.0,1.0,1.0,0.38235294117647056,0.4932702180563816,0.0,0.0,1.0,0.5764705882352942,0.37421337579499464,0.6,0.3,1.0,0.3235294117647059,0.4748580799338171,0.0,0.0,1.0,0.07410518015766966,0.033130646935460466,0.06270769238471985,0.04833993315696716,0.0935206264257431,0.6428662652800585,0.11140372159594238,0.6777777777777778,0.5333333333333334,0.7222222222222223,0.6428662652800585,0.11140372159594238,0.6777777777777778,0.5333333333333334,0.7222222222222223,0.05114923212034949,0.020235787462339776,0.050330307334661484,0.04329841211438179,0.06065008416771889,0.31548559458374886,0.07690249246075866,0.29816755251489957,0.2654741433859108,0.3443756851419986,0.31548559458374886,0.07690249246075866,0.29816755251489957,0.2654741433859108,0.3443756851419986,0.8464696223316913,0.25234133681000603,1.0,0.8,1.0,0.16863711001642034,0.09393873177658328,0.16,0.12,0.20000000000000004,0.9064009712047761,0.07674762831674321,0.9090909090909091,0.8518518518518519,0.9696969696969697,0.9064009712047761,0.07674762831674321,0.9090909090909091,0.8518518518518519,0.9696969696969697,0.992102590440029,0.006511174332297858,0.9922222222222222,0.9875,0.9981060606060606,1.0,0.0,1.0,1.0,1.0,0.34205968883530846,0.12561610062375797,0.35101431608200073,0.24670545756816864,0.41453710198402405,0.04303535267640387,0.019408301446748828,0.03430713999978252,0.029798884499768974,0.05090646799976639,256.0,0.0,256.0,256.0,256.0,2.0,0.0,2.0,2.0,2.0
proposed_dp_eps4_sparse_diverse,DP-CounterGAN epsilon=4 + full-budget sparse-diverse pruning/MMR,512,disease_to_no_disease,high_confidence,33.0,0.6606060606060605,0.4457713777398917,1.0,0.1,1.0,0.7575757575757576,0.4351941398892447,1.0,1.0,1.0,0.6060606060606061,0.49619766344887317,1.0,0.0,1.0,0.6242424242424243,0.44372732549837335,0.9,0.1,1.0,0.42424242424242425,0.5018903659106633,0.0,0.0,1.0,0.13221534103155136,0.05311196690428073,0.1132776141166687,0.08877198398113251,0.16820499300956726,0.5298518518518519,0.17504026579677534,0.6,0.38888888888888895,0.688888888888889,0.5298518518518519,0.17504026579677534,0.6,0.38888888888888895,0.688888888888889,0.05887265145778656,0.019761888036198282,0.06026962772011757,0.04518037289381027,0.07626789063215256,0.36466794829087545,0.08469176976830516,0.3594674481937895,0.30646666063428635,0.41989824381746477,0.36466794829087545,0.08469176976830516,0.3594674481937895,0.30646666063428635,0.41989824381746477,0.5153333333333333,0.37105704862370326,0.5,0.2,0.8,0.8992000000000001,0.08803029781463502,0.9000000000000001,0.8600000000000001,0.96,0.908111888111888,0.07224289121913965,0.9393939393939394,0.8787878787878788,0.9696969696969697,0.908111888111888,0.07224289121913965,0.9393939393939394,0.8787878787878788,0.9696969696969697,0.9924845262580555,0.006464887294717163,0.9939285714285715,0.9903571428571428,0.9977272727272727,1.0,0.0,1.0,1.0,1.0,0.3196390625834465,0.1884539133784405,0.28251025080680847,0.21413257718086243,0.36324605345726013,0.10385754878789709,0.03729199800036963,0.10341147199960687,0.06837413700031902,0.1356734780001716,512.0,0.0,512.0,512.0,512.0,4.0,0.0,4.0,4.0,4.0
proposed_dp_eps4_sparse_diverse,DP-CounterGAN epsilon=4 + full-budget sparse-diverse pruning/MMR,512,disease_to_no_disease,medium_confidence,33.0,0.9424242424242425,0.2194172723236239,1.0,1.0,1.0,0.9696969696969697,0.174077655955698,1.0,1.0,1.0,0.9090909090909091,0.2919371040605713,1.0,1.0,1.0,0.906060606060606,0.22070822642602428,1.0,0.9,1.0,0.6363636363636364,0.48850421045919706,1.0,0.0,1.0,0.10121613973751664,0.03396139405898073,0.09726285561919212,0.07309038378298283,0.11958436667919159,0.6464891975308642,0.12400737813810436,0.6888888888888889,0.5888888888888889,0.7388888888888889,0.6464891975308642,0.12400737813810436,0.6888888888888889,0.5888888888888889,0.7388888888888889,0.0767815750441514,0.023545182334525794,0.08088145405054092,0.062451320700347424,0.08901948295533657,0.3504869138057711,0.09017396031839578,0.3465760470204535,0.2850465158215363,0.4349230713354043,0.3504869138057711,0.09017396031839578,0.3465760470204535,0.2850465158215363,0.4349230713354043,0.5951388888888889,0.36998000634841155,0.7,0.3,1.0,0.8977083333333333,0.07187423055533289,0.9,0.855,0.96,0.9249344405594406,0.06376148028451514,0.9393939393939394,0.8787878787878788,0.9696969696969697,0.9249344405594406,0.06376148028451514,0.9393939393939394,0.8787878787878788,0.9696969696969697,0.9891715446012321,0.0085565420996241,0.9916865079365079,0.9862500000000001,0.9957142857142858,1.0,0.0,1.0,1.0,1.0,0.377178234513849,0.20193232531004335,0.3238633722066879,0.2392299734055996,0.40495388209819794,0.1347658903940266,0.031080241007605026,0.13719030199990812,0.123691090999273,0.1589595890000055,512.0,0.0,512.0,512.0,512.0,4.0,0.0,4.0,4.0,4.0
proposed_dp_eps4_sparse_diverse,DP-CounterGAN epsilon=4 + full-budget sparse-diverse pruning/MMR,512,disease_to_no_disease,near_boundary,34.0,1.0,0.0,1.0,1.0,1.0,1.0,0.0,1.0,1.0,1.0,1.0,0.0,1.0,1.0,1.0,0.9764705882352942,0.04959730887990134,1.0,1.0,1.0,0.7941176470588235,0.4104256301219048,1.0,1.0,1.0,0.07439947939094375,0.023912847946430053,0.06903500109910965,0.05488977674394846,0.09482722170650959,0.7179738562091503,0.10061593722126345,0.7666666666666668,0.65,0.8,0.7179738562091503,0.10061593722126345,0.7666666666666668,0.65,0.8,0.07579255147891886,0.017027552160479856,0.07383603602647781,0.06591842509806156,0.08756926469504833,0.30261527118409276,0.1153614236149038,0.32747647649837686,0.20038688092417947,0.38958678084749704,0.30261527118409276,0.1153614236149038,0.32747647649837686,0.20038688092417947,0.38958678084749704,0.7323529411764704,0.3072069564349031,0.8,0.7,1.0,0.878235294117647,0.08125793530425734,0.9,0.8400000000000001,0.935,0.9242424242424242,0.0783309488050299,0.9393939393939394,0.8787878787878788,1.0,0.9242424242424242,0.0783309488050299,0.9393939393939394,0.8787878787878788,1.0,0.9900924912505795,0.008401617391379417,0.9929166666666667,0.9869146825396826,0.9958035714285713,1.0,0.0,1.0,1.0,1.0,0.6376973929650643,0.2911478761393961,0.6201832294464111,0.3844091296195984,0.7932515740394592,0.13456763673537567,0.018259061432199936,0.13446262549950916,0.12476798099987718,0.14158282874996075,512.0,0.0,512.0,512.0,512.0,4.0,0.0,4.0,4.0,4.0
proposed_dp_eps4_sparse_diverse,DP-CounterGAN epsilon=4 + full-budget sparse-diverse pruning/MMR,512,no_disease_to_disease,high_confidence,33.0,0.03636363636363636,0.17645499039801532,0.0,0.0,0.0,0.06060606060606061,0.24230584229877988,0.0,0.0,0.0,0.030303030303030304,0.17407765595569796,0.0,0.0,0.0,0.027272727272727275,0.13980505908390636,0.0,0.0,0.0,0.0,0.0,0.0,0.0,0.0,0.16979607939720154,0.004314425368090434,0.16979607939720154,0.16827069967985153,0.17132145911455154,0.40555555555555556,0.02357022603955158,0.40555555555555556,0.39722222222222225,0.41388888888888886,0.40555555555555556,0.02357022603955158,0.40555555555555556,0.39722222222222225,0.41388888888888886,0.04989520274102688,0.004534582065465121,0.04989520274102688,0.048291985876858234,0.05149841960519552,0.44239891618619853,0.15540144699783526,0.44239891618619853,0.387456207697013,0.4973416246753841,0.44239891618619853,0.15540144699783526,0.44239891618619853,0.387456207697013,0.4973416246753841,0.5,0.7071067811865476,0.5,0.25,0.75,0.28,0.028284271247461926,0.28,0.27,0.29000000000000004,0.8473193473193473,0.0016482675552134203,0.8473193473193473,0.8467365967365967,0.8479020979020979,0.8473193473193473,0.0016482675552134203,0.8473193473193473,0.8467365967365967,0.8479020979020979,0.9900495337995338,0.001998524410696166,0.9900495337995338,0.9893429487179487,0.9907561188811188,1.0,0.0,1.0,1.0,1.0,0.16222111880779266,0.03231548496642459,0.16222111880779266,0.15079586952924728,0.17364636808633804,0.059901799060560625,0.01975547605403661,0.05558550500063575,0.05507880200002546,0.05791937100002542,512.0,0.0,512.0,512.0,512.0,4.0,0.0,4.0,4.0,4.0
proposed_dp_eps4_sparse_diverse,DP-CounterGAN epsilon=4 + full-budget sparse-diverse pruning/MMR,512,no_disease_to_disease,medium_confidence,33.0,0.33939393939393936,0.42861651999441325,0.0,0.0,0.8,0.48484848484848486,0.5075192189225524,0.0,0.0,1.0,0.24242424242424243,0.4351941398892447,0.0,0.0,0.0,0.3303030303030303,0.41644691174629955,0.0,0.0,0.7,0.18181818181818182,0.39167472590032004,0.0,0.0,0.0,0.10074093658477068,0.029360610856892386,0.10948077589273453,0.07567920908331871,0.11730080842971802,0.6382523148148149,0.09378291603221865,0.6111111111111112,0.5756944444444445,0.7013888888888891,0.6382523148148149,0.09378291603221865,0.6111111111111112,0.5756944444444445,0.7013888888888891,0.04300361359491944,0.02419467393863639,0.04029950127005577,0.03396029770374298,0.058610668405890465,0.3023360302019971,0.06199457141068246,0.31394950766117935,0.24884143855355753,0.3547101911291541,0.3023360302019971,0.06199457141068246,0.31394950766117935,0.24884143855355753,0.3547101911291541,0.5854166666666667,0.3919030019825862,0.7,0.25,0.925,0.09781250000000001,0.07220525976019364,0.07750000000000001,0.04,0.16250000000000003,0.9014099326599327,0.0729092969824481,0.9245014245014245,0.8479020979020979,0.9646464646464646,0.9014099326599327,0.0729092969824481,0.9245014245014245,0.8479020979020979,0.9646464646464646,0.9943232736592111,0.006151516517117174,0.993975468975469,0.9926190476190476,1.0,1.0,0.0,1.0,1.0,1.0,0.29093525977805257,0.14263441840082758,0.2605409324169159,0.19101542606949806,0.35356054455041885,0.07583031403026491,0.038853987700498575,0.057573916999899666,0.05602043999988382,0.0634320339995611,512.0,0.0,512.0,512.0,512.0,4.0,0.0,4.0,4.0,4.0
proposed_dp_eps4_sparse_diverse,DP-CounterGAN epsilon=4 + full-budget sparse-diverse pruning/MMR,512,no_disease_to_disease,near_boundary,34.0,0.8441176470588235,0.3086541424947094,1.0,0.8500000000000001,1.0,0.9411764705882353,0.2388325736106129,1.0,1.0,1.0,0.7352941176470589,0.44781107551989907,1.0,0.25,1.0,0.8205882352941176,0.3042919369416491,1.0,0.8250000000000001,1.0,0.5588235294117647,0.5039947372613783,1.0,0.0,1.0,0.07068989367689937,0.030167044220579312,0.06584177911281586,0.046520872972905636,0.08710937760770321,0.667013888888889,0.12293444730963154,0.6888888888888889,0.5666666666666668,0.7611111111111112,0.667013888888889,0.12293444730963154,0.6888888888888889,0.5666666666666668,0.7611111111111112,0.05377514654537663,0.012906139910429944,0.05358644761145115,0.04723608214408159,0.06283762585371733,0.3227470361901351,0.07574235560502181,0.314749220426634,0.27507117194096586,0.356762518565978,0.3227470361901351,0.07574235560502181,0.314749220426634,0.27507117194096586,0.356762518565978,0.80078125,0.2966536738652362,0.9,0.7875000000000001,1.0,0.1653125,0.07565773418451999,0.14500000000000002,0.12,0.24,0.9152462121212122,0.06254471785476469,0.9230769230769231,0.8787878787878788,0.9696969696969697,0.9152462121212122,0.06254471785476469,0.9230769230769231,0.8787878787878788,0.9696969696969697,0.9873405609147797,0.009451406364861718,0.9904365079365081,0.9843303571428572,0.9935119047619048,1.0,0.0,1.0,1.0,1.0,0.327615880407393,0.11629228790874731,0.3063654899597168,0.23944847658276558,0.4149540811777115,0.10626426752953515,0.04112331667190284,0.0993771134999406,0.07158931275012037,0.13217283500034682,512.0,0.0,512.0,512.0,512.0,4.0,0.0,4.0,4.0,4.0
proposed_dp_eps4_sparse_diverse,DP-CounterGAN epsilon=4 + full-budget sparse-diverse pruning/MMR,1024,disease_to_no_disease,high_confidence,33.0,0.790909090909091,0.38597574111240823,1.0,1.0,1.0,0.8484848484848485,0.36410954062720957,1.0,1.0,1.0,0.7575757575757576,0.4351941398892447,1.0,1.0,1.0,0.7575757575757576,0.38163325247407276,1.0,0.8,1.0,0.5151515151515151,0.5075192189225524,1.0,0.0,1.0,0.1290095682655062,0.04426953274516668,0.12462823837995529,0.08978662453591824,0.16747066378593445,0.5423280423280424,0.14895759176052983,0.5666666666666667,0.40555555555555556,0.675,0.5423280423280424,0.14895759176052983,0.5666666666666667,0.40555555555555556,0.675,0.06466835291524019,0.01938040267813002,0.06514351442456245,0.051194699481129646,0.07750129327178001,0.37032583023159527,0.08746358995607874,0.3746698278552901,0.30965544541547013,0.426314545331544,0.37032583023159527,0.08746358995607874,0.3746698278552901,0.30965544541547013,0.426314545331544,0.4690476190476191,0.36468923254130997,0.45,0.1,0.8,0.8985714285714287,0.08127294140912465,0.92,0.8550000000000001,0.9400000000000001,0.9097661597661597,0.07797513321557535,0.9393939393939394,0.8461538461538461,0.9696969696969697,0.9097661597661597,0.07797513321557535,0.9393939393939394,0.8461538461538461,0.9696969696969697,0.9941871570889428,0.004991886380217743,0.9961309523809524,0.9907142857142857,0.9981112637362637,1.0,0.0,1.0,1.0,1.0,0.288009000942111,0.13315283776570985,0.2878512442111969,0.20479067042469978,0.32367393374443054,0.24742554993934557,0.08718475689051482,0.26470634900033474,0.19444343200029834,0.31135607099986373,1024.0,0.0,1024.0,1024.0,1024.0,8.0,0.0,8.0,8.0,8.0
proposed_dp_eps4_sparse_diverse,DP-CounterGAN epsilon=4 + full-budget sparse-diverse pruning/MMR,1024,disease_to_no_disease,medium_confidence,33.0,0.9272727272727274,0.2322077831285044,1.0,1.0,1.0,0.9696969696969697,0.174077655955698,1.0,1.0,1.0,0.8787878787878788,0.3314339826398083,1.0,1.0,1.0,0.8909090909090909,0.24026500520731836,1.0,0.9,1.0,0.5757575757575758,0.5018903659106633,1.0,0.0,1.0,0.10166934155859053,0.036862921865164704,0.09484661743044853,0.07619388960301876,0.11495057493448257,0.6499228395061729,0.12447763424171886,0.6944444444444445,0.5972222222222222,0.7444444444444445,0.6499228395061729,0.12447763424171886,0.6944444444444445,0.5972222222222222,0.7444444444444445,0.07612386206164956,0.026815659634558276,0.08184385672211647,0.060754336416721344,0.09134211204946041,0.35471822436393685,0.09024527971197939,0.35439041129175386,0.3012131889043291,0.43448389954843264,0.35471822436393685,0.09024527971197939,0.35439041129175386,0.3012131889043291,0.43448389954843264,0.6,0.3636730186804199,0.6499999999999999,0.3,1.0,0.8936805555555556,0.0822389005171132,0.9,0.8350000000000001,0.96,0.9233407795907795,0.06969374284978053,0.9393939393939394,0.8787878787878788,0.9696969696969697,0.9233407795907795,0.06969374284978053,0.9393939393939394,0.8787878787878788,0.9696969696969697,0.9880881587066483,0.010053145545009485,0.9907669953503286,0.9842261904761905,0.9946680402930403,1.0,0.0,1.0,1.0,1.0,0.3484398094005883,0.1833697341575765,0.2938265949487686,0.23058954626321793,0.4190714955329895,0.2918605560909341,0.06342084390134635,0.3125902439996935,0.26561188399955427,0.33938389200011443,1024.0,0.0,1024.0,1024.0,1024.0,8.0,0.0,8.0,8.0,8.0
proposed_dp_eps4_sparse_diverse,DP-CounterGAN epsilon=4 + full-budget sparse-diverse pruning/MMR,1024,disease_to_no_disease,near_boundary,34.0,1.0,0.0,1.0,1.0,1.0,1.0,0.0,1.0,1.0,1.0,1.0,0.0,1.0,1.0,1.0,0.9647058823529411,0.06911717297975237,1.0,0.925,1.0,0.7352941176470589,0.44781107551989907,1.0,0.25,1.0,0.07123988187488388,0.023911426015954564,0.0670749619603157,0.05099065974354744,0.08749180845916271,0.731045751633987,0.10197376524058335,0.7833333333333334,0.6694444444444445,0.8083333333333333,0.731045751633987,0.10197376524058335,0.7833333333333334,0.6694444444444445,0.8083333333333333,0.07695232014007428,0.01746265966741562,0.07755852863192558,0.06299429200589657,0.08938924223184586,0.3008196702648236,0.11211239132936585,0.32658101251687294,0.2082983226956428,0.38330570951181847,0.3008196702648236,0.11211239132936585,0.32658101251687294,0.2082983226956428,0.38330570951181847,0.7411764705882353,0.29451310312860196,0.8500000000000001,0.6,1.0,0.8841176470588236,0.07512081771987021,0.9000000000000001,0.8450000000000001,0.9400000000000001,0.9269162210338681,0.06019957673973221,0.9393939393939394,0.8863636363636364,0.9696969696969697,0.9269162210338681,0.06019957673973221,0.9393939393939394,0.8863636363636364,0.9696969696969697,0.9880620465655068,0.009548182009808876,0.9905952380952381,0.981875,0.9950396825396826,1.0,0.0,1.0,1.0,1.0,0.624182774740107,0.2933300187652293,0.4967176467180252,0.4033437520265579,0.9598030298948288,0.2899696454999899,0.03203053611653439,0.289170238999759,0.2739235859994551,0.30473838549983157,1024.0,0.0,1024.0,1024.0,1024.0,8.0,0.0,8.0,8.0,8.0
proposed_dp_eps4_sparse_diverse,DP-CounterGAN epsilon=4 + full-budget sparse-diverse pruning/MMR,1024,no_disease_to_disease,high_confidence,33.0,0.0787878787878788,0.18834405976426455,0.0,0.0,0.1,0.30303030303030304,0.46669372215943766,0.0,0.0,1.0,0.030303030303030304,0.17407765595569796,0.0,0.0,0.0,0.06060606060606061,0.15194446752718963,0.0,0.0,0.0,0.0,0.0,0.0,0.0,0.0,0.1649685576558113,0.03850620913263933,0.16114985942840576,0.141397625207901,0.17489726841449738,0.4333333333333334,0.13331046900437618,0.4444444444444444,0.39351851851851855,0.5416666666666667,0.4333333333333334,0.13331046900437618,0.4444444444444444,0.39351851851851855,0.5416666666666667,0.01968366210348904,0.02140261724444791,0.01223661215044558,0.0,0.03705036640167236,0.4095067941722393,0.06359318495216869,0.40038029190635704,0.3676165444465749,0.4418042509746412,0.4095067941722393,0.06359318495216869,0.40038029190635704,0.3676165444465749,0.4418042509746412,0.25,0.42491829279939874,0.0,0.0,0.375,0.2126666666666667,0.15970497491420135,0.25,0.05,0.3333333333333333,0.862095312095312,0.051122341927739796,0.8461538461538461,0.8226495726495726,0.8863636363636364,0.862095312095312,0.051122341927739796,0.8461538461538461,0.8226495726495726,0.8863636363636364,0.9958789821289822,0.008613148496055056,1.0,0.9963505244755244,1.0,1.0,0.0,1.0,1.0,1.0,0.16314348801970482,0.0499031806045484,0.1473907306790352,0.13396349549293518,0.19810742512345314,0.1229135385757135,0.043119809679155685,0.11243247500078724,0.11068414400051552,0.11758771899985732,1024.0,0.0,1024.0,1024.0,1024.0,8.0,0.0,8.0,8.0,8.0
proposed_dp_eps4_sparse_diverse,DP-CounterGAN epsilon=4 + full-budget sparse-diverse pruning/MMR,1024,no_disease_to_disease,medium_confidence,33.0,0.6393939393939393,0.4300722279014552,1.0,0.2,1.0,0.8181818181818182,0.3916747259003201,1.0,1.0,1.0,0.5151515151515151,0.5075192189225524,1.0,0.0,1.0,0.6090909090909091,0.42157712547916165,0.9,0.2,1.0,0.36363636363636365,0.48850421045919706,0.0,0.0,1.0,0.09748261477108355,0.023115909399692523,0.09456958621740341,0.0817064419388771,0.11744075268507004,0.6404435299497029,0.08253715015585492,0.6333333333333334,0.5944444444444446,0.6944444444444445,0.6404435299497029,0.08253715015585492,0.6333333333333334,0.5944444444444446,0.6944444444444445,0.04966288349694676,0.021145621885968854,0.046035874634981155,0.03375809267163277,0.06772840768098831,0.30587642038382434,0.063160973104326,0.29670733904416147,0.26186820671466304,0.31742139636282646,0.30587642038382434,0.063160973104326,0.29670733904416147,0.26186820671466304,0.31742139636282646,0.5193415637860083,0.35620390396823115,0.5,0.2,0.9,0.15469135802469136,0.09525610669460911,0.13999999999999999,0.08,0.2,0.8953310222540991,0.05939388904752602,0.9090909090909091,0.8560606060606061,0.9360269360269361,0.8953310222540991,0.05939388904752602,0.9090909090909091,0.8560606060606061,0.9360269360269361,0.9922363627456219,0.006363994772546826,0.9921428571428572,0.9886309523809523,0.9978445165945166,1.0,0.0,1.0,1.0,1.0,0.285939142383911,0.11217677330874362,0.3094162940979004,0.1821330264210701,0.36061689257621765,0.18145573142415247,0.08139091470491173,0.15573372200015,0.11871034599971608,0.22796904299957532,1024.0,0.0,1024.0,1024.0,1024.0,8.0,0.0,8.0,8.0,8.0
proposed_dp_eps4_sparse_diverse,DP-CounterGAN epsilon=4 + full-budget sparse-diverse pruning/MMR,1024,no_disease_to_disease,near_boundary,34.0,0.9088235294117647,0.2416705082981893,1.0,1.0,1.0,0.9705882352941176,0.17149858514250876,1.0,1.0,1.0,0.8529411764705882,0.359490627953571,1.0,1.0,1.0,0.8705882352941176,0.24927702949360392,1.0,0.9,1.0,0.5588235294117647,0.5039947372613783,1.0,0.0,1.0,0.06717674614805164,0.028643165745947025,0.0631287693977356,0.04382181540131569,0.08155841380357742,0.7002244668911337,0.11611029665502126,0.7222222222222223,0.6222222222222221,0.788888888888889,0.7002244668911337,0.11611029665502126,0.7222222222222223,0.6222222222222221,0.788888888888889,0.05473651477333271,0.017202812608611232,0.05486055836081505,0.05041646957397461,0.0619521290063858,0.3308023630165811,0.08001613596407693,0.3180167073554809,0.2692740788000926,0.3731350717830316,0.3308023630165811,0.08001613596407693,0.3180167073554809,0.2692740788000926,0.3731350717830316,0.7515151515151516,0.29803650376381347,0.9,0.6,1.0,0.1696969696969697,0.07592194290283552,0.18,0.12,0.22000000000000003,0.8989035655702323,0.06549220724155506,0.9090909090909091,0.8484848484848485,0.9393939393939394,0.8989035655702323,0.06549220724155506,0.9090909090909091,0.8484848484848485,0.9393939393939394,0.987449604267786,0.00939552050860905,0.9908333333333333,0.9841666666666666,0.9928571428571429,1.0,0.0,1.0,1.0,1.0,0.29230718901663116,0.08307857816204006,0.3028029799461365,0.23025372624397278,0.3529297709465027,0.25493168017652246,0.07326104628478178,0.2663544934998754,0.21781370875009998,0.2999382542504918,1024.0,0.0,1024.0,1024.0,1024.0,8.0,0.0,8.0,8.0,8.0
proposed_dp_eps8_sparse_diverse,Unified DP-CounterGAN epsilon=8 + counted sparse-diverse search,128,disease_to_no_disease,high_confidence,33.0,0.37575757575757573,0.3808135231237717,0.3,0.0,0.6,0.6060606060606061,0.49619766344887317,1.0,0.0,1.0,0.15151515151515152,0.3641095406272096,0.0,0.0,0.0,0.36363636363636365,0.37401385487220074,0.3,0.0,0.6,0.12121212121212122,0.3314339826398084,0.0,0.0,0.0,0.1312919806689024,0.032894156507074265,0.13636468350887299,0.11225133389234543,0.1435876153409481,0.4720370370370371,0.1291968238115939,0.4783950617283951,0.4296296296296296,0.5472222222222223,0.4720370370370371,0.1291968238115939,0.4783950617283951,0.4296296296296296,0.5472222222222223,0.05226376168429851,0.017282891521969584,0.05278655141592026,0.04264003038406372,0.0611963989213109,0.33904065687229623,0.09425231122837435,0.33403222538418936,0.2686184021579034,0.3925650446781334,0.33904065687229623,0.09425231122837435,0.33403222538418936,0.2686184021579034,0.3925650446781334,0.5788888888888889,0.4196118135539966,0.6666666666666666,0.0,1.0,0.8752222222222222,0.09504699429285789,0.9155555555555556,0.8,0.95,0.9430924630924629,0.053098367529961506,0.9393939393939394,0.9252136752136753,1.0,0.9430924630924629,0.053098367529961506,0.9393939393939394,0.9252136752136753,1.0,0.9983932289116113,0.0022070404021791467,0.9995192307692308,0.9972222222222221,1.0,1.0,0.0,1.0,1.0,1.0,0.5383807927370071,0.24961089929641167,0.47511126101017,0.3760254234075546,0.7012310773134232,0.01795603333338284,0.004529948509874459,0.018206937000286416,0.014326197999253054,0.01950333100012358,128.0,0.0,128.0,128.0,128.0,1.0,0.0,1.0,1.0,1.0
proposed_dp_eps8_sparse_diverse,Unified DP-CounterGAN epsilon=8 + counted sparse-diverse search,128,disease_to_no_disease,medium_confidence,33.0,0.6363636363636364,0.32960030891424186,0.6,0.4,1.0,0.9393939393939394,0.24230584229877988,1.0,1.0,1.0,0.36363636363636365,0.4885042104591971,0.0,0.0,1.0,0.6333333333333334,0.3341656275960571,0.6,0.4,1.0,0.36363636363636365,0.4885042104591971,0.0,0.0,1.0,0.13312151907913147,0.04240470908229134,0.13712437450885773,0.11022155731916428,0.15675769746303558,0.4721624850657109,0.14028290857337888,0.48148148148148157,0.37222222222222223,0.5555555555555556,0.4721624850657109,0.14028290857337888,0.48148148148148157,0.37222222222222223,0.5555555555555556,0.06047600381557019,0.015559533647013752,0.06241941079497337,0.053494893014431,0.06929401308298111,0.3473623344606922,0.08671513544409659,0.35166302579456366,0.30635694027991744,0.39869601899176765,0.3473623344606922,0.08671513544409659,0.35166302579456366,0.30635694027991744,0.39869601899176765,0.5403225806451613,0.3737949574979525,0.5,0.2,0.95,0.8877880184331798,0.09363181527263384,0.9,0.8350000000000001,0.955,0.9437988164350789,0.039380372861919345,0.9615384615384616,0.9245014245014245,0.9663299663299663,0.9437988164350789,0.039380372861919345,0.9615384615384616,0.9245014245014245,0.9663299663299663,0.9945040771653677,0.006561662081788996,0.9954545454545455,0.9919108669108669,1.0,1.0,0.0,1.0,1.0,1.0,0.6885374765242299,0.4542208332385867,0.6309272646903992,0.3316536396741867,0.8860316276550293,0.020289899727217606,0.003912560295486332,0.01981743899978028,0.018497267000384454,0.02049883299969224,128.0,0.0,128.0,128.0,128.0,1.0,0.0,1.0,1.0,1.0
proposed_dp_eps8_sparse_diverse,Unified DP-CounterGAN epsilon=8 + counted sparse-diverse search,128,disease_to_no_disease,near_boundary,34.0,0.7352941176470589,0.2661536955620174,0.8,0.5,1.0,1.0,0.0,1.0,1.0,1.0,0.38235294117647056,0.4932702180563816,0.0,0.0,1.0,0.7352941176470589,0.2661536955620174,0.8,0.5,1.0,0.38235294117647056,0.4932702180563816,0.0,0.0,1.0,0.11913224824649446,0.03844603406400468,0.11989973112940788,0.08638386055827141,0.1474200114607811,0.5061624649859944,0.13299780765282682,0.5162037037037037,0.38888888888888895,0.6194444444444446,0.5061624649859944,0.13299780765282682,0.5162037037037037,0.38888888888888895,0.6194444444444446,0.06144562248578843,0.013992784657696964,0.06139993295073509,0.0539493914693594,0.06844502501189709,0.3014096275009362,0.12114138583983809,0.306529072966204,0.19655421474660817,0.4137931857685152,0.3014096275009362,0.12114138583983809,0.306529072966204,0.19655421474660817,0.4137931857685152,0.6250933706816059,0.3334995814554811,0.6833333333333333,0.5,0.9,0.9195518207282914,0.06658190195839331,0.9266666666666667,0.8525,0.97875,0.9133649649876829,0.06537083864960294,0.9245014245014245,0.8787878787878788,0.9629629629629629,0.9133649649876829,0.06537083864960294,0.9245014245014245,0.8787878787878788,0.9629629629629629,0.9975048488865892,0.004124007253224247,0.9990384615384615,0.9966269841269841,1.0,1.0,0.0,1.0,1.0,1.0,1.2131630690658795,0.5560109090738267,1.1543095111846924,0.8644428849220276,1.5329358279705048,0.020259714000022702,0.0034245690894249047,0.019307019500502065,0.01822646400046324,0.020366087750289807,128.0,0.0,128.0,128.0,128.0,1.0,0.0,1.0,1.0,1.0
proposed_dp_eps8_sparse_diverse,Unified DP-CounterGAN epsilon=8 + counted sparse-diverse search,128,no_disease_to_disease,high_confidence,33.0,0.015151515151515152,0.061852708718030884,0.0,0.0,0.0,0.06060606060606061,0.24230584229877988,0.0,0.0,0.0,0.0,0.0,0.0,0.0,0.0,0.015151515151515152,0.061852708718030884,0.0,0.0,0.0,0.0,0.0,0.0,0.0,0.0,0.19846650958061218,0.03547386442670971,0.19846650958061218,0.18592460453510284,0.21100841462612152,0.22222222222222227,0.15713484026367722,0.22222222222222227,0.1666666666666667,0.2777777777777778,0.22222222222222227,0.15713484026367722,0.22222222222222227,0.1666666666666667,0.2777777777777778,0.04613821394741535,0.0030905467417848696,0.04613821394741535,0.045045540668070316,0.04723088722676039,0.44249432864474014,0.18859553490967407,0.44249432864474014,0.3758157378266727,0.5091729194628075,0.44249432864474014,0.18859553490967407,0.44249432864474014,0.3758157378266727,0.5091729194628075,0.5,0.7071067811865476,0.5,0.25,0.75,0.2,2.7755575615628914e-17,0.2,0.2,0.20000000000000004,0.8475783475783476,0.11080020787823391,0.8475783475783476,0.8084045584045585,0.8867521367521367,0.8475783475783476,0.11080020787823391,0.8475783475783476,0.8084045584045585,0.8867521367521367,1.0,0.0,1.0,1.0,1.0,1.0,0.0,1.0,1.0,1.0,0.20138881355524063,0.030277273909149884,0.20138881355524063,0.19068418070673943,0.21209344640374184,0.01404179612128439,0.0007611354019427615,0.013790039000014076,0.01353707599992049,0.014236445000278763,128.0,0.0,128.0,128.0,128.0,1.0,0.0,1.0,1.0,1.0
proposed_dp_eps8_sparse_diverse,Unified DP-CounterGAN epsilon=8 + counted sparse-diverse search,128,no_disease_to_disease,medium_confidence,33.0,0.06060606060606061,0.18360860876364485,0.0,0.0,0.0,0.18181818181818182,0.39167472590032004,0.0,0.0,0.0,0.030303030303030304,0.17407765595569794,0.0,0.0,0.0,0.06060606060606061,0.18360860876364485,0.0,0.0,0.0,0.030303030303030304,0.17407765595569794,0.0,0.0,0.0,0.12529326230287552,0.04601912787275212,0.12706193327903748,0.12368275225162506,0.14491203427314758,0.4962962962962963,0.15817893706713054,0.4444444444444444,0.4444444444444444,0.5277777777777778,0.4962962962962963,0.15817893706713054,0.4444444444444444,0.4444444444444444,0.5277777777777778,0.045879448764026165,0.02676169058917296,0.04001265484839678,0.02494126744568348,0.05942342896014452,0.28491365622069825,0.06952145515348021,0.3021583249609223,0.2822641673433516,0.3250888291533011,0.28491365622069825,0.06952145515348021,0.3021583249609223,0.2822641673433516,0.3250888291533011,1.0,0.0,1.0,1.0,1.0,0.13999999999999999,0.08000000000000002,0.1,0.1,0.13,0.9541569541569542,0.040000072447559286,0.9615384615384616,0.9615384615384616,0.9615384615384616,0.9541569541569542,0.040000072447559286,0.9615384615384616,0.9615384615384616,0.9615384615384616,0.9965532153032154,0.003994412428545292,0.9975961538461539,0.9935897435897436,1.0,1.0,0.0,1.0,1.0,1.0,0.28352659195661545,0.10292363153859746,0.2860720753669739,0.2554501071572304,0.3453805595636368,0.0144100396971198,0.001827180061413688,0.013836335000632971,0.013387566000346851,0.01477340000019467,128.0,0.0,128.0,128.0,128.0,1.0,0.0,1.0,1.0,1.0
proposed_dp_eps8_sparse_diverse,Unified DP-CounterGAN epsilon=8 + counted sparse-diverse search,128,no_disease_to_disease,near_boundary,34.0,0.30882352941176466,0.2957964564899558,0.25,0.025,0.475,0.7352941176470589,0.44781107551989907,1.0,0.25,1.0,0.058823529411764705,0.2388325736106129,0.0,0.0,0.0,0.30294117647058816,0.2917920535167873,0.2,0.025,0.475,0.058823529411764705,0.2388325736106129,0.0,0.0,0.0,0.08652122780680656,0.03145667508415888,0.0877397358417511,0.06004069745540619,0.10430668294429779,0.5811851851851852,0.15529232578330435,0.5833333333333334,0.4444444444444444,0.6944444444444444,0.5811851851851852,0.15529232578330435,0.5833333333333334,0.4444444444444444,0.6944444444444444,0.04369720324873924,0.02401503613148127,0.04712003841996193,0.0424710214138031,0.05673379451036453,0.30165563244669025,0.10100648381848264,0.29034175943444923,0.2307320677643586,0.3726642478981194,0.30165563244669025,0.10100648381848264,0.29034175943444923,0.2307320677643586,0.3726642478981194,0.9259999999999999,0.21021814066979724,1.0,1.0,1.0,0.1202,0.11575868897872882,0.10000000000000002,0.03333333333333333,0.2,0.9388552188552189,0.07165369916655905,0.9615384615384616,0.8846153846153846,1.0,0.9388552188552189,0.07165369916655905,0.9615384615384616,0.8846153846153846,1.0,0.9930656186406188,0.00806212615142112,0.9939435564435565,0.9915824915824917,1.0,1.0,0.0,1.0,1.0,1.0,0.30960278362035754,0.12740146864167326,0.31394875049591064,0.19465892016887665,0.4031239151954651,0.016504854794113594,0.0029527027073568426,0.015932456500195258,0.014260034999779236,0.018040412249774818,128.0,0.0,128.0,128.0,128.0,1.0,0.0,1.0,1.0,1.0
proposed_dp_eps8_sparse_diverse,Unified DP-CounterGAN epsilon=8 + counted sparse-diverse search,256,disease_to_no_disease,high_confidence,33.0,0.5939393939393939,0.4492628642700409,0.9,0.1,1.0,0.7575757575757576,0.4351941398892447,1.0,1.0,1.0,0.48484848484848486,0.5075192189225524,0.0,0.0,1.0,0.5666666666666667,0.450462725057986,0.8,0.0,1.0,0.3939393939393939,0.49619766344887317,0.0,0.0,1.0,0.13690155595541,0.05055915772233529,0.11905841529369354,0.10146015882492065,0.1786097288131714,0.46902292768959436,0.17789072603183156,0.5555555555555556,0.33333333333333337,0.6,0.46902292768959436,0.17789072603183156,0.5555555555555556,0.33333333333333337,0.6,0.057722909674048424,0.024850176545106892,0.0634959414601326,0.043183546513319016,0.07603878527879715,0.3667385298886344,0.08782092724695488,0.382677757926236,0.3125937392158674,0.4306837302134889,0.3667385298886344,0.08782092724695488,0.382677757926236,0.3125937392158674,0.4306837302134889,0.4601904761904761,0.38305935195499596,0.5,0.0,0.8,0.881295238095238,0.10187430193037873,0.9,0.8399999999999999,0.9400000000000001,0.9218147880216846,0.0754760106910821,0.9615384615384616,0.9090909090909091,0.9696969696969697,0.9218147880216846,0.0754760106910821,0.9615384615384616,0.9090909090909091,0.9696969696969697,0.9961930862788005,0.0038442999254802756,0.9968253968253968,0.9939285714285715,0.9986111111111111,1.0,0.0,1.0,1.0,1.0,0.3241703698039055,0.17403287598879827,0.32628437876701355,0.24257272481918335,0.40486398339271545,0.043477599515041,0.015420010910516398,0.040626247000545845,0.02982985800008464,0.05340952799997467,256.0,0.0,256.0,256.0,256.0,2.0,0.0,2.0,2.0,2.0
proposed_dp_eps8_sparse_diverse,Unified DP-CounterGAN epsilon=8 + counted sparse-diverse search,256,disease_to_no_disease,medium_confidence,33.0,0.8939393939393939,0.27034629868396787,1.0,1.0,1.0,0.9696969696969697,0.174077655955698,1.0,1.0,1.0,0.8181818181818182,0.39167472590032004,1.0,1.0,1.0,0.8848484848484849,0.2682363837658075,1.0,0.9,1.0,0.7272727272727273,0.4522670168666456,1.0,0.0,1.0,0.11679476336576045,0.03549430976608672,0.10844293981790543,0.09222018159925938,0.14188848808407784,0.5494323192239859,0.12164117543045593,0.5611111111111111,0.5,0.6185185185185185,0.5494323192239859,0.12164117543045593,0.5611111111111111,0.5,0.6185185185185185,0.07421402912586927,0.023552827276970004,0.08382082358002663,0.059988138265907764,0.08831169083714485,0.359385171744559,0.08991645579668843,0.3653589342478618,0.304674812284074,0.4102601861466735,0.359385171744559,0.08991645579668843,0.3653589342478618,0.304674812284074,0.4102601861466735,0.5604662698412699,0.36820835906247773,0.6,0.15277777777777776,0.925,0.8865079365079365,0.07060454308037334,0.8800000000000001,0.8592857142857142,0.9400000000000001,0.9286382279916763,0.06157547532444957,0.9393939393939394,0.9090909090909091,0.9674242424242424,0.9286382279916763,0.06157547532444957,0.9393939393939394,0.9090909090909091,0.9674242424242424,0.993570300607131,0.007203456832662133,0.9964556277056277,0.9903273809523809,0.9986742424242424,1.0,0.0,1.0,1.0,1.0,0.49220346473157406,0.2699899586601239,0.40760019421577454,0.3144468665122986,0.616039365530014,0.05587725445454425,0.013972435154561392,0.05717153700061317,0.044448708000345505,0.06924647300002107,256.0,0.0,256.0,256.0,256.0,2.0,0.0,2.0,2.0,2.0
proposed_dp_eps8_sparse_diverse,Unified DP-CounterGAN epsilon=8 + counted sparse-diverse search,256,disease_to_no_disease,near_boundary,34.0,0.9970588235294118,0.01714985851425088,1.0,1.0,1.0,1.0,0.0,1.0,1.0,1.0,0.9705882352941176,0.17149858514250882,1.0,1.0,1.0,0.9882352941176471,0.04093384079998044,1.0,1.0,1.0,0.9117647058823529,0.28790224128123654,1.0,1.0,1.0,0.09799210913479328,0.030608508352758045,0.0922108069062233,0.07087809778749943,0.12329134345054626,0.6034132171387074,0.10194292828426407,0.6166666666666667,0.5555555555555556,0.6972222222222222,0.6034132171387074,0.10194292828426407,0.6166666666666667,0.5555555555555556,0.6972222222222222,0.07633527543614893,0.01608347933252873,0.07606621086597443,0.06600628606975079,0.0883607491850853,0.3130844354716986,0.11340422180290602,0.34192807933374664,0.2087206041563195,0.39730397072350576,0.3130844354716986,0.11340422180290602,0.34192807933374664,0.2087206041563195,0.39730397072350576,0.64640522875817,0.30143031757013505,0.7,0.42500000000000004,0.9,0.8991503267973856,0.05992391910641493,0.9155555555555555,0.86,0.9400000000000001,0.9010695187165777,0.07050034986451362,0.9090909090909091,0.8484848484848485,0.9696969696969697,0.9010695187165777,0.07050034986451362,0.9090909090909091,0.8484848484848485,0.9696969696969697,0.9947580170374289,0.0038842398230074693,0.9954124579124579,0.9924941724941726,0.9978583916083917,1.0,0.0,1.0,1.0,1.0,0.8984954418504939,0.38958486981928336,0.8265745639801025,0.6285135895013809,1.1631293892860413,0.053412775588319215,0.010272396615777704,0.05201893850016859,0.04518974374991558,0.0595131120003316,256.0,0.0,256.0,256.0,256.0,2.0,0.0,2.0,2.0,2.0
proposed_dp_eps8_sparse_diverse,Unified DP-CounterGAN epsilon=8 + counted sparse-diverse search,256,no_disease_to_disease,high_confidence,33.0,0.012121212121212121,0.04846116845975594,0.0,0.0,0.0,0.06060606060606061,0.24230584229877988,0.0,0.0,0.0,0.0,0.0,0.0,0.0,0.0,0.012121212121212121,0.04846116845975594,0.0,0.0,0.0,0.0,0.0,0.0,0.0,0.0,0.18608884513378143,0.023110613251645335,0.18608884513378143,0.17791800945997238,0.19425968080759048,0.3055555555555556,0.11785113019775793,0.3055555555555556,0.2638888888888889,0.3472222222222222,0.3055555555555556,0.11785113019775793,0.3055555555555556,0.2638888888888889,0.3472222222222222,0.05108483508229256,0.00806231279849743,0.05108483508229256,0.048234377056360245,0.05393529310822487,0.4514588026602429,0.16511717434832304,0.4514588026602429,0.39308106582421254,0.5098365394962733,0.4514588026602429,0.16511717434832304,0.4514588026602429,0.39308106582421254,0.5098365394962733,0.5,0.7071067811865476,0.5,0.25,0.75,0.15000000000000002,0.07071067811865477,0.15000000000000002,0.125,0.17500000000000002,0.8653846153846154,0.08158924398306319,0.8653846153846154,0.8365384615384616,0.8942307692307693,0.8653846153846154,0.08158924398306319,0.8653846153846154,0.8365384615384616,0.8942307692307693,1.0,0.0,1.0,1.0,1.0,1.0,0.0,1.0,1.0,1.0,0.1830228716135025,0.017014240201938556,0.1830228716135025,0.17700742930173874,0.18903831392526627,0.028838562030366367,0.0031211352219128615,0.027940462000515254,0.02747285700024804,0.02905433300020377,256.0,0.0,256.0,256.0,256.0,2.0,0.0,2.0,2.0,2.0
proposed_dp_eps8_sparse_diverse,Unified DP-CounterGAN epsilon=8 + counted sparse-diverse search,256,no_disease_to_disease,medium_confidence,33.0,0.22727272727272727,0.3412044175350819,0.1,0.0,0.2,0.5757575757575758,0.5018903659106633,1.0,0.0,1.0,0.12121212121212122,0.3314339826398083,0.0,0.0,0.0,0.22424242424242424,0.3418975568703869,0.1,0.0,0.2,0.12121212121212122,0.3314339826398083,0.0,0.0,0.0,0.11424088144772931,0.036380826044753414,0.1108269914984703,0.08889085426926613,0.13475852459669113,0.5522417153996102,0.13487842040020404,0.5555555555555556,0.5222222222222223,0.6166666666666667,0.5522417153996102,0.13487842040020404,0.5555555555555556,0.5222222222222223,0.6166666666666667,0.02662131327547525,0.027868677092983806,0.027712956070899963,0.0,0.04346237890422344,0.2823003153780901,0.06691600446035145,0.28791509900663004,0.24330975951717737,0.3238617624198083,0.2823003153780901,0.06691600446035145,0.28791509900663004,0.24330975951717737,0.3238617624198083,0.5548245614035089,0.4510046722872739,0.7,0.0,1.0,0.16859649122807016,0.12182417906264954,0.18,0.1,0.2,0.9239288976131081,0.08548913028605697,0.9393939393939394,0.8968531468531469,0.9848484848484849,0.9239288976131081,0.08548913028605697,0.9393939393939394,0.8968531468531469,0.9848484848484849,0.9962401304835514,0.0059177139232837956,1.0,0.9940746753246754,1.0,1.0,0.0,1.0,1.0,1.0,0.2849505912316473,0.12483663638729713,0.2871231436729431,0.16003413498401642,0.3866576999425888,0.03230564415149605,0.00919849687435967,0.02960650299974077,0.02788505999978952,0.03194873499978712,256.0,0.0,256.0,256.0,256.0,2.0,0.0,2.0,2.0,2.0
proposed_dp_eps8_sparse_diverse,Unified DP-CounterGAN epsilon=8 + counted sparse-diverse search,256,no_disease_to_disease,near_boundary,34.0,0.6764705882352942,0.41124999661373257,1.0,0.325,1.0,0.7941176470588235,0.4104256301219048,1.0,1.0,1.0,0.5294117647058824,0.5066403971048987,1.0,0.0,1.0,0.6558823529411765,0.4009013907854272,0.9,0.325,1.0,0.38235294117647056,0.4932702180563816,0.0,0.0,1.0,0.08370054678784476,0.027790428033449104,0.07227220386266708,0.06502384319901466,0.09951478242874146,0.6060323992422758,0.1075377162409954,0.6444444444444445,0.55,0.6666666666666667,0.6060323992422758,0.1075377162409954,0.6444444444444445,0.55,0.6666666666666667,0.05465891667538219,0.014157727808724258,0.05337430536746979,0.047925690189003944,0.06305297091603279,0.30994283507047304,0.08304570278759868,0.301842461445337,0.26076553750756837,0.34932721804234723,0.30994283507047304,0.08304570278759868,0.301842461445337,0.26076553750756837,0.34932721804234723,0.8665196942974719,0.16867704845369663,0.9,0.775,1.0,0.1515814226925338,0.08482692536488325,0.13999999999999999,0.1,0.19,0.9264373108562125,0.06587616737731879,0.9393939393939394,0.8653198653198653,1.0,0.9264373108562125,0.06587616737731879,0.9393939393939394,0.8653198653198653,1.0,0.9930130183602406,0.004793830043842345,0.993560606060606,0.9890818903318903,0.9963203463203463,1.0,0.0,1.0,1.0,1.0,0.37354666932865427,0.11940742936092343,0.3706209063529968,0.30683204531669617,0.45306770503520966,0.04185171335305259,0.01532691215370544,0.03817343800028539,0.03062725724998927,0.04647531875002642,256.0,0.0,256.0,256.0,256.0,2.0,0.0,2.0,2.0,2.0
proposed_dp_eps8_sparse_diverse,Unified DP-CounterGAN epsilon=8 + counted sparse-diverse search,512,disease_to_no_disease,high_confidence,33.0,0.693939393939394,0.4344100841510487,1.0,0.2,1.0,0.7878787878787878,0.41514875026728043,1.0,1.0,1.0,0.6363636363636364,0.48850421045919706,1.0,0.0,1.0,0.6575757575757576,0.42941115424956006,0.9,0.2,1.0,0.45454545454545453,0.5056498968474316,0.0,0.0,1.0,0.13117519336251113,0.04852834179620338,0.12221119925379753,0.0928318127989769,0.17546264827251434,0.5321937321937322,0.1606392211613644,0.5888888888888888,0.4222222222222222,0.6777777777777778,0.5321937321937322,0.1606392211613644,0.5888888888888888,0.4222222222222222,0.6777777777777778,0.06370558775961399,0.021224659236942417,0.06746069341897964,0.057235775515437126,0.07801812887191772,0.36383118993115154,0.08400396685778776,0.36366658931812745,0.30807122998066033,0.4212141801466556,0.36383118993115154,0.08400396685778776,0.36366658931812745,0.30807122998066033,0.4212141801466556,0.5269230769230768,0.3894177112640793,0.6,0.125,0.9,0.892820512820513,0.08253587668505705,0.92,0.8349999999999999,0.9400000000000001,0.9198991891299584,0.05453606074374537,0.9245014245014245,0.8787878787878788,0.9696969696969697,0.9198991891299584,0.05453606074374537,0.9245014245014245,0.8787878787878788,0.9696969696969697,0.9927624392167661,0.00635591267892844,0.9941719391719392,0.9903571428571428,0.9969117687867688,1.0,0.0,1.0,1.0,1.0,0.2982511892914772,0.12644076757983727,0.2646845877170563,0.22494035214185715,0.34075935930013657,0.1071561981211606,0.03875461420140945,0.12054477799938468,0.06848821299990959,0.14016573300068558,512.0,0.0,512.0,512.0,512.0,4.0,0.0,4.0,4.0,4.0
proposed_dp_eps8_sparse_diverse,Unified DP-CounterGAN epsilon=8 + counted sparse-diverse search,512,disease_to_no_disease,medium_confidence,33.0,0.9242424242424242,0.23721074890050686,1.0,1.0,1.0,0.9696969696969697,0.174077655955698,1.0,1.0,1.0,0.8787878787878788,0.3314339826398083,1.0,1.0,1.0,0.9000000000000001,0.24238399287081644,1.0,0.9,1.0,0.6666666666666666,0.47871355387816894,1.0,0.0,1.0,0.1037942839320749,0.0368742940261529,0.09571640193462372,0.07685035839676857,0.13462478294968605,0.6347222222222223,0.1272672605877301,0.6777777777777778,0.5444444444444445,0.7333333333333334,0.6347222222222223,0.1272672605877301,0.6777777777777778,0.5444444444444445,0.7333333333333334,0.07560284624923952,0.023265042317968464,0.08149310201406479,0.06202716659754515,0.09023252874612808,0.3593159432537921,0.0889851034224378,0.36457519545037964,0.30195051276545193,0.4253159961188755,0.3593159432537921,0.0889851034224378,0.36457519545037964,0.30195051276545193,0.4253159961188755,0.5503472222222222,0.3822733188214368,0.7,0.17777777777777778,0.9,0.9015972222222222,0.07726762415612363,0.9100000000000001,0.8400000000000001,0.9783333333333334,0.9474221380471382,0.047773656151439164,0.9511784511784511,0.9393939393939394,0.9772727272727273,0.9474221380471382,0.047773656151439164,0.9511784511784511,0.9393939393939394,0.9772727272727273,0.9895566109237984,0.008041325855351085,0.9906222943722944,0.9867162698412697,0.9957142857142858,1.0,0.0,1.0,1.0,1.0,0.39664509799331427,0.2339476179052492,0.31455689668655396,0.2502897158265114,0.475101999938488,0.13417075572744414,0.03397843723911188,0.13444656400042732,0.12030438799956755,0.1584766900004979,512.0,0.0,512.0,512.0,512.0,4.0,0.0,4.0,4.0,4.0
proposed_dp_eps8_sparse_diverse,Unified DP-CounterGAN epsilon=8 + counted sparse-diverse search,512,disease_to_no_disease,near_boundary,34.0,1.0,0.0,1.0,1.0,1.0,1.0,0.0,1.0,1.0,1.0,1.0,0.0,1.0,1.0,1.0,0.973529411764706,0.04478110755198989,1.0,0.925,1.0,0.7352941176470589,0.44781107551989907,1.0,0.25,1.0,0.07854470599661856,0.028480517862216836,0.07191868126392365,0.05471915006637573,0.09914911538362503,0.7098039215686276,0.10981618168075305,0.7611111111111111,0.638888888888889,0.788888888888889,0.7098039215686276,0.10981618168075305,0.7611111111111111,0.638888888888889,0.788888888888889,0.07564621407757788,0.01539893126552747,0.07703369110822678,0.06457924470305443,0.08758624270558357,0.3088549410459948,0.11041644045439217,0.3334725398163447,0.2068675448215349,0.39803060930615847,0.3088549410459948,0.11041644045439217,0.3334725398163447,0.2068675448215349,0.39803060930615847,0.7029411764705882,0.3030004441617377,0.8,0.525,0.975,0.8905882352941177,0.07896839323504548,0.9,0.865,0.9400000000000001,0.9064171122994652,0.08869907745310233,0.9393939393939394,0.8257575757575758,0.9696969696969697,0.9064171122994652,0.08869907745310233,0.9393939393939394,0.8257575757575758,0.9696969696969697,0.9899096757001168,0.00887832381663206,0.9929166666666667,0.9878645833333335,0.9956448412698413,1.0,0.0,1.0,1.0,1.0,0.6636162181110943,0.3106690938824179,0.6310263276100159,0.398258775472641,0.838884562253952,0.13330297329420157,0.020330311853038137,0.1322818244998416,0.1207200255000771,0.14789403975055393,512.0,0.0,512.0,512.0,512.0,4.0,0.0,4.0,4.0,4.0
proposed_dp_eps8_sparse_diverse,Unified DP-CounterGAN epsilon=8 + counted sparse-diverse search,512,no_disease_to_disease,high_confidence,33.0,0.030303030303030304,0.11315047637120357,0.0,0.0,0.0,0.09090909090909091,0.2919371040605714,0.0,0.0,0.0,0.0,0.0,0.0,0.0,0.0,0.024242424242424242,0.09364261526644467,0.0,0.0,0.0,0.0,0.0,0.0,0.0,0.0,0.16892798244953156,0.0131969424816069,0.1661897599697113,0.1617523580789566,0.17473449558019638,0.40740740740740744,0.08486251286955256,0.3888888888888889,0.36111111111111116,0.4444444444444444,0.40740740740740744,0.08486251286955256,0.3888888888888889,0.36111111111111116,0.4444444444444444,0.034304638082782425,0.013611313920864888,0.03453383222222328,0.027557003311812878,0.041166869923472404,0.4087490668308402,0.12199337205979686,0.35488104770592477,0.33892148138105294,0.4516426427181698,0.4087490668308402,0.12199337205979686,0.35488104770592477,0.33892148138105294,0.4516426427181698,0.5,0.5,0.5,0.25,0.75,0.20000000000000004,0.17320508075688773,0.3,0.15,0.30000000000000004,0.8471035137701804,0.07835189489965166,0.8461538461538461,0.8076923076923077,0.886039886039886,0.8471035137701804,0.07835189489965166,0.8461538461538461,0.8076923076923077,0.886039886039886,0.9950466200466201,0.0058202168867826885,0.9965034965034966,0.9925699300699301,0.9982517482517483,1.0,0.0,1.0,1.0,1.0,0.19525958597660065,0.06618632071350646,0.19647400081157684,0.16247420758008957,0.22865217179059982,0.05788250736358433,0.005652045206787252,0.05594201999974757,0.054620892999992066,0.058224184999744466,512.0,0.0,512.0,512.0,512.0,4.0,0.0,4.0,4.0,4.0
proposed_dp_eps8_sparse_diverse,Unified DP-CounterGAN epsilon=8 + counted sparse-diverse search,512,no_disease_to_disease,medium_confidence,33.0,0.5666666666666668,0.41733280085163044,0.6,0.1,1.0,0.7878787878787878,0.4151487502672805,1.0,1.0,1.0,0.3939393939393939,0.49619766344887317,0.0,0.0,1.0,0.5424242424242424,0.4092907760919361,0.5,0.1,1.0,0.2727272727272727,0.4522670168666456,0.0,0.0,1.0,0.10349112047025791,0.024552008189393675,0.10712946951389313,0.08300668373703957,0.12127439118921757,0.6126577126577126,0.08695128347581675,0.6166666666666667,0.5898148148148148,0.6666666666666666,0.6126577126577126,0.08695128347581675,0.6166666666666667,0.5898148148148148,0.6666666666666666,0.04212967352941632,0.019958363625008656,0.04573437571525574,0.031169811263680458,0.051070927642285824,0.29819541954220097,0.06418583598094116,0.2936030383637197,0.2633486064029539,0.3165190558980547,0.29819541954220097,0.06418583598094116,0.2936030383637197,0.2633486064029539,0.3165190558980547,0.44954212454212455,0.3650427982430303,0.4,0.11666666666666667,0.7875000000000001,0.18367521367521367,0.10471726506664954,0.19,0.10500000000000001,0.25055555555555553,0.9122878104310465,0.05848846078864883,0.9245014245014245,0.8722222222222222,0.9393939393939394,0.9122878104310465,0.05848846078864883,0.9245014245014245,0.8722222222222222,0.9393939393939394,0.9939159253444968,0.006087154568636247,0.9945238095238094,0.991468253968254,0.9995535714285715,1.0,0.0,1.0,1.0,1.0,0.30906785422792804,0.1426224618273897,0.26844966411590576,0.19161240011453629,0.4075366333127022,0.07652144006062206,0.028218752768704156,0.0643480440003259,0.058805706999919494,0.0816116370006057,512.0,0.0,512.0,512.0,512.0,4.0,0.0,4.0,4.0,4.0
proposed_dp_eps8_sparse_diverse,Unified DP-CounterGAN epsilon=8 + counted sparse-diverse search,512,no_disease_to_disease,near_boundary,34.0,0.8588235294117645,0.30858194438315245,1.0,1.0,1.0,0.9411764705882353,0.2388325736106129,1.0,1.0,1.0,0.7941176470588235,0.4104256301219048,1.0,1.0,1.0,0.838235294117647,0.3104392839503529,1.0,0.9,1.0,0.6176470588235294,0.49327021805638166,1.0,0.0,1.0,0.07217108679469675,0.026014127119550444,0.06382815167307854,0.05219815578311682,0.0895567275583744,0.6745659722222223,0.10754378530702775,0.6972222222222224,0.6312500000000001,0.7416666666666667,0.6745659722222223,0.10754378530702775,0.6972222222222224,0.6312500000000001,0.7416666666666667,0.051796550396829844,0.016638063671114166,0.05166020430624485,0.04531833156943321,0.06191207002848387,0.31649509169463796,0.07584456190757932,0.30155630883158824,0.2619076934102582,0.3587661801332095,0.31649509169463796,0.07584456190757932,0.30155630883158824,0.2619076934102582,0.3587661801332095,0.815625,0.260098461505291,0.9,0.75,1.0,0.16687500000000002,0.07647211172033726,0.16,0.1,0.2,0.9148819930069931,0.07309160616995733,0.9393939393939394,0.8712121212121212,0.9696969696969697,0.9148819930069931,0.07309160616995733,0.9393939393939394,0.8712121212121212,0.9696969696969697,0.9878055624930625,0.009876279238775385,0.9891517857142857,0.9858134920634921,0.9937599206349207,1.0,0.0,1.0,1.0,1.0,0.35807705274783075,0.12148388345508682,0.35829316079616547,0.2564660310745239,0.4676586836576462,0.1072441483823722,0.035663291304320284,0.11088895700004286,0.07560673399939333,0.13520990150004764,512.0,0.0,512.0,512.0,512.0,4.0,0.0,4.0,4.0,4.0
proposed_dp_eps8_sparse_diverse,Unified DP-CounterGAN epsilon=8 + counted sparse-diverse search,1024,disease_to_no_disease,high_confidence,33.0,0.7787878787878788,0.4044730953332802,1.0,1.0,1.0,0.8181818181818182,0.3916747259003201,1.0,1.0,1.0,0.7575757575757576,0.4351941398892447,1.0,1.0,1.0,0.7393939393939394,0.3976017117821819,1.0,0.8,1.0,0.5151515151515151,0.5075192189225524,1.0,0.0,1.0,0.13122947955573047,0.049369315813630896,0.12125812470912933,0.09100393950939178,0.16896101832389832,0.5416323731138546,0.16033013909018498,0.6,0.40370370370370373,0.6833333333333333,0.5416323731138546,0.16033013909018498,0.6,0.40370370370370373,0.6833333333333333,0.06782049747804801,0.01799721738940156,0.06838098168373108,0.05759439244866371,0.0823172815144062,0.3655904008941558,0.0799102059988788,0.36477174200124,0.31171377603138395,0.4238704418541842,0.3655904008941558,0.0799102059988788,0.36477174200124,0.31171377603138395,0.4238704418541842,0.46049382716049386,0.36138823466877246,0.5,0.05,0.8,0.8781481481481482,0.08814485617162054,0.8800000000000001,0.79,0.95,0.909877502470095,0.0601544687001562,0.9090909090909091,0.8787878787878788,0.9393939393939394,0.909877502470095,0.0601544687001562,0.9090909090909091,0.8787878787878788,0.9393939393939394,0.9940968136801468,0.004872131888949494,0.9957142857142858,0.9910957792207793,0.9979020979020978,1.0,0.0,1.0,1.0,1.0,0.2872093513056084,0.15576560887507637,0.2826184928417206,0.19747837632894516,0.3156411945819855,0.246220580212194,0.08408956574721789,0.2591843959999096,0.1954913919998944,0.2996152650002841,1024.0,0.0,1024.0,1024.0,1024.0,8.0,0.0,8.0,8.0,8.0
proposed_dp_eps8_sparse_diverse,Unified DP-CounterGAN epsilon=8 + counted sparse-diverse search,1024,disease_to_no_disease,medium_confidence,33.0,0.9545454545454546,0.18555812615409267,1.0,1.0,1.0,0.9696969696969697,0.174077655955698,1.0,1.0,1.0,0.9090909090909091,0.2919371040605713,1.0,1.0,1.0,0.9121212121212121,0.18667748886377494,1.0,0.9,1.0,0.5454545454545454,0.5056498968474316,1.0,0.0,1.0,0.10287863574922085,0.038833188678205406,0.09654085710644722,0.07315102219581604,0.13955353572964668,0.6462962962962964,0.1280929570863187,0.6833333333333333,0.5416666666666667,0.7361111111111112,0.6462962962962964,0.1280929570863187,0.6833333333333333,0.5416666666666667,0.7361111111111112,0.07631157210562378,0.02184185352086802,0.08046623319387436,0.06123028416186571,0.08816872723400593,0.35736424588864724,0.08502963332483951,0.3603805537206318,0.2971213638964726,0.4293191201847962,0.35736424588864724,0.08502963332483951,0.3603805537206318,0.2971213638964726,0.4293191201847962,0.596875,0.36850559150132567,0.6499999999999999,0.2,1.0,0.8901388888888889,0.0822017556625791,0.9,0.835,0.9600000000000002,0.9297874579124579,0.058484772785532095,0.9393939393939394,0.9090909090909091,0.9696969696969697,0.9297874579124579,0.058484772785532095,0.9393939393939394,0.9090909090909091,0.9696969696969697,0.9884085944437506,0.010023913572038993,0.9903932178932178,0.9841378066378067,0.9951722582972582,1.0,0.0,1.0,1.0,1.0,0.36082293977960944,0.15795223963547417,0.30954526364803314,0.24493072926998138,0.43777550011873245,0.297503294545398,0.057943190114074866,0.3000534900002094,0.27249774300071294,0.3446867940001539,1024.0,0.0,1024.0,1024.0,1024.0,8.0,0.0,8.0,8.0,8.0
proposed_dp_eps8_sparse_diverse,Unified DP-CounterGAN epsilon=8 + counted sparse-diverse search,1024,disease_to_no_disease,near_boundary,34.0,1.0,0.0,1.0,1.0,1.0,1.0,0.0,1.0,1.0,1.0,1.0,0.0,1.0,1.0,1.0,0.9794117647058823,0.047859717766303524,1.0,1.0,1.0,0.8235294117647058,0.3869529949759475,1.0,1.0,1.0,0.07769216191680993,0.03215392931344731,0.061656201258301735,0.054428146220743656,0.10368004068732262,0.7176470588235295,0.11544146294095138,0.788888888888889,0.6472222222222223,0.8,0.7176470588235295,0.11544146294095138,0.788888888888889,0.6472222222222223,0.8,0.07530646376750048,0.01660896012733437,0.0758870542049408,0.06885654479265213,0.08690623193979263,0.30574042809201807,0.10953958729197694,0.32755234136030764,0.21573710936213875,0.39505573106205116,0.30574042809201807,0.10953958729197694,0.32755234136030764,0.21573710936213875,0.39505573106205116,0.7352941176470589,0.30538832997605103,0.8,0.625,1.0,0.8917647058823529,0.07403809781929001,0.9000000000000001,0.86,0.935,0.9269162210338682,0.07121071333185147,0.9393939393939394,0.8787878787878788,1.0,0.9269162210338682,0.07121071333185147,0.9393939393939394,0.8787878787878788,1.0,0.9886858566270331,0.008373885126202891,0.9907738095238094,0.9825595238095237,0.9949999999999999,1.0,0.0,1.0,1.0,1.0,0.6488283600877313,0.32720118801811865,0.5598819255828857,0.3789209648966789,0.8907896280288696,0.28889651579404874,0.03429869631054449,0.29236577199981184,0.2610119139997096,0.3143476297498182,1024.0,0.0,1024.0,1024.0,1024.0,8.0,0.0,8.0,8.0,8.0
proposed_dp_eps8_sparse_diverse,Unified DP-CounterGAN epsilon=8 + counted sparse-diverse search,1024,no_disease_to_disease,high_confidence,33.0,0.07575757575757576,0.23456116343917488,0.0,0.0,0.0,0.15151515151515152,0.36410954062720957,0.0,0.0,0.0,0.030303030303030304,0.17407765595569796,0.0,0.0,0.0,0.05454545454545455,0.19540168418367887,0.0,0.0,0.0,0.0,0.0,0.0,0.0,0.0,0.15045363306999207,0.023890105382582825,0.15791118144989014,0.12668535113334656,0.1624998301267624,0.48172839506172843,0.06962131112205014,0.4567901234567901,0.4333333333333333,0.5555555555555556,0.48172839506172843,0.06962131112205014,0.4567901234567901,0.4333333333333333,0.5555555555555556,0.040673916786909105,0.02580125035281208,0.04605948552489281,0.034640152007341385,0.054653603583574295,0.4178222554730189,0.07859184082956765,0.39581612076596906,0.36745683666648093,0.4380979211150164,0.4178222554730189,0.07859184082956765,0.39581612076596906,0.36745683666648093,0.4380979211150164,0.44666666666666666,0.4805089893944638,0.3333333333333333,0.0,0.9,0.13999999999999999,0.16397831834998455,0.06666666666666668,0.0,0.3,0.8505154105154105,0.024355566910968976,0.8461538461538461,0.8461538461538461,0.8666666666666667,0.8505154105154105,0.024355566910968976,0.8461538461538461,0.8461538461538461,0.8666666666666667,0.9930400155400155,0.011770795644379632,0.9967657342657341,0.9962121212121212,1.0,1.0,0.0,1.0,1.0,1.0,0.14161839038133622,0.045697953422283145,0.11106676608324051,0.1079290583729744,0.17785774171352386,0.12059844327268365,0.03260512086060568,0.11163743299948692,0.11038556800031074,0.11513159799960704,1024.0,0.0,1024.0,1024.0,1024.0,8.0,0.0,8.0,8.0,8.0
proposed_dp_eps8_sparse_diverse,Unified DP-CounterGAN epsilon=8 + counted sparse-diverse search,1024,no_disease_to_disease,medium_confidence,33.0,0.7393939393939394,0.3630938187467823,1.0,0.5,1.0,0.8787878787878788,0.33143398263980844,1.0,1.0,1.0,0.5757575757575758,0.5018903659106633,1.0,0.0,1.0,0.7030303030303031,0.3703755260583916,0.9,0.4,1.0,0.42424242424242425,0.5018903659106633,0.0,0.0,1.0,0.10173570698705213,0.029303359636723002,0.10095914453268051,0.08059506863355637,0.1202564686536789,0.6287675606641124,0.09491452537753155,0.6349206349206351,0.5777777777777778,0.6825396825396828,0.6287675606641124,0.09491452537753155,0.6349206349206351,0.5777777777777778,0.6825396825396828,0.04757005580026528,0.015717353159746074,0.043455787003040314,0.03619826212525368,0.05993083119392395,0.3180157248472607,0.08286842927399217,0.2957107698398006,0.25616535886488795,0.3493885611566402,0.3180157248472607,0.08286842927399217,0.2957107698398006,0.25616535886488795,0.3493885611566402,0.5172824302134648,0.36293497922711726,0.4,0.2857142857142857,0.8571428571428571,0.14758620689655172,0.09224171875154491,0.12000000000000002,0.08,0.2,0.8996989930402535,0.0751956572391166,0.9090909090909091,0.8787878787878788,0.9629629629629629,0.8996989930402535,0.0751956572391166,0.9090909090909091,0.8787878787878788,0.9629629629629629,0.9918938061117865,0.006080023704067811,0.9914285714285714,0.9884920634920636,0.9964285714285716,1.0,0.0,1.0,1.0,1.0,0.29132678513896876,0.12127520241289756,0.28183794021606445,0.18036526441574097,0.3809531331062317,0.1899777060301803,0.07853019429917953,0.15237680400059617,0.1270542390002447,0.2495610529995247,1024.0,0.0,1024.0,1024.0,1024.0,8.0,0.0,8.0,8.0,8.0
proposed_dp_eps8_sparse_diverse,Unified DP-CounterGAN epsilon=8 + counted sparse-diverse search,1024,no_disease_to_disease,near_boundary,34.0,0.9323529411764706,0.1886484436567597,1.0,1.0,1.0,1.0,0.0,1.0,1.0,1.0,0.8529411764705882,0.359490627953571,1.0,1.0,1.0,0.8911764705882352,0.21653979557105354,1.0,0.9,1.0,0.6470588235294118,0.485071250072666,1.0,0.0,1.0,0.07014402056879857,0.026021610094630034,0.06533746048808098,0.049156260676681995,0.08986396342515945,0.6933823529411766,0.11559151600257864,0.7222222222222223,0.6138888888888889,0.788888888888889,0.6933823529411766,0.11559151600257864,0.7222222222222223,0.6138888888888889,0.788888888888889,0.05372687757891767,0.015996980598174313,0.053981464356184006,0.04650201927870512,0.060387298464775085,0.32937518795254084,0.08441844532435087,0.31477850316914047,0.2696435134370678,0.37373022064684824,0.32937518795254084,0.08441844532435087,0.31477850316914047,0.2696435134370678,0.37373022064684824,0.7816176470588235,0.27942777184658,0.9,0.6375,1.0,0.17029411764705885,0.07763493801577362,0.16,0.10500000000000001,0.22000000000000003,0.9129721041485749,0.08765417310045714,0.9393939393939394,0.8787878787878788,0.9696969696969697,0.9129721041485749,0.08765417310045714,0.9393939393939394,0.8787878787878788,0.9696969696969697,0.9884929388422037,0.009364718716432808,0.991170634920635,0.985843253968254,0.9949999999999999,1.0,0.0,1.0,1.0,1.0,0.321603441501365,0.1216294848468156,0.3028153032064438,0.2179262414574623,0.4268079176545143,0.2522979204117666,0.06965538707263635,0.2678725559999293,0.2185948790004204,0.30349419700041835,1024.0,0.0,1024.0,1024.0,1024.0,8.0,0.0,8.0,8.0,8.0
uniform_random,Uniform constrained random,128,disease_to_no_disease,high_confidence,33.0,0.0,0.0,0.0,0.0,0.0,0.0,0.0,0.0,0.0,0.0,0.0,0.0,0.0,0.0,0.0,0.0,0.0,0.0,0.0,0.0,0.0,0.0,0.0,0.0,0.0,,0.0,,,,,0.0,,,,,0.0,,,,,0.0,,,,,0.0,,,,,0.0,,,,,0.0,,,,,0.0,,,,,0.0,,,,,0.0,,,,,0.0,,,,,0.0,,,,,0.0,,,,0.0064719943029558635,0.0003440839901122035,0.006388734000211116,0.006274301999837917,0.006593870999495266,128.0,0.0,128.0,128.0,128.0,1.0,0.0,1.0,1.0,1.0
uniform_random,Uniform constrained random,128,disease_to_no_disease,medium_confidence,33.0,0.0030303030303030303,0.017407765595569787,0.0,0.0,0.0,0.030303030303030304,0.17407765595569788,0.0,0.0,0.0,0.0,0.0,0.0,0.0,0.0,0.0030303030303030303,0.017407765595569787,0.0,0.0,0.0,0.0,0.0,0.0,0.0,0.0,0.0199725441634655,0.0,0.0199725441634655,0.0199725441634655,0.0199725441634655,0.6666666666666667,0.0,0.6666666666666667,0.6666666666666667,0.6666666666666667,0.6666666666666667,0.0,0.6666666666666667,0.6666666666666667,0.6666666666666667,0.0,0.0,0.0,0.0,0.0,0.20754882963286778,0.0,0.20754882963286778,0.20754882963286778,0.20754882963286778,0.20754882963286778,0.0,0.20754882963286778,0.20754882963286778,0.20754882963286778,1.0,0.0,1.0,1.0,1.0,0.8,0.0,0.8,0.8,0.8,0.9230769230769231,0.0,0.9230769230769231,0.9230769230769231,0.9230769230769231,0.9230769230769231,0.0,0.9230769230769231,0.9230769230769231,0.9230769230769231,1.0,0.0,1.0,1.0,1.0,1.0,0.0,1.0,1.0,1.0,0.11629754304885864,0.0,0.11629754304885864,0.11629754304885864,0.11629754304885864,0.0065771955454362215,0.0002604906827742242,0.0065716589997464325,0.006394410999746469,0.006703144000312022,128.0,0.0,128.0,128.0,128.0,1.0,0.0,1.0,1.0,1.0
uniform_random,Uniform constrained random,128,disease_to_no_disease,near_boundary,34.0,0.1735294117647059,0.1483419953808863,0.1,0.1,0.2,0.8529411764705882,0.3594906279535708,1.0,1.0,1.0,0.0,0.0,0.0,0.0,0.0,0.1647058823529412,0.14116904317954473,0.1,0.1,0.2,0.0,0.0,0.0,0.0,0.0,0.02629083594114616,0.011173950585635816,0.026792285963892937,0.015799660235643387,0.032915953546762466,0.6966155810983399,0.10596905567989422,0.6666666666666667,0.6111111111111112,0.7777777777777778,0.6966155810983399,0.10596905567989422,0.6666666666666667,0.6111111111111112,0.7777777777777778,0.016750774185719162,0.019614461251581877,0.0,0.0,0.03636554628610611,0.28167709349339515,0.10760709154448177,0.29944020361365054,0.22985259805059222,0.35848597278207817,0.28167709349339515,0.10760709154448177,0.29944020361365054,0.22985259805059222,0.35848597278207817,0.8586206896551724,0.32212158460888035,1.0,1.0,1.0,0.8470114942528736,0.11799698956203646,0.8,0.8,0.95,0.9432164259750466,0.07231735124506408,0.9629629629629629,0.8888888888888888,1.0,0.9432164259750466,0.07231735124506408,0.9629629629629629,0.8888888888888888,1.0,0.9737240010946909,0.04113537445321943,0.9902777777777778,0.961111111111111,1.0,1.0,0.0,1.0,1.0,1.0,0.23899028475942283,0.11349489729846243,0.2270016372203827,0.13826197385787964,0.3387323319911957,0.006883779911705086,0.0003107669998526637,0.006884184499995172,0.006659468999714591,0.007152794999683465,128.0,0.0,128.0,128.0,128.0,1.0,0.0,1.0,1.0,1.0
uniform_random,Uniform constrained random,128,no_disease_to_disease,high_confidence,33.0,0.0,0.0,0.0,0.0,0.0,0.0,0.0,0.0,0.0,0.0,0.0,0.0,0.0,0.0,0.0,0.0,0.0,0.0,0.0,0.0,0.0,0.0,0.0,0.0,0.0,,0.0,,,,,0.0,,,,,0.0,,,,,0.0,,,,,0.0,,,,,0.0,,,,,0.0,,,,,0.0,,,,,0.0,,,,,0.0,,,,,0.0,,,,,0.0,,,,,0.0,,,,0.006484416454578891,0.0003469790704690347,0.006409437000002072,0.006228442000065115,0.0066166610004074755,128.0,0.0,128.0,128.0,128.0,1.0,0.0,1.0,1.0,1.0
uniform_random,Uniform constrained random,128,no_disease_to_disease,medium_confidence,33.0,0.0,0.0,0.0,0.0,0.0,0.0,0.0,0.0,0.0,0.0,0.0,0.0,0.0,0.0,0.0,0.0,0.0,0.0,0.0,0.0,0.0,0.0,0.0,0.0,0.0,,0.0,,,,,0.0,,,,,0.0,,,,,0.0,,,,,0.0,,,,,0.0,,,,,0.0,,,,,0.0,,,,,0.0,,,,,0.0,,,,,0.0,,,,,0.0,,,,,0.0,,,,0.0066839524242823245,0.0004945754240881268,0.006523062999804097,0.006387905999872601,0.006910705000336748,128.0,0.0,128.0,128.0,128.0,1.0,0.0,1.0,1.0,1.0
uniform_random,Uniform constrained random,128,no_disease_to_disease,near_boundary,34.0,0.10294117647058823,0.15664144371616043,0.0,0.0,0.17500000000000002,0.38235294117647056,0.4932702180563816,0.0,0.0,1.0,0.0,0.0,0.0,0.0,0.0,0.08823529411764708,0.14091627835156703,0.0,0.0,0.1,0.0,0.0,0.0,0.0,0.0,0.031883552527198426,0.008569842482119755,0.031106293201446533,0.025507831946015358,0.03488723933696747,0.6564102564102564,0.09756001103179339,0.6296296296296297,0.5555555555555556,0.7555555555555555,0.6564102564102564,0.09756001103179339,0.6296296296296297,0.5555555555555556,0.7555555555555555,0.027133445327098552,0.020157979993150364,0.037103742361068726,0.0,0.04098349064588547,0.3035294559513384,0.06402615655710626,0.3044353734275116,0.2616598551737685,0.3264497469447283,0.3035294559513384,0.06402615655710626,0.3044353734275116,0.2616598551737685,0.3264497469447283,0.7282051282051282,0.3814800984678828,1.0,0.6666666666666666,1.0,0.12205128205128207,0.10191262108385957,0.13333333333333333,0.0,0.2,0.9421433267587115,0.062055906116972676,0.9615384615384616,0.9230769230769231,1.0,0.9421433267587115,0.062055906116972676,0.9615384615384616,0.9230769230769231,1.0,0.9825193325193324,0.0299148484767418,0.9916666666666666,0.9821428571428572,1.0,1.0,0.0,1.0,1.0,1.0,0.28949908453684586,0.0829995932543697,0.29625052213668823,0.25657275319099426,0.3489295542240143,0.006617363352929447,0.00034517823826773434,0.006559738999840192,0.006371538750272521,0.006775899499643856,128.0,0.0,128.0,128.0,128.0,1.0,0.0,1.0,1.0,1.0
uniform_random,Uniform constrained random,256,disease_to_no_disease,high_confidence,33.0,0.0030303030303030303,0.01740776559556979,0.0,0.0,0.0,0.030303030303030304,0.1740776559556979,0.0,0.0,0.0,0.0,0.0,0.0,0.0,0.0,0.0030303030303030303,0.01740776559556979,0.0,0.0,0.0,0.0,0.0,0.0,0.0,0.0,0.10372079163789749,0.0,0.10372079163789749,0.10372079163789749,0.10372079163789749,0.4444444444444444,0.0,0.4444444444444444,0.4444444444444444,0.4444444444444444,0.4444444444444444,0.0,0.4444444444444444,0.4444444444444444,0.4444444444444444,0.0,0.0,0.0,0.0,0.0,0.2980273996227607,0.0,0.2980273996227607,0.2980273996227607,0.2980273996227607,0.2980273996227607,0.0,0.2980273996227607,0.2980273996227607,0.2980273996227607,1.0,0.0,1.0,1.0,1.0,0.6,0.0,0.6,0.6,0.6,0.9230769230769231,0.0,0.9230769230769231,0.9230769230769231,0.9230769230769231,0.9230769230769231,0.0,0.9230769230769231,0.9230769230769231,0.9230769230769231,1.0,0.0,1.0,1.0,1.0,1.0,0.0,1.0,1.0,1.0,0.17699968814849854,0.0,0.17699968814849854,0.17699968814849854,0.17699968814849854,0.01276376106067222,0.0025651866342317298,0.012222825000208104,0.011992724999799975,0.012665500000366592,256.0,0.0,256.0,256.0,256.0,2.0,0.0,2.0,2.0,2.0
uniform_random,Uniform constrained random,256,disease_to_no_disease,medium_confidence,33.0,0.05757575757575758,0.11997474481714637,0.0,0.0,0.1,0.3333333333333333,0.47871355387816905,0.0,0.0,1.0,0.0,0.0,0.0,0.0,0.0,0.05757575757575758,0.11997474481714637,0.0,0.0,0.1,0.0,0.0,0.0,0.0,0.0,0.04048573174937205,0.011534190234920597,0.04253612831234932,0.03201078996062279,0.04529046267271042,0.611111111111111,0.10376982019349557,0.5925925925925927,0.5555555555555556,0.6666666666666667,0.611111111111111,0.10376982019349557,0.5925925925925927,0.5555555555555556,0.6666666666666667,0.0144322815943848,0.024920784918761738,0.0,0.0,0.022601092234253883,0.3317815571778561,0.09680910437939416,0.31414692105343534,0.25569744049777565,0.4074501470075552,0.3317815571778561,0.09680910437939416,0.31414692105343534,0.25569744049777565,0.4074501470075552,0.8787878787878788,0.30813875924572515,1.0,1.0,1.0,0.9515151515151513,0.10259265336880864,1.0,0.9833333333333334,1.0,0.9408184408184408,0.08657257516768257,1.0,0.9230769230769231,1.0,0.9408184408184408,0.08657257516768257,1.0,0.9230769230769231,1.0,0.9932720057720058,0.009678983272773124,1.0,0.9844246031746031,1.0,1.0,0.0,1.0,1.0,1.0,0.246789043599909,0.11628391287111134,0.20163285732269287,0.180500328540802,0.2916930764913559,0.012517455393869815,0.0006125467403722312,0.012431455999831087,0.011971885000093607,0.012874089999968419,256.0,0.0,256.0,256.0,256.0,2.0,0.0,2.0,2.0,2.0
uniform_random,Uniform constrained random,256,disease_to_no_disease,near_boundary,34.0,0.5352941176470588,0.3043944340481621,0.5,0.3,0.8,0.9411764705882353,0.2388325736106129,1.0,1.0,1.0,0.11764705882352941,0.32703497008386434,0.0,0.0,0.0,0.5058823529411766,0.3014522189090752,0.5,0.3,0.8,0.058823529411764705,0.23883257361061289,0.0,0.0,0.0,0.04031072900397703,0.01019183011631001,0.03617425635457039,0.03291481453925371,0.045129175297915936,0.6257440476190477,0.08194489893674418,0.6444444444444445,0.5819444444444445,0.6875,0.6257440476190477,0.08194489893674418,0.6444444444444445,0.5819444444444445,0.6875,0.04127757210517302,0.009739106150534202,0.04282025620341301,0.03524511028081179,0.04719981923699379,0.31955577359841764,0.09194853067289654,0.33646577174088144,0.24603214342844704,0.378473324298052,0.31955577359841764,0.09194853067289654,0.33646577174088144,0.24603214342844704,0.378473324298052,0.8174479166666666,0.3045088248966918,1.0,0.7291666666666666,1.0,0.8611135912698413,0.08965485955111212,0.9,0.8000000000000002,0.9199999999999999,0.9080673277871554,0.08438528841819355,0.9245014245014245,0.8846153846153846,0.9711538461538461,0.9080673277871554,0.08438528841819355,0.9245014245014245,0.8846153846153846,0.9711538461538461,0.9873990355296158,0.013142736731852667,0.9915343915343915,0.9791666666666666,1.0,1.0,0.0,1.0,1.0,1.0,0.28008000226691365,0.09044216305269429,0.28226611018180847,0.21110942214727402,0.3381381258368492,0.013552400147144747,0.0010758412805789257,0.013482727500559122,0.012691519249983685,0.014237997000009273,256.0,0.0,256.0,256.0,256.0,2.0,0.0,2.0,2.0,2.0
uniform_random,Uniform constrained random,256,no_disease_to_disease,high_confidence,33.0,0.0,0.0,0.0,0.0,0.0,0.0,0.0,0.0,0.0,0.0,0.0,0.0,0.0,0.0,0.0,0.0,0.0,0.0,0.0,0.0,0.0,0.0,0.0,0.0,0.0,,0.0,,,,,0.0,,,,,0.0,,,,,0.0,,,,,0.0,,,,,0.0,,,,,0.0,,,,,0.0,,,,,0.0,,,,,0.0,,,,,0.0,,,,,0.0,,,,,0.0,,,,0.012260763242397154,0.0005045229811268401,0.012214889000460971,0.01188308499968116,0.01246636399991985,256.0,0.0,256.0,256.0,256.0,2.0,0.0,2.0,2.0,2.0
uniform_random,Uniform constrained random,256,no_disease_to_disease,medium_confidence,33.0,0.0030303030303030303,0.017407765595569787,0.0,0.0,0.0,0.030303030303030304,0.17407765595569785,0.0,0.0,0.0,0.0,0.0,0.0,0.0,0.0,0.0030303030303030303,0.017407765595569787,0.0,0.0,0.0,0.0,0.0,0.0,0.0,0.0,0.047862011939287186,0.0,0.047862011939287186,0.047862011939287186,0.047862011939287186,0.6666666666666667,0.0,0.6666666666666667,0.6666666666666667,0.6666666666666667,0.6666666666666667,0.0,0.6666666666666667,0.6666666666666667,0.6666666666666667,0.0,0.0,0.0,0.0,0.0,0.27364999342700375,0.0,0.27364999342700375,0.27364999342700375,0.27364999342700375,0.27364999342700375,0.0,0.27364999342700375,0.27364999342700375,0.27364999342700375,1.0,0.0,1.0,1.0,1.0,0.0,0.0,0.0,0.0,0.0,0.8846153846153846,0.0,0.8846153846153846,0.8846153846153846,0.8846153846153846,0.8846153846153846,0.0,0.8846153846153846,0.8846153846153846,0.8846153846153846,1.0,0.0,1.0,1.0,1.0,1.0,0.0,1.0,1.0,1.0,0.3995037376880646,0.0,0.3995037376880646,0.3995037376880646,0.3995037376880646,0.012756038848568674,0.0005656528733558135,0.012728353000056813,0.01234880200081534,0.012892403000478225,256.0,0.0,256.0,256.0,256.0,2.0,0.0,2.0,2.0,2.0
uniform_random,Uniform constrained random,256,no_disease_to_disease,near_boundary,34.0,0.23529411764705882,0.33109767206852697,0.0,0.0,0.375,0.4411764705882353,0.5039947372613783,0.0,0.0,1.0,0.029411764705882353,0.1714985851425087,0.0,0.0,0.0,0.2235294117647059,0.3210388662672932,0.0,0.0,0.375,0.029411764705882353,0.1714985851425087,0.0,0.0,0.0,0.03758109745879968,0.0071052662892695136,0.03791579604148865,0.03276885114610195,0.03990750014781952,0.6178982951205173,0.06715171987586076,0.5972222222222223,0.5555555555555556,0.6790123456790125,0.6178982951205173,0.06715171987586076,0.5972222222222223,0.5555555555555556,0.6790123456790125,0.03872851245105267,0.01738431065278438,0.04253976047039032,0.03638667054474354,0.049257827922701836,0.31091932332960653,0.06375795154162939,0.2953543832141531,0.27652380370394536,0.35228299098798976,0.31091932332960653,0.06375795154162939,0.2953543832141531,0.27652380370394536,0.35228299098798976,0.7789153439153439,0.2811028663346662,0.875,0.6190476190476191,1.0,0.13632804232804233,0.08113055880798783,0.13333333333333333,0.09285714285714286,0.1875,0.9229027081900644,0.10994084723360877,0.9629629629629629,0.886039886039886,1.0,0.9229027081900644,0.10994084723360877,0.9629629629629629,0.886039886039886,1.0,0.9795241695583956,0.03446854216578921,0.986111111111111,0.9808201058201058,1.0,1.0,0.0,1.0,1.0,1.0,0.2756792594989141,0.04993809268861468,0.26964932680130005,0.2416108101606369,0.3088626563549042,0.012952529058780141,0.0007419332066277395,0.012787011499767686,0.012389019749889485,0.013448488749872922,256.0,0.0,256.0,256.0,256.0,2.0,0.0,2.0,2.0,2.0
uniform_random,Uniform constrained random,512,disease_to_no_disease,high_confidence,33.0,0.042424242424242434,0.08671181807538922,0.0,0.0,0.1,0.2727272727272727,0.4522670168666455,0.0,0.0,1.0,0.0,0.0,0.0,0.0,0.0,0.042424242424242434,0.08671181807538922,0.0,0.0,0.1,0.0,0.0,0.0,0.0,0.0,0.0711036038895448,0.02267424235575101,0.06474854797124863,0.05648736283183098,0.08033694326877594,0.54320987654321,0.11377968266152326,0.5555555555555556,0.4444444444444444,0.6666666666666667,0.54320987654321,0.11377968266152326,0.5555555555555556,0.4444444444444444,0.6666666666666667,0.02286572050717142,0.03576221039753888,0.0,0.0,0.04670511558651924,0.3319098022303286,0.05254093518274083,0.3175946861771488,0.3121814447735283,0.34850894317173275,0.3319098022303286,0.05254093518274083,0.3175946861771488,0.3121814447735283,0.34850894317173275,0.3333333333333333,0.5,0.0,0.0,1.0,0.9444444444444444,0.07264831572567787,1.0,0.9,1.0,0.8888888888888888,0.14058789871449556,0.9230769230769231,0.8846153846153846,1.0,0.8888888888888888,0.14058789871449556,0.9230769230769231,0.8846153846153846,1.0,0.9974647266313933,0.005181362306875774,1.0,1.0,1.0,1.0,0.0,1.0,1.0,1.0,0.23714726832177904,0.11326755535139352,0.17932096123695374,0.16056779026985168,0.2668617069721222,0.02448680884845089,0.0009458447785502891,0.02431666199936444,0.02382589100034238,0.02500679599961586,512.0,0.0,512.0,512.0,512.0,4.0,0.0,4.0,4.0,4.0
uniform_random,Uniform constrained random,512,disease_to_no_disease,medium_confidence,33.0,0.3272727272727272,0.3659514374141118,0.2,0.0,0.5,0.696969696969697,0.46669372215943766,1.0,0.0,1.0,0.15151515151515152,0.36410954062720957,0.0,0.0,0.0,0.30606060606060603,0.3499458832621427,0.1,0.0,0.5,0.12121212121212122,0.33143398263980844,0.0,0.0,0.0,0.059801644443169884,0.014403289990856093,0.056170765310525894,0.04948665015399456,0.06737126782536507,0.543961352657005,0.0785455281019783,0.5555555555555556,0.49629629629629635,0.5833333333333333,0.543961352657005,0.0785455281019783,0.5555555555555556,0.49629629629629635,0.5833333333333333,0.04341609484475592,0.029850910185702424,0.05024681240320206,0.016148190945386887,0.06712017953395844,0.3658083670256988,0.0672121670248587,0.35827030724964615,0.3098671771020044,0.4072798419215444,0.3658083670256988,0.0672121670248587,0.35827030724964615,0.3098671771020044,0.4072798419215444,0.5981884057971014,0.3870044609416759,0.7,0.25,1.0,0.9200724637681162,0.07880496039620773,0.9333333333333332,0.8583333333333334,1.0,0.9166244383635685,0.08882060077160307,0.9393939393939394,0.905982905982906,0.9629629629629629,0.9166244383635685,0.08882060077160307,0.9393939393939394,0.905982905982906,0.9629629629629629,0.9909899199029633,0.014588846448971026,0.9972222222222221,0.9903273809523809,1.0,1.0,0.0,1.0,1.0,1.0,0.227801864237889,0.08607498220214421,0.20993494987487793,0.16778834909200668,0.28036363422870636,0.025306556818136552,0.002137235430087024,0.02512923199992656,0.02416745499976969,0.025394727000275452,512.0,0.0,512.0,512.0,512.0,4.0,0.0,4.0,4.0,4.0
uniform_random,Uniform constrained random,512,disease_to_no_disease,near_boundary,34.0,0.9117647058823529,0.1887192975348099,1.0,0.925,1.0,1.0,0.0,1.0,1.0,1.0,0.7352941176470589,0.44781107551989907,1.0,0.25,1.0,0.8676470588235294,0.19496788894164102,0.95,0.8,1.0,0.5,0.5075192189225523,0.5,0.0,1.0,0.04635023358551895,0.01795406574473115,0.04297163151204586,0.031209985725581646,0.055772759951651096,0.6288087457205104,0.10595014101636711,0.6416666666666666,0.5847222222222223,0.7111111111111112,0.6288087457205104,0.10595014101636711,0.6416666666666666,0.5847222222222223,0.7111111111111112,0.049542021335047835,0.011888040407862928,0.04623423330485821,0.041906632483005524,0.055744568817317486,0.3242764678009924,0.09781436704533608,0.34280903188320766,0.23489875361915932,0.38370626362647015,0.3242764678009924,0.09781436704533608,0.34280903188320766,0.23489875361915932,0.38370626362647015,0.7486227824463119,0.28105189637850797,0.8285714285714285,0.7,0.9,0.8570518207282913,0.063770200469791,0.86,0.8,0.9083333333333334,0.9081638142490069,0.07286915665070778,0.9230769230769231,0.8787878787878788,0.9696969696969697,0.9081638142490069,0.07286915665070778,0.9230769230769231,0.8787878787878788,0.9696969696969697,0.9881787306673511,0.010839021670620135,0.9922817460317461,0.9805654761904761,0.9958035714285713,1.0,0.0,1.0,1.0,1.0,0.3058062883860925,0.07572375369065802,0.29485633969306946,0.2459287904202938,0.37080585956573486,0.027921236911799284,0.0025574768433864275,0.028008626499740785,0.025539884999716378,0.029818228249951062,512.0,0.0,512.0,512.0,512.0,4.0,0.0,4.0,4.0,4.0
uniform_random,Uniform constrained random,512,no_disease_to_disease,high_confidence,33.0,0.0,0.0,0.0,0.0,0.0,0.0,0.0,0.0,0.0,0.0,0.0,0.0,0.0,0.0,0.0,0.0,0.0,0.0,0.0,0.0,0.0,0.0,0.0,0.0,0.0,,0.0,,,,,0.0,,,,,0.0,,,,,0.0,,,,,0.0,,,,,0.0,,,,,0.0,,,,,0.0,,,,,0.0,,,,,0.0,,,,,0.0,,,,,0.0,,,,,0.0,,,,0.0240805484849206,0.0007654804400965485,0.02378537100048561,0.02359727900056896,0.02431817900014721,512.0,0.0,512.0,512.0,512.0,4.0,0.0,4.0,4.0,4.0
uniform_random,Uniform constrained random,512,no_disease_to_disease,medium_confidence,33.0,0.0030303030303030303,0.01740776559556979,0.0,0.0,0.0,0.030303030303030304,0.1740776559556979,0.0,0.0,0.0,0.0,0.0,0.0,0.0,0.0,0.0030303030303030303,0.01740776559556979,0.0,0.0,0.0,0.0,0.0,0.0,0.0,0.0,0.10840525478124619,0.0,0.10840525478124619,0.10840525478124619,0.10840525478124619,0.4444444444444444,0.0,0.4444444444444444,0.4444444444444444,0.4444444444444444,0.4444444444444444,0.0,0.4444444444444444,0.4444444444444444,0.4444444444444444,0.0,0.0,0.0,0.0,0.0,0.30938963217202536,0.0,0.30938963217202536,0.30938963217202536,0.30938963217202536,0.30938963217202536,0.0,0.30938963217202536,0.30938963217202536,0.30938963217202536,0.0,0.0,0.0,0.0,0.0,0.2,0.0,0.2,0.2,0.2,0.7307692307692307,0.0,0.7307692307692307,0.7307692307692307,0.7307692307692307,0.7307692307692307,0.0,0.7307692307692307,0.7307692307692307,0.7307692307692307,1.0,0.0,1.0,1.0,1.0,1.0,0.0,1.0,1.0,1.0,0.10835777968168259,0.0,0.10835777968168259,0.10835777968168259,0.10835777968168259,0.024903024090924715,0.0013508959133190523,0.024821654000334092,0.0240053009993062,0.025322053999843774,512.0,0.0,512.0,512.0,512.0,4.0,0.0,4.0,4.0,4.0
uniform_random,Uniform constrained random,512,no_disease_to_disease,near_boundary,34.0,0.4529411764705882,0.47369296673897104,0.15000000000000002,0.0,1.0,0.6470588235294118,0.485071250072666,1.0,0.0,1.0,0.4117647058823529,0.49955416843564215,0.0,0.0,1.0,0.43823529411764706,0.46320013730721843,0.15000000000000002,0.0,1.0,0.29411764705882354,0.4624972900628804,0.0,0.0,1.0,0.045376274988732555,0.015785298133359583,0.04168965667486191,0.03257077652961016,0.0554110798984766,0.6191919191919192,0.09850032561752574,0.6555555555555557,0.5555555555555556,0.6777777777777778,0.6191919191919192,0.09850032561752574,0.6555555555555557,0.5555555555555556,0.6777777777777778,0.034101594662801785,0.020813928290810375,0.0397244393825531,0.029413908254355192,0.04578676540404558,0.3281161496390718,0.08199445980092426,0.32019986133024514,0.284211175849864,0.35532014684873725,0.3281161496390718,0.08199445980092426,0.32019986133024514,0.284211175849864,0.35532014684873725,0.7136363636363636,0.33423039465308463,0.8500000000000001,0.525,1.0,0.14090909090909093,0.10391888278428613,0.14,0.085,0.18000000000000002,0.9226118998846271,0.09764760934407483,0.9622507122507122,0.8802447552447552,1.0,0.9226118998846271,0.09764760934407483,0.9622507122507122,0.8802447552447552,1.0,0.9796992243867245,0.016473768697744865,0.9841071428571428,0.9671899801587303,0.9929563492063492,1.0,0.0,1.0,1.0,1.0,0.25728999654000456,0.08269470151437877,0.261592835187912,0.22598427534103394,0.30425987392663956,0.026050303911741887,0.002430870698726512,0.025084918499942432,0.02440109475060126,0.02733635074969243,512.0,0.0,512.0,512.0,512.0,4.0,0.0,4.0,4.0,4.0
uniform_random,Uniform constrained random,1024,disease_to_no_disease,high_confidence,33.0,0.30303030303030304,0.40037860869810504,0.0,0.0,0.7,0.45454545454545453,0.5056498968474316,0.0,0.0,1.0,0.15151515151515152,0.36410954062720957,0.0,0.0,0.0,0.28181818181818186,0.3876649209163642,0.0,0.0,0.7,0.09090909090909091,0.2919371040605711,0.0,0.0,0.0,0.09048296213150024,0.018626867377312135,0.089248888194561,0.07738887891173363,0.0966455228626728,0.48437389770723105,0.07788121953082021,0.48148148148148145,0.42724867724867727,0.5222222222222224,0.48437389770723105,0.07788121953082021,0.48148148148148145,0.42724867724867727,0.5222222222222224,0.07234618291258813,0.026343368619216358,0.07110758870840073,0.06534380093216896,0.08774840831756592,0.36564928919074097,0.06065754005335273,0.35494717972417805,0.3299616845142733,0.3900370862684638,0.36564928919074097,0.06065754005335273,0.35494717972417805,0.3299616845142733,0.3900370862684638,0.5128571428571429,0.4104719782128364,0.6,0.13392857142857142,0.8875,0.8517777777777779,0.11841959744147527,0.86,0.8,0.9291666666666667,0.901620686678158,0.09678882003383399,0.9393939393939394,0.8817016317016317,0.963527851458886,0.901620686678158,0.09678882003383399,0.9393939393939394,0.8817016317016317,0.963527851458886,0.9950409343742678,0.005625751280709185,0.9967948717948718,0.9925595238095237,1.0,1.0,0.0,1.0,1.0,1.0,0.25788534780343375,0.06352652484066679,0.25718632340431213,0.23556751757860184,0.28279897570610046,0.05771029166664283,0.04788941442575232,0.04884786599996005,0.048106473999723676,0.04981061899979977,1024.0,0.0,1024.0,1024.0,1024.0,8.0,0.0,8.0,8.0,8.0
uniform_random,Uniform constrained random,1024,disease_to_no_disease,medium_confidence,33.0,0.7151515151515151,0.3825254992490795,1.0,0.4,1.0,0.9090909090909091,0.2919371040605713,1.0,1.0,1.0,0.5454545454545454,0.5056498968474316,1.0,0.0,1.0,0.6848484848484848,0.36410954062720957,0.9,0.4,1.0,0.30303030303030304,0.46669372215943755,0.0,0.0,1.0,0.06962338214119275,0.020665858279072018,0.06701745837926865,0.05386302433907986,0.08102518878877163,0.5470473251028807,0.09140150910646533,0.5339506172839507,0.48333333333333334,0.6,0.5470473251028807,0.09140150910646533,0.5339506172839507,0.48333333333333334,0.6,0.06038237859805425,0.02415207108833704,0.06373704224824905,0.05281665734946728,0.07680483162403107,0.3952936008798055,0.07868071543674728,0.4178471732053799,0.33031625761040073,0.4505932604288496,0.3952936008798055,0.07868071543674728,0.4178471732053799,0.33031625761040073,0.4505932604288496,0.4290608465608465,0.3123292173419651,0.4,0.2,0.6916666666666667,0.8961851851851853,0.09074190840336115,0.9225000000000001,0.8400000000000001,0.9800000000000001,0.9226406118360141,0.06475611617022708,0.9393939393939394,0.8863636363636364,0.9648786717752236,0.9226406118360141,0.06475611617022708,0.9393939393939394,0.8863636363636364,0.9648786717752236,0.9933916962666962,0.007792900415779052,0.9969516594516594,0.9892604617604618,1.0,1.0,0.0,1.0,1.0,1.0,0.2399184872706731,0.0766740148866373,0.22681158035993576,0.1886412352323532,0.2816625088453293,0.050860336818142525,0.0033123369992717386,0.050054326000463334,0.04862719499942614,0.05207422100011172,1024.0,0.0,1024.0,1024.0,1024.0,8.0,0.0,8.0,8.0,8.0
uniform_random,Uniform constrained random,1024,disease_to_no_disease,near_boundary,34.0,1.0,0.0,1.0,1.0,1.0,1.0,0.0,1.0,1.0,1.0,1.0,0.0,1.0,1.0,1.0,0.9411764705882353,0.08569730754521465,1.0,0.9,1.0,0.6176470588235294,0.4932702180563816,1.0,0.0,1.0,0.04163736570626497,0.015894448078576345,0.03546667657792568,0.03017099341377616,0.050582531839609146,0.684967320261438,0.09643407727725495,0.6944444444444445,0.6277777777777778,0.7666666666666668,0.684967320261438,0.09643407727725495,0.6944444444444445,0.6277777777777778,0.7666666666666668,0.04601428071584772,0.010692673943954314,0.042982134968042374,0.03863055258989334,0.051447915844619274,0.32019340497047605,0.09914626959526164,0.34875279675077,0.22672539022456625,0.38569806754165786,0.32019340497047605,0.09914626959526164,0.34875279675077,0.22672539022456625,0.38569806754165786,0.7558823529411764,0.29663892597974584,0.8500000000000001,0.7,1.0,0.8500000000000001,0.07788880963698616,0.8600000000000001,0.8049999999999999,0.9,0.9064171122994653,0.07012788379553506,0.9242424242424243,0.8787878787878788,0.9393939393939394,0.9064171122994653,0.07012788379553506,0.9242424242424243,0.8787878787878788,0.9393939393939394,0.983514663441134,0.014594552421473336,0.989484126984127,0.9766071428571428,0.9925,1.0,0.0,1.0,1.0,1.0,0.29778697779949975,0.07613085719381639,0.2963021397590637,0.2371196746826172,0.34090785682201385,0.05995053973524859,0.008132168878218458,0.05870500900027764,0.05316818874985074,0.06460179574992253,1024.0,0.0,1024.0,1024.0,1024.0,8.0,0.0,8.0,8.0,8.0
uniform_random,Uniform constrained random,1024,no_disease_to_disease,high_confidence,33.0,0.0,0.0,0.0,0.0,0.0,0.0,0.0,0.0,0.0,0.0,0.0,0.0,0.0,0.0,0.0,0.0,0.0,0.0,0.0,0.0,0.0,0.0,0.0,0.0,0.0,,0.0,,,,,0.0,,,,,0.0,,,,,0.0,,,,,0.0,,,,,0.0,,,,,0.0,,,,,0.0,,,,,0.0,,,,,0.0,,,,,0.0,,,,,0.0,,,,,0.0,,,,0.04796087972731171,0.0018761635960916857,0.04751918400052091,0.04700768199927552,0.04859208800007764,1024.0,0.0,1024.0,1024.0,1024.0,8.0,0.0,8.0,8.0,8.0
uniform_random,Uniform constrained random,1024,no_disease_to_disease,medium_confidence,33.0,0.06666666666666667,0.10801234497346435,0.0,0.0,0.1,0.36363636363636365,0.48850421045919706,0.0,0.0,1.0,0.0,0.0,0.0,0.0,0.0,0.06060606060606061,0.10588730430094634,0.0,0.0,0.1,0.0,0.0,0.0,0.0,0.0,0.10055049695074558,0.029356117485534513,0.0993017815053463,0.07822705991566181,0.12192877195775509,0.503858024691358,0.12152761076360712,0.5555555555555556,0.41666666666666663,0.5902777777777778,0.503858024691358,0.12152761076360712,0.5555555555555556,0.41666666666666663,0.5902777777777778,0.030388145707547665,0.034887976392804596,0.017604688182473183,0.0,0.05497374851256609,0.36736232803771646,0.08731047070516633,0.35322571537923064,0.2944244776984226,0.4350976580975728,0.36736232803771646,0.08731047070516633,0.35322571537923064,0.2944244776984226,0.4350976580975728,0.4791666666666667,0.45798885126036404,0.5,0.0,1.0,0.10833333333333334,0.09114867419815172,0.11666666666666667,0.0,0.2,0.8532763532763533,0.08355357989574383,0.8461538461538461,0.8269230769230769,0.9230769230769231,0.8532763532763533,0.08355357989574383,0.8461538461538461,0.8269230769230769,0.9230769230769231,0.9924512987012988,0.015525965878535893,1.0,0.9955357142857143,1.0,1.0,0.0,1.0,1.0,1.0,0.20688746062417826,0.06584110244313038,0.20731204003095627,0.16556905955076218,0.2507242448627949,0.049075788000030145,0.00233577138070874,0.04828519599959691,0.047529880000183766,0.05027180000070075,1024.0,0.0,1024.0,1024.0,1024.0,8.0,0.0,8.0,8.0,8.0
uniform_random,Uniform constrained random,1024,no_disease_to_disease,near_boundary,34.0,0.6823529411764706,0.4003563475094249,0.95,0.3,1.0,0.8823529411764706,0.32703497008386434,1.0,1.0,1.0,0.5,0.5075192189225523,0.5,0.0,1.0,0.6705882352941177,0.3958339196918445,0.9,0.3,1.0,0.4411764705882353,0.5039947372613782,0.0,0.0,1.0,0.06185796869297822,0.030894096265906057,0.06304652616381645,0.032574620097875595,0.08466608263552189,0.5692181069958848,0.16249398226116987,0.5666666666666667,0.462037037037037,0.7000000000000001,0.5692181069958848,0.16249398226116987,0.5666666666666667,0.462037037037037,0.7000000000000001,0.05244788601994514,0.02768220504300314,0.04686984047293663,0.03485597763210535,0.06943326815962791,0.36591653327788803,0.09137411227480692,0.3400847916481852,0.31202201265595814,0.4372640281851672,0.36591653327788803,0.09137411227480692,0.3400847916481852,0.31202201265595814,0.4372640281851672,0.6108333333333332,0.31239161594282033,0.6458333333333333,0.42500000000000004,0.9,0.14529629629629634,0.06978998071135437,0.13666666666666666,0.09166666666666667,0.2,0.89010101010101,0.08064726947489204,0.9090909090909091,0.8475783475783476,0.9393939393939394,0.89010101010101,0.08064726947489204,0.9090909090909091,0.8475783475783476,0.9393939393939394,0.9868057025279248,0.01402045216580843,0.9897483766233767,0.9767129629629628,1.0,1.0,0.0,1.0,1.0,1.0,0.276179076731205,0.0778260736828551,0.2701936513185501,0.22073468565940857,0.3222929611802101,0.05310510814706504,0.006105098797959077,0.050486031000218645,0.048539537250007925,0.05664619049957764,1024.0,0.0,1024.0,1024.0,1024.0,8.0,0.0,8.0,8.0,8.0
wachter_style,Custom Wachter-style gradient,128,disease_to_no_disease,high_confidence,33.0,0.0,0.0,0.0,0.0,0.0,0.0,0.0,0.0,0.0,0.0,0.0,0.0,0.0,0.0,0.0,0.0,0.0,0.0,0.0,0.0,0.0,0.0,0.0,0.0,0.0,,0.0,,,,,0.0,,,,,0.0,,,,,0.0,,,,,0.0,,,,,0.0,,,,,0.0,,,,,0.0,,,,,0.0,,,,,0.0,,,,,0.0,,,,,0.0,,,,,0.0,,,,0.018144072424244467,0.0006800585172894109,0.018086674999722163,0.017709104000459774,0.018416468999930657,128.0,0.0,128.0,128.0,128.0,1.0,0.0,1.0,1.0,1.0
wachter_style,Custom Wachter-style gradient,128,disease_to_no_disease,medium_confidence,33.0,0.0,0.0,0.0,0.0,0.0,0.0,0.0,0.0,0.0,0.0,0.0,0.0,0.0,0.0,0.0,0.0,0.0,0.0,0.0,0.0,0.0,0.0,0.0,0.0,0.0,,0.0,,,,,0.0,,,,,0.0,,,,,0.0,,,,,0.0,,,,,0.0,,,,,0.0,,,,,0.0,,,,,0.0,,,,,0.0,,,,,0.0,,,,,0.0,,,,,0.0,,,,0.01839631703034794,0.0008296723874256752,0.01826010700006009,0.017757457000698196,0.01894568999978219,128.0,0.0,128.0,128.0,128.0,1.0,0.0,1.0,1.0,1.0
wachter_style,Custom Wachter-style gradient,128,disease_to_no_disease,near_boundary,34.0,0.017647058823529415,0.03869529949759474,0.0,0.0,0.0,0.17647058823529413,0.3869529949759475,0.0,0.0,0.0,0.0,0.0,0.0,0.0,0.0,0.017647058823529415,0.03869529949759474,0.0,0.0,0.0,0.0,0.0,0.0,0.0,0.0,0.019586515923341114,0.01153531008391636,0.012795369606465101,0.012678931700065732,0.022953034844249487,0.7222222222222222,0.09296222517045283,0.7777777777777778,0.6944444444444445,0.7777777777777778,0.7222222222222222,0.09296222517045283,0.7777777777777778,0.6944444444444445,0.7777777777777778,0.0,0.0,0.0,0.0,0.0,0.20899726053997872,0.10764211766276072,0.16549097725848566,0.13448384511027875,0.29429167156053715,0.20899726053997872,0.10764211766276072,0.16549097725848566,0.13448384511027875,0.29429167156053715,0.8333333333333334,0.408248290463863,1.0,1.0,1.0,0.7999999999999999,0.1788854381999832,0.8,0.65,0.95,1.0,0.0,1.0,1.0,1.0,1.0,0.0,1.0,1.0,1.0,1.0,0.0,1.0,1.0,1.0,1.0,0.0,1.0,1.0,1.0,0.2210073173046112,0.1277598221748142,0.1606733500957489,0.13436740636825562,0.3022790998220444,0.018168608853022093,0.0008137750628227918,0.018041338000330143,0.01765302150010939,0.018458447999819327,128.0,0.0,128.0,128.0,128.0,1.0,0.0,1.0,1.0,1.0
wachter_style,Custom Wachter-style gradient,128,no_disease_to_disease,high_confidence,33.0,0.0,0.0,0.0,0.0,0.0,0.0,0.0,0.0,0.0,0.0,0.0,0.0,0.0,0.0,0.0,0.0,0.0,0.0,0.0,0.0,0.0,0.0,0.0,0.0,0.0,,0.0,,,,,0.0,,,,,0.0,,,,,0.0,,,,,0.0,,,,,0.0,,,,,0.0,,,,,0.0,,,,,0.0,,,,,0.0,,,,,0.0,,,,,0.0,,,,,0.0,,,,0.018056287969722525,0.0007261703870816299,0.017985271000725334,0.017551615000229503,0.018446081999172748,128.0,0.0,128.0,128.0,128.0,1.0,0.0,1.0,1.0,1.0
wachter_style,Custom Wachter-style gradient,128,no_disease_to_disease,medium_confidence,33.0,0.0,0.0,0.0,0.0,0.0,0.0,0.0,0.0,0.0,0.0,0.0,0.0,0.0,0.0,0.0,0.0,0.0,0.0,0.0,0.0,0.0,0.0,0.0,0.0,0.0,,0.0,,,,,0.0,,,,,0.0,,,,,0.0,,,,,0.0,,,,,0.0,,,,,0.0,,,,,0.0,,,,,0.0,,,,,0.0,,,,,0.0,,,,,0.0,,,,,0.0,,,,0.018149882424206062,0.0007523864473670568,0.018071464999593445,0.017469782999796735,0.01847944200017082,128.0,0.0,128.0,128.0,128.0,1.0,0.0,1.0,1.0,1.0
wachter_style,Custom Wachter-style gradient,128,no_disease_to_disease,near_boundary,34.0,0.008823529411764707,0.028790224128123657,0.0,0.0,0.0,0.08823529411764706,0.2879022412812365,0.0,0.0,0.0,0.0,0.0,0.0,0.0,0.0,0.008823529411764707,0.028790224128123657,0.0,0.0,0.0,0.0,0.0,0.0,0.0,0.0,0.012663550054033598,0.00014565044848761935,0.012665080837905407,0.012591110542416573,0.012736754957586527,0.7777777777777778,0.0,0.7777777777777778,0.7777777777777778,0.7777777777777778,0.7777777777777778,0.0,0.7777777777777778,0.7777777777777778,0.7777777777777778,0.0,0.0,0.0,0.0,0.0,0.24772652750410384,0.04324809067239896,0.254561380303819,0.2280146843549744,0.2708557970530908,0.24772652750410384,0.04324809067239896,0.254561380303819,0.2280146843549744,0.2708557970530908,1.0,0.0,1.0,1.0,1.0,0.06666666666666667,0.11547005383792518,0.0,0.0,0.1,1.0,0.0,1.0,1.0,1.0,1.0,0.0,1.0,1.0,1.0,0.8930555555555556,0.134779483821757,0.9375,0.8395833333333333,0.96875,1.0,0.0,1.0,1.0,1.0,0.25287380814552307,0.04172236689916972,0.23051896691322327,0.22880570590496063,0.2657644897699356,0.01818417502935892,0.0006528476760300329,0.018024756000613706,0.017755824249888974,0.018577597749981578,128.0,0.0,128.0,128.0,128.0,1.0,0.0,1.0,1.0,1.0
wachter_style,Custom Wachter-style gradient,256,disease_to_no_disease,high_confidence,33.0,0.0,0.0,0.0,0.0,0.0,0.0,0.0,0.0,0.0,0.0,0.0,0.0,0.0,0.0,0.0,0.0,0.0,0.0,0.0,0.0,0.0,0.0,0.0,0.0,0.0,,0.0,,,,,0.0,,,,,0.0,,,,,0.0,,,,,0.0,,,,,0.0,,,,,0.0,,,,,0.0,,,,,0.0,,,,,0.0,,,,,0.0,,,,,0.0,,,,,0.0,,,,0.03181741012124831,0.0011163245871406108,0.031649017000745516,0.030795198999840068,0.03259517100013909,256.0,0.0,256.0,256.0,256.0,1.0,0.0,1.0,1.0,1.0
wachter_style,Custom Wachter-style gradient,256,disease_to_no_disease,medium_confidence,33.0,0.0030303030303030303,0.017407765595569787,0.0,0.0,0.0,0.030303030303030304,0.17407765595569788,0.0,0.0,0.0,0.0,0.0,0.0,0.0,0.0,0.0030303030303030303,0.017407765595569787,0.0,0.0,0.0,0.0,0.0,0.0,0.0,0.0,0.022404851391911507,0.0,0.022404851391911507,0.022404851391911507,0.022404851391911507,0.5555555555555556,0.0,0.5555555555555556,0.5555555555555556,0.5555555555555556,0.5555555555555556,0.0,0.5555555555555556,0.5555555555555556,0.5555555555555556,0.0,0.0,0.0,0.0,0.0,0.22695024639276756,0.0,0.22695024639276756,0.22695024639276756,0.22695024639276756,0.22695024639276756,0.0,0.22695024639276756,0.22695024639276756,0.22695024639276756,1.0,0.0,1.0,1.0,1.0,0.8,0.0,0.8,0.8,0.8,1.0,0.0,1.0,1.0,1.0,1.0,0.0,1.0,1.0,1.0,1.0,0.0,1.0,1.0,1.0,1.0,0.0,1.0,1.0,1.0,0.14238038659095764,0.0,0.14238038659095764,0.14238038659095764,0.14238038659095764,0.03247772096967145,0.001640557978248717,0.03262082199944416,0.031201605000205745,0.03313120999973762,256.0,0.0,256.0,256.0,256.0,1.0,0.0,1.0,1.0,1.0
wachter_style,Custom Wachter-style gradient,256,disease_to_no_disease,near_boundary,34.0,0.0735294117647059,0.051101939294350585,0.1,0.0,0.1,0.7058823529411765,0.4624972900628804,1.0,0.0,1.0,0.0,0.0,0.0,0.0,0.0,0.0735294117647059,0.051101939294350585,0.1,0.0,0.1,0.0,0.0,0.0,0.0,0.0,0.025895331093731027,0.01697551377912587,0.020452789030969143,0.014506797771900892,0.03271298483014107,0.6435185185185185,0.12680967715750577,0.6666666666666667,0.5555555555555556,0.7777777777777778,0.6435185185185185,0.12680967715750577,0.6666666666666667,0.5555555555555556,0.7777777777777778,0.001912240715076526,0.009368028034624646,0.0,0.0,0.0,0.25268744035106644,0.10906492125838159,0.27952296733819504,0.17831773470001605,0.3345000782120603,0.25268744035106644,0.10906492125838159,0.27952296733819504,0.17831773470001605,0.3345000782120603,0.875,0.3378319623460881,1.0,1.0,1.0,0.8375,0.1739877556911255,0.8500000000000001,0.6,1.0,0.9583333333333334,0.06407468736104029,1.0,0.9230769230769231,1.0,0.9583333333333334,0.06407468736104029,1.0,0.9230769230769231,1.0,0.987251984126984,0.031179448935471626,1.0,1.0,1.0,1.0,0.0,1.0,1.0,1.0,0.3160106937090556,0.12592521444245391,0.3224187642335892,0.23900330066680908,0.4008861184120178,0.031941197676427266,0.00083870053105899,0.03185590799967031,0.03149773175005066,0.032328252499610244,256.0,0.0,256.0,256.0,256.0,1.0,0.0,1.0,1.0,1.0
wachter_style,Custom Wachter-style gradient,256,no_disease_to_disease,high_confidence,33.0,0.0,0.0,0.0,0.0,0.0,0.0,0.0,0.0,0.0,0.0,0.0,0.0,0.0,0.0,0.0,0.0,0.0,0.0,0.0,0.0,0.0,0.0,0.0,0.0,0.0,,0.0,,,,,0.0,,,,,0.0,,,,,0.0,,,,,0.0,,,,,0.0,,,,,0.0,,,,,0.0,,,,,0.0,,,,,0.0,,,,,0.0,,,,,0.0,,,,,0.0,,,,0.0317329155455313,0.0011596177618474171,0.0316420389999621,0.0309337280004911,0.032354306999877736,256.0,0.0,256.0,256.0,256.0,1.0,0.0,1.0,1.0,1.0
wachter_style,Custom Wachter-style gradient,256,no_disease_to_disease,medium_confidence,33.0,0.0,0.0,0.0,0.0,0.0,0.0,0.0,0.0,0.0,0.0,0.0,0.0,0.0,0.0,0.0,0.0,0.0,0.0,0.0,0.0,0.0,0.0,0.0,0.0,0.0,,0.0,,,,,0.0,,,,,0.0,,,,,0.0,,,,,0.0,,,,,0.0,,,,,0.0,,,,,0.0,,,,,0.0,,,,,0.0,,,,,0.0,,,,,0.0,,,,,0.0,,,,0.03211664881818058,0.00196400132186536,0.03187483900001098,0.031118140000216954,0.03276285099946108,256.0,0.0,256.0,256.0,256.0,1.0,0.0,1.0,1.0,1.0
wachter_style,Custom Wachter-style gradient,256,no_disease_to_disease,near_boundary,34.0,0.03823529411764706,0.06520227678843524,0.0,0.0,0.1,0.29411764705882354,0.4624972900628804,0.0,0.0,1.0,0.0,0.0,0.0,0.0,0.0,0.03823529411764706,0.06520227678843524,0.0,0.0,0.1,0.0,0.0,0.0,0.0,0.0,0.02237670896574855,0.0078037946402755905,0.020885285921394825,0.014750140719115734,0.030022147577255964,0.6277777777777778,0.10159901277292743,0.6111111111111112,0.5694444444444444,0.6666666666666667,0.6277777777777778,0.10159901277292743,0.6111111111111112,0.5694444444444444,0.6666666666666667,0.0065999127924442295,0.010627253027836844,0.0,0.0,0.016392309218645096,0.28912106413435545,0.06783777257363514,0.2891173716485213,0.27298739791025156,0.32196997180134007,0.28912106413435545,0.06783777257363514,0.2891173716485213,0.27298739791025156,0.32196997180134007,0.8,0.42163702135578396,1.0,1.0,1.0,0.12999999999999998,0.15670212364724212,0.1,0.0,0.17500000000000002,0.9923076923076923,0.024325212770525982,1.0,1.0,1.0,0.9923076923076923,0.024325212770525982,1.0,1.0,1.0,0.9911111111111112,0.023635608206869593,1.0,1.0,1.0,1.0,0.0,1.0,1.0,1.0,0.3265509828925133,0.17501993621690753,0.2895907014608383,0.18656830489635468,0.436408206820488,0.03208045397053973,0.001051443984174376,0.03220649449986013,0.031202995999819905,0.032711796500052515,256.0,0.0,256.0,256.0,256.0,1.0,0.0,1.0,1.0,1.0
wachter_style,Custom Wachter-style gradient,512,disease_to_no_disease,high_confidence,33.0,0.1181818181818182,0.14885929903466197,0.0,0.0,0.2,0.48484848484848486,0.5075192189225524,0.0,0.0,1.0,0.0,0.0,0.0,0.0,0.0,0.11515151515151516,0.15025231304628084,0.0,0.0,0.2,0.0,0.0,0.0,0.0,0.0,0.09325604629702866,0.0276926261387876,0.09003214538097382,0.07744566164910793,0.1012153085321188,0.4513888888888889,0.14735513062725877,0.46296296296296297,0.375,0.5277777777777778,0.4513888888888889,0.14735513062725877,0.46296296296296297,0.375,0.5277777777777778,0.03673205361701548,0.02477195016022019,0.04373909719288349,0.017030498944222927,0.04767889901995659,0.3333697049636216,0.06244220480524656,0.3332066956675434,0.2970657417531073,0.3828270014674443,0.3333697049636216,0.06244220480524656,0.3332066956675434,0.2970657417531073,0.3828270014674443,0.65625,0.4732423621500228,1.0,0.0,1.0,0.8722916666666667,0.11189756393601612,0.8833333333333333,0.8,1.0,0.9259259259259259,0.08484736746109253,0.9437321937321937,0.9134615384615385,1.0,0.9259259259259259,0.08484736746109253,0.9437321937321937,0.9134615384615385,1.0,0.9926096906565657,0.01520185710755019,1.0,0.9920454545454547,1.0,1.0,0.0,1.0,1.0,1.0,0.3159961234778166,0.11832365840797178,0.3389177620410919,0.2396765872836113,0.364443376660347,0.05929603133322279,0.004131811031954144,0.05881549700006872,0.05709678400035045,0.05982061899976543,512.0,0.0,512.0,512.0,512.0,1.0,0.0,1.0,1.0,1.0
wachter_style,Custom Wachter-style gradient,512,disease_to_no_disease,medium_confidence,33.0,0.30000000000000004,0.1920286436967152,0.3,0.2,0.4,0.8787878787878788,0.3314339826398083,1.0,1.0,1.0,0.0,0.0,0.0,0.0,0.0,0.30000000000000004,0.1920286436967152,0.3,0.2,0.4,0.0,0.0,0.0,0.0,0.0,0.09182377005445547,0.033945004069778295,0.07626165449619293,0.07149593532085419,0.09776522219181061,0.44892355409596796,0.1209015782491993,0.4444444444444444,0.3888888888888889,0.5555555555555556,0.44892355409596796,0.1209015782491993,0.4444444444444444,0.3888888888888889,0.5555555555555556,0.04451790785995023,0.02067629865526763,0.04434159770607948,0.04361167550086975,0.05818527936935425,0.3693280168618641,0.07760878756019415,0.3732078280466559,0.3217938678181607,0.4132261493553931,0.3693280168618641,0.07760878756019415,0.3732078280466559,0.3217938678181607,0.4132261493553931,0.5964696223316913,0.46737530392657983,1.0,0.0,1.0,0.9173234811165843,0.09565583670690567,0.9,0.8666666666666667,1.0,0.9514195893506238,0.06300367841622222,0.9629629629629629,0.9259259259259259,1.0,0.9514195893506238,0.06300367841622222,0.9629629629629629,0.9259259259259259,1.0,0.9948141417969004,0.009686514919756114,1.0,0.994949494949495,1.0,1.0,0.0,1.0,1.0,1.0,0.455942132349672,0.24948737089953782,0.43225187063217163,0.25097131729125977,0.605330228805542,0.05898292100005854,0.0018178991716360285,0.05950354900051025,0.057714272000339406,0.060057458999835944,512.0,0.0,512.0,512.0,512.0,1.0,0.0,1.0,1.0,1.0
wachter_style,Custom Wachter-style gradient,512,disease_to_no_disease,near_boundary,34.0,0.4441176470588235,0.22722459383345975,0.4,0.325,0.5,1.0,0.0,1.0,1.0,1.0,0.08823529411764706,0.2879022412812364,0.0,0.0,0.0,0.44117647058823534,0.22444226774563245,0.4,0.325,0.5,0.08823529411764706,0.2879022412812364,0.0,0.0,0.0,0.07525065371437985,0.02156688645485284,0.0748751312494278,0.05805797129869461,0.08943772129714489,0.5267934951758482,0.13304636154967722,0.5277777777777778,0.45138888888888884,0.640873015873016,0.5267934951758482,0.13304636154967722,0.5277777777777778,0.45138888888888884,0.640873015873016,0.05603524867226096,0.016337007865641212,0.05813145078718662,0.043927318416535854,0.06460334919393063,0.3094018208844376,0.10789938397322525,0.32657559160961513,0.23920638209945844,0.3863008291280782,0.3094018208844376,0.10789938397322525,0.32657559160961513,0.23920638209945844,0.3863008291280782,0.7644957983193277,0.3482196316344776,1.0,0.525,1.0,0.8647549019607842,0.1112056156329643,0.8999999999999999,0.8,0.9575,0.9477484051520563,0.062433400520407877,0.9622507122507122,0.9230769230769231,1.0,0.9477484051520563,0.062433400520407877,0.9622507122507122,0.9230769230769231,1.0,0.9972168150476974,0.007526904630165421,1.0,1.0,1.0,1.0,0.0,1.0,1.0,1.0,0.8197723627090454,0.315676189015444,0.8029235601425171,0.5931284427642822,1.073592633008957,0.05851567017656206,0.0016542119860035258,0.05827447499996197,0.0571667042502213,0.05964056674974927,512.0,0.0,512.0,512.0,512.0,1.0,0.0,1.0,1.0,1.0
wachter_style,Custom Wachter-style gradient,512,no_disease_to_disease,high_confidence,33.0,0.0,0.0,0.0,0.0,0.0,0.0,0.0,0.0,0.0,0.0,0.0,0.0,0.0,0.0,0.0,0.0,0.0,0.0,0.0,0.0,0.0,0.0,0.0,0.0,0.0,,0.0,,,,,0.0,,,,,0.0,,,,,0.0,,,,,0.0,,,,,0.0,,,,,0.0,,,,,0.0,,,,,0.0,,,,,0.0,,,,,0.0,,,,,0.0,,,,,0.0,,,,0.05881271060614822,0.002681489027984723,0.05799972000022535,0.05686329299987847,0.060367126000528515,512.0,0.0,512.0,512.0,512.0,1.0,0.0,1.0,1.0,1.0
wachter_style,Custom Wachter-style gradient,512,no_disease_to_disease,medium_confidence,33.0,0.04242424242424242,0.10905933886623091,0.0,0.0,0.0,0.18181818181818182,0.39167472590032,0.0,0.0,0.0,0.0,0.0,0.0,0.0,0.0,0.04242424242424242,0.10905933886623091,0.0,0.0,0.0,0.0,0.0,0.0,0.0,0.0,0.13712063059210777,0.03310892312492262,0.14111364632844925,0.10878234915435314,0.15662535279989243,0.30864197530864196,0.1312944244063745,0.25,0.2222222222222222,0.4027777777777778,0.30864197530864196,0.1312944244063745,0.25,0.2222222222222222,0.4027777777777778,0.03158795771499475,0.03503732581373277,0.029071375727653503,0.0,0.05816065799444914,0.3628051701554418,0.06602713336044475,0.36425757546655246,0.3476521401134768,0.38718052752491205,0.3628051701554418,0.06602713336044475,0.36425757546655246,0.3476521401134768,0.38718052752491205,0.3333333333333333,0.5163977794943223,0.0,0.0,0.75,0.10833333333333335,0.10206207261596575,0.125,0.0125,0.2,0.8212250712250713,0.1260623399008847,0.8653846153846154,0.7596153846153846,0.8878205128205128,0.8212250712250713,0.1260623399008847,0.8653846153846154,0.7596153846153846,0.8878205128205128,0.9935865060865061,0.007659868347468156,0.9951923076923077,0.989729020979021,1.0,1.0,0.0,1.0,1.0,1.0,0.21352872997522354,0.06220180859698788,0.19901255518198013,0.16712308302521706,0.24608388915657997,0.059700556121187576,0.003055593742851078,0.05919987500055868,0.057755824999730976,0.061061954999786394,512.0,0.0,512.0,512.0,512.0,1.0,0.0,1.0,1.0,1.0
wachter_style,Custom Wachter-style gradient,512,no_disease_to_disease,near_boundary,34.0,0.23235294117647057,0.20702889307254901,0.2,0.025,0.4,0.7352941176470589,0.44781107551989907,1.0,0.25,1.0,0.0,0.0,0.0,0.0,0.0,0.23235294117647057,0.20702889307254901,0.2,0.025,0.4,0.0,0.0,0.0,0.0,0.0,0.07236514329910278,0.028615797168512595,0.06599024683237076,0.04783190041780472,0.0946139246225357,0.47817460317460325,0.11114260072804237,0.5,0.3888888888888889,0.5555555555555556,0.47817460317460325,0.11114260072804237,0.5,0.3888888888888889,0.5555555555555556,0.042748090475797654,0.019562444161162772,0.04510623961687088,0.02435881458222866,0.05819668248295784,0.3399697834263658,0.07033253090364852,0.33171327675255774,0.29975736092854705,0.3794360859600321,0.3399697834263658,0.07033253090364852,0.33171327675255774,0.29975736092854705,0.3794360859600321,0.6821428571428573,0.45374949635473627,1.0,0.0,1.0,0.14771428571428571,0.11048679478389052,0.10000000000000002,0.1,0.2,0.9129796640141467,0.06946333639201231,0.9230769230769231,0.8846153846153846,0.9629629629629629,0.9129796640141467,0.06946333639201231,0.9230769230769231,0.8846153846153846,0.9629629629629629,0.9920171726421727,0.011150521719900018,0.9976851851851851,0.9861111111111112,1.0,1.0,0.0,1.0,1.0,1.0,0.49798893988132475,0.2493471631494903,0.42230120301246643,0.31169939041137695,0.6816583871841431,0.059601231882371555,0.004097839028308905,0.058481052000388445,0.05750627999987046,0.059820075249717775,512.0,0.0,512.0,512.0,512.0,1.0,0.0,1.0,1.0,1.0
wachter_style,Custom Wachter-style gradient,1024,disease_to_no_disease,high_confidence,33.0,0.16969696969696968,0.19443001389453815,0.1,0.0,0.3,0.5757575757575758,0.5018903659106633,1.0,0.0,1.0,0.0,0.0,0.0,0.0,0.0,0.16969696969696968,0.19443001389453815,0.1,0.0,0.3,0.0,0.0,0.0,0.0,0.0,0.10173852859359038,0.029824951604616734,0.09124593436717987,0.08046877756714821,0.11678589880466461,0.4720412141464774,0.1464196705706234,0.5,0.37962962962962965,0.5714285714285714,0.4720412141464774,0.1464196705706234,0.5,0.37962962962962965,0.5714285714285714,0.03822321660424534,0.027248780791684062,0.04440912976861,0.011662168428301811,0.061440061777830124,0.3621222866510562,0.08797720120024594,0.3492180827354927,0.30229434850799763,0.39796915607599714,0.3621222866510562,0.08797720120024594,0.3492180827354927,0.30229434850799763,0.39796915607599714,0.6205513784461152,0.4648302399876773,1.0,0.0,1.0,0.8772431077694236,0.10503026941917629,0.9,0.8,0.98,0.9520607442567515,0.04575988261402983,0.9615384615384616,0.9230769230769231,1.0,0.9520607442567515,0.04575988261402983,0.9615384615384616,0.9230769230769231,1.0,0.9912385129490392,0.01890033712503624,1.0,1.0,1.0,1.0,0.0,1.0,1.0,1.0,0.393913524715524,0.14729191736658412,0.3736828863620758,0.33977822959423065,0.4492008835077286,0.11127848554541274,0.0036731944535222686,0.11083294899981411,0.10868329200002336,0.11342703300033463,1024.0,0.0,1024.0,1024.0,1024.0,1.0,0.0,1.0,1.0,1.0
wachter_style,Custom Wachter-style gradient,1024,disease_to_no_disease,medium_confidence,33.0,0.3393939393939394,0.21497004724407823,0.3,0.2,0.4,0.8787878787878788,0.3314339826398083,1.0,1.0,1.0,0.0,0.0,0.0,0.0,0.0,0.3393939393939394,0.21497004724407823,0.3,0.2,0.4,0.0,0.0,0.0,0.0,0.0,0.09379744593953264,0.029416987995662686,0.08684955537319183,0.07869809865951538,0.10957954078912735,0.47452107279693495,0.10623638132731407,0.5,0.4166666666666667,0.5555555555555556,0.47452107279693495,0.10623638132731407,0.5,0.4166666666666667,0.5555555555555556,0.05581526381188426,0.02127852655134197,0.053599435836076736,0.04763294756412506,0.06978880614042282,0.39167082843361656,0.08482817527077442,0.37973806443632463,0.34889868250369893,0.4452832288513801,0.39167082843361656,0.08482817527077442,0.37973806443632463,0.34889868250369893,0.4452832288513801,0.41954022988505746,0.45411083023994825,0.25,0.0,1.0,0.8802298850574712,0.08975796836220237,0.9,0.8000000000000002,0.95,0.9605560467629433,0.05466144340469175,1.0,0.9259259259259259,1.0,0.9605560467629433,0.05466144340469175,1.0,0.9259259259259259,1.0,0.9910050597550597,0.012896920451699316,1.0,0.9830808080808081,1.0,1.0,0.0,1.0,1.0,1.0,0.6332713730376343,0.39453234309398505,0.5629491209983826,0.36274057626724243,0.8034380674362183,0.11281895563625409,0.004249244291072642,0.11291213000004063,0.10981327300032717,0.11598434500047006,1024.0,0.0,1024.0,1024.0,1024.0,1.0,0.0,1.0,1.0,1.0
wachter_style,Custom Wachter-style gradient,1024,disease_to_no_disease,near_boundary,34.0,0.4411764705882352,0.2324020120118709,0.4,0.3,0.5,1.0,0.0,1.0,1.0,1.0,0.08823529411764706,0.2879022412812366,0.0,0.0,0.0,0.4411764705882352,0.2324020120118709,0.4,0.3,0.5,0.08823529411764706,0.2879022412812366,0.0,0.0,0.0,0.08407245970824186,0.023351309392219365,0.08692434430122375,0.06707080826163292,0.09842974506318569,0.525985579416952,0.13103452515139163,0.5198412698412699,0.44753086419753085,0.6597222222222223,0.525985579416952,0.13103452515139163,0.5198412698412699,0.44753086419753085,0.6597222222222223,0.06153016011504566,0.01990822985934845,0.06043074652552605,0.04681062791496515,0.07338199578225613,0.3346604517751721,0.11068699150720544,0.34640056310533557,0.24482537674309418,0.4157591469124532,0.3346604517751721,0.11068699150720544,0.34640056310533557,0.24482537674309418,0.4157591469124532,0.6123482726423903,0.3947729602289181,0.6904761904761905,0.375,1.0,0.8742203548085901,0.09452958452467763,0.8900000000000001,0.8125,0.95,0.9278422388970057,0.06543396875106895,0.9259259259259259,0.8888888888888888,0.9924242424242424,0.9278422388970057,0.06543396875106895,0.9259259259259259,0.8888888888888888,0.9924242424242424,0.9969977553310888,0.005641202220664367,1.0,0.9965277777777778,1.0,1.0,0.0,1.0,1.0,1.0,1.0684685882400065,0.43186362136658407,0.9904458224773407,0.7990589439868927,1.3732874393463135,0.11187279002939142,0.005539594031092897,0.11094621150004969,0.1088467175002279,0.11393903500061242,1024.0,0.0,1024.0,1024.0,1024.0,1.0,0.0,1.0,1.0,1.0
wachter_style,Custom Wachter-style gradient,1024,no_disease_to_disease,high_confidence,33.0,0.015151515151515152,0.03641095406272095,0.0,0.0,0.0,0.15151515151515152,0.36410954062720957,0.0,0.0,0.0,0.0,0.0,0.0,0.0,0.0,0.012121212121212121,0.03314339826398087,0.0,0.0,0.0,0.0,0.0,0.0,0.0,0.0,0.16127172410488128,0.026892157366657145,0.16275238990783691,0.15164919197559357,0.17892901599407196,0.35555555555555557,0.09296222517045283,0.33333333333333337,0.33333333333333337,0.4444444444444444,0.35555555555555557,0.09296222517045283,0.33333333333333337,0.33333333333333337,0.4444444444444444,0.0,0.0,0.0,0.0,0.0,0.4212409211514377,0.08821818169748676,0.4009527017812147,0.3788507617060756,0.42938286409844484,0.4212409211514377,0.08821818169748676,0.4009527017812147,0.3788507617060756,0.42938286409844484,0.2,0.44721359549995804,0.0,0.0,0.0,0.16,0.08944271909999159,0.2,0.2,0.2,0.9307692307692308,0.05704768066996664,0.9230769230769231,0.9230769230769231,0.9615384615384616,0.9307692307692308,0.05704768066996664,0.9230769230769231,0.9230769230769231,0.9615384615384616,0.9923076923076923,0.012536927702312788,1.0,0.9903846153846154,1.0,1.0,0.0,1.0,1.0,1.0,0.1468472421169281,0.02726788137542173,0.13936588168144226,0.1338580995798111,0.16281944513320923,0.11279076290911964,0.004552258297221089,0.1108646669999871,0.10958034099985525,0.11561038300078508,1024.0,0.0,1024.0,1024.0,1024.0,1.0,0.0,1.0,1.0,1.0
wachter_style,Custom Wachter-style gradient,1024,no_disease_to_disease,medium_confidence,33.0,0.2212121212121212,0.20118022976546387,0.2,0.1,0.3,0.7575757575757576,0.4351941398892446,1.0,1.0,1.0,0.0,0.0,0.0,0.0,0.0,0.21818181818181817,0.2022599587389726,0.2,0.1,0.3,0.0,0.0,0.0,0.0,0.0,0.12216898918151856,0.02027610940965871,0.12185738235712051,0.10906859487295151,0.13839483261108398,0.4487407407407407,0.0824017198758632,0.4444444444444445,0.3888888888888889,0.5,0.4487407407407407,0.0824017198758632,0.4444444444444445,0.3888888888888889,0.5,0.050023343861103055,0.027295337378819895,0.04880394786596298,0.043821677565574646,0.061978716403245926,0.36013594403859345,0.06539404689133925,0.3595640319902024,0.2979992044919517,0.3912800108055594,0.36013594403859345,0.06539404689133925,0.3595640319902024,0.2979992044919517,0.3912800108055594,0.25,0.36324157862838946,0.0,0.0,0.5,0.1562666666666667,0.11170115553631553,0.13333333333333333,0.1,0.2,0.9449572649572648,0.06484335074110836,0.9629629629629629,0.9230769230769231,1.0,0.9449572649572648,0.06484335074110836,0.9629629629629629,0.9230769230769231,1.0,0.9928572816072816,0.009721200701525611,1.0,0.9831649831649832,1.0,1.0,0.0,1.0,1.0,1.0,0.43253741979599,0.20470801336528094,0.4612385630607605,0.22041207551956177,0.5097297430038452,0.11281726196965323,0.006313422658076483,0.11142588200073078,0.10851258899947425,0.11484075899988966,1024.0,0.0,1024.0,1024.0,1024.0,1.0,0.0,1.0,1.0,1.0
wachter_style,Custom Wachter-style gradient,1024,no_disease_to_disease,near_boundary,34.0,0.2941176470588235,0.23733517594269601,0.2,0.2,0.4,0.9117647058823529,0.2879022412812365,1.0,1.0,1.0,0.0,0.0,0.0,0.0,0.0,0.2941176470588235,0.23733517594269601,0.2,0.2,0.4,0.0,0.0,0.0,0.0,0.0,0.08659242514160372,0.025395514425411072,0.08827865868806839,0.0654139295220375,0.10068072378635406,0.47126642771804067,0.11026078819850833,0.48888888888888893,0.3888888888888889,0.5555555555555556,0.47126642771804067,0.11026078819850833,0.48888888888888893,0.3888888888888889,0.5555555555555556,0.051323468406354225,0.027305685382550116,0.05510781705379486,0.04473292827606201,0.06336096301674843,0.3868223028012949,0.0897549606766566,0.38461569653915306,0.3381739452674136,0.44371134554455105,0.3868223028012949,0.0897549606766566,0.38461569653915306,0.3381739452674136,0.44371134554455105,0.47114695340501794,0.41919582858782056,0.5,0.0,1.0,0.19215053763440862,0.12497306227731161,0.2,0.1,0.30000000000000004,0.9406396470912599,0.07667059787173897,0.9615384615384616,0.9245014245014245,1.0,0.9406396470912599,0.07667059787173897,0.9615384615384616,0.9245014245014245,1.0,0.9932757206950753,0.01246218916306016,1.0,0.9945601851851852,1.0,1.0,0.0,1.0,1.0,1.0,0.7338065250265983,0.3543298669858511,0.7080094218254089,0.4789709895849228,0.9369756579399109,0.11299286188239635,0.0057980104908452144,0.11325330900035624,0.10946742900000572,0.11500533124990397,1024.0,0.0,1024.0,1024.0,1024.0,1.0,0.0,1.0,1.0,1.0
